asn,operator,as_name,network_type,quarter,year,quarter_num,avg_d_mbps,avg_u_mbps,med_d_mbps,med_u_mbps,avg_lat_ms,med_lat_ms,total_tests,n_ips_approx,market_share_pct,is_reliable
45899,VNPT,VNPT Corp,broadband,2023-Q1,2023,1,23.887008625677925,24.226035207683882,7.727399472193815,14.238933800046404,173.7060614427914,123.755,47146,22104,40.60634770251066,True
7552,Viettel,Viettel Group,broadband,2023-Q1,2023,1,34.83106393356686,29.69409846756944,21.00462661481881,16.18947252009511,145.3010934527423,99.473,39529,19860,34.04590672236338,True
18403,FPT,FPT Telecom Company,broadband,2023-Q1,2023,1,28.720420775998857,28.166523209512743,9.357945973213933,16.866778278802904,142.2812359699697,81.871,24114,13499,20.769131389690365,True
45543,SCTV,SaiGon Tourist cable Televition Company,broadband,2023-Q1,2023,1,21.628726096788935,10.862678502574761,18.15086790508876,7.621800923500508,94.63621925133688,53.769,1684,783,1.4504112656647001,True
24086,Viettel,Viettel Corporation,broadband,2023-Q1,2023,1,34.18349760866826,28.790906941244234,19.010883651904322,14.352589769710699,152.6669574090506,122.584,1127,509,0.9706730976271478,True
131429,MobiFone,MOBIFONE Corporation,broadband,2023-Q1,2023,1,38.51007946029575,34.83074971191989,25.1658097350277,28.978854518827994,95.4254812623274,41.9,507,174,0.43667370052969295,True
45903,,CMC Telecom Infrastructure Company,broadband,2023-Q1,2023,1,19.46131552461773,18.366170314756687,11.56431148868584,4.823702916744833,80.14223076923075,55.841,325,221,0.2799190388010852,True
(unknown),,,broadband,2023-Q1,2023,1,17.49565385295316,6.293730706947015,7.656497884133816,2.6263616846404623,157.26559999999998,98.76849999999999,231,110,0.1989578398863098,True
38731,,Vietel - CHT Compamy Ltd,broadband,2023-Q1,2023,1,33.101513284476184,9.499323374489757,24.62338807940454,6.59384875637908,157.93855045871555,57.332499999999996,218,49,0.1877610783342664,True
135905,VNPT,VIETNAM POSTS AND TELECOMMUNICATIONS GROUP,broadband,2023-Q1,2023,1,31.682622070672775,17.309774884480134,25.326173335249837,15.1775207484284,135.0448564814815,81.68299999999999,216,65,0.18603849963395203,True
24173,,Netnam Company,broadband,2023-Q1,2023,1,33.40733173795489,28.571792354616782,15.52191956746686,9.13869559417978,133.17706097560975,61.9705,164,84,0.14125145342577838,True
24088,,Hanoi Telecom Joint Stock Company - HCMC Branch,broadband,2023-Q1,2023,1,18.23257249445814,13.078325319415017,9.307732477743382,5.108029247497219,167.8970569105691,181.62,123,63,0.10593859006933379,True
7602,,Sai gon Postel Corporation,broadband,2023-Q1,2023,1,15.359703463046847,18.11525673257651,7.6976982042294795,4.192696397197276,69.51984033613446,63.734,119,70,0.10249343266870505,True
45557,,Vietnam Technology and Telecommunication JSC,broadband,2023-Q1,2023,1,36.25796722296738,22.561293925582167,46.70349990860552,16.391071218665896,107.82365591397851,50.919,93,37,0.08009990956461824,False
6619,,SamsungSDS Inc.,broadband,2023-Q1,2023,1,8.454263305097227,6.207404792718831,5.027637726568167,2.9269439621340174,113.91705333333334,77.056,75,4,0.0645967012617889,False
151858,,INTERDIGI JOINT STOCK COMPANY,broadband,2023-Q1,2023,1,27.419574385739153,19.004761629825087,20.177067131835962,15.027317869950343,83.9701818181818,33.47,66,7,0.05684509711037423,False
135967,,Bach Kim Network solutions Join stock company,broadband,2023-Q1,2023,1,14.050591666286657,7.163271718007731,7.260718270927469,1.202041558570909,162.27384905660375,152.252,53,13,0.045648335558330824,False
135901,,Phuong Dong technology solution company limited,broadband,2023-Q1,2023,1,24.666650254703473,13.644150538898376,22.52484597399197,10.081626310122083,158.27224,52.683,50,5,0.043064467507859264,False
135918,,VIET DIGITAL TECHNOLOGY LIABILITY COMPANY,broadband,2023-Q1,2023,1,29.062031341984397,13.638375284518794,30.13248026533612,11.097939855728919,164.41489795918366,92.562,49,6,0.04220317815770208,False
132206,,DC DIGITAL DATA HUB COMPANY LIMITED,broadband,2023-Q1,2023,1,2.0581858769189147,0.23001827824860835,1.2290351377560937,0.06333416692322637,242.5777058823529,243.878,34,4,0.0292838379053443,False
135944,,VinhNam Commercial informatics service corporation,broadband,2023-Q1,2023,1,42.058833613206545,8.130640445332187,41.28649980754835,7.100284104241068,88.52332352941175,54.239999999999995,34,7,0.0292838379053443,False
38726,,VTC DIGICOM,broadband,2023-Q1,2023,1,22.626698602180703,14.04289189098109,20.43566884351098,14.78547814657739,128.59120000000001,38.657,25,7,0.021532233753929632,False
55309,,Minh Tu Telecom Limited Company,broadband,2023-Q1,2023,1,16.72332222929049,9.808152879501511,16.204648643655744,9.961606360760106,93.98043750000001,57.432500000000005,16,9,0.013780629602514964,False
133606,,Viettel Timor Leste,broadband,2023-Q1,2023,1,0.8772078164178029,0.5465479913696089,0.7351024493881637,0.3347796866427012,132.53990909090905,115.702,11,7,0.009474182851729039,False
131414,,Long Van Soft Solution JSC,broadband,2023-Q1,2023,1,35.35677654718234,25.69495078801048,23.061164249298926,9.712039310492358,70.86644444444444,51.183,9,4,0.007751604151414668,False
24176,,Branch of Netnam Company in Ho Chi Minh City,broadband,2023-Q1,2023,1,18.878345178940187,8.185327423301489,10.650715059072413,8.464181364029974,123.15900000000002,82.76400000000001,8,5,0.006890314801257482,False
63739,,VIETPN Company Limited,broadband,2023-Q1,2023,1,30.37418907289589,10.324581104893989,22.927338817823873,6.363781487036617,128.05075,45.684,8,6,0.006890314801257482,False
63741,,DCNET TELECOM,broadband,2023-Q1,2023,1,23.061920762175003,24.699902632658876,15.119585257236917,6.196042914882806,63.563428571428574,37.937,7,5,0.006029025451100297,False
150861,,POWERNET COMPANY LIMITED,broadband,2023-Q1,2023,1,0.9628764725057025,0.27329453927487507,0.7948131495199622,0.2503557998397767,177.013,212.743,7,1,0.006029025451100297,False
149105,,IPTP NETWORKS DA NANG COMPANY LIMITED,broadband,2023-Q1,2023,1,15.914668702886994,11.781556717081042,19.158885628009575,6.7166695446050735,91.0408,91.524,5,2,0.004306446750785927,False
131396,,Rmit International University Vietnam,broadband,2023-Q1,2023,1,168.43650989908343,45.45365573440401,136.0494348923743,18.2773711591338,81.68275,55.6555,4,4,0.003445157400628741,False
38727,,HaNoi University of science and technology,broadband,2023-Q1,2023,1,8.283683123074812,,6.156218657670667,,100.94975,99.44,4,2,0.003445157400628741,False
135923,,SCTV INFRASTRUCTURE BUSINESS INVESMENT COMPANY LIMITED,broadband,2023-Q1,2023,1,0.8513279266153322,43.83873898053967,0.5331370891542347,43.83873898053967,178.3365,199.5515,4,1,0.003445157400628741,False
56153,,Digital Storage Company Limited,broadband,2023-Q1,2023,1,11.88292152372793,6.00550364393993,11.509654144540843,7.214860990642418,217.9725,191.709,4,3,0.003445157400628741,False
38732,,CMC Telecom Infrastructure Company,broadband,2023-Q1,2023,1,35.657615403347535,23.718000938211148,25.569026822122638,13.678501434779445,78.782,46.945,4,2,0.003445157400628741,False
135963,,Information Technology Center - Ministry of Home Affairs,broadband,2023-Q1,2023,1,4.0570175243130455,266.7676253242567,4.129866234246061,257.87647780815297,84.3,95.43,3,2,0.0025838680504715558,False
149148,,"Phu Hai Computer Co., Ltd",broadband,2023-Q1,2023,1,25.549949652496238,2.9166900739081445,24.451439730141495,2.9166900739081445,350.2446666666667,349.499,3,2,0.0025838680504715558,False
150698,,Chandpur Online Systems,broadband,2023-Q1,2023,1,13.603781190640403,3.7681653031425117,8.927764169604968,1.7352881441254127,38.768,29.615,3,1,0.0025838680504715558,False
55322,,North Power Company,broadband,2023-Q1,2023,1,16.821033901670848,28.34816382598722,16.821033901670848,28.34816382598722,184.4145,184.4145,2,2,0.0017225787003143705,False
131385,,VTV-VN,broadband,2023-Q1,2023,1,65.38556858435004,92.88225249642154,65.38556858435004,92.88225249642154,136.3605,136.3605,2,1,0.0017225787003143705,False
63764,,INCOM SAI GON JOINT STOCK COMPANY,broadband,2023-Q1,2023,1,3.8778459329949286,2.8097298271322035,3.8778459329949286,2.8097298271322035,129.043,129.043,2,1,0.0017225787003143705,False
135929,,International Education Corporation,broadband,2023-Q1,2023,1,24.585366228430864,234.09349484859456,24.585366228430864,234.09349484859456,29.4205,29.4205,2,1,0.0017225787003143705,False
63760,,AZDIGI Corporation,broadband,2023-Q1,2023,1,6.901357242954891,13.534516325860851,6.901357242954891,13.534516325860851,121.2945,121.2945,2,1,0.0017225787003143705,False
131380,,"Niteco Vietnam Co., Ltd.",broadband,2023-Q1,2023,1,31.117089212176722,14.86652720859341,31.117089212176722,14.86652720859341,154.444,154.444,2,1,0.0017225787003143705,False
38733,,CMC Telecom Infrastructure Company,broadband,2023-Q1,2023,1,34.42475888585014,37.23859154951551,34.42475888585014,37.23859154951551,36.168,36.168,1,1,0.0008612893501571853,False
131386,,Long Van System Solution JSC,broadband,2023-Q1,2023,1,152.52949182527263,57.823414107519675,152.52949182527263,57.823414107519675,94.8,94.8,1,1,0.0008612893501571853,False
140787,,LAM A ARCHITECTURE CONSTRUCTION COMPANY LIMITED,broadband,2023-Q1,2023,1,0.08261904335844532,,0.08261904335844532,,254.0,254.0,1,1,0.0008612893501571853,False
140765,,Vi Na Network Services Joint Stock Company,broadband,2023-Q1,2023,1,48.00583911098499,43.17943614752941,48.00583911098499,43.17943614752941,28.391,28.391,1,1,0.0008612893501571853,False
135964,,RVC Rong Viet Trade Service Telecom Company Limited,broadband,2023-Q1,2023,1,77.03177051162864,21.03714968617554,77.03177051162864,21.03714968617554,38.689,38.689,1,1,0.0008612893501571853,False
63747,,Central Post and Telecommunication (CPT),broadband,2023-Q1,2023,1,13.068328005089379,2.463480315247236,13.068328005089379,2.463480315247236,33.663,33.663,1,1,0.0008612893501571853,False
131127,,GLOBAL TECHNOLOGY - TELECOMMUNICATIONS CORPORATION,broadband,2023-Q1,2023,1,58.32814140934546,,58.32814140934546,,215.999,215.999,1,1,0.0008612893501571853,False
63731,,TIEN PHAT TECHNOLOGY CORPORATION,broadband,2023-Q1,2023,1,45.70760153920136,99.96701016349574,45.70760153920136,52.444943716857345,51.22,51.22,1,1,0.0008612893501571853,False
135978,,Hanoi University of Industry,broadband,2023-Q1,2023,1,2.516736860951374,2.126115845660845,2.516736860951374,2.126115845660845,270.931,270.931,1,1,0.0008612893501571853,False
38253,,Hanoi Telecom JSC,broadband,2023-Q1,2023,1,3.389105340707368,0.5147059999968001,3.389105340707368,0.5147059999968001,122.384,122.384,1,1,0.0008612893501571853,False
55313,,Hanel Communication JSC,broadband,2023-Q1,2023,1,5.688306524409706,,5.688306524409706,,23.84,23.84,1,1,0.0008612893501571853,False
7552,Viettel,Viettel Group,broadband,2023-Q2,2023,2,37.440005722181496,30.807374912638377,23.905739984803873,17.7116391729749,132.87585499846,81.071,61694,34596,38.988599307363685,True
45899,VNPT,VNPT Corp,broadband,2023-Q2,2023,2,26.220876868493594,22.709481017417275,13.277942883110732,13.646158970288276,172.38945411179662,126.202,54303,26810,34.317727950655986,True
18403,FPT,FPT Telecom Company,broadband,2023-Q2,2023,2,33.957370442779514,29.2397651579921,13.357364709772423,18.50103272074714,125.32003055319153,66.878,35256,20857,22.280644101215906,True
45543,SCTV,SaiGon Tourist cable Televition Company,broadband,2023-Q2,2023,2,23.774675342793866,10.913771223520417,18.871085340226976,8.62986744749353,100.9987604550017,57.56,2989,1216,1.8889506812609014,True
24086,Viettel,Viettel Corporation,broadband,2023-Q2,2023,2,42.69672842447821,30.14686989864968,26.93081418472172,18.135795825963793,147.7825239417071,97.404,1441,753,0.9106650825349478,True
131429,MobiFone,MOBIFONE Corporation,broadband,2023-Q2,2023,2,40.797342647573686,29.91680022955467,29.822626524324107,22.61943451855681,85.55046417910448,52.186,670,342,0.4234181854950833,True
45903,,CMC Telecom Infrastructure Company,broadband,2023-Q2,2023,2,33.56831012077882,20.61607044506995,20.193774577879275,10.04281498833583,60.92573569482288,45.174,367,185,0.23193205086073965,True
24173,,Netnam Company,broadband,2023-Q2,2023,2,33.13115984750769,33.63601627857973,21.88371497535197,10.637603083835184,154.91545348837212,74.89099999999999,259,98,0.16367956722869637,True
(unknown),,,broadband,2023-Q2,2023,2,17.46183624303937,7.753633339435291,6.527697271994742,3.3211153068586197,87.53137552742615,62.512,237,146,0.14977628352587274,True
7602,,Sai gon Postel Corporation,broadband,2023-Q2,2023,2,13.334181264570141,21.64259273472649,2.573345044094601,4.461711051927631,70.64676651982377,64.874,227,105,0.14345660911549837,True
24088,,Hanoi Telecom Joint Stock Company - HCMC Branch,broadband,2023-Q2,2023,2,25.15166866646459,18.288061504871703,19.703713050998445,12.032861430236155,102.1194705882353,78.353,187,127,0.11817791147400086,True
135905,VNPT,VIETNAM POSTS AND TELECOMMUNICATIONS GROUP,broadband,2023-Q2,2023,2,39.86965298633257,14.792247546549392,36.33990805826642,11.538545463142857,127.97309876543213,76.7115,162,49,0.10237872544806492,True
135967,,Bach Kim Network solutions Join stock company,broadband,2023-Q2,2023,2,5.093872241642249,3.8467588396213324,0.4362133502187288,3.033938648592591,426.85355913978486,370.815,96,11,0.060668874339594024,False
38731,,Vietel - CHT Compamy Ltd,broadband,2023-Q2,2023,2,36.337802592049606,12.060869642033825,24.60856728714582,6.477861118160438,135.7899375,95.169,80,35,0.05055739528299502,False
45557,,Vietnam Technology and Telecommunication JSC,broadband,2023-Q2,2023,2,32.022161196083275,28.621433903784293,26.591536894935565,29.09966151064313,102.5577857142857,41.0075,70,40,0.044237720872620644,False
140810,,Megacore Technology Company Limited,broadband,2023-Q2,2023,2,32.435790787644706,14.568723752736256,24.747140089354012,13.914111108583677,102.29333333333335,52.0,27,2,0.01706312090801082,False
38726,,VTC DIGICOM,broadband,2023-Q2,2023,2,21.9437937228647,15.547867606968094,19.22398236023237,11.540482340191044,65.08905,41.9715,20,11,0.012639348820748755,False
6619,,SamsungSDS Inc.,broadband,2023-Q2,2023,2,5.5279633215212804,7.746416720723383,2.1447554799193553,5.464048693084718,192.11705555555557,99.60300000000001,18,4,0.011375413938673879,False
135944,,VinhNam Commercial informatics service corporation,broadband,2023-Q2,2023,2,25.24277917176248,21.84765528968609,22.118325114838235,13.855755984736048,76.85388888888889,48.424,18,10,0.011375413938673879,False
133606,,Viettel Timor Leste,broadband,2023-Q2,2023,2,1.3452944419722628,1.7443978057767173,1.0135551914322225,0.9509099660173302,130.2322307692308,112.662,13,7,0.00821557673348669,False
55309,,Minh Tu Telecom Limited Company,broadband,2023-Q2,2023,2,30.85637300511949,6.874483928800828,26.13603843212548,6.0432526512715565,81.40825000000002,50.973,12,7,0.007583609292449253,False
63739,,VIETPN Company Limited,broadband,2023-Q2,2023,2,28.13368930654523,19.318921337995178,28.97819750064251,24.778953243055355,177.57827272727272,81.045,11,4,0.006951641851411815,False
150895,,EZ TECHNOLOGY COMPANY LIMITED,broadband,2023-Q2,2023,2,17.535052683026013,4.442460559437915,18.015916921705035,3.6098193187699708,164.881,222.973,11,3,0.006951641851411815,False
63741,,DCNET TELECOM,broadband,2023-Q2,2023,2,18.887268537968367,19.01692021637568,13.890513936787768,11.202746825510303,120.786125,53.5,8,5,0.005055739528299502,False
24176,,Branch of Netnam Company in Ho Chi Minh City,broadband,2023-Q2,2023,2,20.1782983079309,21.426233590794965,22.663713697428598,15.88960083982144,210.2047142857143,241.894,7,3,0.004423772087262064,False
131353,,NhanHoa Software company,broadband,2023-Q2,2023,2,77.31188908025946,8.498343563272435,60.32422662145309,11.269798637583902,90.94914285714286,57.21,7,1,0.004423772087262064,False
131396,,Rmit International University Vietnam,broadband,2023-Q2,2023,2,72.32756642082389,58.214334826096746,83.33587358192071,58.10350999989947,118.25,122.5325,6,3,0.0037918046462246265,False
135918,,VIET DIGITAL TECHNOLOGY LIABILITY COMPANY,broadband,2023-Q2,2023,2,22.923361674827024,7.66578435722187,14.812629254895354,5.796171345708608,95.92325,46.4945,4,3,0.002527869764149751,False
56141,,Danang ICT Infrastructure Development Center,broadband,2023-Q2,2023,2,7.172137763072559,40.34883736063525,5.477054256571629,27.82462972065913,300.8616666666667,346.655,3,1,0.0018959023231123133,False
135964,,RVC Rong Viet Trade Service Telecom Company Limited,broadband,2023-Q2,2023,2,15.634583738430644,10.094154524573602,2.988843899214659,10.094154524573602,219.702,235.99,3,2,0.0018959023231123133,False
131385,,VTV-VN,broadband,2023-Q2,2023,2,45.92167325275553,37.7711457365593,45.20234942362602,14.950305877914628,106.50166666666667,97.053,3,1,0.0018959023231123133,False
131357,,Duy Tan University,broadband,2023-Q2,2023,2,24.557448473367916,11.472261802333763,12.584725836266735,11.472261802333763,105.51833333333333,62.529,3,1,0.0018959023231123133,False
131380,,"Niteco Vietnam Co., Ltd.",broadband,2023-Q2,2023,2,32.5886823143234,37.05574544773185,20.497061479747128,35.58551513904522,261.9753333333333,340.0,3,1,0.0018959023231123133,False
140787,,LAM A ARCHITECTURE CONSTRUCTION COMPANY LIMITED,broadband,2023-Q2,2023,2,19.69201115449163,,19.69201115449163,,161.2535,161.2535,2,2,0.0012639348820748756,False
150698,,Chandpur Online Systems,broadband,2023-Q2,2023,2,81.63668365806227,73.47693679693069,81.63668365806227,73.47693679693069,39.78,39.78,2,2,0.0012639348820748756,False
135959,,Onebim Vietnam Limited Company,broadband,2023-Q2,2023,2,22.059672018449007,21.3249419178543,22.059672018449007,21.3249419178543,109.4415,109.4415,2,2,0.0012639348820748756,False
63731,,TIEN PHAT TECHNOLOGY CORPORATION,broadband,2023-Q2,2023,2,22.562534196837564,45.038833931757296,22.562534196837564,1.3927686871834457,59.0,59.0,1,1,0.0006319674410374378,False
149105,,IPTP NETWORKS DA NANG COMPANY LIMITED,broadband,2023-Q2,2023,2,1.3636857793961883,,1.3636857793961883,,63.952,63.952,1,1,0.0006319674410374378,False
135942,,Adsota Corporation,broadband,2023-Q2,2023,2,40.26963266366941,8.753973344866164,40.26963266366941,8.753973344866164,48.227,48.227,1,1,0.0006319674410374378,False
149147,,GOFIBER SOFTWARE TECHNOLOGY COMPANY LIMITED,broadband,2023-Q2,2023,2,26.81940768191577,,26.81940768191577,,54.347,54.347,1,1,0.0006319674410374378,False
131366,,Lanit Technology and Communication Joint Stock Company,broadband,2023-Q2,2023,2,81.29694586096235,26.913668734537097,81.29694586096235,26.913668734537097,52.0,52.0,1,1,0.0006319674410374378,False
131127,,GLOBAL TECHNOLOGY - TELECOMMUNICATIONS CORPORATION,broadband,2023-Q2,2023,2,21.545640470599338,14.003729510491748,21.545640470599338,14.003729510491748,125.329,125.329,1,1,0.0006319674410374378,False
63747,,Central Post and Telecommunication (CPT),broadband,2023-Q2,2023,2,2.747188419150628,0.8133521687814547,2.747188419150628,0.8133521687814547,438.045,438.045,1,1,0.0006319674410374378,False
56155,,Tuong Minh Software Solutions Company Limited,broadband,2023-Q2,2023,2,34.28016596136862,20.98369767713949,34.28016596136862,20.98369767713949,61.289,61.289,1,1,0.0006319674410374378,False
38244,,VNG Corporation,broadband,2023-Q2,2023,2,13.303597579815396,1.4631076272073062,13.303597579815396,1.4631076272073062,49.639,49.639,1,1,0.0006319674410374378,False
7643,,Vietnam Posts and Telecommunications (VNPT),broadband,2023-Q2,2023,2,48.376610202088195,3.494433617812423,48.376610202088195,3.494433617812423,209.0,209.0,1,1,0.0006319674410374378,False
56158,,Digital world data online company,broadband,2023-Q2,2023,2,0.25525203253451784,,0.25525203253451784,,119.974,119.974,1,1,0.0006319674410374378,False
135929,,International Education Corporation,broadband,2023-Q2,2023,2,143.5221160784138,247.90575563567828,143.5221160784138,247.90575563567828,86.921,86.921,1,1,0.0006319674410374378,False
55308,,Department of Information Technology and Digital Transformation - Ministry of Finance,broadband,2023-Q2,2023,2,28.247716194899766,61.8343504338281,28.247716194899766,61.8343504338281,21.975,21.975,1,1,0.0006319674410374378,False
63737,,VIETSERVER SERVICES TECHNOLOGY COMPANY LIMITED,broadband,2023-Q2,2023,2,17.56877422804438,,17.56877422804438,,23.127,23.127,1,1,0.0006319674410374378,False
131412,,State Audit Office of Vietnam,broadband,2023-Q2,2023,2,23.00794341342342,,23.00794341342342,,337.932,337.932,1,1,0.0006319674410374378,False
7552,Viettel,Viettel Group,broadband,2023-Q3,2023,3,29.34910634009964,28.557560466742764,15.739320529980246,17.171221050566334,103.56918074957221,64.077,89428,41059,41.48982564882946,True
45899,VNPT,VNPT Corp,broadband,2023-Q3,2023,3,24.59396985720876,21.462699567139666,13.735649075176934,14.041178062231658,151.09074254503324,91.4665,72516,36442,33.64355902793887,True
18403,FPT,FPT Telecom Company,broadband,2023-Q3,2023,3,30.93040978452353,29.072882668512857,14.57582948387405,18.498835306484125,96.2230981734145,57.084,45013,25282,20.883632888253796,True
45543,SCTV,SaiGon Tourist cable Televition Company,broadband,2023-Q3,2023,3,19.607099192408107,12.866258980439456,14.224414831240784,10.354581211082387,68.98839958911147,52.141000000000005,3895,1631,1.8070724035222834,True
24086,Viettel,Viettel Corporation,broadband,2023-Q3,2023,3,38.74979049848927,30.774476160938658,20.68665907708478,17.613499006979424,120.19586188178526,66.898,1659,935,0.769687578291006,True
131429,MobiFone,MOBIFONE Corporation,broadband,2023-Q3,2023,3,39.01760920356577,30.048278118962465,20.835543011370405,18.198413550179534,56.71320443925233,34.756,856,363,0.39713837674327973,True
45903,,CMC Telecom Infrastructure Company,broadband,2023-Q3,2023,3,29.414386559371,21.116178160313446,19.891906631166144,9.853080949176267,66.99474550128535,57.546,389,209,0.18047526700132688,True
(unknown),,,broadband,2023-Q3,2023,3,14.667317029682863,9.579645708157345,7.966805555555555,4.3853522321091525,86.24264244186047,60.89149999999999,345,188,0.16006161212199943,True
24173,,Netnam Company,broadband,2023-Q3,2023,3,28.23739149685067,21.346563681298463,9.622067193445496,6.655368669988175,120.92683653846154,59.188,312,87,0.14475137096250382,True
24088,,Hanoi Telecom Joint Stock Company - HCMC Branch,broadband,2023-Q3,2023,3,30.576175954395957,24.851905818465447,18.693476038789402,14.881342754684141,64.95672192513368,57.0,187,131,0.08675803323714172,True
7602,,Sai gon Postel Corporation,broadband,2023-Q3,2023,3,21.34856930891806,9.276634654794167,18.909123127566968,6.401119539537566,69.37246706586825,64.83,167,71,0.07747909920108378,True
140787,,LAM A ARCHITECTURE CONSTRUCTION COMPANY LIMITED,broadband,2023-Q3,2023,3,33.60440659265563,0.8841841724450529,33.759463075648185,0.35641423578137255,91.96103100775194,73.0,129,17,0.0598491245325737,True
45557,,Vietnam Technology and Telecommunication JSC,broadband,2023-Q3,2023,3,18.55785141565704,19.076862259992343,9.523436076313406,14.030668702513585,65.41326271186442,43.74,118,57,0.054745710812741835,True
135905,VNPT,VIETNAM POSTS AND TELECOMMUNICATIONS GROUP,broadband,2023-Q3,2023,3,33.543026500123986,16.890954708969673,27.945684250508464,13.015222048741183,87.7286695652174,52.86,115,39,0.05335387070733314,True
135967,,Bach Kim Network solutions Join stock company,broadband,2023-Q3,2023,3,18.78514455868678,11.698638484382863,13.21329635239396,5.486704872984394,143.67303157894736,60.283,95,25,0.044074936671275204,False
6619,,SamsungSDS Inc.,broadband,2023-Q3,2023,3,8.950922906025724,9.16423409973201,5.934786475214054,6.162488772695355,83.95814102564103,76.453,78,4,0.036187842740625954,False
38731,,Vietel - CHT Compamy Ltd,broadband,2023-Q3,2023,3,34.532900240895444,14.928319902346866,20.77867177802346,6.45235908311857,93.47179245283021,50.233,53,20,0.024589175195553536,False
151858,,INTERDIGI JOINT STOCK COMPANY,broadband,2023-Q3,2023,3,23.744921426225766,16.377936679560708,23.072548233272904,14.717220942310274,88.94196153846154,44.221000000000004,26,9,0.01206261424687532,False
38726,,VTC DIGICOM,broadband,2023-Q3,2023,3,17.639025082648352,13.759923776863554,13.73389641289257,17.413281416396433,52.41931578947369,40.88,19,11,0.00881498733425504,False
55309,,Minh Tu Telecom Limited Company,broadband,2023-Q3,2023,3,32.74209098588746,35.3960691235479,22.588075142369306,16.83806051307362,69.21499999999999,56.9735,18,10,0.008351040632452143,False
131386,,Long Van System Solution JSC,broadband,2023-Q3,2023,3,13.65292701409207,11.726177517051607,13.07562527566414,7.380293345783313,91.20653846153846,52.955,13,3,0.00603130712343766,False
133606,,Viettel Timor Leste,broadband,2023-Q3,2023,3,0.6367599337003185,0.7613444055905697,0.5986101287661862,0.42595323543952335,140.0921,153.9135,10,7,0.0046394670180289685,False
135918,,VIET DIGITAL TECHNOLOGY LIABILITY COMPANY,broadband,2023-Q3,2023,3,23.906764818749206,14.971073378034955,22.70638751265051,11.570942014591072,93.292875,63.2105,8,4,0.0037115736144231752,False
63741,,DCNET TELECOM,broadband,2023-Q3,2023,3,49.940038416031776,18.940622646872455,15.345551762198014,19.087314274148987,33.60085714285714,30.578,7,6,0.0032476269126202784,False
63747,,Central Post and Telecommunication (CPT),broadband,2023-Q3,2023,3,5.817006616637589,4.9600304146952094,3.4942987411369533,4.9600304146952094,104.9375,51.634,6,2,0.002783680210817381,False
131396,,Rmit International University Vietnam,broadband,2023-Q3,2023,3,239.9689145099613,329.0776611581342,225.7440306819999,256.0401897887032,44.68933333333333,43.301500000000004,6,5,0.002783680210817381,False
63739,,VIETPN Company Limited,broadband,2023-Q3,2023,3,20.437672044306723,0.609476835822395,29.747715878915983,0.07103906004394844,140.4245,137.079,6,4,0.002783680210817381,False
135964,,RVC Rong Viet Trade Service Telecom Company Limited,broadband,2023-Q3,2023,3,46.34032951975444,139.13670902851945,23.22963387226506,72.61159614443751,43.6106,42.809,5,4,0.0023197335090144842,False
63760,,AZDIGI Corporation,broadband,2023-Q3,2023,3,18.545302776709658,9.8119141318459,18.005109907216365,9.8119141318459,93.051,60.844,5,1,0.0023197335090144842,False
38733,,CMC Telecom Infrastructure Company,broadband,2023-Q3,2023,3,27.169264014526355,28.73402138559665,38.340522079905995,21.1822035470318,71.6806,72.348,5,1,0.0023197335090144842,False
56147,,Creative Communication Vietnam Joint Stock Company,broadband,2023-Q3,2023,3,13.8914748186527,20.271279343628784,11.140739148604792,20.271279343628784,47.934,48.721999999999994,4,1,0.0018557868072115876,False
56155,,Tuong Minh Software Solutions Company Limited,broadband,2023-Q3,2023,3,23.045237782070004,38.0755830979402,24.6234191443759,14.030054657922502,83.384,59.5925,4,2,0.0018557868072115876,False
135944,,VinhNam Commercial informatics service corporation,broadband,2023-Q3,2023,3,21.27037776830929,11.652068992115712,14.850698175218094,11.652068992115712,35.18933333333333,35.0,3,3,0.0013918401054086905,False
135923,,SCTV INFRASTRUCTURE BUSINESS INVESMENT COMPANY LIMITED,broadband,2023-Q3,2023,3,2.10805787199291,4.41022602175571,2.0508207457763943,4.41022602175571,24.029666666666667,24.204,3,2,0.0013918401054086905,False
24176,,Branch of Netnam Company in Ho Chi Minh City,broadband,2023-Q3,2023,3,31.11713150251056,43.63649109300069,10.46620192118516,54.702935199139766,43.641999999999996,49.818,3,2,0.0013918401054086905,False
131357,,Duy Tan University,broadband,2023-Q3,2023,3,4.497229542522876,18.47144310529589,2.9720931918781086,18.47144310529589,36.21733333333333,30.891,3,1,0.0013918401054086905,False
38244,,VNG Corporation,broadband,2023-Q3,2023,3,45.198378453050275,15.430690394514903,49.834029283068205,15.430690394514903,135.48366666666666,124.624,3,2,0.0013918401054086905,False
131414,,Long Van Soft Solution JSC,broadband,2023-Q3,2023,3,17.31554601511768,0.632782458455389,13.937195347073901,0.632782458455389,40.0,49.0,3,1,0.0013918401054086905,False
150895,,EZ TECHNOLOGY COMPANY LIMITED,broadband,2023-Q3,2023,3,2.0508539804238883,0.1485824830489169,2.0508539804238883,0.1485824830489169,257.188,257.188,2,2,0.0009278934036057938,False
56153,,Digital Storage Company Limited,broadband,2023-Q3,2023,3,29.665178789792833,36.58848000527986,29.665178789792833,36.58848000527986,60.7805,60.7805,2,1,0.0009278934036057938,False
55313,,Hanel Communication JSC,broadband,2023-Q3,2023,3,19.083823661868013,,19.083823661868013,,23.0,23.0,2,1,0.0009278934036057938,False
131353,,NhanHoa Software company,broadband,2023-Q3,2023,3,11.577398107353462,1.8229094608504568,11.577398107353462,1.8229094608504568,43.2,43.2,2,1,0.0009278934036057938,False
140811,,VIET NAM INTERACTIVE TELEVISION JOINT STOCK COMPANY,broadband,2023-Q3,2023,3,20.449020497432475,20.179993598956273,20.449020497432475,20.179993598956273,196.2665,196.2665,2,1,0.0009278934036057938,False
135929,,International Education Corporation,broadband,2023-Q3,2023,3,25.539408904350655,169.6780350685802,25.539408904350655,169.6780350685802,35.8065,35.8065,2,1,0.0009278934036057938,False
140810,,Megacore Technology Company Limited,broadband,2023-Q3,2023,3,135.63276741645063,31.82568843208122,135.63276741645063,31.82568843208122,69.0,69.0,1,1,0.0004639467018028969,False
56141,,Danang ICT Infrastructure Development Center,broadband,2023-Q3,2023,3,36.2417804888464,33.04026641477449,36.2417804888464,33.04026641477449,54.243,54.243,1,1,0.0004639467018028969,False
45894,,FPT Online JSC,broadband,2023-Q3,2023,3,44.518710550476214,95.69270655053563,44.518710550476214,95.69270655053563,42.946,42.946,1,1,0.0004639467018028969,False
38253,,Hanoi Telecom JSC,broadband,2023-Q3,2023,3,23.76210167915345,0.07552511097752612,23.76210167915345,0.07552511097752612,263.183,263.183,1,1,0.0004639467018028969,False
135901,,Phuong Dong technology solution company limited,broadband,2023-Q3,2023,3,3.175264481908216,,3.175264481908216,,33.142,33.142,1,1,0.0004639467018028969,False
38727,,HaNoi University of science and technology,broadband,2023-Q3,2023,3,3.420460763795687,0.0916856153909107,3.420460763795687,0.0916856153909107,24.268,24.268,1,1,0.0004639467018028969,False
131380,,"Niteco Vietnam Co., Ltd.",broadband,2023-Q3,2023,3,53.65259602870442,39.97789787416332,53.65259602870442,39.97789787416332,63.665,63.665,1,1,0.0004639467018028969,False
135959,,Onebim Vietnam Limited Company,broadband,2023-Q3,2023,3,20.334569618122945,,20.334569618122945,,52.998,52.998,1,1,0.0004639467018028969,False
135982,,Hoi An South Development Ltd,broadband,2023-Q3,2023,3,13.746932284674774,16.813703354391674,13.746932284674774,16.813703354391674,54.0,54.0,1,1,0.0004639467018028969,False
45538,,ODS Joint Stock Company,broadband,2023-Q3,2023,3,42.53408009665617,,42.53408009665617,,35.023,35.023,1,1,0.0004639467018028969,False
131385,,VTV-VN,broadband,2023-Q3,2023,3,10.764578172416734,118.83287279848493,10.764578172416734,118.83287279848493,175.113,175.113,1,1,0.0004639467018028969,False
55322,,North Power Company,broadband,2023-Q3,2023,3,36.876949208337074,119.00581844522935,36.876949208337074,119.00581844522935,212.638,212.638,1,1,0.0004639467018028969,False
63731,,TIEN PHAT TECHNOLOGY CORPORATION,broadband,2023-Q3,2023,3,16.6745900101715,16.254312201282893,16.6745900101715,16.254312201282893,78.666,78.666,1,1,0.0004639467018028969,False
55308,,Department of Information Technology and Digital Transformation - Ministry of Finance,broadband,2023-Q3,2023,3,28.920808081171693,46.935450097348344,28.920808081171693,46.935450097348344,24.041,24.041,1,1,0.0004639467018028969,False
131410,,Vietnam Cable Television Corporation Joint Stock Company,broadband,2023-Q3,2023,3,29.689823939988447,35.45684214315786,29.689823939988447,35.45684214315786,52.1,52.1,1,1,0.0004639467018028969,False
7552,Viettel,Viettel Group,broadband,2023-Q4,2023,4,34.93946721437258,32.66617169795942,17.194843681227564,18.464017772270385,101.83482419081672,60.111999999999995,63776,36231,39.29246939517346,True
45899,VNPT,VNPT Corp,broadband,2023-Q4,2023,4,29.142233984456894,23.984418420186064,15.01087349022205,14.403925173590054,136.05369108482105,64.0675,56818,27273,35.0056373258744,True
18403,FPT,FPT Telecom Company,broadband,2023-Q4,2023,4,40.21035672051045,33.72056898099923,17.17204133757083,20.210947281979404,89.71422072931028,54.534,34099,17628,21.008434425270007,True
45543,SCTV,SaiGon Tourist cable Televition Company,broadband,2023-Q4,2023,4,21.811797839880555,14.673822123674388,14.23233873468279,10.640979564277655,74.32840362716153,50.284,2372,885,1.4613920190252048,True
24086,Viettel,Viettel Corporation,broadband,2023-Q4,2023,4,43.184177233048985,39.383468325658164,23.422539500980655,24.476283008709522,107.05021197007481,55.846000000000004,1604,754,0.9882263062885448,True
131429,MobiFone,MOBIFONE Corporation,broadband,2023-Q4,2023,4,45.33180891525565,36.69073426298844,31.543228726485385,27.031455040086737,62.85309193776519,36.986,707,322,0.4355835402406491,True
135905,VNPT,VIETNAM POSTS AND TELECOMMUNICATIONS GROUP,broadband,2023-Q4,2023,4,27.4492484853176,11.410637781812039,20.763810996011937,7.605762279088652,117.3221185031185,53.667,481,80,0.2963446716488716,True
45903,,CMC Telecom Infrastructure Company,broadband,2023-Q4,2023,4,34.25710771009701,23.357208163799736,18.174112751891478,9.923373648436213,69.11889639639641,57.557,444,184,0.27354892767588146,True
(unknown),,,broadband,2023-Q4,2023,4,17.320135081686864,8.706735330829645,8.80743059266479,4.657937072363342,82.85778834355828,44.507000000000005,328,162,0.20208118981461515,True
24173,,Netnam Company,broadband,2023-Q4,2023,4,26.54843963091214,21.650727423597292,11.608582326087316,8.900001351064779,83.60104938271603,58.1115,324,144,0.19961678506077837,True
140787,,LAM A ARCHITECTURE CONSTRUCTION COMPANY LIMITED,broadband,2023-Q4,2023,4,34.40200320420808,3.4155614327891866,33.59902006353713,0.8700067871233726,89.38668240343348,65.781,233,20,0.14355157691099185,True
24088,,Hanoi Telecom Joint Stock Company - HCMC Branch,broadband,2023-Q4,2023,4,22.872503834752916,19.778662200258324,15.223870546511986,9.681520912669193,127.67460240963854,60.025,166,109,0.10227279728422596,True
6619,,SamsungSDS Inc.,broadband,2023-Q4,2023,4,7.82366543543837,4.548173109979653,5.6808074607616845,3.25176498378453,122.43539333333334,81.35,150,4,0.09241517826887888,True
45557,,Vietnam Technology and Telecommunication JSC,broadband,2023-Q4,2023,4,24.36553386895582,24.09226360110508,16.31540879643257,16.757110918268772,79.90702013422819,56.795,149,58,0.09179907708041969,True
38731,,Vietel - CHT Compamy Ltd,broadband,2023-Q4,2023,4,73.39841495677989,23.00080495570914,42.243697827141716,17.272829953847655,107.51226548672564,48.667,113,26,0.06961943429588875,True
135967,,Bach Kim Network solutions Join stock company,broadband,2023-Q4,2023,4,24.095191896870286,14.925027326798961,19.715202430142696,9.873210046183647,126.30274999999999,43.1965,112,27,0.06900333310742957,True
7602,,Sai gon Postel Corporation,broadband,2023-Q4,2023,4,48.919719403138565,35.664143684541415,42.15027760387887,20.16942549796808,64.33483333333334,65.799,96,64,0.05914571409208248,False
149124,,WEBPX SOFTWARE COMPANY LIMITED,broadband,2023-Q4,2023,4,16.38468787128538,9.822700881319701,13.631808470525693,7.29893970545974,77.32479591836734,43.0,49,2,0.030188958234500435,False
150895,,EZ TECHNOLOGY COMPANY LIMITED,broadband,2023-Q4,2023,4,25.16538289039434,11.490116449003814,14.14905916261311,4.511183396956451,95.89571428571429,66.631,42,9,0.025876249915286087,False
151858,,INTERDIGI JOINT STOCK COMPANY,broadband,2023-Q4,2023,4,34.76680965675506,14.04209487922097,24.248691045273496,12.007434634967742,90.55342105263158,40.0185,38,21,0.023411845161449316,False
131374,,HQG Technology Solutions Joint Stock Company,broadband,2023-Q4,2023,4,6.085146752939062,3.6317656556748856,4.588602691937015,0.8924570989887359,135.17428,46.0,25,4,0.015402529711479814,False
131386,,Long Van System Solution JSC,broadband,2023-Q4,2023,4,15.657187043317833,10.986893412566925,6.244770614807137,2.990918817492879,50.90509523809524,42.751,21,3,0.012938124957643043,False
55309,,Minh Tu Telecom Limited Company,broadband,2023-Q4,2023,4,20.08596173511036,21.705052108403642,22.0447084146575,10.740306326162937,150.79894444444446,179.42000000000002,18,9,0.011089821392265466,False
24176,,Branch of Netnam Company in Ho Chi Minh City,broadband,2023-Q4,2023,4,9.455354166556432,13.808287056018028,8.398834171674226,12.404131406302907,69.65225000000001,35.5,12,4,0.00739321426151031,False
135923,,SCTV INFRASTRUCTURE BUSINESS INVESMENT COMPANY LIMITED,broadband,2023-Q4,2023,4,14.329379943502015,3.091980799501933,8.92334412645717,1.9944205659000473,29.628499999999995,27.0865,10,3,0.006161011884591925,False
135918,,VIET DIGITAL TECHNOLOGY LIABILITY COMPANY,broadband,2023-Q4,2023,4,34.45505266329565,21.617767560830025,28.371168745019,10.22943859076901,64.5089,50.763000000000005,10,5,0.006161011884591925,False
63741,,DCNET TELECOM,broadband,2023-Q4,2023,4,36.70501012156472,15.761451734724645,34.79940793855488,15.286137582564681,61.86633333333334,46.0,9,7,0.005544910696132733,False
63731,,TIEN PHAT TECHNOLOGY CORPORATION,broadband,2023-Q4,2023,4,23.929282490328372,35.25772494637805,27.03464044111125,16.601114688612856,58.199571428571424,68.867,7,2,0.004312708319214348,False
63739,,VIETPN Company Limited,broadband,2023-Q4,2023,4,4.888534672064529,21.510743020783924,0.9469929156408582,2.596223514151576,237.17885714285714,267.902,7,6,0.004312708319214348,False
135901,,Phuong Dong technology solution company limited,broadband,2023-Q4,2023,4,18.53354370323476,9.103457952247313,17.67704996921283,12.250406122603877,42.212,40.826,5,3,0.0030805059422959625,False
62240,,Clouvider,broadband,2023-Q4,2023,4,101.69988782732489,13.261467004253742,20.15461662999361,12.341982743975306,0.5602,0.474,5,1,0.0030805059422959625,False
131357,,Duy Tan University,broadband,2023-Q4,2023,4,42.7415561531165,177.70223921425725,14.791854565952649,23.769428093919043,139.232,199.454,5,1,0.0030805059422959625,False
135906,,BOOKING247 COMPANY LIMITED,broadband,2023-Q4,2023,4,31.677693039509897,9.441479244541899,32.74195179879613,12.087733082746613,25.772600000000004,20.597,5,2,0.0030805059422959625,False
63737,,VIETSERVER SERVICES TECHNOLOGY COMPANY LIMITED,broadband,2023-Q4,2023,4,25.09228884672678,18.394359538928967,22.621907486192338,20.386319149974362,85.997,41.799499999999995,4,2,0.0024644047538367703,False
150905,,CENTRAL ELECTRICITY INFORMATION TECHNOLOGY COMPANY - CENTRAL REGIONAL ELECTRICITY CORPORATION,broadband,2023-Q4,2023,4,9.19466526909063,125.52033902971063,10.14412086103913,145.29064395510116,126.39174999999999,51.17,4,1,0.0024644047538367703,False
135942,,Adsota Corporation,broadband,2023-Q4,2023,4,27.980436822754715,8.746844495927323,8.692378183833341,8.746844495927323,121.43299999999999,132.5125,4,2,0.0024644047538367703,False
63733,,Hoa Thai Software Services Company Limited,broadband,2023-Q4,2023,4,3.0426051550897997,13.961516633480281,2.75102860347082,15.362773148998581,31.5,32.0,4,1,0.0024644047538367703,False
135944,,VinhNam Commercial informatics service corporation,broadband,2023-Q4,2023,4,8.19073668005967,5.0259018084217155,7.068176603502815,5.0259018084217155,189.18500000000003,192.582,3,1,0.0018483035653775776,False
135951,,Webico Company Limited,broadband,2023-Q4,2023,4,40.23612310975876,0.25441265004631564,41.832012294144285,0.25441265004631564,243.46266666666665,253.676,3,3,0.0018483035653775776,False
149102,,KHANH CHI ICT COMPANY LIMITED,broadband,2023-Q4,2023,4,34.479369729916776,8.928167517940267,19.32011529986278,5.517032330337566,26.683333333333334,19.095,3,1,0.0018483035653775776,False
38726,,VTC DIGICOM,broadband,2023-Q4,2023,4,29.43653447189148,13.211148297290654,31.85938333022611,14.604050388614313,28.286999999999995,24.738,3,2,0.0018483035653775776,False
5068,,STACKS INC,broadband,2023-Q4,2023,4,1.705340444315591,,1.4748427931507866,,86.91466666666668,88.608,3,2,0.0018483035653775776,False
38244,,VNG Corporation,broadband,2023-Q4,2023,4,5.416431345223981,2.7440988719380885,6.304298270002604,2.7440988719380885,120.72433333333333,80.409,3,3,0.0018483035653775776,False
38727,,HaNoi University of science and technology,broadband,2023-Q4,2023,4,8.577414805956261,9.441001923472257,9.55654333210921,9.45358949039411,29.253666666666664,22.021,3,1,0.0018483035653775776,False
150698,,Chandpur Online Systems,broadband,2023-Q4,2023,4,60.631472878436,53.431369530129885,61.01887915769189,30.01498576323433,45.86666666666667,47.891,3,2,0.0018483035653775776,False
131366,,Lanit Technology and Communication Joint Stock Company,broadband,2023-Q4,2023,4,33.555086458436485,9.53254386016068,36.28103535779351,6.626867286972637,123.18066666666668,21.663,3,1,0.0018483035653775776,False
131353,,NhanHoa Software company,broadband,2023-Q4,2023,4,28.379273204616734,4.986824527111313,20.289159731803675,5.2280536364339945,311.12100000000004,251.249,3,1,0.0018483035653775776,False
38253,,Hanoi Telecom JSC,broadband,2023-Q4,2023,4,23.216949961649732,15.358280725070363,23.216949961649732,10.227339763335111,44.8885,44.8885,2,1,0.0012322023769183851,False
131409,,ACT Telecomunication Joint Stock Company,broadband,2023-Q4,2023,4,84.48954730815177,18.20489460969072,84.48954730815177,18.20489460969072,52.772,52.772,2,2,0.0012322023769183851,False
135929,,International Education Corporation,broadband,2023-Q4,2023,4,9.96758055326427,9.685375692329815,9.96758055326427,9.685375692329815,53.102000000000004,53.102000000000004,2,1,0.0012322023769183851,False
38733,,CMC Telecom Infrastructure Company,broadband,2023-Q4,2023,4,32.82943148600705,,32.82943148600705,,69.8615,69.8615,2,1,0.0012322023769183851,False
150826,,VR VIET NAM COMPANY LIMITED,broadband,2023-Q4,2023,4,10.847928833226293,9.285964037165407,10.847928833226293,9.285964037165407,49.59,49.59,2,1,0.0012322023769183851,False
131396,,Rmit International University Vietnam,broadband,2023-Q4,2023,4,137.33528697242718,139.13821616205203,137.33528697242718,139.13821616205203,24.615000000000002,24.615000000000002,2,2,0.0012322023769183851,False
140810,,Megacore Technology Company Limited,broadband,2023-Q4,2023,4,45.646483619792114,14.776151175721912,45.646483619792114,14.776151175721912,187.419,187.419,2,2,0.0012322023769183851,False
401783,,TOKALA COMMUNICATIONS INC.,broadband,2023-Q4,2023,4,1.1600914600950896,18.37478657686338,1.1600914600950896,18.37478657686338,301.856,301.856,1,1,0.0006161011884591926,False
131398,,LOTTE INNOVATE VIETNAM COMPANY LIMITED,broadband,2023-Q4,2023,4,7.139998222205559,8.102614279658352,7.139998222205559,8.102614279658352,52.799,52.799,1,1,0.0006161011884591926,False
4637,,Telstra Global,broadband,2023-Q4,2023,4,27.408832853498527,23.708746054288667,27.408832853498527,23.708746054288667,18.79,18.79,1,1,0.0006161011884591926,False
42861,,FOTONTELECOM ISP,broadband,2023-Q4,2023,4,35.441222832761014,,35.441222832761014,,0.487,0.487,1,1,0.0006161011884591926,False
45894,,FPT Online JSC,broadband,2023-Q4,2023,4,77.89465490985955,85.81342017938798,77.89465490985955,85.81342017938798,70.015,70.015,1,1,0.0006161011884591926,False
56149,,Cong ty CP Truyen thong quoc te Incom,broadband,2023-Q4,2023,4,26.185362276984044,25.76724459653242,26.185362276984044,25.76724459653242,43.371,43.371,1,1,0.0006161011884591926,False
131412,,State Audit Office of Vietnam,broadband,2023-Q4,2023,4,7.075777441894494,0.39126400107236026,7.075777441894494,0.39126400107236026,370.0,370.0,1,1,0.0006161011884591926,False
131365,,Digital Infrastructure Center - Digital Transformation Department - Ministry of Agriculture and Environment,broadband,2023-Q4,2023,4,250.38605343952335,126.33726076863039,250.38605343952335,126.33726076863039,22.881,22.881,1,1,0.0006161011884591926,False
149105,,IPTP NETWORKS DA NANG COMPANY LIMITED,broadband,2023-Q4,2023,4,92.2584842465989,81.04874557125011,92.2584842465989,81.04874557125011,24.52,24.52,1,1,0.0006161011884591926,False
149136,,AALO.VN DIGITAL TECHNOLOGY JOINT STOCK COMPANY,broadband,2023-Q4,2023,4,2.292663039897502,0.2296760991421895,2.292663039897502,0.2296760991421895,19.655,19.655,1,1,0.0006161011884591926,False
131414,,Long Van Soft Solution JSC,broadband,2023-Q4,2023,4,19.02620481344512,,19.02620481344512,,29.387,29.387,1,1,0.0006161011884591926,False
7552,Viettel,Viettel Group,broadband,2024-Q1,2024,1,46.67158659628614,40.28516883245753,24.110908256294813,24.324815399978654,79.4592751800348,53.0,80549,38945,40.52107071530261,True
45899,VNPT,VNPT Corp,broadband,2024-Q1,2024,1,34.627252054035054,29.618851198620302,18.680643916113727,19.508010459721433,124.25993557971012,60.6545,69013,37908,34.71775755472047,True
18403,FPT,FPT Telecom Company,broadband,2024-Q1,2024,1,54.23680430785458,40.86661890358135,22.776466975102483,22.79252074801584,93.25550350990741,53.614,40193,22002,20.21953587580427,True
45543,SCTV,SaiGon Tourist cable Televition Company,broadband,2024-Q1,2024,1,27.030505943588953,18.063661684978488,17.306806422924417,13.22458761835633,62.38515333333334,50.0,3000,1278,1.5091833808726098,True
24086,Viettel,Viettel Corporation,broadband,2024-Q1,2024,1,60.98234018149188,48.73952375088292,33.392931635107,30.03144380801139,75.23520300751879,51.387,2527,1064,1.271235467821695,True
131429,MobiFone,MOBIFONE Corporation,broadband,2024-Q1,2024,1,43.6065527940212,35.44011076444999,24.581108546091123,21.364311706329953,72.18490335570469,36.0,745,304,0.37478053958336477,True
45903,,CMC Telecom Infrastructure Company,broadband,2024-Q1,2024,1,38.638620905941764,48.70812650259112,34.47804413644114,23.775450670691896,56.88807524271845,46.064499999999995,412,195,0.2072611843065051,True
135905,VNPT,VIETNAM POSTS AND TELECOMMUNICATIONS GROUP,broadband,2024-Q1,2024,1,23.578786304501307,13.407820685721344,15.810201118365372,5.781307206267442,105.64692195121953,64.87049999999999,410,70,0.20625506205259,True
(unknown),,,broadband,2024-Q1,2024,1,19.53980645088431,7.903945852656544,11.606971581638007,3.3733924274068667,74.71431134564645,50.276,379,116,0.19066016711690636,True
24173,,Netnam Company,broadband,2024-Q1,2024,1,26.7104404890451,20.68425761085782,14.844300001147278,11.603424294278174,96.84045070422535,53.0905,284,136,0.1428693600559404,True
7602,,Sai gon Postel Corporation,broadband,2024-Q1,2024,1,17.509618325467617,15.32323371764142,9.256700573006349,5.416998173462563,74.37379079497909,68.533,239,98,0.12023160934285125,True
24088,,Hanoi Telecom Joint Stock Company - HCMC Branch,broadband,2024-Q1,2024,1,25.782826791353248,29.658111153662677,18.943897910649028,19.189200676974693,78.88235087719298,49.986,171,107,0.08602345270973875,True
140787,,LAM A ARCHITECTURE CONSTRUCTION COMPANY LIMITED,broadband,2024-Q1,2024,1,34.548685323329174,10.373019033650147,32.756199932621,4.863372235748778,80.74880141843971,70.482,141,18,0.07093161890101266,True
45557,,Vietnam Technology and Telecommunication JSC,broadband,2024-Q1,2024,1,35.61968759179454,29.260057297930338,36.653458665994826,27.82247046650602,77.98432000000001,46.161,125,54,0.06288264086969207,True
6619,,SamsungSDS Inc.,broadband,2024-Q1,2024,1,7.85370624705641,6.613187602549922,6.086128861667493,5.144860275659025,96.70638235294118,72.30850000000001,103,4,0.05181529607662627,True
38731,,Vietel - CHT Compamy Ltd,broadband,2024-Q1,2024,1,52.19670581489787,34.40715186807885,39.977268461365696,13.592931334180575,72.05821568627451,55.3855,102,21,0.05131223494966874,True
151858,,INTERDIGI JOINT STOCK COMPANY,broadband,2024-Q1,2024,1,7.681116549312508,5.404834801180438,1.5922467805234328,0.9517788907378968,206.27455102040815,88.1095,98,13,0.04929999044183859,False
150698,,Chandpur Online Systems,broadband,2024-Q1,2024,1,57.5888051989932,18.558402356761764,44.616770405549474,9.61872577664242,68.70883870967742,38.0,31,7,0.015594894935683635,False
135918,,VIET DIGITAL TECHNOLOGY LIABILITY COMPANY,broadband,2024-Q1,2024,1,47.50801349678306,7.926353390049477,36.13121701002817,3.2534317031745372,61.08335714285714,65.4245,28,10,0.014085711554811024,False
135967,,Bach Kim Network solutions Join stock company,broadband,2024-Q1,2024,1,20.532073199609037,9.9425176875707,16.20318182977088,2.1207394136960898,182.30695652173915,118.969,23,6,0.011570405920023343,False
55309,,Minh Tu Telecom Limited Company,broadband,2024-Q1,2024,1,15.88537915741645,44.826566100729124,14.785774784419614,42.461984973184684,166.4481739130435,169.151,23,10,0.011570405920023343,False
150895,,EZ TECHNOLOGY COMPANY LIMITED,broadband,2024-Q1,2024,1,7.599093102004056,2.828593575778806,5.980335349033706,1.214723654771905,131.6722777777778,106.3415,18,5,0.00905510028523566,False
24176,,Branch of Netnam Company in Ho Chi Minh City,broadband,2024-Q1,2024,1,14.938177896191409,14.036917711049929,12.6628363924914,10.99321065130896,49.443875000000006,48.188500000000005,16,6,0.008048978031320585,False
63737,,VIETSERVER SERVICES TECHNOLOGY COMPANY LIMITED,broadband,2024-Q1,2024,1,25.26961054033483,9.72209867394188,24.854919062916068,8.543514962192338,192.63513333333333,238.748,15,3,0.0075459169043630495,False
63741,,DCNET TELECOM,broadband,2024-Q1,2024,1,19.49138575448439,7.216601862333124,12.72852214440352,8.045042288673482,102.91833333333334,50.927,15,9,0.0075459169043630495,False
38244,,VNG Corporation,broadband,2024-Q1,2024,1,38.44255020525491,19.20659535880973,35.523253454217596,6.222346515334815,80.45592857142857,79.5815,14,3,0.007042855777405512,False
135944,,VinhNam Commercial informatics service corporation,broadband,2024-Q1,2024,1,14.595340694445099,6.620596946291542,8.045416648622526,4.892113191294383,63.25490909090909,51.777,11,6,0.005533672396532903,False
38726,,VTC DIGICOM,broadband,2024-Q1,2024,1,22.077689095442917,20.405695487768917,16.881940429568957,15.688804228469934,36.440333333333335,42.0,9,7,0.00452755014261783,False
4637,,Telstra Global,broadband,2024-Q1,2024,1,17.406123864350324,26.61100504347313,11.27254457262155,23.639789931329325,136.8565555555556,39.447,9,1,0.00452755014261783,False
63764,,INCOM SAI GON JOINT STOCK COMPANY,broadband,2024-Q1,2024,1,11.72909828978439,10.363676876312772,13.541393605939446,11.085068119296672,49.40033333333333,47.6015,6,1,0.0030183667617452196,False
56147,,Creative Communication Vietnam Joint Stock Company,broadband,2024-Q1,2024,1,21.27379361036556,42.75451113290497,24.608919942483343,32.548550930505044,34.0464,40.0,5,1,0.002515305634787683,False
131366,,Lanit Technology and Communication Joint Stock Company,broadband,2024-Q1,2024,1,45.08102024838446,29.262129879289983,21.038137867251674,34.06548378584393,210.88400000000001,326.0,5,2,0.002515305634787683,False
149124,,WEBPX SOFTWARE COMPANY LIMITED,broadband,2024-Q1,2024,1,15.493084553723637,7.495659449352624,11.093247700518887,7.495659449352624,59.4,41.0,5,2,0.002515305634787683,False
135982,,Hoi An South Development Ltd,broadband,2024-Q1,2024,1,11.274884957181307,6.612428688442961,14.24088612815451,6.612428688442961,139.61849999999998,140.5,4,1,0.0020122445078301463,False
149068,,iNET software one member company limited,broadband,2024-Q1,2024,1,3.6604887760349776,6.101118498379077,3.617799899885009,6.101118498379077,109.742,42.484,4,1,0.0020122445078301463,False
135923,,SCTV INFRASTRUCTURE BUSINESS INVESMENT COMPANY LIMITED,broadband,2024-Q1,2024,1,1.8525800058568895,15.035725828386745,1.899241817147232,15.035725828386745,30.39,29.119,4,2,0.0020122445078301463,False
45166,,Pacific Internet Pte Ltd,broadband,2024-Q1,2024,1,106.43763766766865,103.25961440755044,94.78218263563643,93.8456129550902,72.70633333333333,4.007,3,1,0.0015091833808726098,False
135906,,BOOKING247 COMPANY LIMITED,broadband,2024-Q1,2024,1,32.199875320575714,17.346937326170575,31.069919644867834,17.346937326170575,222.37300000000002,312.865,3,1,0.0015091833808726098,False
132206,,DC DIGITAL DATA HUB COMPANY LIMITED,broadband,2024-Q1,2024,1,25.37252715901299,20.75097178769751,30.26644409425094,20.75097178769751,27.963333333333335,26.89,3,1,0.0015091833808726098,False
131414,,Long Van Soft Solution JSC,broadband,2024-Q1,2024,1,23.910035329789807,33.1788839156485,29.130860635420078,33.1788839156485,125.71499999999999,178.0,3,1,0.0015091833808726098,False
135929,,International Education Corporation,broadband,2024-Q1,2024,1,5.875132211234896,124.63561407955372,4.458019895470095,77.95366714363186,42.37866666666667,20.394,3,2,0.0015091833808726098,False
140810,,Megacore Technology Company Limited,broadband,2024-Q1,2024,1,82.35129404261751,28.189582804067225,80.8126712,35.602955305762684,71.39,21.62,3,3,0.0015091833808726098,False
56149,,Cong ty CP Truyen thong quoc te Incom,broadband,2024-Q1,2024,1,23.964417324952457,27.310055552608432,23.964417324952457,27.310055552608432,130.726,130.726,2,2,0.0010061222539150731,False
131354,,Prudential Vietnam Assurance Private limited,broadband,2024-Q1,2024,1,16.408519382071866,22.509680564105192,16.408519382071866,22.509680564105192,55.555,55.555,2,1,0.0010061222539150731,False
62240,,Clouvider,broadband,2024-Q1,2024,1,349.8822088709047,,349.8822088709047,,14.9235,14.9235,2,1,0.0010061222539150731,False
131386,,Long Van System Solution JSC,broadband,2024-Q1,2024,1,54.5506700150419,30.716325557386032,54.5506700150419,30.716325557386032,104.5,104.5,2,1,0.0010061222539150731,False
7643,,Vietnam Posts and Telecommunications (VNPT),broadband,2024-Q1,2024,1,8.394160618349941,11.888742476236562,8.394160618349941,11.888742476236562,49.974000000000004,49.974000000000004,2,1,0.0010061222539150731,False
149105,,IPTP NETWORKS DA NANG COMPANY LIMITED,broadband,2024-Q1,2024,1,219.8453071371072,187.91694383929425,219.8453071371072,187.91694383929425,21.316499999999998,21.316499999999998,2,1,0.0010061222539150731,False
63733,,Hoa Thai Software Services Company Limited,broadband,2024-Q1,2024,1,135.6295463338581,538.7664196186822,135.6295463338581,538.7664196186822,39.069,39.069,1,1,0.0005030611269575366,False
32043,,NeoFiber Communications inc.,broadband,2024-Q1,2024,1,2.977106989735126,,2.977106989735126,,218.809,218.809,1,1,0.0005030611269575366,False
56153,,Digital Storage Company Limited,broadband,2024-Q1,2024,1,30.675189512132146,,30.675189512132146,,179.613,179.613,1,1,0.0005030611269575366,False
131396,,Rmit International University Vietnam,broadband,2024-Q1,2024,1,204.31259143096656,196.82052651278903,204.31259143096656,196.82052651278903,44.788,44.788,1,1,0.0005030611269575366,False
38738,,"L.C.S Company.,ltd",broadband,2024-Q1,2024,1,59.42459688624757,55.059742256618584,59.42459688624757,55.059742256618584,43.313,43.313,1,1,0.0005030611269575366,False
149147,,GOFIBER SOFTWARE TECHNOLOGY COMPANY LIMITED,broadband,2024-Q1,2024,1,96.63609421824329,45.13856196862819,96.63609421824329,45.13856196862819,180.774,180.774,1,1,0.0005030611269575366,False
149102,,KHANH CHI ICT COMPANY LIMITED,broadband,2024-Q1,2024,1,40.71694327390855,8.019185148781341,40.71694327390855,8.019185148781341,19.149,19.149,1,1,0.0005030611269575366,False
63731,,TIEN PHAT TECHNOLOGY CORPORATION,broadband,2024-Q1,2024,1,95.3646927741006,44.14193435380372,95.3646927741006,44.14193435380372,50.927,50.927,1,1,0.0005030611269575366,False
38727,,HaNoi University of science and technology,broadband,2024-Q1,2024,1,9.909696256425692,9.800960190578222,9.909696256425692,9.800960190578222,22.374,22.374,1,1,0.0005030611269575366,False
131423,,Branch of Long Van System Solution JSC - Hanoi,broadband,2024-Q1,2024,1,49.13961667532911,111.6241147595787,49.13961667532911,111.6241147595787,25.257,25.257,1,1,0.0005030611269575366,False
140813,,DIGITAL SOLUTION AND TELECOMMUNICATIONS SERVICE JOINT STOCK COMPANY,broadband,2024-Q1,2024,1,10.036867347383637,9.504641226756993,10.036867347383637,9.504641226756993,54.0,54.0,1,1,0.0005030611269575366,False
131398,,LOTTE INNOVATE VIETNAM COMPANY LIMITED,broadband,2024-Q1,2024,1,15.606294392468696,0.8847099358493391,15.606294392468696,0.8847099358493391,394.0,394.0,1,1,0.0005030611269575366,False
131357,,Duy Tan University,broadband,2024-Q1,2024,1,253.99082608217572,20.419931073394576,253.99082608217572,20.419931073394576,37.974,37.974,1,1,0.0005030611269575366,False
135951,,Webico Company Limited,broadband,2024-Q1,2024,1,51.25846033294929,5.5081010368119125,51.25846033294929,5.5081010368119125,259.232,259.232,1,1,0.0005030611269575366,False
131435,,Vietnam Esports and Entertainment Joint Stock Company,broadband,2024-Q1,2024,1,20.39380694291431,23.029171029171028,20.39380694291431,23.029171029171028,55.64,55.64,1,1,0.0005030611269575366,False
56155,,Tuong Minh Software Solutions Company Limited,broadband,2024-Q1,2024,1,13.45958775654671,24.42353111526482,13.45958775654671,24.42353111526482,22.45,22.45,1,1,0.0005030611269575366,False
150861,,POWERNET COMPANY LIMITED,broadband,2024-Q1,2024,1,5.508515753964279,0.07542560342022622,5.508515753964279,0.07542560342022622,19.0,19.0,1,1,0.0005030611269575366,False
7552,Viettel,Viettel Group,broadband,2024-Q2,2024,2,63.91086963385258,51.11107898132757,42.48964284793904,35.55210755511905,76.3131253273314,51.822,462092,167017,41.56796988991179,True
45899,VNPT,VNPT Corp,broadband,2024-Q2,2024,2,40.056505935782546,30.619441352676056,24.96253908574114,21.232600908411687,144.2134155763994,71.6945,330519,107456,29.732182855456823,True
18403,FPT,FPT Telecom Company,broadband,2024-Q2,2024,2,60.932288884988886,40.417981004051065,31.552839842159234,26.312659813729386,133.6759733543172,66.161,275789,81840,24.80888837713893,True
24086,Viettel,Viettel Corporation,broadband,2024-Q2,2024,2,84.64045431194057,61.55305947685662,65.24535394875222,49.5623737515458,61.54643916294706,43.862,17252,2509,1.5519217310422129,True
45543,SCTV,SaiGon Tourist cable Televition Company,broadband,2024-Q2,2024,2,29.374627987671378,16.928851510821485,18.067921313662417,10.571818456765167,87.6773134215908,56.694,9291,2467,0.8357816370921168,True
131429,MobiFone,MOBIFONE Corporation,broadband,2024-Q2,2024,2,49.026114310972794,35.44154844700792,33.12111894349709,27.324123034573546,92.43768307040263,59.0,4247,761,0.38204333362718973,True
45903,,CMC Telecom Infrastructure Company,broadband,2024-Q2,2024,2,35.11540290519295,29.053740888370168,18.872892493729417,10.622281975775945,72.20023654665118,57.756,2583,369,0.23235647062845094,True
7602,,Sai gon Postel Corporation,broadband,2024-Q2,2024,2,19.52085592225605,27.13404148489683,16.32794075250937,25.320437784677537,68.55267129851462,67.561,2087,141,0.18773827108074995,True
24088,,Hanoi Telecom Joint Stock Company - HCMC Branch,broadband,2024-Q2,2024,2,43.443604293482814,29.56986133943154,21.984975037872676,16.383780492975607,90.01795775673706,55.633,1373,163,0.12350965318345457,True
135905,VNPT,VIETNAM POSTS AND TELECOMMUNICATIONS GROUP,broadband,2024-Q2,2024,2,32.048246179823785,17.4581339223064,18.283139166058017,8.101577036270932,73.66082600561273,57.925,1069,137,0.09616301475099266,True
(unknown),,,broadband,2024-Q2,2024,2,65.37224477314913,53.241166372732124,25.366085642096564,15.98533937932946,126.38846722846442,66.07650000000001,1068,260,0.09607305870351746,True
24173,,Netnam Company,broadband,2024-Q2,2024,2,25.22802358124583,20.501428875750296,15.821775101161268,11.43726043501117,84.15141897654584,52.82,938,210,0.08437877253174099,True
45557,,Vietnam Technology and Telecommunication JSC,broadband,2024-Q2,2024,2,27.79570240788847,23.532430639131867,23.060250748561,19.248655868552394,91.24095705521474,54.337,815,125,0.07331417869229094,True
151858,,INTERDIGI JOINT STOCK COMPANY,broadband,2024-Q2,2024,2,29.79104762254913,22.623440923598004,16.796762697346008,13.876808214753002,178.83508156028367,50.9835,282,28,0.02536760538800742,True
38731,,Vietel - CHT Compamy Ltd,broadband,2024-Q2,2024,2,57.89926654753509,21.045699010526725,43.501195728437,8.412103330459164,73.9812027027027,43.373999999999995,222,34,0.0199702425394952,True
63747,,Central Post and Telecommunication (CPT),broadband,2024-Q2,2024,2,16.768666924077362,23.930734856012354,11.369532557462344,18.116038299198188,58.8481198156682,56.046,217,3,0.019520462302119186,True
140810,,Megacore Technology Company Limited,broadband,2024-Q2,2024,2,63.66084201242351,26.38539648886331,33.27808416068136,14.685329231200775,150.48072058823527,85.0,204,18,0.018351033684941537,True
135967,,Bach Kim Network solutions Join stock company,broadband,2024-Q2,2024,2,14.756574763159236,6.408275900605778,7.529427706982394,2.965922737904273,178.3076354679803,62.346,203,17,0.018261077637466334,True
63741,,DCNET TELECOM,broadband,2024-Q2,2024,2,11.87818367589845,9.076058712730818,9.500608796484007,8.934713060697558,57.40757425742575,53.069,202,16,0.01817112158999113,True
135944,,VinhNam Commercial informatics service corporation,broadband,2024-Q2,2024,2,20.128370262261846,14.863178866069822,11.684122920704148,4.053653214808089,150.75531343283583,50.791,201,13,0.018081165542515928,True
150895,,EZ TECHNOLOGY COMPANY LIMITED,broadband,2024-Q2,2024,2,24.986837378032746,15.867254672350109,21.6773551867524,13.862570939047947,168.1565820895523,47.345,134,17,0.012054110361677285,True
55309,,Minh Tu Telecom Limited Company,broadband,2024-Q2,2024,2,16.17429933023862,14.097700417515918,16.642430254148607,3.6553312126815114,65.60995535714287,62.8395,112,11,0.010075077317222805,True
55308,,Department of Information Technology and Digital Transformation - Ministry of Finance,broadband,2024-Q2,2024,2,24.653428406010093,21.576027180049717,21.707486868063256,18.47041822750179,102.42692708333334,61.727500000000006,96,1,0.008635780557619547,False
135918,,VIET DIGITAL TECHNOLOGY LIABILITY COMPANY,broadband,2024-Q2,2024,2,26.81311643664606,14.714036465454551,17.925798440308704,3.7744781032930534,98.78752112676057,38.921,71,13,0.006386879370739456,False
63731,,TIEN PHAT TECHNOLOGY CORPORATION,broadband,2024-Q2,2024,2,227.38400566824492,201.53248188676804,277.40774856847537,219.4106052547259,50.10601754385965,50.533,57,5,0.005127494706086606,False
38733,,CMC Telecom Infrastructure Company,broadband,2024-Q2,2024,2,14.747723072004078,15.667080684078002,2.693143252613425,13.146896760411748,78.8768909090909,87.817,55,3,0.004947582611136199,False
32043,,NeoFiber Communications inc.,broadband,2024-Q2,2024,2,39.619542692251606,0.05528796270694857,45.005432855627866,0.048681293332329435,166.80056097560976,194.0,41,2,0.003688197946483348,False
140769,,INFORMATICS SOLUTION COMPANY LIMITED,broadband,2024-Q2,2024,2,22.524951638167686,11.756506779563678,12.33389239544399,6.57359621075817,303.120425,253.75,40,1,0.0035982418990081447,False
6619,,SamsungSDS Inc.,broadband,2024-Q2,2024,2,4.691567326120795,2.1180857061091785,1.6803859785605784,1.357324872441715,219.4754444444444,324.63300000000004,36,4,0.00323841770910733,False
38738,,"L.C.S Company.,ltd",broadband,2024-Q2,2024,2,49.1126093294986,4.6607511239293435,54.98410301409311,3.2163678134439153,44.862638888888895,40.6195,36,2,0.00323841770910733,False
24176,,Branch of Netnam Company in Ho Chi Minh City,broadband,2024-Q2,2024,2,8.666542932308916,7.279086111897218,6.678830866676337,4.062667763614846,125.80977777777778,66.83850000000001,36,9,0.00323841770910733,False
131385,,VTV-VN,broadband,2024-Q2,2024,2,52.406873246327685,42.108799830289016,22.66651864799963,31.280979099438913,117.23145161290321,170.977,31,2,0.002788637471731312,False
45894,,FPT Online JSC,broadband,2024-Q2,2024,2,63.5601760486267,55.55287019569502,60.30863744944301,48.311454423412215,126.52765517241379,49.284,29,1,0.0026087253767809048,False
38726,,VTC DIGICOM,broadband,2024-Q2,2024,2,23.13363490102419,22.16091324499215,19.945142802878962,22.872222796748733,36.38539285714286,32.449,28,14,0.0025187693293057013,False
131357,,Duy Tan University,broadband,2024-Q2,2024,2,49.197801262248646,69.62839507593006,38.68354693303811,41.106097592032725,93.70918518518519,53.128,27,2,0.0024288132818304975,False
140787,,LAM A ARCHITECTURE CONSTRUCTION COMPANY LIMITED,broadband,2024-Q2,2024,2,39.19740525086119,5.431725032571795,36.7344288418763,2.804609874233772,99.88043478260872,68.666,23,10,0.0020689890919296833,False
38244,,VNG Corporation,broadband,2024-Q2,2024,2,8.599529741720898,6.862477793090631,6.741226953011354,7.190618476404481,30.68675,22.5,16,3,0.0014392967596032577,False
63739,,VIETPN Company Limited,broadband,2024-Q2,2024,2,13.167146797648844,0.6414779640577436,0.7004128261375058,0.5551030423202572,234.21150000000003,265.40250000000003,14,7,0.0012593846646528507,False
56141,,Danang ICT Infrastructure Development Center,broadband,2024-Q2,2024,2,45.47905245703365,22.624107300188605,54.91218622199165,14.607471567515246,81.70358333333333,46.3395,12,3,0.0010794725697024434,False
135923,,SCTV INFRASTRUCTURE BUSINESS INVESMENT COMPANY LIMITED,broadband,2024-Q2,2024,2,130.4808590554704,118.15545770678035,131.9921541470555,72.39086516073881,34.4425,30.9315,12,2,0.0010794725697024434,False
135978,,Hanoi University of Industry,broadband,2024-Q2,2024,2,7.951381641252409,29.653487356235953,1.014505456106424,29.653487356235953,119.85570000000003,121.138,10,1,0.0008995604747520362,False
140813,,DIGITAL SOLUTION AND TELECOMMUNICATIONS SERVICE JOINT STOCK COMPANY,broadband,2024-Q2,2024,2,18.309785547740603,5.597711263570246,12.384844750199106,5.597711263570246,75.59944444444444,62.082,9,2,0.0008096044272768325,False
150861,,POWERNET COMPANY LIMITED,broadband,2024-Q2,2024,2,15.07660035413524,1.134972524870815,14.69057686856279,0.698721569589729,59.63342857142857,58.739,7,1,0.0006296923323264253,False
135951,,Webico Company Limited,broadband,2024-Q2,2024,2,90.29251891263566,37.045718068891745,54.01223079159779,33.86106135462374,90.20157142857144,39.0,7,2,0.0006296923323264253,False
131412,,State Audit Office of Vietnam,broadband,2024-Q2,2024,2,9.328229821253045,3.7115375417260505,9.792207675895174,3.8584354636032883,60.618500000000004,58.9525,6,1,0.0005397362848512217,False
131373,,Information Technology Center - Ministry of Science and Technology,broadband,2024-Q2,2024,2,13.82975673727824,10.657403789591656,14.259542504591819,7.974772497988381,92.79466666666667,45.164500000000004,6,1,0.0005397362848512217,False
135964,,RVC Rong Viet Trade Service Telecom Company Limited,broadband,2024-Q2,2024,2,108.41844421751364,217.19770748098964,127.99562512680303,226.02771666696,35.1226,32.525,5,2,0.0004497802373760181,False
149136,,AALO.VN DIGITAL TECHNOLOGY JOINT STOCK COMPANY,broadband,2024-Q2,2024,2,19.570137856416938,14.779052411558315,21.22124902408499,14.779052411558315,81.08875,49.35,4,1,0.00035982418990081444,False
149148,,"Phu Hai Computer Co., Ltd",broadband,2024-Q2,2024,2,28.887351386366262,14.272926419789655,23.599242997172677,17.168061085305702,188.50125,187.5025,4,1,0.00035982418990081444,False
140806,,"PVS TELECOM CO.LTD.,",broadband,2024-Q2,2024,2,12.693221509642562,41.97624043682856,12.62121417185147,41.366588647132886,35.0895,34.21,4,1,0.00035982418990081444,False
150698,,Chandpur Online Systems,broadband,2024-Q2,2024,2,48.53835324807278,,44.66139338901036,,39.06766666666667,39.0,3,1,0.00026986814242561084,False
56147,,Creative Communication Vietnam Joint Stock Company,broadband,2024-Q2,2024,2,38.18236906628787,42.2682027651636,12.727600803334301,11.404073572472365,50.59766666666667,41.0,3,2,0.00026986814242561084,False
150905,,CENTRAL ELECTRICITY INFORMATION TECHNOLOGY COMPANY - CENTRAL REGIONAL ELECTRICITY CORPORATION,broadband,2024-Q2,2024,2,11.053758243259267,68.60526641048338,8.1811623449768,68.60526641048338,42.36233333333333,40.037,3,1,0.00026986814242561084,False
63760,,AZDIGI Corporation,broadband,2024-Q2,2024,2,10.932795264179148,21.157966014518443,10.542201800293158,27.898422035902854,230.76833333333332,324.072,3,1,0.00026986814242561084,False
45166,,Pacific Internet Pte Ltd,broadband,2024-Q2,2024,2,110.02333079189582,121.14633574121626,94.8434151063024,121.14633574121626,2.780666666666667,2.908,3,1,0.00026986814242561084,False
135982,,Hoi An South Development Ltd,broadband,2024-Q2,2024,2,14.646362372206006,12.168004520895266,14.646362372206006,16.41387648108273,61.0,61.0,2,1,0.00017991209495040722,False
135929,,International Education Corporation,broadband,2024-Q2,2024,2,97.7915805681508,146.54565342389134,97.7915805681508,146.54565342389134,44.477000000000004,44.477000000000004,2,2,0.00017991209495040722,False
45542,,VietNam National University Ha Noi,broadband,2024-Q2,2024,2,2.9194413392680265,3.407209705740031,2.9194413392680265,3.407209705740031,54.864,54.864,1,1,8.995604747520361e-05,False
131421,,"Intercom Telecom., JSC",broadband,2024-Q2,2024,2,8.574458357582994,8.99622791240821,8.574458357582994,8.99622791240821,229.225,229.225,1,1,8.995604747520361e-05,False
63733,,Hoa Thai Software Services Company Limited,broadband,2024-Q2,2024,2,33.362692596768134,,33.362692596768134,,41.0,41.0,1,1,8.995604747520361e-05,False
56155,,Tuong Minh Software Solutions Company Limited,broadband,2024-Q2,2024,2,51.32564261937706,,51.32564261937706,,22.098,22.098,1,1,8.995604747520361e-05,False
38727,,HaNoi University of science and technology,broadband,2024-Q2,2024,2,9.513074942820936,8.791266758590401,9.513074942820936,8.791266758590401,22.0,22.0,1,1,8.995604747520361e-05,False
135906,,BOOKING247 COMPANY LIMITED,broadband,2024-Q2,2024,2,7.379253724125874,,7.379253724125874,,218.738,218.738,1,1,8.995604747520361e-05,False
149065,,MT GROUP COMPANY LIMITED,broadband,2024-Q2,2024,2,88.52744772835041,,88.52744772835041,,45.057,45.057,1,1,8.995604747520361e-05,False
131127,,GLOBAL TECHNOLOGY - TELECOMMUNICATIONS CORPORATION,broadband,2024-Q2,2024,2,74.54118563748847,70.21569164857732,74.54118563748847,70.21569164857732,49.0,49.0,1,1,8.995604747520361e-05,False
135912,,VNETWORK Joint Stock Company,broadband,2024-Q2,2024,2,109.85898599411318,54.05646078283435,109.85898599411318,54.05646078283435,50.489,50.489,1,1,8.995604747520361e-05,False
131396,,Rmit International University Vietnam,broadband,2024-Q2,2024,2,361.2830493077345,273.616369307465,361.2830493077345,273.616369307465,23.125,23.125,1,1,8.995604747520361e-05,False
131398,,LOTTE INNOVATE VIETNAM COMPANY LIMITED,broadband,2024-Q2,2024,2,79.21991977907798,88.58617244829654,79.21991977907798,88.58617244829654,75.317,75.317,1,1,8.995604747520361e-05,False
132206,,DC DIGITAL DATA HUB COMPANY LIMITED,broadband,2024-Q2,2024,2,7.432843355121495,0.5141498930252589,7.432843355121495,0.5141498930252589,38.482,38.482,1,1,8.995604747520361e-05,False
135983,,Tino Group Joint Stock Company,broadband,2024-Q2,2024,2,2.0835311115079302,0.006488509314782698,2.0835311115079302,0.006488509314782698,34.347,34.347,1,1,8.995604747520361e-05,False
7552,Viettel,Viettel Group,broadband,2024-Q3,2024,3,54.84891217960494,43.098273789355744,33.57393174590436,28.692887605935148,72.10944835476205,55.745,159531,72650,39.72444807442342,True
45899,VNPT,VNPT Corp,broadband,2024-Q3,2024,3,41.33702843614688,32.48477145538787,25.01212486244259,23.07480850616003,106.22736617492889,62.9985,133560,56552,33.25746898609043,True
18403,FPT,FPT Telecom Company,broadband,2024-Q3,2024,3,56.293552409833104,40.63577270780976,28.07407550384506,26.558555274341213,137.12577767534935,70.948,88958,45970,22.151227358974488,True
24086,Viettel,Viettel Corporation,broadband,2024-Q3,2024,3,70.71342365956089,56.532089111693864,68.46218785353301,50.296669332707296,51.642729487970385,42.721000000000004,6485,2198,1.614814962374936,True
45543,SCTV,SaiGon Tourist cable Televition Company,broadband,2024-Q3,2024,3,26.916964710619038,16.323395801515822,16.79817034721258,11.112843706430688,129.82104797630797,82.84,5065,2074,1.261224022271249,True
131429,MobiFone,MOBIFONE Corporation,broadband,2024-Q3,2024,3,44.71252285540755,34.48615024242308,30.528474839812233,25.360362326017082,95.9586303270565,58.9685,2018,618,0.5024975472741127,True
151858,,INTERDIGI JOINT STOCK COMPANY,broadband,2024-Q3,2024,3,7.378236224176964,5.843092318752555,1.2664474273554125,1.8717502267065687,379.23485602240885,399.821,1785,39,0.4444787521725922,True
(unknown),,,broadband,2024-Q3,2024,3,142.21546080044254,119.06018128108536,59.65724542222955,77.63177730142219,141.53621626984128,56.326,1008,129,0.25099976593275797,True
45903,,CMC Telecom Infrastructure Company,broadband,2024-Q3,2024,3,26.20116275963727,20.733125833320926,13.954559641116315,9.34551159634652,104.32017638036811,72.191,652,304,0.1623530232025379,True
135905,VNPT,VIETNAM POSTS AND TELECOMMUNICATIONS GROUP,broadband,2024-Q3,2024,3,34.623954296016244,12.067203161064008,24.019301376442876,4.411899497109701,83.34767602591793,58.0,463,145,0.11529056709014576,True
24088,,Hanoi Telecom Joint Stock Company - HCMC Branch,broadband,2024-Q3,2024,3,28.224416572385195,21.874899451540475,21.38544879472254,13.053158633130574,63.99172431077693,50.75,399,166,0.09935407401505003,True
24173,,Netnam Company,broadband,2024-Q3,2024,3,26.504907769295215,24.058600960780954,14.662450846313787,12.042057719568271,92.10037665782492,61.655,377,154,0.09387590452048586,True
45557,,Vietnam Technology and Telecommunication JSC,broadband,2024-Q3,2024,3,32.7166771202913,27.604028447907382,29.104239351658137,22.21519534326473,73.82047826086958,44.46,253,76,0.06299894918748786,True
140810,,Megacore Technology Company Limited,broadband,2024-Q3,2024,3,28.830498838348497,14.707112974648158,16.887739361319497,9.663874839981112,149.15160893854747,197.918,179,25,0.044572379069408405,True
38731,,Vietel - CHT Compamy Ltd,broadband,2024-Q3,2024,3,42.57041592036839,22.31450085419386,36.04665925833283,11.73129624107995,88.98214634146342,54.963499999999996,82,27,0.020418631752466422,False
7602,,Sai gon Postel Corporation,broadband,2024-Q3,2024,3,17.487060409739478,24.190221239669473,9.901635550038216,6.813772843374927,78.18946835443037,74.799,79,43,0.01967160863957131,False
135967,,Bach Kim Network solutions Join stock company,broadband,2024-Q3,2024,3,16.34089609959771,6.396226670905002,12.414149616509157,4.216456414755333,173.35754285714285,174.676,70,11,0.01743053930088597,False
151917,,Jupiter Media Joint Stock Company,broadband,2024-Q3,2024,3,24.924644307118694,15.075860148615241,24.828077344814222,11.60517828218962,241.65500000000003,315.03700000000003,62,20,0.015438477666499001,False
63747,,Central Post and Telecommunication (CPT),broadband,2024-Q3,2024,3,16.500379869810853,38.07016882971384,10.309816964850443,42.265195114242076,75.53303225806451,57.9135,62,5,0.015438477666499001,False
135944,,VinhNam Commercial informatics service corporation,broadband,2024-Q3,2024,3,16.787989626111443,12.560902169125605,9.58453735223454,6.13868157262885,141.49081967213115,103.089,61,13,0.01518946996220063,False
6619,,SamsungSDS Inc.,broadband,2024-Q3,2024,3,7.068306090798853,6.458562724269423,3.97604999274524,3.6446263198363122,139.13442857142857,87.093,49,4,0.01220137751062018,False
63741,,DCNET TELECOM,broadband,2024-Q3,2024,3,17.120456517337345,9.488126267601041,10.012925795760035,9.532890507435201,98.82261538461537,55.0,39,11,0.009711300467636469,False
150895,,EZ TECHNOLOGY COMPANY LIMITED,broadband,2024-Q3,2024,3,32.96969643077823,26.677309156816253,18.195899840632954,5.843042971017804,140.79132352941176,55.6195,34,17,0.008466261946144613,False
149124,,WEBPX SOFTWARE COMPANY LIMITED,broadband,2024-Q3,2024,3,14.187780478208817,4.624313485589301,8.955504719740691,3.625977299054039,94.56083333333333,47.812,24,3,0.0059761849031609035,False
55309,,Minh Tu Telecom Limited Company,broadband,2024-Q3,2024,3,29.309550163368712,44.11820915206347,18.84259941191088,30.591269523184877,90.71399999999998,43.648,23,14,0.005727177198862533,False
131385,,VTV-VN,broadband,2024-Q3,2024,3,6.022404377353505,13.406672304110785,1.2786164051930413,1.3560009059669322,97.54063636363638,61.6395,22,2,0.005478169494564162,False
38733,,CMC Telecom Infrastructure Company,broadband,2024-Q3,2024,3,5.277197238767655,16.922422298378404,0.5644971915220488,15.453054958193908,66.84852380952381,74.146,21,1,0.005229161790265791,False
140787,,LAM A ARCHITECTURE CONSTRUCTION COMPANY LIMITED,broadband,2024-Q3,2024,3,17.441206174568055,10.393112083637556,14.55191394335275,13.910065829102644,279.21359999999993,334.6275,20,2,0.0049801540859674195,False
38738,,"L.C.S Company.,ltd",broadband,2024-Q3,2024,3,162.43675469332433,22.715383984505472,178.52200158559904,23.630046206827522,37.42421052631579,23.0,19,4,0.004731146381669049,False
135923,,SCTV INFRASTRUCTURE BUSINESS INVESMENT COMPANY LIMITED,broadband,2024-Q3,2024,3,114.03641736107697,49.70480833123252,60.32525689691724,32.19173707555064,101.56663157894737,65.0,19,4,0.004731146381669049,False
135912,,VNETWORK Joint Stock Company,broadband,2024-Q3,2024,3,51.10669949924214,8.097673564297931,28.25142502506936,3.7836379990387194,97.2952142857143,60.9745,14,11,0.003486107860177194,False
135918,,VIET DIGITAL TECHNOLOGY LIABILITY COMPANY,broadband,2024-Q3,2024,3,17.247719624548548,6.548084203072222,10.77177906631309,3.1715849328898256,116.26585714285716,84.4645,14,5,0.003486107860177194,False
63731,,TIEN PHAT TECHNOLOGY CORPORATION,broadband,2024-Q3,2024,3,30.821556779841654,93.51403452062415,25.072837993269488,85.30010356802185,35.16176923076923,39.0,13,3,0.003237100155878823,False
38726,,VTC DIGICOM,broadband,2024-Q3,2024,3,15.144183038306819,15.077417077194234,9.734875426425496,14.432619294209834,180.28241666666668,184.09699999999998,12,5,0.0029880924515804518,False
149136,,AALO.VN DIGITAL TECHNOLOGY JOINT STOCK COMPANY,broadband,2024-Q3,2024,3,10.015224502690392,4.541804412409874,3.0613489364129736,4.998317042461673,90.6818,46.028,10,2,0.0024900770429837097,False
24176,,Branch of Netnam Company in Ho Chi Minh City,broadband,2024-Q3,2024,3,18.43532776573806,20.63840683299137,15.022313667016343,14.39636553913706,56.51840000000001,52.6235,10,6,0.0024900770429837097,False
135942,,Adsota Corporation,broadband,2024-Q3,2024,3,35.658848600432194,8.462326632017168,23.940750429479596,9.563757408771602,123.816375,67.5,8,2,0.001992061634386968,False
131396,,Rmit International University Vietnam,broadband,2024-Q3,2024,3,862.7169629301881,6.282785265653696,838.7938195240714,6.304463206132754,21.39425,21.4655,8,1,0.001992061634386968,False
135929,,International Education Corporation,broadband,2024-Q3,2024,3,4.564832740560803,5.36106238552588,4.268124983408107,6.146316672864506,33.089,30.349,7,2,0.001743053930088597,False
135909,,Information Technology Park - Vietnam National University Ho Chi Minh City,broadband,2024-Q3,2024,3,37.08268535684212,24.872206204945527,43.135545952665055,27.2089936653806,175.6265,202.54000000000002,6,2,0.0014940462257902259,False
131423,,Branch of Long Van System Solution JSC - Hanoi,broadband,2024-Q3,2024,3,40.621798618882096,43.042298466501606,5.729415384806656,1.8487862414702132,60.8584,53.925,5,3,0.0012450385214918549,False
131357,,Duy Tan University,broadband,2024-Q3,2024,3,18.95339665818385,31.935664771578374,1.3275679562936966,14.330956143599739,61.6016,52.054,5,3,0.0012450385214918549,False
63760,,AZDIGI Corporation,broadband,2024-Q3,2024,3,64.97447758298394,35.51797816958676,60.57071438907374,35.51797816958676,41.406400000000005,41.406,5,1,0.0012450385214918549,False
149127,,Bac Giang Department of Information and Communications,broadband,2024-Q3,2024,3,44.74916670225342,22.930076935318347,44.07408561855995,22.930076935318347,138.46075000000002,142.928,4,2,0.000996030817193484,False
135158,,Softnet Limited,broadband,2024-Q3,2024,3,23.055782364048802,30.349042733319237,26.579788033298748,33.35701307576327,252.74900000000002,252.50650000000002,4,1,0.000996030817193484,False
32043,,NeoFiber Communications inc.,broadband,2024-Q3,2024,3,19.599161175468232,1.2772930085597065,6.51184106785414,1.2772930085597065,106.59125000000002,118.684,4,2,0.000996030817193484,False
149147,,GOFIBER SOFTWARE TECHNOLOGY COMPANY LIMITED,broadband,2024-Q3,2024,3,65.40388057224942,9.78763173471983,76.98270334890617,1.8466448135164322,89.33825,56.897499999999994,4,2,0.000996030817193484,False
56141,,Danang ICT Infrastructure Development Center,broadband,2024-Q3,2024,3,23.570844178227265,19.92669482953037,4.744356170361093,4.766123522373118,71.11666666666666,76.99,3,2,0.0007470231128951129,False
63739,,VIETPN Company Limited,broadband,2024-Q3,2024,3,14.156508447456751,0.015214133752659328,0.5332533403913043,0.015214133752659328,259.0463333333334,275.362,3,2,0.0007470231128951129,False
131386,,Long Van System Solution JSC,broadband,2024-Q3,2024,3,29.12358840681796,9.856453383612068,41.341913342299165,9.856453383612068,116.41433333333333,94.0,3,3,0.0007470231128951129,False
140813,,DIGITAL SOLUTION AND TELECOMMUNICATIONS SERVICE JOINT STOCK COMPANY,broadband,2024-Q3,2024,3,21.752881101852097,5.3486113602868395,22.401345124357068,5.3486113602868395,70.92566666666666,69.337,3,2,0.0007470231128951129,False
56155,,Tuong Minh Software Solutions Company Limited,broadband,2024-Q3,2024,3,29.876208677962435,84.4635775056506,33.19002573482649,87.60388538640115,42.187333333333335,50.606,3,2,0.0007470231128951129,False
135987,,Reload Company Limited,broadband,2024-Q3,2024,3,45.77040014985663,0.07968999100191676,45.77040014985663,0.07968999100191676,294.368,294.368,2,1,0.000498015408596742,False
149068,,iNET software one member company limited,broadband,2024-Q3,2024,3,54.8217336724695,18.298778896949,54.8217336724695,18.298778896949,40.329499999999996,40.329499999999996,2,2,0.000498015408596742,False
135978,,Hanoi University of Industry,broadband,2024-Q3,2024,3,0.7957716937981683,0.731318426522068,0.7957716937981683,0.731318426522068,174.449,174.449,2,1,0.000498015408596742,False
135901,,Phuong Dong technology solution company limited,broadband,2024-Q3,2024,3,52.10348950163486,15.418570036966472,52.10348950163486,15.418570036966472,209.623,209.623,2,1,0.000498015408596742,False
56147,,Creative Communication Vietnam Joint Stock Company,broadband,2024-Q3,2024,3,29.77097806304561,39.122037599730135,29.77097806304561,39.122037599730135,34.7665,34.7665,2,2,0.000498015408596742,False
133606,,Viettel Timor Leste,broadband,2024-Q3,2024,3,81.64602163711655,11.149241367614218,81.64602163711655,11.149241367614218,62.868,62.868,1,1,0.000249007704298371,False
150821,,HD TECHNICAL INFRASTRUCTURE CONSTRUCTION COMPANY LIMITED,broadband,2024-Q3,2024,3,4.131311598969797,,4.131311598969797,,59.868,59.868,1,1,0.000249007704298371,False
131398,,LOTTE INNOVATE VIETNAM COMPANY LIMITED,broadband,2024-Q3,2024,3,57.802489883933326,47.41317789574261,57.802489883933326,47.41317789574261,70.0,70.0,1,1,0.000249007704298371,False
140769,,INFORMATICS SOLUTION COMPANY LIMITED,broadband,2024-Q3,2024,3,1.024422204139707,,1.024422204139707,,253.018,253.018,1,1,0.000249007704298371,False
55322,,North Power Company,broadband,2024-Q3,2024,3,137.87592021449714,197.7601752163532,137.87592021449714,197.7601752163532,23.477,23.477,1,1,0.000249007704298371,False
131366,,Lanit Technology and Communication Joint Stock Company,broadband,2024-Q3,2024,3,27.16152838230643,,27.16152838230643,,20.0,20.0,1,1,0.000249007704298371,False
55313,,Hanel Communication JSC,broadband,2024-Q3,2024,3,34.077743304915536,,34.077743304915536,,40.0,40.0,1,1,0.000249007704298371,False
38727,,HaNoi University of science and technology,broadband,2024-Q3,2024,3,9.838857981815122,9.707579209389106,9.838857981815122,9.707579209389106,22.565,22.565,1,1,0.000249007704298371,False
131127,,GLOBAL TECHNOLOGY - TELECOMMUNICATIONS CORPORATION,broadband,2024-Q3,2024,3,88.36038234866781,92.16036348411072,88.36038234866781,92.16036348411072,22.784,22.784,1,1,0.000249007704298371,False
135951,,Webico Company Limited,broadband,2024-Q3,2024,3,75.01513103576133,,75.01513103576133,,57.0,57.0,1,1,0.000249007704298371,False
38244,,VNG Corporation,broadband,2024-Q3,2024,3,3.908143486200268,,3.908143486200268,,269.943,269.943,1,1,0.000249007704298371,False
135982,,Hoi An South Development Ltd,broadband,2024-Q3,2024,3,3.5639750854903425,0.6540523238739262,3.5639750854903425,0.6540523238739262,73.019,73.019,1,1,0.000249007704298371,False
151863,,PSG JOINT STOCK COMPANY,broadband,2024-Q3,2024,3,9.367591905576317,,9.367591905576317,,326.977,326.977,1,1,0.000249007704298371,False
56149,,Cong ty CP Truyen thong quoc te Incom,broadband,2024-Q3,2024,3,40.11774440986735,46.94260588048017,40.11774440986735,46.94260588048017,23.0,23.0,1,1,0.000249007704298371,False
131414,,Long Van Soft Solution JSC,broadband,2024-Q3,2024,3,1.09616743017342,0.2723365107459545,1.09616743017342,0.2723365107459545,20.621,20.621,1,1,0.000249007704298371,False
150698,,Chandpur Online Systems,broadband,2024-Q3,2024,3,1.8381206241777108,,1.8381206241777108,,173.408,173.408,1,1,0.000249007704298371,False
63766,,VEGAGAME-VN,broadband,2024-Q3,2024,3,18.133055954674578,,18.133055954674578,,20.45,20.45,1,1,0.000249007704298371,False
7552,Viettel,Viettel Group,broadband,2024-Q4,2024,4,69.57938986146907,57.63317872933886,40.433037974461456,35.05564201093326,91.68494320710333,48.0865,94394,56322,36.69662711679911,True
45899,VNPT,VNPT Corp,broadband,2024-Q4,2024,4,51.48537585989847,39.201711349250616,31.72351262940871,25.289783306191815,106.14087732383253,51.8465,81121,45295,31.536613432441257,True
18403,FPT,FPT Telecom Company,broadband,2024-Q4,2024,4,61.255992068746146,49.73725897419188,30.846249366729758,31.225698868318325,127.68986731115912,81.0,50488,31353,19.62772326496338,True
151858,,INTERDIGI JOINT STOCK COMPANY,broadband,2024-Q4,2024,4,3.875627255908037,2.298395426833138,0.8992771364355457,1.3742828506238336,389.242372526472,377.612,20871,35,8.113813426221096,True
45543,SCTV,SaiGon Tourist cable Televition Company,broadband,2024-Q4,2024,4,34.454502991443185,19.928091922677982,21.18471992875003,12.641138373715266,140.02363782051282,85.60900000000001,3432,1409,1.334224889980873,True
24086,Viettel,Viettel Corporation,broadband,2024-Q4,2024,4,83.77877677546819,66.43886934684917,56.45837174353256,44.45160105178475,50.64125548531053,35.702,2689,1564,1.0453760865846642,True
131429,MobiFone,MOBIFONE Corporation,broadband,2024-Q4,2024,4,52.55105227167368,39.64793903519131,38.67131783116273,29.624818771591958,105.47818333333332,71.8485,1381,780,0.5368777893541916,True
45903,,CMC Telecom Infrastructure Company,broadband,2024-Q4,2024,4,43.98901747345299,31.104676755943142,28.485071038128964,19.265946280508068,63.8418532731377,45.7,443,214,0.17222075357270591,True
135905,VNPT,VIETNAM POSTS AND TELECOMMUNICATIONS GROUP,broadband,2024-Q4,2024,4,34.888917381799224,13.265481017615672,19.368812932803156,6.034493144952963,100.69770023419201,56.441,427,115,0.16600059091545244,True
24173,,Netnam Company,broadband,2024-Q4,2024,4,56.801530752910054,41.97033845531893,27.847441616421143,18.5531705157401,63.9922557544757,40.853,392,185,0.15239398510271043,True
24088,,Hanoi Telecom Joint Stock Company - HCMC Branch,broadband,2024-Q4,2024,4,32.78142420951848,32.133141180141806,24.117074054703217,18.02046478124165,53.62340928270042,40.259,237,107,0.09213615936056728,True
45557,,Vietnam Technology and Telecommunication JSC,broadband,2024-Q4,2024,4,39.299967038054525,28.762825919284204,44.07617672410072,26.6869935718149,77.11265841584158,42.6695,202,85,0.07852955354782527,True
(unknown),,,broadband,2024-Q4,2024,4,35.44330385129232,16.8065476136293,20.64952292590074,7.003904892300138,63.801179999999995,58.298,150,69,0.058314024911751444,True
6619,,SamsungSDS Inc.,broadband,2024-Q4,2024,4,9.645223120841601,9.069668478288216,5.340964404774887,3.777291081774028,123.37055555555557,76.094,136,4,0.05287138258665464,True
38731,,Vietel - CHT Compamy Ltd,broadband,2024-Q4,2024,4,40.962465976788486,12.763824679140324,32.20211276568665,5.533562519269249,116.094768,63.456,125,29,0.04859502075979287,True
151917,,Jupiter Media Joint Stock Company,broadband,2024-Q4,2024,4,25.433369821934715,13.207595438246747,17.699408705555676,9.81375512618028,255.21869166666673,321.2115,120,16,0.046651219929401154,True
140810,,Megacore Technology Company Limited,broadband,2024-Q4,2024,4,29.048918568723355,14.074241601391575,21.5927278699047,11.305265170277293,218.03753333333333,261.5095,90,41,0.034988414947050864,False
135967,,Bach Kim Network solutions Join stock company,broadband,2024-Q4,2024,4,20.127156304933774,5.978147902790157,7.407930119014462,2.1038892779044893,233.6347164179104,209.841,67,13,0.026046931127248978,False
150895,,EZ TECHNOLOGY COMPANY LIMITED,broadband,2024-Q4,2024,4,15.237284021366188,7.939281687256723,12.80137491315863,6.243019138804464,187.82888461538462,190.24599999999998,52,15,0.020215528636073832,False
7602,,Sai gon Postel Corporation,broadband,2024-Q4,2024,4,31.345418654216473,26.4174680813831,27.056950215981278,19.13804761676412,71.73610256410257,41.048,39,17,0.015161646477055375,False
38726,,VTC DIGICOM,broadband,2024-Q4,2024,4,18.48821952305845,12.848948387271609,16.827032248089132,9.53334945860194,277.0310833333333,337.6545,36,15,0.013995365978820347,False
38732,,CMC Telecom Infrastructure Company,broadband,2024-Q4,2024,4,36.06815476643372,12.388364541152674,28.288776579056076,6.163284309541527,146.84535714285715,196.83550000000002,28,9,0.010885284650193602,False
140787,,LAM A ARCHITECTURE CONSTRUCTION COMPANY LIMITED,broadband,2024-Q4,2024,4,12.50406891362784,1.9755052744988926,9.461389957572687,0.20472959636386107,222.6612592592593,131.935,27,3,0.01049652448411526,False
63741,,DCNET TELECOM,broadband,2024-Q4,2024,4,21.500513960310915,19.562720583117144,9.95764871455044,9.335095328526243,86.2405652173913,55.882,23,13,0.008941483819801888,False
149124,,WEBPX SOFTWARE COMPANY LIMITED,broadband,2024-Q4,2024,4,33.00271387338145,11.096122102230167,35.59606347595397,6.183495199669615,140.25831818181817,202.772,22,4,0.008552723653723546,False
135923,,SCTV INFRASTRUCTURE BUSINESS INVESMENT COMPANY LIMITED,broadband,2024-Q4,2024,4,71.1686444996869,64.24367369819495,32.79059942805711,23.087025683093156,171.46705,58.72,20,6,0.007775203321566859,False
63739,,VIETPN Company Limited,broadband,2024-Q4,2024,4,5.652002053276756,11.266136305393605,1.0596316084396926,11.82313752343895,125.20755555555557,70.8845,18,9,0.0069976829894101734,False
131396,,Rmit International University Vietnam,broadband,2024-Q4,2024,4,308.9701445991434,403.3579432167658,269.2856690484148,312.0860842951397,42.46325,43.424499999999995,16,9,0.006220162657253487,False
135912,,VNETWORK Joint Stock Company,broadband,2024-Q4,2024,4,56.68886992487362,8.767962282905186,50.46005162608024,3.264476938617584,171.9025,160.735,16,9,0.006220162657253487,False
55309,,Minh Tu Telecom Limited Company,broadband,2024-Q4,2024,4,22.98486724430556,19.99445841272829,13.926871452571632,13.969021304440123,112.31412499999999,37.932,16,9,0.006220162657253487,False
135944,,VinhNam Commercial informatics service corporation,broadband,2024-Q4,2024,4,27.162493677698176,58.423359441851744,13.519473174512726,38.200360297517435,81.08707142857142,82.16900000000001,14,6,0.005442642325096801,False
151911,,VERICHAINS LIMITED,broadband,2024-Q4,2024,4,35.32564381513091,5.740503782534213,1.708020739762429,6.6035225519846685,117.37071428571429,160.6725,14,3,0.005442642325096801,False
149068,,iNET software one member company limited,broadband,2024-Q4,2024,4,21.742095240061882,20.919061902145327,23.06398295886275,16.651980369598867,77.77766666666668,50.0,9,5,0.0034988414947050867,False
63731,,TIEN PHAT TECHNOLOGY CORPORATION,broadband,2024-Q4,2024,4,18.19868983516917,76.42388457135876,20.694582533140196,60.53738264245145,32.647,29.5,8,3,0.0031100813286267437,False
55313,,Hanel Communication JSC,broadband,2024-Q4,2024,4,125.60831781701992,138.64060457828128,108.33852057198891,112.01153353656555,32.45728571428571,22.387,7,2,0.0027213211625484006,False
131421,,"Intercom Telecom., JSC",broadband,2024-Q4,2024,4,3.2900095753942855,7.243417307750249,0.6414924439812403,8.807953162576059,23.981285714285715,20.0,7,3,0.0027213211625484006,False
152979,,Vietservice Technology Company Limited,broadband,2024-Q4,2024,4,42.227646840754346,2.848820986118718,12.143250299037774,2.4467718083538914,36.44,40.196,7,4,0.0027213211625484006,False
24176,,Branch of Netnam Company in Ho Chi Minh City,broadband,2024-Q4,2024,4,19.19867571046541,15.654770428231188,23.28396325628077,16.301621968964184,25.661714285714286,21.874,7,3,0.0027213211625484006,False
56141,,Danang ICT Infrastructure Development Center,broadband,2024-Q4,2024,4,30.672874610787286,19.750247227307458,18.23155803786614,14.63150598270898,71.35566666666666,44.4235,6,3,0.0023325609964700575,False
38738,,"L.C.S Company.,ltd",broadband,2024-Q4,2024,4,26.434865372554686,2.6945018018651354,16.16176932248467,2.406045339244389,40.934999999999995,36.5,6,2,0.0023325609964700575,False
135906,,BOOKING247 COMPANY LIMITED,broadband,2024-Q4,2024,4,47.346984820070745,6.716927337129376,42.23109099285469,6.716927337129376,112.1876,22.834,5,1,0.0019438008303917147,False
135918,,VIET DIGITAL TECHNOLOGY LIABILITY COMPANY,broadband,2024-Q4,2024,4,26.420398329223588,4.056488337668244,23.533595465474367,4.2437688168334615,33.24375,36.057,4,3,0.0015550406643133718,False
135929,,International Education Corporation,broadband,2024-Q4,2024,4,5.38424944967683,142.96213128176308,5.8367786915197435,182.29392604728875,35.09375,31.628999999999998,4,1,0.0015550406643133718,False
38727,,HaNoi University of science and technology,broadband,2024-Q4,2024,4,7.498813422608038,3.5266102160025983,8.445208552338071,3.5266102160025983,82.97175,54.954,4,2,0.0015550406643133718,False
135158,,Softnet Limited,broadband,2024-Q4,2024,4,95.7430733361809,29.89617547603613,132.88766489253413,40.24853860818379,65.33833333333332,51.222,3,2,0.0011662804982350288,False
150821,,HD TECHNICAL INFRASTRUCTURE CONSTRUCTION COMPANY LIMITED,broadband,2024-Q4,2024,4,29.91874351844956,21.29973281021272,26.702716398631775,22.558009052090316,204.679,222.0,3,3,0.0011662804982350288,False
150905,,CENTRAL ELECTRICITY INFORMATION TECHNOLOGY COMPANY - CENTRAL REGIONAL ELECTRICITY CORPORATION,broadband,2024-Q4,2024,4,89.68069259999123,77.76526567683698,65.50935618128764,78.31528458518457,65.86333333333334,69.927,3,1,0.0011662804982350288,False
140807,,Nguyen Ngoc Thanh Trading Limited Company,broadband,2024-Q4,2024,4,64.3412223225443,19.157588524041792,61.221781214288654,19.157588524041792,201.3853333333333,200.084,3,2,0.0011662804982350288,False
131366,,Lanit Technology and Communication Joint Stock Company,broadband,2024-Q4,2024,4,23.32878953725121,1.1952474023043032,20.798919295614386,1.1952474023043032,92.823,51.0,3,3,0.0011662804982350288,False
135938,,Home Credit Viet nam Finance Company Limited,broadband,2024-Q4,2024,4,177.8625559430657,136.1714065496417,217.71475791155066,190.27965017553322,46.91833333333333,53.907,3,2,0.0011662804982350288,False
149136,,AALO.VN DIGITAL TECHNOLOGY JOINT STOCK COMPANY,broadband,2024-Q4,2024,4,2.756841059193248,0.1486417956276293,2.756841059193248,0.1486417956276293,95.8455,95.8455,2,1,0.0007775203321566859,False
63733,,Hoa Thai Software Services Company Limited,broadband,2024-Q4,2024,4,285.2101357332864,536.0269965405606,285.2101357332864,536.0269965405606,25.822000000000003,25.822000000000003,2,1,0.0007775203321566859,False
131127,,GLOBAL TECHNOLOGY - TELECOMMUNICATIONS CORPORATION,broadband,2024-Q4,2024,4,56.7886728155835,35.980351108487596,56.7886728155835,35.980351108487596,26.009,26.009,2,2,0.0007775203321566859,False
149145,,VNETWORK TELECOMMUNICATION SERVICES COMPANY LIMITED,broadband,2024-Q4,2024,4,15.95259410483376,,15.95259410483376,,191.5,191.5,2,1,0.0007775203321566859,False
56155,,Tuong Minh Software Solutions Company Limited,broadband,2024-Q4,2024,4,24.869185755283933,9.463451266351129,24.869185755283933,9.463451266351129,37.914,37.914,2,2,0.0007775203321566859,False
63747,,Central Post and Telecommunication (CPT),broadband,2024-Q4,2024,4,25.446289263516924,37.551689530215114,25.446289263516924,37.551689530215114,39.262,39.262,2,1,0.0007775203321566859,False
149102,,KHANH CHI ICT COMPANY LIMITED,broadband,2024-Q4,2024,4,35.84949646118645,37.08147680802879,35.84949646118645,37.08147680802879,334.7835,334.7835,2,1,0.0007775203321566859,False
63764,,INCOM SAI GON JOINT STOCK COMPANY,broadband,2024-Q4,2024,4,3.23801311488028,5.6857916750397095,3.23801311488028,5.6857916750397095,24.741,24.741,2,1,0.0007775203321566859,False
38249,,KIS Viet Nam Securities Corporations,broadband,2024-Q4,2024,4,109.28064958540712,,109.28064958540712,,30.022,30.022,2,1,0.0007775203321566859,False
149147,,GOFIBER SOFTWARE TECHNOLOGY COMPANY LIMITED,broadband,2024-Q4,2024,4,145.8895185574923,135.3360544272108,145.8895185574923,135.3360544272108,49.612,49.612,1,1,0.00038876016607834296,False
135942,,Adsota Corporation,broadband,2024-Q4,2024,4,14.471770121367475,6.672321147413329,14.471770121367475,6.672321147413329,124.268,124.268,1,1,0.00038876016607834296,False
135982,,Hoi An South Development Ltd,broadband,2024-Q4,2024,4,13.16651897593815,8.176627490943089,13.16651897593815,8.176627490943089,33.605,33.605,1,1,0.00038876016607834296,False
149137,,TAN THANH AN INTERNATIONAL TRADE DEVELOPMENT COMPANY LIMITED,broadband,2024-Q4,2024,4,88.15093641040073,,88.15093641040073,,25.36,25.36,1,1,0.00038876016607834296,False
56158,,Digital world data online company,broadband,2024-Q4,2024,4,10.299487601149108,9.720505391018861,10.299487601149108,9.720505391018861,52.187,52.187,1,1,0.00038876016607834296,False
135964,,RVC Rong Viet Trade Service Telecom Company Limited,broadband,2024-Q4,2024,4,11.211359038649679,,11.211359038649679,,33.998,33.998,1,1,0.00038876016607834296,False
135978,,Hanoi University of Industry,broadband,2024-Q4,2024,4,82.6224362929151,54.73299999950005,82.6224362929151,54.73299999950005,20.0,20.0,1,1,0.00038876016607834296,False
132206,,DC DIGITAL DATA HUB COMPANY LIMITED,broadband,2024-Q4,2024,4,9.898729759141325,6.925561417562909,9.898729759141325,6.925561417562909,46.93,46.93,1,1,0.00038876016607834296,False
131385,,VTV-VN,broadband,2024-Q4,2024,4,10.345588473154946,74.14042131915735,10.345588473154946,74.14042131915735,217.077,217.077,1,1,0.00038876016607834296,False
56147,,Creative Communication Vietnam Joint Stock Company,broadband,2024-Q4,2024,4,13.441725457183322,12.937220938060099,13.441725457183322,12.937220938060099,25.0,25.0,1,1,0.00038876016607834296,False
38244,,VNG Corporation,broadband,2024-Q4,2024,4,4.91437483244399,9.114338283821782,4.91437483244399,9.114338283821782,24.0,24.0,1,1,0.00038876016607834296,False
152978,,PHB Digital Technology Solutions Company Limited,broadband,2024-Q4,2024,4,85.93645174263834,,85.93645174263834,,54.267,54.267,1,1,0.00038876016607834296,False
7552,Viettel,Viettel Group,broadband,2025-Q1,2025,1,79.60908853688586,55.89653784167137,49.0462678312131,22.58832613385492,146.72353752516912,186.733,1962821,174456,34.82252376503599,True
45899,VNPT,VNPT Corp,broadband,2025-Q1,2025,1,79.73235047304688,43.72748410390553,50.912981850509965,22.070430321967383,107.05749071721081,53.636,1750401,126435,31.053967947582976,True
18403,FPT,FPT Telecom Company,broadband,2025-Q1,2025,1,75.23353022373055,40.88926077560287,49.68318057919718,21.94274099486358,153.51489899980174,171.967,945850,109677,16.78038094312181,True
135905,VNPT,VIETNAM POSTS AND TELECOMMUNICATIONS GROUP,broadband,2025-Q1,2025,1,53.17509176816215,14.888302228884076,29.323797070417093,6.5428297314399515,174.23207866579756,195.336,463383,1502,8.220905283677764,True
24086,Viettel,Viettel Corporation,broadband,2025-Q1,2025,1,115.93313401141704,76.78447850523203,89.90639786362856,46.1392930054331,121.06036740871453,174.57549999999998,73672,3446,1.307019321078046,True
151858,,INTERDIGI JOINT STOCK COMPANY,broadband,2025-Q1,2025,1,18.737579359421,45.883469632932126,1.05879006908911,18.630012905305694,397.2397275286497,455.82349999999997,40140,143,0.712126120480953,True
152959,,GKIN COMPANY LIMITED,broadband,2025-Q1,2025,1,199.02965891391497,98.08762689929537,114.06334101361982,98.68221780986956,118.5619278516039,169.486,29503,137,0.5234144726594309,True
152981,,VNC NIX COMPANY LIMITED,broadband,2025-Q1,2025,1,126.67396695142895,98.72835111143941,111.14200252169384,89.80028401551786,129.12791133850692,172.54399999999998,29131,335,0.5168147985981725,True
45557,,Vietnam Technology and Telecommunication JSC,broadband,2025-Q1,2025,1,59.19864084166333,35.66100388266978,58.62016462847643,30.664502764069752,134.34939406197233,201.178,25464,141,0.4517583341287242,True
140775,,GLOBAL INFORMATICS TELECOMMUNICATIONS JOINT STOCK COMPANY,broadband,2025-Q1,2025,1,80.259536544892,60.585024185976906,75.42072373857687,53.21666309834654,93.98510874004079,55.724,25370,221,0.45009067455410506,True
140824,,VNIDC TECHNOLOGY COMPANY LIMITED,broadband,2025-Q1,2025,1,99.58008380692364,58.05502164383748,104.29832737351252,55.08303197368632,133.26509786382388,173.675,24487,251,0.4344253191882685,True
152980,,KHANH CHI IDC COMPANY LIMITED,broadband,2025-Q1,2025,1,101.86538319267183,72.43421689258615,104.16839135297609,64.95592221433118,139.3493755156411,174.4205,23277,245,0.41295863742987404,True
45543,SCTV,SaiGon Tourist cable Televition Company,broadband,2025-Q1,2025,1,50.25046878832058,28.22134351857255,31.797746352960704,18.36472761763619,115.89761040040646,65.113,21685,2554,0.38471487101717655,True
140822,,ANPHATIDC,broadband,2025-Q1,2025,1,72.25853932230187,11.912662965620235,61.927143390849885,10.058766724556989,169.43863788061245,199.0,17441,149,0.3094218153290558,True
(unknown),,,broadband,2025-Q1,2025,1,48.72877088072281,33.10107374126439,35.567288348432236,22.959318024645732,159.76053466030032,186.86,17383,477,0.30839283388939726,True
149150,,THDATA COMPANY LIMITED,broadband,2025-Q1,2025,1,72.27410145612821,45.91034363201982,59.3484963767732,38.68382143750355,146.42084753093843,174.4085,16647,139,0.29533541424131604,True
140810,,Megacore Technology Company Limited,broadband,2025-Q1,2025,1,53.77520065961784,18.585847862635813,43.92097771531893,13.137457480089767,165.09129063226126,200.0,16358,211,0.2902082481023276,True
140774,,VIET NAM UNIFIED COMMUNICATIONS CORPORATION,broadband,2025-Q1,2025,1,70.60945990108023,50.50239608691414,74.7211153216821,45.59307118597647,139.3925667361196,174.0,16358,117,0.2902082481023276,True
135906,,BOOKING247 COMPANY LIMITED,broadband,2025-Q1,2025,1,94.10491266128666,59.28643545872189,85.17684641191319,56.27759545989825,128.17567172223616,171.0,16094,217,0.2855246084459506,True
150895,,EZ TECHNOLOGY COMPANY LIMITED,broadband,2025-Q1,2025,1,83.62388157848245,49.73612577619566,79.21684544612454,24.695246223060288,185.40842148114376,209.109,15354,188,0.27239622456065155,True
150698,,Chandpur Online Systems,broadband,2025-Q1,2025,1,64.90504566811282,46.224505628983714,60.12086748875177,32.45265147339771,142.54809931012358,175.5235,12466,123,0.2211600452893762,True
149102,,KHANH CHI ICT COMPANY LIMITED,broadband,2025-Q1,2025,1,68.37618462909577,44.540797618710265,47.3058579313622,34.68851129166772,130.79543174317433,172.675,10038,84,0.17808475329815163,True
131429,MobiFone,MOBIFONE Corporation,broadband,2025-Q1,2025,1,65.26072359742311,45.691519301312624,49.26285175677601,29.51447724276138,134.39838283364003,166.15,9239,1201,0.1639096469138895,True
149065,,MT GROUP COMPANY LIMITED,broadband,2025-Q1,2025,1,83.33228560861754,48.466452027957644,80.04196595096433,43.35545174205367,148.78741832129964,174.5385,8991,114,0.15950986420638388,True
140823,,"Group 7, THieu Khanh Ward, Thanh Hoa City, Thanh Hoa, Viet Nam",broadband,2025-Q1,2025,1,82.31912461051746,59.77994133541945,83.57763266579599,60.353353064425896,141.99494548872175,174.0,7987,113,0.1416978406647078,True
45903,,CMC Telecom Infrastructure Company,broadband,2025-Q1,2025,1,40.768345818070735,56.39868251921841,33.2512114724462,21.362485183961375,136.39970909362845,161.29500000000002,6686,691,0.11861672250960767,True
63739,,VIETPN Company Limited,broadband,2025-Q1,2025,1,8.295051767271959,39.48600807732714,1.3198757726711876,48.04175754989094,61.2762397993311,43.5325,5981,84,0.10610927569996463,True
149147,,GOFIBER SOFTWARE TECHNOLOGY COMPANY LIMITED,broadband,2025-Q1,2025,1,99.13129408502003,88.3779240495139,98.24105718787881,91.82864804765126,50.30944091149974,38.89,5661,5,0.10043213672253799,True
152969,,Kim Ky Nam Digital Technology Solutions Company Limited,broadband,2025-Q1,2025,1,41.792421005079284,35.468322975482906,18.958474674745585,20.04668572772552,170.88480730450374,193.003,4463,41,0.07917834767579704,True
24173,,Netnam Company,broadband,2025-Q1,2025,1,69.34758161888612,42.58120838573779,33.16974449190061,26.92733333374869,56.870752525252534,34.9025,4357,308,0.07729779538952447,True
151852,,FUTE JOINT STOCK COMPANY,broadband,2025-Q1,2025,1,42.25766337127067,20.71160474023264,34.294621636401814,16.87631642209671,171.21020547251075,193.939,3948,25,0.07004170213400106,True
135918,,VIET DIGITAL TECHNOLOGY LIABILITY COMPANY,broadband,2025-Q1,2025,1,44.6272154362534,22.8253023674604,37.81354844771808,14.408239578711786,143.84046435786436,177.453,3465,57,0.06147277048994774,True
135967,,Bach Kim Network solutions Join stock company,broadband,2025-Q1,2025,1,49.97801065148328,39.10691091056766,42.709729230823704,32.937905019191135,147.39895456742383,168.535,2069,39,0.036706251700924064,True
24088,,Hanoi Telecom Joint Stock Company - HCMC Branch,broadband,2025-Q1,2025,1,61.33465124485314,60.03787410229834,31.893976933133473,19.53216561633736,57.6992097868217,56.716499999999996,2064,141,0.03661754640440177,True
149062,,TECHNOLOGY SOLUTION DATA ONLINE COMPANY LIMITED,broadband,2025-Q1,2025,1,71.65072080393462,42.32720273448339,60.74729112049852,34.76154596154596,136.61635587364265,174.0,2028,41,0.03597886826944127,True
150859,,SANDCLOCK SERVICE TRADING COMPANY LIMITED,broadband,2025-Q1,2025,1,43.520519981816356,33.93694671812124,19.04377155250149,23.091137135132215,136.89541368078176,185.5455,1842,47,0.032679031238812044,True
152993,,Gemz Land Trading and Service Company Limited,broadband,2025-Q1,2025,1,19.265067316762057,20.86768543538641,6.615805559464169,6.712455767452265,172.99807168674698,196.219,1660,6,0.029450158445400648,True
153539,,THUEMAYCHUVN VN,broadband,2025-Q1,2025,1,33.74602754830556,18.67902249876842,18.918534263064398,18.471697644750016,171.03615980024966,190.9135,1602,37,0.028421177005742072,True
153032,,An Phat Viet Trading and Services Company Limited,broadband,2025-Q1,2025,1,12.845168850356197,17.337231347450132,15.809772210005162,18.377389931836518,163.43567733151804,191.248,1469,10,0.02606161611824913,True
135951,,Webico Company Limited,broadband,2025-Q1,2025,1,72.66081499192684,32.95688149118869,46.77214445014175,24.223888997961318,137.62646089385476,186.379,1436,18,0.025476161161202007,True
151896,,ETEL TECHNOLOGY COMPANY LIMITED,broadband,2025-Q1,2025,1,92.29590325376161,114.09074544304615,60.43010645890573,92.12573863750771,128.84800695825052,184.5,1006,9,0.017847505660284972,True
152976,,Thanh Loan Fashion Company Limited,broadband,2025-Q1,2025,1,35.40215874346624,57.50779346331971,23.799007597764,43.92373741010072,156.20685752330226,194.936,751,7,0.013323535537648125,True
153430,,Quang Kim Digital Technology Investment and Development Company Limited,broadband,2025-Q1,2025,1,64.66357129613681,44.780120497337876,73.58106072712066,34.09526099346233,168.4937550744249,189.598,739,17,0.013110642825994626,True
38732,,CMC Telecom Infrastructure Company,broadband,2025-Q1,2025,1,116.43028648052214,42.37286775521318,83.15696984939206,24.957862455488737,143.83185318559558,114.06700000000001,722,70,0.012809044817818836,True
38731,,Vietel - CHT Compamy Ltd,broadband,2025-Q1,2025,1,80.47905085033926,37.93211060567285,62.85607831015536,10.372433061866744,172.60763620071688,208.668,558,32,0.009899511091887688,True
135901,,Phuong Dong technology solution company limited,broadband,2025-Q1,2025,1,53.37401766138674,42.01733758171298,44.74761968853413,40.52967679639557,170.92233555555555,192.731,451,6,0.008001217746310659,True
55309,,Minh Tu Telecom Limited Company,broadband,2025-Q1,2025,1,63.40324272835973,67.33370098486184,56.83236523782069,69.91911293428328,62.096267303102636,52.92,419,20,0.007433503848567995,True
56147,,Creative Communication Vietnam Joint Stock Company,broadband,2025-Q1,2025,1,5.408303466251061,4.391376046944355,6.332724634053758,5.059743204797359,67.18656955380578,34.59,388,3,0.00688353101012979,True
131127,,GLOBAL TECHNOLOGY - TELECOMMUNICATIONS CORPORATION,broadband,2025-Q1,2025,1,52.25191634659573,68.99993712493466,55.388922533606575,90.18900122989889,45.25126315789474,46.055,342,2,0.006067442282124712,True
7602,,Sai gon Postel Corporation,broadband,2025-Q1,2025,1,53.21612667528512,39.25905380418303,51.09496030949603,32.45671842654969,141.26437829912024,201.562,341,30,0.006049701222820254,True
63741,,DCNET TELECOM,broadband,2025-Q1,2025,1,18.657087623065063,10.234528604683428,13.499848108540162,4.408322591804044,199.1113724340176,77.0,341,16,0.006049701222820254,True
151942,,PHAN HUU BAO DIGITAL TECHNOLOGY SOLUTIONS COMPANY LIMITED,broadband,2025-Q1,2025,1,33.4242861392969,54.65741636616819,29.401913912881227,47.118434393409046,153.46265436241612,178.148,298,3,0.00528683567272855,True
63737,,VIETSERVER SERVICES TECHNOLOGY COMPANY LIMITED,broadband,2025-Q1,2025,1,49.47585462548813,56.28048608364553,41.37723250006317,51.985958843527584,193.76207835820895,178.24099999999999,268,6,0.004754603893594804,True
135983,,Tino Group Joint Stock Company,broadband,2025-Q1,2025,1,72.08371483492152,51.461823591246194,46.95606667533273,43.245663837773066,147.5307914893617,188.391,235,12,0.004169148936547682,True
135923,,SCTV INFRASTRUCTURE BUSINESS INVESMENT COMPANY LIMITED,broadband,2025-Q1,2025,1,47.55199230328891,66.21891211556786,27.649794296047695,64.23855888923342,110.57273933649292,58.324,211,4,0.0037433635132406847,True
151917,,Jupiter Media Joint Stock Company,broadband,2025-Q1,2025,1,46.014353059047394,57.936704079074566,22.857267712290923,21.625389227113445,149.2937976878613,174.798,173,15,0.0030692032596712723,True
6619,,SamsungSDS Inc.,broadband,2025-Q1,2025,1,13.950239747264977,11.595257294080252,6.4019200365256355,6.047648270981454,89.76022368421052,80.26650000000001,152,4,0.00269664101427765,True
7643,,Vietnam Posts and Telecommunications (VNPT),broadband,2025-Q1,2025,1,148.56508642479665,88.16809372984432,133.8088111549302,83.45793535152447,159.65564227642278,43.047,123,4,0.0021821502944483614,True
150842,,VIMEDIMEX GROUP PHARMACY CORPORATION,broadband,2025-Q1,2025,1,46.038689914062324,53.81741580576823,49.1082303626702,54.41781512662184,29.273336363636368,20.175,110,1,0.0019515165234904044,True
149137,,TAN THANH AN INTERNATIONAL TRADE DEVELOPMENT COMPANY LIMITED,broadband,2025-Q1,2025,1,74.56963687278599,50.42571910946771,87.04805502058872,16.556825775905175,116.8723373493976,71.841,83,1,0.0014725079222700323,False
56141,,Danang ICT Infrastructure Development Center,broadband,2025-Q1,2025,1,58.00945907732103,35.9246353018597,45.80622799613599,34.30800847519859,127.10778481012657,193.667,79,7,0.0014015436850521995,False
63747,,Central Post and Telecommunication (CPT),broadband,2025-Q1,2025,1,26.400329867134758,7.296175690059651,27.919914162753155,3.0062837993891396,186.57746575342463,203.706,73,2,0.0012950973292254501,False
151865,,"ZENTECH Technology Solutions Co., Ltd",broadband,2025-Q1,2025,1,79.72660724404898,29.794292977299918,51.72416487706366,28.086450152968194,219.848796875,198.0,64,6,0.001135427795485326,False
140787,,LAM A ARCHITECTURE CONSTRUCTION COMPANY LIMITED,broadband,2025-Q1,2025,1,15.884508073720369,7.935599849159724,10.80571753088262,1.3098748027261442,306.28360869565216,321.8525,46,5,0.0008160887280050782,False
45894,,FPT Online JSC,broadband,2025-Q1,2025,1,66.36939924080058,53.85104274698066,65.69765543925575,58.136569972686004,34.216138888888885,30.343,36,18,0.000638678134960496,False
32043,,NeoFiber Communications inc.,broadband,2025-Q1,2025,1,157.4360288319203,24.43151135143987,189.68734125998765,21.190408352550243,29.398638888888886,28.0,36,4,0.000638678134960496,False
131366,,Lanit Technology and Communication Joint Stock Company,broadband,2025-Q1,2025,1,61.723895075965444,34.07753747705845,64.47412214005558,35.72498023823589,161.3976875,211.239,32,2,0.000567713897742663,False
131396,,Rmit International University Vietnam,broadband,2025-Q1,2025,1,159.17337014436325,177.74630821454335,182.79870076051807,188.9834080319638,34.414233333333335,27.7395,30,7,0.0005322317791337466,False
24176,,Branch of Netnam Company in Ho Chi Minh City,broadband,2025-Q1,2025,1,12.77057253849211,9.522685070550544,9.998486620934457,6.106441367849335,40.22983333333333,36.120000000000005,30,7,0.0005322317791337466,False
135922,,Clearsky Service Solutions Company Limited,broadband,2025-Q1,2025,1,385.52709159027273,330.50130394556044,430.7145247001673,358.2099941772616,59.57588,56.315,25,1,0.00044352648261145554,False
135964,,RVC Rong Viet Trade Service Telecom Company Limited,broadband,2025-Q1,2025,1,1.5963450674260766,88.5133594644878,1.2627742737225727,82.85980258698173,64.80878260869565,45.756,23,1,0.0004080443640025391,False
135929,,International Education Corporation,broadband,2025-Q1,2025,1,6.590853728716283,63.01594677046439,6.605627753894534,53.781834842895734,35.75068181818181,35.8185,22,2,0.0003903033046980809,False
135912,,VNETWORK Joint Stock Company,broadband,2025-Q1,2025,1,91.73467265658262,29.232677913790184,72.71286115952296,27.976326807178918,140.37605555555555,71.36,18,5,0.000319339067480248,False
29802,,"HIVELOCITY, Inc.",broadband,2025-Q1,2025,1,8.589977686343161,6.014521358498754,8.473679464546505,6.021166617741469,8.3288125,9.0,16,1,0.0002838569488713315,False
153585,,Gold Key Real Estate Investment Company Limited,broadband,2025-Q1,2025,1,18.94025175747262,16.49260826195698,18.682004743093362,16.08481447633303,161.6382727272727,208.251,11,1,0.00019515165234904044,False
149068,,iNET software one member company limited,broadband,2025-Q1,2025,1,19.061896269338483,19.287867224248238,7.927916862854936,15.487109771520311,46.63518181818181,33.0,11,9,0.00019515165234904044,False
201776,,Miranda-Media Ltd,broadband,2025-Q1,2025,1,3.511731997934146,1.1718294154347748,2.1422065410188633,0.789990193032363,141.6592222222222,122.0,9,9,0.000159669533740124,False
135158,,Softnet Limited,broadband,2025-Q1,2025,1,5.781152538328243,4.9523837992087785,3.8486359157764074,2.2661346392563173,379.94899999999996,426.67,8,2,0.00014192847443566576,False
152979,,Vietservice Technology Company Limited,broadband,2025-Q1,2025,1,41.00009199706003,16.774163716323496,35.20434225407673,10.01785899033324,187.9714285714286,210.428,7,4,0.00012418741513120756,False
150861,,POWERNET COMPANY LIMITED,broadband,2025-Q1,2025,1,47.32978423270159,34.29111405320359,51.65598175271224,17.223059205963963,199.23871428571428,199.0,7,1,0.00012418741513120756,False
63731,,TIEN PHAT TECHNOLOGY CORPORATION,broadband,2025-Q1,2025,1,25.78469983838705,16.654741187578434,29.789150530193638,7.190195480911662,32.47714285714285,32.816,7,6,0.00012418741513120756,False
135982,,Hoi An South Development Ltd,broadband,2025-Q1,2025,1,11.75613074713559,4.752772998405709,11.973631568351117,3.450279908824383,237.001,212.589,7,1,0.00012418741513120756,False
151911,,VERICHAINS LIMITED,broadband,2025-Q1,2025,1,12.277736655051124,7.698277226653016,6.6599467619236465,8.641974240032283,148.97485714285716,166.983,7,3,0.00012418741513120756,False
149124,,WEBPX SOFTWARE COMPANY LIMITED,broadband,2025-Q1,2025,1,42.21433995509452,40.260485178762956,9.744402683785289,5.743245581070327,175.2208,205.0,5,2,8.870529652229111e-05,False
63760,,AZDIGI Corporation,broadband,2025-Q1,2025,1,70.06621778086624,12.493498309167702,89.05216593865241,6.849430950493298,163.3792,178.94,5,3,8.870529652229111e-05,False
55313,,Hanel Communication JSC,broadband,2025-Q1,2025,1,61.88058787203448,83.94843660911926,65.51524466471176,109.85187256919984,46.5105,46.49850000000001,4,2,7.096423721783288e-05,False
149105,,IPTP NETWORKS DA NANG COMPANY LIMITED,broadband,2025-Q1,2025,1,31.711321696285008,27.397330559706706,30.14309421238256,32.21490521317062,33.590333333333334,38.302,3,2,5.322317791337467e-05,False
152994,,EB Services LLC,broadband,2025-Q1,2025,1,14.014748957511927,65.80142962615402,14.08415335811288,64.79376108630987,216.77866666666668,215.924,3,1,5.322317791337467e-05,False
140745,,VINTEK VIET NAM TECHNOLOGY TELECOM COMPANY LIMITED,broadband,2025-Q1,2025,1,2.372806455147176,1.0051205223799837,2.5635652381700886,1.0051205223799837,369.49966666666666,416.919,3,1,5.322317791337467e-05,False
200017,,Elisteka UAB,broadband,2025-Q1,2025,1,46.716920143814725,10.510341496466696,16.033560659045232,5.306364537871637,115.69933333333331,171.963,3,1,5.322317791337467e-05,False
131386,,Long Van System Solution JSC,broadband,2025-Q1,2025,1,35.655397866903414,71.15167053188402,12.049446482697968,79.55449258681301,102.147,65.863,3,2,5.322317791337467e-05,False
55324,,Premier Oil Viet Nam Offshore B.V,broadband,2025-Q1,2025,1,0.6230490613381687,,0.7628827803065169,,544.2106666666667,544.453,3,1,5.322317791337467e-05,False
135987,,Reload Company Limited,broadband,2025-Q1,2025,1,119.01244495662469,3.8238584396875805,97.86166298852096,3.8238584396875805,156.76866666666666,195.522,3,2,5.322317791337467e-05,False
56155,,Tuong Minh Software Solutions Company Limited,broadband,2025-Q1,2025,1,12.024075095336455,16.91981010301403,11.029659232069918,16.91981010301403,49.554333333333325,49.001,3,1,5.322317791337467e-05,False
131414,,Long Van Soft Solution JSC,broadband,2025-Q1,2025,1,113.47384874969481,7.00879426519586,113.47384874969481,7.00879426519586,174.96249999999998,174.96249999999998,2,1,3.548211860891644e-05,False
131385,,VTV-VN,broadband,2025-Q1,2025,1,150.7443922452061,21.254504129427495,150.7443922452061,21.254504129427495,22.0595,22.0595,2,2,3.548211860891644e-05,False
150821,,HD TECHNICAL INFRASTRUCTURE CONSTRUCTION COMPANY LIMITED,broadband,2025-Q1,2025,1,94.05256669659244,45.9350486736983,94.05256669659244,45.9350486736983,205.032,205.032,2,1,3.548211860891644e-05,False
135942,,Adsota Corporation,broadband,2025-Q1,2025,1,12.011975277395717,7.329741889651906,12.011975277395717,7.329741889651906,210.0975,210.0975,2,1,3.548211860891644e-05,False
135944,,VinhNam Commercial informatics service corporation,broadband,2025-Q1,2025,1,6.742311336127669,,6.742311336127669,,183.0,183.0,1,1,1.774105930445822e-05,False
131423,,Branch of Long Van System Solution JSC - Hanoi,broadband,2025-Q1,2025,1,26.772920221065224,9.40917814015018,26.772920221065224,9.40917814015018,52.492,52.492,1,1,1.774105930445822e-05,False
154177,,LIGHT NODE LIMITED,broadband,2025-Q1,2025,1,5.750507249086952,2.1568743944467763,5.750507249086952,2.1568743944467763,367.59,367.59,1,1,1.774105930445822e-05,False
38726,,VTC DIGICOM,broadband,2025-Q1,2025,1,5.213614683532562,,5.213614683532562,,207.247,207.247,1,1,1.774105930445822e-05,False
63764,,INCOM SAI GON JOINT STOCK COMPANY,broadband,2025-Q1,2025,1,41.305502462208516,,41.305502462208516,,56.121,56.121,1,1,1.774105930445822e-05,False
135909,,Information Technology Park - Vietnam National University Ho Chi Minh City,broadband,2025-Q1,2025,1,8.339498252215167,16.32579686875472,8.339498252215167,16.32579686875472,48.0,48.0,1,1,1.774105930445822e-05,False
56158,,Digital world data online company,broadband,2025-Q1,2025,1,4.097273114610028,1.5954452237215466,4.097273114610028,1.5954452237215466,29.881,29.881,1,1,1.774105930445822e-05,False
133606,,Viettel Timor Leste,broadband,2025-Q1,2025,1,12.399650543624219,3.3302896146098497,12.399650543624219,3.3302896146098497,66.97,66.97,1,1,1.774105930445822e-05,False
140813,,DIGITAL SOLUTION AND TELECOMMUNICATIONS SERVICE JOINT STOCK COMPANY,broadband,2025-Q1,2025,1,9.452674476510666,0.08321730041771849,9.452674476510666,0.08321730041771849,67.514,67.514,1,1,1.774105930445822e-05,False
62240,,Clouvider,broadband,2025-Q1,2025,1,41.501697549685595,0.1675287584188817,41.501697549685595,0.1675287584188817,155.0,155.0,1,1,1.774105930445822e-05,False
7552,Viettel,Viettel Group,broadband,2025-Q2,2025,2,72.40056994207406,35.53913486481922,55.42242517731071,17.368403990062344,159.11980909460604,193.0,570527,93975,38.73181540767634,True
45899,VNPT,VNPT Corp,broadband,2025-Q2,2025,2,64.70339265060046,45.13027741981395,38.697121653912326,24.416635950239588,84.51651712037682,45.005,476516,86696,32.34961667161116,True
18403,FPT,FPT Telecom Company,broadband,2025-Q2,2025,2,66.2084538526391,41.162285646460155,44.148024601438536,21.85331607271459,164.55995223901522,176.538,214093,49183,14.534299964902015,True
135905,VNPT,VIETNAM POSTS AND TELECOMMUNICATIONS GROUP,broadband,2025-Q2,2025,2,17.510699005715562,16.409457659892283,13.45202014886977,12.983498506268672,230.10114018336043,241.0,107767,2564,7.316063132926323,True
24086,Viettel,Viettel Corporation,broadband,2025-Q2,2025,2,66.80377624326202,60.80999731523229,58.450617513861346,56.320860361372496,167.88868734715572,197.896,37623,4705,2.554142207262771,True
152980,,KHANH CHI IDC COMPANY LIMITED,broadband,2025-Q2,2025,2,104.7823886859162,112.3106397696229,111.37357654363282,105.13771568663299,151.07640193543008,174.921,23974,93,1.6275418036019902,True
152959,,GKIN COMPANY LIMITED,broadband,2025-Q2,2025,2,117.43741835537872,125.56291201959208,114.18102965834956,107.58456017361095,130.85963168785102,172.01049999999998,6766,56,0.45932876629561464,True
45543,SCTV,SaiGon Tourist cable Televition Company,broadband,2025-Q2,2025,2,30.839206794557693,20.426635365669288,17.08137697022314,9.96126208377689,211.63543395522396,199.95850000000002,5362,1680,0.36401431346099405,True
149102,,KHANH CHI ICT COMPANY LIMITED,broadband,2025-Q2,2025,2,112.59169836059614,149.13283980516556,70.91694681398693,139.26183815795224,54.25193391382005,53.276,4479,30,0.3040693976113003,True
152981,,VNC NIX COMPANY LIMITED,broadband,2025-Q2,2025,2,71.75559924497372,115.32289763864262,47.59449494036927,107.62494391422183,148.4922302888368,174.236,3843,25,0.26089276513066023,True
131429,MobiFone,MOBIFONE Corporation,broadband,2025-Q2,2025,2,66.60064881389857,45.91401479685748,32.085476618606116,25.014775117953516,104.74187949573601,42.096,2699,990,0.18322913689504344,True
140822,,ANPHATIDC,broadband,2025-Q2,2025,2,68.39182765254931,15.049832922273632,63.11768848005352,14.419235142294573,162.51501478903867,192.738,2299,21,0.15607402212734528,True
153539,,THUEMAYCHUVN VN,broadband,2025-Q2,2025,2,34.081456593693346,14.480494057152459,30.41135089673029,12.897920557848337,171.84563073394494,190.894,2180,30,0.14799537548395506,True
24173,,Netnam Company,broadband,2025-Q2,2025,2,29.435530001847823,26.386522612335266,17.224669510778146,12.784185978479238,70.74956578313252,34.0,2075,400,0.14086715785743428,True
150698,,Chandpur Online Systems,broadband,2025-Q2,2025,2,40.45623789414396,49.54453713538855,31.217205643868148,43.98727145352616,150.4397677616501,178.789,1309,27,0.08886511307729228,True
135918,,VIET DIGITAL TECHNOLOGY LIABILITY COMPANY,broadband,2025-Q2,2025,2,25.130424007820118,37.825400409670266,16.022383169200538,36.94459369123564,174.70040937500002,200.096,1280,16,0.08689636725663416,True
45903,,CMC Telecom Infrastructure Company,broadband,2025-Q2,2025,2,28.011376454708753,20.065825527984384,16.43191522884097,7.3871295988762435,149.66287917329095,178.005,1259,349,0.08547072373133001,True
(unknown),,,broadband,2025-Q2,2025,2,56.92654912623933,37.02138939801166,61.64149877924085,23.859332072922513,162.82222400000003,191.3835,1250,90,0.0848597336490568,True
38732,,CMC Telecom Infrastructure Company,broadband,2025-Q2,2025,2,33.47553150136882,16.730649253083616,32.24416847585577,13.60089710313446,158.55372835820896,180.0,1005,5,0.06822722585384167,True
45557,,Vietnam Technology and Telecommunication JSC,broadband,2025-Q2,2025,2,37.31568822276096,24.69508165058001,26.44150910232707,12.170515903218693,142.68464053751399,181.136,893,231,0.06062379371888618,True
135967,,Bach Kim Network solutions Join stock company,broadband,2025-Q2,2025,2,29.317114153471497,46.05934392899667,18.70574146319022,51.384097129615625,181.51955243902438,203.0,820,19,0.055667985273781265,True
140824,,VNIDC TECHNOLOGY COMPANY LIMITED,broadband,2025-Q2,2025,2,73.41353342087001,79.55584705475579,70.60646105522918,91.04197763740534,153.21523142857146,174.379,700,12,0.047521450843471806,True
140775,,GLOBAL INFORMATICS TELECOMMUNICATIONS JOINT STOCK COMPANY,broadband,2025-Q2,2025,2,69.64429851607363,73.56278851919242,67.66137931250492,71.17435884406125,151.38409365994235,174.8655,694,5,0.047114124121956334,True
24088,,Hanoi Telecom Joint Stock Company - HCMC Branch,broadband,2025-Q2,2025,2,48.25814522521638,39.672787624850365,25.379911787384454,17.32120294192558,53.300926070038905,41.861000000000004,514,225,0.03489432247649216,True
150895,,EZ TECHNOLOGY COMPANY LIMITED,broadband,2025-Q2,2025,2,104.06695116246792,26.887429167582656,88.9196363486827,20.67689222199023,147.9782085561497,192.1085,374,11,0.025390032307797794,True
140774,,VIET NAM UNIFIED COMMUNICATIONS CORPORATION,broadband,2025-Q2,2025,2,71.25335735625848,62.8347276867247,84.18139909125912,71.32743140533685,154.06775986842104,174.977,304,9,0.020637887223450613,True
56149,,Cong ty CP Truyen thong quoc te Incom,broadband,2025-Q2,2025,2,2.6381077073080266,5.111504004205695,0.8403872875006945,4.315905710384467,40.6645478927203,43.644,261,3,0.01771871238592306,True
63741,,DCNET TELECOM,broadband,2025-Q2,2025,2,110.12834363938464,34.88912916968432,30.68704363158519,15.04618367690816,187.4563794466403,85.623,253,33,0.017175610090569098,True
63747,,Central Post and Telecommunication (CPT),broadband,2025-Q2,2025,2,10.167894002434386,11.002683226203631,8.953024942205912,9.381393975410504,33.12089952153111,27.55,209,4,0.014188547466122296,True
135906,,BOOKING247 COMPANY LIMITED,broadband,2025-Q2,2025,2,68.32654273226953,74.07348852038402,82.26633009599225,88.15163478793365,100.38803428571428,57.0,175,4,0.011880362710867952,True
140823,,"Group 7, THieu Khanh Ward, Thanh Hoa City, Thanh Hoa, Viet Nam",broadband,2025-Q2,2025,2,62.26262755242573,83.41659894987467,69.58743474317077,89.75546122178291,58.70628735632185,54.9875,174,9,0.011812474923948707,True
150861,,POWERNET COMPANY LIMITED,broadband,2025-Q2,2025,2,48.76879875435533,36.182379931003915,40.157135474505125,35.0224674314544,119.94462068965515,51.0,174,10,0.011812474923948707,True
55309,,Minh Tu Telecom Limited Company,broadband,2025-Q2,2025,2,285.1800848539159,239.37235903980158,349.05751254408665,202.69030133765514,50.84636641221375,43.023,131,20,0.008893300086421153,True
150859,,SANDCLOCK SERVICE TRADING COMPANY LIMITED,broadband,2025-Q2,2025,2,95.2631283281389,56.51407091073525,99.89316886656569,43.406813521127546,162.46596,190.939,125,5,0.00848597336490568,True
6619,,SamsungSDS Inc.,broadband,2025-Q2,2025,2,6.545549867060957,11.64287993185842,4.511817718557885,6.115485756953975,158.30481512605044,96.525,119,3,0.008078646643390208,True
140787,,LAM A ARCHITECTURE CONSTRUCTION COMPANY LIMITED,broadband,2025-Q2,2025,2,10.657346866440319,3.9011444012436076,10.216559129464603,0.7570159275707352,287.7184285714286,236.927,105,3,0.007128217626520771,True
149147,,GOFIBER SOFTWARE TECHNOLOGY COMPANY LIMITED,broadband,2025-Q2,2025,2,82.71588860992799,31.91274152219222,82.19726387762695,29.215011285101706,186.93750588235292,204.961,85,1,0.005770461888135863,False
24176,,Branch of Netnam Company in Ho Chi Minh City,broadband,2025-Q2,2025,2,22.082653750351195,14.895813377382263,11.676134157511154,7.920218315112203,41.15987301587301,31.257,63,10,0.004276930575912463,False
38731,,Vietel - CHT Compamy Ltd,broadband,2025-Q2,2025,2,66.59049457004515,40.74987957748045,54.22567276474363,17.452166031654425,73.40884126984128,40.211,63,16,0.004276930575912463,False
153430,,Quang Kim Digital Technology Investment and Development Company Limited,broadband,2025-Q2,2025,2,42.89543138375844,25.36169659939341,54.40758273300756,25.582152511790383,161.7579272727273,187.995,55,4,0.0037338282805584994,False
153320,,SANDCLOCK SERVICE TRADING COMPANY LIMITED,broadband,2025-Q2,2025,2,92.86809071807664,58.14549138688287,95.19268298511665,45.15606148052246,154.5711836734694,188.576,49,3,0.0033265015590430267,False
7602,,Sai gon Postel Corporation,broadband,2025-Q2,2025,2,33.096973444224545,30.112087850942043,27.027639265199653,19.96892387545362,114.38693478260872,51.3935,46,36,0.0031228381982852903,False
63739,,VIETPN Company Limited,broadband,2025-Q2,2025,2,20.812535868899012,11.997240296017868,5.176410656006807,9.9253026033176,146.90873684210527,202.5095,38,23,0.0025797359029313266,False
63737,,VIETSERVER SERVICES TECHNOLOGY COMPANY LIMITED,broadband,2025-Q2,2025,2,44.59341982113684,53.57084153606839,51.25721742690382,56.412169216835295,148.08176666666668,173.6465,30,4,0.0020366336075773634,False
151858,,INTERDIGI JOINT STOCK COMPANY,broadband,2025-Q2,2025,2,65.29982261701345,67.96428106564642,34.73968359212296,25.002946096550918,123.50392592592594,69.0,27,11,0.001832970246819627,False
149062,,TECHNOLOGY SOLUTION DATA ONLINE COMPANY LIMITED,broadband,2025-Q2,2025,2,62.91635963622631,57.405898935756696,70.9533511601087,57.55548353568838,144.41109523809524,176.191,21,3,0.0014256435253041542,False
135982,,Hoi An South Development Ltd,broadband,2025-Q2,2025,2,8.410652063089502,7.4039841040683765,8.486394795810199,8.41779854262974,142.06772222222222,191.4375,18,2,0.0012219801645464178,False
63731,,TIEN PHAT TECHNOLOGY CORPORATION,broadband,2025-Q2,2025,2,34.875747868873376,20.21636920047482,29.377724010564556,11.114071685220049,44.4075,33.084,16,6,0.0010862045907079271,False
140810,,Megacore Technology Company Limited,broadband,2025-Q2,2025,2,144.2828025052296,146.80885271217093,51.95981633854636,56.12999610024158,195.67842857142855,194.099,14,7,0.0009504290168694362,False
55313,,Hanel Communication JSC,broadband,2025-Q2,2025,2,61.75775576696616,64.64601836706964,6.003657254443682,9.637390945599748,44.38269230769231,42.303,13,2,0.0008825412299501908,False
135923,,SCTV INFRASTRUCTURE BUSINESS INVESMENT COMPANY LIMITED,broadband,2025-Q2,2025,2,28.027032673467605,27.193856834334987,31.99278849797199,25.49773640819969,173.33216666666667,196.1035,12,4,0.0008146534430309453,False
135942,,Adsota Corporation,broadband,2025-Q2,2025,2,12.206356832505508,13.2681373337719,0.8608011517464443,0.8275295467483652,330.93249999999995,297.56100000000004,12,3,0.0008146534430309453,False
38726,,VTC DIGICOM,broadband,2025-Q2,2025,2,18.770687126616192,10.743215960112092,15.81910089884546,5.866600587651244,247.29969999999997,250.12900000000002,10,6,0.0006788778691924544,False
152992,,ONLINE DATA COMPANY LIMITED,broadband,2025-Q2,2025,2,56.156740385864126,20.429080185658812,66.24682413309407,18.97203392394838,173.4596,201.0195,10,7,0.0006788778691924544,False
135929,,International Education Corporation,broadband,2025-Q2,2025,2,38.16173040427085,53.34230025868286,12.505605929946434,53.61979505755513,24.382125,20.2405,8,3,0.0005431022953539636,False
62240,,Clouvider,broadband,2025-Q2,2025,2,79.54738684753325,1.5469532861115036,110.22073965240094,2.2563238978072393,60.517875,62.8605,8,1,0.0005431022953539636,False
135964,,RVC Rong Viet Trade Service Telecom Company Limited,broadband,2025-Q2,2025,2,41.645573228383206,73.44010401932383,39.011135037932725,77.27042546796876,33.10142857142857,31.0,7,3,0.0004752145084347181,False
131365,,Digital Infrastructure Center - Digital Transformation Department - Ministry of Agriculture and Environment,broadband,2025-Q2,2025,2,10.226888205807459,103.52114667096623,9.723538272514476,18.356705037584113,88.4202,24.269,5,4,0.0003394389345962272,False
56155,,Tuong Minh Software Solutions Company Limited,broadband,2025-Q2,2025,2,63.622534287184195,32.71177159494866,87.00094896644468,28.589918133906927,42.904399999999995,49.851,5,3,0.0003394389345962272,False
56141,,Danang ICT Infrastructure Development Center,broadband,2025-Q2,2025,2,57.95493917743372,1.0699271960427283,5.511642965006356,1.0699271960427283,162.9808,215.543,5,5,0.0003394389345962272,False
131396,,Rmit International University Vietnam,broadband,2025-Q2,2025,2,227.4953405078219,129.59730011770975,213.42437434032632,161.27160440989832,69.176,23.162,4,4,0.0002715511476769818,False
131398,,LOTTE INNOVATE VIETNAM COMPANY LIMITED,broadband,2025-Q2,2025,2,37.30153853441331,27.224042995866938,37.437930100660424,19.996473826215137,29.83425,27.782,4,1,0.0002715511476769818,False
152940,,TTC TELECOM SERVICE TRADING INVESTMENT COMPANY LIMITED,broadband,2025-Q2,2025,2,48.86264926646431,76.60785182383829,14.655070545186103,27.989118441349923,57.5305,62.025,4,1,0.0002715511476769818,False
7643,,Vietnam Posts and Telecommunications (VNPT),broadband,2025-Q2,2025,2,190.07073545397247,65.69004413091477,125.21746226751516,15.772673268673255,51.72366666666667,53.146,3,3,0.00020366336075773632,False
151911,,VERICHAINS LIMITED,broadband,2025-Q2,2025,2,10.029753323144336,11.203430212862457,10.052533565949334,11.203430212862457,38.47166666666667,44.723,3,2,0.00020366336075773632,False
63764,,INCOM SAI GON JOINT STOCK COMPANY,broadband,2025-Q2,2025,2,8.664105256681962,16.117921253039807,5.310235744882127,16.117921253039807,185.48633333333336,186.745,3,2,0.00020366336075773632,False
63760,,AZDIGI Corporation,broadband,2025-Q2,2025,2,12.1699012683696,,2.916108640289672,,183.59233333333336,183.904,3,1,0.00020366336075773632,False
131374,,HQG Technology Solutions Joint Stock Company,broadband,2025-Q2,2025,2,13.529495578831698,7.722783968861541,12.832515908307158,7.722783968861541,143.3216666666667,195.0,3,2,0.00020366336075773632,False
38727,,HaNoi University of science and technology,broadband,2025-Q2,2025,2,40.62810809946126,46.65935729427918,40.62810809946126,46.65935729427918,93.493,93.493,2,2,0.0001357755738384909,False
140762,,Vinh Railway Signalling - Telecom Joint Stock Company,broadband,2025-Q2,2025,2,20.7817308544678,14.177611970314809,20.7817308544678,14.177611970314809,357.0365,357.0365,2,1,0.0001357755738384909,False
153830,,Upnet Technology Solutions Company Limited,broadband,2025-Q2,2025,2,53.977034896450284,,53.977034896450284,,171.0195,171.0195,2,1,0.0001357755738384909,False
131421,,"Intercom Telecom., JSC",broadband,2025-Q2,2025,2,1.5422288969305016,,1.5422288969305016,,20.5,20.5,2,1,0.0001357755738384909,False
200017,,Elisteka UAB,broadband,2025-Q2,2025,2,88.8319973286541,48.25837260385803,88.8319973286541,48.25837260385803,34.39,34.39,2,1,0.0001357755738384909,False
32043,,NeoFiber Communications inc.,broadband,2025-Q2,2025,2,28.292044954019328,7.123156288570806,28.292044954019328,7.123156288570806,130.80700000000002,130.80700000000002,2,2,0.0001357755738384909,False
150826,,VR VIET NAM COMPANY LIMITED,broadband,2025-Q2,2025,2,50.83003097189008,28.016300669082835,50.83003097189008,28.016300669082835,80.3,80.3,2,2,0.0001357755738384909,False
38244,,VNG Corporation,broadband,2025-Q2,2025,2,8.190045475542034,5.032628385335254,8.190045475542034,5.032628385335254,149.683,149.683,2,1,0.0001357755738384909,False
149150,,THDATA COMPANY LIMITED,broadband,2025-Q2,2025,2,29.677773649221656,19.329881841056483,29.677773649221656,19.329881841056483,96.96,96.96,2,2,0.0001357755738384909,False
135951,,Webico Company Limited,broadband,2025-Q2,2025,2,109.1843360276008,0.6601321122946542,109.1843360276008,0.6601321122946542,125.81099999999999,125.81099999999999,2,1,0.0001357755738384909,False
154177,,LIGHT NODE LIMITED,broadband,2025-Q2,2025,2,33.23864624828052,9.23713464557237,33.23864624828052,9.23713464557237,78.916,78.916,2,2,0.0001357755738384909,False
63766,,VEGAGAME-VN,broadband,2025-Q2,2025,2,15.358141906426264,6.006375462802279,15.358141906426264,6.006375462802279,196.193,196.193,2,1,0.0001357755738384909,False
140813,,DIGITAL SOLUTION AND TELECOMMUNICATIONS SERVICE JOINT STOCK COMPANY,broadband,2025-Q2,2025,2,9.757898520349446,16.89287137166754,9.757898520349446,16.89287137166754,170.159,170.159,2,1,0.0001357755738384909,False
131385,,VTV-VN,broadband,2025-Q2,2025,2,2.291368394527682,11.374780534731832,2.291368394527682,11.374780534731832,179.0,179.0,1,1,6.788778691924545e-05,False
149137,,TAN THANH AN INTERNATIONAL TRADE DEVELOPMENT COMPANY LIMITED,broadband,2025-Q2,2025,2,2.313130074102357,0.21919232868449362,2.313130074102357,0.21919232868449362,29.643,29.643,1,1,6.788778691924545e-05,False
149159,,Viet Nam Academy of Science and Technology,broadband,2025-Q2,2025,2,47.495182913460305,,47.495182913460305,,174.872,174.872,1,1,6.788778691924545e-05,False
56147,,Creative Communication Vietnam Joint Stock Company,broadband,2025-Q2,2025,2,22.679795784124185,14.814545642899805,22.679795784124185,14.814545642899805,182.727,182.727,1,1,6.788778691924545e-05,False
149065,,MT GROUP COMPANY LIMITED,broadband,2025-Q2,2025,2,79.48024927527364,78.87687835012083,79.48024927527364,78.87687835012083,177.08,177.08,1,1,6.788778691924545e-05,False
135909,,Information Technology Park - Vietnam National University Ho Chi Minh City,broadband,2025-Q2,2025,2,0.5728162768761516,0.04637911879674286,0.5728162768761516,0.04637911879674286,29.932,29.932,1,1,6.788778691924545e-05,False
38738,,"L.C.S Company.,ltd",broadband,2025-Q2,2025,2,28.557149160225958,67.41427681758057,28.557149160225958,67.41427681758057,20.647,20.647,1,1,6.788778691924545e-05,False
131127,,GLOBAL TECHNOLOGY - TELECOMMUNICATIONS CORPORATION,broadband,2025-Q2,2025,2,17.95570635099349,34.239811905485944,17.95570635099349,34.239811905485944,31.377,31.377,1,1,6.788778691924545e-05,False
38733,,CMC Telecom Infrastructure Company,broadband,2025-Q2,2025,2,349.6980420002473,3.599055762337524,349.6980420002473,3.599055762337524,67.141,67.141,1,1,6.788778691924545e-05,False
132206,,DC DIGITAL DATA HUB COMPANY LIMITED,broadband,2025-Q2,2025,2,78.48682393051214,38.60236847818272,78.48682393051214,38.60236847818272,213.121,213.121,1,1,6.788778691924545e-05,False
149068,,iNET software one member company limited,broadband,2025-Q2,2025,2,76.14659575289352,45.523809657135615,76.14659575289352,45.523809657135615,26.048,26.048,1,1,6.788778691924545e-05,False
151852,,FUTE JOINT STOCK COMPANY,broadband,2025-Q2,2025,2,8.33707560454444,,8.33707560454444,,184.233,184.233,1,1,6.788778691924545e-05,False
8851,,GCI Network Solutions Limited,broadband,2025-Q2,2025,2,7.401370563285211,6.794440713965364,7.401370563285211,6.794440713965364,0.796,0.796,1,1,6.788778691924545e-05,False
135938,,Home Credit Viet nam Finance Company Limited,broadband,2025-Q2,2025,2,21.63360487327972,10.16562745218235,21.63360487327972,10.16562745218235,75.219,75.219,1,1,6.788778691924545e-05,False
152979,,Vietservice Technology Company Limited,broadband,2025-Q2,2025,2,13.144369354189362,4.089966745942037,13.144369354189362,4.089966745942037,181.774,181.774,1,1,6.788778691924545e-05,False
7552,Viettel,Viettel Group,broadband,2025-Q3,2025,3,66.59424873605583,42.651160699704995,44.67564009812708,20.187225069575046,156.16875900683473,192.442,364642,85984,41.58990642778607,True
45899,VNPT,VNPT Corp,broadband,2025-Q3,2025,3,88.51100875219909,67.64350140316233,52.31444271875698,35.806967655847686,93.20038713795732,39.874,314906,71980,35.91717650064556,True
18403,FPT,FPT Telecom Company,broadband,2025-Q3,2025,3,70.78127541746842,49.15461599666325,41.570861891922945,24.210636115534072,138.90760018501783,168.0,141632,56077,16.15409532412667,True
24086,Viettel,Viettel Corporation,broadband,2025-Q3,2025,3,75.07505724219432,54.25167656590338,66.27606625181858,28.448975465549985,153.2073142061085,180.745,28356,2122,3.2341951466542573,True
45543,SCTV,SaiGon Tourist cable Televition Company,broadband,2025-Q3,2025,3,33.466338288577795,16.751046338063592,19.46105273858771,10.968215932813532,205.68596625716626,201.589,6106,1905,0.6964309340340984,True
131429,MobiFone,MOBIFONE Corporation,broadband,2025-Q3,2025,3,83.6899978114464,64.21181862860406,42.39646625473334,36.37601313391701,55.26978236678794,30.382,4676,1845,0.5333296835151399,True
135905,VNPT,VIETNAM POSTS AND TELECOMMUNICATIONS GROUP,broadband,2025-Q3,2025,3,31.636298619333655,13.955859937946578,31.015484990378628,7.226131041201297,207.93633831733982,214.39,4481,190,0.5110886038989183,True
24173,,Netnam Company,broadband,2025-Q3,2025,3,29.821141066870627,27.86091528915926,17.078467187537413,14.325975940932873,57.74018601747816,36.401,2404,435,0.2741925917815219,True
149102,,KHANH CHI ICT COMPANY LIMITED,broadband,2025-Q3,2025,3,69.28741612788534,108.0358007912865,55.230519047569274,98.37438350645598,92.37470302013423,56.572500000000005,1788,30,0.20393359155797053,True
150698,,Chandpur Online Systems,broadband,2025-Q3,2025,3,35.56515572784378,36.54792269486374,26.512662625362346,29.167952835584497,159.9573025516403,190.713,1646,29,0.1877375233246194,True
45903,,CMC Telecom Infrastructure Company,broadband,2025-Q3,2025,3,28.72640591752165,19.074691745176818,15.403927680228684,5.152902929393182,141.06713092269328,173.31650000000002,802,469,0.09147356847287044,True
45557,,Vietnam Technology and Telecommunication JSC,broadband,2025-Q3,2025,3,41.02760369897339,22.574262102407033,42.97716571895052,12.685463729212922,186.19428647925034,201.004,747,133,0.0852004434529105,True
152981,,VNC NIX COMPANY LIMITED,broadband,2025-Q3,2025,3,58.33460450656838,86.0185153164349,42.66382879413382,100.81353854313546,153.38859216255446,171.482,689,11,0.07858514797731637,True
140775,,GLOBAL INFORMATICS TELECOMMUNICATIONS JOINT STOCK COMPANY,broadband,2025-Q3,2025,3,76.28622010590712,91.31185814528966,73.4238786762815,85.44177545874668,102.87159866220736,56.6475,598,3,0.06820597748974629,True
24088,,Hanoi Telecom Joint Stock Company - HCMC Branch,broadband,2025-Q3,2025,3,31.70156981359214,27.911824036691524,18.5326352002093,15.59707241671814,86.14151525423729,45.2465,591,168,0.06740757975993321,True
140822,,ANPHATIDC,broadband,2025-Q3,2025,3,152.95562885371697,22.654653287500068,112.955965081324,18.95299195171573,54.11825833333334,45.0,360,9,0.04106045467610145,True
150861,,POWERNET COMPANY LIMITED,broadband,2025-Q3,2025,3,46.41621424455367,37.74370166461002,41.8222036363409,36.141458639598625,175.78616524216523,200.0,351,9,0.04003394330919891,True
56147,,Creative Communication Vietnam Joint Stock Company,broadband,2025-Q3,2025,3,2.72738028755232,2.716322194843849,1.3107040863976285,1.1192179703830705,171.88982266009847,183.61,203,4,0.023153534164579426,True
56149,,Cong ty CP Truyen thong quoc te Incom,broadband,2025-Q3,2025,3,2.110448904213919,1.825199279941121,1.2106490694338712,1.0697378098887529,176.13305527638184,191.38,199,2,0.02269730689040052,True
140774,,VIET NAM UNIFIED COMMUNICATIONS CORPORATION,broadband,2025-Q3,2025,3,31.875323492712955,21.24952787058631,23.832145585498473,21.446090080331583,149.3919067357513,170.23,193,55,0.022012965979132163,True
(unknown),,,broadband,2025-Q3,2025,3,49.01431038075276,29.970902544893452,30.74471525474354,14.181855882033897,64.73902688172042,52.784,186,79,0.021214568249319082,True
6619,,SamsungSDS Inc.,broadband,2025-Q3,2025,3,9.59229130973469,6.088791669187887,6.631232113942117,5.569959377184851,86.06541212121213,72.318,165,3,0.01881937505987983,True
38731,,Vietel - CHT Compamy Ltd,broadband,2025-Q3,2025,3,55.537904126637464,26.156545138815762,42.742134059252905,4.52377578361902,96.056299270073,53.323,137,13,0.015625784140627496,True
63741,,DCNET TELECOM,broadband,2025-Q3,2025,3,13.024350161862268,12.486043081576382,7.451051088716639,6.326728334535377,280.43074137931035,364.706,116,18,0.013230590951188243,True
63747,,Central Post and Telecommunication (CPT),broadband,2025-Q3,2025,3,19.79087572941477,18.815471491508603,17.643249661779006,17.479115664856284,28.39748192771085,23.962,83,5,0.009466715939212278,False
55309,,Minh Tu Telecom Limited Company,broadband,2025-Q3,2025,3,41.34069105075176,44.07475951947447,17.22851101350419,15.029049660677922,83.62308108108105,52.6575,74,25,0.008440204572309741,False
135967,,Bach Kim Network solutions Join stock company,broadband,2025-Q3,2025,3,14.828049330223685,6.230977591402529,6.159781137944903,1.3761941102307382,230.75866197183095,232.773,71,9,0.008098034116675564,False
24176,,Branch of Netnam Company in Ho Chi Minh City,broadband,2025-Q3,2025,3,20.7912816742036,13.69987270306671,9.76912753980312,9.493710364849274,45.27146666666667,44.9385,60,11,0.006843409112683574,False
151858,,INTERDIGI JOINT STOCK COMPANY,broadband,2025-Q3,2025,3,35.081469318871896,18.93428995640649,32.215145449398186,15.792393382390072,175.6021142857143,219.0,35,5,0.003991988649065419,False
7602,,Sai gon Postel Corporation,broadband,2025-Q3,2025,3,38.766022385688586,49.469684930937156,23.31737588653858,39.312420377452376,63.40546875,55.945499999999996,32,20,0.0036498181934312398,False
149150,,THDATA COMPANY LIMITED,broadband,2025-Q3,2025,3,39.42321420820174,27.55456873466828,23.92230496088587,28.145412176358853,51.29046875,52.269,32,15,0.0036498181934312398,False
38732,,CMC Telecom Infrastructure Company,broadband,2025-Q3,2025,3,21.159414867466957,8.345872214490715,14.366478599331487,3.643782205214821,130.35152173913045,48.658,23,3,0.0026233068265287037,False
63731,,TIEN PHAT TECHNOLOGY CORPORATION,broadband,2025-Q3,2025,3,81.32481346851921,62.050320678323715,75.02623553688409,36.56646624504383,38.39222727272727,31.7085,22,3,0.0025092500079839774,False
140810,,Megacore Technology Company Limited,broadband,2025-Q3,2025,3,64.8905891371541,28.32442176948155,48.53132061114134,12.747309774250231,175.7958181818182,175.2335,22,9,0.0025092500079839774,False
153650,,MEGAMAX VIET NAM TECHNOLOGY JOINT STOCK COMPANY,broadband,2025-Q3,2025,3,71.2846411240986,21.95033491844793,79.45206627856129,23.49356828489864,79.29145454545454,29.9395,22,1,0.0025092500079839774,False
140787,,LAM A ARCHITECTURE CONSTRUCTION COMPANY LIMITED,broadband,2025-Q3,2025,3,12.21170071168602,2.5541882186058675,5.817722064400268,1.1178294553511448,303.8775789473685,315.004,19,4,0.0021670795523497984,False
135929,,International Education Corporation,broadband,2025-Q3,2025,3,10.46423092452754,52.94331188857477,11.323563306346461,23.999401140081943,32.82070588235294,29.483,17,2,0.001938965915260346,False
135982,,Hoi An South Development Ltd,broadband,2025-Q3,2025,3,8.649168772185794,12.410908284161344,7.787601755804493,11.474033616110493,181.42682352941176,175.944,17,1,0.001938965915260346,False
131127,,GLOBAL TECHNOLOGY - TELECOMMUNICATIONS CORPORATION,broadband,2025-Q3,2025,3,8.843728045971996,7.39596398812812,2.7334960831451953,5.825901287476395,30.86347058823529,29.722,17,1,0.001938965915260346,False
135923,,SCTV INFRASTRUCTURE BUSINESS INVESMENT COMPANY LIMITED,broadband,2025-Q3,2025,3,29.8458918142373,21.58477953732107,27.491748459071733,21.732043787029465,196.76600000000002,192.343,15,4,0.0017108522781708936,False
152980,,KHANH CHI IDC COMPANY LIMITED,broadband,2025-Q3,2025,3,112.78579248843833,125.31894366843946,113.04778736985827,106.39350822629409,148.36457142857145,176.317,14,12,0.0015967954596261674,False
149068,,iNET software one member company limited,broadband,2025-Q3,2025,3,41.350233283472484,1.6752968806558608,29.83446522114751,1.4849846525244605,26.954642857142858,26.0,14,1,0.0015967954596261674,False
152959,,GKIN COMPANY LIMITED,broadband,2025-Q3,2025,3,117.63001049386152,125.89365059842807,93.69571968264867,93.16551698045507,166.109,191.4305,12,12,0.0013686818225367148,False
150859,,SANDCLOCK SERVICE TRADING COMPANY LIMITED,broadband,2025-Q3,2025,3,48.81090967885013,83.36844350680404,49.63989156499204,90.78216868062624,48.59645454545454,50.577,11,1,0.0012546250039919887,False
7643,,Vietnam Posts and Telecommunications (VNPT),broadband,2025-Q3,2025,3,217.09304564006206,103.0184424583021,245.14517366867832,39.34449359222862,47.8694,47.7145,10,5,0.0011405681854472624,False
56141,,Danang ICT Infrastructure Development Center,broadband,2025-Q3,2025,3,57.16632772981137,55.42967266859098,51.906958705282776,56.88329015694288,150.90460000000002,171.619,10,7,0.0011405681854472624,False
63739,,VIETPN Company Limited,broadband,2025-Q3,2025,3,57.124586606427755,22.492993860920542,66.61514762863617,13.05101154950934,56.74533333333333,51.0,9,6,0.0010265113669025363,False
140824,,VNIDC TECHNOLOGY COMPANY LIMITED,broadband,2025-Q3,2025,3,77.02389163401645,95.8978457332538,78.53139842022323,76.72013394734198,117.98112500000002,168.21800000000002,8,1,0.0009124545483578099,False
131396,,Rmit International University Vietnam,broadband,2025-Q3,2025,3,243.1989833952464,220.4729380768807,206.3481916558677,216.0105207318416,35.829125,29.496000000000002,8,7,0.0009124545483578099,False
152992,,ONLINE DATA COMPANY LIMITED,broadband,2025-Q3,2025,3,53.149445190945436,20.96764133672193,49.46675470162364,23.103625017649698,132.6881666666667,128.269,6,4,0.0006843409112683574,False
131385,,VTV-VN,broadband,2025-Q3,2025,3,36.72178072156877,51.44198330083754,28.96230180657078,18.746103579888786,177.39866666666668,172.9875,6,2,0.0006843409112683574,False
45542,,VietNam National University Ha Noi,broadband,2025-Q3,2025,3,4.020721638406574,14.06674557629776,3.719355310134321,14.06674557629776,48.62016666666667,49.353,6,2,0.0006843409112683574,False
135964,,RVC Rong Viet Trade Service Telecom Company Limited,broadband,2025-Q3,2025,3,37.94417346583667,86.660834420232,40.04055540977319,90.19042027341123,38.786833333333334,38.8275,6,1,0.0006843409112683574,False
131398,,LOTTE INNOVATE VIETNAM COMPANY LIMITED,broadband,2025-Q3,2025,3,45.243604534970395,73.34446897695211,33.14675091753614,76.67581160591746,125.3962,188.602,5,1,0.0005702840927236312,False
131366,,Lanit Technology and Communication Joint Stock Company,broadband,2025-Q3,2025,3,28.196413531841397,3.062352901634965,31.95815356635793,3.062352901634965,301.1634,200.58,5,2,0.0005702840927236312,False
203724,,Musarubra Germany GmbH,broadband,2025-Q3,2025,3,59.48107716279746,23.349501805953935,57.18616043024081,15.038236642728165,192.4126,247.937,5,1,0.0005702840927236312,False
149159,,Viet Nam Academy of Science and Technology,broadband,2025-Q3,2025,3,38.61016603735736,43.10037827300911,20.18001267187835,21.249802043113053,54.6592,22.339,5,2,0.0005702840927236312,False
150826,,VR VIET NAM COMPANY LIMITED,broadband,2025-Q3,2025,3,21.033425290098826,6.335101110786382,18.560227971772004,2.1166195361457354,119.3,101.477,5,4,0.0005702840927236312,False
38726,,VTC DIGICOM,broadband,2025-Q3,2025,3,16.275554367868082,19.00672971006705,9.275059660537313,18.574704386385253,349.56039999999996,336.0,5,4,0.0005702840927236312,False
55313,,Hanel Communication JSC,broadband,2025-Q3,2025,3,45.61729592723218,96.66999891905981,45.94088934113116,112.51661751778738,28.6045,28.009,4,1,0.00045622727417890497,False
56155,,Tuong Minh Software Solutions Company Limited,broadband,2025-Q3,2025,3,40.177056473269964,51.588411424847294,33.934504096545496,51.588411424847294,41.861000000000004,44.31,4,3,0.00045622727417890497,False
152993,,Gemz Land Trading and Service Company Limited,broadband,2025-Q3,2025,3,86.9460781729764,35.11089816705707,84.25851277517324,34.37171075615336,125.94625,127.257,4,4,0.00045622727417890497,False
62240,,Clouvider,broadband,2025-Q3,2025,3,49.05578990836321,84.27714506476686,55.427617150397865,84.27714506476686,52.10025,0.641,4,1,0.00045622727417890497,False
135926,,Phu Nhuan Jewelry Joint Stock Company,broadband,2025-Q3,2025,3,114.36018318852832,15.412379203350719,112.85682687999898,16.609397891927802,33.419,34.348,3,1,0.0003421704556341787,False
135978,,Hanoi University of Industry,broadband,2025-Q3,2025,3,32.926323663759796,61.924999387545625,9.317535278413814,61.924999387545625,41.528999999999996,49.159,3,1,0.0003421704556341787,False
135983,,Tino Group Joint Stock Company,broadband,2025-Q3,2025,3,20.464015829905847,15.71684855659277,9.429114171113383,11.375907502742646,144.484,188.3,3,2,0.0003421704556341787,False
135158,,Softnet Limited,broadband,2025-Q3,2025,3,21.365945866294563,21.067241654748194,17.435315689184105,21.067241654748194,430.3573333333334,430.521,3,3,0.0003421704556341787,False
131414,,Long Van Soft Solution JSC,broadband,2025-Q3,2025,3,22.107385325999772,3.4748122317748567,21.75749442505575,3.736375306453487,70.56066666666666,21.0,3,1,0.0003421704556341787,False
200017,,Elisteka UAB,broadband,2025-Q3,2025,3,79.44700907988201,,79.44700907988201,,120.251,120.251,2,2,0.00022811363708945249,False
154177,,LIGHT NODE LIMITED,broadband,2025-Q3,2025,3,77.99457846786287,61.10695109412278,77.99457846786287,61.10695109412278,25.299500000000002,25.299500000000002,2,1,0.00022811363708945249,False
63760,,AZDIGI Corporation,broadband,2025-Q3,2025,3,132.2786389676386,23.00372228658347,132.2786389676386,23.00372228658347,121.49,121.49,2,1,0.00022811363708945249,False
45166,,Pacific Internet Pte Ltd,broadband,2025-Q3,2025,3,14.020340780070082,22.789125915341273,14.020340780070082,22.789125915341273,46.6275,46.6275,2,2,0.00022811363708945249,False
135906,,BOOKING247 COMPANY LIMITED,broadband,2025-Q3,2025,3,11.252736223753946,,11.252736223753946,,97.6735,97.6735,2,2,0.00022811363708945249,False
135942,,Adsota Corporation,broadband,2025-Q3,2025,3,0.3480912131070295,0.15780456036163615,0.3480912131070295,0.15780456036163615,298.42150000000004,298.42150000000004,2,1,0.00022811363708945249,False
149137,,TAN THANH AN INTERNATIONAL TRADE DEVELOPMENT COMPANY LIMITED,broadband,2025-Q3,2025,3,242.15834010325935,134.9766465040155,242.15834010325935,134.9766465040155,54.303,54.303,1,1,0.00011405681854472624,False
135909,,Information Technology Park - Vietnam National University Ho Chi Minh City,broadband,2025-Q3,2025,3,6.920254140118502,,6.920254140118502,,32.954,32.954,1,1,0.00011405681854472624,False
140813,,DIGITAL SOLUTION AND TELECOMMUNICATIONS SERVICE JOINT STOCK COMPANY,broadband,2025-Q3,2025,3,14.707745035887116,5.700383389558869,14.707745035887116,5.700383389558869,175.627,175.627,1,1,0.00011405681854472624,False
152990,,FOXAI TECHNOLOGY JOINT STOCK COMPANY,broadband,2025-Q3,2025,3,1.9480781457308436,,1.9480781457308436,,178.972,178.972,1,1,0.00011405681854472624,False
38253,,Hanoi Telecom JSC,broadband,2025-Q3,2025,3,30.538947520841404,17.45116115724132,30.538947520841404,17.45116115724132,40.349,40.349,1,1,0.00011405681854472624,False
38733,,CMC Telecom Infrastructure Company,broadband,2025-Q3,2025,3,46.0049063971871,,46.0049063971871,,179.684,179.684,1,1,0.00011405681854472624,False
131421,,"Intercom Telecom., JSC",broadband,2025-Q3,2025,3,1.1806326225952737,,1.1806326225952737,,41.673,41.673,1,1,0.00011405681854472624,False
149154,,Department of Science and Technology of Lao Cai province,broadband,2025-Q3,2025,3,58.48998101014662,0.15656230266443943,58.48998101014662,0.15656230266443943,48.932,48.932,1,1,0.00011405681854472624,False
63733,,Hoa Thai Software Services Company Limited,broadband,2025-Q3,2025,3,21.298146335585,26.07404628834131,21.298146335585,26.07404628834131,35.0,35.0,1,1,0.00011405681854472624,False
153830,,Upnet Technology Solutions Company Limited,broadband,2025-Q3,2025,3,23.058619943759464,,23.058619943759464,,243.376,243.376,1,1,0.00011405681854472624,False
29802,,"HIVELOCITY, Inc.",broadband,2025-Q3,2025,3,7.96867438649073,,7.96867438649073,,9.511,9.511,1,1,0.00011405681854472624,False
45544,,SUPERDATA-VN,broadband,2025-Q3,2025,3,62.12920191974317,27.200280477587892,62.12920191974317,27.200280477587892,49.648,49.648,1,1,0.00011405681854472624,False
131428,,Rainbow E-Commerce Company Limited,broadband,2025-Q3,2025,3,4.216471632054458,2.164540653201809,4.216471632054458,2.164540653201809,29.058,29.058,1,1,0.00011405681854472624,False
131412,,State Audit Office of Vietnam,broadband,2025-Q3,2025,3,79.81478504985964,102.89150686843804,79.81478504985964,102.89150686843804,109.249,109.249,1,1,0.00011405681854472624,False
135987,,Reload Company Limited,broadband,2025-Q3,2025,3,88.04301934132484,1.1251512202085965,88.04301934132484,1.1251512202085965,199.414,199.414,1,1,0.00011405681854472624,False
38244,,VNG Corporation,broadband,2025-Q3,2025,3,7.701930956968914,7.8016533355359945,7.701930956968914,7.8016533355359945,95.138,95.138,1,1,0.00011405681854472624,False
135938,,Home Credit Viet nam Finance Company Limited,broadband,2025-Q3,2025,3,94.37999195094577,55.95705132298181,94.37999195094577,4.329356746946015,57.337,57.337,1,1,0.00011405681854472624,False
24175,,National Agency for Scientific and Technological Information,broadband,2025-Q3,2025,3,7.9261628840820455,10.879647140767933,7.9261628840820455,10.879647140767933,106.751,106.751,1,1,0.00011405681854472624,False
151942,,PHAN HUU BAO DIGITAL TECHNOLOGY SOLUTIONS COMPANY LIMITED,broadband,2025-Q3,2025,3,15.107613246132777,24.485774058284527,15.107613246132777,24.485774058284527,186.586,186.586,1,1,0.00011405681854472624,False
63764,,INCOM SAI GON JOINT STOCK COMPANY,broadband,2025-Q3,2025,3,0.7058692246614734,0.3229045693076911,0.7058692246614734,0.3229045693076911,47.867,47.867,1,1,0.00011405681854472624,False
45894,,FPT Online JSC,broadband,2025-Q3,2025,3,14.711343872069893,,14.711343872069893,,165.31,165.31,1,1,0.00011405681854472624,False
140806,,"PVS TELECOM CO.LTD.,",broadband,2025-Q3,2025,3,69.83037859471426,94.65209174860665,69.83037859471426,94.65209174860665,31.436,31.436,1,1,0.00011405681854472624,False
151923,,BC CARD Vietnam Company Limited,broadband,2025-Q3,2025,3,11.851162137780264,3.3195582025689157,11.851162137780264,3.3195582025689157,82.05,82.05,1,1,0.00011405681854472624,False
149124,,WEBPX SOFTWARE COMPANY LIMITED,broadband,2025-Q3,2025,3,38.518851787060335,2.4662211639234974,38.518851787060335,2.4662211639234974,55.0,55.0,1,1,0.00011405681854472624,False
151917,,Jupiter Media Joint Stock Company,broadband,2025-Q3,2025,3,96.2728291871579,,96.2728291871579,,171.366,171.366,1,1,0.00011405681854472624,False
150895,,EZ TECHNOLOGY COMPANY LIMITED,broadband,2025-Q3,2025,3,15.665267383639167,12.706916009640452,15.665267383639167,12.706916009640452,56.177,56.177,1,1,0.00011405681854472624,False
55322,,North Power Company,broadband,2025-Q3,2025,3,17.406334248389214,0.4635099115184236,17.406334248389214,0.4635099115184236,175.0,175.0,1,1,0.00011405681854472624,False
396356,,Latitude.sh,broadband,2025-Q3,2025,3,168.1732942611013,50.24235625907315,168.1732942611013,50.24235625907315,88.265,88.265,1,1,0.00011405681854472624,False
7552,Viettel,Viettel Group,broadband,2025-Q4,2025,4,62.07890427944937,49.780763657743165,37.419957459672275,24.35582025435817,154.04973866506364,195.972,239590,94497,39.193329658123716,True
45899,VNPT,VNPT Corp,broadband,2025-Q4,2025,4,102.42972200622513,79.03998368892371,54.93033284778303,39.97649557372038,81.42546109693322,37.5475,229651,80563,37.567458363528395,True
18403,FPT,FPT Telecom Company,broadband,2025-Q4,2025,4,71.32183613401179,56.357110340638464,35.31905333246279,27.410354514969903,162.20056592225822,172.197,116400,44209,19.041293761031763,True
24086,Viettel,Viettel Corporation,broadband,2025-Q4,2025,4,82.7676024499364,61.81375230545927,59.57878796820367,32.76613276118889,136.07465456093064,196.689,7051,2062,1.1534378205243554,True
131429,MobiFone,MOBIFONE Corporation,broadband,2025-Q4,2025,4,55.86732639659003,46.09247679596356,32.72957213372635,29.935194158214394,153.31748015873015,172.612,4789,1814,0.7834085551682226,True
45543,SCTV,SaiGon Tourist cable Televition Company,broadband,2025-Q4,2025,4,36.66713746708319,19.479578340751093,22.14180909728759,12.765077092643565,189.22431031429835,197.95850000000002,4520,1709,0.7394041907204774,True
24173,,Netnam Company,broadband,2025-Q4,2025,4,34.852677122882014,28.62889171976172,19.380419418583216,15.640098246214677,68.5218354231975,34.158,2554,499,0.41779608475665914,True
45903,,CMC Telecom Infrastructure Company,broadband,2025-Q4,2025,4,27.35495416347762,17.291780198776344,12.946098421442215,4.38517143799934,168.68102290748894,180.825,1135,369,0.18566897266985438,True
150698,,Chandpur Online Systems,broadband,2025-Q4,2025,4,40.33150296411586,39.083314236094296,30.592691288770453,30.832336311362035,151.26740382678756,196.67,993,24,0.16243990296137922,True
135905,VNPT,VIETNAM POSTS AND TELECOMMUNICATIONS GROUP,broadband,2025-Q4,2025,4,48.49442596776619,10.562062925265815,29.74377993518614,6.760981044129014,153.39718581081084,203.4635,888,112,0.14526347817694335,True
24088,,Hanoi Telecom Joint Stock Company - HCMC Branch,broadband,2025-Q4,2025,4,30.864950760492718,26.700547748545606,15.376418035304138,13.546485244151551,99.5855868263473,47.5055,668,168,0.10927477862860153,True
45557,,Vietnam Technology and Telecommunication JSC,broadband,2025-Q4,2025,4,39.45241234689089,26.948567752946893,31.820143544600143,21.221975527195628,198.46755693581778,204.457,483,160,0.079011554008405,True
150861,,POWERNET COMPANY LIMITED,broadband,2025-Q4,2025,4,113.41248976815983,81.20861343000551,96.61261489359127,75.98033315006992,167.26943520782393,198.131,409,9,0.06690626416032638,True
149102,,KHANH CHI ICT COMPANY LIMITED,broadband,2025-Q4,2025,4,85.92476645717313,85.05613280704755,76.590392093026,92.58358419458139,128.37326250000004,169.83800000000002,320,6,0.05234719934304265,True
212238,,Datacamp Limited,broadband,2025-Q4,2025,4,106.94184503926245,56.31079608007896,57.62999604797907,22.190622607527857,80.87591774891774,41.255,231,7,0.03778813452575891,True
151858,,INTERDIGI JOINT STOCK COMPANY,broadband,2025-Q4,2025,4,28.735766358708428,4.8393425813842015,25.3174094969642,0.49831680520393223,167.1876617647059,226.365,204,4,0.033371339581189687,True
140775,,GLOBAL INFORMATICS TELECOMMUNICATIONS JOINT STOCK COMPANY,broadband,2025-Q4,2025,4,88.35292425987122,67.66769035871977,89.6391446694691,71.14546376958236,162.36568393782383,173.824,193,3,0.0315719046037726,True
63741,,DCNET TELECOM,broadband,2025-Q4,2025,4,11.346061028077068,14.961814171693934,7.618582170224302,7.22838388746656,254.56266442953026,233.819,149,20,0.024374164694104233,True
38731,,Vietel - CHT Compamy Ltd,broadband,2025-Q4,2025,4,78.79720870417917,73.9625706714147,47.83405684980882,13.465630329098214,112.48205555555555,38.655,126,11,0.020611709741323044,True
6619,,SamsungSDS Inc.,broadband,2025-Q4,2025,4,8.84374535401316,5.208662329895912,4.832059902719477,1.7367416219770777,125.58359322033897,90.292,118,4,0.019303029757746976,True
7602,,Sai gon Postel Corporation,broadband,2025-Q4,2025,4,37.406680453091596,38.88607075264222,26.838868108494275,30.221233785459162,84.02094117647059,55.189,102,45,0.016685669790594843,True
135967,,Bach Kim Network solutions Join stock company,broadband,2025-Q4,2025,4,21.64408539110425,13.02902147709991,12.056402835883247,7.88637986453096,230.32312871287132,210.658,101,12,0.016522084792647836,True
55309,,Minh Tu Telecom Limited Company,broadband,2025-Q4,2025,4,67.81805616198527,83.77556852619446,40.0576738683568,84.88911351159727,63.16339705882354,48.186499999999995,68,21,0.011123779860396563,False
56147,,Creative Communication Vietnam Joint Stock Company,broadband,2025-Q4,2025,4,13.372947383513532,24.95196101599569,5.034949816260793,18.896844775027237,58.73658928571429,51.2535,56,2,0.009160759885032463,False
24176,,Branch of Netnam Company in Ho Chi Minh City,broadband,2025-Q4,2025,4,27.365272666614302,25.109467429047736,14.000084600211501,16.789782268843013,47.76033333333333,44.488,51,10,0.008342834895297422,False
(unknown),,,broadband,2025-Q4,2025,4,37.802890804182184,21.986846952154,30.472160143386077,9.894189248599188,156.80575000000002,158.73000000000002,40,12,0.006543399917880331,False
131127,,GLOBAL TECHNOLOGY - TELECOMMUNICATIONS CORPORATION,broadband,2025-Q4,2025,4,87.38506731786146,129.60969113265364,90.85540655365031,92.38776350081193,29.69166666666667,29.569,36,2,0.005889059926092298,False
63731,,TIEN PHAT TECHNOLOGY CORPORATION,broadband,2025-Q4,2025,4,51.72919425058984,80.97679932729145,18.382644124636357,59.5322051502454,44.312407407407406,45.877,27,5,0.004416794944569223,False
153830,,Upnet Technology Solutions Company Limited,broadband,2025-Q4,2025,4,81.68083590602231,28.1805110782539,82.37007906168822,14.34144064433963,145.87864,174.14,25,7,0.004089624948675207,False
135978,,Hanoi University of Industry,broadband,2025-Q4,2025,4,19.61002359771215,41.391915500620314,5.239721132195207,45.86134118915265,53.43839130434784,53.0,23,1,0.0037624549527811905,False
152992,,ONLINE DATA COMPANY LIMITED,broadband,2025-Q4,2025,4,40.05805996253643,29.09686962182472,25.350031923098314,13.930747394357503,174.78242857142857,206.834,21,7,0.003435284956887174,False
140787,,LAM A ARCHITECTURE CONSTRUCTION COMPANY LIMITED,broadband,2025-Q4,2025,4,16.87874917348048,10.707433564012064,13.526825627960715,1.825766063547979,318.86894736842106,302.559,19,2,0.0031081149609931574,False
56141,,Danang ICT Infrastructure Development Center,broadband,2025-Q4,2025,4,48.586929186861525,22.194550328309344,31.8549089338251,8.788360422938862,143.25189473684213,170.626,19,10,0.0031081149609931574,False
131396,,Rmit International University Vietnam,broadband,2025-Q4,2025,4,190.07158329875642,167.79415172836335,171.05135163999572,174.66652965811227,36.96041176470588,32.167,17,11,0.002780944965099141,False
38726,,VTC DIGICOM,broadband,2025-Q4,2025,4,13.087944462834079,17.537954216085033,2.7557169254674694,10.533653376937341,303.8714375,342.521,16,4,0.0026173599671521323,False
135951,,Webico Company Limited,broadband,2025-Q4,2025,4,19.033637431624978,13.700299626923202,12.02762790686427,4.043650122975143,196.93175,193.608,12,1,0.0019630199753640993,False
150895,,EZ TECHNOLOGY COMPANY LIMITED,broadband,2025-Q4,2025,4,35.27470167667801,23.12382100766429,17.254639865961416,25.18977727149345,123.02269999999999,127.157,10,5,0.0016358499794700827,False
135929,,International Education Corporation,broadband,2025-Q4,2025,4,5.026827724581089,16.687991783834715,3.5966586310701563,0.0865127384697597,47.89190000000001,49.7125,10,1,0.0016358499794700827,False
153500,,1School Education Technology and Solutions Company Limited,broadband,2025-Q4,2025,4,37.23920792180365,9.143299856968696,36.96678999463884,6.436881995953605,173.3951111111111,172.852,9,1,0.0014722649815230744,False
152940,,TTC TELECOM SERVICE TRADING INVESTMENT COMPANY LIMITED,broadband,2025-Q4,2025,4,105.4991559839041,30.60826263099409,89.3254340641484,18.86017556962533,52.425777777777775,55.0,9,1,0.0014722649815230744,False
149154,,Department of Science and Technology of Lao Cai province,broadband,2025-Q4,2025,4,82.1516161637158,0.1903508359345429,56.75648242403573,0.13949756887505366,47.47237499999999,48.3845,8,1,0.0013086799835760662,False
38732,,CMC Telecom Infrastructure Company,broadband,2025-Q4,2025,4,50.46272577766044,33.29927817219694,55.90923665958474,25.606209521554373,165.96087500000002,178.541,8,3,0.0013086799835760662,False
149105,,IPTP NETWORKS DA NANG COMPANY LIMITED,broadband,2025-Q4,2025,4,11.738216999754032,10.48443029084149,4.89517337848291,11.161393476893268,47.05375,43.7505,8,4,0.0013086799835760662,False
984,,OCTOPUS WEB SOLUTION INC,broadband,2025-Q4,2025,4,69.36474575496287,12.633238522172638,20.891359145292814,8.21966383014876,32.81614285714286,33.0,7,3,0.001145094985629058,False
150859,,SANDCLOCK SERVICE TRADING COMPANY LIMITED,broadband,2025-Q4,2025,4,10.427431784167563,4.401918176634926,10.10337208201757,2.5668163354208877,220.14014285714285,210.11,7,1,0.001145094985629058,False
396356,,Latitude.sh,broadband,2025-Q4,2025,4,117.0758991537283,35.57494606882134,76.55179999560025,17.085144826271772,57.210142857142856,37.589,7,3,0.001145094985629058,False
135923,,SCTV INFRASTRUCTURE BUSINESS INVESMENT COMPANY LIMITED,broadband,2025-Q4,2025,4,14.888317133707114,37.47611094060063,4.362810370078419,35.84338977040575,145.67671428571427,193.824,7,3,0.001145094985629058,False
45542,,VietNam National University Ha Noi,broadband,2025-Q4,2025,4,37.92889209877786,14.228417820989105,38.90926066620684,4.656440651559971,80.60283333333332,54.0275,6,2,0.0009815099876820496,False
131385,,VTV-VN,broadband,2025-Q4,2025,4,31.059863013727853,61.15174157665491,14.55376128554659,42.02231127070334,228.48739999999998,209.05,5,1,0.0008179249897350414,False
135982,,Hoi An South Development Ltd,broadband,2025-Q4,2025,4,30.438246580210755,46.38884350937731,30.310760658786528,46.38884350937731,114.48679999999999,173.788,5,1,0.0008179249897350414,False
203724,,Musarubra Germany GmbH,broadband,2025-Q4,2025,4,41.96149752228739,26.194079517168603,49.42430332851748,38.986448437944375,203.44080000000002,244.977,5,2,0.0008179249897350414,False
7643,,Vietnam Posts and Telecommunications (VNPT),broadband,2025-Q4,2025,4,132.07329394544905,76.03041433565697,89.09670331999872,27.87592752258844,49.5894,50.0,5,4,0.0008179249897350414,False
135964,,RVC Rong Viet Trade Service Telecom Company Limited,broadband,2025-Q4,2025,4,32.17217763866565,112.45260171758679,39.91730274732846,29.022545436416692,29.464999999999996,28.248,5,3,0.0008179249897350414,False
45166,,Pacific Internet Pte Ltd,broadband,2025-Q4,2025,4,48.92359223893885,19.60078412451841,20.964465995842403,24.86544720258653,123.45259999999999,169.221,5,1,0.0008179249897350414,False
149068,,iNET software one member company limited,broadband,2025-Q4,2025,4,40.29127678107393,10.273584235198339,40.73534484098421,2.000509930417506,28.7255,27.951,4,2,0.0006543399917880331,False
29802,,"HIVELOCITY, Inc.",broadband,2025-Q4,2025,4,7.493905339552757,3.1277850597017487,8.045928486792857,1.50605747178846,9.58425,9.5165,4,2,0.0006543399917880331,False
56155,,Tuong Minh Software Solutions Company Limited,broadband,2025-Q4,2025,4,40.56926102219123,54.16420978026344,21.8997661781511,54.16420978026344,106.91,59.34,4,4,0.0006543399917880331,False
131398,,LOTTE INNOVATE VIETNAM COMPANY LIMITED,broadband,2025-Q4,2025,4,16.11748710244097,27.415879157628762,15.42012942177286,19.951001160893277,188.66175,191.60500000000002,4,2,0.0006543399917880331,False
38249,,KIS Viet Nam Securities Corporations,broadband,2025-Q4,2025,4,72.12489721056866,82.12470368517366,75.8835824813076,92.74199591989088,48.11525,52.522,4,1,0.0006543399917880331,False
200017,,Elisteka UAB,broadband,2025-Q4,2025,4,39.87325691412968,11.62108342951788,30.328057229511764,1.8347977806755746,243.50775,242.072,4,3,0.0006543399917880331,False
55322,,North Power Company,broadband,2025-Q4,2025,4,47.254396932611506,50.65643879564505,65.27944521937332,68.48258115202147,257.0233333333333,212.655,3,2,0.0004907549938410248,False
38244,,VNG Corporation,broadband,2025-Q4,2025,4,39.4460860745345,31.3760864522298,11.527287839800515,9.429598315052504,106.97033333333333,76.573,3,3,0.0004907549938410248,False
140810,,Megacore Technology Company Limited,broadband,2025-Q4,2025,4,59.04522239842323,12.098852568209912,34.89952533236342,12.098852568209912,169.20633333333333,71.938,3,3,0.0004907549938410248,False
151870,,Department of Radio Frequency - Ministry of Information and Communications,broadband,2025-Q4,2025,4,7.099531887098451,12.634835759678134,7.099531887098451,12.634835759678134,27.1675,27.1675,2,1,0.00032716999589401654,False
135959,,Onebim Vietnam Limited Company,broadband,2025-Q4,2025,4,7.136660950395125,9.580588213369106,7.136660950395125,9.580588213369106,49.704,49.704,2,1,0.00032716999589401654,False
135990,,Everest Global Joint Stock Company,broadband,2025-Q4,2025,4,57.60339838406179,32.12568526838209,57.60339838406179,32.12568526838209,213.294,213.294,2,1,0.00032716999589401654,False
38733,,CMC Telecom Infrastructure Company,broadband,2025-Q4,2025,4,59.73153892374239,78.53527195414719,59.73153892374239,78.53527195414719,184.533,184.533,2,2,0.00032716999589401654,False
153320,,SANDCLOCK SERVICE TRADING COMPANY LIMITED,broadband,2025-Q4,2025,4,15.260314070062648,,15.260314070062648,,200.5275,200.5275,2,1,0.00032716999589401654,False
62240,,Clouvider,broadband,2025-Q4,2025,4,65.27186624459294,0.09276303231003284,65.27186624459294,0.09276303231003284,97.331,97.331,2,1,0.00032716999589401654,False
149159,,Viet Nam Academy of Science and Technology,broadband,2025-Q4,2025,4,15.985590774944376,41.126314195824854,15.985590774944376,41.126314195824854,193.639,193.639,2,2,0.00032716999589401654,False
131421,,"Intercom Telecom., JSC",broadband,2025-Q4,2025,4,34.04642200319688,,34.04642200319688,,186.706,186.706,1,1,0.00016358499794700827,False
140770,,Digilife Vietnam Digital Services Company Limited,broadband,2025-Q4,2025,4,13.940900292435089,46.887387884664,13.940900292435089,46.887387884664,169.559,169.559,1,1,0.00016358499794700827,False
55891,,WATCH TOWER BIBLE AND TRACT SOCIETY,broadband,2025-Q4,2025,4,24.793775724377163,56.99603001111597,24.793775724377163,56.99603001111597,156.0,156.0,1,1,0.00016358499794700827,False
149147,,GOFIBER SOFTWARE TECHNOLOGY COMPANY LIMITED,broadband,2025-Q4,2025,4,86.10363443001063,40.0147927378705,86.10363443001063,40.0147927378705,102.912,102.912,1,1,0.00016358499794700827,False
153003,,Digital Shield Technology Company Limited,broadband,2025-Q4,2025,4,15.548321287362825,5.357050651097252,15.548321287362825,5.357050651097252,221.476,221.476,1,1,0.00016358499794700827,False
55313,,Hanel Communication JSC,broadband,2025-Q4,2025,4,11.057248039245913,19.532991122949444,11.057248039245913,19.532991122949444,333.72,333.72,1,1,0.00016358499794700827,False
135901,,Phuong Dong technology solution company limited,broadband,2025-Q4,2025,4,109.38851809348206,50.463579506543724,109.38851809348206,50.463579506543724,185.637,185.637,1,1,0.00016358499794700827,False
38248,,VTC-VN,broadband,2025-Q4,2025,4,7.385532108987215,2.0714058868938814,7.385532108987215,2.0714058868938814,199.303,199.303,1,1,0.00016358499794700827,False
152979,,Vietservice Technology Company Limited,broadband,2025-Q4,2025,4,11.38002125265739,4.827261279964339,11.38002125265739,4.827261279964339,176.057,176.057,1,1,0.00016358499794700827,False
45538,,ODS Joint Stock Company,broadband,2025-Q4,2025,4,0.8974791376988708,,0.8974791376988708,,187.098,187.098,1,1,0.00016358499794700827,False
63733,,Hoa Thai Software Services Company Limited,broadband,2025-Q4,2025,4,19.3891562105814,22.673532441645943,19.3891562105814,22.673532441645943,30.872,30.872,1,1,0.00016358499794700827,False
151852,,FUTE JOINT STOCK COMPANY,broadband,2025-Q4,2025,4,93.85914474467027,93.46677157027015,93.85914474467027,93.46677157027015,200.883,200.883,1,1,0.00016358499794700827,False
135938,,Home Credit Viet nam Finance Company Limited,broadband,2025-Q4,2025,4,62.49854512897991,,62.49854512897991,,30.639,30.639,1,1,0.00016358499794700827,False
131415,,Vietnam Internet network information center (VNNIC),broadband,2025-Q4,2025,4,76.55372333633031,50.691319161395455,76.55372333633031,50.691319161395455,207.549,207.549,1,1,0.00016358499794700827,False
63747,,Central Post and Telecommunication (CPT),broadband,2025-Q4,2025,4,0.7238215146262121,1.4030581637917319,0.7238215146262121,1.4030581637917319,256.078,256.078,1,1,0.00016358499794700827,False
151863,,PSG JOINT STOCK COMPANY,broadband,2025-Q4,2025,4,26.820899314642016,7.136498870308179,26.820899314642016,7.136498870308179,228.052,228.052,1,1,0.00016358499794700827,False
63766,,VEGAGAME-VN,broadband,2025-Q4,2025,4,66.64921530211333,94.67235002171407,66.64921530211333,94.67235002171407,199.275,199.275,1,1,0.00016358499794700827,False
135983,,Tino Group Joint Stock Company,broadband,2025-Q4,2025,4,310.84953455034713,291.96594241890824,310.84953455034713,291.96594241890824,34.65,34.65,1,1,0.00016358499794700827,False
38738,,"L.C.S Company.,ltd",broadband,2025-Q4,2025,4,239.30236862709518,214.4112460653801,239.30236862709518,214.4112460653801,29.169,29.169,1,1,0.00016358499794700827,False
135958,,Teko Vietnam Technology Joint Stock Company,broadband,2025-Q4,2025,4,34.8396523424496,,34.8396523424496,,200.934,200.934,1,1,0.00016358499794700827,False
140822,,ANPHATIDC,broadband,2025-Q4,2025,4,78.01881293918376,62.8445507642637,78.01881293918376,62.8445507642637,198.854,198.854,1,1,0.00016358499794700827,False
135926,,Phu Nhuan Jewelry Joint Stock Company,broadband,2025-Q4,2025,4,76.38569083976736,68.0836660553721,76.38569083976736,68.0836660553721,35.815,35.815,1,1,0.00016358499794700827,False
214208,,Elisteka UAB,broadband,2025-Q4,2025,4,51.81171262312614,,51.81171262312614,,282.608,282.608,1,1,0.00016358499794700827,False
56149,,Cong ty CP Truyen thong quoc te Incom,broadband,2025-Q4,2025,4,34.39177584115467,45.66413046043282,34.39177584115467,45.66413046043282,21.0,21.0,1,1,0.00016358499794700827,False
135158,,Softnet Limited,broadband,2025-Q4,2025,4,14.096043095413993,2.4264434156351853,14.096043095413993,2.4264434156351853,555.84,555.84,1,1,0.00016358499794700827,False
7552,Viettel,Viettel Group,cellular,2023-Q1,2023,1,21.0924494971462,10.926320516668877,12.4073835398292,6.664286833555646,187.84446641868152,153.917,4840,3267,39.14274160938132,True
45899,VNPT,VNPT Corp,cellular,2023-Q1,2023,1,21.252452700580147,10.574511118103889,11.19145184895424,5.026038283022625,165.95732851897185,123.209,4085,2392,33.03679741205014,True
131429,MobiFone,MOBIFONE Corporation,cellular,2023-Q1,2023,1,23.35012847085632,12.503058761472303,15.630473841236157,6.350862691786366,129.3532689131153,79.208,3027,2365,24.48038819247877,True
38247,,Vietnamobile Telecommunications Joint Stock Company,cellular,2023-Q1,2023,1,5.765031120904152,2.5234270639696876,3.5507857956799596,1.6682139901229882,180.15406435643564,148.8415,404,349,3.2672866963202587,True
45896,,Mobifone Global JSC,cellular,2023-Q1,2023,1,30.38508201673409,7.582134160038829,29.17062879513223,4.2116643088791745,168.14177777777778,60.223,9,7,0.07278608976951072,False
7552,Viettel,Viettel Group,cellular,2023-Q2,2023,2,21.725987656570386,11.68834790807,13.44776274598565,7.0903847365279224,162.94634668211157,95.203,6044,4086,39.57310286125843,True
45899,VNPT,VNPT Corp,cellular,2023-Q2,2023,2,28.18479046230556,12.790508679976435,18.705250536760396,8.149427338994496,163.94022206005,97.6765,4797,2768,31.408367707719506,True
131429,MobiFone,MOBIFONE Corporation,cellular,2023-Q2,2023,2,21.18234029544095,12.03892994153798,13.902115408328203,6.643588544451025,146.11757533197144,86.131,3916,2525,25.64001833300596,True
38247,,Vietnamobile Telecommunications Joint Stock Company,cellular,2023-Q2,2023,2,6.6421527148439194,2.4414117610255324,3.885892749924025,1.7419702171180176,110.47701596806387,89.959,502,325,3.286846068224972,True
45896,,Mobifone Global JSC,cellular,2023-Q2,2023,2,29.542656205865036,13.368014079000313,12.421153313686354,2.518667702071501,153.57492857142856,134.06900000000002,14,5,0.09166502979113468,False
7552,Viettel,Viettel Group,cellular,2023-Q3,2023,3,20.074050709608297,11.040783429291038,12.816745072690665,6.639275454473368,134.4742015972618,80.649,8766,4875,37.538540596094556,True
45899,VNPT,VNPT Corp,cellular,2023-Q3,2023,3,25.23619422640264,11.95996606825315,15.819016436783834,7.500384920938469,128.95680580511407,79.953,7237,3434,30.990921548475505,True
131429,MobiFone,MOBIFONE Corporation,cellular,2023-Q3,2023,3,20.247307514786296,12.580403385883875,13.95296005393304,8.031664479923304,97.72725857077556,74.49,6564,3894,28.108941418293938,True
38247,,Vietnamobile Telecommunications Joint Stock Company,cellular,2023-Q3,2023,3,6.2130513442333335,2.749161198770281,3.768964112319309,1.7390948525083865,106.85305481283423,74.48949999999999,749,414,3.207434052757794,True
18403,FPT,FPT Telecom Company,cellular,2023-Q3,2023,3,201.65891495083147,136.02421142730702,111.0107922883943,121.83527538415404,74.93943478260869,54.632,23,2,0.09849263446385749,False
45896,,Mobifone Global JSC,cellular,2023-Q3,2023,3,5.372379210723575,10.80003172389386,2.171324743576619,8.018729822638393,254.68058333333337,288.055,13,5,0.05566974991435423,False
7552,Viettel,Viettel Group,cellular,2023-Q4,2023,4,22.394723698974907,12.339403140764649,13.892990915822361,7.875206843960156,121.53941631139944,71.759,5395,2989,34.33244240804378,True
131429,MobiFone,MOBIFONE Corporation,cellular,2023-Q4,2023,4,23.357873329241787,14.226977311540587,16.0946299374816,9.398037398850956,76.76518886597937,56.8845,4850,2813,30.864197530864196,True
45899,VNPT,VNPT Corp,cellular,2023-Q4,2023,4,23.57893833324544,11.334668765545524,14.739492337073063,6.941872110419418,144.6362125614185,84.484,4682,3006,29.795087183403336,True
38247,,Vietnamobile Telecommunications Joint Stock Company,cellular,2023-Q4,2023,4,6.8121694691131305,3.723855361442288,3.1830563819248563,2.157118717524263,136.7248645833333,68.82849999999999,768,426,4.887361588392516,True
45896,,Mobifone Global JSC,cellular,2023-Q4,2023,4,21.802416053138813,17.607137047105685,19.542640475453076,14.334094844231934,75.9067857142857,63.587,14,7,0.08909252895507191,False
18403,FPT,FPT Telecom Company,cellular,2023-Q4,2023,4,16.99683292239363,10.97063248440081,9.483275551895082,2.560451408647233,212.42680000000001,177.0,5,3,0.03181876034109711,False
7552,Viettel,Viettel Group,cellular,2024-Q1,2024,1,28.743883737057477,13.613096216867323,18.25569612613414,9.454747460324949,100.11830308136736,67.1515,4154,3068,32.78869681900702,True
131429,MobiFone,MOBIFONE Corporation,cellular,2024-Q1,2024,1,25.46145248532124,15.35131114869663,17.096052629177393,10.301740958044999,79.1909264205925,59.519000000000005,4118,3181,32.50453863761938,True
45899,VNPT,VNPT Corp,cellular,2024-Q1,2024,1,23.157953365600235,12.499603695420927,14.69626279969799,7.9158272734704695,127.4856671953476,78.999,3784,2690,29.8681821769674,True
38247,,Vietnamobile Telecommunications Joint Stock Company,cellular,2024-Q1,2024,1,5.637979021455139,3.136636411004521,3.364371868998324,2.1253173635104017,137.12055463576158,62.851,604,367,4.767542821059279,True
45896,,Mobifone Global JSC,cellular,2024-Q1,2024,1,24.792182059847924,23.075811345716943,20.449022759851992,7.620022893054517,213.5392,320.135,5,3,0.039466414081616545,False
18403,FPT,FPT Telecom Company,cellular,2024-Q1,2024,1,3.2694174713941933,31.068636475590697,2.1642091476362233,35.30313940572392,275.29833333333335,250.954,3,1,0.023679848448969927,False
154177,,LIGHT NODE LIMITED,cellular,2024-Q1,2024,1,17.51698059049087,,17.51698059049087,,79.899,79.899,1,1,0.007893282816323309,False
7552,Viettel,Viettel Group,cellular,2024-Q2,2024,2,37.57825058823227,16.851113008998713,24.302423184576412,12.814724687758464,105.07514917461765,69.179,46222,30282,34.91535922286094,True
131429,MobiFone,MOBIFONE Corporation,cellular,2024-Q2,2024,2,28.920726756058585,15.117691713220998,19.685485513006803,10.447269738223666,104.23206945038133,77.921,44449,26142,33.57606339182524,True
45899,VNPT,VNPT Corp,cellular,2024-Q2,2024,2,33.9566516841029,15.4673700001287,24.4017241336325,11.533846041619146,120.25192798443462,81.53,39062,18131,29.506809786755095,True
38247,,Vietnamobile Telecommunications Joint Stock Company,cellular,2024-Q2,2024,2,6.293339652889231,2.852695032651789,3.3268765113802985,2.1021956372455923,165.61750475827938,212.115,2627,574,1.9843937665712366,True
154177,,LIGHT NODE LIMITED,cellular,2024-Q2,2024,2,40.25918112271261,15.794762608956916,37.12640445362275,12.253847260510696,95.25941666666665,76.062,12,1,0.009064607993473483,False
45896,,Mobifone Global JSC,cellular,2024-Q2,2024,2,19.546654166775156,16.09698021501192,12.455391817843273,7.649755751104838,172.35645454545454,73.227,11,7,0.008309223994017359,False
131429,MobiFone,MOBIFONE Corporation,cellular,2024-Q3,2024,3,25.869971772793672,14.129266250751462,16.533649091329536,9.627151631506715,91.43879788029922,58.7905,16041,12643,35.68552423750306,True
7552,Viettel,Viettel Group,cellular,2024-Q3,2024,3,33.42364163148382,14.163768512067529,20.952830819672233,9.854629330661991,100.17616730822103,72.525,14548,9245,32.364129830259614,True
45899,VNPT,VNPT Corp,cellular,2024-Q3,2024,3,29.09261807207401,14.040443701094803,19.407835786725034,10.001534579942719,127.91838114359138,86.18,12452,6713,27.701274721363262,True
38247,,Vietnamobile Telecommunications Joint Stock Company,cellular,2024-Q3,2024,3,7.908635908612434,3.581983905118201,3.7716184638183075,2.4446855694107414,126.29012114771521,81.6345,1882,733,4.186781161709417,True
45896,,Mobifone Global JSC,cellular,2024-Q3,2024,3,17.310921045336823,21.816772379346055,13.409822185797406,23.442517992142523,115.23852631578946,42.0,19,6,0.04226824764743832,False
154177,,LIGHT NODE LIMITED,cellular,2024-Q3,2024,3,19.688382613589745,5.14167111388143,17.957597557922828,3.1061309273571127,170.97466666666665,95.361,9,4,0.020021801517207626,False
7552,Viettel,Viettel Group,cellular,2024-Q4,2024,4,61.6157667149151,18.141655786680722,33.77830824788803,11.60321494923396,120.843859703021,69.9685,11719,10095,41.38795691329684,True
131429,MobiFone,MOBIFONE Corporation,cellular,2024-Q4,2024,4,33.89579433646381,14.607181385637105,24.091012544246734,9.516320136051185,82.17802013091269,51.509,8097,5398,28.596150450291365,True
45899,VNPT,VNPT Corp,cellular,2024-Q4,2024,4,33.957813126915546,14.475183111029484,23.93053846908378,10.159449532103292,158.59268122153762,134.53,7467,4415,26.371181352639944,True
38247,,Vietnamobile Telecommunications Joint Stock Company,cellular,2024-Q4,2024,4,6.9402274759648925,3.0701583130169636,4.031354475841328,1.9622719201469818,86.79007373737375,75.1605,990,443,3.496380010595091,True
45896,,Mobifone Global JSC,cellular,2024-Q4,2024,4,21.43818638717788,16.61714923370813,9.883270284347603,9.265085585203689,135.87951612903228,45.582,31,4,0.10948260639237153,False
154177,,LIGHT NODE LIMITED,cellular,2024-Q4,2024,4,15.140885997246151,4.361336770419004,14.613504914506786,0.0751811673907496,135.65981818181817,86.896,11,3,0.0388486667843899,False
45899,VNPT,VNPT Corp,cellular,2025-Q1,2025,1,25.25252064644573,11.552794863764497,18.958951459945396,7.646973498153537,136.75532677678015,70.428,43781,12732,38.36601994496731,True
131429,MobiFone,MOBIFONE Corporation,cellular,2025-Q1,2025,1,30.09097679487182,15.210159843096063,18.512000394742117,8.434644629785858,105.38256406010424,57.6175,32615,13806,28.581068054752265,True
7552,Viettel,Viettel Group,cellular,2025-Q1,2025,1,41.65492007980012,20.065385317244157,26.17451049369817,12.335362604976808,133.05277493394976,98.955,30292,14704,26.545384440121282,True
38247,,Vietnamobile Telecommunications Joint Stock Company,cellular,2025-Q1,2025,1,5.983625497319722,3.158376377965671,3.1337612238249095,2.241554191042982,193.33410718719819,212.071,7285,815,6.3839669102827,True
45896,,Mobifone Global JSC,cellular,2025-Q1,2025,1,16.17132760174123,10.878599055926335,17.605104785822952,8.876584921809274,121.52933333333333,162.7295,114,10,0.0999000999000999,True
154177,,LIGHT NODE LIMITED,cellular,2025-Q1,2025,1,14.513536600920828,8.917011325916604,12.694569282875054,2.8236004284420755,93.19862962962962,95.0,27,3,0.02366054997633945,False
45899,VNPT,VNPT Corp,cellular,2025-Q2,2025,2,31.85836255428672,14.765184351662086,22.333483226183137,11.959989332675242,113.56142061068705,63.04,15722,9782,38.166678804651276,True
7552,Viettel,Viettel Group,cellular,2025-Q2,2025,2,42.566735730895516,14.723693871407283,28.92219633482908,9.013365839853721,156.80943098881693,192.0,13593,8776,32.99832495812395,True
131429,MobiFone,MOBIFONE Corporation,cellular,2025-Q2,2025,2,47.62014907593935,16.651354629968314,25.700933200255253,8.427156631430918,108.63067139479907,51.058,9730,6243,23.620518049183115,True
38247,,Vietnamobile Telecommunications Joint Stock Company,cellular,2025-Q2,2025,2,7.802405868515082,2.6917375441699893,4.3495921819881875,1.443570389982682,176.3041490291262,203.53250000000003,2061,679,5.00327725584444,True
45896,,Mobifone Global JSC,cellular,2025-Q2,2025,2,21.634022157584013,15.505507739139702,9.643604823634112,4.36362414665914,92.99023880597012,44.922,67,15,0.16264899376107592,False
154177,,LIGHT NODE LIMITED,cellular,2025-Q2,2025,2,4.529530076430559,4.811146624699003,2.4357589128780455,3.624562479581968,138.76325000000003,78.878,20,3,0.04855193843614206,False
7552,Viettel,Viettel Group,cellular,2025-Q3,2025,3,45.15121671068518,13.559531445655466,29.438658970686483,7.261826240910537,144.90839934088578,182.829,24277,16134,35.58320874739835,True
45899,VNPT,VNPT Corp,cellular,2025-Q3,2025,3,31.57311390375917,12.87689592009121,19.415234824378942,8.082087824052724,157.17852836326978,192.111,21832,15170,31.999530970597718,True
131429,MobiFone,MOBIFONE Corporation,cellular,2025-Q3,2025,3,54.409113673193154,18.093250954639952,29.24405184953242,11.21081601177205,63.947202653541595,45.510000000000005,18692,12181,27.397179960718788,True
38247,,Vietnamobile Telecommunications Joint Stock Company,cellular,2025-Q3,2025,3,6.920833255888511,2.8596480466785916,3.4325524170810477,1.5684872084463846,180.50610036057694,213.9355,3329,717,4.879371500600944,True
45896,,Mobifone Global JSC,cellular,2025-Q3,2025,3,14.669965805523141,16.863353837187418,8.84584721537195,8.28424444213206,160.12276712328767,62.531,73,12,0.10699733239527452,False
154177,,LIGHT NODE LIMITED,cellular,2025-Q3,2025,3,4.238621387249392,3.5803866927943653,2.475897281716067,1.2141740469114715,155.27369565217393,91.472,23,6,0.03371148828892211,False
7552,Viettel,Viettel Group,cellular,2025-Q4,2025,4,45.74463799414091,15.972850156815456,23.8469398206217,8.293675368067202,153.2850394969025,189.717,26636,20026,34.5137674117266,True
45899,VNPT,VNPT Corp,cellular,2025-Q4,2025,4,33.681435201981955,13.204258626049393,19.129166477003558,8.139932800059363,137.85374027245285,88.819,24523,12837,31.775834143181083,True
131429,MobiFone,MOBIFONE Corporation,cellular,2025-Q4,2025,4,44.81174641790169,14.50563695586663,25.146237005614964,6.430737369469729,120.50736814749001,74.338,22512,13863,29.170068027210885,True
38247,,Vietnamobile Telecommunications Joint Stock Company,cellular,2025-Q4,2025,4,7.875792186965619,3.174404439587452,4.0301631130365605,1.9318164131532607,167.1394245892018,101.513,3410,679,4.4185293164885,True
45896,,Mobifone Global JSC,cellular,2025-Q4,2025,4,20.270882084496982,17.274479142268348,10.814790070518011,6.667262759763716,225.91920731707322,312.45500000000004,82,15,0.10625202461937155,False
154177,,LIGHT NODE LIMITED,cellular,2025-Q4,2025,4,7.203522258557208,7.739675231407472,3.85272734325107,1.979513350595481,179.82641666666663,180.3905,12,4,0.015549076773566569,False
