asn,operator,as_name,network_type,quarter,year,quarter_num,avg_d_mbps,avg_u_mbps,med_d_mbps,med_u_mbps,avg_lat_ms,med_lat_ms,total_tests,n_ips_approx,market_share_pct,is_reliable
4788,TM,TM TECHNOLOGY SERVICES SDN. BHD.,broadband,2023-Q1,2023,1,54.34729189730335,20.26699018054406,32.74894494427366,10.60680031787982,52.89091649423588,32.0,27068,5970,58.54059431636316,True
4818,Digi,DiGi Telecommunications Sdn. Bhd.,broadband,2023-Q1,2023,1,114.6241380927414,23.766446722713507,87.36841818625437,19.910674712227298,44.58704678796881,22.6815,5388,1211,11.652753146762404,True
9930,TIME dotCom,TTNET,broadband,2023-Q1,2023,1,68.77336189083908,43.007755642264044,21.75504296880179,15.83707210273132,44.20092091254754,13.4915,5260,1433,11.375924564211255,True
9534,Maxis,Binariang Berhad,broadband,2023-Q1,2023,1,97.18041733681024,20.91217295359639,46.51074463907065,14.714990193554904,79.07150777530941,43.038,3154,1743,6.821229291924391,True
10030,Celcom,Celcom Axiata Berhad,broadband,2023-Q1,2023,1,15.862073286499935,5.072843641803844,5.278101567606348,1.7405838312684019,190.64857641395906,202.209,831,610,1.7972230632812838,True
22332,,Western Digital Corporation,broadband,2023-Q1,2023,1,68.86289090210765,59.813606234691704,31.891233234421108,9.110329990748458,168.48201246882792,103.224,802,32,1.7345040875470392,True
45960,Yes,YTL COMMUNICATIONS SDN BHD,broadband,2023-Q1,2023,1,26.850850613629287,9.94816730606714,7.006502628440164,1.968359959684659,121.18710754414127,65.872,623,394,1.3473766166356675,True
19773,,"Motorola, Inc.",broadband,2023-Q1,2023,1,54.92009914942653,44.89794406381398,47.89925654307485,35.95872537577627,97.32821911037891,75.827,607,12,1.3127730438167742,True
4983,,Intel Corporation,broadband,2023-Q1,2023,1,21.61157818238414,14.703007252298173,9.714692090458268,1.384190442535127,50.71686381322957,11.9285,514,10,1.1116397768069552,True
(unknown),,,broadband,2023-Q1,2023,1,14.846975417861954,3.62991809769506,10.263171865170364,2.1244386206587595,75.77441755888653,43.83,467,271,1.0099917816514554,True
3614,,"Dell, Inc.",broadband,2023-Q1,2023,1,16.581478154159143,19.3746524277069,12.719977731250076,11.341252581860793,207.60683885209713,222.088,453,12,0.9797136554349236,True
38322,,TM TECHNOLOGY SERVICES SDN. BHD.,broadband,2023-Q1,2023,1,24.774295460054745,6.666066337003718,5.281913376940243,2.1803927677812687,42.92097604790419,27.044,167,101,0.3611747912972014,True
56231,,MEASAT Broadcast Network Systems,broadband,2023-Q1,2023,1,45.88265915109775,46.69601187348046,37.39062490458973,42.83024114239418,41.77502500000001,11.500499999999999,120,52,0.25952679614170165,True
45410,,ALLO TECHNOLOGY SDN. BHD.,broadband,2023-Q1,2023,1,68.44394561090448,64.25218920468969,36.794129264736085,28.407605035774345,81.92335789473684,44.677,95,44,0.20545871361218046,False
33619,,"Advanced Micro Devices, Inc.",broadband,2023-Q1,2023,1,14.546292361699576,14.946495159611166,5.705433489426905,7.603564877011743,306.2305147058824,297.141,68,1,0.1470651844802976,False
3758,,SingNet,broadband,2023-Q1,2023,1,13.763988561946965,10.950924006859601,9.162356043119168,6.309611268074323,27.080046511627906,3.119,43,4,0.09299710195077641,False
212238,,Datacamp Limited,broadband,2023-Q1,2023,1,18.202302458597224,25.71598407243948,19.894279967856317,28.496546005236187,23.605906976744183,0.814,43,2,0.09299710195077641,False
133421,,INNET SOLUTIONS SDN BHD,broadband,2023-Q1,2023,1,27.589597244234298,27.54004549595623,11.798760002756406,7.648476415862564,95.59685365853659,38.394,41,13,0.08867165534841473,False
134809,,ViewQwest Sdn. Bhd.,broadband,2023-Q1,2023,1,22.3540593956164,22.10933912471141,4.229758567650359,5.572048722282291,17.410475,8.486,40,11,0.08650893204723388,False
23678,,Enterprise Managed Services Sdn. Bhd.,broadband,2023-Q1,2023,1,42.30537439228781,29.753172538471947,11.494369872491648,9.60635674940151,40.0119696969697,11.537,33,15,0.07136986893896795,False
9658,Eastern Communications,"Eastern Telecoms Phils., Inc.",broadband,2023-Q1,2023,1,42.44945799740523,23.436889912728272,33.93556478485546,14.284176556152282,56.571629629629626,32.272,27,13,0.058393529131882865,False
38891,,Measat Satellite Systems Sdn. Bhd.,broadband,2023-Q1,2023,1,9.935593447020684,1.6161869678157719,8.976567587621929,0.8880368667133364,22.785076923076925,7.8565000000000005,26,14,0.05623080583070202,False
24020,,"University ITM, Shah Alam, Selangor Malaysia",broadband,2023-Q1,2023,1,20.30399729558409,29.536613248259687,6.674043353426129,13.59320796337396,41.59604347826087,33.963,23,11,0.04974263592715948,False
139776,,Petroliam Nasional Berhad,broadband,2023-Q1,2023,1,49.96538970506279,69.43174962026835,19.57269251020088,26.358325156578235,41.81554545454546,41.285,22,4,0.04757991262597863,False
137061,,Flex Ltd.,broadband,2023-Q1,2023,1,34.165484172780666,33.54255300837083,33.57128078844779,34.05192922610957,113.0743,58.1305,20,3,0.04325446602361694,False
24514,,MINISTRY OF HIGHER EDUCATION MALAYSIA,broadband,2023-Q1,2023,1,39.30099224187251,41.933218763463,5.290662750775106,23.90286263312968,67.19495,37.424,20,11,0.04325446602361694,False
133014,,Universiti Teknologi Malaysia,broadband,2023-Q1,2023,1,50.02647005300317,48.2045610613851,40.07426080120906,26.386044264706662,47.72517647058824,19.926,17,5,0.0367662961200744,False
9299,PLDT,Philippine Long Distance Telephone Company,broadband,2023-Q1,2023,1,94.33217634909829,46.107880582995506,84.33939260909364,5.568246182114841,87.68243749999999,97.6485,16,1,0.03460357281889355,False
6453,,TATA COMMUNICATIONS (AMERICA) INC,broadband,2023-Q1,2023,1,224.06532351515585,304.7123546675633,48.830724508731464,94.70070367324473,50.534933333333335,2.315,15,2,0.03244084951771271,False
137510,,JENEXUS HOLDING SDN BHD,broadband,2023-Q1,2023,1,73.86389708758536,46.53532915286471,78.70263987594309,45.02239850710977,54.455357142857146,10.8285,14,3,0.030278126216531857,False
136533,,MyISP Dot Com Sdn Bhd,broadband,2023-Q1,2023,1,4.929585543371951,4.503821914214294,4.5094174471144,3.761177273934072,409.64785714285705,412.2795,14,3,0.030278126216531857,False
135496,,UNIVERSITI KEBANGSAAN MALAYSIA,broadband,2023-Q1,2023,1,15.276628574522517,16.111428896879982,9.085283846138953,6.82233786990967,22.412571428571432,16.1425,14,4,0.030278126216531857,False
56300,,MyRepublic Ltd.,broadband,2023-Q1,2023,1,336.589733038728,155.87916192425863,301.87581341223006,96.87862397814341,24.514642857142857,4.625,14,5,0.030278126216531857,False
134152,,XMT Technologies Sdn Bhd,broadband,2023-Q1,2023,1,227.60328494093494,348.20577812047986,199.89275206270864,302.00906834654825,24.628461538461536,22.581,13,1,0.02811540291535101,False
132196,,DANAWA RESOURCES SDN BHD,broadband,2023-Q1,2023,1,6.65766517943841,0.8160859814395026,5.800770556055986,0.06070972387571761,51.70376923076923,50.485,13,10,0.02811540291535101,False
6307,,American Express Company,broadband,2023-Q1,2023,1,51.57522563726528,39.4484504061825,16.523112068679257,8.333656899320511,100.54233333333332,62.3245,12,3,0.025952679614170162,False
56286,,IX Telecom,broadband,2023-Q1,2023,1,44.81978267431805,29.704720394233043,53.972629357966966,18.91153480592415,98.25,84.711,11,4,0.023789956312989316,False
24090,,Universiti Sains Malaysia (USM),broadband,2023-Q1,2023,1,30.88818240936432,37.012088463145204,33.70621638176892,13.06544508259039,53.56977777777777,20.831,9,5,0.01946450971062762,False
140904,,ADECCO ASIA BUSINESS SOLUTIONS SDN BHD,broadband,2023-Q1,2023,1,14.33123457496745,8.201702361523825,3.347944946469596,4.210981978036044,153.22062499999998,143.36950000000002,8,2,0.017301786409446775,False
132372,,GB Network Solutions Sdn. Bhd.,broadband,2023-Q1,2023,1,19.96912075321826,10.818252905153983,0.8526415760676478,3.0550600129172287,115.457,90.2745,8,4,0.017301786409446775,False
9655,,"TPM Corp. Berhad,",broadband,2023-Q1,2023,1,17.176294566826858,63.97928898820626,13.470548764792717,59.82258887068779,23.134285714285713,12.708,7,3,0.015139063108265929,False
138623,,Winer Communication,broadband,2023-Q1,2023,1,0.9681771175620547,6.288552931020755,0.5127424784608525,3.6388951699529066,153.51633333333334,152.8415,6,1,0.012976339807085081,False
132890,,IP Core Sdn Bhd,broadband,2023-Q1,2023,1,86.53668256929754,63.352006236780106,46.088797217494125,31.6387742483133,53.17080000000001,23.124,5,3,0.010813616505904235,False
138996,,Uni Comms International Sdn Bhd,broadband,2023-Q1,2023,1,90.3505230747532,80.667030695234,31.138189882431963,29.001506287428022,25.9952,17.121,5,3,0.010813616505904235,False
38868,,Universiti Putra Malaysia AS,broadband,2023-Q1,2023,1,49.85128803584715,40.03025268619798,53.329900832952006,39.735042923064064,17.429399999999998,8.195,5,5,0.010813616505904235,False
131996,,NEVIGATE GLOBAL NETWORK SDN. BHD.,broadband,2023-Q1,2023,1,28.248376812498503,17.899180370740957,26.42842759321808,22.466741002972153,96.95824999999999,76.0075,4,1,0.008650893204723387,False
38280,,Monash University Sunway Campus Malaysia,broadband,2023-Q1,2023,1,162.62172253519532,111.72703440749302,204.2917001505882,111.08356031911632,54.890249999999995,55.105,4,4,0.008650893204723387,False
132494,,Universiti Tun Hussein Onn Malaysia,broadband,2023-Q1,2023,1,9.948605119701067,2.6879940265753834,7.969121759522313,2.6879940265753834,25.9375,13.5095,4,2,0.008650893204723387,False
142631,,Metro Lightspeed,broadband,2023-Q1,2023,1,73.85886086341236,56.55140208824204,86.28636442133053,62.22506139402317,133.43525,22.6055,4,1,0.008650893204723387,False
134797,,Innet Technologies Sdn Bhd,broadband,2023-Q1,2023,1,4.645523218955023,3.6373389285696973,4.645900363807574,4.618466735375816,35.164249999999996,42.5225,4,1,0.008650893204723387,False
132825,,MYTEK TRADING PTY LTD,broadband,2023-Q1,2023,1,58.54930483635841,48.011407247990775,54.191876503363275,42.689853240713425,257.009,260.447,3,1,0.0064881699035425405,False
24068,,Broadband Service Provider,broadband,2023-Q1,2023,1,65.69930411298412,43.22592499346607,77.70657497605501,23.590316369474493,134.132,60.736,3,1,0.0064881699035425405,False
55482,,DIGITAL WAVE,broadband,2023-Q1,2023,1,113.2533382253924,10.139386813344759,60.20515601020358,9.550920013755233,20.848000000000003,10.773,3,3,0.0064881699035425405,False
138504,,Universiti Pertahanan Nasional Malaysia,broadband,2023-Q1,2023,1,60.63195923913057,129.1661075370251,2.530802837563798,128.58028622075955,91.58,44.304,3,2,0.0064881699035425405,False
45810,,"University of Nottingham, Malaysia Campus",broadband,2023-Q1,2023,1,79.90357331922083,118.22280679290498,80.38294292074573,118.86617647362709,12.437,13.844,3,2,0.0064881699035425405,False
24028,,REDtone,broadband,2023-Q1,2023,1,30.192546751109404,16.044864409251243,37.963514884096675,16.298414515260713,43.321333333333335,54.651,3,1,0.0064881699035425405,False
18206,,TM TECHNOLOGY SERVICES SDN. BHD.,broadband,2023-Q1,2023,1,9.731760000178916,2.9640534686896864,9.318962751719825,2.8850676782110565,38.603,52.662,3,1,0.0064881699035425405,False
147296,,TY Software Engineering,broadband,2023-Q1,2023,1,85.64334222199557,30.800104316077714,101.6826551203464,30.800104316077714,72.66666666666667,30.0,3,2,0.0064881699035425405,False
17564,,GITN (M) Sdn. Bhd.,broadband,2023-Q1,2023,1,95.71192578676718,427.82640542975776,95.71192578676718,427.82640542975776,15.2365,15.2365,2,1,0.004325446602361694,False
132850,,TS Global Network Sdn. Bhd.,broadband,2023-Q1,2023,1,2.7274459136351252,2.0526417311471223,2.7274459136351252,2.0526417311471223,48.539500000000004,48.539500000000004,2,2,0.004325446602361694,False
132885,,CET DEVELOPMENT SDN BHD,broadband,2023-Q1,2023,1,38.38518119571984,7.9421350343453,38.38518119571984,7.9421350343453,62.8295,62.8295,2,2,0.004325446602361694,False
134202,,E-WORLD COMMUNICATION SDN BHD,broadband,2023-Q1,2023,1,8.413485152276175,2.9585180849297035,8.413485152276175,2.9585180849297035,265.51300000000003,265.51300000000003,2,1,0.004325446602361694,False
142628,,HIIFI (M) SDN BHD,broadband,2023-Q1,2023,1,61.92942847713978,34.22371157943011,61.92942847713978,34.22371157943011,31.895000000000003,31.895000000000003,2,2,0.004325446602361694,False
5580,,GTT Communications Netherlands B.V.,broadband,2023-Q1,2023,1,19.303169709143063,17.742189924372283,19.303169709143063,17.742189924372283,121.844,121.844,2,1,0.004325446602361694,False
45331,,I CITY,broadband,2023-Q1,2023,1,7.144629923445317,1.4105375731640677,7.144629923445317,1.4105375731640677,42.803,42.803,2,1,0.004325446602361694,False
10204,,Arcnet NTT MSC ISP,broadband,2023-Q1,2023,1,19.175954052791518,0.07525212862734558,19.175954052791518,0.07525212862734558,130.098,130.098,2,2,0.004325446602361694,False
38182,,Extreme Broadband - Total Broadband Experience,broadband,2023-Q1,2023,1,15.911489778788098,9.229865026824491,15.911489778788098,9.229865026824491,26.109,26.109,2,2,0.004325446602361694,False
55520,,Genting Malaysia Berhad,broadband,2023-Q1,2023,1,5.178611341651141,,5.178611341651141,,14.2925,14.2925,2,1,0.004325446602361694,False
134107,,University Malaysia Pahang,broadband,2023-Q1,2023,1,56.07737355336316,49.62254611296775,56.07737355336316,49.62254611296775,176.155,176.155,1,1,0.002162723301180847,False
174,Cogent,"Cogent Communications, LLC",broadband,2023-Q1,2023,1,5.687557847312637,1.3063776658602497,5.687557847312637,1.3063776658602497,47.556,47.556,1,1,0.002162723301180847,False
23659,,APNIC HEITECH ASN,broadband,2023-Q1,2023,1,3.055469394489358,3.590731413902879,3.055469394489358,3.590731413902879,71.362,71.362,1,1,0.002162723301180847,False
1828,,Unitas Global,broadband,2023-Q1,2023,1,28.46726705718749,33.70388929260308,28.46726705718749,33.70388929260308,38.628,38.628,1,1,0.002162723301180847,False
134553,,i-Skill Dynamics Sdn Bhd,broadband,2023-Q1,2023,1,20.78481475188902,2.8769731961913356,20.78481475188902,2.8769731961913356,74.37,74.37,1,1,0.002162723301180847,False
45668,,AIMS Data Centre Sdn Bhd,broadband,2023-Q1,2023,1,114.3772602356719,117.92931703534148,114.3772602356719,117.92931703534148,7.888,7.888,1,1,0.002162723301180847,False
139815,,Taylor's University Sdn Bhd,broadband,2023-Q1,2023,1,3.9192626635614825,2.6598789878163256,3.9192626635614825,0.555387133935609,46.22,46.22,1,1,0.002162723301180847,False
56229,,LightsUp Network Solution Sdn. Bhd.,broadband,2023-Q1,2023,1,97.01218462867963,22.941624636583487,97.01218462867963,22.207166695832978,12.211,12.211,1,1,0.002162723301180847,False
133847,,Anpple Tech Enterprise,broadband,2023-Q1,2023,1,6.021988390731437,15.832341834721431,6.021988390731437,15.832341834721431,72.431,72.431,1,1,0.002162723301180847,False
46015,,Exa Bytes Network Sdn.Bhd.,broadband,2023-Q1,2023,1,49.80641322135216,56.17042513014318,49.80641322135216,56.17042513014318,12.834,12.834,1,1,0.002162723301180847,False
45144,,Net Onboard Sdn Bhd - Quality & Reliable Cloud Hosting Provider,broadband,2023-Q1,2023,1,8.720259277062032,1.5532022059511001,8.720259277062032,1.5532022059511001,61.321,61.321,1,1,0.002162723301180847,False
136751,,Teleperformance Malaysia Sdn Bhd,broadband,2023-Q1,2023,1,39.523947285920926,8.04728980887739,39.523947285920926,8.04728980887739,30.71,30.71,1,1,0.002162723301180847,False
134698,,Chr. Hansen Malaysia Sdn Bhd,broadband,2023-Q1,2023,1,3.0587012517420584,9.185068358674823,3.0587012517420584,9.185068358674823,38.698,38.698,1,1,0.002162723301180847,False
4788,TM,TM TECHNOLOGY SERVICES SDN. BHD.,broadband,2023-Q2,2023,2,52.66344179251975,25.66110702627245,32.022020605962524,17.702644266655895,71.39298171301355,65.684,50315,4878,73.59329520689201,True
4818,Digi,DiGi Telecommunications Sdn. Bhd.,broadband,2023-Q2,2023,2,100.71435432654094,23.677506832075235,89.00127253401817,19.990338772923366,40.856363263912606,38.658,5863,1376,8.575523994792961,True
9930,TIME dotCom,TTNET,broadband,2023-Q2,2023,2,99.44609638308664,57.77063574593765,45.134835585183765,33.608377516224834,56.669968988764055,23.2125,4451,1771,6.510260498178999,True
9534,Maxis,Binariang Berhad,broadband,2023-Q2,2023,2,73.60076939686097,19.778924510733475,32.67106451951929,14.197936541665413,88.28819570405729,48.241,2097,1626,3.0671795696880166,True
45960,Yes,YTL COMMUNICATIONS SDN BHD,broadband,2023-Q2,2023,2,39.74729669063215,8.238174418116985,11.495726475457076,2.666524542898263,110.38873170731708,61.824,902,499,1.3193113838143018,True
10030,Celcom,Celcom Axiata Berhad,broadband,2023-Q2,2023,2,24.73433928437994,7.176711156117781,8.649878576412378,2.490051295507563,108.91093749999997,47.944,896,551,1.310535476604894,True
(unknown),,,broadband,2023-Q2,2023,2,17.07066470158455,3.6455526477406677,11.510501628628163,2.375684887176198,66.00427777777777,50.442,846,363,1.237402916526496,True
3614,,"Dell, Inc.",broadband,2023-Q2,2023,2,17.975427474534907,15.719674049035103,16.01217926852782,14.355677578356914,216.20923346303505,219.199,771,9,1.1277040764088988,True
22332,,Western Digital Corporation,broadband,2023-Q2,2023,2,66.17972273697248,54.04184276337469,35.861019773530366,11.503098929237174,199.10652793296086,195.922,716,25,1.0472582603226608,True
33619,,"Advanced Micro Devices, Inc.",broadband,2023-Q2,2023,2,7.401305190333761,3.051885841286843,2.714434025096034,1.4515007932402417,468.22387962962966,486.1895,216,1,0.3159326595386798,True
134809,,ViewQwest Sdn. Bhd.,broadband,2023-Q2,2023,2,21.08736505639156,19.186995410573193,14.734631645699508,16.349762115075155,98.17032075471698,89.1385,212,11,0.31008205473240796,True
4983,,Intel Corporation,broadband,2023-Q2,2023,2,29.936869012128508,17.14909304018184,14.559629060629984,3.595666704604428,96.01687640449437,41.019999999999996,178,11,0.26035191387909723,True
38322,,TM TECHNOLOGY SERVICES SDN. BHD.,broadband,2023-Q2,2023,2,23.386511406657128,4.7210416577251415,5.491750376946392,2.1245209042548288,38.98104929577465,42.0135,143,82,0.20915912182421859,True
56231,,MEASAT Broadcast Network Systems,broadband,2023-Q2,2023,2,44.81403017141318,35.06518471262838,33.84818080904792,37.84088384310565,40.19004385964912,42.7735,114,62,0.16674223697874768,True
9658,Eastern Communications,"Eastern Telecoms Phils., Inc.",broadband,2023-Q2,2023,2,56.70307689878959,40.14537092828992,28.53471188758112,19.436422583767307,129.62553684210525,41.154,96,21,0.14041451535052435,False
45410,,ALLO TECHNOLOGY SDN. BHD.,broadband,2023-Q2,2023,2,105.36716014062108,79.87826239317859,52.602670669861034,37.64990561092849,107.9032105263158,48.352,57,32,0.08337111848937384,False
133421,,INNET SOLUTIONS SDN BHD,broadband,2023-Q2,2023,2,38.43633048694359,19.70597049978614,34.89830860488727,4.586345907549839,83.30743902439025,38.334,41,10,0.05996869926428645,False
38182,,Extreme Broadband - Total Broadband Experience,broadband,2023-Q2,2023,2,14.434735435358846,4.556147750792107,15.226010051390446,2.74509636538666,188.831575,202.055,40,1,0.05850604806271848,False
19773,,"Motorola, Inc.",broadband,2023-Q2,2023,2,98.29340488762246,34.79588279346835,51.38865794578391,25.60520320962724,118.38371794871796,119.331,39,7,0.05704339686115052,False
134152,,XMT Technologies Sdn Bhd,broadband,2023-Q2,2023,2,411.1660778015636,428.41283028525703,319.25545338457266,454.7729554248361,25.306032258064516,10.14,31,4,0.04534218724860682,False
38891,,Measat Satellite Systems Sdn. Bhd.,broadband,2023-Q2,2023,2,11.356348081479329,1.7237236095872654,8.326763815328356,1.6152423724739076,87.79043333333335,11.3025,30,17,0.04387953604703886,False
24020,,"University ITM, Shah Alam, Selangor Malaysia",broadband,2023-Q2,2023,2,32.86422925276126,15.231779596344444,24.477324066706647,9.583243829839837,34.35503333333333,44.9795,30,18,0.04387953604703886,False
23678,,Enterprise Managed Services Sdn. Bhd.,broadband,2023-Q2,2023,2,18.82714303463529,6.0800653120474335,7.753763130538471,2.5686436092529243,37.171846153846154,33.486000000000004,26,12,0.03802893124076701,False
140904,,ADECCO ASIA BUSINESS SOLUTIONS SDN BHD,broadband,2023-Q2,2023,2,47.47462995268373,34.00813517202404,26.651607948250646,0.6252528816289307,112.0588888888889,97.7505,18,2,0.02632772162822332,False
56300,,MyRepublic Ltd.,broadband,2023-Q2,2023,2,52.703502102869386,67.52420774967676,5.466498589920401,5.125073823597352,24.64164705882353,17.857,17,4,0.024865070426655356,False
132196,,DANAWA RESOURCES SDN BHD,broadband,2023-Q2,2023,2,8.783562105974262,1.979959649170118,6.950382495256562,1.75972167986084,72.02486666666667,80.845,15,12,0.02193976802351943,False
139776,,Petroliam Nasional Berhad,broadband,2023-Q2,2023,2,164.83591418622356,53.64974651906128,109.36706764638473,50.01906338869746,33.81399999999999,24.933,14,3,0.02047711682195147,False
3758,,SingNet,broadband,2023-Q2,2023,2,28.052228324279074,31.287812833211653,18.651735861131108,28.761525316220887,41.268,31.979,11,3,0.016089163217247585,False
137510,,JENEXUS HOLDING SDN BHD,broadband,2023-Q2,2023,2,106.04282692099814,36.39699670787077,101.35903088157403,35.84187374057758,26.197200000000002,26.6145,10,4,0.01462651201567962,False
6453,,TATA COMMUNICATIONS (AMERICA) INC,broadband,2023-Q2,2023,2,416.1816870655932,285.83307736401156,554.9535095455028,209.55261386852828,45.532222222222224,14.566,9,2,0.01316386081411166,False
134107,,University Malaysia Pahang,broadband,2023-Q2,2023,2,247.91366344641634,301.61506521382535,300.0707682064315,307.5204515035201,40.11011111111112,35.541,9,2,0.01316386081411166,False
138996,,Uni Comms International Sdn Bhd,broadband,2023-Q2,2023,2,85.42681642837883,39.31073725457523,54.75648992388251,23.833070175210764,50.402,39.0995,8,2,0.011701209612543697,False
132890,,IP Core Sdn Bhd,broadband,2023-Q2,2023,2,60.49366970793299,36.28517896124996,20.404380352521756,4.345930181264544,29.827125,21.972,8,5,0.011701209612543697,False
142628,,HIIFI (M) SDN BHD,broadband,2023-Q2,2023,2,91.44010017959745,122.16887604696284,113.05956360546405,113.78346813180528,44.403,42.012,7,3,0.010238558410975734,False
134797,,Innet Technologies Sdn Bhd,broadband,2023-Q2,2023,2,64.26174727235066,41.33085500676872,36.058542076103976,28.284415514675345,68.70528571428572,12.31,7,1,0.010238558410975734,False
136533,,MyISP Dot Com Sdn Bhd,broadband,2023-Q2,2023,2,15.86573502836398,5.98096669866523,9.288721423040057,4.263837177860515,278.7134285714286,402.266,7,2,0.010238558410975734,False
42838,,Subhi Muhideen Al Qabani trading as Wideband Est,broadband,2023-Q2,2023,2,26.763061128289525,11.471495512570872,22.35173453342837,2.1600746563775837,145.99616666666665,113.652,6,3,0.008775907209407772,False
10204,,Arcnet NTT MSC ISP,broadband,2023-Q2,2023,2,9.333576040102106,10.615211677842673,8.5925946604455,9.036743402957876,48.58316666666667,22.756,6,4,0.008775907209407772,False
38280,,Monash University Sunway Campus Malaysia,broadband,2023-Q2,2023,2,87.33620000261311,89.84055467509329,29.205340527357727,22.54299543782169,67.31433333333334,54.851,6,5,0.008775907209407772,False
132825,,MYTEK TRADING PTY LTD,broadband,2023-Q2,2023,2,13.62972302229563,3.304757466568562,9.682945042520725,2.5231770847144386,242.46783333333335,276.653,6,1,0.008775907209407772,False
55482,,DIGITAL WAVE,broadband,2023-Q2,2023,2,38.353550198792526,24.87964544438834,40.61024454021489,9.1498667590372,11.3495,8.7935,6,6,0.008775907209407772,False
24514,,MINISTRY OF HIGHER EDUCATION MALAYSIA,broadband,2023-Q2,2023,2,72.07502598611325,24.184500935799818,62.476449784039545,16.20504560868659,87.0885,29.929499999999997,6,5,0.008775907209407772,False
135496,,UNIVERSITI KEBANGSAAN MALAYSIA,broadband,2023-Q2,2023,2,33.591367259469294,29.61010974141885,25.962530455179316,23.502535448019813,29.4952,15.008,5,4,0.00731325600783981,False
132494,,Universiti Tun Hussein Onn Malaysia,broadband,2023-Q2,2023,2,34.72049097359411,42.50795768722596,32.28197243941614,46.80608548601364,57.168749999999996,62.288,4,3,0.0058506048062718485,False
134088,,NGN Connection Sdn. Bhd.,broadband,2023-Q2,2023,2,33.818269930956404,31.95933057085865,30.278380309159893,30.88417274855842,30.8205,27.262,4,2,0.0058506048062718485,False
133014,,Universiti Teknologi Malaysia,broadband,2023-Q2,2023,2,33.26392004107137,44.57161775753906,31.473346059201702,45.97796205465469,45.58675,33.5065,4,2,0.0058506048062718485,False
9655,,"TPM Corp. Berhad,",broadband,2023-Q2,2023,2,2.0977649557009417,16.287346470205613,1.618534395304931,14.511815154945008,53.988749999999996,48.548500000000004,4,2,0.0058506048062718485,False
132694,,Universiti Sains Islam Malaysia,broadband,2023-Q2,2023,2,29.757118069455583,28.445834287253405,18.801811566366098,28.299195071774218,31.24275,31.2445,4,2,0.0058506048062718485,False
24090,,Universiti Sains Malaysia (USM),broadband,2023-Q2,2023,2,74.25992553379417,78.80595402042276,66.00618665135084,78.67966031406917,18.681,18.027,4,4,0.0058506048062718485,False
149440,,Evoxt Sdn. Bhd.,broadband,2023-Q2,2023,2,61.35203294616434,4.623581047157708,35.14961611536318,4.623581047157708,67.01133333333333,22.45,3,3,0.004387953604703886,False
142631,,Metro Lightspeed,broadband,2023-Q2,2023,2,80.60174021370167,56.727100040490704,86.53923280426984,81.30476003647125,26.627333333333336,22.293,3,1,0.004387953604703886,False
24028,,REDtone,broadband,2023-Q2,2023,2,25.809485667475716,36.0564498194403,0.5463641946812755,36.0564498194403,62.005,77.498,3,2,0.004387953604703886,False
140625,,Excel Commerce Solutions Sdn. Bhd.,broadband,2023-Q2,2023,2,20.23088866349218,23.891911393405003,24.68673544873973,23.891911393405003,83.83999999999999,46.695,3,1,0.004387953604703886,False
56111,,Agarto Sdn Bhd,broadband,2023-Q2,2023,2,17.08978447626645,1.1064003657261903,11.13368960491083,0.848468182223172,174.516,230.968,3,1,0.004387953604703886,False
38868,,Universiti Putra Malaysia AS,broadband,2023-Q2,2023,2,34.23729707909303,44.829925825056556,23.942610517202528,44.829925825056556,106.702,50.973,3,3,0.004387953604703886,False
15412,,Flag Telecom UK Limited,broadband,2023-Q2,2023,2,7.966089806317683,7.290101165967422,9.662152961422905,7.290101165967422,139.573,114.29,3,1,0.004387953604703886,False
45810,,"University of Nottingham, Malaysia Campus",broadband,2023-Q2,2023,2,113.83579852492475,65.86464328501903,56.046518622687834,54.29735476824874,81.42666666666666,12.141,3,3,0.004387953604703886,False
132372,,GB Network Solutions Sdn. Bhd.,broadband,2023-Q2,2023,2,172.54338066270293,28.285592990382437,172.54338066270293,28.285592990382437,42.983,42.983,2,2,0.0029253024031359242,False
132354,,CELCOM TIMUR (SABAH) SDN BHD,broadband,2023-Q2,2023,2,27.60405033945547,15.190336303209557,27.60405033945547,15.190336303209557,87.995,87.995,2,2,0.0029253024031359242,False
56229,,LightsUp Network Solution Sdn. Bhd.,broadband,2023-Q2,2023,2,81.08649558483503,101.02842590119205,81.08649558483503,101.02842590119205,26.9055,26.9055,2,1,0.0029253024031359242,False
150734,,Myklnet Sdn Bhd,broadband,2023-Q2,2023,2,52.409815044668136,18.778613237509244,52.409815044668136,20.695920257732986,224.48,224.48,2,2,0.0029253024031359242,False
134232,,SACOFA Sdn. Bhd.,broadband,2023-Q2,2023,2,68.12620039796911,29.19998995509237,68.12620039796911,29.19998995509237,42.3825,42.3825,2,1,0.0029253024031359242,False
135277,,Freshtel Group SDN BHD,broadband,2023-Q2,2023,2,129.28085223845846,20.92501642683518,129.28085223845846,27.786152349870992,21.6115,21.6115,2,1,0.0029253024031359242,False
131996,,NEVIGATE GLOBAL NETWORK SDN. BHD.,broadband,2023-Q2,2023,2,52.56355004817604,38.722589082562926,52.56355004817604,38.722589082562926,72.052,72.052,1,1,0.0014626512015679621,False
38278,,Orient Telecoms Sdn. Bhd,broadband,2023-Q2,2023,2,205.6547046250467,99.111034224006,205.6547046250467,99.111034224006,10.552,10.552,1,1,0.0014626512015679621,False
174,Cogent,"Cogent Communications, LLC",broadband,2023-Q2,2023,2,14.342905577216477,,14.342905577216477,,14.763,14.763,1,1,0.0014626512015679621,False
138504,,Universiti Pertahanan Nasional Malaysia,broadband,2023-Q2,2023,2,284.66664466653907,273.8414800306606,284.66664466653907,313.89436008880693,8.905,8.905,1,1,0.0014626512015679621,False
134553,,i-Skill Dynamics Sdn Bhd,broadband,2023-Q2,2023,2,29.728978372486324,37.25988047233468,29.728978372486324,37.25988047233468,206.425,206.425,1,1,0.0014626512015679621,False
132829,,Nevigate Communications (S) Pte Ltd,broadband,2023-Q2,2023,2,2.5316993642639853,,2.5316993642639853,,31.433,31.433,1,1,0.0014626512015679621,False
58622,,"LCC Terminal, Jalan KLIA S3",broadband,2023-Q2,2023,2,1.3155901744034395,,1.3155901744034395,,50.208,50.208,1,1,0.0014626512015679621,False
45121,,Enterprise Managed Services Sdn. Bhd.,broadband,2023-Q2,2023,2,11.961888469066231,8.440656868578932,11.961888469066231,10.81971513402366,24.084,24.084,1,1,0.0014626512015679621,False
147296,,TY Software Engineering,broadband,2023-Q2,2023,2,37.83751525430093,,37.83751525430093,,30.711,30.711,1,1,0.0014626512015679621,False
136751,,Teleperformance Malaysia Sdn Bhd,broadband,2023-Q2,2023,2,15.623786839526796,0.07515676575990006,15.623786839526796,0.07515676575990006,388.781,388.781,1,1,0.0014626512015679621,False
132198,,iCore Technology Sdn Bhd,broadband,2023-Q2,2023,2,22.909346611399954,0.36032891274005185,22.909346611399954,0.36032891274005185,59.475,59.475,1,1,0.0014626512015679621,False
137963,,MT Microtel Technology Sdn Bhd,broadband,2023-Q2,2023,2,90.4418504847673,,90.4418504847673,,34.615,34.615,1,1,0.0014626512015679621,False
45808,,Bandar Seri Iskandar,broadband,2023-Q2,2023,2,85.07125458008318,89.44297501322488,85.07125458008318,89.44297501322488,90.974,90.974,1,1,0.0014626512015679621,False
138339,,SMARTSEL SDN BHD,broadband,2023-Q2,2023,2,12.405990006569748,13.055589238124295,12.405990006569748,13.055589238124295,74.224,74.224,1,1,0.0014626512015679621,False
132170,,Exitra Sdn. Bhd.,broadband,2023-Q2,2023,2,3.1692968760468125,13.896638717897156,3.1692968760468125,13.896638717897156,29.585,29.585,1,1,0.0014626512015679621,False
23703,,"RigNet, Communication to remote locations in Asia/Pacific.",broadband,2023-Q2,2023,2,1.300979225040287,,1.300979225040287,,2.219,2.219,1,1,0.0014626512015679621,False
18206,,TM TECHNOLOGY SERVICES SDN. BHD.,broadband,2023-Q2,2023,2,2.7246733954923577,0.27662128154610527,2.7246733954923577,0.27662128154610527,171.894,171.894,1,1,0.0014626512015679621,False
132850,,TS Global Network Sdn. Bhd.,broadband,2023-Q2,2023,2,0.16303624336042166,,0.16303624336042166,,22.919,22.919,1,1,0.0014626512015679621,False
4788,TM,TM TECHNOLOGY SERVICES SDN. BHD.,broadband,2023-Q3,2023,3,71.0639262544102,28.91034845535425,33.20548639067216,16.09947777329003,37.76580432398108,30.0,34649,9248,46.11749986690092,True
4818,Digi,DiGi Telecommunications Sdn. Bhd.,broadband,2023-Q3,2023,3,36.78334463924819,13.745901772692024,7.407148460727438,7.289261204662805,51.36514289350872,42.9815,23583,7379,31.388755789809935,True
9930,TIME dotCom,TTNET,broadband,2023-Q3,2023,3,138.5699842415845,85.28215574797777,98.81152784446502,58.100332868235796,33.91689218328842,14.235,3711,1613,4.939306819996806,True
9534,Maxis,Binariang Berhad,broadband,2023-Q3,2023,3,72.54356313538999,24.271708523278466,31.85650110499221,20.13010626566801,71.80041552776969,28.809,3439,2037,4.577277325240909,True
3614,,"Dell, Inc.",broadband,2023-Q3,2023,3,18.475538537683153,17.773014940318017,16.153306201481115,13.938720905457817,214.03779665738165,218.938,2154,11,2.866954160677208,True
10030,Celcom,Celcom Axiata Berhad,broadband,2023-Q3,2023,3,27.364792640519333,6.68786662611676,8.233601105386555,2.6371285979746975,107.04393786203265,42.223,1899,1190,2.527551509343555,True
(unknown),,,broadband,2023-Q3,2023,3,19.437795647596655,3.853573707365938,9.69608883058503,2.029716706702669,54.12881539424279,40.0905,1600,688,2.1295852632699783,True
45960,Yes,YTL COMMUNICATIONS SDN BHD,broadband,2023-Q3,2023,3,47.576167102960376,13.413194799051732,7.207958807287142,2.6253487167005427,88.56545545212767,45.861000000000004,1506,702,2.004472129052867,True
22332,,Western Digital Corporation,broadband,2023-Q3,2023,3,56.126898040746696,43.95258693079938,29.87484897096342,7.548862346177391,156.85185330073347,120.71,818,28,1.0887504658467764,True
38322,,TM TECHNOLOGY SERVICES SDN. BHD.,broadband,2023-Q3,2023,3,41.937293505005584,5.928114169283584,6.750449739227163,2.2467714189517083,42.95149056603774,29.374000000000002,318,198,0.4232550710749082,True
14593,Starlink,Space Exploration Technologies Corporation,broadband,2023-Q3,2023,3,34.313196330024866,4.828205828876927,20.11784864340704,3.4579750202497976,127.39518181818183,116.067,231,80,0.3074588723846031,True
56231,,MEASAT Broadcast Network Systems,broadband,2023-Q3,2023,3,46.06818710733147,38.49447092701011,41.293746954379856,37.320917648220146,24.65562376237624,10.7805,202,107,0.26886013948783477,True
38182,,Extreme Broadband - Total Broadband Experience,broadband,2023-Q3,2023,3,14.9156672247382,4.146408527829535,14.484592519907405,2.3467000076093023,182.01701212121213,188.222,165,3,0.2196134802747165,True
4983,,Intel Corporation,broadband,2023-Q3,2023,3,25.387113034851108,15.319320740111973,11.046378375077603,1.4373284523330483,30.11971895424836,14.245,153,5,0.20364159080019167,True
45410,,ALLO TECHNOLOGY SDN. BHD.,broadband,2023-Q3,2023,3,84.2610195282133,82.30515730329549,36.72424514107759,43.56161426367907,88.23117699115043,27.185,113,64,0.1504019592184422,True
5580,,GTT Communications Netherlands B.V.,broadband,2023-Q3,2023,3,56.05697892015911,22.02959167669661,56.858148627974515,16.81442779706663,101.45877500000002,91.088,40,3,0.05323963158174946,False
9655,,"TPM Corp. Berhad,",broadband,2023-Q3,2023,3,59.8591877704525,89.23303906651122,56.58507228428475,84.85377885530725,177.05173684210527,191.5325,38,2,0.050577650002661984,False
140904,,ADECCO ASIA BUSINESS SOLUTIONS SDN BHD,broadband,2023-Q3,2023,3,20.6601223960374,15.243807467909432,10.41421995140269,1.1365399924741273,99.15254054054053,89.187,37,2,0.04924665921311824,False
134809,,ViewQwest Sdn. Bhd.,broadband,2023-Q3,2023,3,37.781995174400585,26.06858753619041,6.793852374455589,2.7413650010462547,20.898945945945947,12.75,37,16,0.04924665921311824,False
133421,,INNET SOLUTIONS SDN BHD,broadband,2023-Q3,2023,3,24.093425839797415,11.78255951234143,3.741401736546706,2.133959623070263,52.60099999999999,24.0565,34,15,0.04525368684448704,False
23678,,Enterprise Managed Services Sdn. Bhd.,broadband,2023-Q3,2023,3,21.106076858925558,25.34203007945289,19.089748691908593,21.923587397196563,31.98546666666667,23.633,30,11,0.03992972368631209,False
38891,,Measat Satellite Systems Sdn. Bhd.,broadband,2023-Q3,2023,3,12.683577598688323,3.656002345385582,6.7946149380717875,2.401131690241987,82.21093103448275,32.67,29,20,0.03859873289676836,False
24020,,"University ITM, Shah Alam, Selangor Malaysia",broadband,2023-Q3,2023,3,45.77864931217519,26.392968587924724,18.462759989712605,10.944681597545843,30.166520000000002,19.414,25,13,0.03327476973859341,False
24028,,REDtone,broadband,2023-Q3,2023,3,34.90444299828176,28.840956949196983,32.52088684352894,26.27648592406259,153.85929166666665,175.655,24,7,0.03194377894904967,False
132625,,SDEC,broadband,2023-Q3,2023,3,22.438386646464668,2.514457929027109,22.413795342493742,2.29111973428268,119.97386363636365,80.8595,22,6,0.0292817973699622,False
139952,,PT Trisari Data Indonusa,broadband,2023-Q3,2023,3,21.287167162918276,10.861821294364463,11.25165105673343,9.958070467568273,27.510850000000005,26.8275,20,5,0.02661981579087473,False
55482,,DIGITAL WAVE,broadband,2023-Q3,2023,3,29.62431503276945,7.834693985085769,30.438936022169592,1.0221222804642165,108.4211875,50.9735,16,7,0.021295852632699782,False
150734,,Myklnet Sdn Bhd,broadband,2023-Q3,2023,3,68.79853931423435,3.331869930229878,32.82632651198667,3.201887683093753,224.70366666666666,355.0,15,4,0.019964861843156045,False
139776,,Petroliam Nasional Berhad,broadband,2023-Q3,2023,3,89.85525670778927,98.51316737582637,46.63504356282668,49.860229898259526,40.1234,29.927,15,3,0.019964861843156045,False
33619,,"Advanced Micro Devices, Inc.",broadband,2023-Q3,2023,3,23.926716878573107,6.05620872972845,21.243629282309822,4.150715946025783,313.26800000000003,265.677,13,1,0.017302880264068572,False
134232,,SACOFA Sdn. Bhd.,broadband,2023-Q3,2023,3,12.018016939180301,12.303410513693672,5.501078446049781,2.854427612477398,215.7523846153846,80.09,13,6,0.017302880264068572,False
138996,,Uni Comms International Sdn Bhd,broadband,2023-Q3,2023,3,292.46331460088413,271.38423004190753,225.20914644771597,37.050600699816485,31.201083333333333,23.3565,12,3,0.015971889474524836,False
10204,,Arcnet NTT MSC ISP,broadband,2023-Q3,2023,3,64.57403478101887,17.927827415731688,60.009331527460176,10.927289943341968,44.055499999999995,23.015,12,2,0.015971889474524836,False
132196,,DANAWA RESOURCES SDN BHD,broadband,2023-Q3,2023,3,7.95256798610736,2.9380551298699737,8.015786956561257,2.120497518831259,54.898,51.655,11,7,0.0146408986849811,False
56286,,IX Telecom,broadband,2023-Q3,2023,3,27.587342067816962,23.727122277238696,21.88144924601546,10.259176509270858,100.74481818181818,56.005,11,3,0.0146408986849811,False
132890,,IP Core Sdn Bhd,broadband,2023-Q3,2023,3,98.20240394949417,170.2521717742574,66.39894195321219,59.214269203092826,20.1141,18.4635,10,5,0.013309907895437364,False
142628,,HIIFI (M) SDN BHD,broadband,2023-Q3,2023,3,25.216747190061103,20.432059578682765,4.0089397684027634,0.627396675628482,74.34339999999999,43.8475,10,5,0.013309907895437364,False
136533,,MyISP Dot Com Sdn Bhd,broadband,2023-Q3,2023,3,41.21887989912429,31.14578750597763,36.268774930212,39.24828199886046,197.5483333333333,45.628,9,3,0.011978917105893628,False
24514,,MINISTRY OF HIGHER EDUCATION MALAYSIA,broadband,2023-Q3,2023,3,31.661438418133255,38.015639637986105,24.540770019381046,34.40791877405148,127.130625,65.332,8,9,0.010647926316349891,False
149440,,Evoxt Sdn. Bhd.,broadband,2023-Q3,2023,3,38.854930453203295,4.5443398308277345,22.503591980805325,3.152411890267895,22.025624999999998,8.885,8,3,0.010647926316349891,False
135553,,VC Telecoms Sdn. Bhd.,broadband,2023-Q3,2023,3,43.559573141264806,63.64902192481714,39.996954520380726,66.50348995833262,20.536375,16.2635,8,1,0.010647926316349891,False
6453,,TATA COMMUNICATIONS (AMERICA) INC,broadband,2023-Q3,2023,3,221.16259660228272,53.69651702315466,40.36394246215545,13.709927704164578,9.212833333333334,1.5590000000000002,6,3,0.007985944737262418,False
133014,,Universiti Teknologi Malaysia,broadband,2023-Q3,2023,3,75.7410465383986,48.220816641945326,56.85533576505058,63.99320016047621,23.8845,15.2325,6,5,0.007985944737262418,False
135496,,UNIVERSITI KEBANGSAAN MALAYSIA,broadband,2023-Q3,2023,3,253.02006878989937,201.83530106882813,275.0015430260404,73.44450361922881,40.592999999999996,45.582499999999996,4,2,0.0053239631581749455,False
134152,,XMT Technologies Sdn Bhd,broadband,2023-Q3,2023,3,168.7481864117305,53.993845624058736,38.35636927509269,29.122656808421475,12.659,12.504999999999999,4,3,0.0053239631581749455,False
136258,,"BrainStorm Network, Inc",broadband,2023-Q3,2023,3,17.74831236954268,3.484544936815854,10.476508037477721,3.484544936815854,325.77975000000004,318.8005,4,2,0.0053239631581749455,False
38280,,Monash University Sunway Campus Malaysia,broadband,2023-Q3,2023,3,46.42723789686468,68.91132912662988,21.20706731483086,22.457038361976558,44.746249999999996,16.6415,4,3,0.0053239631581749455,False
24068,,Broadband Service Provider,broadband,2023-Q3,2023,3,18.95917377268742,1.4879526509517538,18.71064695150835,1.4586294428986375,38.32,38.38,4,1,0.0053239631581749455,False
134554,,Starnet Communications Sdn Bhd,broadband,2023-Q3,2023,3,7.356764514523369,0.07517344606990399,1.5682682058426767,0.07517344606990399,14.450333333333333,13.193,3,1,0.003992972368631209,False
135277,,Freshtel Group SDN BHD,broadband,2023-Q3,2023,3,19.90445707042854,7.120057875580012,17.233054588666693,6.253003053005536,126.93433333333333,184.604,3,2,0.003992972368631209,False
55420,,APNIC ASN Block,broadband,2023-Q3,2023,3,70.58566125924719,127.99525688778215,29.915936934500905,126.17877549035613,60.51666666666667,58.351,3,2,0.003992972368631209,False
45810,,"University of Nottingham, Malaysia Campus",broadband,2023-Q3,2023,3,153.03365753739112,128.0462532901644,180.48453478565804,75.06349276824918,10.719333333333333,9.503,3,3,0.003992972368631209,False
4637,,Telstra Global,broadband,2023-Q3,2023,3,49.180662817194694,35.501334137696524,55.009943467378314,19.973213936616744,40.54233333333334,41.409,3,1,0.003992972368631209,False
140866,,TRUE PACKET SDN BHD,broadband,2023-Q3,2023,3,8.142490814444383,7.837631931028213,8.142490814444383,7.837631931028213,29.849,29.849,2,1,0.0026619815790874727,False
45808,,Bandar Seri Iskandar,broadband,2023-Q3,2023,3,0.5517276337054344,1.8301644982541756,0.5517276337054344,1.8301644982541756,128.53,128.53,2,1,0.0026619815790874727,False
138339,,SMARTSEL SDN BHD,broadband,2023-Q3,2023,3,71.90798224411805,36.9341839681268,71.90798224411805,36.9341839681268,18.652,18.652,2,1,0.0026619815790874727,False
140625,,Excel Commerce Solutions Sdn. Bhd.,broadband,2023-Q3,2023,3,0.7251147997366364,3.1687210002390827,0.7251147997366364,3.1687210002390827,487.5115,487.5115,2,1,0.0026619815790874727,False
132372,,GB Network Solutions Sdn. Bhd.,broadband,2023-Q3,2023,3,34.87002992322721,19.78022872108682,34.87002992322721,19.78022872108682,168.8585,168.8585,2,2,0.0026619815790874727,False
1828,,Unitas Global,broadband,2023-Q3,2023,3,84.67165990195615,101.47194867990427,84.67165990195615,101.47194867990427,18.962,18.962,2,1,0.0026619815790874727,False
24090,,Universiti Sains Malaysia (USM),broadband,2023-Q3,2023,3,34.96945957690383,51.897871740412,34.96945957690383,43.34190498504775,22.639,22.639,2,2,0.0026619815790874727,False
58910,,ACODA Networks Sdn Bhd,broadband,2023-Q3,2023,3,5.746932731983652,1.9270138798995706,5.746932731983652,1.9270138798995706,41.177,41.177,2,1,0.0026619815790874727,False
132494,,Universiti Tun Hussein Onn Malaysia,broadband,2023-Q3,2023,3,13.358308955963079,27.323082922213615,13.358308955963079,27.323082922213615,58.859,58.859,2,1,0.0026619815790874727,False
174,Cogent,"Cogent Communications, LLC",broadband,2023-Q3,2023,3,3.4045934450713524,5.19762406125394,3.4045934450713524,5.19762406125394,13.888,13.888,1,1,0.0013309907895437364,False
138915,,Kaopu Cloud HK Limited,broadband,2023-Q3,2023,3,16.129086619447254,10.205467511022192,16.129086619447254,10.205467511022192,8.154,8.154,1,1,0.0013309907895437364,False
200017,,Elisteka UAB,broadband,2023-Q3,2023,3,38.52576690932487,25.257872170393878,38.52576690932487,25.257872170393878,188.933,188.933,1,1,0.0013309907895437364,False
132111,,Bigband Sdn Bhd,broadband,2023-Q3,2023,3,2.210884608740152,,2.210884608740152,,99.956,99.956,1,1,0.0013309907895437364,False
137510,,JENEXUS HOLDING SDN BHD,broadband,2023-Q3,2023,3,72.21799669100166,57.270644070169475,72.21799669100166,57.270644070169475,13.789,13.789,1,1,0.0013309907895437364,False
142631,,Metro Lightspeed,broadband,2023-Q3,2023,3,44.848620567771235,29.986075678114474,44.848620567771235,29.986075678114474,24.545,24.545,1,1,0.0013309907895437364,False
134066,,Lynuxtel Malaysia Sdn Bhd,broadband,2023-Q3,2023,3,24.189982478066582,15.76790846331552,24.189982478066582,15.76790846331552,227.205,227.205,1,1,0.0013309907895437364,False
136751,,Teleperformance Malaysia Sdn Bhd,broadband,2023-Q3,2023,3,25.893994213486653,,25.893994213486653,,30.491,30.491,1,1,0.0013309907895437364,False
24314,,University Pendidikan Sultan Idris,broadband,2023-Q3,2023,3,599.1223748043615,648.5967151065396,599.1223748043615,648.5967151065396,25.739,25.739,1,1,0.0013309907895437364,False
131996,,NEVIGATE GLOBAL NETWORK SDN. BHD.,broadband,2023-Q3,2023,3,14.839466755839357,0.07545688331664534,14.839466755839357,0.07545688331664534,61.588,61.588,1,1,0.0013309907895437364,False
134202,,E-WORLD COMMUNICATION SDN BHD,broadband,2023-Q3,2023,3,4.503930419005736,1.2309780263636436,4.503930419005736,1.2309780263636436,338.14,338.14,1,1,0.0013309907895437364,False
45121,,Enterprise Managed Services Sdn. Bhd.,broadband,2023-Q3,2023,3,4.057128577326757,15.17535285631182,4.057128577326757,15.17535285631182,19.522,19.522,1,1,0.0013309907895437364,False
134797,,Innet Technologies Sdn Bhd,broadband,2023-Q3,2023,3,18.616050996540192,43.40781900494209,18.616050996540192,43.40781900494209,13.046,13.046,1,1,0.0013309907895437364,False
17564,,GITN (M) Sdn. Bhd.,broadband,2023-Q3,2023,3,33.772365260140745,34.28670045664977,33.772365260140745,34.28670045664977,11.41,11.41,1,1,0.0013309907895437364,False
45668,,AIMS Data Centre Sdn Bhd,broadband,2023-Q3,2023,3,16.958244631231953,16.84677417741954,16.958244631231953,16.84677417741954,101.393,101.393,1,1,0.0013309907895437364,False
137839,,IMU Education Sdn. Bhd.,broadband,2023-Q3,2023,3,229.09084868080527,44.565560953985,229.09084868080527,44.565560953985,8.543,8.543,1,1,0.0013309907895437364,False
147296,,TY Software Engineering,broadband,2023-Q3,2023,3,55.09053146761122,34.035274819031955,55.09053146761122,34.035274819031955,45.0,45.0,1,1,0.0013309907895437364,False
6421,,TATA COMMUNICATIONS (AMERICA) INC,broadband,2023-Q3,2023,3,1.3193049886749293,1.7682100549689395,1.3193049886749293,1.7682100549689395,18.725,18.725,1,1,0.0013309907895437364,False
134107,,University Malaysia Pahang,broadband,2023-Q3,2023,3,424.9441648144452,115.8243667055769,424.9441648144452,8.053288480269119,17.912,17.912,1,1,0.0013309907895437364,False
4788,TM,TM TECHNOLOGY SERVICES SDN. BHD.,broadband,2023-Q4,2023,4,127.03794324685494,48.73243607896554,83.37982183887299,45.08479700230355,26.14278851707924,15.786,66159,38024,53.20771105266967,True
4818,Digi,DiGi Telecommunications Sdn. Bhd.,broadband,2023-Q4,2023,4,55.718277422811916,16.977488222689676,9.884937791796702,8.487920236655059,49.54922396979027,34.295500000000004,27309,8396,21.96298887736145,True
9534,Maxis,Binariang Berhad,broadband,2023-Q4,2023,4,117.56320919079913,39.06070226366817,69.42035794346457,32.545525050442066,36.35880812750942,16.804,8221,5251,6.611656653879251,True
9930,TIME dotCom,TTNET,broadband,2023-Q4,2023,4,156.77529571155858,118.04271745305626,105.1124431691194,83.03615655857719,18.629598795015745,12.208,7303,4378,5.873364376995521,True
10030,Celcom,Celcom Axiata Berhad,broadband,2023-Q4,2023,4,36.01262627228366,11.567685090560158,13.496852832661551,4.262007849783515,98.31070430882588,41.926,6244,4241,5.021674266734223,True
45960,Yes,YTL COMMUNICATIONS SDN BHD,broadband,2023-Q4,2023,4,61.31289666581683,15.120764105848995,10.026020303342158,2.9914869154960098,92.4097708632062,41.423,3488,1783,2.805188956176965,True
(unknown),,,broadband,2023-Q4,2023,4,59.34967110638069,11.518042727122499,7.826856182054322,3.0211779160930563,42.96598242933538,25.454,1310,612,1.0535543384724266,True
22332,,Western Digital Corporation,broadband,2023-Q4,2023,4,58.37047804860939,44.58892472356141,34.98770135522431,4.492519809445335,122.87473913043479,78.853,760,33,0.611222364304614,True
56231,,MEASAT Broadcast Network Systems,broadband,2023-Q4,2023,4,55.361480241087335,49.1213904447592,51.45952376214287,45.867239190553356,11.966087336244538,9.967,687,233,0.5525128477332497,True
14593,Starlink,Space Exploration Technologies Corporation,broadband,2023-Q4,2023,4,45.124382927768465,5.340266293479493,18.856372326965612,4.120893218821255,92.59716812609459,64.34,571,147,0.45922101318149283,True
38322,,TM TECHNOLOGY SERVICES SDN. BHD.,broadband,2023-Q4,2023,4,65.89804390171689,12.465469491395806,7.504176051763895,3.832915108634883,30.988989010989016,24.927,456,239,0.36673341858276837,True
4983,,Intel Corporation,broadband,2023-Q4,2023,4,22.413188943626846,22.068365360222135,11.835421791604132,5.049519613262526,15.929627345844507,13.0,373,6,0.29998150248108024,True
3614,,"Dell, Inc.",broadband,2023-Q4,2023,4,20.230341657205525,19.446614481765348,16.09077777411132,13.24833732060091,204.25223101265829,217.9975,316,16,0.2541398251582342,True
45410,,ALLO TECHNOLOGY SDN. BHD.,broadband,2023-Q4,2023,4,90.2156132674309,81.9897983474467,57.56985196457994,49.49169457116214,80.28488513513514,17.753,148,86,0.11902751304879323,True
133421,,INNET SOLUTIONS SDN BHD,broadband,2023-Q4,2023,4,59.25013844148605,43.1857130357879,46.24282187051393,31.418465249753503,42.35835643564356,14.99,101,27,0.08122823525627106,True
24020,,"University ITM, Shah Alam, Selangor Malaysia",broadband,2023-Q4,2023,4,39.242497066597004,30.27385827520139,22.27452071110984,10.082992595330357,30.054372093023254,15.582,86,30,0.06916463596078526,False
134809,,ViewQwest Sdn. Bhd.,broadband,2023-Q4,2023,4,71.44444029780034,49.00047701352552,11.724340872230515,23.109384082840975,15.702140845070424,10.394,71,25,0.05710103666529946,False
139776,,Petroliam Nasional Berhad,broadband,2023-Q4,2023,4,172.343045198456,87.06941670305588,87.98675370301576,65.6713544244266,46.517634920634926,30.205,63,6,0.05066711704104036,False
38891,,Measat Satellite Systems Sdn. Bhd.,broadband,2023-Q4,2023,4,15.820638332739897,1.4530329576257741,13.26928611708902,0.6942098314111671,62.8258064516129,11.7975,62,25,0.049862877088007976,False
23678,,Enterprise Managed Services Sdn. Bhd.,broadband,2023-Q4,2023,4,55.685636075383336,42.77504724829649,27.536625962700064,23.909718399663113,23.96765909090909,14.404,44,18,0.03538655793342502,False
33619,,"Advanced Micro Devices, Inc.",broadband,2023-Q4,2023,4,16.09595342071112,8.383475380883542,6.855976044105533,4.61601301356226,269.86556097560975,309.453,41,1,0.032973838074327855,False
38280,,Monash University Sunway Campus Malaysia,broadband,2023-Q4,2023,4,33.51571882360853,22.572184152347386,19.76232637623887,19.464782500089186,17.87885,11.4695,40,11,0.03216959812129547,False
134232,,SACOFA Sdn. Bhd.,broadband,2023-Q4,2023,4,17.69572770260615,7.9595100425460465,12.152795827591943,2.4732507699629114,50.496750000000006,48.9185,40,7,0.03216959812129547,False
132372,,GB Network Solutions Sdn. Bhd.,broadband,2023-Q4,2023,4,78.46634038638823,15.6087636674138,47.413026855122595,5.014186058517207,48.812839999999994,9.0,25,11,0.020105998825809667,False
24514,,MINISTRY OF HIGHER EDUCATION MALAYSIA,broadband,2023-Q4,2023,4,20.661738642419593,43.20730620751374,9.155013391809245,28.12609586795156,90.02490909090908,66.307,22,10,0.01769327896671251,False
132890,,IP Core Sdn Bhd,broadband,2023-Q4,2023,4,170.5140748248577,112.81498350538259,162.3787226357391,52.99917643003981,30.739499999999996,20.57,22,5,0.01769327896671251,False
138996,,Uni Comms International Sdn Bhd,broadband,2023-Q4,2023,4,176.8957074221709,139.1356664688844,224.72444805669005,107.20008232714936,32.967999999999996,35.9915,20,4,0.016084799060647734,False
134152,,XMT Technologies Sdn Bhd,broadband,2023-Q4,2023,4,227.02830303143415,200.20626378385901,226.47326596881445,81.23782314183686,22.952333333333332,11.982,18,9,0.01447631915458296,False
133014,,Universiti Teknologi Malaysia,broadband,2023-Q4,2023,4,85.77761446638664,66.05436425011058,86.12407488469098,42.32445002562388,29.02305882352941,15.997,17,10,0.013672079201550575,False
149440,,Evoxt Sdn. Bhd.,broadband,2023-Q4,2023,4,42.06803328198884,8.242068030113119,31.519724905038405,5.010808778349428,139.51500000000001,12.077,16,4,0.012867839248518188,False
134107,,University Malaysia Pahang,broadband,2023-Q4,2023,4,64.20939243540457,59.5039546134723,69.73864124292712,70.14310789319275,110.42633333333333,55.988,15,3,0.012063599295485802,False
24090,,Universiti Sains Malaysia (USM),broadband,2023-Q4,2023,4,106.04288716081614,79.32141065005332,24.82283964205206,8.998001004397791,41.05328571428572,14.713999999999999,14,9,0.011259359342453415,False
24028,,REDtone,broadband,2023-Q4,2023,4,23.163092869080373,31.103783453974838,17.781232390228286,31.03551520893844,15.503083333333334,16.792,12,3,0.009650879436388642,False
135496,,UNIVERSITI KEBANGSAAN MALAYSIA,broadband,2023-Q4,2023,4,65.07310167519648,46.544771429313485,86.21826408738164,43.42818836299496,16.797750000000004,12.028,12,5,0.009650879436388642,False
137510,,JENEXUS HOLDING SDN BHD,broadband,2023-Q4,2023,4,48.25597858447487,25.581694007628244,46.99275466993299,9.674746353653596,32.907916666666665,33.3185,12,3,0.009650879436388642,False
132354,,CELCOM TIMUR (SABAH) SDN BHD,broadband,2023-Q4,2023,4,47.56543757530769,47.37839479062688,15.595140497918925,15.344441375230973,74.20445454545455,65.203,11,7,0.008846639483356254,False
56286,,IX Telecom,broadband,2023-Q4,2023,4,29.328071889439332,22.982977793747626,23.287017268775507,15.669350236896,128.99745454545453,183.109,11,3,0.008846639483356254,False
134797,,Innet Technologies Sdn Bhd,broadband,2023-Q4,2023,4,73.65118485799935,99.14146899297423,69.93761789344165,94.4494889559594,13.8654,12.1585,10,1,0.008042399530323867,False
136533,,MyISP Dot Com Sdn Bhd,broadband,2023-Q4,2023,4,176.6148744397618,120.63069998257927,28.91764357289346,59.10741317034732,216.2288,213.1615,10,4,0.008042399530323867,False
45121,,Enterprise Managed Services Sdn. Bhd.,broadband,2023-Q4,2023,4,4.550593234296613,4.5806869895841045,4.9849069479031325,4.794370458109688,27.426888888888886,26.705,9,3,0.00723815957729148,False
38182,,Extreme Broadband - Total Broadband Experience,broadband,2023-Q4,2023,4,33.946571240584916,30.153637725753505,24.147872069921785,36.25669738416288,11.879999999999999,10.348,9,6,0.00723815957729148,False
136258,,"BrainStorm Network, Inc",broadband,2023-Q4,2023,4,11.033253011240598,2.9218829456009137,5.915171597055636,0.0820703097226593,431.82988888888883,388.413,9,2,0.00723815957729148,False
132694,,Universiti Sains Islam Malaysia,broadband,2023-Q4,2023,4,52.97639144754899,6.255554332810685,3.674289895302236,4.444232711153457,38.37155555555555,17.021,9,4,0.00723815957729148,False
131330,,irix,broadband,2023-Q4,2023,4,40.193798740281125,34.000039964476706,29.912140523003266,8.483574588168471,184.9971111111111,31.996,9,1,0.00723815957729148,False
18106,,Viewqwest Pte Ltd,broadband,2023-Q4,2023,4,204.92452612203147,114.61915592864604,96.16549251870012,90.07758652960378,16.698777777777778,13.45,9,5,0.00723815957729148,False
135277,,Freshtel Group SDN BHD,broadband,2023-Q4,2023,4,68.87453101168698,14.095929929227346,47.035998617881745,11.38275434789043,136.76522222222223,190.936,9,5,0.00723815957729148,False
38044,,GITN-NETWORK,broadband,2023-Q4,2023,4,22.934208900403448,25.05405190641724,25.647197529675307,31.681801519811362,19.40888888888889,10.736,9,3,0.00723815957729148,False
132494,,Universiti Tun Hussein Onn Malaysia,broadband,2023-Q4,2023,4,42.8544657307064,45.40077766724824,51.082521907438476,26.632969981069063,19.094625,17.02,8,4,0.006433919624259094,False
150712,,Weber Meyer Sdn Bhd,broadband,2023-Q4,2023,4,155.1903666989822,149.6901925859864,115.27489154544372,59.69362800758788,21.749000000000002,13.431000000000001,8,2,0.006433919624259094,False
24068,,Broadband Service Provider,broadband,2023-Q4,2023,4,52.89885678721567,81.33261923048671,30.79030246618334,47.662850557546314,57.04442857142857,20.856,7,2,0.005629679671226707,False
139761,,Gigabit Fiber Sdn Bhd,broadband,2023-Q4,2023,4,13.867967629670384,4.667101797938332,10.212067969038266,5.090527109776364,78.31857142857143,26.287,7,1,0.005629679671226707,False
5580,,GTT Communications Netherlands B.V.,broadband,2023-Q4,2023,4,33.85324243410302,9.45382415609363,34.81711548633185,5.536123624668883,207.14783333333332,177.9775,6,1,0.004825439718194321,False
55482,,DIGITAL WAVE,broadband,2023-Q4,2023,4,39.7255838902836,51.91421394783339,40.05642554893882,56.44540412325671,27.202333333333332,27.4705,6,3,0.004825439718194321,False
142631,,Metro Lightspeed,broadband,2023-Q4,2023,4,58.27310143484249,43.09700687392549,61.77044053619029,47.49475800065369,48.44366666666667,19.5845,6,4,0.004825439718194321,False
10204,,Arcnet NTT MSC ISP,broadband,2023-Q4,2023,4,112.92243322785765,70.1472041752025,95.53727981689244,87.66042200618449,7.420833333333334,7.1605,6,4,0.004825439718194321,False
150734,,Myklnet Sdn Bhd,broadband,2023-Q4,2023,4,175.26500598448055,4.250097996863308,78.91281208428481,2.386665028757773,139.4785,9.5,6,2,0.004825439718194321,False
142628,,HIIFI (M) SDN BHD,broadband,2023-Q4,2023,4,74.60184500998139,29.0795334066991,71.32884193424968,23.628695284456217,19.05475,10.3,4,1,0.003216959812129547,False
17564,,GITN (M) Sdn. Bhd.,broadband,2023-Q4,2023,4,230.8760025999764,190.65400261744963,169.3840149275975,192.22884979260337,10.23375,10.612,4,4,0.003216959812129547,False
2687,,"AT&T Enterprises, LLC",broadband,2023-Q4,2023,4,25.759353278232588,27.054420724215884,19.0986255420329,26.561349773176726,214.85975,221.4145,4,3,0.003216959812129547,False
24314,,University Pendidikan Sultan Idris,broadband,2023-Q4,2023,4,165.309005318129,265.22161857400437,209.908775448811,242.93560300947487,29.941499999999998,29.735,4,3,0.003216959812129547,False
45808,,Bandar Seri Iskandar,broadband,2023-Q4,2023,4,36.23455994672825,24.267049102193273,3.287315961557515,8.635528160341797,36.58433333333334,39.375,3,1,0.0024127198590971604,False
140904,,ADECCO ASIA BUSINESS SOLUTIONS SDN BHD,broadband,2023-Q4,2023,4,18.819004738211333,27.39510091714679,16.71441083450189,27.39510091714679,86.616,97.965,3,2,0.0024127198590971604,False
132625,,SDEC,broadband,2023-Q4,2023,4,19.801374213351455,2.403816031835641,15.06633775630374,2.4962308334284966,214.32133333333334,199.308,3,2,0.0024127198590971604,False
174,Cogent,"Cogent Communications, LLC",broadband,2023-Q4,2023,4,8.357894698423799,13.044030557969128,4.389722396847252,0.0897794331159902,5.331666666666666,1.507,3,1,0.0024127198590971604,False
7361,,DataZone Networks LLC,broadband,2023-Q4,2023,4,4.542924818256184,1.4022747681732541,4.497320592302427,0.9530089127786093,78.16000000000001,78.411,3,2,0.0024127198590971604,False
9299,PLDT,Philippine Long Distance Telephone Company,broadband,2023-Q4,2023,4,131.78167587790938,13.971752496781424,131.78167587790938,13.971752496781424,76.94,76.94,2,1,0.0016084799060647735,False
135553,,VC Telecoms Sdn. Bhd.,broadband,2023-Q4,2023,4,47.57671703333514,42.01085517897071,47.57671703333514,42.01085517897071,15.0445,15.0445,2,1,0.0016084799060647735,False
45810,,"University of Nottingham, Malaysia Campus",broadband,2023-Q4,2023,4,199.20313435847214,48.11033912428886,199.20313435847214,26.775957460041795,9.8695,9.8695,2,2,0.0016084799060647735,False
132196,,DANAWA RESOURCES SDN BHD,broadband,2023-Q4,2023,4,1.6997694752173924,3.274840570829032,1.6997694752173924,3.274840570829032,75.7185,75.7185,2,2,0.0016084799060647735,False
134553,,i-Skill Dynamics Sdn Bhd,broadband,2023-Q4,2023,4,5.747616038564185,19.739193622374234,5.747616038564185,19.739193622374234,104.0,104.0,2,2,0.0016084799060647735,False
38278,,Orient Telecoms Sdn. Bhd,broadband,2023-Q4,2023,4,10.036483094685554,18.880607132272864,10.036483094685554,18.880607132272864,42.795,42.795,2,1,0.0016084799060647735,False
17666,,HITACHISUNWAY,broadband,2023-Q4,2023,4,24.19744668060443,24.67192150324125,24.19744668060443,24.67192150324125,7.841,7.841,2,1,0.0016084799060647735,False
151813,,NETCOM,broadband,2023-Q4,2023,4,65.37923276118379,48.95312082870529,65.37923276118379,48.95312082870529,16.4985,16.4985,2,1,0.0016084799060647735,False
142111,,Zhejiang Aiyun Network Technology Co Ltd,broadband,2023-Q4,2023,4,58.12052785194,4.559828709500255,58.12052785194,4.559828709500255,98.602,98.602,2,1,0.0016084799060647735,False
138504,,Universiti Pertahanan Nasional Malaysia,broadband,2023-Q4,2023,4,362.3624476180713,182.18028492326553,362.3624476180713,176.33415248625155,11.847999999999999,11.847999999999999,2,1,0.0016084799060647735,False
45331,,I CITY,broadband,2023-Q4,2023,4,11.268807147170758,12.477988905606054,11.268807147170758,12.477988905606054,8.719,8.719,1,1,0.0008042399530323867,False
136751,,Teleperformance Malaysia Sdn Bhd,broadband,2023-Q4,2023,4,33.14966542542767,98.18312049841191,33.14966542542767,98.18312049841191,50.519,50.519,1,1,0.0008042399530323867,False
140866,,TRUE PACKET SDN BHD,broadband,2023-Q4,2023,4,8.764637673899212,9.163207147660486,8.764637673899212,9.163207147660486,13.82,13.82,1,1,0.0008042399530323867,False
38466,U Mobile,U Mobile Sdn Bhd,broadband,2023-Q4,2023,4,86.57779566217253,0.1543270106666128,86.57779566217253,0.1543270106666128,11.127,11.127,1,1,0.0008042399530323867,False
55710,,"201-A, JALAN TUN RAZAK",broadband,2023-Q4,2023,4,3.9295774433999084,4.683474814018898,3.9295774433999084,4.683474814018898,14.419,14.419,1,1,0.0008042399530323867,False
136978,,JNI SYSTEM SDN BHD,broadband,2023-Q4,2023,4,38.031483880604135,50.05263958947208,38.031483880604135,50.05263958947208,13.574,13.574,1,1,0.0008042399530323867,False
135551,,Malaysian Communication and Multimedia Commission,broadband,2023-Q4,2023,4,24.806258446090638,23.387779395529673,24.806258446090638,23.387779395529673,8.653,8.653,1,1,0.0008042399530323867,False
142288,,Unit Pengurusan Teknologi Maklumat (UPTM),broadband,2023-Q4,2023,4,98.8559736996609,,98.8559736996609,,25.435,25.435,1,1,0.0008042399530323867,False
131996,,NEVIGATE GLOBAL NETWORK SDN. BHD.,broadband,2023-Q4,2023,4,48.427774122258775,3.0671312580717256,48.427774122258775,3.0671312580717256,68.899,68.899,1,1,0.0008042399530323867,False
134554,,Starnet Communications Sdn Bhd,broadband,2023-Q4,2023,4,1.7589234598098726,,1.7589234598098726,,16.876,16.876,1,1,0.0008042399530323867,False
18206,,TM TECHNOLOGY SERVICES SDN. BHD.,broadband,2023-Q4,2023,4,271.0581467992503,262.89599175362804,271.0581467992503,262.89599175362804,13.586,13.586,1,1,0.0008042399530323867,False
9655,,"TPM Corp. Berhad,",broadband,2023-Q4,2023,4,22.49287325048717,5.106622813461879,22.49287325048717,5.106622813461879,35.182,35.182,1,1,0.0008042399530323867,False
132198,,iCore Technology Sdn Bhd,broadband,2023-Q4,2023,4,28.616306270002838,5.030282345833071,28.616306270002838,5.030282345833071,8.489,8.489,1,1,0.0008042399530323867,False
134698,,Chr. Hansen Malaysia Sdn Bhd,broadband,2023-Q4,2023,4,7.0221164601377035,7.1870957148612735,7.0221164601377035,7.1870957148612735,78.04,78.04,1,1,0.0008042399530323867,False
401783,,TOKALA COMMUNICATIONS INC.,broadband,2023-Q4,2023,4,8.98280640646421,,8.98280640646421,,212.926,212.926,1,1,0.0008042399530323867,False
62654,,"MENLO SECURITY, INC.",broadband,2023-Q4,2023,4,1260.6588342682332,1014.7565607127793,1260.6588342682332,1014.7565607127793,3.975,3.975,1,1,0.0008042399530323867,False
56229,,LightsUp Network Solution Sdn. Bhd.,broadband,2023-Q4,2023,4,134.0621559035349,45.59831126161524,134.0621559035349,33.541911042839885,10.63,10.63,1,1,0.0008042399530323867,False
132825,,MYTEK TRADING PTY LTD,broadband,2023-Q4,2023,4,7.174420225218728,22.314173219921255,7.174420225218728,22.314173219921255,175.54,175.54,1,1,0.0008042399530323867,False
4788,TM,TM TECHNOLOGY SERVICES SDN. BHD.,broadband,2024-Q1,2024,1,118.93865322859565,45.742987125942804,63.65495211884689,39.125311660910526,41.66641632334581,17.0,96131,54730,48.113372805941914,True
4818,Digi,DiGi Telecommunications Sdn. Bhd.,broadband,2024-Q1,2024,1,70.37883434462434,21.17217970062713,14.915507313164909,9.613552988834936,49.870019285198936,27.395,36082,15810,18.05896867383046,True
9930,TIME dotCom,TTNET,broadband,2024-Q1,2024,1,190.0041202393247,147.91174834130786,113.68255860439146,96.13457175287468,14.62268100075379,11.632,27868,11807,13.947878138748054,True
9534,Maxis,Binariang Berhad,broadband,2024-Q1,2024,1,129.61312747690488,44.149346020078845,76.41156125780628,36.84495891200084,23.511294613583143,14.7395,12815,6368,6.413881812403341,True
10030,Celcom,Celcom Axiata Berhad,broadband,2024-Q1,2024,1,43.64571118822514,13.008543244888818,16.124799350649486,4.703829639510914,90.68086365804785,33.607,10481,5614,5.245719490893439,True
45960,Yes,YTL COMMUNICATIONS SDN BHD,broadband,2024-Q1,2024,1,45.49458992859438,13.41154194078948,10.029380752990795,3.6064771611835007,98.67298039466941,45.0,7809,3525,3.908388846902668,True
(unknown),,,broadband,2024-Q1,2024,1,53.54259396434463,13.33645968096904,8.012063565264935,3.233191698275832,36.629513895216405,26.466,2198,1100,1.1000945941211506,True
14593,Starlink,Space Exploration Technologies Corporation,broadband,2024-Q1,2024,1,41.01476251074077,5.948032341303565,16.670109253803833,3.734406768610218,88.71521994884911,58.488,1176,277,0.588585642714501,True
56231,,MEASAT Broadcast Network Systems,broadband,2024-Q1,2024,1,64.1553759563639,53.68350256088783,53.746600813248655,49.030635141568844,12.530044568245128,9.545,1077,423,0.5390363411594536,True
38322,,TM TECHNOLOGY SERVICES SDN. BHD.,broadband,2024-Q1,2024,1,37.716431451405676,8.387069651568275,7.510763080821937,3.4231021068027916,33.46663821138211,24.4145,739,315,0.3698680186785852,True
22332,,Western Digital Corporation,broadband,2024-Q1,2024,1,79.96187315101918,52.46710737066445,36.69526685119856,10.320557629255738,101.36053068592058,44.463499999999996,554,18,0.2772758895100625,True
4983,,Intel Corporation,broadband,2024-Q1,2024,1,23.9375641341956,36.41272621238354,12.428052680001203,12.972730126797847,13.939614537444932,12.695,454,5,0.22722608995950971,True
45410,,ALLO TECHNOLOGY SDN. BHD.,broadband,2024-Q1,2024,1,92.60679751726428,72.10010115404387,44.47019077704803,44.591072725701835,98.55473712737128,16.829,369,172,0.18468376034153983,True
3614,,"Dell, Inc.",broadband,2024-Q1,2024,1,56.927629017055985,47.620729672261035,52.842047197047286,29.75937678557465,101.63384451219511,46.120000000000005,328,13,0.1641633425258132,True
38182,,Extreme Broadband - Total Broadband Experience,broadband,2024-Q1,2024,1,25.515313778737116,18.181723243835677,14.149568069833316,8.631737645179342,17.4734,11.3,155,12,0.07757718930335684,True
19773,,"Motorola, Inc.",broadband,2024-Q1,2024,1,55.79788679376889,56.39932417978517,61.58123987420371,87.57744161354768,84.68791964285712,66.4815,112,12,0.05605577549661914,True
133421,,INNET SOLUTIONS SDN BHD,broadband,2024-Q1,2024,1,36.94574161503661,27.536080499292808,26.74668617835253,13.106435926977788,54.619110091743124,12.899,109,37,0.054554281510102554,True
38891,,Measat Satellite Systems Sdn. Bhd.,broadband,2024-Q1,2024,1,24.336413499788872,4.509558684571615,19.980648359361556,2.017072142835201,50.27658878504672,10.851,107,40,0.0535532855190915,True
134809,,ViewQwest Sdn. Bhd.,broadband,2024-Q1,2024,1,57.30913938698855,43.599081700103824,36.22854222864443,26.269147724757065,17.766471910112354,11.561,89,28,0.04454432159999199,False
134232,,SACOFA Sdn. Bhd.,broadband,2024-Q1,2024,1,69.59979134987076,17.955926019201925,7.956425111833139,3.436696574909414,59.349407407407405,50.558,81,16,0.04054033763594777,False
132372,,GB Network Solutions Sdn. Bhd.,broadband,2024-Q1,2024,1,44.51487690957089,7.399444234524381,27.450622937244233,2.402408685046442,61.378037500000005,8.985,80,20,0.04003983964044224,False
139776,,Petroliam Nasional Berhad,broadband,2024-Q1,2024,1,179.486692813781,108.50543395339258,160.78926897617288,79.347514709225,32.128269230769234,23.8635,78,6,0.039038843649431186,False
24020,,"University ITM, Shah Alam, Selangor Malaysia",broadband,2024-Q1,2024,1,99.09234642444088,69.41325936062508,39.29074752827948,20.0466556021892,13.20087671232877,9.87,73,35,0.03653635367190355,False
24514,,MINISTRY OF HIGHER EDUCATION MALAYSIA,broadband,2024-Q1,2024,1,31.544913943440957,47.49048628270715,20.297388263840517,31.177656089375642,96.2293392857143,73.6485,56,20,0.02802788774830957,False
23678,,Enterprise Managed Services Sdn. Bhd.,broadband,2024-Q1,2024,1,21.86988610906757,17.846657727721055,10.097661414680932,9.658562668751468,18.635720000000003,13.469999999999999,50,17,0.0250248997752764,False
132625,,SDEC,broadband,2024-Q1,2024,1,18.46972334838606,4.084514479282468,6.307477020785225,2.2371579527956365,159.3834791666667,50.295,48,26,0.024023903784265343,False
38280,,Monash University Sunway Campus Malaysia,broadband,2024-Q1,2024,1,24.197893759229892,26.823990933798154,17.016610479427968,20.276746178338822,16.194487804878047,9.903,41,9,0.02052041781572665,False
56286,,IX Telecom,broadband,2024-Q1,2024,1,38.00785861034999,27.27855688384634,25.702507292043524,9.077410826790176,140.851875,185.04149999999998,40,3,0.02001991982022112,False
17666,,HITACHISUNWAY,broadband,2024-Q1,2024,1,17.536060296585532,7.516184383727776,13.034181561391378,4.240762000297778,8.225135135135135,8.213,37,2,0.018518425833704538,False
134152,,XMT Technologies Sdn Bhd,broadband,2024-Q1,2024,1,65.15595376005156,42.73056618450605,49.29218075397675,19.72826057849158,35.50765625,14.717500000000001,32,5,0.016015935856176895,False
132196,,DANAWA RESOURCES SDN BHD,broadband,2024-Q1,2024,1,45.12528868536262,23.28331295943562,27.36092080026527,19.235820897910305,38.40475,31.985,32,10,0.016015935856176895,False
135277,,Freshtel Group SDN BHD,broadband,2024-Q1,2024,1,67.09955216399861,21.426485896529705,64.36703720325076,14.532949991353057,117.13431249999998,188.6585,32,10,0.016015935856176895,False
55482,,DIGITAL WAVE,broadband,2024-Q1,2024,1,72.88058978904984,60.21840998018083,58.96692019493221,58.00622159253409,72.8878,10.0,25,11,0.0125124498876382,False
137510,,JENEXUS HOLDING SDN BHD,broadband,2024-Q1,2024,1,54.36116199394446,40.77791856379808,51.75347546911964,45.727827647906565,29.451583333333332,21.083,24,7,0.012011951892132671,False
132890,,IP Core Sdn Bhd,broadband,2024-Q1,2024,1,125.3535992706584,80.17853106381696,21.916290619201106,21.102005814060238,19.720333333333333,18.702,21,7,0.010510457905616088,False
154177,,LIGHT NODE LIMITED,broadband,2024-Q1,2024,1,13.036655006311879,9.287024673639289,9.097011154852153,0.31524432767365673,104.86371428571428,92.941,21,6,0.010510457905616088,False
17564,,GITN (M) Sdn. Bhd.,broadband,2024-Q1,2024,1,152.04007920475732,88.03285749081742,69.07734026176605,53.226369838671246,19.13715789473684,9.0,19,11,0.009509461914605033,False
133014,,Universiti Teknologi Malaysia,broadband,2024-Q1,2024,1,58.849535542695534,114.21668277559614,41.39505627778242,78.86374031133911,17.5134375,15.572,16,11,0.008007967928088448,False
38466,U Mobile,U Mobile Sdn Bhd,broadband,2024-Q1,2024,1,120.64526458683146,116.81202223645941,101.15240679731473,101.48869792346349,9.328399999999998,9.179,15,12,0.00750746993258292,False
135496,,UNIVERSITI KEBANGSAAN MALAYSIA,broadband,2024-Q1,2024,1,73.18630642719376,115.57894672605362,33.51057928942071,33.74180712454197,11.659933333333335,11.681,15,6,0.00750746993258292,False
134107,,University Malaysia Pahang,broadband,2024-Q1,2024,1,42.17387587812468,47.10830625048278,33.8850130130531,36.4335152333263,114.61249999999998,107.333,14,5,0.007006971937077392,False
136533,,MyISP Dot Com Sdn Bhd,broadband,2024-Q1,2024,1,14.39187300178684,11.607188730458487,11.792277256411984,10.645743024900005,330.02461538461534,422.591,13,1,0.006506473941571864,False
24090,,Universiti Sains Malaysia (USM),broadband,2024-Q1,2024,1,123.89679106396922,133.71974964359316,64.04412146120238,77.94934368273232,89.42475,19.752000000000002,12,6,0.006005975946066336,False
138996,,Uni Comms International Sdn Bhd,broadband,2024-Q1,2024,1,183.05966003072817,151.58934564200538,180.0100749777976,163.25797123244826,21.6895,16.738999999999997,12,3,0.006005975946066336,False
131330,,irix,broadband,2024-Q1,2024,1,65.4699698451375,76.07054428985352,46.51772706211702,63.02339270524966,143.6386666666667,23.871499999999997,12,2,0.006005975946066336,False
132494,,Universiti Tun Hussein Onn Malaysia,broadband,2024-Q1,2024,1,144.64818251042024,162.5348619597138,89.63337469853775,75.74823034964606,33.91283333333333,25.4055,12,5,0.006005975946066336,False
56229,,LightsUp Network Solution Sdn. Bhd.,broadband,2024-Q1,2024,1,42.300925115041274,17.41202292360943,13.21116695345716,13.783265210714971,57.832181818181816,36.0,11,6,0.005505477950560808,False
136258,,"BrainStorm Network, Inc",broadband,2024-Q1,2024,1,8.240823396957172,4.78364662881457,7.0908288287968855,2.7214836331136185,291.62636363636364,264.21,11,4,0.005505477950560808,False
140625,,Excel Commerce Solutions Sdn. Bhd.,broadband,2024-Q1,2024,1,24.513440377165136,7.390068311454277,25.81470258650948,6.747139185824425,76.10354545454545,73.0,11,2,0.005505477950560808,False
150712,,Weber Meyer Sdn Bhd,broadband,2024-Q1,2024,1,140.7214723698181,116.76526097089989,129.93922615026855,142.795233242029,47.894999999999996,46.7015,10,3,0.00500497995505528,False
401783,,TOKALA COMMUNICATIONS INC.,broadband,2024-Q1,2024,1,4.060945666359622,0.0690152879878524,1.9172488144481994,0.0690152879878524,216.3761,212.2125,10,1,0.00500497995505528,False
142631,,Metro Lightspeed,broadband,2024-Q1,2024,1,60.80923674923547,14.605801752282762,60.80979546436269,9.779647278045788,79.9832,27.1295,10,6,0.00500497995505528,False
56111,,Agarto Sdn Bhd,broadband,2024-Q1,2024,1,15.082243169507986,2.8747240111865944,11.507940829531574,2.1727242147399424,253.01500000000001,354.0,9,3,0.004504481959549752,False
132354,,CELCOM TIMUR (SABAH) SDN BHD,broadband,2024-Q1,2024,1,15.854357228632162,21.39962028822448,11.650518222615863,16.96823546505901,83.8681111111111,82.0,9,4,0.004504481959549752,False
136751,,Teleperformance Malaysia Sdn Bhd,broadband,2024-Q1,2024,1,55.84851607652158,14.68791713682957,69.7013543034367,7.825154104684632,158.83211111111112,56.883,9,1,0.004504481959549752,False
10204,,Arcnet NTT MSC ISP,broadband,2024-Q1,2024,1,35.1378359419521,10.586408881346255,7.660827331428629,3.724082057614082,47.41085714285715,14.798,7,4,0.003503485968538696,False
134797,,Innet Technologies Sdn Bhd,broadband,2024-Q1,2024,1,74.11676202466853,78.83115923830799,56.28011494998812,74.45581328858617,13.707285714285714,13.988,7,2,0.003503485968538696,False
24028,,REDtone,broadband,2024-Q1,2024,1,92.31575499396466,85.16380671245817,71.33841200782794,86.71037203952652,16.8525,16.6545,6,5,0.003002987973033168,False
140866,,TRUE PACKET SDN BHD,broadband,2024-Q1,2024,1,7.306885866771897,5.082252783502969,8.038695143831548,5.524963149692583,73.45433333333334,16.476,6,2,0.003002987973033168,False
9655,,"TPM Corp. Berhad,",broadband,2024-Q1,2024,1,63.155540053575855,61.07556106667868,50.14917312883377,43.69788421941452,9.006666666666666,8.624,6,4,0.003002987973033168,False
132111,,Bigband Sdn Bhd,broadband,2024-Q1,2024,1,294.0035728723296,290.32990602122334,328.10622256921977,308.7540016689975,7.975333333333334,7.926,6,2,0.003002987973033168,False
132694,,Universiti Sains Islam Malaysia,broadband,2024-Q1,2024,1,78.37345375863516,50.94495187569731,94.15198738963404,53.49051000118798,13.872199999999998,13.036,5,4,0.00250248997752764,False
55420,,APNIC ASN Block,broadband,2024-Q1,2024,1,66.66116798684547,30.120364545404314,22.901036675668614,18.801549832922227,82.53920000000001,66.685,5,3,0.00250248997752764,False
138339,,SMARTSEL SDN BHD,broadband,2024-Q1,2024,1,37.560820965426856,17.9497524006806,39.934464268232425,17.8814272474291,7.6238,6.863,5,1,0.00250248997752764,False
33619,,"Advanced Micro Devices, Inc.",broadband,2024-Q1,2024,1,4.282137133270438,7.917052136721398,4.095896675334732,3.550508522508733,321.08074999999997,291.283,4,1,0.002001991982022112,False
132825,,MYTEK TRADING PTY LTD,broadband,2024-Q1,2024,1,14.804697448157272,2.859713020406429,13.103553704276639,3.3994034171671106,219.64350000000002,225.058,4,1,0.002001991982022112,False
46015,,Exa Bytes Network Sdn.Bhd.,broadband,2024-Q1,2024,1,0.9755569084723088,14.318834548435046,1.1357297440207264,1.769637511028979,29.654999999999998,10.918,4,1,0.002001991982022112,False
3911,,"Micron Technology, Inc.",broadband,2024-Q1,2024,1,227.45875211588003,317.6604591048688,207.36028011174193,302.41807758663947,20.8985,21.807000000000002,4,1,0.002001991982022112,False
151813,,NETCOM,broadband,2024-Q1,2024,1,113.09458612176395,139.45930778043876,71.75588482945601,66.09344058422089,17.914,17.817999999999998,4,1,0.002001991982022112,False
132885,,CET DEVELOPMENT SDN BHD,broadband,2024-Q1,2024,1,70.52348790128764,27.250073274822523,25.125560296630127,24.669781264812173,11.3535,10.052,4,2,0.002001991982022112,False
45121,,Enterprise Managed Services Sdn. Bhd.,broadband,2024-Q1,2024,1,8.109500065704381,12.142024103550945,3.774793663011546,4.936422690931315,39.0255,30.6605,4,2,0.002001991982022112,False
140904,,ADECCO ASIA BUSINESS SOLUTIONS SDN BHD,broadband,2024-Q1,2024,1,35.75842666262302,,26.318178700488332,,69.98124999999999,80.506,4,2,0.002001991982022112,False
142628,,HIIFI (M) SDN BHD,broadband,2024-Q1,2024,1,183.1506092250551,58.50011719651741,192.9754129164039,59.712244681035095,18.265666666666664,9.189,3,2,0.001501493986516584,False
142111,,Zhejiang Aiyun Network Technology Co Ltd,broadband,2024-Q1,2024,1,56.807112110507006,30.370642615770006,39.79459200654705,30.370642615770006,123.72133333333333,178.529,3,2,0.001501493986516584,False
174,Cogent,"Cogent Communications, LLC",broadband,2024-Q1,2024,1,8.954457767111744,14.863381656438118,6.5785167245548735,14.863381656438118,9.288666666666666,13.361,3,1,0.001501493986516584,False
131996,,NEVIGATE GLOBAL NETWORK SDN. BHD.,broadband,2024-Q1,2024,1,25.75127982986373,20.081511936088003,23.032949294033692,20.081511936088003,66.43466666666667,62.21,3,1,0.001501493986516584,False
45810,,"University of Nottingham, Malaysia Campus",broadband,2024-Q1,2024,1,8.948945391109524,22.464239410335466,0.549421399845201,23.184598452541355,35.29666666666667,16.548,3,2,0.001501493986516584,False
4637,,Telstra Global,broadband,2024-Q1,2024,1,33.80528243001716,35.626913593143364,39.135122897315654,34.31703088671471,15.118,17.542,3,2,0.001501493986516584,False
7361,,DataZone Networks LLC,broadband,2024-Q1,2024,1,16.045227504780602,0.8859817866764311,7.366106080206986,0.8859817866764311,81.24666666666667,79.052,3,2,0.001501493986516584,False
132531,,M EAST SDN. BHD.,broadband,2024-Q1,2024,1,64.127600716534,73.47686291278629,40.08605459761782,73.47686291278629,4.164666666666666,4.179,3,1,0.001501493986516584,False
149440,,Evoxt Sdn. Bhd.,broadband,2024-Q1,2024,1,55.188334699930486,6.370030935716557,29.158438590824176,6.370030935716557,250.58966666666666,361.768,3,3,0.001501493986516584,False
134553,,i-Skill Dynamics Sdn Bhd,broadband,2024-Q1,2024,1,10.153658194958028,1.0507981697679127,10.153658194958028,1.0507981697679127,61.89149999999999,61.89149999999999,2,2,0.001000995991011056,False
135551,,Malaysian Communication and Multimedia Commission,broadband,2024-Q1,2024,1,106.93751608322981,18.97926233667787,106.93751608322981,18.97926233667787,13.9925,13.9925,2,1,0.001000995991011056,False
134066,,Lynuxtel Malaysia Sdn Bhd,broadband,2024-Q1,2024,1,828.2022106412533,803.3994361413863,828.2022106412533,803.3994361413863,12.2835,12.2835,2,1,0.001000995991011056,False
18206,,TM TECHNOLOGY SERVICES SDN. BHD.,broadband,2024-Q1,2024,1,2.633696069964746,2.68703218879099,2.633696069964746,2.68703218879099,177.6615,177.6615,2,1,0.001000995991011056,False
6453,,TATA COMMUNICATIONS (AMERICA) INC,broadband,2024-Q1,2024,1,55.81602124427846,321.9602040883538,55.81602124427846,321.9602040883538,8.370000000000001,8.370000000000001,2,1,0.001000995991011056,False
45668,,AIMS Data Centre Sdn Bhd,broadband,2024-Q1,2024,1,63.38908938718485,81.09278763179617,63.38908938718485,81.09278763179617,9.7935,9.7935,2,2,0.001000995991011056,False
152113,,N2N GLOBAL SOLUTIONS SDN BHD,broadband,2024-Q1,2024,1,537.4874892584568,202.24532881366477,537.4874892584568,202.24532881366477,7.5375,7.5375,2,1,0.001000995991011056,False
10010,,TOKAI Communications Corporation,broadband,2024-Q1,2024,1,92.33265272398884,293.64652752168945,92.33265272398884,293.64652752168945,1.014,1.014,2,2,0.001000995991011056,False
136978,,JNI SYSTEM SDN BHD,broadband,2024-Q1,2024,1,182.18490310214352,215.2977423100723,182.18490310214352,215.2977423100723,11.936499999999999,11.936499999999999,2,2,0.001000995991011056,False
38868,,Universiti Putra Malaysia AS,broadband,2024-Q1,2024,1,69.81649964811679,12.121635676056497,69.81649964811679,12.121635676056497,111.476,111.476,2,2,0.001000995991011056,False
138995,,Antbox Networks Limited,broadband,2024-Q1,2024,1,48.3565471954933,0.038630737806055984,48.3565471954933,0.038630737806055984,233.199,233.199,1,1,0.000500497995505528,False
134202,,E-WORLD COMMUNICATION SDN BHD,broadband,2024-Q1,2024,1,14.859221512250931,4.921395148347975,14.859221512250931,4.921395148347975,102.659,102.659,1,1,0.000500497995505528,False
24218,,Global Transit Communications - Malaysia,broadband,2024-Q1,2024,1,92.4523497355114,153.83029591151933,92.4523497355114,153.83029591151933,15.066,15.066,1,1,0.000500497995505528,False
38278,,Orient Telecoms Sdn. Bhd,broadband,2024-Q1,2024,1,3.2178103054570624,3.870915693424672,3.2178103054570624,3.870915693424672,46.604,46.604,1,1,0.000500497995505528,False
132116,,Anonet Network Private Limited,broadband,2024-Q1,2024,1,188.7571031148091,3.6988389359929843,188.7571031148091,3.6988389359929843,12.0,12.0,1,1,0.000500497995505528,False
135553,,VC Telecoms Sdn. Bhd.,broadband,2024-Q1,2024,1,52.94294156817463,2.5854994413108385,52.94294156817463,2.5854994413108385,16.351,16.351,1,1,0.000500497995505528,False
138504,,Universiti Pertahanan Nasional Malaysia,broadband,2024-Q1,2024,1,88.14062569683584,73.85566714442797,88.14062569683584,73.85566714442797,12.658,12.658,1,1,0.000500497995505528,False
58622,,"LCC Terminal, Jalan KLIA S3",broadband,2024-Q1,2024,1,252.1696962383188,,252.1696962383188,,6.864,6.864,1,1,0.000500497995505528,False
132033,,ECSNET,broadband,2024-Q1,2024,1,74.45780899577035,71.96443347245425,74.45780899577035,71.96443347245425,10.818,10.818,1,1,0.000500497995505528,False
58910,,ACODA Networks Sdn Bhd,broadband,2024-Q1,2024,1,1.4991984392736308,6.940370449734686,1.4991984392736308,6.940370449734686,16.429,16.429,1,1,0.000500497995505528,False
142288,,Unit Pengurusan Teknologi Maklumat (UPTM),broadband,2024-Q1,2024,1,31.854402507321346,30.561014557839414,31.854402507321346,30.561014557839414,15.118,15.118,1,1,0.000500497995505528,False
38044,,GITN-NETWORK,broadband,2024-Q1,2024,1,10.26101773312152,10.607255440380312,10.26101773312152,10.607255440380312,44.167,44.167,1,1,0.000500497995505528,False
141011,,Borneo Restu Sdn. Bhd.,broadband,2024-Q1,2024,1,523.93983739549,,523.93983739549,,34.694,34.694,1,1,0.000500497995505528,False
41095,,IPTP LTD,broadband,2024-Q1,2024,1,13.792477680901587,5.003988850696832,13.792477680901587,5.003988850696832,41.79,41.79,1,1,0.000500497995505528,False
133609,,Infinity Supercorridor Sdn Bhd,broadband,2024-Q1,2024,1,70.68322490187269,54.05043191902926,70.68322490187269,54.05043191902926,19.568,19.568,1,1,0.000500497995505528,False
4788,TM,TM TECHNOLOGY SERVICES SDN. BHD.,broadband,2024-Q2,2024,2,115.94181531461663,44.44876834625909,61.121794513397695,38.78138168352726,46.86752554144461,16.341,141122,41318,46.86788041420629,True
9930,TIME dotCom,TTNET,broadband,2024-Q2,2024,2,209.82050635783398,151.1745630915038,175.6333716385734,102.64836756914161,13.998480534928992,11.107,55492,21713,18.42939031437434,True
4818,Digi,DiGi Telecommunications Sdn. Bhd.,broadband,2024-Q2,2024,2,87.40735670734819,24.90988743552476,21.828167133829435,10.638939789116565,36.98308638601617,25.854,42481,21137,14.108320657841425,True
9534,Maxis,Binariang Berhad,broadband,2024-Q2,2024,2,141.77811413511282,44.576745405056236,87.50561426819736,38.73218138574511,21.184511054545453,13.974,27503,8866,9.133992680318558,True
10030,Celcom,Celcom Axiata Berhad,broadband,2024-Q2,2024,2,50.54830534691863,14.603294989882421,20.55275083917551,6.097695385050054,83.58474085640917,11.95,14409,8183,4.785357980246159,True
45960,Yes,YTL COMMUNICATIONS SDN BHD,broadband,2024-Q2,2024,2,85.42309557196114,43.6245739712865,15.792357438518335,5.799663301233842,122.4054285186553,64.413,8125,3262,2.698385286244711,True
14593,Starlink,Space Exploration Technologies Corporation,broadband,2024-Q2,2024,2,37.3957400994947,5.386297303590526,15.58639668581144,4.18449163986447,115.33622478024277,74.193,2391,907,0.794072519312136,True
56231,,MEASAT Broadcast Network Systems,broadband,2024-Q2,2024,2,57.86294069138936,52.35934222652284,52.23428117484988,50.78552522330029,12.79876678098971,8.147,2041,485,0.6778343839046714,True
(unknown),,,broadband,2024-Q2,2024,2,52.522382486653726,12.268110371626245,8.504523106595952,3.5794133155524106,45.56500861195542,26.0,1978,1159,0.6569115195313279,True
4983,,Intel Corporation,broadband,2024-Q2,2024,2,39.176591575481666,32.64158269956534,18.824030826007004,11.19653129712368,19.950116845180137,11.465,1027,9,0.3410759001813315,True
38322,,TM TECHNOLOGY SERVICES SDN. BHD.,broadband,2024-Q2,2024,2,35.20474830718132,7.553563793186007,8.598528074902806,3.043938174734127,35.96682533825338,20.014,813,520,0.27000458310362463,True
45410,,ALLO TECHNOLOGY SDN. BHD.,broadband,2024-Q2,2024,2,121.11680099671415,85.20396250342114,45.48372248510337,48.23359623074843,99.65320689655172,40.892,667,139,0.2215166751907966,True
22332,,Western Digital Corporation,broadband,2024-Q2,2024,2,78.83681396091944,77.69113847995081,27.8501705611514,12.808747003192428,139.35452583586624,77.58949999999999,658,16,0.21852769456603321,True
3614,,"Dell, Inc.",broadband,2024-Q2,2024,2,93.23313665527282,44.43623327594263,65.77141446951343,43.429704229105425,87.68427431421446,48.905,401,12,0.13317569228112358,True
134809,,ViewQwest Sdn. Bhd.,broadband,2024-Q2,2024,2,81.38445496153321,59.62327135419558,21.1223444688082,21.381949391313988,85.03165463917526,15.451,194,37,0.06442913791156603,True
24020,,"University ITM, Shah Alam, Selangor Malaysia",broadband,2024-Q2,2024,2,30.86650937640877,34.038519578179155,19.48173525170774,22.037163098978898,20.54864084507042,7.523,142,46,0.047159472079599876,True
38891,,Measat Satellite Systems Sdn. Bhd.,broadband,2024-Q2,2024,2,18.864860055437426,2.394046325857656,15.199463532379767,1.6522853684100718,53.159048,10.127,125,23,0.04151361978838017,True
135277,,Freshtel Group SDN BHD,broadband,2024-Q2,2024,2,53.755229472004885,27.72549319656721,58.36819101355782,31.319212901667107,120.39999180327868,184.49599999999998,122,15,0.04051729291345905,True
133421,,INNET SOLUTIONS SDN BHD,broadband,2024-Q2,2024,2,27.861650149321,31.11101404986194,5.8340280338704185,7.584389600800296,40.07496842105263,15.08,95,27,0.03155035103916893,False
134232,,SACOFA Sdn. Bhd.,broadband,2024-Q2,2024,2,25.963013068386537,4.100958183899413,3.7673944142890914,1.3711240402147724,70.15205494505493,59.978,91,21,0.030221915205940766,False
139776,,Petroliam Nasional Berhad,broadband,2024-Q2,2024,2,169.2711456489903,76.3686302200291,90.37051750243819,33.453833331979645,35.354166666666664,27.841,90,7,0.029889806247633724,False
149440,,Evoxt Sdn. Bhd.,broadband,2024-Q2,2024,2,62.78834181195839,12.889609490992292,15.156722516959334,0.8653421735840898,42.394625,7.9055,88,7,0.029225588331019643,False
23678,,Enterprise Managed Services Sdn. Bhd.,broadband,2024-Q2,2024,2,43.972973844833,31.239954331204146,25.26097981673832,19.58366492467579,20.817906976744187,13.059000000000001,86,21,0.028561370414405558,False
132625,,SDEC,broadband,2024-Q2,2024,2,16.98828896573728,4.660913690505899,7.623144137515533,3.4601115387730736,246.28949397590364,213.767,84,35,0.027897152497791476,False
154177,,LIGHT NODE LIMITED,broadband,2024-Q2,2024,2,43.8576333112282,10.762267695038329,37.25733961105474,9.498962398264487,55.53805454545454,1.173,55,5,0.018265992706887276,False
56229,,LightsUp Network Solution Sdn. Bhd.,broadband,2024-Q2,2024,2,40.90565230044478,29.852666862373802,26.715672793411677,12.666582611920033,68.65733999999999,82.9425,50,11,0.016605447915352067,False
24514,,MINISTRY OF HIGHER EDUCATION MALAYSIA,broadband,2024-Q2,2024,2,43.6475467351938,41.72999892841205,37.22169247472276,41.459243069926174,132.11702272727274,187.6005,44,18,0.014612794165509821,False
134152,,XMT Technologies Sdn Bhd,broadband,2024-Q2,2024,2,221.56375008132923,141.68966779412617,82.25986819934774,67.45351137532145,61.156951219512194,9.549,41,9,0.013616467290588696,False
137510,,JENEXUS HOLDING SDN BHD,broadband,2024-Q2,2024,2,97.07565066798689,54.60115037846862,88.49682629047886,52.17543299593103,13.397027027027027,12.647,37,5,0.012288031457360531,False
132494,,Universiti Tun Hussein Onn Malaysia,broadband,2024-Q2,2024,2,36.88383372864548,65.99785754071641,2.944202941185657,60.480539614219275,25.802555555555557,28.264499999999998,36,3,0.01195592249905349,False
56286,,IX Telecom,broadband,2024-Q2,2024,2,27.72526203490943,28.944862016412756,13.875566183001101,16.894502619813174,64.06903846153845,18.277,26,3,0.008634832915983076,False
132694,,Universiti Sains Islam Malaysia,broadband,2024-Q2,2024,2,60.54429196756485,60.061421816475026,18.809632147305706,18.232999716506576,13.724807692307694,11.7545,26,6,0.008634832915983076,False
142628,,HIIFI (M) SDN BHD,broadband,2024-Q2,2024,2,72.03731215378836,54.29426093746363,55.63487888806751,48.53464315413335,79.62365384615386,45.6085,26,7,0.008634832915983076,False
132372,,GB Network Solutions Sdn. Bhd.,broadband,2024-Q2,2024,2,135.53371240798123,25.027677412086287,39.7154053924132,12.854811963567393,42.77354166666667,8.668,24,7,0.007970614999368993,False
142111,,Zhejiang Aiyun Network Technology Co Ltd,broadband,2024-Q2,2024,2,67.1535131635552,39.370894558815664,44.358008189216946,41.44936054846862,114.10112500000001,184.44650000000001,24,3,0.007970614999368993,False
38868,,Universiti Putra Malaysia AS,broadband,2024-Q2,2024,2,31.264818561054753,11.736642182278503,12.189011815051746,4.07984167471624,117.18904347826087,189.496,23,12,0.007638506041061951,False
135496,,UNIVERSITI KEBANGSAAN MALAYSIA,broadband,2024-Q2,2024,2,135.22023808342675,128.79727055278136,85.477769327139,51.40620941152213,10.335869565217392,9.641,23,6,0.007638506041061951,False
38466,U Mobile,U Mobile Sdn Bhd,broadband,2024-Q2,2024,2,83.27261078642316,73.34875868497359,93.19089750746038,87.91817818093492,9.890809523809526,9.573,21,11,0.006974288124447869,False
142631,,Metro Lightspeed,broadband,2024-Q2,2024,2,88.45530457089633,83.75351673224387,64.2392912952875,12.797925295352814,181.14228571428572,211.448,21,7,0.006974288124447869,False
17564,,GITN (M) Sdn. Bhd.,broadband,2024-Q2,2024,2,81.10624177071398,86.82302441437471,14.387335172676243,11.113051315008862,88.83971428571428,13.087,21,12,0.006974288124447869,False
38280,,Monash University Sunway Campus Malaysia,broadband,2024-Q2,2024,2,21.94137017123425,25.061404584112285,17.603966739224347,20.56538896595198,14.9111,10.8675,20,9,0.0066421791661408274,False
133014,,Universiti Teknologi Malaysia,broadband,2024-Q2,2024,2,180.02899222189217,72.62151756801327,167.95264101277598,65.90219192580595,12.719888888888887,12.329999999999998,18,11,0.005977961249526745,False
9655,,"TPM Corp. Berhad,",broadband,2024-Q2,2024,2,60.47632904771232,64.95892244398006,44.48822761203567,57.04074504042056,13.065888888888887,7.9435,18,7,0.005977961249526745,False
132890,,IP Core Sdn Bhd,broadband,2024-Q2,2024,2,158.77408144859993,195.4502421481504,91.21980154686571,114.135912411708,19.502882352941175,16.66,17,6,0.0056458522912197035,False
33619,,"Advanced Micro Devices, Inc.",broadband,2024-Q2,2024,2,18.87537884728984,8.441542099175539,4.750655539470895,0.25963831375206087,244.82675,269.2065,16,1,0.005313743332912662,False
150734,,Myklnet Sdn Bhd,broadband,2024-Q2,2024,2,72.28269361696218,16.11268675527852,41.529890294867485,12.107011970003118,184.3088125,195.5,16,4,0.005313743332912662,False
132196,,DANAWA RESOURCES SDN BHD,broadband,2024-Q2,2024,2,30.67451371846033,10.038232461973617,12.473533950413048,2.035390773244429,47.57953333333333,42.255,15,10,0.00498163437460562,False
131996,,NEVIGATE GLOBAL NETWORK SDN. BHD.,broadband,2024-Q2,2024,2,23.496005775791595,20.132969471579003,21.368216924273256,21.164936296436736,82.95857142857143,45.009,14,1,0.00464952541629858,False
132688,,University of Malaya,broadband,2024-Q2,2024,2,157.97745040831458,115.13771130574352,105.98171747717316,75.18171939940451,114.53157142857143,25.753999999999998,14,1,0.00464952541629858,False
138339,,SMARTSEL SDN BHD,broadband,2024-Q2,2024,2,29.73076642162998,25.333886338077786,26.629692799149183,17.28933723323913,13.989230769230769,13.479,13,3,0.004317416457991538,False
136533,,MyISP Dot Com Sdn Bhd,broadband,2024-Q2,2024,2,7.613221946896599,8.905877473981937,4.526154238665015,7.474058261899184,296.9676666666667,372.096,12,1,0.0039853074996844965,False
55482,,DIGITAL WAVE,broadband,2024-Q2,2024,2,58.50017506642657,44.74903497785707,59.93256873462686,57.865632563008546,11.653636363636364,9.654,11,4,0.0036531985413774553,False
132825,,MYTEK TRADING PTY LTD,broadband,2024-Q2,2024,2,30.39532158411906,14.978039233684468,26.761114044638106,10.963921499259005,155.88063636363634,123.074,11,5,0.0036531985413774553,False
24090,,Universiti Sains Malaysia (USM),broadband,2024-Q2,2024,2,52.440279429273275,64.95110772138959,43.62919815842078,60.93792550900823,107.6192,131.752,10,6,0.0033210895830704137,False
132033,,ECSNET,broadband,2024-Q2,2024,2,99.41148632560665,23.202707571922954,100.24444541546107,22.150477067042186,13.286777777777779,11.655,9,1,0.0029889806247633726,False
45121,,Enterprise Managed Services Sdn. Bhd.,broadband,2024-Q2,2024,2,13.716602581661828,19.61839557857037,5.711370849006667,2.7893118767292897,34.0355,32.655,8,3,0.002656871666456331,False
24028,,REDtone,broadband,2024-Q2,2024,2,43.31181235922564,51.36593822686091,51.821614133449884,60.97829190348846,15.32457142857143,16.619,7,4,0.00232476270814929,False
24068,,Broadband Service Provider,broadband,2024-Q2,2024,2,45.8352147340032,77.50072243986104,44.479205821910774,52.669188124760375,135.68985714285714,23.982,7,4,0.00232476270814929,False
38182,,Extreme Broadband - Total Broadband Experience,broadband,2024-Q2,2024,2,54.62265170169089,34.284540186864234,64.70916852507423,14.249699047120037,39.86971428571429,11.592,7,5,0.00232476270814929,False
132354,,CELCOM TIMUR (SABAH) SDN BHD,broadband,2024-Q2,2024,2,14.358056512068044,12.838752653745233,6.195649320845021,6.583578702321793,102.7327142857143,95.879,7,4,0.00232476270814929,False
134107,,University Malaysia Pahang,broadband,2024-Q2,2024,2,85.82603900363304,66.24876561069483,69.0878235034318,62.87857556863938,50.66014285714285,23.405,7,4,0.00232476270814929,False
5580,,GTT Communications Netherlands B.V.,broadband,2024-Q2,2024,2,50.01904546120759,20.880207376145613,59.64414170006589,15.644565581729994,133.96599999999998,67.72,6,2,0.0019926537498422482,False
139899,,Reach Ten Communication Sdn Bhd,broadband,2024-Q2,2024,2,424.90850135435767,668.1033051158553,420.70827492868807,782.9108335219237,26.496333333333336,25.413,6,1,0.0019926537498422482,False
140866,,TRUE PACKET SDN BHD,broadband,2024-Q2,2024,2,3.896327465370763,3.709366814976837,2.3329409147380487,3.377468671708341,283.733,365.0285,6,1,0.0019926537498422482,False
140904,,ADECCO ASIA BUSINESS SOLUTIONS SDN BHD,broadband,2024-Q2,2024,2,47.45079172750915,85.57181449932571,27.091878703806938,85.57181449932571,88.33959999999999,54.909,5,2,0.0016605447915352069,False
139815,,Taylor's University Sdn Bhd,broadband,2024-Q2,2024,2,13.151060366233452,54.551030700874776,14.906925861338033,48.08529823074621,9.8578,9.0,5,1,0.0016605447915352069,False
138996,,Uni Comms International Sdn Bhd,broadband,2024-Q2,2024,2,16.496882611513236,46.00868046192865,1.3801448484186774,22.02323017709253,158.6008,214.16,5,2,0.0016605447915352069,False
401783,,TOKALA COMMUNICATIONS INC.,broadband,2024-Q2,2024,2,21.30411017238192,14.077248217485334,23.482543919608766,20.158428157766597,8.165600000000001,7.97,5,2,0.0016605447915352069,False
45810,,"University of Nottingham, Malaysia Campus",broadband,2024-Q2,2024,2,156.32864173750738,76.15818512979308,120.85641949644219,59.52729149585247,10.1615,9.723500000000001,4,4,0.0013284358332281655,False
10204,,Arcnet NTT MSC ISP,broadband,2024-Q2,2024,2,12.617279738438295,5.662479014939332,13.490219812945018,5.662479014939332,7.457999999999999,6.293,4,2,0.0013284358332281655,False
131330,,irix,broadband,2024-Q2,2024,2,20.262160307054152,30.941958121683786,13.860963714129932,7.430450677801722,305.29425000000003,393.587,4,2,0.0013284358332281655,False
56111,,Agarto Sdn Bhd,broadband,2024-Q2,2024,2,12.629535243646279,0.6223114162850695,11.73557860796667,0.07537667488139148,237.99075,197.86599999999999,4,3,0.0013284358332281655,False
140625,,Excel Commerce Solutions Sdn. Bhd.,broadband,2024-Q2,2024,2,18.396444868850494,24.789368880237852,5.539307515782378,4.946378366821746,9.16775,9.027000000000001,4,2,0.0013284358332281655,False
7361,,DataZone Networks LLC,broadband,2024-Q2,2024,2,30.111551457841358,5.807761933902282,31.728153422977208,0.26780706032313895,61.213499999999996,66.305,4,3,0.0013284358332281655,False
18206,,TM TECHNOLOGY SERVICES SDN. BHD.,broadband,2024-Q2,2024,2,41.10700435233397,48.37504271472339,53.21923295489487,48.37504271472339,8.586999999999998,7.754,3,1,0.0009963268749211241,False
150712,,Weber Meyer Sdn Bhd,broadband,2024-Q2,2024,2,80.34737323296007,76.05481150094445,68.26180361029256,33.91275899476568,47.272,26.794,3,2,0.0009963268749211241,False
58910,,ACODA Networks Sdn Bhd,broadband,2024-Q2,2024,2,14.38728164175823,5.984311815587961,17.584657315834175,6.7387501764988,16.590666666666667,15.912,3,1,0.0009963268749211241,False
140970,,NASSION SYSTEMS (M) SDN BHD,broadband,2024-Q2,2024,2,37.23325731034404,29.250602784760787,37.13322244920591,33.704805103713554,19.788,19.797,3,1,0.0009963268749211241,False
133936,,X86 Network Sdn Bhd,broadband,2024-Q2,2024,2,47.7888451915141,34.13390356723183,65.27833627038824,34.13390356723183,10.423666666666668,9.151,3,1,0.0009963268749211241,False
138504,,Universiti Pertahanan Nasional Malaysia,broadband,2024-Q2,2024,2,118.9557768841537,165.93468015274254,101.25049070997613,203.4562285883343,9.935,9.933,3,1,0.0009963268749211241,False
24314,,University Pendidikan Sultan Idris,broadband,2024-Q2,2024,2,416.5713470901472,522.8810224009342,416.5713470901472,522.8810224009342,12.6325,12.6325,2,2,0.0006642179166140827,False
17666,,HITACHISUNWAY,broadband,2024-Q2,2024,2,25.88864232571439,40.314176501030666,25.88864232571439,40.314176501030666,10.472000000000001,10.472000000000001,2,1,0.0006642179166140827,False
134553,,i-Skill Dynamics Sdn Bhd,broadband,2024-Q2,2024,2,25.730633429649973,0.07632347746059433,25.730633429649973,0.07632347746059433,75.709,75.709,2,2,0.0006642179166140827,False
135551,,Malaysian Communication and Multimedia Commission,broadband,2024-Q2,2024,2,97.88084732650027,138.70752035877132,97.88084732650027,138.70752035877132,8.0455,8.0455,2,1,0.0006642179166140827,False
714,,Apple Inc.,broadband,2024-Q2,2024,2,76.66797876088043,53.85850678213167,76.66797876088043,53.85850678213167,10.7805,10.7805,2,2,0.0006642179166140827,False
134066,,Lynuxtel Malaysia Sdn Bhd,broadband,2024-Q2,2024,2,48.439355055940055,30.017573712504287,48.439355055940055,30.017573712504287,79.2555,79.2555,2,2,0.0006642179166140827,False
11427,,Charter Communications Inc,broadband,2024-Q2,2024,2,18.032526751148236,11.714291554631409,18.032526751148236,11.714291554631409,6.326499999999999,6.326499999999999,2,1,0.0006642179166140827,False
58622,,"LCC Terminal, Jalan KLIA S3",broadband,2024-Q2,2024,2,24.96013201977384,47.6740961382681,24.96013201977384,47.6740961382681,9.4445,9.4445,2,1,0.0006642179166140827,False
55520,,Genting Malaysia Berhad,broadband,2024-Q2,2024,2,75.68383408730577,136.41253764125378,75.68383408730577,136.41253764125378,10.5525,10.5525,2,1,0.0006642179166140827,False
3911,,"Micron Technology, Inc.",broadband,2024-Q2,2024,2,274.2712886154923,150.92097831291264,274.2712886154923,150.92097831291264,21.575000000000003,21.575000000000003,2,1,0.0006642179166140827,False
134797,,Innet Technologies Sdn Bhd,broadband,2024-Q2,2024,2,151.4462313687902,97.76167354015777,151.4462313687902,97.76167354015777,12.747,12.747,2,2,0.0006642179166140827,False
45331,,I CITY,broadband,2024-Q2,2024,2,9.671237896021728,7.607671723018176,9.671237896021728,7.607671723018176,18.237000000000002,18.237000000000002,2,1,0.0006642179166140827,False
4637,,Telstra Global,broadband,2024-Q2,2024,2,122.19858667527464,66.07769330179627,122.19858667527464,66.07769330179627,10.937999999999999,10.937999999999999,2,1,0.0006642179166140827,False
136258,,"BrainStorm Network, Inc",broadband,2024-Q2,2024,2,32.74747332971357,,32.74747332971357,,339.91949999999997,339.91949999999997,2,1,0.0006642179166140827,False
55547,,WOODSNET,broadband,2024-Q2,2024,2,18.562308341301073,8.676609107221154,18.562308341301073,8.676609107221154,8.68,8.68,1,1,0.00033210895830704137,False
138199,,Transatel,broadband,2024-Q2,2024,2,79.72178891637896,50.62696019996962,79.72178891637896,50.62696019996962,208.554,208.554,1,1,0.00033210895830704137,False
133609,,Infinity Supercorridor Sdn Bhd,broadband,2024-Q2,2024,2,169.40542582705356,283.08312896832064,169.40542582705356,283.08312896832064,7.055,7.055,1,1,0.00033210895830704137,False
38278,,Orient Telecoms Sdn. Bhd,broadband,2024-Q2,2024,2,1.6698293007156886,,1.6698293007156886,,182.485,182.485,1,1,0.00033210895830704137,False
38044,,GITN-NETWORK,broadband,2024-Q2,2024,2,9.19635111493988,9.510095739425564,9.19635111493988,9.510095739425564,18.06,18.06,1,1,0.00033210895830704137,False
133408,,UNIVERSITI TENAGA NASIONAL SDN BHD,broadband,2024-Q2,2024,2,7.139075340786919,25.452264497300458,7.139075340786919,25.452264497300458,11.373,11.373,1,1,0.00033210895830704137,False
55710,,"201-A, JALAN TUN RAZAK",broadband,2024-Q2,2024,2,4.6472341421842955,4.68199921901601,4.6472341421842955,4.68199921901601,8.896,8.896,1,1,0.00033210895830704137,False
141011,,Borneo Restu Sdn. Bhd.,broadband,2024-Q2,2024,2,274.58798397810415,284.59406440387295,274.58798397810415,284.59406440387295,24.408,24.408,1,1,0.00033210895830704137,False
137240,,Proxus Communications Sdn Bhd,broadband,2024-Q2,2024,2,42.092389050228114,46.59360834154578,42.092389050228114,46.59360834154578,12.506,12.506,1,1,0.00033210895830704137,False
137839,,IMU Education Sdn. Bhd.,broadband,2024-Q2,2024,2,328.8385441244514,42.0147737010162,328.8385441244514,42.0147737010162,11.41,11.41,1,1,0.00033210895830704137,False
132170,,Exitra Sdn. Bhd.,broadband,2024-Q2,2024,2,34.7861896494626,37.27073872926127,34.7861896494626,37.27073872926127,8.175,8.175,1,1,0.00033210895830704137,False
58810,,IZUSCOLTD,broadband,2024-Q2,2024,2,37.79035152853755,12.984937992910961,37.79035152853755,12.984937992910961,155.323,155.323,1,1,0.00033210895830704137,False
136751,,Teleperformance Malaysia Sdn Bhd,broadband,2024-Q2,2024,2,97.3955251482803,9.801893261325283,97.3955251482803,9.801893261325283,59.399,59.399,1,1,0.00033210895830704137,False
45668,,AIMS Data Centre Sdn Bhd,broadband,2024-Q2,2024,2,207.26104777166682,120.05210183019568,207.26104777166682,120.05210183019568,8.765,8.765,1,1,0.00033210895830704137,False
26383,,Baxet Group Inc.,broadband,2024-Q2,2024,2,3.7442282628460326,,3.7442282628460326,,8.233,8.233,1,1,0.00033210895830704137,False
134088,,NGN Connection Sdn. Bhd.,broadband,2024-Q2,2024,2,3.4110056984871444,0.5709900699269177,3.4110056984871444,0.5779772374382479,47.0,47.0,1,1,0.00033210895830704137,False
132885,,CET DEVELOPMENT SDN BHD,broadband,2024-Q2,2024,2,210.7861898548974,94.79110943879627,210.7861898548974,94.79110943879627,10.405,10.405,1,1,0.00033210895830704137,False
136749,,KS IT SOLUTIONS SDN BHD,broadband,2024-Q2,2024,2,31.837597535039013,3.892241312936278,31.837597535039013,3.892241312936278,122.988,122.988,1,1,0.00033210895830704137,False
4788,TM,TM TECHNOLOGY SERVICES SDN. BHD.,broadband,2024-Q3,2024,3,102.08048543821239,41.6970528312164,64.61576916576237,35.333879774918685,61.387654399464765,33.63,122554,24360,53.73761290888363,True
4818,Digi,DiGi Telecommunications Sdn. Bhd.,broadband,2024-Q3,2024,3,68.21757207975595,22.913236674163482,16.947996557915594,8.92311999050892,43.245505647013786,30.999000000000002,31402,17172,13.769183548189073,True
9930,TIME dotCom,TTNET,broadband,2024-Q3,2024,3,227.0252471369186,165.29175804039997,185.4929735042159,113.3927527820824,14.153293265556997,11.0,30103,12960,13.199596597386652,True
9534,Maxis,Binariang Berhad,broadband,2024-Q3,2024,3,153.49183600547784,46.51034705547921,87.13365321130131,37.09163751547225,20.41194926568758,13.692,15730,5941,6.897307726037008,True
10030,Celcom,Celcom Axiata Berhad,broadband,2024-Q3,2024,3,47.73793604436521,14.97063608501247,21.454234459534277,6.694541782587772,45.41899169190157,39.02,12879,5781,5.647198105761642,True
45960,Yes,YTL COMMUNICATIONS SDN BHD,broadband,2024-Q3,2024,3,61.251649235593064,16.827284405336183,11.767380222143883,4.540026706670008,104.44640353342702,62.068,4989,2236,2.1875822152065245,True
14593,Starlink,Space Exploration Technologies Corporation,broadband,2024-Q3,2024,3,36.31325164192409,6.026771808405216,16.806687632933574,4.9875960841022495,102.05607787087234,63.186499999999995,4062,1062,1.7811102341489082,True
56231,,MEASAT Broadcast Network Systems,broadband,2024-Q3,2024,3,61.132233534426824,50.496026957066675,51.56354032825391,44.41336276989543,10.847585953177258,8.121,1495,365,0.6555292466894677,True
(unknown),,,broadband,2024-Q3,2024,3,69.92067468884136,14.928005889027974,8.625540649659673,3.796151449433377,34.29662876254181,25.0,1196,607,0.5244233973515742,True
38322,,TM TECHNOLOGY SERVICES SDN. BHD.,broadband,2024-Q3,2024,3,46.31559400887563,6.759026747911886,8.721428578984153,3.4991794989878446,39.141120895522384,28.832500000000003,670,444,0.293782337981233,True
4983,,Intel Corporation,broadband,2024-Q3,2024,3,79.37825419262747,26.958187997966366,51.55193702708237,4.688683810581661,14.115682027649768,11.67,651,6,0.285451197053407,True
150734,,Myklnet Sdn Bhd,broadband,2024-Q3,2024,3,22.860973814649594,4.541425749653305,13.952382456807344,0.7968127936244672,173.61658610271905,76.0,331,11,0.1451372445847584,True
19773,,"Motorola, Inc.",broadband,2024-Q3,2024,3,52.90412036043114,52.63878897300305,50.371117678394924,32.505778537767625,95.11062987012987,77.6865,308,12,0.13505217925107427,True
45410,,ALLO TECHNOLOGY SDN. BHD.,broadband,2024-Q3,2024,3,126.55284688535426,86.33380112441485,93.06826194726594,55.79966568417103,38.896546218487394,43.2085,238,123,0.1043585021485574,True
3614,,"Dell, Inc.",broadband,2024-Q3,2024,3,108.75098059390052,52.59529463480619,77.41857876355962,45.85000802980568,105.52451428571429,67.009,140,7,0.061387354205033766,True
142628,,HIIFI (M) SDN BHD,broadband,2024-Q3,2024,3,155.8762383689932,85.46974990488634,172.6320981706582,90.67903878363072,29.78725531914894,38.185500000000005,94,7,0.04121722353766553,False
149440,,Evoxt Sdn. Bhd.,broadband,2024-Q3,2024,3,186.3607232825628,168.05514077373442,79.48218195051533,29.26698117603625,26.609012195121956,7.436999999999999,82,27,0.0359554503200912,False
133421,,INNET SOLUTIONS SDN BHD,broadband,2024-Q3,2024,3,62.397479436023524,58.33311377921127,16.689403945528923,14.222844798319045,16.72553947368421,12.9785,76,33,0.033324563711304045,False
38891,,Measat Satellite Systems Sdn. Bhd.,broadband,2024-Q3,2024,3,23.017008082465846,4.495893620021687,17.69324031056497,4.391736488754717,56.92288888888888,30.978,72,25,0.03157063930544594,False
24020,,"University ITM, Shah Alam, Selangor Malaysia",broadband,2024-Q3,2024,3,45.93015433557787,46.375877111047735,18.52194992749699,17.28537891700329,16.002414285714284,8.5515,70,30,0.030693677102516883,False
23678,,Enterprise Managed Services Sdn. Bhd.,broadband,2024-Q3,2024,3,28.792582433222723,28.445775019229416,12.932133591093484,7.26326462450705,62.87228571428572,15.517,63,17,0.027624309392265192,False
134809,,ViewQwest Sdn. Bhd.,broadband,2024-Q3,2024,3,33.883121942504175,37.849914816165985,27.78818891145977,23.760412536770968,148.924,190.1105,54,26,0.02367797947908445,False
132625,,SDEC,broadband,2024-Q3,2024,3,29.14516485446047,5.626085837911274,25.248211631059178,3.9175733538414343,60.53024528301887,54.231,53,32,0.023239498377619926,False
134232,,SACOFA Sdn. Bhd.,broadband,2024-Q3,2024,3,20.466482312407024,15.153280965345587,12.246642490108794,3.5526510361533203,67.63116666666666,49.5965,43,15,0.018854687362974656,False
56286,,IX Telecom,broadband,2024-Q3,2024,3,137.70760959197747,101.77374041301628,154.28957756809484,104.53767035790672,36.68933333333333,17.73,42,3,0.01841620626151013,False
139776,,Petroliam Nasional Berhad,broadband,2024-Q3,2024,3,115.38734532165978,77.05275421056764,74.0967403032597,69.08585519210924,28.422729729729724,21.015,37,6,0.016223800754187494,False
134152,,XMT Technologies Sdn Bhd,broadband,2024-Q3,2024,3,198.2920112431207,153.6635589735649,198.19871012593694,67.62685894330781,22.626888888888892,9.7165,36,6,0.01578531965272297,False
132111,,Bigband Sdn Bhd,broadband,2024-Q3,2024,3,116.63953042497536,49.89772115737184,91.011142337125,22.554650999362444,184.20205555555557,197.63400000000001,36,1,0.01578531965272297,False
38278,,Orient Telecoms Sdn. Bhd,broadband,2024-Q3,2024,3,25.61379861749381,30.58130410113169,8.959185047330662,11.660978306715457,133.31648484848483,158.0,33,6,0.014469876348329387,False
132890,,IP Core Sdn Bhd,broadband,2024-Q3,2024,3,204.031906257033,201.08189822686435,30.759148829476203,42.85599653232632,13.132933333333334,10.64,30,9,0.013154433043935806,False
55482,,DIGITAL WAVE,broadband,2024-Q3,2024,3,82.45832896486867,61.76553084633871,88.10380152642598,77.02502685488709,12.954296296296299,10.0,27,6,0.011838989739542225,False
132688,,University of Malaya,broadband,2024-Q3,2024,3,220.36889608096646,170.7718622516682,285.94703324427405,211.12432682051084,141.60534615384617,31.941499999999998,26,4,0.011400508638077698,False
38280,,Monash University Sunway Campus Malaysia,broadband,2024-Q3,2024,3,18.573680060269353,19.391562890915253,19.727730158441197,20.23110848201715,9.514652173913044,9.0,23,9,0.010085065333684117,False
24514,,MINISTRY OF HIGHER EDUCATION MALAYSIA,broadband,2024-Q3,2024,3,35.686260463470944,46.82057027466769,15.85166960822299,19.961159263798628,137.72750000000002,195.75650000000002,22,17,0.00964658423221959,False
138996,,Uni Comms International Sdn Bhd,broadband,2024-Q3,2024,3,209.0145122442965,180.2139421646212,240.62833064124447,156.57633336946665,23.81142105263158,19.859,19,2,0.008331140927826011,False
19637,,Avago Technologies U.S. Inc.,broadband,2024-Q3,2024,3,121.58521556593809,48.476809454492,133.03429232842262,47.068530339313234,17.50105882352941,16.824,17,1,0.007454178724896957,False
22332,,Western Digital Corporation,broadband,2024-Q3,2024,3,33.81656078021706,14.381847624118404,22.324720424876965,0.08289218855466193,115.17875000000001,84.235,16,6,0.00701569762343243,False
135277,,Freshtel Group SDN BHD,broadband,2024-Q3,2024,3,64.41178742836308,23.259791030160898,30.311273725793512,9.859245577831928,124.093625,158.02050000000003,16,9,0.00701569762343243,False
132196,,DANAWA RESOURCES SDN BHD,broadband,2024-Q3,2024,3,11.69591165217016,1.9036304589683701,7.251234265426671,1.423838824555388,57.946600000000004,51.554,15,9,0.006577216521967903,False
17666,,HITACHISUNWAY,broadband,2024-Q3,2024,3,22.508854731292313,102.29460153344566,22.547794838349986,94.1712252302187,7.204428571428571,6.9565,14,1,0.006138735420503376,False
135496,,UNIVERSITI KEBANGSAAN MALAYSIA,broadband,2024-Q3,2024,3,33.973107438048764,14.37437214989921,3.876129750654544,6.386439943023805,17.573615384615383,10.736,13,6,0.005700254319038849,False
132354,,CELCOM TIMUR (SABAH) SDN BHD,broadband,2024-Q3,2024,3,32.90023164236705,7.396265865561284,12.438289687551915,5.713615245534215,89.31453846153846,91.017,13,5,0.005700254319038849,False
24090,,Universiti Sains Malaysia (USM),broadband,2024-Q3,2024,3,76.69444598739916,95.71134820999049,52.69988977406734,65.57348875041474,148.34018181818183,197.286,11,4,0.004823292116109795,False
134553,,i-Skill Dynamics Sdn Bhd,broadband,2024-Q3,2024,3,15.698233131938167,11.375541350183587,13.898109764323355,7.8168865405472125,78.10154545454544,80.649,11,4,0.004823292116109795,False
133014,,Universiti Teknologi Malaysia,broadband,2024-Q3,2024,3,179.86866781469,313.97678217799626,134.68096137375107,146.88310835929906,12.871727272727272,12.467,11,7,0.004823292116109795,False
137510,,JENEXUS HOLDING SDN BHD,broadband,2024-Q3,2024,3,86.66815186163083,40.77537927413617,86.19074774277567,33.82009898137049,12.411545454545454,12.691,11,4,0.004823292116109795,False
132825,,MYTEK TRADING PTY LTD,broadband,2024-Q3,2024,3,31.954665381858824,19.751335500157726,12.544904827925436,13.624547258257962,263.59229999999997,289.578,10,4,0.004384811014645269,False
134797,,Innet Technologies Sdn Bhd,broadband,2024-Q3,2024,3,35.99074621109992,34.11987926918686,41.89177444661266,38.7946497227488,14.1163,12.676,10,1,0.004384811014645269,False
140625,,Excel Commerce Solutions Sdn. Bhd.,broadband,2024-Q3,2024,3,138.88519519192027,76.41086445453894,137.81906170697633,54.2720497735357,21.7315,19.0,10,3,0.004384811014645269,False
24028,,REDtone,broadband,2024-Q3,2024,3,79.80911168397682,43.55976290671537,74.62818163673373,54.57302202363173,27.681777777777782,11.703,9,4,0.003946329913180742,False
154177,,LIGHT NODE LIMITED,broadband,2024-Q3,2024,3,25.445434049704968,9.106568259525377,26.54021744912648,11.818617872943635,101.88388888888888,97.227,9,6,0.003946329913180742,False
38182,,Extreme Broadband - Total Broadband Experience,broadband,2024-Q3,2024,3,253.7013516254907,74.47684833319863,302.16743786335934,86.70345018206459,22.810333333333332,23.0,9,4,0.003946329913180742,False
134554,,Starnet Communications Sdn Bhd,broadband,2024-Q3,2024,3,16.664444553038333,32.624239674696824,16.773267270196353,32.29088520750201,20.625500000000002,16.433,8,1,0.003507848811716215,False
56229,,LightsUp Network Solution Sdn. Bhd.,broadband,2024-Q3,2024,3,32.39256304051836,9.84239299002696,23.502532217715466,9.04124652978956,68.157875,70.857,8,3,0.003507848811716215,False
2914,,"NTT America, Inc.",broadband,2024-Q3,2024,3,255.68006997199564,327.831227963791,268.5791626299791,327.831227963791,52.961124999999996,28.351,8,2,0.003507848811716215,False
17564,,GITN (M) Sdn. Bhd.,broadband,2024-Q3,2024,3,47.9661019934958,38.60941130404086,56.055965459557015,46.542343133577134,20.22925,16.3215,8,6,0.003507848811716215,False
131996,,NEVIGATE GLOBAL NETWORK SDN. BHD.,broadband,2024-Q3,2024,3,12.619579824210065,8.197432502527391,13.779278171592932,0.08984933079296356,28.418428571428567,10.675,7,1,0.003069367710251688,False
132694,,Universiti Sains Islam Malaysia,broadband,2024-Q3,2024,3,32.90097247088855,30.793290031474054,8.671830844064871,13.080914798930758,9.4315,9.3645,6,4,0.002630886608787161,False
38466,U Mobile,U Mobile Sdn Bhd,broadband,2024-Q3,2024,3,168.53202917102203,61.52374638557847,105.6114225497197,81.28009753514169,18.2154,9.713,5,5,0.0021924055073226346,False
41095,,IPTP LTD,broadband,2024-Q3,2024,3,6.485150060769991,4.072366844754546,3.185859065753792,1.4193262226414447,315.5308,316.411,5,1,0.0021924055073226346,False
45810,,"University of Nottingham, Malaysia Campus",broadband,2024-Q3,2024,3,31.69123307563933,44.884417001730924,21.944155650107366,24.241409378868262,16.129399999999997,10.754,5,4,0.0021924055073226346,False
142111,,Zhejiang Aiyun Network Technology Co Ltd,broadband,2024-Q3,2024,3,49.518598063858555,32.16988230894265,39.98337210166209,32.16988230894265,109.6836,157.418,5,3,0.0021924055073226346,False
136751,,Teleperformance Malaysia Sdn Bhd,broadband,2024-Q3,2024,3,16.093905251721537,,5.6241282153089225,,30.073,27.095,5,1,0.0021924055073226346,False
132494,,Universiti Tun Hussein Onn Malaysia,broadband,2024-Q3,2024,3,234.1418089185036,174.70550092526483,246.44393514862617,93.68205138051226,27.053800000000003,37.228,5,3,0.0021924055073226346,False
33353,,Sony Interactive Entertainment LLC,broadband,2024-Q3,2024,3,16.385692846790004,3.186723373758184,20.543307089159402,3.6071786424706613,287.65659999999997,264.1,5,3,0.0021924055073226346,False
46015,,Exa Bytes Network Sdn.Bhd.,broadband,2024-Q3,2024,3,82.85607566538101,45.83865965359015,83.14852674508843,44.41859036629403,14.644749999999998,13.202,4,2,0.0017539244058581076,False
10204,,Arcnet NTT MSC ISP,broadband,2024-Q3,2024,3,69.3814534167634,2.23108051839624,9.870084134472945,2.23108051839624,8.909500000000001,7.112,4,3,0.0017539244058581076,False
5580,,GTT Communications Netherlands B.V.,broadband,2024-Q3,2024,3,33.12082358408657,7.30839734321934,37.048403171641425,5.867323535405525,199.7485,199.9405,4,1,0.0017539244058581076,False
45808,,Bandar Seri Iskandar,broadband,2024-Q3,2024,3,29.942066646484882,15.710390040838789,15.137937890230504,4.886286946628204,18.74075,18.0385,4,1,0.0017539244058581076,False
9655,,"TPM Corp. Berhad,",broadband,2024-Q3,2024,3,47.601760348889904,30.78795147566644,53.242293764887826,32.72800276094476,9.6685,9.071,4,4,0.0017539244058581076,False
55420,,APNIC ASN Block,broadband,2024-Q3,2024,3,16.744315749011882,3.9226740850614767,14.225503936113071,5.088419716145127,185.2175,164.35750000000002,4,2,0.0017539244058581076,False
45121,,Enterprise Managed Services Sdn. Bhd.,broadband,2024-Q3,2024,3,36.634737899738,10.574443276199693,27.569696869899843,5.2981544994948955,32.504999999999995,19.3315,4,3,0.0017539244058581076,False
131330,,irix,broadband,2024-Q3,2024,3,291.7452877562009,206.12200532262182,295.9189831234505,248.62612910438418,32.113,38.626,3,2,0.0013154433043935806,False
140866,,TRUE PACKET SDN BHD,broadband,2024-Q3,2024,3,7.539254216323964,4.6329950789891345,6.77536936705113,4.6329950789891345,200.14433333333332,168.339,3,3,0.0013154433043935806,False
714,,Apple Inc.,broadband,2024-Q3,2024,3,144.91226376349582,102.38857491211066,133.42668182626218,102.38857491211066,12.616999999999999,13.225,3,2,0.0013154433043935806,False
33619,,"Advanced Micro Devices, Inc.",broadband,2024-Q3,2024,3,26.52761715472754,4.979979069104824,28.10316340165227,0.08831345657245071,319.08366666666666,299.009,3,2,0.0013154433043935806,False
142631,,Metro Lightspeed,broadband,2024-Q3,2024,3,107.20508006212566,71.01844587018952,80.87879511212049,61.73036052802657,117.28666666666668,166.952,3,1,0.0013154433043935806,False
134107,,University Malaysia Pahang,broadband,2024-Q3,2024,3,17.327282172457483,33.7291330392378,13.105119064331976,35.985088260590054,198.45399999999998,192.54,3,3,0.0013154433043935806,False
401783,,TOKALA COMMUNICATIONS INC.,broadband,2024-Q3,2024,3,12.516217308975655,10.876095882904703,12.615375660500009,10.876095882904703,53.0,72.0,3,1,0.0013154433043935806,False
150712,,Weber Meyer Sdn Bhd,broadband,2024-Q3,2024,3,149.4737213872801,56.64731077148545,149.4737213872801,56.64731077148545,106.2385,106.2385,2,1,0.0008769622029290538,False
138199,,Transatel,broadband,2024-Q3,2024,3,87.01539215719393,7.494236299450849,87.01539215719393,7.494236299450849,51.649,51.649,2,1,0.0008769622029290538,False
132035,,Computer Center,broadband,2024-Q3,2024,3,62.78781462364841,65.8719235131674,62.78781462364841,65.8719235131674,27.937,27.937,2,1,0.0008769622029290538,False
54994,,Meteverse Limited.,broadband,2024-Q3,2024,3,30.622436043095547,27.11222362907631,30.622436043095547,27.11222362907631,277.419,277.419,2,2,0.0008769622029290538,False
134168,,Conduent Business Services Malaysia Sdn. Bhd,broadband,2024-Q3,2024,3,20.368430332617677,11.309548118270579,20.368430332617677,11.309548118270579,24.134,24.134,2,1,0.0008769622029290538,False
58910,,ACODA Networks Sdn Bhd,broadband,2024-Q3,2024,3,12.798965584244307,3.6352440770908707,12.798965584244307,3.6352440770908707,42.310500000000005,42.310500000000005,2,2,0.0008769622029290538,False
142288,,Unit Pengurusan Teknologi Maklumat (UPTM),broadband,2024-Q3,2024,3,6.816505887092297,8.93546165834782,6.816505887092297,8.93546165834782,185.0315,185.0315,2,1,0.0008769622029290538,False
215659,,Aokigahara SRL,broadband,2024-Q3,2024,3,9.75373132481787,4.390404707432161,9.75373132481787,4.390404707432161,184.54149999999998,184.54149999999998,2,2,0.0008769622029290538,False
136533,,MyISP Dot Com Sdn Bhd,broadband,2024-Q3,2024,3,16.481909922448377,3.642761380162129,16.481909922448377,3.642761380162129,354.711,354.711,2,2,0.0008769622029290538,False
138915,,Kaopu Cloud HK Limited,broadband,2024-Q3,2024,3,18.24668989045344,2.007303992437222,18.24668989045344,2.007303992437222,172.127,172.127,1,1,0.0004384811014645269,False
56111,,Agarto Sdn Bhd,broadband,2024-Q3,2024,3,6.330527356925699,,6.330527356925699,,174.7,174.7,1,1,0.0004384811014645269,False
140904,,ADECCO ASIA BUSINESS SOLUTIONS SDN BHD,broadband,2024-Q3,2024,3,33.07443289069013,23.118334266297122,33.07443289069013,23.118334266297122,65.0,65.0,1,1,0.0004384811014645269,False
132885,,CET DEVELOPMENT SDN BHD,broadband,2024-Q3,2024,3,92.40480288163299,65.27589479151314,92.40480288163299,65.27589479151314,7.984,7.984,1,1,0.0004384811014645269,False
58983,,ACODA Networks Sdn Bhd,broadband,2024-Q3,2024,3,22.47805303463876,18.8913062247168,22.47805303463876,18.8913062247168,5.756,5.756,1,1,0.0004384811014645269,False
151813,,NETCOM,broadband,2024-Q3,2024,3,15.483823426476222,19.815065772020393,15.483823426476222,19.815065772020393,215.593,215.593,1,1,0.0004384811014645269,False
45331,,I CITY,broadband,2024-Q3,2024,3,25.860722403669005,35.29489825632558,25.860722403669005,35.29489825632558,17.274,17.274,1,1,0.0004384811014645269,False
139899,,Reach Ten Communication Sdn Bhd,broadband,2024-Q3,2024,3,315.2010217061561,782.0849213405551,315.2010217061561,782.0849213405551,23.824,23.824,1,1,0.0004384811014645269,False
23736,,TM TECHNOLOGY SERVICES SDN. BHD.,broadband,2024-Q3,2024,3,27.96450322839742,26.295397589371095,27.96450322839742,26.295397589371095,23.059,23.059,1,1,0.0004384811014645269,False
45630,,AS-FIBRECOMM-MY- Internet Service Provider,broadband,2024-Q3,2024,3,51.444480567144396,,51.444480567144396,,24.0,24.0,1,1,0.0004384811014645269,False
134835,,Starry Network Limited,broadband,2024-Q3,2024,3,7.400085148645103,0.08852340563524753,7.400085148645103,0.08852340563524753,154.675,154.675,1,1,0.0004384811014645269,False
132531,,M EAST SDN. BHD.,broadband,2024-Q3,2024,3,75.93632512681056,85.9767484697546,75.93632512681056,85.9767484697546,35.061,35.061,1,1,0.0004384811014645269,False
24218,,Global Transit Communications - Malaysia,broadband,2024-Q3,2024,3,16.7888073451286,16.86865894884561,16.7888073451286,16.86865894884561,7.453,7.453,1,1,0.0004384811014645269,False
45668,,AIMS Data Centre Sdn Bhd,broadband,2024-Q3,2024,3,103.40659536246017,103.74877527536742,103.40659536246017,103.74877527536742,7.557,7.557,1,1,0.0004384811014645269,False
135553,,VC Telecoms Sdn. Bhd.,broadband,2024-Q3,2024,3,38.19354508325612,,38.19354508325612,,12.844,12.844,1,1,0.0004384811014645269,False
24068,,Broadband Service Provider,broadband,2024-Q3,2024,3,81.67205444153906,27.511969478893747,81.67205444153906,27.511969478893747,20.963,20.963,1,1,0.0004384811014645269,False
132198,,iCore Technology Sdn Bhd,broadband,2024-Q3,2024,3,11.369157759589095,,11.369157759589095,,86.136,86.136,1,1,0.0004384811014645269,False
18206,,TM TECHNOLOGY SERVICES SDN. BHD.,broadband,2024-Q3,2024,3,7.426846670203498,9.409721649306185,7.426846670203498,9.409721649306185,11.133,11.133,1,1,0.0004384811014645269,False
137240,,Proxus Communications Sdn Bhd,broadband,2024-Q3,2024,3,0.25086222824717636,0.011018973031713444,0.25086222824717636,0.011018973031713444,190.064,190.064,1,1,0.0004384811014645269,False
138504,,Universiti Pertahanan Nasional Malaysia,broadband,2024-Q3,2024,3,428.3024540638744,,428.3024540638744,,10.709,10.709,1,1,0.0004384811014645269,False
7361,,DataZone Networks LLC,broadband,2024-Q3,2024,3,8.219121791659347,0.08908363855183392,8.219121791659347,0.08908363855183392,78.367,78.367,1,1,0.0004384811014645269,False
62240,,Clouvider,broadband,2024-Q3,2024,3,157.7083987325362,1.4535965856136575,157.7083987325362,1.4535965856136575,137.396,137.396,1,1,0.0004384811014645269,False
4788,TM,TM TECHNOLOGY SERVICES SDN. BHD.,broadband,2024-Q4,2024,4,104.93410592168787,43.32292676741938,36.13732530139515,20.931540993525438,46.50350488950833,28.0,88974,26568,48.995842396541754,True
4818,Digi,DiGi Telecommunications Sdn. Bhd.,broadband,2024-Q4,2024,4,73.85231124902182,25.08198504144155,19.09716404080697,9.227007110239205,44.537906535460856,28.626,25547,10093,14.06811861560065,True
9930,TIME dotCom,TTNET,broadband,2024-Q4,2024,4,233.3789322849929,174.94922721579218,199.12739624236917,139.35177532862514,14.811909302818396,10.972,23597,9708,12.994300503868498,True
10030,Celcom,Celcom Axiata Berhad,broadband,2024-Q4,2024,4,44.4232439041879,14.703872160522033,19.582005585581964,5.6717012592198,53.25043707702838,45.64,13151,7220,7.241939480712575,True
9534,Maxis,Binariang Berhad,broadband,2024-Q4,2024,4,154.70060330411746,50.11492182840704,91.54778285921256,41.25648411412413,20.62127349313879,14.2665,11517,5869,6.342134970676505,True
14593,Starlink,Space Exploration Technologies Corporation,broadband,2024-Q4,2024,4,23.758269609475093,4.613448328670752,7.48627518799308,3.606071788112356,119.05126695298371,82.658,8853,1656,4.875134227263967,True
45960,Yes,YTL COMMUNICATIONS SDN BHD,broadband,2024-Q4,2024,4,76.03792498725774,18.801505657499156,19.498890252691794,6.343384389916891,100.4647027660572,59.004000000000005,4266,2546,2.3491836228971064,True
56231,,MEASAT Broadcast Network Systems,broadband,2024-Q4,2024,4,66.47870414414822,56.97802184356185,54.862455258330655,51.992329629147406,12.86261936560935,8.0,1198,441,0.6597097937718549,True
(unknown),,,broadband,2024-Q4,2024,4,51.46872619990541,14.002342069549055,8.585997429280264,3.261092632418096,36.4375615550756,24.708,927,488,0.5104766100388226,True
24020,,"University ITM, Shah Alam, Selangor Malaysia",broadband,2024-Q4,2024,4,27.350344864186344,29.89300060479462,12.584444406113265,17.7929610379374,18.87085987261147,7.624,785,88,0.43228062446653265,True
38322,,TM TECHNOLOGY SERVICES SDN. BHD.,broadband,2024-Q4,2024,4,36.66347711983972,8.729934076199086,6.5733669464825155,2.7723558888096194,47.68443959731543,29.967,299,201,0.16465211046559652,True
4983,,Intel Corporation,broadband,2024-Q4,2024,4,50.82622909272301,21.551497949009633,32.03897304958129,3.4685405015136306,13.555588235294119,11.413499999999999,272,6,0.14978385968776672,True
139776,,Petroliam Nasional Berhad,broadband,2024-Q4,2024,4,167.5975162016687,31.964657441238742,77.31974185579348,13.31531764062992,39.90048275862068,38.005,261,5,0.14372642418568793,True
45410,,ALLO TECHNOLOGY SDN. BHD.,broadband,2024-Q4,2024,4,124.70577293461287,97.09032244441605,90.24263001255156,41.19796751807564,33.997953389830506,39.841499999999996,236,127,0.12995952531732702,True
133014,,Universiti Teknologi Malaysia,broadband,2024-Q4,2024,4,282.829064758917,190.89041403851962,242.8506091709026,71.27392050563053,32.41666153846154,25.488999999999997,130,21,0.07158787411547675,True
33353,,Sony Interactive Entertainment LLC,broadband,2024-Q4,2024,4,27.912914394574557,21.301295899125684,21.38154913861883,8.511418362415696,305.19980769230773,290.6255,130,44,0.07158787411547675,True
24514,,MINISTRY OF HIGHER EDUCATION MALAYSIA,broadband,2024-Q4,2024,4,189.42932979103082,221.44366043214143,35.63682014116536,45.394510357143034,99.53340495867766,26.842,121,31,0.06663179052286682,True
142628,,HIIFI (M) SDN BHD,broadband,2024-Q4,2024,4,209.52726381727882,105.02983670750706,186.60527427609676,94.68938653106134,11.593649572649575,10.647,117,20,0.06442908670392908,True
3614,,"Dell, Inc.",broadband,2024-Q4,2024,4,56.28074121387441,51.781437584556826,49.36538877118235,46.624563418860305,92.5040625,50.41,112,7,0.06167570693025689,True
132625,,SDEC,broadband,2024-Q4,2024,4,15.70738065093495,4.976208328204807,11.108014772513343,2.21969370478993,115.80136893203881,57.941,103,50,0.05671962333764696,True
133421,,INNET SOLUTIONS SDN BHD,broadband,2024-Q4,2024,4,28.4213730386446,23.26993388037463,10.791782778488768,10.484830666980262,28.257625,12.811499999999999,96,33,0.052864891654505905,False
23678,,Enterprise Managed Services Sdn. Bhd.,broadband,2024-Q4,2024,4,49.22905593974203,50.23870072888103,21.806330615438576,27.604385844366707,20.404161764705883,13.863499999999998,68,18,0.03744596492194168,False
134809,,ViewQwest Sdn. Bhd.,broadband,2024-Q4,2024,4,47.67910241403397,36.17531358617214,24.407769391878794,26.755840912895646,163.53501851851854,184.723,54,24,0.029736501555659572,False
38182,,Extreme Broadband - Total Broadband Experience,broadband,2024-Q4,2024,4,236.55293902487622,270.86090611938806,238.93243835895106,94.33419819367245,22.976727272727274,19.207,44,12,0.024229742008315208,False
38891,,Measat Satellite Systems Sdn. Bhd.,broadband,2024-Q4,2024,4,23.400764728618288,3.056461557764342,20.58805390699405,2.331565206365257,31.503542857142858,31.757,35,15,0.01927365841570528,False
24090,,Universiti Sains Malaysia (USM),broadband,2024-Q4,2024,4,72.6375227755013,94.18299260750257,39.86311348780749,59.07541267168399,100.71879999999999,21.0,35,20,0.01927365841570528,False
134232,,SACOFA Sdn. Bhd.,broadband,2024-Q4,2024,4,25.964989854694196,29.829762457819697,8.46883608279415,3.8170044876476688,54.94247058823529,53.430499999999995,34,12,0.01872298246097084,False
149440,,Evoxt Sdn. Bhd.,broadband,2024-Q4,2024,4,333.0648303352585,292.7807301351958,71.99144155299855,46.91108275580622,46.745612903225805,0.945,31,25,0.01707095459676753,False
55482,,DIGITAL WAVE,broadband,2024-Q4,2024,4,42.48686416861216,33.53601840874233,58.28043057537082,34.371233851701255,16.528785714285714,9.9895,28,9,0.015418926732564222,False
132890,,IP Core Sdn Bhd,broadband,2024-Q4,2024,4,37.902856502972796,47.42694976687021,20.811764134768314,27.662937949140368,23.431892857142856,21.386,28,10,0.015418926732564222,False
24028,,REDtone,broadband,2024-Q4,2024,4,12.879160059059926,11.89798286706857,4.640955584842747,5.041235002899879,42.803518518518516,16.0,27,12,0.014868250777829786,False
132688,,University of Malaya,broadband,2024-Q4,2024,4,466.3944767755848,389.50205660057816,564.7342794120641,243.03230950461253,19.32669230769231,20.0425,26,3,0.01431757482309535,False
132494,,Universiti Tun Hussein Onn Malaysia,broadband,2024-Q4,2024,4,121.07598723196526,89.37839023224338,69.00075980385162,68.72178481207341,19.895791666666664,20.0025,24,4,0.013216222913626476,False
131330,,irix,broadband,2024-Q4,2024,4,103.8374001249346,39.488740919025105,87.62899258429827,10.764835970870426,38.87378260869565,40.86,23,1,0.01266554695889204,False
56286,,IX Telecom,broadband,2024-Q4,2024,4,50.883057218940905,37.43438198546425,12.97605900659663,13.388121855260504,113.93139130434781,46.873,23,4,0.01266554695889204,False
135496,,UNIVERSITI KEBANGSAAN MALAYSIA,broadband,2024-Q4,2024,4,118.43794280121104,106.73968261603841,78.09292151519806,48.546995505556964,12.168619047619048,11.66,21,11,0.011564195049423166,False
132198,,iCore Technology Sdn Bhd,broadband,2024-Q4,2024,4,90.90243440364569,13.565588891555866,70.72222432119503,3.719505441594433,30.694157894736847,22.198,19,3,0.010462843139954294,False
19773,,"Motorola, Inc.",broadband,2024-Q4,2024,4,93.18875573035402,142.23619156494686,5.644433316183566,54.98662317725166,111.586375,105.9305,16,5,0.008810815275750984,False
132196,,DANAWA RESOURCES SDN BHD,broadband,2024-Q4,2024,4,15.340699148940343,7.116774736236422,16.04294759046814,4.162702468116084,38.52462499999999,34.5205,16,5,0.008810815275750984,False
56229,,LightsUp Network Solution Sdn. Bhd.,broadband,2024-Q4,2024,4,94.81754816430644,49.69150528943439,74.85041944067976,19.78136341766546,38.7292,31.335,15,11,0.008260139321016548,False
132694,,Universiti Sains Islam Malaysia,broadband,2024-Q4,2024,4,45.10524236877467,30.952036770669547,13.868942531825741,15.285121453350275,14.268571428571432,12.161000000000001,14,4,0.007709463366282111,False
17564,,GITN (M) Sdn. Bhd.,broadband,2024-Q4,2024,4,168.3150909553835,142.5623436609814,78.55493094871333,51.627248762252236,27.890538461538462,41.765,13,7,0.007158787411547675,False
135277,,Freshtel Group SDN BHD,broadband,2024-Q4,2024,4,35.82915599642066,26.659866789499876,6.016135938000522,15.499721101506053,117.49241666666666,100.1775,12,9,0.006608111456813238,False
137839,,IMU Education Sdn. Bhd.,broadband,2024-Q4,2024,4,107.98619414126166,114.72035935099701,92.84797892901705,92.4410179448036,8.40225,8.4655,12,1,0.006608111456813238,False
45810,,"University of Nottingham, Malaysia Campus",broadband,2024-Q4,2024,4,86.33555003761687,28.86939250566614,17.666865098247197,17.931502215529555,15.973636363636365,10.882,12,10,0.006608111456813238,False
137510,,JENEXUS HOLDING SDN BHD,broadband,2024-Q4,2024,4,116.97447020619325,72.84281596934483,115.95271181620407,64.31505365158063,21.071666666666665,17.753999999999998,12,7,0.006608111456813238,False
132372,,GB Network Solutions Sdn. Bhd.,broadband,2024-Q4,2024,4,47.28392726951268,13.427001571724542,24.126163060082092,16.013869875186877,180.847,182.54,11,5,0.006057435502078802,False
140866,,TRUE PACKET SDN BHD,broadband,2024-Q4,2024,4,9.968542526053225,12.062027591415406,6.41078365263811,5.575202602884348,138.5719,157.964,10,2,0.005506759547344365,False
38280,,Monash University Sunway Campus Malaysia,broadband,2024-Q4,2024,4,20.695264767925863,18.68955961487786,21.000273431580588,18.581106318642448,17.8024,9.5015,10,6,0.005506759547344365,False
38466,U Mobile,U Mobile Sdn Bhd,broadband,2024-Q4,2024,4,127.13512624231157,154.22676962526467,102.53316390580996,128.0243896256082,9.84,9.836,10,5,0.005506759547344365,False
2914,,"NTT America, Inc.",broadband,2024-Q4,2024,4,286.5466447868109,307.3204546331798,313.5704817229668,239.31923783805783,16.686777777777777,13.144,9,2,0.004956083592609929,False
38868,,Universiti Putra Malaysia AS,broadband,2024-Q4,2024,4,12.597974972509071,14.79386333293636,0.8179266710071936,9.517988419532285,215.67644444444443,296.349,9,5,0.004956083592609929,False
134152,,XMT Technologies Sdn Bhd,broadband,2024-Q4,2024,4,95.78190089944479,66.73407288209327,54.95968363383492,32.938966591332964,51.92622222222222,12.423,9,6,0.004956083592609929,False
151813,,NETCOM,broadband,2024-Q4,2024,4,34.32864183177156,34.69150468046954,40.13041964342679,35.76218109177941,164.93444444444447,191.695,9,1,0.004956083592609929,False
150734,,Myklnet Sdn Bhd,broadband,2024-Q4,2024,4,32.961046549154304,7.77556298564777,39.11639860568518,2.575358745335337,142.188,130.5,8,4,0.004405407637875492,False
10204,,Arcnet NTT MSC ISP,broadband,2024-Q4,2024,4,86.76429027336992,77.58682744289364,54.970781687502985,35.448426496416154,9.182,6.854,7,2,0.0038547316831410556,False
138504,,Universiti Pertahanan Nasional Malaysia,broadband,2024-Q4,2024,4,207.64110908068963,263.8754142330988,21.78422429323601,234.27967273273805,42.751,58.494,7,1,0.0038547316831410556,False
132530,,Infonal Sdn Bhd,broadband,2024-Q4,2024,4,27.365228464831127,10.250873704548102,45.06170241507618,8.65607584980214,309.1815714285714,338.177,7,2,0.0038547316831410556,False
134797,,Innet Technologies Sdn Bhd,broadband,2024-Q4,2024,4,47.32899781525147,50.18696976534998,44.28711855806501,47.23403729366436,11.904,11.891,7,1,0.0038547316831410556,False
134553,,i-Skill Dynamics Sdn Bhd,broadband,2024-Q4,2024,4,8.621207455061532,8.7566738748392,5.01077112489321,6.707082285881015,68.20585714285714,67.143,7,3,0.0038547316831410556,False
9655,,"TPM Corp. Berhad,",broadband,2024-Q4,2024,4,53.309870928969985,77.56468299969853,9.662569546999977,32.391893358101214,14.226833333333333,9.3855,6,3,0.003304055728406619,False
23736,,TM TECHNOLOGY SERVICES SDN. BHD.,broadband,2024-Q4,2024,4,49.32806611299787,34.17713688878185,49.77233846745132,24.038756322481646,29.877999999999997,27.902,6,4,0.003304055728406619,False
58622,,"LCC Terminal, Jalan KLIA S3",broadband,2024-Q4,2024,4,77.82720314267353,62.15477813573129,87.63863039515402,61.2414787562141,8.097833333333334,8.144,6,4,0.003304055728406619,False
154177,,LIGHT NODE LIMITED,broadband,2024-Q4,2024,4,54.306636534708275,11.557242600875378,48.91209566412694,12.909504741605904,18.33883333333333,7.1565,6,2,0.003304055728406619,False
132354,,CELCOM TIMUR (SABAH) SDN BHD,broadband,2024-Q4,2024,4,134.10059131768813,155.02122142297762,146.64569536540034,134.94596626202605,84.37066666666668,77.232,6,1,0.003304055728406619,False
138915,,Kaopu Cloud HK Limited,broadband,2024-Q4,2024,4,15.066167526358894,21.543188572136902,4.065277840784317,26.59997008201049,113.71816666666668,114.7145,6,1,0.003304055728406619,False
33619,,"Advanced Micro Devices, Inc.",broadband,2024-Q4,2024,4,15.929316911764586,13.01859429873167,7.815506184613534,1.844674396906411,443.20216666666664,305.6355,6,1,0.003304055728406619,False
45121,,Enterprise Managed Services Sdn. Bhd.,broadband,2024-Q4,2024,4,38.55449957396197,46.344352603462184,48.755035083166625,57.181313492528616,23.6488,23.29,5,3,0.0027533797736721826,False
24068,,Broadband Service Provider,broadband,2024-Q4,2024,4,78.13470722785794,87.80337060720916,34.92477151596183,62.00821777512807,59.72639999999999,23.0,5,4,0.0027533797736721826,False
134107,,University Malaysia Pahang,broadband,2024-Q4,2024,4,32.01252432051478,207.755683001846,20.594164875068202,44.58506176633084,127.7296,192.313,5,2,0.0027533797736721826,False
142631,,Metro Lightspeed,broadband,2024-Q4,2024,4,70.88968556238706,65.23698080716545,69.68205521421781,92.87370143199566,142.5804,169.304,5,4,0.0027533797736721826,False
140625,,Excel Commerce Solutions Sdn. Bhd.,broadband,2024-Q4,2024,4,3.7352734345412033,,3.67989448357633,,35.8165,32.9045,4,1,0.002202703818937746,False
714,,Apple Inc.,broadband,2024-Q4,2024,4,50.32423403481555,6.91389195821363,47.94234410343504,6.91389195821363,12.83775,12.901499999999999,4,4,0.002202703818937746,False
55420,,APNIC ASN Block,broadband,2024-Q4,2024,4,133.4783868096822,45.43949662226646,126.94013931772636,13.35069016211096,120.9315,120.123,4,2,0.002202703818937746,False
132825,,MYTEK TRADING PTY LTD,broadband,2024-Q4,2024,4,90.81689391981722,65.24406946618102,90.24262024500511,65.24406946618102,91.518,89.22399999999999,4,1,0.002202703818937746,False
132111,,Bigband Sdn Bhd,broadband,2024-Q4,2024,4,409.53837294227606,106.19896604468647,419.13327440653114,106.19896604468647,7.0,7.0,3,1,0.0016520278642033095,False
212238,,Datacamp Limited,broadband,2024-Q4,2024,4,91.6736140253779,14.669133630474088,124.76490761216247,14.669133630474088,61.205000000000005,58.517,3,1,0.0016520278642033095,False
132033,,ECSNET,broadband,2024-Q4,2024,4,65.18966026187023,37.98222810079275,93.68538504904724,37.98222810079275,14.491,14.163,3,2,0.0016520278642033095,False
131996,,NEVIGATE GLOBAL NETWORK SDN. BHD.,broadband,2024-Q4,2024,4,15.542284016500929,0.08300748330917562,15.777594418053454,0.08300748330917562,7.075,5.773,3,1,0.0016520278642033095,False
134202,,E-WORLD COMMUNICATION SDN BHD,broadband,2024-Q4,2024,4,13.370595275367045,23.00409147382014,10.733374409294482,23.00409147382014,9.995666666666667,8.945,3,1,0.0016520278642033095,False
45808,,Bandar Seri Iskandar,broadband,2024-Q4,2024,4,353.43771958682714,581.8983311417443,458.0087522551831,806.6140208844491,21.498,21.477,3,1,0.0016520278642033095,False
18880,,Lam Research Corporation,broadband,2024-Q4,2024,4,788.1426522914428,851.1123985305214,788.1426522914428,851.1123985305214,13.496500000000001,13.496500000000001,2,1,0.001101351909468873,False
4637,,Telstra Global,broadband,2024-Q4,2024,4,12.331547613442252,11.495114849699922,12.331547613442252,12.57274781556831,16.761,16.761,2,1,0.001101351909468873,False
150712,,Weber Meyer Sdn Bhd,broadband,2024-Q4,2024,4,54.9221958834714,39.79385935747787,54.9221958834714,39.79385935747787,193.2355,193.2355,2,2,0.001101351909468873,False
38278,,Orient Telecoms Sdn. Bhd,broadband,2024-Q4,2024,4,83.94010419854035,37.34631208122392,83.94010419854035,35.70940136582162,90.155,90.155,2,1,0.001101351909468873,False
18206,,TM TECHNOLOGY SERVICES SDN. BHD.,broadband,2024-Q4,2024,4,313.50960519379214,182.13824465366082,313.50960519379214,182.13824465366082,12.9045,12.9045,2,1,0.001101351909468873,False
142288,,Unit Pengurusan Teknologi Maklumat (UPTM),broadband,2024-Q4,2024,4,14.292827920827055,26.576712976198518,14.292827920827055,26.576712976198518,41.912,41.912,2,2,0.001101351909468873,False
45668,,AIMS Data Centre Sdn Bhd,broadband,2024-Q4,2024,4,314.3719751772289,198.6665607387902,314.3719751772289,198.6665607387902,11.1795,11.1795,2,2,0.001101351909468873,False
45331,,I CITY,broadband,2024-Q4,2024,4,288.74405213706126,97.92789240554855,288.74405213706126,97.92789240554855,8.6145,8.6145,2,1,0.001101351909468873,False
132885,,CET DEVELOPMENT SDN BHD,broadband,2024-Q4,2024,4,31.946030047570368,20.6050567107931,31.946030047570368,20.6050567107931,10.5735,10.5735,2,1,0.001101351909468873,False
134088,,NGN Connection Sdn. Bhd.,broadband,2024-Q4,2024,4,22.022295070073437,24.717710675331418,22.022295070073437,24.717710675331418,18.847,18.847,2,1,0.001101351909468873,False
138199,,Transatel,broadband,2024-Q4,2024,4,56.444905877676874,4.5011989321570685,56.444905877676874,4.5011989321570685,48.6255,48.6255,2,1,0.001101351909468873,False
136751,,Teleperformance Malaysia Sdn Bhd,broadband,2024-Q4,2024,4,13.02019450170955,2.984728247465169,13.02019450170955,2.984728247465169,321.6765,321.6765,2,1,0.001101351909468873,False
140904,,ADECCO ASIA BUSINESS SOLUTIONS SDN BHD,broadband,2024-Q4,2024,4,0.6725437738060082,,0.6725437738060082,,66.783,66.783,2,1,0.001101351909468873,False
15081,,Omni Fiber,broadband,2024-Q4,2024,4,7.5016568682274425,6.683831507438043,7.5016568682274425,6.683831507438043,35.0945,35.0945,2,1,0.001101351909468873,False
7361,,DataZone Networks LLC,broadband,2024-Q4,2024,4,10.703852025804748,55.278609764651144,10.703852025804748,55.278609764651144,57.041,57.041,1,1,0.0005506759547344365,False
7155,,"ViaSat,Inc.",broadband,2024-Q4,2024,4,7.825011268612269,1.0778095043238836,7.825011268612269,1.0778095043238836,94.339,94.339,1,1,0.0005506759547344365,False
141206,,ASE ELECTRONICS (M) SDN. BHD.,broadband,2024-Q4,2024,4,39.47632842550895,43.267538797614435,39.47632842550895,43.267538797614435,18.064,18.064,1,1,0.0005506759547344365,False
206216,,Advin Services LLC,broadband,2024-Q4,2024,4,61.35487889983785,,61.35487889983785,,214.933,214.933,1,1,0.0005506759547344365,False
24218,,Global Transit Communications - Malaysia,broadband,2024-Q4,2024,4,59.25998414035184,67.8736387115471,59.25998414035184,67.8736387115471,7.952,7.952,1,1,0.0005506759547344365,False
138339,,SMARTSEL SDN BHD,broadband,2024-Q4,2024,4,26.39146733371267,37.81539074708956,26.39146733371267,37.81539074708956,18.0,18.0,1,1,0.0005506759547344365,False
138995,,Antbox Networks Limited,broadband,2024-Q4,2024,4,46.77887931086206,62.60918093908191,46.77887931086206,62.60918093908191,204.293,204.293,1,1,0.0005506759547344365,False
137263,,NETEASE HONG KONG LIMITED,broadband,2024-Q4,2024,4,11.457585574431508,,11.457585574431508,,3.135,3.135,1,1,0.0005506759547344365,False
17666,,HITACHISUNWAY,broadband,2024-Q4,2024,4,0.20276110907771766,34.816295914399504,0.20276110907771766,51.68972178616693,171.091,171.091,1,1,0.0005506759547344365,False
142111,,Zhejiang Aiyun Network Technology Co Ltd,broadband,2024-Q4,2024,4,184.20375463350473,1.8231511395494602,184.20375463350473,1.8231511395494602,9.546,9.546,1,1,0.0005506759547344365,False
138996,,Uni Comms International Sdn Bhd,broadband,2024-Q4,2024,4,66.39587749475912,2.226322503052463,66.39587749475912,2.226322503052463,42.287,42.287,1,1,0.0005506759547344365,False
134698,,Chr. Hansen Malaysia Sdn Bhd,broadband,2024-Q4,2024,4,4.7148629760562715,19.170366397058096,4.7148629760562715,19.170366397058096,23.581,23.581,1,1,0.0005506759547344365,False
153334,,Origin TechLab Sdn Bhd,broadband,2024-Q4,2024,4,34.03577845902653,25.362904113693073,34.03577845902653,25.362904113693073,194.143,194.143,1,1,0.0005506759547344365,False
134168,,Conduent Business Services Malaysia Sdn. Bhd,broadband,2024-Q4,2024,4,21.23102823102823,,21.23102823102823,,9.518,9.518,1,1,0.0005506759547344365,False
135551,,Malaysian Communication and Multimedia Commission,broadband,2024-Q4,2024,4,180.15746877332265,193.23784219771315,180.15746877332265,193.23784219771315,7.829,7.829,1,1,0.0005506759547344365,False
139815,,Taylor's University Sdn Bhd,broadband,2024-Q4,2024,4,46.69331622436955,799.0899952040211,46.69331622436955,799.0899952040211,7.0,7.0,1,1,0.0005506759547344365,False
58910,,ACODA Networks Sdn Bhd,broadband,2024-Q4,2024,4,15.870763228480858,38.153542525202326,15.870763228480858,38.153542525202326,13.709,13.709,1,1,0.0005506759547344365,False
4788,TM,TM TECHNOLOGY SERVICES SDN. BHD.,broadband,2025-Q1,2025,1,122.98296039008117,48.74605844434151,50.18377710555873,31.84792856992825,27.850982970224173,16.218,152223,43299,48.351777501079965,True
9930,TIME dotCom,TTNET,broadband,2025-Q1,2025,1,206.5422291880085,159.14315636695272,143.67429599236146,113.27872531718913,13.610799771602577,9.901,39422,12616,12.521917007597896,True
4818,Digi,DiGi Telecommunications Sdn. Bhd.,broadband,2025-Q1,2025,1,83.93397222911986,27.605310506577652,25.63053309934584,12.220287434217909,35.69640627486343,27.1065,37727,19445,11.983520951388712,True
9534,Maxis,Binariang Berhad,broadband,2025-Q1,2025,1,146.92032312990895,48.81064719636083,91.20591460599127,42.12579238225064,20.384003365685658,13.6655,25556,11260,8.117551393794628,True
10030,Celcom,Celcom Axiata Berhad,broadband,2025-Q1,2025,1,38.46669618078213,14.261132352863672,18.48628186858625,6.548775788084086,73.93956139660408,74.308,17786,9836,5.649505755596778,True
14593,Starlink,Space Exploration Technologies Corporation,broadband,2025-Q1,2025,1,21.519069374219978,3.5802789531907155,8.088958227436224,2.8347511168870443,132.9054011850611,90.979,16728,2968,5.31344497242904,True
45960,Yes,YTL COMMUNICATIONS SDN BHD,broadband,2025-Q1,2025,1,55.25178800497424,18.321490437982963,14.385584897300912,4.776157214766812,126.05553801617711,59.405,11749,4009,3.7319264096765177,True
56231,,MEASAT Broadcast Network Systems,broadband,2025-Q1,2025,1,56.171384593688515,56.64573400003126,43.238013379250816,49.556995272001416,11.893897760115607,8.014,2768,823,0.8792214062460295,True
(unknown),,,broadband,2025-Q1,2025,1,69.37521494159779,15.82562337467262,10.6415472750619,5.046296683317311,37.856577042399174,29.070999999999998,1934,959,0.6143114883236348,True
24020,,"University ITM, Shah Alam, Selangor Malaysia",broadband,2025-Q1,2025,1,20.11841349207856,27.008958499725914,14.365033955809848,22.06019874711668,20.583821223209622,13.658,1913,46,0.6076410947068839,True
38322,,TM TECHNOLOGY SERVICES SDN. BHD.,broadband,2025-Q1,2025,1,36.77425445963345,7.711973587493182,8.730514597964438,2.709204898119181,37.561854895104894,25.4765,573,290,0.1820064543999187,True
4983,,Intel Corporation,broadband,2025-Q1,2025,1,83.87790556902644,95.17477135646476,59.613363997367586,17.217033809339142,12.662040000000001,11.378499999999999,500,6,0.1588188956369273,True
137552,,Terabix,broadband,2025-Q1,2025,1,577.9333495637717,230.63485669377127,600.5902309046986,192.78442569119926,12.651672527472526,2.475,455,3,0.14452519502960384,True
212238,,Datacamp Limited,broadband,2025-Q1,2025,1,8.251694145213737,4.7602387567166025,5.7093929389172,2.5812070067961397,94.083351010101,46.54,396,3,0.12578456534444643,True
149440,,Evoxt Sdn. Bhd.,broadband,2025-Q1,2025,1,291.91632830539123,105.51266785733311,239.62017116996012,6.394052688733016,11.700792650918634,1.789,381,43,0.1210199984753386,True
132694,,Universiti Sains Islam Malaysia,broadband,2025-Q1,2025,1,583.6572479267309,406.9227403468841,636.6388940196373,330.0735591578498,10.380084269662921,9.8435,356,105,0.11307905369349223,True
45410,,ALLO TECHNOLOGY SDN. BHD.,broadband,2025-Q1,2025,1,136.62391885621923,84.17396665408648,99.87802835540285,32.539103313503816,60.72871597633135,46.010000000000005,338,201,0.10736157345056285,True
133014,,Universiti Teknologi Malaysia,broadband,2025-Q1,2025,1,179.2748903862507,100.7371912405584,88.43323489491581,56.14586224854267,24.325501694915253,14.508,295,21,0.0937031484257871,True
24090,,Universiti Sains Malaysia (USM),broadband,2025-Q1,2025,1,32.37869800013666,35.55526020151615,25.918907915852415,33.259795680519574,15.13642561983471,13.459,242,30,0.07686834548827282,True
137263,,NETEASE HONG KONG LIMITED,broadband,2025-Q1,2025,1,1601.336865684315,1577.2539439231725,1906.5098948544837,1401.2334650785772,13.668784140969162,2.372,227,3,0.07210377861916499,True
133421,,INNET SOLUTIONS SDN BHD,broadband,2025-Q1,2025,1,34.97463454117929,23.410929183627616,13.974820919247414,8.31758836140539,22.386666666666667,11.2015,210,34,0.06670393616750947,True
24514,,MINISTRY OF HIGHER EDUCATION MALAYSIA,broadband,2025-Q1,2025,1,574.5074235737048,627.2548163831879,678.6743005164724,807.119969538932,27.527733009708736,22.4815,206,30,0.06543338500241405,True
24314,,University Pendidikan Sultan Idris,broadband,2025-Q1,2025,1,87.6366260228301,59.67284040456245,83.6022187276137,41.9085342792955,14.323455882352942,12.334,204,37,0.06479810941986634,True
33353,,Sony Interactive Entertainment LLC,broadband,2025-Q1,2025,1,22.81599970899183,8.447339748578763,14.21097697122081,1.4300505761857234,201.90732642487043,134.711,193,47,0.061304093715853936,True
132625,,SDEC,broadband,2025-Q1,2025,1,12.41661906120667,3.12710773090881,7.967300789969581,1.6503754284837784,103.43165445026177,57.653,191,79,0.060668818133306227,True
984,,OCTOPUS WEB SOLUTION INC,broadband,2025-Q1,2025,1,34.58684882642422,11.898007789430997,34.56406752354477,11.011980798964576,8.331267080745342,6.775,161,4,0.05113968439509059,True
142111,,Zhejiang Aiyun Network Technology Co Ltd,broadband,2025-Q1,2025,1,74.23558558588077,26.636339143624376,69.91982054040066,18.295516856632787,39.143422360248444,20.0,161,3,0.05113968439509059,True
142628,,HIIFI (M) SDN BHD,broadband,2025-Q1,2025,1,155.44357362160918,70.28416402661087,134.60458506472185,57.8854463669391,15.959112582781458,12.144,151,17,0.047963306482352044,True
135277,,Freshtel Group SDN BHD,broadband,2025-Q1,2025,1,34.26432699930302,12.596422071205412,25.756708494440456,5.3705259773654355,176.07262,195.0135,150,18,0.04764566869107819,True
132372,,GB Network Solutions Sdn. Bhd.,broadband,2025-Q1,2025,1,131.6067837285281,16.603052991316524,98.8138425174026,11.073505170597931,140.87906250000003,83.5,144,6,0.04573984194343506,True
23678,,Enterprise Managed Services Sdn. Bhd.,broadband,2025-Q1,2025,1,26.30459429856596,27.897937661429808,18.90770428430863,18.73582683039316,29.312359374999996,10.8325,128,21,0.04065763728305339,True
3614,,"Dell, Inc.",broadband,2025-Q1,2025,1,55.267405367557146,41.406037672529656,58.0773950660796,49.04332513516787,79.88952892561983,46.711,121,11,0.03843417274413641,True
134232,,SACOFA Sdn. Bhd.,broadband,2025-Q1,2025,1,12.905566152945442,7.991311658472426,8.111391972661746,1.3358173690171067,61.48435555555555,48.991,90,17,0.028587401214646913,False
134809,,ViewQwest Sdn. Bhd.,broadband,2025-Q1,2025,1,48.04713901577285,50.18941800396267,22.96296697851578,23.98729320407611,167.08852222222222,183.872,90,30,0.028587401214646913,False
55420,,APNIC ASN Block,broadband,2025-Q1,2025,1,132.83843943991192,37.82021078743743,82.7101065945189,33.65303864486447,123.49772881355932,69.31,59,17,0.018740629685157422,False
142631,,Metro Lightspeed,broadband,2025-Q1,2025,1,100.61402527291185,28.978661249924865,116.13622908750295,2.794079870784672,50.73646153846153,21.85,52,9,0.01651716514624044,False
17564,,GITN (M) Sdn. Bhd.,broadband,2025-Q1,2025,1,518.4831478341388,377.8817266645445,554.4390254341483,363.81800429691856,11.814553191489361,10.282,47,5,0.014928976189871166,False
138996,,Uni Comms International Sdn Bhd,broadband,2025-Q1,2025,1,126.0587709407629,129.02226112092222,38.10681293445154,118.09236468432142,246.49509523809527,18.746499999999997,42,2,0.013340787233501893,False
150734,,Myklnet Sdn Bhd,broadband,2025-Q1,2025,1,78.96109309431814,21.983637713152785,37.524367679148696,16.119113409603557,213.16351282051286,189.0,39,6,0.01238787385968033,False
55482,,DIGITAL WAVE,broadband,2025-Q1,2025,1,61.41278551129124,56.158408712896325,59.816196262431745,58.45862909691686,9.630358974358975,9.0,39,11,0.01238787385968033,False
38868,,Universiti Putra Malaysia AS,broadband,2025-Q1,2025,1,91.20472951311001,86.12459742663356,92.34977563644688,93.30941683505752,14.76407894736842,13.381499999999999,38,11,0.012070236068406475,False
38891,,Measat Satellite Systems Sdn. Bhd.,broadband,2025-Q1,2025,1,9.964786538980354,1.1892767244778646,4.7846649377103745,0.1947297689752762,419.03826470588234,582.9335000000001,34,14,0.010799684903311057,False
38182,,Extreme Broadband - Total Broadband Experience,broadband,2025-Q1,2025,1,110.59273105998425,44.796896327499645,92.31829100913079,12.93815626697808,15.366096774193545,10.174,31,9,0.009846771529489493,False
56286,,IX Telecom,broadband,2025-Q1,2025,1,69.74965274220139,63.70630875692503,56.39134163570368,64.53316136253106,88.29896774193548,50.556,31,4,0.009846771529489493,False
137839,,IMU Education Sdn. Bhd.,broadband,2025-Q1,2025,1,914.1203691956914,894.8531523395308,942.8963842860846,917.3252410917348,6.8119,6.830500000000001,30,1,0.009529133738215638,False
132196,,DANAWA RESOURCES SDN BHD,broadband,2025-Q1,2025,1,34.09621543521812,11.801488534761582,12.704774826630485,0.8581303862064318,39.38244827586207,34.652,29,16,0.009211495946941784,False
7155,,"ViaSat,Inc.",broadband,2025-Q1,2025,1,10.056402148924102,0.9421048069128078,12.48702583812489,1.1294358022976547,100.56560714285716,92.5875,28,12,0.00889385815566793,False
132825,,MYTEK TRADING PTY LTD,broadband,2025-Q1,2025,1,113.29034185875379,28.105682128655776,121.70140733975008,27.117679161912914,106.9460740740741,101.345,27,4,0.008576220364394075,False
132890,,IP Core Sdn Bhd,broadband,2025-Q1,2025,1,94.49660665883002,87.63512255925875,30.364990824572548,25.80508599142965,13.042296296296296,10.375,27,7,0.008576220364394075,False
7361,,DataZone Networks LLC,broadband,2025-Q1,2025,1,18.771553529058018,10.092559439234973,9.71217969249661,6.750664132827565,78.898,78.026,25,4,0.007940944781846366,False
135496,,UNIVERSITI KEBANGSAAN MALAYSIA,broadband,2025-Q1,2025,1,143.4115510747158,180.8108558678075,126.27352302647466,157.32852328225187,13.078039999999998,10.928,25,10,0.007940944781846366,False
38466,U Mobile,U Mobile Sdn Bhd,broadband,2025-Q1,2025,1,113.66382558905423,87.95683582321736,101.73166799258765,102.3057861114408,10.262478260869566,9.793,23,13,0.007305669199298656,False
38278,,Orient Telecoms Sdn. Bhd,broadband,2025-Q1,2025,1,40.74511748456415,50.79952120855869,31.92136154581376,3.7105532291128247,125.94363636363637,182.4,22,6,0.006988031408024801,False
132198,,iCore Technology Sdn Bhd,broadband,2025-Q1,2025,1,8.628394899408102,5.256170449503884,9.358013964183716,5.908936573360049,8.18559090909091,7.181,22,4,0.006988031408024801,False
134152,,XMT Technologies Sdn Bhd,broadband,2025-Q1,2025,1,163.86206634407014,100.74759205289803,68.81237816759509,61.640561650220896,18.2348,7.9535,20,11,0.006352755825477092,False
139776,,Petroliam Nasional Berhad,broadband,2025-Q1,2025,1,190.64080610208353,84.58098419780897,143.74023289904218,16.194392722618495,39.485052631578945,28.843,19,3,0.006035118034203237,False
137510,,JENEXUS HOLDING SDN BHD,broadband,2025-Q1,2025,1,32.270117896035046,14.904379049613343,10.57428104811434,9.559313816960657,19.68111111111111,13.0,18,4,0.005717480242929383,False
132494,,Universiti Tun Hussein Onn Malaysia,broadband,2025-Q1,2025,1,62.76159779454666,74.6563833099541,21.540021529676665,22.294578924036816,18.328555555555553,20.119,18,4,0.005717480242929383,False
45810,,"University of Nottingham, Malaysia Campus",broadband,2025-Q1,2025,1,120.39991697173843,67.8150711594901,79.26041021972347,28.67944922962965,11.712882352941177,8.896,17,9,0.005399842451655528,False
24028,,REDtone,broadband,2025-Q1,2025,1,36.493878623200416,33.5736761735941,4.869463191890947,9.112860480841789,18.085625,16.3555,16,7,0.005082204660381674,False
45121,,Enterprise Managed Services Sdn. Bhd.,broadband,2025-Q1,2025,1,34.217590187483616,33.36065679449006,27.96725435092032,30.295959431894325,20.973437500000003,21.113,16,5,0.005082204660381674,False
134553,,i-Skill Dynamics Sdn Bhd,broadband,2025-Q1,2025,1,10.490630141096,4.540166207111382,6.158357651429478,4.773453823073453,71.7731875,67.78999999999999,16,3,0.005082204660381674,False
131330,,irix,broadband,2025-Q1,2025,1,186.53614713991362,146.4512824929107,141.2182947710392,113.58963666176301,35.684875,34.547,16,1,0.005082204660381674,False
134797,,Innet Technologies Sdn Bhd,broadband,2025-Q1,2025,1,15.185222313886957,22.584047667004246,10.094678362719794,18.91420159155939,14.636357142857147,14.145,14,1,0.004446929077833965,False
18106,,Viewqwest Pte Ltd,broadband,2025-Q1,2025,1,33.32595620920099,8.362745720645947,30.963324962237508,6.1841907305517285,91.71216666666668,88.5745,12,3,0.003811653495286255,False
24068,,Broadband Service Provider,broadband,2025-Q1,2025,1,42.81897160453866,48.00608944940279,34.66729792635964,40.07921257000181,14.341500000000002,10.6665,12,6,0.003811653495286255,False
38280,,Monash University Sunway Campus Malaysia,broadband,2025-Q1,2025,1,95.30706708000535,101.44820425048738,20.40591964331732,17.405430847070637,72.45027272727272,10.148,11,10,0.0034940157040124005,False
140625,,Excel Commerce Solutions Sdn. Bhd.,broadband,2025-Q1,2025,1,14.121141442250842,12.134159047388525,19.430342391626233,14.455441570510109,25.4434,23.848,10,2,0.003176377912738546,False
9655,,"TPM Corp. Berhad,",broadband,2025-Q1,2025,1,55.34257872419785,61.94722187711415,29.305743905731088,39.82874333657952,15.646399999999996,9.283000000000001,10,4,0.003176377912738546,False
56229,,LightsUp Network Solution Sdn. Bhd.,broadband,2025-Q1,2025,1,83.89990505551806,49.23931950951087,90.62498246376086,26.30642333576664,26.584222222222227,14.483,9,5,0.0028587401214646914,False
55547,,WOODSNET,broadband,2025-Q1,2025,1,27.574184406392117,13.716063775987037,28.42646786904366,11.702272,103.13455555555555,73.998,9,2,0.0028587401214646914,False
132530,,Infonal Sdn Bhd,broadband,2025-Q1,2025,1,157.28949192827938,87.15825987370609,92.39576589450519,4.505130680968201,104.80725,18.191499999999998,8,3,0.002541102330190837,False
140866,,TRUE PACKET SDN BHD,broadband,2025-Q1,2025,1,11.619357012938304,13.646784650355324,11.693748028303405,8.765117267348455,368.147,366.768,7,2,0.0022234645389169823,False
151813,,NETCOM,broadband,2025-Q1,2025,1,67.22374730337744,59.17956803973103,46.41743188368623,45.00920113308076,159.16066666666669,107.118,6,1,0.0019058267476431275,False
56111,,Agarto Sdn Bhd,broadband,2025-Q1,2025,1,103.39673957667837,109.3622891047172,102.53033034853144,112.0553915866412,157.47983333333335,186.5,6,1,0.0019058267476431275,False
153334,,Origin TechLab Sdn Bhd,broadband,2025-Q1,2025,1,66.12393606745115,29.502290291596307,69.95703149294674,26.12581840922156,191.78419999999997,192.329,5,3,0.001588188956369273,False
150712,,Weber Meyer Sdn Bhd,broadband,2025-Q1,2025,1,60.10640389352385,52.05865956344345,51.33886514949942,23.43865848367119,139.031,212.261,5,2,0.001588188956369273,False
45668,,AIMS Data Centre Sdn Bhd,broadband,2025-Q1,2025,1,254.30719321519166,142.32778481715135,249.48081783375795,140.82123915148978,10.590000000000002,8.6005,4,3,0.0012705511650954184,False
140904,,ADECCO ASIA BUSINESS SOLUTIONS SDN BHD,broadband,2025-Q1,2025,1,17.525070803236893,15.157760572226115,23.00771934464735,14.643418651078568,98.215,96.2465,4,1,0.0012705511650954184,False
134107,,University Malaysia Pahang,broadband,2025-Q1,2025,1,391.127102900287,89.60662313293639,373.22439108186074,50.28928520707186,16.66125,16.193,4,3,0.0012705511650954184,False
138199,,Transatel,broadband,2025-Q1,2025,1,22.188389116892395,0.08199784703552392,19.425191222108147,0.08199784703552392,75.9215,74.64099999999999,4,2,0.0012705511650954184,False
5580,,GTT Communications Netherlands B.V.,broadband,2025-Q1,2025,1,29.98190434997153,20.743162141338626,31.74777283291332,15.969535356544407,203.12875,184.83749999999998,4,2,0.0012705511650954184,False
136978,,JNI SYSTEM SDN BHD,broadband,2025-Q1,2025,1,189.39160785553756,145.16174144741527,189.66078954808958,170.74538840737856,10.270000000000001,8.81,3,1,0.0009529133738215638,False
33619,,"Advanced Micro Devices, Inc.",broadband,2025-Q1,2025,1,13.182045126519776,9.527386931523456,10.076146255168219,11.703964696739984,274.1886666666666,262.923,3,1,0.0009529133738215638,False
134168,,Conduent Business Services Malaysia Sdn. Bhd,broadband,2025-Q1,2025,1,52.88434785693008,0.9385688113904425,57.92699394935128,0.9385688113904425,39.666666666666664,38.0,3,1,0.0009529133738215638,False
136751,,Teleperformance Malaysia Sdn Bhd,broadband,2025-Q1,2025,1,37.25277279201756,11.557720893560829,12.648073746296156,11.557720893560829,22.215,19.407,3,1,0.0009529133738215638,False
135553,,VC Telecoms Sdn. Bhd.,broadband,2025-Q1,2025,1,124.37566718140691,96.89183593038118,125.71354438214775,96.89183593038118,15.201333333333332,14.222,3,1,0.0009529133738215638,False
154177,,LIGHT NODE LIMITED,broadband,2025-Q1,2025,1,30.76936587268659,20.60557116740882,4.946323831186491,7.742822322846697,20.498333333333335,6.435,3,2,0.0009529133738215638,False
134202,,E-WORLD COMMUNICATION SDN BHD,broadband,2025-Q1,2025,1,19.850903611246355,23.59493839565329,22.10443842245468,23.59493839565329,9.387,8.033,3,1,0.0009529133738215638,False
138504,,Universiti Pertahanan Nasional Malaysia,broadband,2025-Q1,2025,1,151.85617276381495,113.783693775312,25.380055677438833,64.13717821439737,13.754333333333335,13.92,3,1,0.0009529133738215638,False
138339,,SMARTSEL SDN BHD,broadband,2025-Q1,2025,1,73.42722269710214,41.66311122530458,61.460035992505425,43.16257524859404,9.016,8.258,3,1,0.0009529133738215638,False
142288,,Unit Pengurusan Teknologi Maklumat (UPTM),broadband,2025-Q1,2025,1,41.33811177102491,43.20540356575049,41.33811177102491,46.1111169555427,14.5185,14.5185,2,2,0.0006352755825477092,False
17666,,HITACHISUNWAY,broadband,2025-Q1,2025,1,99.8158642901706,25.234313545308297,99.8158642901706,25.234313545308297,9.332999999999998,9.332999999999998,2,1,0.0006352755825477092,False
54994,,Meteverse Limited.,broadband,2025-Q1,2025,1,31.209089145680622,13.044412411638511,31.209089145680622,13.044412411638511,129.316,129.316,2,1,0.0006352755825477092,False
45344,,International Islamic University Of Malaysia,broadband,2025-Q1,2025,1,67.76626780120799,44.61444383538282,67.76626780120799,44.61444383538282,15.156500000000001,15.156500000000001,2,1,0.0006352755825477092,False
58622,,"LCC Terminal, Jalan KLIA S3",broadband,2025-Q1,2025,1,63.04578320906545,43.557081934251606,63.04578320906545,43.557081934251606,17.816,17.816,2,2,0.0006352755825477092,False
141011,,Borneo Restu Sdn. Bhd.,broadband,2025-Q1,2025,1,637.6017457817444,574.3838811312833,637.6017457817444,574.3838811312833,31.669,31.669,2,1,0.0006352755825477092,False
134835,,Starry Network Limited,broadband,2025-Q1,2025,1,14.526582795027505,4.752130315091497,14.526582795027505,4.752130315091497,146.697,146.697,2,1,0.0006352755825477092,False
132885,,CET DEVELOPMENT SDN BHD,broadband,2025-Q1,2025,1,233.4865992086599,212.82142750170868,233.4865992086599,212.82142750170868,12.7265,12.7265,2,1,0.0006352755825477092,False
4637,,Telstra Global,broadband,2025-Q1,2025,1,43.312219052870695,38.56778764417285,43.312219052870695,38.56778764417285,22.711,22.711,2,2,0.0006352755825477092,False
714,,Apple Inc.,broadband,2025-Q1,2025,1,60.467259234809426,,60.467259234809426,,19.278,19.278,2,2,0.0006352755825477092,False
131996,,NEVIGATE GLOBAL NETWORK SDN. BHD.,broadband,2025-Q1,2025,1,43.8865681843716,0.015068600809063398,43.8865681843716,0.015068600809063398,5.4485,5.4485,2,1,0.0006352755825477092,False
136552,,Pacific Comnet (M) Sdn. Bhd.,broadband,2025-Q1,2025,1,18.007909517210315,17.679315164077522,18.007909517210315,17.679315164077522,7.1594999999999995,7.1594999999999995,2,1,0.0006352755825477092,False
133936,,X86 Network Sdn Bhd,broadband,2025-Q1,2025,1,1375.085245464623,2774.360291378689,1375.085245464623,2774.360291378689,7.338,7.338,2,2,0.0006352755825477092,False
138391,,Dewan Bandaraya Kuala Lumpur,broadband,2025-Q1,2025,1,453.99281319188003,529.678597821015,453.99281319188003,529.678597821015,7.437,7.437,2,1,0.0006352755825477092,False
214143,,SKYDIGITAL TELECOM LTD,broadband,2025-Q1,2025,1,10.241067608898136,3.219240300563885,10.241067608898136,3.219240300563885,6.0634999999999994,6.0634999999999994,2,2,0.0006352755825477092,False
18206,,TM TECHNOLOGY SERVICES SDN. BHD.,broadband,2025-Q1,2025,1,30.10084532866157,53.02649132052604,30.10084532866157,53.02649132052604,12.0755,12.0755,2,2,0.0006352755825477092,False
132688,,University of Malaya,broadband,2025-Q1,2025,1,915.2405596941147,356.3207266432536,915.2405596941147,356.3207266432536,13.715,13.715,2,2,0.0006352755825477092,False
58910,,ACODA Networks Sdn Bhd,broadband,2025-Q1,2025,1,15.788953419773025,3.4013924792231878,15.788953419773025,3.4013924792231878,14.496,14.496,2,1,0.0006352755825477092,False
138915,,Kaopu Cloud HK Limited,broadband,2025-Q1,2025,1,12.896027323368765,6.45799384636061,12.896027323368765,6.45799384636061,84.574,84.574,2,2,0.0006352755825477092,False
206216,,Advin Services LLC,broadband,2025-Q1,2025,1,5.405729651986284,0.8417642120610457,5.405729651986284,0.8417642120610457,221.341,221.341,1,1,0.0003176377912738546,False
18880,,Lam Research Corporation,broadband,2025-Q1,2025,1,25.492047903801502,,25.492047903801502,,14.856,14.856,1,1,0.0003176377912738546,False
139815,,Taylor's University Sdn Bhd,broadband,2025-Q1,2025,1,19.541480620955276,2.21467888844068,19.541480620955276,2.21467888844068,9.753,9.753,1,1,0.0003176377912738546,False
23736,,TM TECHNOLOGY SERVICES SDN. BHD.,broadband,2025-Q1,2025,1,21.213394267273518,29.852110351511428,21.213394267273518,29.852110351511428,24.177,24.177,1,1,0.0003176377912738546,False
136533,,MyISP Dot Com Sdn Bhd,broadband,2025-Q1,2025,1,3.872899162780783,,3.872899162780783,,371.0,371.0,1,1,0.0003176377912738546,False
132354,,CELCOM TIMUR (SABAH) SDN BHD,broadband,2025-Q1,2025,1,34.55013054378629,29.679484572352035,34.55013054378629,27.9967858939255,117.457,117.457,1,1,0.0003176377912738546,False
132829,,Nevigate Communications (S) Pte Ltd,broadband,2025-Q1,2025,1,6.810619433912543,7.458409366362535,6.810619433912543,7.458409366362535,32.901,32.901,1,1,0.0003176377912738546,False
45630,,AS-FIBRECOMM-MY- Internet Service Provider,broadband,2025-Q1,2025,1,90.69266153761231,80.70039715254852,90.69266153761231,80.70039715254852,10.479,10.479,1,1,0.0003176377912738546,False
136749,,KS IT SOLUTIONS SDN BHD,broadband,2025-Q1,2025,1,0.3144074097133461,0.15300439359104828,0.3144074097133461,0.15300439359104828,141.852,141.852,1,1,0.0003176377912738546,False
139899,,Reach Ten Communication Sdn Bhd,broadband,2025-Q1,2025,1,824.0621957760952,920.5225998392608,824.0621957760952,920.5225998392608,24.894,24.894,1,1,0.0003176377912738546,False
138995,,Antbox Networks Limited,broadband,2025-Q1,2025,1,2.5505101691963064,7.216138884147244,2.5505101691963064,7.216138884147244,170.895,170.895,1,1,0.0003176377912738546,False
10204,,Arcnet NTT MSC ISP,broadband,2025-Q1,2025,1,3.6144712379759487,4.199951060523652,3.6144712379759487,4.199951060523652,12.0,12.0,1,1,0.0003176377912738546,False
133169,,University Malaysia Perlis,broadband,2025-Q1,2025,1,93.10246398395299,73.35832724585464,93.10246398395299,73.35832724585464,21.477,21.477,1,1,0.0003176377912738546,False
200017,,Elisteka UAB,broadband,2025-Q1,2025,1,79.22729663105295,26.87159499533151,79.22729663105295,26.87159499533151,178.307,178.307,1,1,0.0003176377912738546,False
401783,,TOKALA COMMUNICATIONS INC.,broadband,2025-Q1,2025,1,4.9740676924002365,21.552021315966545,4.9740676924002365,21.552021315966545,9.387,9.387,1,1,0.0003176377912738546,False
135551,,Malaysian Communication and Multimedia Commission,broadband,2025-Q1,2025,1,189.36243260539158,181.2403325549691,189.36243260539158,181.2403325549691,11.543,11.543,1,1,0.0003176377912738546,False
134554,,Starnet Communications Sdn Bhd,broadband,2025-Q1,2025,1,72.71318277606443,5.7777504445237104,72.71318277606443,5.7777504445237104,16.216,16.216,1,1,0.0003176377912738546,False
38044,,GITN-NETWORK,broadband,2025-Q1,2025,1,2.5110640421788832,9.389672709847424,2.5110640421788832,9.389672709847424,26.113,26.113,1,1,0.0003176377912738546,False
132035,,Computer Center,broadband,2025-Q1,2025,1,82.93672720974676,91.91212868007526,82.93672720974676,91.91212868007526,16.675,16.675,1,1,0.0003176377912738546,False
174,Cogent,"Cogent Communications, LLC",broadband,2025-Q1,2025,1,463.78077673404636,701.730208041043,463.78077673404636,701.730208041043,0.565,0.565,1,1,0.0003176377912738546,False
4788,TM,TM TECHNOLOGY SERVICES SDN. BHD.,broadband,2025-Q2,2025,2,135.3118231622346,57.86251103780647,81.34041582724106,46.0428640455928,24.820220646486913,14.0,94448,49625,40.905704831696205,True
4818,Digi,DiGi Telecommunications Sdn. Bhd.,broadband,2025-Q2,2025,2,72.12348335730132,23.582512984325312,22.48762077536735,8.881765537266892,42.50435841927592,28.681,32310,23511,13.993555428512032,True
9930,TIME dotCom,TTNET,broadband,2025-Q2,2025,2,185.79559755571793,139.45664379679238,112.5018914402988,86.5039382950081,16.320999248002515,10.0,31932,16777,13.82984252377735,True
9534,Maxis,Binariang Berhad,broadband,2025-Q2,2025,2,138.0503815726477,52.07300584789176,82.97774642729982,40.35221152675034,21.159968490954892,13.359,21843,13443,9.460267137882646,True
10030,Celcom,Celcom Axiata Berhad,broadband,2025-Q2,2025,2,41.361909847271946,14.830881551658885,22.8940771596111,6.615642842069963,54.38090038867851,46.639,20068,14099,8.691509450305771,True
45960,Yes,YTL COMMUNICATIONS SDN BHD,broadband,2025-Q2,2025,2,44.917139995177585,15.100295947339436,9.738039989115801,3.3164714470834644,120.66637082405346,66.04650000000001,8988,5100,3.892729068135752,True
14593,Starlink,Space Exploration Technologies Corporation,broadband,2025-Q2,2025,2,41.01999001231729,4.889131969075269,14.510465861664922,3.6552396118057024,87.16270395290161,44.397,5950,2107,2.5769623893422033,True
56231,,MEASAT Broadcast Network Systems,broadband,2025-Q2,2025,2,63.23310430911813,62.18236817659615,50.349399394449975,56.83462273685259,12.978901806526807,8.3225,3432,1863,1.486409230289486,True
(unknown),,,broadband,2025-Q2,2025,2,65.41214152820514,17.08112976598451,10.689277537338702,4.308187661737822,31.993587249883667,25.97,2149,1560,0.9307381806212428,True
24020,,"University ITM, Shah Alam, Selangor Malaysia",broadband,2025-Q2,2025,2,38.23639481611644,39.31127274858319,23.879227764887567,31.612859433641898,15.720459074733094,8.035499999999999,1124,285,0.4868076849782582,True
72,,Schlumberger Limited,broadband,2025-Q2,2025,2,31.415079203795614,17.21451825999632,20.113789532321388,6.033914959711884,190.7182883625129,164.815,971,1,0.4205429378237444,True
38322,,TM TECHNOLOGY SERVICES SDN. BHD.,broadband,2025-Q2,2025,2,37.378182038291015,8.574583517235578,9.228978515962666,3.2091245781852535,33.79223648648648,26.7705,888,495,0.38459539524972713,True
149440,,Evoxt Sdn. Bhd.,broadband,2025-Q2,2025,2,174.9577038466307,61.33196335865513,113.87771903137626,46.87046575541437,9.930079952267302,7.0,838,49,0.3629402491208011,True
45410,,ALLO TECHNOLOGY SDN. BHD.,broadband,2025-Q2,2025,2,112.63528602058804,69.66535373901594,88.06901881287642,30.61239928881502,44.89829594272075,44.184,419,243,0.18147012456040054,True
133421,,INNET SOLUTIONS SDN BHD,broadband,2025-Q2,2025,2,30.87540967068246,27.57657809309654,10.150513118038477,9.047882312282022,28.746313471502592,12.305,386,66,0.16717772811530932,True
4983,,Intel Corporation,broadband,2025-Q2,2025,2,91.22014156658139,62.37012315575613,38.327557323969074,5.1649916893879055,18.9551328125,11.706,384,7,0.16631152227015228,True
132625,,SDEC,broadband,2025-Q2,2025,2,14.394902557392056,3.7552730618454335,10.928770626768557,2.4189031070332523,99.00428273809521,68.3425,336,93,0.14552258198638324,True
150734,,Myklnet Sdn Bhd,broadband,2025-Q2,2025,2,40.01482757583613,4.427964557001514,28.45237623155868,0.34575850075672493,217.4822848484848,183.031,330,11,0.14292396445091213,True
135277,,Freshtel Group SDN BHD,broadband,2025-Q2,2025,2,29.53014421473476,9.335887673884262,23.05698808854353,4.977690099816094,164.55384375000003,163.27499999999998,321,18,0.13902603814770542,True
142628,,HIIFI (M) SDN BHD,broadband,2025-Q2,2025,2,100.9180396192121,18.297531274364527,76.45018809265785,9.751209694847242,17.6898566552901,13.565,293,24,0.12689915631550683,True
133014,,Universiti Teknologi Malaysia,broadband,2025-Q2,2025,2,187.83392532799243,27.11497954019371,93.92522643966088,22.55387241883193,18.586363636363636,15.438,231,39,0.10004677511563848,True
134809,,ViewQwest Sdn. Bhd.,broadband,2025-Q2,2025,2,65.86014255687898,47.76676228670963,44.715700265618594,15.370456306264327,164.6968644859813,184.4795,214,66,0.09268402543180361,True
7155,,"ViaSat,Inc.",broadband,2025-Q2,2025,2,10.726931852071983,0.8786241389474365,12.879394601614909,1.0999277166428405,92.04996682464454,91.872,211,13,0.09138471666406806,True
23678,,Enterprise Managed Services Sdn. Bhd.,broadband,2025-Q2,2025,2,47.89468287819183,48.22274385811813,15.311189559001747,14.994138159679526,17.785932038834954,13.6965,206,32,0.08921920205117544,True
24090,,Universiti Sains Malaysia (USM),broadband,2025-Q2,2025,2,77.14324303403494,68.76142440283016,39.511082319143966,31.604027480492853,14.79024025974026,12.1135,154,73,0.06669785007709232,True
135496,,UNIVERSITI KEBANGSAAN MALAYSIA,broadband,2025-Q2,2025,2,67.33709116006614,87.25391235401032,39.72217416342274,51.36705523521175,13.605963503649633,11.21,137,13,0.059335100393257456,True
33353,,Sony Interactive Entertainment LLC,broadband,2025-Q2,2025,2,28.01726493702183,11.488257171430197,17.09335844399175,1.0480202419530957,88.06767669172932,79.624,133,36,0.05760268870294337,True
3614,,"Dell, Inc.",broadband,2025-Q2,2025,2,30.608514893504612,25.715856693876987,16.163868608883757,19.90673627979116,165.9052015503876,217.302,129,7,0.05587027701262928,True
132890,,IP Core Sdn Bhd,broadband,2025-Q2,2025,2,113.63596931027688,87.61076361135468,30.45050847712076,30.426771767287555,14.362278688524587,9.8175,122,9,0.05283855655457963,True
137510,,JENEXUS HOLDING SDN BHD,broadband,2025-Q2,2025,2,57.59825883900987,22.695662991014686,33.226067886732565,10.167569103706555,15.521509090909088,13.068999999999999,110,10,0.047641321483637374,True
134152,,XMT Technologies Sdn Bhd,broadband,2025-Q2,2025,2,278.14094065780256,171.32670054040884,238.5905310358671,113.56122921507341,7.6983490566037736,7.0,106,28,0.04590890979332329,True
134232,,SACOFA Sdn. Bhd.,broadband,2025-Q2,2025,2,18.775048750104865,5.650361286498734,14.496807353198236,3.4770538134850892,47.73798076923077,45.658,104,21,0.04504270394816624,True
212238,,Datacamp Limited,broadband,2025-Q2,2025,2,21.19066067160121,4.771210356163951,10.506690115998198,2.081580878243026,4.421138613861387,0.259,101,4,0.043743395180430675,True
58622,,"LCC Terminal, Jalan KLIA S3",broadband,2025-Q2,2025,2,73.51546616028052,62.70603427628079,75.02004734695345,64.96931791220052,12.730679999999998,8.998000000000001,100,5,0.043310292257852157,True
24028,,REDtone,broadband,2025-Q2,2025,2,20.72400264354553,16.80018705090613,4.267275556342778,6.0701568694538945,21.77508421052632,13.66,95,13,0.04114477764495955,False
38182,,Extreme Broadband - Total Broadband Experience,broadband,2025-Q2,2025,2,79.31631517754957,49.900094238153066,43.77675870672263,9.911016183093746,12.714065934065937,8.468,91,22,0.039412365954645465,False
24514,,MINISTRY OF HIGHER EDUCATION MALAYSIA,broadband,2025-Q2,2025,2,112.95992650816379,40.582195894567306,51.72788478799218,20.313317183196727,36.49452380952381,16.636499999999998,84,54,0.03638064549659581,False
132111,,Bigband Sdn Bhd,broadband,2025-Q2,2025,2,102.4100420972302,100.57020718685109,77.28264427769156,83.57453321264835,205.58015384615385,223.802,65,1,0.0281516899676039,False
56286,,IX Telecom,broadband,2025-Q2,2025,2,72.90844270322644,46.55555901688325,60.0331090245445,41.490131522698356,81.29299999999999,51.083,50,5,0.021655146128926078,False
138996,,Uni Comms International Sdn Bhd,broadband,2025-Q2,2025,2,168.27517200657522,115.2160149388193,82.13583638400249,47.756566272773455,46.7515625,10.742,48,5,0.020788940283769035,False
55482,,DIGITAL WAVE,broadband,2025-Q2,2025,2,53.395529964906466,41.97269732917594,57.612025638900604,39.56964187151531,13.95454347826087,8.844000000000001,46,12,0.01992273443861199,False
38891,,Measat Satellite Systems Sdn. Bhd.,broadband,2025-Q2,2025,2,27.920305330329192,2.8955816405635715,27.13089967514825,2.4331137299523777,48.73726666666667,11.084,45,13,0.01948963151603347,False
45810,,"University of Nottingham, Malaysia Campus",broadband,2025-Q2,2025,2,71.42560502204975,59.59889657864247,21.62835926481533,22.119172808006926,9.857235294117647,9.402000000000001,34,25,0.014725499367669733,False
18206,,TM TECHNOLOGY SERVICES SDN. BHD.,broadband,2025-Q2,2025,2,33.26329284487348,13.951108135098027,37.125016337033536,0.10272791275782693,9.793290322580647,9.409,31,3,0.013426190599934168,False
9655,,"TPM Corp. Berhad,",broadband,2025-Q2,2025,2,30.25461803337097,18.4826274242209,28.12237568680544,11.729976496287971,39.92609677419355,12.614,31,15,0.013426190599934168,False
140866,,TRUE PACKET SDN BHD,broadband,2025-Q2,2025,2,11.257007323778318,10.229618253271981,8.989751511554049,7.871120423409352,306.3591935483871,340.809,31,2,0.013426190599934168,False
17564,,GITN (M) Sdn. Bhd.,broadband,2025-Q2,2025,2,247.86263086529738,165.07825454311657,243.49773787482945,102.01655311723441,23.355066666666666,11.458,30,20,0.012993087677355648,False
139776,,Petroliam Nasional Berhad,broadband,2025-Q2,2025,2,106.07640909452478,56.6088214275931,25.155296929537332,9.64540957113785,50.064206896551724,35.991,29,5,0.012559984754777126,False
132874,,Universiti Malaysia Sabah,broadband,2025-Q2,2025,2,81.97897108553045,47.31062831492277,91.49807018740816,15.496314123604778,121.91696296296296,107.436,27,17,0.011693778909620083,False
153334,,Origin TechLab Sdn Bhd,broadband,2025-Q2,2025,2,33.831585302211714,23.637414482149595,30.204608872228537,19.26492147392661,255.56048148148147,195.897,27,9,0.011693778909620083,False
134797,,Innet Technologies Sdn Bhd,broadband,2025-Q2,2025,2,58.484951945151906,52.21329904070653,45.50852507604711,47.045403296681,11.75696,10.935,25,1,0.010827573064463039,False
132494,,Universiti Tun Hussein Onn Malaysia,broadband,2025-Q2,2025,2,133.41322683727395,168.90754371724196,95.11258797576106,103.79464835467219,18.87369565217391,13.031,23,7,0.009961367219305996,False
132825,,MYTEK TRADING PTY LTD,broadband,2025-Q2,2025,2,51.36801356228413,38.39352915391042,39.01811350647857,22.517373074748225,133.4620909090909,134.90050000000002,22,3,0.009528264296727474,False
56229,,LightsUp Network Solution Sdn. Bhd.,broadband,2025-Q2,2025,2,133.97086238185005,104.61157075600248,61.751439782722606,51.13016755776685,104.6755238095238,13.853,21,10,0.009095161374148952,False
17666,,HITACHISUNWAY,broadband,2025-Q2,2025,2,24.16516615922746,5.602541015105307,22.280517343341344,4.275201870057372,10.50735,6.9079999999999995,20,3,0.00866205845157043,False
5580,,GTT Communications Netherlands B.V.,broadband,2025-Q2,2025,2,56.6900469158872,36.54414019360102,53.27403462082555,31.514419666003526,111.59368421052632,153.269,19,2,0.008228955528991909,False
38280,,Monash University Sunway Campus Malaysia,broadband,2025-Q2,2025,2,17.993187077874296,17.744523650157003,20.249033340953893,21.210308527913096,10.079105263157894,9.935,19,16,0.008228955528991909,False
132694,,Universiti Sains Islam Malaysia,broadband,2025-Q2,2025,2,70.86437638854757,22.381537027292804,31.16105915756167,15.349452325112253,21.454894736842107,10.158,19,6,0.008228955528991909,False
140625,,Excel Commerce Solutions Sdn. Bhd.,broadband,2025-Q2,2025,2,204.6440394668885,161.37766990611993,75.65422904465674,48.060947520102076,13.98561111111111,11.3345,18,9,0.007795852606413388,False
984,,OCTOPUS WEB SOLUTION INC,broadband,2025-Q2,2025,2,18.996157651322022,14.886167732869211,15.929343983484738,15.527774086252496,12.90470588235294,6.288,17,5,0.007362749683834866,False
139815,,Taylor's University Sdn Bhd,broadband,2025-Q2,2025,2,22.545343428192275,80.80735194879001,9.52306185907185,61.485209993463066,31.57313333333333,9.44,15,1,0.006496543838677824,False
138915,,Kaopu Cloud HK Limited,broadband,2025-Q2,2025,2,16.581290361775523,15.89239839038213,15.121684058460206,18.995187855228895,143.21446666666665,190.397,15,1,0.006496543838677824,False
138504,,Universiti Pertahanan Nasional Malaysia,broadband,2025-Q2,2025,2,137.83065064136912,68.88024708580144,41.159072155423125,29.805490425310378,12.396533333333334,12.752,15,1,0.006496543838677824,False
134553,,i-Skill Dynamics Sdn Bhd,broadband,2025-Q2,2025,2,33.13912348864827,19.548865711537406,21.414886868090505,7.84098567457879,85.73746666666668,68.486,15,5,0.006496543838677824,False
154177,,LIGHT NODE LIMITED,broadband,2025-Q2,2025,2,29.474994156785375,6.0432569306617205,23.40649566068594,7.8125756539495255,6.8730666666666655,6.863,15,2,0.006496543838677824,False
132196,,DANAWA RESOURCES SDN BHD,broadband,2025-Q2,2025,2,3.7719410033013645,2.4275479342268755,2.19285213345734,2.015720064046697,119.40635714285715,80.7145,14,9,0.006063440916099302,False
714,,Apple Inc.,broadband,2025-Q2,2025,2,68.62872603276564,49.20156651809161,80.40520741828747,18.888048781975524,12.878357142857144,12.000499999999999,14,10,0.006063440916099302,False
38466,U Mobile,U Mobile Sdn Bhd,broadband,2025-Q2,2025,2,157.46221391296046,175.66608441358008,115.57135024758007,178.97878188911608,9.857923076923075,9.118,13,7,0.00563033799352078,False
142631,,Metro Lightspeed,broadband,2025-Q2,2025,2,49.267378776430355,13.076371572309156,29.773285621848498,0.8865969608554292,94.12700000000001,23.586,13,6,0.00563033799352078,False
132530,,Infonal Sdn Bhd,broadband,2025-Q2,2025,2,62.990881881233015,9.849088624434964,24.48389516587772,1.8546383837874796,238.86766666666668,340.6675,12,2,0.005197235070942259,False
55420,,APNIC ASN Block,broadband,2025-Q2,2025,2,123.09692082090645,70.00312909418734,75.56718395004222,36.437825122268976,103.41666666666669,106.9785,12,9,0.005197235070942259,False
136751,,Teleperformance Malaysia Sdn Bhd,broadband,2025-Q2,2025,2,9.653283000720156,7.714825850834375,4.864421109371408,5.227422149030765,193.19125,34.676500000000004,12,1,0.005197235070942259,False
18106,,Viewqwest Pte Ltd,broadband,2025-Q2,2025,2,41.58057757477076,33.033314160766786,44.09211567510117,36.66150003719973,121.66491666666667,91.766,12,2,0.005197235070942259,False
4637,,Telstra Global,broadband,2025-Q2,2025,2,100.80525591537643,89.08555231604682,106.76521674448573,109.15356144411133,10.5825,10.133,12,3,0.005197235070942259,False
132688,,University of Malaya,broadband,2025-Q2,2025,2,355.48968656544815,359.90846325192416,92.95764640284216,137.97914433484544,10.808454545454545,9.692,11,9,0.004764132148363737,False
134202,,E-WORLD COMMUNICATION SDN BHD,broadband,2025-Q2,2025,2,19.814566810050007,19.963036771672925,22.12930053220049,22.083502944408263,15.518909090909093,8.059,11,2,0.004764132148363737,False
132354,,CELCOM TIMUR (SABAH) SDN BHD,broadband,2025-Q2,2025,2,65.43593261088051,60.443759573728535,24.441068333729206,27.99054699756775,88.64272727272727,83.289,11,6,0.004764132148363737,False
134107,,University Malaysia Pahang,broadband,2025-Q2,2025,2,224.39062528767104,206.79904590956562,64.2666853431647,120.1141729563179,23.4664,17.987000000000002,10,3,0.004331029225785215,False
131330,,irix,broadband,2025-Q2,2025,2,69.80818053476689,72.21377717905011,55.21684923593295,21.91363223002962,78.18490000000001,79.7465,10,1,0.004331029225785215,False
10204,,Arcnet NTT MSC ISP,broadband,2025-Q2,2025,2,56.79031775563903,33.74484641246217,54.35542460527593,29.885639801178346,16.863444444444443,10.0,9,3,0.003897926303206694,False
142111,,Zhejiang Aiyun Network Technology Co Ltd,broadband,2025-Q2,2025,2,76.26852917558588,17.675254772433625,20.016405468457087,16.466578875501774,63.236000000000004,8.0,9,4,0.003897926303206694,False
24068,,Broadband Service Provider,broadband,2025-Q2,2025,2,35.54497553749215,28.406893365028555,42.825778804952584,34.70880669776419,20.62911111111111,18.789,9,6,0.003897926303206694,False
133609,,Infinity Supercorridor Sdn Bhd,broadband,2025-Q2,2025,2,79.6922333290027,77.98415410018393,10.184139044868296,4.59491726672476,52.54075,12.120000000000001,8,1,0.0034648233806281723,False
131996,,NEVIGATE GLOBAL NETWORK SDN. BHD.,broadband,2025-Q2,2025,2,17.257901472541775,6.016110479033175,10.057102155439123,3.2772395686518534,6.156124999999999,5.887499999999999,8,1,0.0034648233806281723,False
137552,,Terabix,broadband,2025-Q2,2025,2,109.55178638713585,5.479339967762184,70.10702302381249,5.479339967762184,1.4629999999999999,1.309,7,2,0.003031720458049651,False
138199,,Transatel,broadband,2025-Q2,2025,2,36.05807689534497,25.125226789760593,39.86221204100794,21.753074916480703,36.83242857142857,36.092,7,2,0.003031720458049651,False
151813,,NETCOM,broadband,2025-Q2,2025,2,24.42191138222675,24.63612542122085,26.044649516537394,24.3918812271678,194.125,193.951,7,1,0.003031720458049651,False
19637,,Avago Technologies U.S. Inc.,broadband,2025-Q2,2025,2,99.10126239867314,119.0012293807905,93.21119877433475,85.1938680245279,13.265714285714287,13.413,7,1,0.003031720458049651,False
142288,,Unit Pengurusan Teknologi Maklumat (UPTM),broadband,2025-Q2,2025,2,12.415656712008241,5.910837089081947,8.12897387395334,1.1154438200193215,34.21042857142857,17.477,7,3,0.003031720458049651,False
2914,,"NTT America, Inc.",broadband,2025-Q2,2025,2,241.930858233806,478.1573912622308,267.7572119956185,567.4887552625255,48.135,14.06,6,1,0.0025986175354711294,False
132198,,iCore Technology Sdn Bhd,broadband,2025-Q2,2025,2,47.4014153445257,5.5978452298388754,26.113077973905753,4.612019339995456,15.615333333333334,11.307500000000001,6,2,0.0025986175354711294,False
397077,,Sony Interactive Entertainment LLC.,broadband,2025-Q2,2025,2,47.90036595931294,7.15140107867116,49.151716059202556,7.4621148516324,16.837,16.314500000000002,6,1,0.0025986175354711294,False
135553,,VC Telecoms Sdn. Bhd.,broadband,2025-Q2,2025,2,45.80798815838076,42.00044283321376,26.707791096371405,7.615889286028639,13.361166666666668,12.075,6,1,0.0025986175354711294,False
38868,,Universiti Putra Malaysia AS,broadband,2025-Q2,2025,2,403.75367019911863,324.65594387485396,108.3196494104279,106.49029552666534,9.4762,9.176,5,3,0.0021655146128926077,False
38278,,Orient Telecoms Sdn. Bhd,broadband,2025-Q2,2025,2,163.15641232574268,146.6806299418387,68.12820653328218,21.125458127463347,41.6634,43.123,5,5,0.0021655146128926077,False
138339,,SMARTSEL SDN BHD,broadband,2025-Q2,2025,2,11.893670147894047,5.896654345266273,10.222023337330919,8.09068870931129,17.7288,11.023,5,2,0.0021655146128926077,False
139761,,Gigabit Fiber Sdn Bhd,broadband,2025-Q2,2025,2,25.601503627444448,5.09618099619427,24.89742069777637,4.500620880150983,282.38199999999995,343.468,5,2,0.0021655146128926077,False
132372,,GB Network Solutions Sdn. Bhd.,broadband,2025-Q2,2025,2,302.2160362804434,51.70343578945637,296.2244733101946,51.70343578945637,23.7688,8.636,5,4,0.0021655146128926077,False
138391,,Dewan Bandaraya Kuala Lumpur,broadband,2025-Q2,2025,2,391.7228344356873,316.36079624577627,200.32482029014415,155.32689169953596,8.4574,8.611,5,2,0.0021655146128926077,False
132170,,Exitra Sdn. Bhd.,broadband,2025-Q2,2025,2,89.16517289477106,40.62919989019538,91.88150184514082,40.62919989019538,7.4005,7.289,4,4,0.0017324116903140862,False
401783,,TOKALA COMMUNICATIONS INC.,broadband,2025-Q2,2025,2,8.433303154046335,9.380779203510668,3.4815732006939486,9.705797577386164,7.64025,7.1325,4,2,0.0017324116903140862,False
136552,,Pacific Comnet (M) Sdn. Bhd.,broadband,2025-Q2,2025,2,15.663756918021003,20.54563248822071,15.947039588794635,20.54563248822071,7.8225,7.4254999999999995,4,2,0.0017324116903140862,False
214143,,SKYDIGITAL TELECOM LTD,broadband,2025-Q2,2025,2,8.528218948629995,4.817310510635701,8.879126762599462,3.909363148160174,6.98875,6.0,4,1,0.0017324116903140862,False
45121,,Enterprise Managed Services Sdn. Bhd.,broadband,2025-Q2,2025,2,64.91527219032217,69.41676476223275,9.300208657524536,69.41676476223275,31.7765,35.729,4,2,0.0017324116903140862,False
9304,,HGC Global Communications Limited,broadband,2025-Q2,2025,2,22.06413891402241,11.370450068848374,22.568290049755966,12.662055244787252,129.6695,152.7545,4,2,0.0017324116903140862,False
5065,,Bunny Communications,broadband,2025-Q2,2025,2,14.888582206957743,2.004721929899854,15.179072473941687,2.207805917402058,311.45025,310.9365,4,2,0.0017324116903140862,False
45630,,AS-FIBRECOMM-MY- Internet Service Provider,broadband,2025-Q2,2025,2,47.584608112456316,9.505813348879478,56.79493069585735,9.505813348879478,7.442666666666667,7.0,3,2,0.0012993087677355647,False
23659,,APNIC HEITECH ASN,broadband,2025-Q2,2025,2,83.44742202855649,64.70352757148613,97.83258738432424,93.95024864278707,8.866666666666667,8.703,3,1,0.0012993087677355647,False
33619,,"Advanced Micro Devices, Inc.",broadband,2025-Q2,2025,2,17.65608272585505,0.07408181178190094,1.3848859772437252,0.07408181178190094,748.828,365.349,3,1,0.0012993087677355647,False
137263,,NETEASE HONG KONG LIMITED,broadband,2025-Q2,2025,2,67.43537907570881,5.329432236062098,43.53505998434037,5.329432236062098,54.647999999999996,2.231,3,2,0.0012993087677355647,False
214483,,FiberPower LLC,broadband,2025-Q2,2025,2,20.520510863697925,12.270396088556828,20.63314251338353,10.106592310790708,1.7426666666666666,1.345,3,2,0.0012993087677355647,False
150712,,Weber Meyer Sdn Bhd,broadband,2025-Q2,2025,2,107.3239101907751,147.10495518312447,82.44054298722169,148.39828562257625,82.793,82.825,3,2,0.0012993087677355647,False
141011,,Borneo Restu Sdn. Bhd.,broadband,2025-Q2,2025,2,438.920525318787,505.3307891817158,471.7866537208673,702.154715012083,30.945999999999998,27.961,3,3,0.0012993087677355647,False
136749,,KS IT SOLUTIONS SDN BHD,broadband,2025-Q2,2025,2,12.112854233447266,2.1166471778033706,12.112854233447266,2.1166471778033706,109.8,109.8,2,2,0.0008662058451570431,False
132885,,CET DEVELOPMENT SDN BHD,broadband,2025-Q2,2025,2,184.968831120694,367.7208811678231,184.968831120694,367.7208811678231,9.8525,9.8525,2,1,0.0008662058451570431,False
152652,,UNIVERSITI SULTAN AZLAN SHAH,broadband,2025-Q2,2025,2,29.20208592511626,28.436471716777596,29.20208592511626,28.436471716777596,9.5,9.5,2,1,0.0008662058451570431,False
56111,,Agarto Sdn Bhd,broadband,2025-Q2,2025,2,21.84426855939854,4.874446849613993,21.84426855939854,4.874446849613993,249.0025,249.0025,2,1,0.0008662058451570431,False
135551,,Malaysian Communication and Multimedia Commission,broadband,2025-Q2,2025,2,83.88138510597365,107.15007802914542,83.88138510597365,107.15007802914542,8.276499999999999,8.276499999999999,2,1,0.0008662058451570431,False
134554,,Starnet Communications Sdn Bhd,broadband,2025-Q2,2025,2,50.484324045361724,8.2624042921053,50.484324045361724,8.2624042921053,28.768,28.768,1,1,0.00043310292257852154,False
3911,,"Micron Technology, Inc.",broadband,2025-Q2,2025,2,58.66575224769876,,58.66575224769876,,20.952,20.952,1,1,0.00043310292257852154,False
38044,,GITN-NETWORK,broadband,2025-Q2,2025,2,15.95159511947585,32.119809010215484,15.95159511947585,32.119809010215484,17.718,17.718,1,1,0.00043310292257852154,False
132035,,Computer Center,broadband,2025-Q2,2025,2,89.57359329065645,90.22393165418742,89.57359329065645,90.22393165418742,18.292,18.292,1,1,0.00043310292257852154,False
45668,,AIMS Data Centre Sdn Bhd,broadband,2025-Q2,2025,2,102.49858008313052,45.017420780545365,102.49858008313052,45.017420780545365,8.361,8.361,1,1,0.00043310292257852154,False
135580,,Neutral Transmission Malaysia Sdn. Bhd.,broadband,2025-Q2,2025,2,457.2735274813749,324.4648300672915,457.2735274813749,324.4648300672915,8.456,8.456,1,1,0.00043310292257852154,False
7361,,DataZone Networks LLC,broadband,2025-Q2,2025,2,62.405475995119566,0.18191181149665914,62.405475995119566,0.18191181149665914,86.0,86.0,1,1,0.00043310292257852154,False
198723,,University of Reading,broadband,2025-Q2,2025,2,36.03483190020327,,36.03483190020327,,9.09,9.09,1,1,0.00043310292257852154,False
45839,,Shinjiru Technology Sdn Bhd,broadband,2025-Q2,2025,2,74.10568628723115,,74.10568628723115,,10.25,10.25,1,1,0.00043310292257852154,False
140710,,NKH SOLUTION SDN BHD,broadband,2025-Q2,2025,2,87.36632916823459,67.42369430313046,87.36632916823459,67.42369430313046,8.58,8.58,1,1,0.00043310292257852154,False
2571,,DHL Information Services (Europe) s.r.o,broadband,2025-Q2,2025,2,11.12673456355188,7.716636332347877,11.12673456355188,7.716636332347877,186.0,186.0,1,1,0.00043310292257852154,False
140904,,ADECCO ASIA BUSINESS SOLUTIONS SDN BHD,broadband,2025-Q2,2025,2,31.815376722095998,,31.815376722095998,,118.656,118.656,1,1,0.00043310292257852154,False
41095,,IPTP LTD,broadband,2025-Q2,2025,2,36.94776663317252,42.45077489730075,36.94776663317252,42.45077489730075,22.945,22.945,1,1,0.00043310292257852154,False
137839,,IMU Education Sdn. Bhd.,broadband,2025-Q2,2025,2,88.48268611730664,89.45049532375891,88.48268611730664,89.45049532375891,9.093,9.093,1,1,0.00043310292257852154,False
4907,,IENS TECHNOLOGY PTE. LTD,broadband,2025-Q2,2025,2,95.8918782924821,49.84568012407174,95.8918782924821,49.84568012407174,34.677,34.677,1,1,0.00043310292257852154,False
131684,,Universal Connections Technologies (M) Sdn. Bhd.,broadband,2025-Q2,2025,2,176.32616100294095,188.46054792238354,176.32616100294095,188.46054792238354,11.604,11.604,1,1,0.00043310292257852154,False
38005,,MIMOS R&D Malaysia,broadband,2025-Q2,2025,2,96.67904718498563,0.11190822898035778,96.67904718498563,0.11190822898035778,8.998,8.998,1,1,0.00043310292257852154,False
62240,,Clouvider,broadband,2025-Q2,2025,2,29.38706102636671,4.4271751178023715,29.38706102636671,4.4271751178023715,127.176,127.176,1,1,0.00043310292257852154,False
136533,,MyISP Dot Com Sdn Bhd,broadband,2025-Q2,2025,2,31.048877924438962,50.1858482622328,31.048877924438962,50.1858482622328,334.114,334.114,1,1,0.00043310292257852154,False
174,Cogent,"Cogent Communications, LLC",broadband,2025-Q2,2025,2,82.87486888299335,,82.87486888299335,,102.514,102.514,1,1,0.00043310292257852154,False
151975,,Electronic Arts Inc.,broadband,2025-Q2,2025,2,7.004997599490518,74.28151034979814,7.004997599490518,74.28151034979814,259.629,259.629,1,1,0.00043310292257852154,False
133936,,X86 Network Sdn Bhd,broadband,2025-Q2,2025,2,29.968279387252082,,29.968279387252082,,7.0,7.0,1,1,0.00043310292257852154,False
3573,,Accenture LLP,broadband,2025-Q2,2025,2,200.48820466595592,,200.48820466595592,,10.419,10.419,1,1,0.00043310292257852154,False
132531,,M EAST SDN. BHD.,broadband,2025-Q2,2025,2,82.53493722327978,98.8445602487036,82.53493722327978,98.8445602487036,3.343,3.343,1,1,0.00043310292257852154,False
4788,TM,TM TECHNOLOGY SERVICES SDN. BHD.,broadband,2025-Q3,2025,3,126.05054445925212,55.21037366298117,75.13312091610588,45.25451829998488,29.890032503322043,15.0,132508,69628,49.373092730111296,True
9930,TIME dotCom,TTNET,broadband,2025-Q3,2025,3,180.49758734251859,134.49161718492078,108.12655426526887,84.51933848020141,16.613712148512157,10.085,36649,19096,13.655586647340908,True
9534,Maxis,Binariang Berhad,broadband,2025-Q3,2025,3,137.0174180415218,52.0462220035992,81.87462490620095,40.97161091046714,23.215435626228327,14.043,27992,14204,10.429948468781323,True
10030,Celcom,Celcom Axiata Berhad,broadband,2025-Q3,2025,3,49.64801630907341,15.108705581467868,25.750696165213867,6.4342757935267905,29.252110978009746,8.706,23374,14278,8.709260342572685,True
4818,Digi,DiGi Telecommunications Sdn. Bhd.,broadband,2025-Q3,2025,3,96.85166589824154,36.17231578438281,35.09641239234734,14.444805171012927,39.3218745635094,26.644,18336,10369,6.832078276778162,True
45960,Yes,YTL COMMUNICATIONS SDN BHD,broadband,2025-Q3,2025,3,48.550256542629974,18.47495162618541,11.722819103007225,3.6724989240017214,117.6345136374907,98.18,8069,4428,3.006546663139343,True
14593,Starlink,Space Exploration Technologies Corporation,broadband,2025-Q3,2025,3,58.50959273335356,7.072409736922342,27.326052476410933,6.4881493996675506,51.97625736738702,28.774,5599,2971,2.086213256527101,True
56231,,MEASAT Broadcast Network Systems,broadband,2025-Q3,2025,3,50.167830382974394,59.134988787494564,30.854244472347233,54.305617291240694,13.90511196379378,8.6035,5082,3308,1.8935766689892355,True
149440,,Evoxt Sdn. Bhd.,broadband,2025-Q3,2025,3,212.28690991418404,61.50998339090276,150.14963958707384,45.69831814355885,10.445514851485148,8.0,1111,65,0.4139637306664779,True
72,,Schlumberger Limited,broadband,2025-Q3,2025,3,17.71841933902097,13.959140091901242,12.542986919873105,5.137535451585349,315.3009553734062,286.572,1100,1,0.4098650798677999,True
45410,,ALLO TECHNOLOGY SDN. BHD.,broadband,2025-Q3,2025,3,166.90846910325402,100.52123620450224,99.82750676642286,50.678775217552484,21.131289433384378,13.293,653,324,0.24331081559424847,True
24020,,"University ITM, Shah Alam, Selangor Malaysia",broadband,2025-Q3,2025,3,48.050459969785415,50.5516568982346,28.9744538819701,29.833749924079697,19.935246376811598,9.9375,552,169,0.2056777491700232,True
24514,,MINISTRY OF HIGHER EDUCATION MALAYSIA,broadband,2025-Q3,2025,3,87.30456569460458,60.503455693941355,53.16577292073738,36.22496991049347,34.966111328124995,18.926000000000002,512,97,0.19077356444755778,True
4983,,Intel Corporation,broadband,2025-Q3,2025,3,123.43221297040917,78.5022196985565,55.97222050427266,12.887128162669676,27.04761252446184,12.003,511,11,0.19040095982949612,True
133421,,INNET SOLUTIONS SDN BHD,broadband,2025-Q3,2025,3,46.515834862630754,44.92359327822358,13.3543984656541,11.345974651077288,32.886220489977724,12.246,449,66,0.16729947350967467,True
132625,,SDEC,broadband,2025-Q3,2025,3,24.884775347865695,9.945431648906101,14.312051508725634,2.234125645848877,92.49937430167597,44.123999999999995,358,153,0.13339245326606577,True
38891,,Measat Satellite Systems Sdn. Bhd.,broadband,2025-Q3,2025,3,23.357956848751073,3.1416977741490966,23.31112885607628,3.840304051930695,35.44877616279069,32.539,344,50,0.12817598861320287,True
38182,,Extreme Broadband - Total Broadband Experience,broadband,2025-Q3,2025,3,93.85844477375446,35.36617143210581,77.14081096313568,5.719282386009319,10.249444816053511,9.0,299,40,0.11140878080042924,True
134809,,ViewQwest Sdn. Bhd.,broadband,2025-Q3,2025,3,59.35273772245465,49.63451872303337,35.53433358792984,25.440967872507564,148.06912313432835,184.57049999999998,268,95,0.09985803764051851,True
3614,,"Dell, Inc.",broadband,2025-Q3,2025,3,53.00226832258295,27.213674839613923,46.31980863528683,18.713354578505204,126.50867175572517,95.2795,262,16,0.0976224099321487,True
135277,,Freshtel Group SDN BHD,broadband,2025-Q3,2025,3,37.324142003021585,9.603126748268737,30.487379341360914,5.386781592029237,152.61906538461542,160.19299999999998,260,14,0.09687720069602543,True
55482,,DIGITAL WAVE,broadband,2025-Q3,2025,3,48.49220918198887,53.229686919502534,30.509163308295534,52.733481822158204,31.946416666666664,13.053,240,15,0.0894251083347927,True
7155,,"ViaSat,Inc.",broadband,2025-Q3,2025,3,11.137664099687012,0.8749048711331923,12.311033216768696,1.0823490177854986,94.89325112107625,92.106,223,13,0.08309082982774489,True
132890,,IP Core Sdn Bhd,broadband,2025-Q3,2025,3,94.91684621465141,71.74942365420783,29.970102529774856,26.767928312693556,22.36187962962963,12.0,216,14,0.08048259750131344,True
58622,,"LCC Terminal, Jalan KLIA S3",broadband,2025-Q3,2025,3,268.0775684277698,106.92450314515023,111.1214276435795,83.16790696131838,9.269169014084508,8.859,213,1,0.07936478364712853,True
23678,,Enterprise Managed Services Sdn. Bhd.,broadband,2025-Q3,2025,3,42.416176865489106,37.162675642707256,19.420864495074536,14.495910932856528,20.363688442211057,14.012,199,29,0.07414831899426562,True
(unknown),,,broadband,2025-Q3,2025,3,54.60665021699441,42.58460249429527,32.0628854154976,7.827460940429468,69.96608205128206,1.368,195,16,0.07265790052201906,True
150734,,Myklnet Sdn Bhd,broadband,2025-Q3,2025,3,49.18444422751648,5.812283887899947,36.75861916034579,2.2668268236648057,176.705828125,189.5,192,16,0.07154008666783417,True
24090,,Universiti Sains Malaysia (USM),broadband,2025-Q3,2025,3,98.57989702868218,84.19905514174762,80.87398705147797,55.187901736708504,14.911781818181819,14.0,165,67,0.06147976198016998,True
142628,,HIIFI (M) SDN BHD,broadband,2025-Q3,2025,3,116.68354866141664,5.302985250777085,103.07050392070656,4.114223227874802,13.492439024390245,11.7315,164,24,0.061107157362108346,True
33353,,Sony Interactive Entertainment LLC,broadband,2025-Q3,2025,3,39.229452677193336,24.609448321280595,22.22796396708962,3.066036274423656,111.27492617449664,77.15,149,35,0.055518088091183804,True
45810,,"University of Nottingham, Malaysia Campus",broadband,2025-Q3,2025,3,41.879438947830636,30.032607212211747,20.513656591576122,14.421831715458397,54.066136363636375,10.378499999999999,132,63,0.049183809584135985,True
24028,,REDtone,broadband,2025-Q3,2025,3,40.092745262796484,31.25335703053714,16.045007077709673,9.403534083648248,21.129874015748033,13.53,127,17,0.0473207864938278,True
133014,,Universiti Teknologi Malaysia,broadband,2025-Q3,2025,3,208.08588962737872,55.95363965443724,152.92080178007518,50.76752081478303,17.86271052631579,16.4685,114,20,0.04247692645902653,True
56286,,IX Telecom,broadband,2025-Q3,2025,3,72.75643819032437,56.73962049914289,61.21038400400134,34.775756064248924,78.72517117117118,23.2,111,5,0.041359112604841625,True
134232,,SACOFA Sdn. Bhd.,broadband,2025-Q3,2025,3,27.88826107069084,25.838114339062663,15.098203687900597,3.575923760019926,65.01716470588235,50.079,85,25,0.03167139253523908,False
134152,,XMT Technologies Sdn Bhd,broadband,2025-Q3,2025,3,263.47334506309437,250.9700471302894,165.10105132821275,145.45570575350084,8.189415584415583,7.537,77,24,0.028690555590745993,False
137510,,JENEXUS HOLDING SDN BHD,broadband,2025-Q3,2025,3,41.948496814413765,21.218438621427474,10.619991246758905,9.589652411058783,17.600774647887324,11.0,71,6,0.026454927882376175,False
132354,,CELCOM TIMUR (SABAH) SDN BHD,broadband,2025-Q3,2025,3,30.904226200220247,32.44140194420686,17.822418666194892,25.337335767025962,81.41576562499999,66.8605,64,9,0.023846695555944722,False
138996,,Uni Comms International Sdn Bhd,broadband,2025-Q3,2025,3,152.17178263262466,156.26710442701258,83.31628836754388,91.16845564021907,15.506433333333336,9.651,60,4,0.022356277083698174,False
139776,,Petroliam Nasional Berhad,broadband,2025-Q3,2025,3,193.9538322594018,107.47674505690892,182.70106106062934,40.623820835651806,26.618616666666664,26.764499999999998,60,6,0.022356277083698174,False
38868,,Universiti Putra Malaysia AS,broadband,2025-Q3,2025,3,152.7128394275883,106.46258010917813,134.2309082997608,103.51014083690416,10.064017241379311,9.064499999999999,58,23,0.021611067847574904,False
135496,,UNIVERSITI KEBANGSAAN MALAYSIA,broadband,2025-Q3,2025,3,140.45366743461224,118.22628085270864,90.31697223107452,72.31085556671889,17.87781034482759,10.874500000000001,58,15,0.021611067847574904,False
38280,,Monash University Sunway Campus Malaysia,broadband,2025-Q3,2025,3,21.920572306512618,17.732198293515264,19.879576200407868,21.25822067191362,13.74362745098039,9.587,51,39,0.01900283552114345,False
138199,,Transatel,broadband,2025-Q3,2025,3,34.80022315229997,14.16330821154944,18.42276695942266,10.941268876097089,50.159260869565216,46.760999999999996,46,2,0.017139812430835268,False
56229,,LightsUp Network Solution Sdn. Bhd.,broadband,2025-Q3,2025,3,31.04325195379227,12.255420677954213,10.999315384233363,5.478572586040981,170.90508888888888,160.615,45,15,0.016767207812773632,False
141011,,Borneo Restu Sdn. Bhd.,broadband,2025-Q3,2025,3,70.82405176092341,34.782899253972765,83.33273768812893,40.398795386019664,27.724863636363636,24.6695,44,4,0.016394603194711994,False
17564,,GITN (M) Sdn. Bhd.,broadband,2025-Q3,2025,3,138.46918526628025,146.59721802942332,64.60277128195874,66.75079984052687,35.830674418604644,10.0,43,24,0.01602199857665036,False
153334,,Origin TechLab Sdn Bhd,broadband,2025-Q3,2025,3,34.22984964872403,17.56233369501575,27.550589694791707,8.16594694075305,167.32980555555554,191.882,36,11,0.013413766250218905,False
137552,,Terabix,broadband,2025-Q3,2025,3,132.42495457515423,70.71130121438974,69.31480482774865,21.478859582680254,4.647685714285714,1.432,35,11,0.013041161632157268,False
9655,,"TPM Corp. Berhad,",broadband,2025-Q3,2025,3,50.7322008397772,36.49659724212586,29.06532627688823,14.360251328372206,45.77534375,11.374500000000001,32,13,0.011923347777972361,False
132694,,Universiti Sains Islam Malaysia,broadband,2025-Q3,2025,3,43.66554386471077,32.49370673541012,18.430940114826253,16.87355784370127,40.83834482758621,10.128,29,9,0.010805533923787452,False
134553,,i-Skill Dynamics Sdn Bhd,broadband,2025-Q3,2025,3,19.98559752468702,18.871523039383522,4.9737935362857355,5.982393039636536,75.27158620689656,65.648,29,4,0.010805533923787452,False
138504,,Universiti Pertahanan Nasional Malaysia,broadband,2025-Q3,2025,3,145.42481946344387,127.88500610665481,101.96481830038394,112.06330479505539,24.66807142857143,11.091000000000001,28,2,0.010432929305725815,False
134797,,Innet Technologies Sdn Bhd,broadband,2025-Q3,2025,3,21.156819157945353,36.282005191032795,20.83637625801643,42.12445196990317,11.805821428571429,11.412,28,1,0.010432929305725815,False
142631,,Metro Lightspeed,broadband,2025-Q3,2025,3,67.64301246734976,68.51916726413583,37.472693674692444,7.531707712653926,45.88857692307693,23.274,26,7,0.009687720069602543,False
38466,U Mobile,U Mobile Sdn Bhd,broadband,2025-Q3,2025,3,132.24618830789308,198.11331581612194,99.08776871420595,103.62205074885605,17.083923076923075,9.077,26,11,0.009687720069602543,False
38278,,Orient Telecoms Sdn. Bhd,broadband,2025-Q3,2025,3,102.67851171909791,42.8450658718147,51.91874325026999,26.234560979386153,46.30128000000001,39.978,25,9,0.009315115451540906,False
140625,,Excel Commerce Solutions Sdn. Bhd.,broadband,2025-Q3,2025,3,147.36261003092778,46.967765170714216,21.33782892267496,20.82039210478527,18.118291666666668,22.185000000000002,24,9,0.00894251083347927,False
134202,,E-WORLD COMMUNICATION SDN BHD,broadband,2025-Q3,2025,3,25.232172605499475,17.0731627662453,22.55819764976921,20.022521647519675,37.189,14.0095,24,3,0.00894251083347927,False
5580,,GTT Communications Netherlands B.V.,broadband,2025-Q3,2025,3,55.42378947815781,34.95319593375075,52.06633345261851,31.189193417569534,104.9088181818182,151.422,22,1,0.008197301597355997,False
139815,,Taylor's University Sdn Bhd,broadband,2025-Q3,2025,3,25.32488039315641,115.09979080312583,18.789105102589247,112.69770926758378,9.332954545454545,8.713000000000001,22,1,0.008197301597355997,False
55420,,APNIC ASN Block,broadband,2025-Q3,2025,3,71.32741320756205,33.63317620771151,54.8884668704057,18.887872501122214,117.14613636363637,115.828,22,7,0.008197301597355997,False
136751,,Teleperformance Malaysia Sdn Bhd,broadband,2025-Q3,2025,3,15.008354606065307,6.875779244570737,7.217883679123133,2.176605937582607,101.437,27.056,20,1,0.007452092361232725,False
17666,,HITACHISUNWAY,broadband,2025-Q3,2025,3,24.212101035232525,24.761586621603403,18.36300344059907,4.530357290713753,14.421684210526315,7.126,19,3,0.007079487743171089,False
41095,,IPTP LTD,broadband,2025-Q3,2025,3,9.417948617556211,11.365405816726973,8.811936617597608,12.212567272965803,90.35099999999998,90.859,18,2,0.006706883125109453,False
138915,,Kaopu Cloud HK Limited,broadband,2025-Q3,2025,3,42.73224331114815,11.416148351413254,14.838941187550045,7.5443098527891275,135.1198333333333,182.933,18,9,0.006706883125109453,False
133609,,Infinity Supercorridor Sdn Bhd,broadband,2025-Q3,2025,3,69.58837905637337,44.28944044627982,44.06945561258833,25.508260718354812,9.540222222222221,9.1785,18,1,0.006706883125109453,False
132494,,Universiti Tun Hussein Onn Malaysia,broadband,2025-Q3,2025,3,103.95682388176868,87.74368067643088,76.29956146605177,87.3069241111884,14.622470588235293,12.528,17,7,0.0063342785070478165,False
131330,,irix,broadband,2025-Q3,2025,3,103.47134972948416,74.09030003656463,92.17797111077802,27.30166154496478,95.25041176470589,14.338,17,2,0.0063342785070478165,False
140866,,TRUE PACKET SDN BHD,broadband,2025-Q3,2025,3,13.74241277288704,11.893121061984397,12.224087507045606,11.388327819113632,287.66741176470583,340.2,17,2,0.0063342785070478165,False
132111,,Bigband Sdn Bhd,broadband,2025-Q3,2025,3,101.15811323409817,70.35276820054254,80.38314394327648,47.96312571482625,197.0704117647059,216.54,17,1,0.0063342785070478165,False
9304,,HGC Global Communications Limited,broadband,2025-Q3,2025,3,18.65021001987348,4.234309917089818,20.723033766688125,0.6847072203692498,148.87894117647062,155.877,17,4,0.0063342785070478165,False
24068,,Broadband Service Provider,broadband,2025-Q3,2025,3,19.35033581314361,57.06645345238296,10.596181268068358,43.99259284148009,21.800437500000005,21.432499999999997,16,5,0.0059616738889861805,False
2914,,"NTT America, Inc.",broadband,2025-Q3,2025,3,219.3770797953618,225.78576769559024,13.894775240922579,3.6334202266425484,164.87107692307694,99.762,13,3,0.004843860034801271,False
214483,,FiberPower LLC,broadband,2025-Q3,2025,3,21.187275921507272,13.09178352061898,21.598684217536178,16.387591588296566,1.6634166666666665,1.5945,12,5,0.004471255416739635,False
24482,,SG.GS,broadband,2025-Q3,2025,3,31.42821367803922,19.415988903307138,22.358438488851007,8.406137160828827,119.58890909090907,183.781,11,3,0.004098650798677998,False
139761,,Gigabit Fiber Sdn Bhd,broadband,2025-Q3,2025,3,53.65573055558573,18.439534093442354,16.788213613910596,2.0881973854722884,222.91100000000003,310.741,11,4,0.004098650798677998,False
54994,,Meteverse Limited.,broadband,2025-Q3,2025,3,7.298729857421067,7.792601078447011,1.7499429718845854,4.661972960492673,293.6428888888889,313.472,9,6,0.0033534415625547263,False
18106,,Viewqwest Pte Ltd,broadband,2025-Q3,2025,3,64.6758302966104,41.58271618135323,63.079013783115784,51.38128601033581,82.34925000000001,81.9725,8,3,0.0029808369444930902,False
4637,,Telstra Global,broadband,2025-Q3,2025,3,87.15984997490179,66.3214184873036,101.14029443831632,70.8302598873681,11.380875,10.039,8,1,0.0029808369444930902,False
132196,,DANAWA RESOURCES SDN BHD,broadband,2025-Q3,2025,3,12.715623370663215,7.9262947512262825,6.894021219065799,1.3899730066640361,120.272125,105.6625,8,7,0.0029808369444930902,False
134698,,Chr. Hansen Malaysia Sdn Bhd,broadband,2025-Q3,2025,3,51.22468700752957,14.005056470657891,38.55419971378608,5.404363379097745,114.14275,60.518,8,1,0.0029808369444930902,False
33619,,"Advanced Micro Devices, Inc.",broadband,2025-Q3,2025,3,85.6777675788824,105.89502755289652,16.93190559526535,16.6857611911014,119.6625,72.148,8,3,0.0029808369444930902,False
132530,,Infonal Sdn Bhd,broadband,2025-Q3,2025,3,69.32632711022205,49.151588524543676,35.11769082892296,29.2336880218429,216.39962500000001,324.8215,8,4,0.0029808369444930902,False
147040,,NEBULA SYSTEMS SDN BHD,broadband,2025-Q3,2025,3,13.808129540435436,4.642714956767141,10.05547421081856,4.544887698504308,77.80314285714284,72.534,7,2,0.0026082323264314537,False
984,,OCTOPUS WEB SOLUTION INC,broadband,2025-Q3,2025,3,54.80070480115071,10.593557314910408,41.53447252781081,9.481985294338218,6.472,6.61,7,5,0.0026082323264314537,False
45344,,International Islamic University Of Malaysia,broadband,2025-Q3,2025,3,166.52332941531253,134.10516008746296,232.40558786856252,130.0441427687584,16.911714285714286,15.141,7,3,0.0026082323264314537,False
46015,,Exa Bytes Network Sdn.Bhd.,broadband,2025-Q3,2025,3,266.9657232804398,46.65352211617872,165.35988542684615,56.805318005705864,10.690833333333332,10.699,6,2,0.0022356277083698177,False
137263,,NETEASE HONG KONG LIMITED,broadband,2025-Q3,2025,3,128.07036936376403,30.586909175834265,99.57825175613355,38.26577713555716,1.8096666666666668,1.431,6,3,0.0022356277083698177,False
18206,,TM TECHNOLOGY SERVICES SDN. BHD.,broadband,2025-Q3,2025,3,154.86422615369693,62.70171999158496,50.172907737576594,42.3626862950952,8.970999999999998,8.1705,6,4,0.0022356277083698177,False
10204,,Arcnet NTT MSC ISP,broadband,2025-Q3,2025,3,16.19764465672377,7.503852731658268,3.8470502500227957,7.192541842860106,49.38883333333333,49.9525,6,3,0.0022356277083698177,False
714,,Apple Inc.,broadband,2025-Q3,2025,3,122.99919638963574,100.83080213581043,117.56507695732942,108.64436175675026,11.37,11.47,6,6,0.0022356277083698177,False
150712,,Weber Meyer Sdn Bhd,broadband,2025-Q3,2025,3,210.48391877453435,106.56921387994517,150.86176544240402,44.596970181564,26.87666666666667,11.124,6,4,0.0022356277083698177,False
151813,,NETCOM,broadband,2025-Q3,2025,3,66.08459058807364,77.73271527955367,20.069800483192267,3.1262915673918763,170.0606,205.496,5,2,0.0018630230903081812,False
154177,,LIGHT NODE LIMITED,broadband,2025-Q3,2025,3,26.350222877126544,28.341612876962703,7.972859486829647,14.762290196881542,15.6904,5.891,5,3,0.0018630230903081812,False
151975,,Electronic Arts Inc.,broadband,2025-Q3,2025,3,56.440259642407774,81.76899806543416,65.05320307231263,103.47170702525256,251.6456,247.939,5,1,0.0018630230903081812,False
56111,,Agarto Sdn Bhd,broadband,2025-Q3,2025,3,19.701511434932684,10.898557726847846,7.379668974864977,9.251197990403506,273.0808,339.166,5,1,0.0018630230903081812,False
132874,,Universiti Malaysia Sabah,broadband,2025-Q3,2025,3,50.983424362518754,38.913261444782734,34.78924996909956,35.99806223390016,186.25324999999998,187.7845,4,3,0.0014904184722465451,False
138339,,SMARTSEL SDN BHD,broadband,2025-Q3,2025,3,34.37931445767654,6.887306189340257,19.45013246082317,5.001279873179607,32.518,10.017,4,1,0.0014904184722465451,False
134066,,Lynuxtel Malaysia Sdn Bhd,broadband,2025-Q3,2025,3,31.623489565528793,19.4969461752271,33.41011975478896,13.943102004523473,126.70225,37.852,4,2,0.0014904184722465451,False
45668,,AIMS Data Centre Sdn Bhd,broadband,2025-Q3,2025,3,73.30112108338696,54.77087047748307,20.524238022168195,9.254998502705146,14.710749999999999,8.346,4,3,0.0014904184722465451,False
200017,,Elisteka UAB,broadband,2025-Q3,2025,3,31.252309022956815,4.699044597133091,27.461348164221622,4.699044597133091,173.07725000000002,172.61700000000002,4,1,0.0014904184722465451,False
134168,,Conduent Business Services Malaysia Sdn. Bhd,broadband,2025-Q3,2025,3,32.59445480954931,44.164974885354866,16.58881143121184,47.71452142194521,39.66225,39.6475,4,1,0.0014904184722465451,False
132885,,CET DEVELOPMENT SDN BHD,broadband,2025-Q3,2025,3,211.66276336641664,241.6511796561096,200.9193490650581,242.285354838656,14.485,14.7635,4,1,0.0014904184722465451,False
132688,,University of Malaya,broadband,2025-Q3,2025,3,417.13855614934715,626.093747472687,434.8074470178288,626.093747472687,10.287666666666667,9.703,3,3,0.0011178138541849088,False
132198,,iCore Technology Sdn Bhd,broadband,2025-Q3,2025,3,33.6884210157825,0.2064250177768298,33.095932259127736,0.2064250177768298,32.818333333333335,9.771,3,3,0.0011178138541849088,False
133936,,X86 Network Sdn Bhd,broadband,2025-Q3,2025,3,665.7123307247716,488.059678970226,794.1430955767167,384.91098538958033,7.678999999999999,7.417,3,3,0.0011178138541849088,False
132372,,GB Network Solutions Sdn. Bhd.,broadband,2025-Q3,2025,3,120.01600125104765,16.498357196200672,49.42450262785284,10.438807528608871,50.12133333333333,8.996,3,3,0.0011178138541849088,False
45331,,I CITY,broadband,2025-Q3,2025,3,11.003056126254982,12.400748902250882,10.721198124160447,9.901209797580405,15.054,13.707,3,1,0.0011178138541849088,False
132531,,M EAST SDN. BHD.,broadband,2025-Q3,2025,3,106.49099602203222,74.84788701105833,113.98162835606952,73.35397705718147,4.108666666666667,3.963,3,1,0.0011178138541849088,False
24218,,Global Transit Communications - Malaysia,broadband,2025-Q3,2025,3,9.061474290511487,161.69039260383255,7.482506503778981,242.05543070022475,13.245666666666665,13.596,3,1,0.0011178138541849088,False
214143,,SKYDIGITAL TELECOM LTD,broadband,2025-Q3,2025,3,8.953536334664138,5.461359066028423,9.398696106564854,5.461359066028423,6.198666666666667,6.0,3,1,0.0011178138541849088,False
212238,,Datacamp Limited,broadband,2025-Q3,2025,3,124.480906537438,43.019702276609735,112.17013358298664,60.828977973402644,89.88033333333333,46.913,3,2,0.0011178138541849088,False
137839,,IMU Education Sdn. Bhd.,broadband,2025-Q3,2025,3,386.7924465646174,461.9151565721876,110.70498282984512,461.9151565721876,9.735,8.857,3,1,0.0011178138541849088,False
38005,,MIMOS R&D Malaysia,broadband,2025-Q3,2025,3,504.1133779572463,483.45769147405105,700.3019304384655,639.7721535291087,10.499333333333334,11.281,3,3,0.0011178138541849088,False
5065,,Bunny Communications,broadband,2025-Q3,2025,3,5.879602134059479,1.472387528238543,4.544158885826083,1.472387528238543,255.99800000000002,275.557,3,2,0.0011178138541849088,False
58810,,IZUSCOLTD,broadband,2025-Q3,2025,3,18.817912049953083,,18.817912049953083,,66.84899999999999,66.84899999999999,2,1,0.0007452092361232726,False
142111,,Zhejiang Aiyun Network Technology Co Ltd,broadband,2025-Q3,2025,3,102.4556708292711,15.755314206702247,102.4556708292711,15.755314206702247,7.0,7.0,2,2,0.0007452092361232726,False
131996,,NEVIGATE GLOBAL NETWORK SDN. BHD.,broadband,2025-Q3,2025,3,84.31804076998566,0.0829920877540076,84.31804076998566,0.0829920877540076,5.0,5.0,2,1,0.0007452092361232726,False
45121,,Enterprise Managed Services Sdn. Bhd.,broadband,2025-Q3,2025,3,31.540475785280385,16.78569309620449,31.540475785280385,16.78569309620449,22.1715,22.1715,2,2,0.0007452092361232726,False
134088,,NGN Connection Sdn. Bhd.,broadband,2025-Q3,2025,3,30.39456729460976,5.719064988804397,30.39456729460976,5.719064988804397,13.509,13.509,2,2,0.0007452092361232726,False
138995,,Antbox Networks Limited,broadband,2025-Q3,2025,3,8.062055059700263,11.785346550176703,8.062055059700263,11.785346550176703,338.495,338.495,2,1,0.0007452092361232726,False
135551,,Malaysian Communication and Multimedia Commission,broadband,2025-Q3,2025,3,178.86361885428386,210.53058492220455,178.86361885428386,210.53058492220455,8.883,8.883,2,1,0.0007452092361232726,False
136533,,MyISP Dot Com Sdn Bhd,broadband,2025-Q3,2025,3,7.258319861507182,6.442111991481315,7.258319861507182,6.442111991481315,186.7415,186.7415,2,1,0.0007452092361232726,False
138391,,Dewan Bandaraya Kuala Lumpur,broadband,2025-Q3,2025,3,622.0119069703564,748.7768606628795,622.0119069703564,748.7768606628795,9.1645,9.1645,2,1,0.0007452092361232726,False
7361,,DataZone Networks LLC,broadband,2025-Q3,2025,3,35.005125490390036,30.524473235392197,35.005125490390036,30.524473235392197,232.2105,232.2105,2,2,0.0007452092361232726,False
23736,,TM TECHNOLOGY SERVICES SDN. BHD.,broadband,2025-Q3,2025,3,43.61262459016245,47.73145099161368,43.61262459016245,47.73145099161368,16.8035,16.8035,2,2,0.0007452092361232726,False
38044,,GITN-NETWORK,broadband,2025-Q3,2025,3,13.416101828212273,9.856133266200587,13.416101828212273,9.856133266200587,40.0135,40.0135,2,1,0.0007452092361232726,False
18880,,Lam Research Corporation,broadband,2025-Q3,2025,3,72.88093015814698,64.80245872949732,72.88093015814698,64.80245872949732,14.09,14.09,2,1,0.0007452092361232726,False
3257,,GTT Communications Inc.,broadband,2025-Q3,2025,3,79.66349137259252,,79.66349137259252,,36.8395,36.8395,2,1,0.0007452092361232726,False
135553,,VC Telecoms Sdn. Bhd.,broadband,2025-Q3,2025,3,67.5232157191465,1.9579993756323422,67.5232157191465,1.9579993756323422,16.293,16.293,2,2,0.0007452092361232726,False
3573,,Accenture LLP,broadband,2025-Q3,2025,3,67.66755262227589,,67.66755262227589,,13.619,13.619,1,1,0.0003726046180616363,False
132035,,Computer Center,broadband,2025-Q3,2025,3,118.81045653983278,138.49268031086066,118.81045653983278,138.49268031086066,21.396,21.396,1,1,0.0003726046180616363,False
24314,,University Pendidikan Sultan Idris,broadband,2025-Q3,2025,3,434.3521255661304,886.9394384904012,434.3521255661304,886.9394384904012,12.742,12.742,1,1,0.0003726046180616363,False
24321,,OCE Sdn Bhd ISP,broadband,2025-Q3,2025,3,4.376554884545719,,4.376554884545719,,308.011,308.011,1,1,0.0003726046180616363,False
198723,,University of Reading,broadband,2025-Q3,2025,3,16.952871317227903,15.510702343812495,16.952871317227903,15.510702343812495,10.142,10.142,1,1,0.0003726046180616363,False
62654,,"MENLO SECURITY, INC.",broadband,2025-Q3,2025,3,1395.4210938886674,1010.8762653587994,1395.4210938886674,1010.8762653587994,3.513,3.513,1,1,0.0003726046180616363,False
136552,,Pacific Comnet (M) Sdn. Bhd.,broadband,2025-Q3,2025,3,18.74469560393843,,18.74469560393843,,10.441,10.441,1,1,0.0003726046180616363,False
135580,,Neutral Transmission Malaysia Sdn. Bhd.,broadband,2025-Q3,2025,3,323.1966859760744,168.32920851384503,323.1966859760744,168.32920851384503,8.198,8.198,1,1,0.0003726046180616363,False
141201,,Jabatan Digital Negara (JDN),broadband,2025-Q3,2025,3,147.0431930378345,16.903878653625156,147.0431930378345,16.903878653625156,9.599,9.599,1,1,0.0003726046180616363,False
23659,,APNIC HEITECH ASN,broadband,2025-Q3,2025,3,94.8481029973977,99.17042766163785,94.8481029973977,99.17042766163785,8.41,8.41,1,1,0.0003726046180616363,False
132170,,Exitra Sdn. Bhd.,broadband,2025-Q3,2025,3,140.8692795733341,0.08912363809000434,140.8692795733341,0.08912363809000434,8.652,8.652,1,1,0.0003726046180616363,False
152652,,UNIVERSITI SULTAN AZLAN SHAH,broadband,2025-Q3,2025,3,45.86630098436858,,45.86630098436858,,10.323,10.323,1,1,0.0003726046180616363,False
140586,,Velo Technologies SDN BHD,broadband,2025-Q3,2025,3,7.675567902725772,,7.675567902725772,,6.309,6.309,1,1,0.0003726046180616363,False
19637,,Avago Technologies U.S. Inc.,broadband,2025-Q3,2025,3,179.25707279017843,,179.25707279017843,,13.82,13.82,1,1,0.0003726046180616363,False
4788,TM,TM TECHNOLOGY SERVICES SDN. BHD.,broadband,2025-Q4,2025,4,125.64690842930776,55.03592420563827,74.97911393635029,44.608716516665325,34.25669230319281,14.19,102607,69354,58.087215457165016,True
9930,TIME dotCom,TTNET,broadband,2025-Q4,2025,4,186.29588231845202,139.2158664343872,112.41548030330364,86.20605039035308,16.93102517435572,10.019,26834,14997,15.191091636804176,True
9534,Maxis,Binariang Berhad,broadband,2025-Q4,2025,4,136.66222892744105,51.60108325824723,79.28764098492942,42.52027303484398,24.48369923023093,14.113,21438,11611,12.13634279309115,True
4818,Digi,DiGi Telecommunications Sdn. Bhd.,broadband,2025-Q4,2025,4,152.89502199569367,70.00403302742092,110.20144999839502,47.088566997744415,32.370109754259005,17.889,6635,3415,3.756163561533715,True
56231,,MEASAT Broadcast Network Systems,broadband,2025-Q4,2025,4,52.36101800485949,58.328615692926384,30.632557870035054,53.424335916618915,10.903218728482898,8.287,4357,3584,2.466556840633368,True
14593,Starlink,Space Exploration Technologies Corporation,broadband,2025-Q4,2025,4,54.64037945830118,7.215919417254564,24.173726408146525,6.382476324871245,48.64841088403041,28.7915,4210,1804,2.3833381452987097,True
24020,,"University ITM, Shah Alam, Selangor Malaysia",broadband,2025-Q4,2025,4,45.97838057160923,37.72506793725977,20.22842289540316,15.486758374311227,21.793710210210207,9.4415,1332,390,0.7540632801752688,True
45960,Yes,YTL COMMUNICATIONS SDN BHD,broadband,2025-Q4,2025,4,72.05287707398789,86.42131279333346,28.110496368776584,40.754797508001204,66.08187920621226,62.06,1159,336,0.6561256319242766,True
72,,Schlumberger Limited,broadband,2025-Q4,2025,4,33.55165808605675,16.161591226374664,20.72395212556439,2.6315364528567997,166.44910187353634,131.023,857,1,0.4851593326653193,True
10030,Celcom,Celcom Axiata Berhad,broadband,2025-Q4,2025,4,59.056060677461076,43.52426880633784,37.534332362129476,30.89570208763481,53.3586384323641,58.671,791,513,0.44779583680077895,True
45410,,ALLO TECHNOLOGY SDN. BHD.,broadband,2025-Q4,2025,4,166.59667456583784,122.00001623455113,97.03865980136507,68.70611966253027,16.80346113074205,12.2715,566,370,0.3204202827171187,True
132625,,SDEC,broadband,2025-Q4,2025,4,25.31617135887133,10.257338697408539,13.578216194448082,1.7395890720074707,157.47786528497411,41.6525,387,176,0.21908595302389566,True
4983,,Intel Corporation,broadband,2025-Q4,2025,4,75.29436900810221,34.87519084722157,33.58687662817799,7.311203379732842,13.704721763085402,11.713,363,9,0.20549922725497188,True
133421,,INNET SOLUTIONS SDN BHD,broadband,2025-Q4,2025,4,40.52337879479709,42.04868480529266,11.158790070880611,10.069332460852086,65.93124633431086,12.631,341,66,0.19304472863345845,True
7155,,"ViaSat,Inc.",broadband,2025-Q4,2025,4,10.537334255704236,0.7281869010851296,11.831907372071957,0.9324522501781409,103.96183018867923,93.44200000000001,318,13,0.18002411643823985,True
135277,,Freshtel Group SDN BHD,broadband,2025-Q4,2025,4,46.30081311787766,20.869540506822226,41.528849825956065,13.629479644624427,164.07431333333335,170.042,300,26,0.16983407211154702,True
24090,,Universiti Sains Malaysia (USM),broadband,2025-Q4,2025,4,130.0902626031314,78.57633017711214,68.97436921994522,30.554864012392404,13.265061776061776,12.502,259,99,0.1466234155896356,True
134809,,ViewQwest Sdn. Bhd.,broadband,2025-Q4,2025,4,36.29235586567713,44.339686464646825,10.686128689245379,27.023783850700877,249.1448032128514,195.46,250,79,0.14152839342628917,True
3614,,"Dell, Inc.",broadband,2025-Q4,2025,4,48.5406639392833,21.919447910499333,35.72616751822722,18.00500331613054,174.9414773869347,218.147,199,15,0.11265660116732619,True
23678,,Enterprise Managed Services Sdn. Bhd.,broadband,2025-Q4,2025,4,36.35759762461856,35.639781012122555,10.207427194215379,12.299162118877684,20.214425287356324,13.7585,174,33,0.09850376182469726,True
24514,,MINISTRY OF HIGHER EDUCATION MALAYSIA,broadband,2025-Q4,2025,4,84.03844382418943,47.45332431801245,54.19804900284453,20.78533233589347,39.1054294117647,18.136499999999998,170,71,0.09623930752987664,True
135496,,UNIVERSITI KEBANGSAAN MALAYSIA,broadband,2025-Q4,2025,4,351.5491611180369,586.8922607833844,349.92443559810636,917.9912302293001,10.018024844720495,9.769,161,9,0.09114428536653023,True
133014,,Universiti Teknologi Malaysia,broadband,2025-Q4,2025,4,144.0831153400694,17.25381684831505,76.13979600458568,16.495540970065633,16.95380503144654,15.075,159,36,0.09001205821911992,True
38182,,Extreme Broadband - Total Broadband Experience,broadband,2025-Q4,2025,4,79.76599037639608,62.74878921399345,46.30913702628482,13.541673480900819,17.7419794520548,10.43,146,38,0.08265258176095289,True
149440,,Evoxt Sdn. Bhd.,broadband,2025-Q4,2025,4,181.39263776382805,184.19930298072188,82.0230207949107,30.888828534274865,22.2869219858156,5.868,141,67,0.0798220138924271,True
45810,,"University of Nottingham, Malaysia Campus",broadband,2025-Q4,2025,4,36.39504831184711,29.740628333612758,19.374975455627208,14.356868675320673,46.3064,14.9315,130,69,0.07359476458167037,True
(unknown),,,broadband,2025-Q4,2025,4,138.25169443263874,63.851108828675954,85.73552745289194,25.881207906692616,3.741134920634921,0.351,126,12,0.07133031028684975,True
132890,,IP Core Sdn Bhd,broadband,2025-Q4,2025,4,151.4622154492468,136.86238456087594,114.37485874215967,85.3208740130454,19.983902439024394,17.032,123,12,0.06963196956573428,True
24028,,REDtone,broadband,2025-Q4,2025,4,49.96880743065042,28.59548780995343,10.467660333037822,8.839088481560262,15.092283185840708,12.882,113,18,0.06397083382868271,True
142628,,HIIFI (M) SDN BHD,broadband,2025-Q4,2025,4,134.5819991235024,4.300689980175245,101.28567293047013,3.6414121359779092,20.95521818181818,11.978,110,24,0.06227249310756724,True
58622,,"LCC Terminal, Jalan KLIA S3",broadband,2025-Q4,2025,4,236.9120985788402,118.68029738789758,97.584075574224,98.04200470434449,8.931142857142856,8.615,105,1,0.05944192523904146,True
38891,,Measat Satellite Systems Sdn. Bhd.,broadband,2025-Q4,2025,4,25.523925248291125,4.226351446522277,27.265648342557824,4.596183168245547,31.9948640776699,32.43,103,25,0.05830969809163114,True
132874,,Universiti Malaysia Sabah,broadband,2025-Q4,2025,4,30.49671733835011,15.322651722644236,21.261332965976198,4.3572449231211055,186.80142574257425,194.241,101,30,0.05717747094422083,True
55482,,DIGITAL WAVE,broadband,2025-Q4,2025,4,52.707039284029904,45.64472303250229,57.60069116819976,53.29528497423315,11.19029,8.856,100,17,0.056611357370515675,True
138915,,Kaopu Cloud HK Limited,broadband,2025-Q4,2025,4,33.887106918635965,7.040354031364426,27.947197681771385,5.9322846256482755,59.59855813953488,43.761,86,35,0.04868576733864348,False
150734,,Myklnet Sdn Bhd,broadband,2025-Q4,2025,4,29.420823712795844,4.707641522829989,18.261918955640233,2.543312095259413,271.2054358974359,334.0,78,12,0.04415685874900222,False
132494,,Universiti Tun Hussein Onn Malaysia,broadband,2025-Q4,2025,4,128.87001825668355,132.8478381199513,80.0892733946712,71.09939074625672,16.576012987012984,12.226,77,9,0.04359074517529707,False
134232,,SACOFA Sdn. Bhd.,broadband,2025-Q4,2025,4,30.779825311473655,11.923322316207509,5.363025769440356,3.089536052645079,252.30099999999993,69.764,71,21,0.04019406373306613,False
33353,,Sony Interactive Entertainment LLC,broadband,2025-Q4,2025,4,34.80650201409118,28.395001542119473,21.414218537512493,5.822611247309979,109.70720634920636,80.341,63,26,0.03566515514342487,False
138996,,Uni Comms International Sdn Bhd,broadband,2025-Q4,2025,4,135.00234653496085,123.93391839221327,94.09789261756848,56.39833419460741,12.841758620689657,8.768,58,5,0.03283458727489909,False
56286,,IX Telecom,broadband,2025-Q4,2025,4,113.64819611618854,73.97638685019882,79.53270104003222,33.75237141601966,86.7869649122807,20.178,57,6,0.032268473701193935,False
138199,,Transatel,broadband,2025-Q4,2025,4,11.221948412008329,16.473026160146116,3.1833967526350535,16.326286207838926,59.40445283018868,63.0,53,2,0.030004019406373306,False
132354,,CELCOM TIMUR (SABAH) SDN BHD,broadband,2025-Q4,2025,4,51.83108572249816,36.29087146768832,47.767259561652814,25.15093327599356,80.23336734693878,67.592,49,12,0.02773956511155268,False
139776,,Petroliam Nasional Berhad,broadband,2025-Q4,2025,4,71.06590407686333,52.63815246786409,12.973716218914202,26.75347385328005,81.92647368421053,46.976,39,4,0.02207842937450111,False
134152,,XMT Technologies Sdn Bhd,broadband,2025-Q4,2025,4,240.8994249518175,199.8381036503325,128.1089794536521,65.17035903346213,12.10233333333333,8.806000000000001,36,21,0.020380088653385642,False
137552,,Terabix,broadband,2025-Q4,2025,4,118.7250872899745,23.739762856407424,92.6829113775044,24.02263197338859,1.195322580645161,1.1,31,6,0.01754952078485986,False
132694,,Universiti Sains Islam Malaysia,broadband,2025-Q4,2025,4,84.38651176902874,65.29045264105504,32.37448253484806,14.793726546744923,11.030935483870966,9.426,31,11,0.01754952078485986,False
38280,,Monash University Sunway Campus Malaysia,broadband,2025-Q4,2025,4,17.07818049171979,15.968561203866292,19.61636138109903,20.074771532705622,20.887344827586205,9.878,29,22,0.016417293637449544,False
138504,,Universiti Pertahanan Nasional Malaysia,broadband,2025-Q4,2025,4,237.23426286258368,120.57874456937353,206.38916422102437,39.26894359647366,8.551821428571428,8.4795,28,1,0.015851180063744388,False
17564,,GITN (M) Sdn. Bhd.,broadband,2025-Q4,2025,4,167.41929205521302,138.1257721790458,56.86650541455885,88.36686994552831,16.19177777777778,9.35,27,17,0.015285066490039231,False
153526,,01-00027433,broadband,2025-Q4,2025,4,4.180247977703761,26.93741418098923,1.237718732623626,26.624611329065424,113.22952,67.139,25,7,0.014152839342628919,False
38868,,Universiti Putra Malaysia AS,broadband,2025-Q4,2025,4,133.5702929984632,94.10434519143513,150.80738776030992,103.80847203131053,12.801560000000002,11.839,25,6,0.014152839342628919,False
139815,,Taylor's University Sdn Bhd,broadband,2025-Q4,2025,4,61.808257643572006,66.97990658330416,27.923118406753385,45.878192382745766,17.009541666666667,8.4205,24,1,0.01358672576892376,False
134797,,Innet Technologies Sdn Bhd,broadband,2025-Q4,2025,4,31.160959278600785,32.020048869784965,32.06241885867059,38.07613834994981,13.49425,11.559999999999999,24,2,0.01358672576892376,False
137510,,JENEXUS HOLDING SDN BHD,broadband,2025-Q4,2025,4,43.96203121899586,19.873803165419044,10.584568050797518,10.098684528427135,11.86621739130435,10.0,23,6,0.013020612195218604,False
134698,,Chr. Hansen Malaysia Sdn Bhd,broadband,2025-Q4,2025,4,28.758736783538588,13.052076533606487,6.808543554806905,0.13872753760660658,199.21404347826086,80.369,23,1,0.013020612195218604,False
56229,,LightsUp Network Solution Sdn. Bhd.,broadband,2025-Q4,2025,4,54.147348928187135,27.51364261912819,9.814683503452349,4.340646799250716,87.07517391304347,110.189,23,12,0.013020612195218604,False
142631,,Metro Lightspeed,broadband,2025-Q4,2025,4,153.3467090307804,143.7869939461143,141.11985912461319,76.74339731511154,60.375954545454555,19.234499999999997,22,7,0.012454498621513448,False
38466,U Mobile,U Mobile Sdn Bhd,broadband,2025-Q4,2025,4,148.498045582904,119.36727671497796,63.4195078357855,32.526253570978234,13.612190476190476,11.226,21,18,0.011888385047808292,False
54994,,Meteverse Limited.,broadband,2025-Q4,2025,4,12.806601712983067,10.625040836256519,10.919641435267021,7.063795722340816,250.66115,207.80200000000002,20,6,0.011322271474103135,False
38278,,Orient Telecoms Sdn. Bhd,broadband,2025-Q4,2025,4,60.677935095159775,37.90797103520958,26.93587900196186,24.448040369617914,39.2504,41.304500000000004,20,3,0.011322271474103135,False
10204,,Arcnet NTT MSC ISP,broadband,2025-Q4,2025,4,7.662784801139179,6.158064938798015,7.82516635438659,5.954293774367896,16.528421052631582,14.392,19,2,0.010756157900397977,False
132531,,M EAST SDN. BHD.,broadband,2025-Q4,2025,4,74.37727948801965,63.39999150116561,65.3029474712462,59.4596214078571,4.358388888888888,4.2675,18,1,0.010190044326692821,False
140866,,TRUE PACKET SDN BHD,broadband,2025-Q4,2025,4,7.147134465013916,6.556556403342813,7.5657085120324945,2.795788015112005,370.034705882353,355.879,17,1,0.009623930752987665,False
24068,,Broadband Service Provider,broadband,2025-Q4,2025,4,43.07251380874159,43.5621064605648,28.281032341465583,39.2864277477965,19.435499999999998,19.0,16,4,0.009057817179282508,False
132196,,DANAWA RESOURCES SDN BHD,broadband,2025-Q4,2025,4,25.548280867608863,2.7646117567052015,7.85554786666579,2.6221113029265943,111.780875,55.8095,16,6,0.009057817179282508,False
141011,,Borneo Restu Sdn. Bhd.,broadband,2025-Q4,2025,4,142.362084328055,42.58280762723381,88.80335114924809,48.80407170417236,33.88353333333333,21.849,15,3,0.00849170360557735,False
132111,,Bigband Sdn Bhd,broadband,2025-Q4,2025,4,88.55552266646052,95.39452593711742,80.01383176145038,92.45974856720453,209.38535714285717,221.4495,14,1,0.007925590031872194,False
41095,,IPTP LTD,broadband,2025-Q4,2025,4,9.663680586879277,9.11291835044151,12.437416694391718,12.15444884995306,93.50235714285715,92.74549999999999,14,1,0.007925590031872194,False
142288,,Unit Pengurusan Teknologi Maklumat (UPTM),broadband,2025-Q4,2025,4,58.69679267120379,54.9038499857758,22.280998536042617,13.482919586719401,19.050285714285714,17.698,14,2,0.007925590031872194,False
55420,,APNIC ASN Block,broadband,2025-Q4,2025,4,53.4519638412379,25.973953064569475,26.749693054363142,19.59414003515979,244.35192307692307,131.726,13,7,0.0073594764581670375,False
134553,,i-Skill Dynamics Sdn Bhd,broadband,2025-Q4,2025,4,35.16203990698444,7.171429201824324,4.970869634537919,3.8607177334725273,72.33138461538462,64.962,13,4,0.0073594764581670375,False
140625,,Excel Commerce Solutions Sdn. Bhd.,broadband,2025-Q4,2025,4,138.15982269830542,36.514180654230955,7.36270981282448,2.8280874401742597,29.044916666666666,27.1935,12,5,0.00679336288446188,False
984,,OCTOPUS WEB SOLUTION INC,broadband,2025-Q4,2025,4,75.44577423528774,19.215703987236875,57.67068055291035,14.474916481603554,16.68091666666667,7.555,12,5,0.00679336288446188,False
134202,,E-WORLD COMMUNICATION SDN BHD,broadband,2025-Q4,2025,4,22.93478219198654,13.66472433737951,24.316398811601502,12.609236717454774,43.494,60.492999999999995,12,3,0.00679336288446188,False
714,,Apple Inc.,broadband,2025-Q4,2025,4,55.28366579692135,68.725171816499,44.345792135816,49.29720555766498,12.237,12.006,11,12,0.006227249310756724,False
132198,,iCore Technology Sdn Bhd,broadband,2025-Q4,2025,4,148.1257750132641,32.720660308920614,114.95533020787767,21.503489500142678,11.040600000000001,9.203,10,5,0.005661135737051568,False
132530,,Infonal Sdn Bhd,broadband,2025-Q4,2025,4,14.480274917864685,16.44476795583411,10.371984061555372,4.063388542026887,346.757,347.232,9,3,0.0050950221633464104,False
9655,,"TPM Corp. Berhad,",broadband,2025-Q4,2025,4,31.42395162547978,38.34522073333259,18.764724439745695,43.446524539879206,9.785333333333334,9.16,9,6,0.0050950221633464104,False
7361,,DataZone Networks LLC,broadband,2025-Q4,2025,4,8.167856118312057,4.107421828590152,6.099158366140929,0.42095672089110436,80.2698888888889,79.0,9,6,0.0050950221633464104,False
131330,,irix,broadband,2025-Q4,2025,4,216.47932790475187,190.749501874063,119.93536481442351,199.00507670048566,16.490875000000003,17.435000000000002,8,4,0.004528908589641254,False
151813,,NETCOM,broadband,2025-Q4,2025,4,32.990247732512124,22.717579714058118,26.968054995814448,23.787113596648027,20.71783333333333,20.165,6,1,0.00339668144223094,False
214143,,SKYDIGITAL TELECOM LTD,broadband,2025-Q4,2025,4,14.086148491665304,4.820304201582121,11.748654585736684,4.310781884379181,5.426666666666667,5.279999999999999,6,2,0.00339668144223094,False
138339,,SMARTSEL SDN BHD,broadband,2025-Q4,2025,4,28.657393814223592,24.949693488612834,27.633425450888378,16.050855228582734,35.4665,9.3435,6,3,0.00339668144223094,False
132688,,University of Malaya,broadband,2025-Q4,2025,4,747.361020089304,899.5049757612343,895.6672803144213,906.6896401910105,6.769399999999999,6.779,6,3,0.00339668144223094,False
45630,,AS-FIBRECOMM-MY- Internet Service Provider,broadband,2025-Q4,2025,4,88.78834752357265,75.1264832351975,87.48683826312012,67.30348299303401,8.110666666666669,7.2875,6,2,0.00339668144223094,False
136751,,Teleperformance Malaysia Sdn Bhd,broadband,2025-Q4,2025,4,32.855136630889156,9.435507259985128,0.3660264624839816,3.907772606859888,39.948,42.832,5,1,0.002830567868525784,False
134066,,Lynuxtel Malaysia Sdn Bhd,broadband,2025-Q4,2025,4,154.6867591026096,71.62582088981968,95.11755325281923,66.84125879127464,44.1956,43.573,5,3,0.002830567868525784,False
214483,,FiberPower LLC,broadband,2025-Q4,2025,4,16.434489384137404,5.059399264170676,16.639086134487577,1.6782221045702412,1.221,1.0,5,2,0.002830567868525784,False
151975,,Electronic Arts Inc.,broadband,2025-Q4,2025,4,106.62287985172502,154.9761419496995,7.032805526062211,33.22762316310845,177.53560000000002,258.249,5,1,0.002830567868525784,False
2914,,"NTT America, Inc.",broadband,2025-Q4,2025,4,122.52567412470711,45.157965168273144,113.99390184387187,45.157965168273144,71.0255,86.638,4,1,0.002264454294820627,False
23659,,APNIC HEITECH ASN,broadband,2025-Q4,2025,4,293.7731205809025,224.80952599123668,267.31646034027887,195.46748972386817,7.912749999999999,7.677,4,3,0.002264454294820627,False
19637,,Avago Technologies U.S. Inc.,broadband,2025-Q4,2025,4,148.21270071735793,123.0897558387283,167.52515136800363,161.47778241997494,84.48249999999999,14.411999999999999,4,1,0.002264454294820627,False
150712,,Weber Meyer Sdn Bhd,broadband,2025-Q4,2025,4,264.2440126969108,189.00006147229846,143.750573076426,105.41306346037231,9.739,9.588000000000001,4,3,0.002264454294820627,False
137839,,IMU Education Sdn. Bhd.,broadband,2025-Q4,2025,4,432.55133825601257,303.7968022672909,294.71317207378024,148.35679602337802,8.39375,7.709,4,1,0.002264454294820627,False
38044,,GITN-NETWORK,broadband,2025-Q4,2025,4,53.99867994448109,53.92974505637538,61.78958565450853,46.04203169548654,28.58325,27.194499999999998,4,3,0.002264454294820627,False
139761,,Gigabit Fiber Sdn Bhd,broadband,2025-Q4,2025,4,25.220121340519306,16.822220713690243,25.395879743107212,14.522653396206566,184.61975,184.776,4,1,0.002264454294820627,False
397077,,Sony Interactive Entertainment LLC.,broadband,2025-Q4,2025,4,300.74340825582027,363.29120056900865,76.01894418971949,363.29120056900865,158.179,227.852,3,1,0.00169834072111547,False
198723,,University of Reading,broadband,2025-Q4,2025,4,86.65139227675739,91.84503495825426,55.57861632884681,91.84503495825426,9.522333333333334,10.671,3,3,0.00169834072111547,False
154177,,LIGHT NODE LIMITED,broadband,2025-Q4,2025,4,33.996039305524995,37.572912722029244,7.001482511952964,37.572912722029244,31.05333333333333,6.586,3,2,0.00169834072111547,False
132372,,GB Network Solutions Sdn. Bhd.,broadband,2025-Q4,2025,4,40.619184725380684,3.6444248939058177,35.735711502690684,3.6444248939058177,161.835,194.997,3,2,0.00169834072111547,False
212238,,Datacamp Limited,broadband,2025-Q4,2025,4,21.643467006287963,0.3923635689141159,7.463161110853392,0.3923635689141159,41.80866666666667,59.087,3,1,0.00169834072111547,False
2571,,DHL Information Services (Europe) s.r.o,broadband,2025-Q4,2025,4,50.378982571431685,52.60684319465728,49.808389123148565,52.74033983509129,305.7443333333333,321.369,3,1,0.00169834072111547,False
134107,,University Malaysia Pahang,broadband,2025-Q4,2025,4,683.9739789955051,1022.066550674897,821.4973030058278,843.0395552485782,11.282666666666666,10.757,3,3,0.00169834072111547,False
33619,,"Advanced Micro Devices, Inc.",broadband,2025-Q4,2025,4,10.423228948635296,5.462327521325072,0.13559971309727034,0.4336998933026223,325.419,342.779,3,1,0.00169834072111547,False
56111,,Agarto Sdn Bhd,broadband,2025-Q4,2025,4,3.8428207290086416,,5.220405033881898,,282.045,328.071,3,1,0.00169834072111547,False
3573,,Accenture LLP,broadband,2025-Q4,2025,4,45.33557421835417,141.3242678276146,53.72698170679881,141.3242678276146,146.266,213.77,3,2,0.00169834072111547,False
142111,,Zhejiang Aiyun Network Technology Co Ltd,broadband,2025-Q4,2025,4,109.63190076742616,35.41659633610249,83.21347393950585,35.41659633610249,57.666666666666664,8.0,3,3,0.00169834072111547,False
55571,,AMWAYIT ADMIN,broadband,2025-Q4,2025,4,62.76692977417703,49.07721719560009,62.76692977417703,49.07721719560009,116.72800000000001,116.72800000000001,2,1,0.0011322271474103135,False
24314,,University Pendidikan Sultan Idris,broadband,2025-Q4,2025,4,47.78321223686609,92.4260558091929,47.78321223686609,92.4260558091929,10.433,10.433,2,2,0.0011322271474103135,False
136749,,KS IT SOLUTIONS SDN BHD,broadband,2025-Q4,2025,4,31.631919452286226,1.8875190998357692,31.631919452286226,1.8875190998357692,245.293,245.293,2,1,0.0011322271474103135,False
23736,,TM TECHNOLOGY SERVICES SDN. BHD.,broadband,2025-Q4,2025,4,26.826006681002553,26.960277864574422,26.826006681002553,26.960277864574422,41.668,41.668,2,1,0.0011322271474103135,False
5580,,GTT Communications Netherlands B.V.,broadband,2025-Q4,2025,4,53.4108880790988,0.38909497564112816,53.4108880790988,0.38909497564112816,46.5275,46.5275,2,1,0.0011322271474103135,False
5065,,Bunny Communications,broadband,2025-Q4,2025,4,9.494386647710439,27.424338323388923,9.494386647710439,27.424338323388923,89.5995,89.5995,2,2,0.0011322271474103135,False
45121,,Enterprise Managed Services Sdn. Bhd.,broadband,2025-Q4,2025,4,10.53828003890165,18.78791337461929,10.53828003890165,18.78791337461929,21.816499999999998,21.816499999999998,2,1,0.0011322271474103135,False
15830,,Equinix (EMEA) Acquisition Enterprises B.V.,broadband,2025-Q4,2025,4,37.721327685755085,20.06337043588721,37.721327685755085,20.06337043588721,12.061,12.061,2,2,0.0011322271474103135,False
134088,,NGN Connection Sdn. Bhd.,broadband,2025-Q4,2025,4,90.55434619671234,87.39315025055242,90.55434619671234,87.39315025055242,13.045,13.045,2,2,0.0011322271474103135,False
45668,,AIMS Data Centre Sdn Bhd,broadband,2025-Q4,2025,4,112.74490654842631,6.416641401515909,112.74490654842631,6.416641401515909,24.283,24.283,2,2,0.0011322271474103135,False
213541,,WS Telecom Inc,broadband,2025-Q4,2025,4,0.1580775506254567,0.042549996075406195,0.1580775506254567,0.042549996075406195,168.628,168.628,1,1,0.0005661135737051568,False
3257,,GTT Communications Inc.,broadband,2025-Q4,2025,4,34.46657025662972,51.71880133534259,34.46657025662972,51.71880133534259,89.598,89.598,1,1,0.0005661135737051568,False
135553,,VC Telecoms Sdn. Bhd.,broadband,2025-Q4,2025,4,9.671265143158084,,9.671265143158084,,20.075,20.075,1,1,0.0005661135737051568,False
19773,,"Motorola, Inc.",broadband,2025-Q4,2025,4,46.8206575325479,3.3735969637627328,46.8206575325479,3.3735969637627328,190.0,190.0,1,1,0.0005661135737051568,False
138391,,Dewan Bandaraya Kuala Lumpur,broadband,2025-Q4,2025,4,14.418995062286164,,14.418995062286164,,9.862,9.862,1,1,0.0005661135737051568,False
153334,,Origin TechLab Sdn Bhd,broadband,2025-Q4,2025,4,0.3186821805224458,0.09621345177187834,0.3186821805224458,0.09621345177187834,346.002,346.002,1,1,0.0005661135737051568,False
132885,,CET DEVELOPMENT SDN BHD,broadband,2025-Q4,2025,4,73.1273352067417,65.98351251033736,73.1273352067417,65.98351251033736,13.937,13.937,1,1,0.0005661135737051568,False
140586,,Velo Technologies SDN BHD,broadband,2025-Q4,2025,4,9.094675187529203,0.0307697968678257,9.094675187529203,0.0307697968678257,8.795,8.795,1,1,0.0005661135737051568,False
215294,,Lumina broadband UAB,broadband,2025-Q4,2025,4,8.255932054394352,0.2820293282885525,8.255932054394352,0.2820293282885525,180.572,180.572,1,1,0.0005661135737051568,False
152652,,UNIVERSITI SULTAN AZLAN SHAH,broadband,2025-Q4,2025,4,17.667983457101034,8.815508524330394,17.667983457101034,8.815508524330394,8.996,8.996,1,1,0.0005661135737051568,False
132035,,Computer Center,broadband,2025-Q4,2025,4,93.81185372489244,93.94905106992753,93.81185372489244,93.94905106992753,22.47,22.47,1,1,0.0005661135737051568,False
4637,,Telstra Global,broadband,2025-Q4,2025,4,90.77735884977817,116.48050618628461,90.77735884977817,116.48050618628461,16.391,16.391,1,1,0.0005661135737051568,False
45344,,International Islamic University Of Malaysia,broadband,2025-Q4,2025,4,54.50391430926907,91.05906524191035,54.50391430926907,91.05906524191035,21.61,21.61,1,1,0.0005661135737051568,False
206216,,Advin Services LLC,broadband,2025-Q4,2025,4,613.7042182369286,,613.7042182369286,,17.239,17.239,1,1,0.0005661135737051568,False
17666,,HITACHISUNWAY,broadband,2025-Q4,2025,4,3.556987647131773,0.10256573328457479,3.556987647131773,0.10256573328457479,94.515,94.515,1,1,0.0005661135737051568,False
40605,,"ANYCONNECT INFORMATION TECHNOLOGY CO., LTD",broadband,2025-Q4,2025,4,1.3273899955454787,0.45671921334477966,1.3273899955454787,0.45671921334477966,379.264,379.264,1,1,0.0005661135737051568,False
135551,,Malaysian Communication and Multimedia Commission,broadband,2025-Q4,2025,4,59.567183966238915,99.43352838891187,59.567183966238915,99.43352838891187,10.708,10.708,1,1,0.0005661135737051568,False
137240,,Proxus Communications Sdn Bhd,broadband,2025-Q4,2025,4,14.642845364498903,32.892367845010945,14.642845364498903,32.892367845010945,13.485,13.485,1,1,0.0005661135737051568,False
200017,,Elisteka UAB,broadband,2025-Q4,2025,4,67.90781613783543,32.59274079919968,67.90781613783543,32.59274079919968,187.307,187.307,1,1,0.0005661135737051568,False
24482,,SG.GS,broadband,2025-Q4,2025,4,181.37217171202886,119.83579711521637,181.37217171202886,119.83579711521637,11.508,11.508,1,1,0.0005661135737051568,False
133936,,X86 Network Sdn Bhd,broadband,2025-Q4,2025,4,819.200493877495,815.9024146537218,819.200493877495,815.9024146537218,9.479,9.479,1,1,0.0005661135737051568,False
63139,,BEDGE CO LIMITED,broadband,2025-Q4,2025,4,7.755152293819611,1.7806816604609175,7.755152293819611,1.7806816604609175,270.456,270.456,1,1,0.0005661135737051568,False
18106,,Viewqwest Pte Ltd,broadband,2025-Q4,2025,4,59.90875884356129,0.09606423107058851,59.90875884356129,0.09606423107058851,76.6,76.6,1,1,0.0005661135737051568,False
9534,Maxis,Binariang Berhad,cellular,2023-Q1,2023,1,20.8388275395579,7.361733338788905,8.675184481346946,3.1369119176124176,108.23641716171615,66.2695,3030,2355,34.46706859287908,True
38466,U Mobile,U Mobile Sdn Bhd,cellular,2023-Q1,2023,1,9.937139210886885,4.717627044816191,4.533894105949888,2.656181330894774,102.23445810055867,55.8765,2866,1382,32.601524286201794,True
10030,Celcom,Celcom Axiata Berhad,cellular,2023-Q1,2023,1,18.39492068915826,5.923719641139593,7.743908520162618,2.22453270655446,159.4170963646855,109.965,1733,1473,19.713343191900808,True
4818,Digi,DiGi Telecommunications Sdn. Bhd.,cellular,2023-Q1,2023,1,17.931486412770173,6.69014649711103,6.146668942640948,3.5001091997379206,56.444896551724135,43.1745,1161,701,13.206688658855647,True
154177,,LIGHT NODE LIMITED,cellular,2023-Q1,2023,1,42.67942623154079,3.895394805459998,42.67942623154079,3.895394805459998,6.236,6.236,1,1,0.011375270162666363,False
9534,Maxis,Binariang Berhad,cellular,2023-Q2,2023,2,25.622774104026256,7.86599915728559,10.46434809344676,2.8079545639668297,82.86789747899158,57.148,2977,2115,34.07738095238095,True
38466,U Mobile,U Mobile Sdn Bhd,cellular,2023-Q2,2023,2,15.505572309161046,5.954229161371777,5.438343980251825,3.193477694047539,112.02803875968989,66.782,2455,1520,28.102106227106226,True
10030,Celcom,Celcom Axiata Berhad,cellular,2023-Q2,2023,2,21.161257921353453,6.433631669053161,8.810041440101191,2.4867110657786844,129.90759798270898,60.424,2082,1217,23.832417582417584,True
4818,Digi,DiGi Telecommunications Sdn. Bhd.,cellular,2023-Q2,2023,2,17.665940261412878,7.116534828536907,6.212207449160694,5.1084518312907585,57.93181981981983,46.909,1222,849,13.988095238095237,True
9534,Maxis,Binariang Berhad,cellular,2023-Q3,2023,3,22.51855634481096,7.440361603388319,6.698843848095869,2.992866975763478,80.72436761163607,40.987,5400,2801,32.79086713626427,True
38466,U Mobile,U Mobile Sdn Bhd,cellular,2023-Q3,2023,3,22.0194022683656,6.949475337994479,5.772377499640562,3.431560499391965,82.60553417231365,38.139,5170,3134,31.394219091571532,True
10030,Celcom,Celcom Axiata Berhad,cellular,2023-Q3,2023,3,27.867767778448687,7.599095896585832,8.217972279944306,2.9480703893300824,118.9873992227979,46.6895,3860,1976,23.43939761962594,True
4818,Digi,DiGi Telecommunications Sdn. Bhd.,cellular,2023-Q3,2023,3,15.800032337398477,6.4661512860841714,3.2222901110045146,3.7423614230814533,63.39362919132151,36.2125,2035,1026,12.35729900412922,True
154177,,LIGHT NODE LIMITED,cellular,2023-Q3,2023,3,3.9851670244352277,3.862621478733194,3.9851670244352277,3.862621478733194,90.2355,90.2355,2,1,0.012144765606023804,False
4788,TM,TM TECHNOLOGY SERVICES SDN. BHD.,cellular,2023-Q3,2023,3,0.16679646464782855,0.08827350289914682,0.16679646464782855,0.08827350289914682,203.751,203.751,1,1,0.006072382803011902,False
10030,Celcom,Celcom Axiata Berhad,cellular,2023-Q4,2023,4,34.447580359842185,11.435589020286026,10.567338565664944,4.037361885410775,142.80081163324354,38.493,10024,5081,29.0189039747561,True
9534,Maxis,Binariang Berhad,cellular,2023-Q4,2023,4,50.96459273581601,12.448207221757697,12.454107387668152,5.372652313682489,51.64407004175364,31.637,9585,4970,27.748024201719595,True
38466,U Mobile,U Mobile Sdn Bhd,cellular,2023-Q4,2023,4,33.951480767250246,10.08690317733225,6.399056261291811,4.757333823883734,79.85038340094286,34.309,9129,3864,26.42793040558145,True
4818,Digi,DiGi Telecommunications Sdn. Bhd.,cellular,2023-Q4,2023,4,19.563096262306136,6.504389645877448,4.571259937524613,2.66479205611121,59.04710561797753,33.578,5804,2351,16.802246475407465,True
154177,,LIGHT NODE LIMITED,cellular,2023-Q4,2023,4,58.212783629590525,37.60256846921243,58.212783629590525,37.60256846921243,41.0,41.0,1,1,0.0028949425353906725,False
38466,U Mobile,U Mobile Sdn Bhd,cellular,2024-Q1,2024,1,53.55671795743077,15.246687565572199,10.475272851752887,6.382099141861524,80.99040290883569,33.195,25673,8418,36.44713865898153,True
10030,Celcom,Celcom Axiata Berhad,cellular,2024-Q1,2024,1,41.51008138557013,12.470887777551797,13.012202452591689,3.9852637429416933,173.9314534221039,179.699,18775,7132,26.65426823208734,True
9534,Maxis,Binariang Berhad,cellular,2024-Q1,2024,1,51.23220451367247,14.54378158852836,14.370348109632129,6.601563012568204,48.99064410123442,30.025,17758,8892,25.210465793097573,True
4818,Digi,DiGi Telecommunications Sdn. Bhd.,cellular,2024-Q1,2024,1,21.126459289682014,7.2259402819360625,5.880439220690519,4.360271496108343,61.775561722371314,32.028999999999996,8229,4120,11.682448643507149,True
154177,,LIGHT NODE LIMITED,cellular,2024-Q1,2024,1,26.525963484993575,1.4114449189026885,27.04606017015725,0.7485940723157085,37.144999999999996,41.959,4,2,0.005678672326410086,False
38466,U Mobile,U Mobile Sdn Bhd,cellular,2024-Q2,2024,2,36.8791193725522,13.227836167138287,10.962162794697445,5.712504141187468,96.11882498397513,36.3595,40600,12780,38.806369597216644,True
9534,Maxis,Binariang Berhad,cellular,2024-Q2,2024,2,79.39305059859646,16.37173814325614,20.968987627150728,8.045367608361992,42.431054761754886,26.515,31791,14238,30.38653438091415,True
10030,Celcom,Celcom Axiata Berhad,cellular,2024-Q2,2024,2,45.35011322513988,15.176760823141844,13.778479077553385,5.273619160247191,163.1578634966552,96.83,22126,8918,21.14851560857181,True
4818,Digi,DiGi Telecommunications Sdn. Bhd.,cellular,2024-Q2,2024,2,48.48437502873045,7.878958340792456,8.144500921997201,3.96684622824261,44.973062456210606,30.571,10003,6153,9.561086578348721,True
4788,TM,TM TECHNOLOGY SERVICES SDN. BHD.,cellular,2024-Q2,2024,2,7.210338874176011,6.0325552733318775,4.6478479800053885,5.453686080719449,29.17089361702128,28.6085,94,34,0.08984725965858041,False
154177,,LIGHT NODE LIMITED,cellular,2024-Q2,2024,2,21.907289790448463,8.03200053891205,13.602128156644897,3.1945029062631303,58.056250000000006,52.563,8,1,0.00764657529009195,False
38466,U Mobile,U Mobile Sdn Bhd,cellular,2024-Q3,2024,3,35.90532458240762,12.671422188030046,11.415185679091008,5.807870865158672,102.25488347715734,38.309,39448,12570,47.79026943206048,True
9534,Maxis,Binariang Berhad,cellular,2024-Q3,2024,3,68.65642702664394,14.893783805424357,17.451496435665486,7.055386580447744,42.38920104012644,27.262,19625,11180,23.7751986819151,True
10030,Celcom,Celcom Axiata Berhad,cellular,2024-Q3,2024,3,57.46387333682281,18.953739863320276,20.31760084803985,7.534669220684825,54.734531829022195,41.0,16353,6730,19.811252180655167,True
4818,Digi,DiGi Telecommunications Sdn. Bhd.,cellular,2024-Q3,2024,3,35.38794555288624,9.862194609626043,7.415671809671843,5.686091776093205,52.11533499359614,31.78,7045,3125,8.534842023647993,True
154177,,LIGHT NODE LIMITED,cellular,2024-Q3,2024,3,17.14334149095451,5.674192112313037,11.90523743098476,0.8567221097344537,38.92153424657534,30.739,73,5,0.08843768172126382,False
38466,U Mobile,U Mobile Sdn Bhd,cellular,2024-Q4,2024,4,40.25118492801669,13.990673510220015,11.331130105671038,6.27928917373832,88.27283508974148,34.82,36507,12722,47.6225883457911,True
9534,Maxis,Binariang Berhad,cellular,2024-Q4,2024,4,57.26018744980655,14.830112119470762,14.010681017758717,6.55687768415015,49.61282895354294,29.057499999999997,17073,10306,22.271357570539664,True
10030,Celcom,Celcom Axiata Berhad,cellular,2024-Q4,2024,4,52.26359747737418,18.671624933592884,22.814069017262113,8.268284529808621,54.66784441465053,46.272,16409,7416,21.405183996660536,True
4818,Digi,DiGi Telecommunications Sdn. Bhd.,cellular,2024-Q4,2024,4,32.763330180048584,9.577884372235088,6.509363999231482,5.29421492288059,53.633448409619874,32.313,6460,3341,8.426929649486688,True
4788,TM,TM TECHNOLOGY SERVICES SDN. BHD.,cellular,2024-Q4,2024,4,52.30656389327437,7.195444867921941,5.984529713016819,2.5669887175345436,44.992668316831676,26.954,202,106,0.2635046113306983,True
154177,,LIGHT NODE LIMITED,cellular,2024-Q4,2024,4,0.9620683528720422,1.24224502547324,0.8803731769402328,0.9963848176339785,44.46228571428572,14.758,7,2,0.009131347917400435,False
132434,,MaxisNet International Internet Gateway,cellular,2024-Q4,2024,4,113.3626599103788,48.822753764703705,113.3626599103788,48.822753764703705,12.645,12.645,1,1,0.001304478273914348,False
38466,U Mobile,U Mobile Sdn Bhd,cellular,2025-Q1,2025,1,39.57941889747219,13.337851891025148,10.777302945102248,6.261007738926121,68.76499111944257,31.622500000000002,52855,17791,40.88887169767532,True
9534,Maxis,Binariang Berhad,cellular,2025-Q1,2025,1,47.90234173188529,14.040430022053359,14.410319383892856,7.833122925273625,46.71396427080224,28.132,33546,15855,25.95134026998801,True
10030,Celcom,Celcom Axiata Berhad,cellular,2025-Q1,2025,1,46.1117707801419,19.192875741966173,22.268664538159044,9.743663189574663,60.71580973537549,65.706,25660,8736,19.85069431013809,True
4818,Digi,DiGi Telecommunications Sdn. Bhd.,cellular,2025-Q1,2025,1,18.719238018396876,7.4856664007686895,3.6608988725481977,1.3976750048357593,40.96027027657836,28.6785,17142,4423,13.261130236336209,True
4788,TM,TM TECHNOLOGY SERVICES SDN. BHD.,cellular,2025-Q1,2025,1,9.699905051566175,2.902911214938162,2.864246387228441,1.8541919103283138,86.3011304347826,40.4915,46,27,0.035585812091440065,False
154177,,LIGHT NODE LIMITED,cellular,2025-Q1,2025,1,6.3028742374998545,2.237448565129191,1.9133565249343345,1.1460122841715144,28.592062500000004,7.203,16,4,0.012377673770935675,False
38466,U Mobile,U Mobile Sdn Bhd,cellular,2025-Q2,2025,2,47.90621471765489,14.701635290773703,12.541720655769783,7.179033369892244,69.5763343557712,31.199,53852,27505,38.99041385502042,True
9534,Maxis,Binariang Berhad,cellular,2025-Q2,2025,2,49.767500280330495,13.61736762146436,11.757014027100855,5.629787553070309,48.57644721577725,28.235,44863,31716,32.48211648179791,True
10030,Celcom,Celcom Axiata Berhad,cellular,2025-Q2,2025,2,44.382539865835945,16.56569945770736,21.959274944893906,7.2161432460991835,52.319741866498376,44.1875,28524,11576,20.652205392568565,True
4818,Digi,DiGi Telecommunications Sdn. Bhd.,cellular,2025-Q2,2025,2,33.51515053072899,10.615514475018422,10.400382333875642,5.516755754440923,53.50116893705877,33.748,10063,6408,7.285904601928814,True
4788,TM,TM TECHNOLOGY SERVICES SDN. BHD.,cellular,2025-Q2,2025,2,57.27336046785865,11.627821061362141,8.234839138922224,2.5252866968733882,43.61194072164949,27.924,776,553,0.5618465637580006,True
154177,,LIGHT NODE LIMITED,cellular,2025-Q2,2025,2,16.817240323082903,9.831304190449147,11.214641651477026,4.783180142968785,21.674272727272726,7.105,33,7,0.023892959541255178,False
45960,Yes,YTL COMMUNICATIONS SDN BHD,cellular,2025-Q2,2025,2,52.907465585293984,17.997177487452017,60.48948119187233,13.145358418964491,71.6242,54.484,5,5,0.0036201453850386632,False
38466,U Mobile,U Mobile Sdn Bhd,cellular,2025-Q3,2025,3,48.89132447499824,15.022021559330785,13.149118756441005,6.923038080143156,66.79319295370752,31.693,75746,39842,32.24482672013418,True
9534,Maxis,Binariang Berhad,cellular,2025-Q3,2025,3,51.19073295871428,14.113887665922134,12.803114180732255,6.007181225939767,52.03847534894012,28.603,63308,39751,26.9500104295706,True
4818,Digi,DiGi Telecommunications Sdn. Bhd.,cellular,2025-Q3,2025,3,44.69650009769162,13.133173213756026,13.02545945701357,6.2654953306989505,47.24091329589998,32.014,47220,29592,20.10140096803443,True
10030,Celcom,Celcom Axiata Berhad,cellular,2025-Q3,2025,3,55.36599950838621,16.909022710318567,25.948614755846766,8.10706690791754,19.614525980292562,7.654,39378,14913,16.763086982618802,True
45960,Yes,YTL COMMUNICATIONS SDN BHD,cellular,2025-Q3,2025,3,46.133138631682186,10.264524437768136,9.539025223769144,3.4424565697225264,104.18301437200583,99.383,4804,2211,2.04504723105543,True
4788,TM,TM TECHNOLOGY SERVICES SDN. BHD.,cellular,2025-Q3,2025,3,64.52184922372217,14.395716914519236,10.95640740623912,4.638712705121022,33.347033641905625,25.58,4430,3165,1.885836643125636,True
154177,,LIGHT NODE LIMITED,cellular,2025-Q3,2025,3,36.0747813338765,12.839088360741588,6.976113194456874,6.500424728721091,13.71978260869565,6.49,23,7,0.009791025460923166,False
4818,Digi,DiGi Telecommunications Sdn. Bhd.,cellular,2025-Q4,2025,4,41.30784783819516,12.206832656343746,11.822659911584458,5.587581752091285,56.61340294931089,35.180499999999995,83935,59801,34.477730265725185,True
38466,U Mobile,U Mobile Sdn Bhd,cellular,2025-Q4,2025,4,56.80923624327212,16.462825340826424,14.849466736049834,7.638311401761012,66.68937754489123,31.497,63318,29072,26.0089465058103,True
9534,Maxis,Binariang Berhad,cellular,2025-Q4,2025,4,44.54451913522046,12.989648732019887,10.788587339411382,5.337618360149251,51.62294242355897,30.227,62090,39317,25.50452459878331,True
10030,Celcom,Celcom Axiata Berhad,cellular,2025-Q4,2025,4,61.61845019542028,18.655685299277646,28.67388188523629,9.09174492882531,11.977160013824085,7.787,23149,5790,9.508845867889109,True
45960,Yes,YTL COMMUNICATIONS SDN BHD,cellular,2025-Q4,2025,4,47.45032659370856,11.542251018744953,12.08689814333578,3.3862247891292228,108.85535102761317,102.007,7933,3976,3.258614811437397,True
4788,TM,TM TECHNOLOGY SERVICES SDN. BHD.,cellular,2025-Q4,2025,4,59.18709173151348,12.131529674396917,10.625440592205239,3.753457596031668,33.27464629258517,25.234499999999997,2995,2022,1.2302472406725078,True
154177,,LIGHT NODE LIMITED,cellular,2025-Q4,2025,4,49.145032924351696,9.600632230130781,46.27051780785302,4.444481220775269,21.83155555555555,6.848,27,7,0.011090709682189552,False
