asn,operator,as_name,network_type,quarter,year,quarter_num,avg_d_mbps,avg_u_mbps,med_d_mbps,med_u_mbps,avg_lat_ms,med_lat_ms,total_tests,n_ips_approx,market_share_pct,is_reliable
136255,Mytel,"Telecom International Myanmar Co., Ltd",broadband,2023-Q1,2023,1,9.266007887932284,6.385082191932866,6.1017990360905365,3.885199416745938,214.39675223880593,220.0445,2683,1747,25.018649757553153,True
9988,MPT,Myanma Posts and Telecommunications,broadband,2023-Q1,2023,1,15.192377361067264,12.777980553167636,14.27224294086308,9.963084856175694,183.45157453754084,125.637,919,395,8.569563595673257,True
132167,,Nine Communications Company Limited,broadband,2023-Q1,2023,1,10.319619261350242,8.180968849409274,7.457386542314483,5.18971690977785,190.48549836423118,114.0,917,248,8.550913838120104,True
134840,,"Myanmar Country Co., Ltd.",broadband,2023-Q1,2023,1,13.25958380052999,10.120275143481042,13.069194279631253,7.5097079332873715,184.07150901525657,113.741,721,119,6.723237597911227,True
58952,,Frontiir Co. Ltd,broadband,2023-Q1,2023,1,7.2298009731746085,5.80107730337293,5.54698096080245,4.552086912752758,225.9176404682274,128.2255,598,360,5.576277508392391,True
136442,,"Ocean Wave Communication Co., Ltd",broadband,2023-Q1,2023,1,13.920571388446305,8.423777682667208,12.03451329776765,5.894305150063831,183.74620603907638,124.932,563,289,5.249906751212234,True
133385,Atom,Atom Myanmar Limited,broadband,2023-Q1,2023,1,9.997114738059864,7.666703467054151,5.640325726406605,3.3724868717441856,279.86003619047614,260.385,525,184,4.89556135770235,True
139719,,Yar Chang Company Limited,broadband,2023-Q1,2023,1,3.8359260480105903,1.6666996393273938,2.229982996301572,0.6132531166170112,117.3383039647577,85.7475,454,24,4.233494964565461,True
135405,,WELINK,broadband,2023-Q1,2023,1,18.90098816156926,10.009127438865102,14.624688457980774,5.775304100596917,200.79417194570132,220.9245,442,165,4.12159641924655,True
135300,,"Myanmar Broadband Telecom Co., Ltd",broadband,2023-Q1,2023,1,13.415585694148087,6.65361669177426,14.484239136410492,6.361510483647833,128.48702666666668,88.791,375,237,3.496829541215964,True
(unknown),,,broadband,2023-Q1,2023,1,7.4094925275482995,4.302462347569511,4.128979234746435,2.103357236467537,232.46946407185627,221.3115,334,206,3.114509511376352,True
133384,,"Global Technology Co., Ltd.",broadband,2023-Q1,2023,1,16.236199759414774,9.701938630733192,11.937735958429958,7.795100682971684,105.33802966101692,81.81049999999999,236,163,2.2006713912719134,True
45558,MPT,MYANMA POSTS AND TELECOMMUNICATIONS,broadband,2023-Q1,2023,1,8.194446040449856,7.7919419433218895,8.375008494868158,8.581320044283942,189.6655149700599,121.0,167,20,1.557254755688176,True
136210,,IT Spectrum Company Limited,broadband,2023-Q1,2023,1,16.128575512248744,10.638829731068869,15.047036935370727,10.36078151701091,152.7304363636364,110.595,165,115,1.5386049981350243,True
63852,,Myanmar Net,broadband,2023-Q1,2023,1,4.3006012233323325,4.5914615554589036,3.276222031274714,2.7698051119843377,208.94277692307693,114.24199999999999,130,85,1.2122342409548676,True
137424,,"Integral Solutions Myanmar Co.,Ltd.",broadband,2023-Q1,2023,1,13.016695715520664,10.655000249402935,12.549651547682085,7.5140286495270505,205.299856,228.8,125,57,1.165609847071988,True
136480,,Myanmar Unilink Communication Company Limited,broadband,2023-Q1,2023,1,7.516802377622788,3.579755718280646,6.57168292517791,2.0553954582772094,211.7336611570248,220.44,121,93,1.1283103319656844,True
132148,,HORIZON TELECOM INTERNATIONAL COMPANY LIMITED,broadband,2023-Q1,2023,1,11.899489772412592,8.882813352756937,11.798820494164216,8.153141554057534,171.3185739130435,191.558,115,55,1.072361059306229,True
134739,,"AGB Communication Co., Ltd",broadband,2023-Q1,2023,1,16.337019731115547,8.709792993218702,11.80116385395902,5.156481276782821,168.05895,115.94149999999999,101,52,0.9418127564341664,True
135589,,Internet Maekhong Network Company Limited,broadband,2023-Q1,2023,1,14.307093011265374,9.281522272928857,7.689883010331187,6.61292622746976,134.01676767676767,80.979,99,34,0.9231629988810145,False
133524,,"Global Technology Co., Ltd.",broadband,2023-Q1,2023,1,17.05778581356293,12.619624807415976,9.376577990027304,8.954683728322621,109.36786746987951,87.104,83,42,0.7739649384558001,False
131322,Yatanarpon,Yatanarpon Teleport Company Limited,broadband,2023-Q1,2023,1,10.423409666441652,11.990054740452745,8.463256264911639,7.09943645940856,230.26294936708862,120.131,79,40,0.7366654233494965,False
139051,,AUNG GABAR COMPANY LIMITED,broadband,2023-Q1,2023,1,6.674455415451418,4.246828240536035,4.219190608792413,3.7705640393926956,119.66069014084506,97.755,71,5,0.6620663931368892,False
18399,Yatanarpon,Yatanarpon Teleport Company Limited,broadband,2023-Q1,2023,1,13.773164207397498,8.734756991195765,13.959902528299402,8.305021266971258,221.49711864406777,209.338,59,30,0.5501678478179783,False
138167,,TrueNET,broadband,2023-Q1,2023,1,10.456072496875581,6.006632497015301,8.494964897470753,3.114661751503039,259.05807407407406,130.9015,54,37,0.5035434539350988,False
139849,,Royal Esprit Company Limited,broadband,2023-Q1,2023,1,2.816421003048606,5.88486439791311,0.347446060280648,5.944747055620434,89.73180434782607,83.9135,46,13,0.4289444237224916,False
138168,,MyanmarAPN,broadband,2023-Q1,2023,1,23.0939913637743,14.2263554462831,17.64689547069928,16.011351839939056,99.53335555555556,79.248,45,21,0.4196195449459157,False
136780,,MYANMAR INFORMATION HIGHWAY LIMITED,broadband,2023-Q1,2023,1,21.993684117760065,13.157761294098481,20.593898004783508,8.852098607927958,165.55613333333332,105.662,45,29,0.4196195449459157,False
141704,,Galaxia @ Net,broadband,2023-Q1,2023,1,6.06555454877842,5.078745491534747,5.520218892267838,4.774650035011748,230.79077272727275,266.2525,44,1,0.4102946661693398,False
141216,,GREAT GOLDEN HORSE COMPANY LIMITED,broadband,2023-Q1,2023,1,24.59503805867069,4.537913719635543,18.48366248948976,2.2049195089710745,114.12446511627907,77.806,43,31,0.4009697873927639,False
63998,,Kinetic Myanmar Technology,broadband,2023-Q1,2023,1,3.53508329542554,3.4170570579546706,2.1576632135655487,2.121145509425882,202.1318372093023,149.0,43,20,0.4009697873927639,False
141015,,Myanmar Link Telecommunication Ltd,broadband,2023-Q1,2023,1,16.060533191180056,16.839138938018653,11.202148151041191,3.6357561490387207,185.01283333333333,163.77800000000002,36,38,0.3356956359567326,False
136474,,Marga Global Telecom Limited,broadband,2023-Q1,2023,1,9.484612482352277,9.296718658298555,8.229458351736342,8.308928836316412,216.18633333333332,259.5395,36,13,0.3356956359567326,False
135427,,Myanmar Network Company Limited,broadband,2023-Q1,2023,1,17.811497298708755,10.772286619268998,11.808627833705065,8.554536804048126,283.3724545454545,294.103,33,2,0.30772099962700483,False
134714,,Elite Telecom Public Company Limited,broadband,2023-Q1,2023,1,10.513879838428426,4.760472923261298,8.707731326944241,3.731628979359857,176.40944827586208,148.112,29,20,0.27042148452070125,False
140091,,SHWE MAHAR MAE KHONG INDUSTRIAL COMPANY LIMITED,broadband,2023-Q1,2023,1,9.577467317807454,6.010704863977181,6.23384463134129,2.7217888784730127,108.45400000000001,81.73400000000001,22,12,0.2051473330846699,False
135307,,Golden TMH Telecom Co. Ltd,broadband,2023-Q1,2023,1,19.359692951340968,9.442344064301285,13.819924438159555,6.902713582130612,143.3515263157895,121.433,19,4,0.17717269675494218,False
137826,,AST SYSTEM TECHNOLOGY COMPANY LIMITED,broadband,2023-Q1,2023,1,12.663890355124739,4.148663170383816,8.842918470587511,1.4323146864566174,251.8254736842105,112.954,19,3,0.17717269675494218,False
137891,,Be The First,broadband,2023-Q1,2023,1,8.191213285479026,3.4835054319372643,7.952078416573515,3.606288981262994,234.18200000000002,292.6815,16,9,0.14919806042521447,False
136617,,Fortune Telecom Company Limited,broadband,2023-Q1,2023,1,19.26421867334742,12.47806759487568,17.461242435739102,4.505291952079043,229.28300000000002,234.0905,16,4,0.14919806042521447,False
135371,,Fortune Broadband,broadband,2023-Q1,2023,1,11.87623840678432,4.325914579719649,8.547170881103298,4.361049149075758,378.8920666666666,295.633,15,11,0.13987318164863857,False
149660,,Horizon Sources Company Limited,broadband,2023-Q1,2023,1,14.84047234654154,6.048754439594374,10.02377680474883,4.933556720566449,115.33593333333333,89.089,15,9,0.13987318164863857,False
174,Cogent,"Cogent Communications, LLC",broadband,2023-Q1,2023,1,10.599859550089384,5.325741503759538,11.563618864318759,6.2912056931976865,102.60059999999999,100.398,10,7,0.09324878776575904,False
136168,,Campana MYTHIC Co. Ltd.,broadband,2023-Q1,2023,1,16.849138394876118,15.450157732349737,10.7487715363805,6.7085647531715615,191.2027,250.213,10,4,0.09324878776575904,False
149521,,Fiber Life Internet,broadband,2023-Q1,2023,1,15.570892335299957,8.423953638256188,17.296938858529977,5.148158233124574,156.84325,113.67699999999999,8,7,0.07459903021260723,False
132344,,SEANET,broadband,2023-Q1,2023,1,0.2770435010720967,0.4606600965114604,0.201984518015486,0.4112571127417757,866.5663333333332,851.091,6,2,0.05594927265945543,False
142644,,Link Fast Company Limited,broadband,2023-Q1,2023,1,22.07302801887094,15.688761764151906,16.814071875250455,5.898737070746897,84.9076,85.421,5,5,0.04662439388287952,False
140617,,THAN PHYO THU MINING COMPANY LIMITED,broadband,2023-Q1,2023,1,10.249192569934403,17.4092001016653,12.492857903336866,13.773789368709703,117.74600000000001,108.629,5,3,0.04662439388287952,False
137069,,POSCO INTERNATIONAL CORPORATION (MYANMAR E&P OFFICE),broadband,2023-Q1,2023,1,51.13373577687901,8.747536880489319,50.3875351090362,8.581123876735555,94.05625,99.571,4,1,0.03729951510630362,False
149810,,AnyNet,broadband,2023-Q1,2023,1,20.91139571414466,23.647167409145364,14.527290632987576,3.597121305608455,148.049,92.851,4,4,0.03729951510630362,False
139003,,Telcospeed,broadband,2023-Q1,2023,1,6.250749508645916,7.808634167412958,1.2419010981083012,7.808634167412958,245.01975,293.154,4,4,0.03729951510630362,False
149855,,"AGB Communication Co., Ltd",broadband,2023-Q1,2023,1,11.541335953297718,1.408893252947882,12.940968425948505,1.4985831022835256,104.69266666666665,97.17,3,3,0.027974636329727715,False
150721,,ARAKHA NET,broadband,2023-Q1,2023,1,44.11323232440031,42.443839734177985,44.11323232440031,42.443839734177985,324.5795,324.5795,2,1,0.01864975755315181,False
150153,,A W S (MYANMAR) COMPANY LIMITED,broadband,2023-Q1,2023,1,12.292226077224399,6.566224110653202,12.292226077224399,6.566224110653202,90.721,90.721,1,1,0.009324878776575904,False
138158,,Serge Pun & Associate (Myanmar) Ltd.,broadband,2023-Q1,2023,1,9.479357612418136,0.15741208963978956,9.479357612418136,0.15741208963978956,71.21,71.21,1,1,0.009324878776575904,False
150309,,E R S TECHNOLOGY,broadband,2023-Q1,2023,1,0.41083361154862397,,0.41083361154862397,,180.146,180.146,1,1,0.009324878776575904,False
134736,,"NTT MYANMAR CO., LTD.",broadband,2023-Q1,2023,1,10.082557583154975,9.282434174726527,10.082557583154975,9.282434174726527,192.108,192.108,1,1,0.009324878776575904,False
136177,,Yoma Bank Limited,broadband,2023-Q1,2023,1,24.205271531169426,4.608170701527988,24.205271531169426,4.608170701527988,107.601,107.601,1,1,0.009324878776575904,False
136255,Mytel,"Telecom International Myanmar Co., Ltd",broadband,2023-Q2,2023,2,6.993947828032968,6.683428596310647,4.6422090543967585,4.277168762105899,206.5963282980866,223.201,1988,1051,22.842697920257383,True
134840,,"Myanmar Country Co., Ltd.",broadband,2023-Q2,2023,2,11.371503258776777,8.490325409259853,10.70152527030303,4.281316020829866,190.05868532338312,140.062,804,149,9.238193726301276,True
9988,MPT,Myanma Posts and Telecommunications,broadband,2023-Q2,2023,2,16.74549690336155,12.35749134040213,16.986019469779293,9.851413122887475,174.53489552238804,135.314,737,322,8.468344249109503,True
136442,,"Ocean Wave Communication Co., Ltd",broadband,2023-Q2,2023,2,11.593389118737662,7.990381154614639,10.152878015892378,6.5137642678254135,199.85219277108442,119.71600000000001,498,308,5.722164770768701,True
132167,,Nine Communications Company Limited,broadband,2023-Q2,2023,2,7.783362188179674,7.1530264975720455,4.772764111825229,3.690677726416186,194.5493311827957,121.0,468,150,5.377456049638056,True
133385,Atom,Atom Myanmar Limited,broadband,2023-Q2,2023,2,12.181294108927895,8.066717612298905,9.536156855408152,5.5782487126826865,183.15886352941178,117.284,425,191,4.883373549350798,True
174,Cogent,"Cogent Communications, LLC",broadband,2023-Q2,2023,2,13.9287025100372,5.318549292801606,17.49149891733499,5.51308360560483,125.23989256198347,98.944,363,111,4.1709755256808,True
135405,,WELINK,broadband,2023-Q2,2023,2,15.986205710945642,9.304889067393644,10.311375014889348,5.86560889024973,195.9444409221902,130.241,347,151,3.9871308744111227,True
58952,,Frontiir Co. Ltd,broadband,2023-Q2,2023,2,5.714637761448174,4.654789358279181,4.680097055697335,3.5386980700628845,244.32560725075538,134.506,331,203,3.8032862231414453,True
136480,,Myanmar Unilink Communication Company Limited,broadband,2023-Q2,2023,2,10.681916291193492,6.982489857346255,7.5326976222767925,2.430294237359532,191.43092405063294,204.567,316,129,3.6309318625761233,True
135300,,"Myanmar Broadband Telecom Co., Ltd",broadband,2023-Q2,2023,2,9.695239880273249,4.415870954745552,7.26507868411095,4.036475399385304,156.37104332129965,116.816,277,148,3.182810525106285,True
(unknown),,,broadband,2023-Q2,2023,2,8.305197162773329,8.573278160473583,5.889871482418999,5.441821771010847,194.7569657794677,125.936,263,110,3.0219464552453177,True
45558,MPT,MYANMA POSTS AND TELECOMMUNICATIONS,broadband,2023-Q2,2023,2,9.62405738081523,8.614469903996422,9.506607243855555,10.226128808072705,197.59772195121948,127.513,205,20,2.355509594392738,True
136210,,IT Spectrum Company Limited,broadband,2023-Q2,2023,2,14.097411493095223,9.969156157919132,14.087944301282517,9.259107689889246,167.18668205128205,129.252,195,88,2.24060668734919,True
133384,,"Global Technology Co., Ltd.",broadband,2023-Q2,2023,2,24.136421558360247,13.865678460032205,14.453319144835792,10.457140925715445,124.81642767295594,109.497,159,89,1.8269562219924165,True
63852,,Myanmar Net,broadband,2023-Q2,2023,2,3.448789717032564,2.7201866424367913,2.0934715054380413,1.7429362347938266,233.76218461538463,269.15,130,51,1.4937377915661265,True
134739,,"AGB Communication Co., Ltd",broadband,2023-Q2,2023,2,13.79648712815382,7.278378184358832,10.512579778401921,4.098914035773986,191.6030761904762,192.206,105,52,1.206480523957256,True
137424,,"Integral Solutions Myanmar Co.,Ltd.",broadband,2023-Q2,2023,2,12.488220571394786,13.328402084836183,13.913826114477025,13.563725183866765,212.86155208333335,233.79399999999998,96,40,1.1030679076180627,False
133524,,"Global Technology Co., Ltd.",broadband,2023-Q2,2023,2,12.837341314855031,10.43782488639232,9.809575847180707,8.316936546695544,105.64820430107527,102.178,93,29,1.0685970355049983,False
132148,,HORIZON TELECOM INTERNATIONAL COMPANY LIMITED,broadband,2023-Q2,2023,2,11.334739230433486,9.911014089947582,10.18159365024417,8.683159043577339,209.32778260869568,235.541,92,49,1.0571067448006435,False
139719,,Yar Chang Company Limited,broadband,2023-Q2,2023,2,8.731538933948178,3.838878188415384,2.4561186799183776,2.004324863752024,104.82914117647057,83.591,85,29,0.9766747098701597,False
135589,,Internet Maekhong Network Company Limited,broadband,2023-Q2,2023,2,12.437220208348334,9.726354673850992,8.102161616306665,5.505441211287588,148.57097590361445,78.917,83,34,0.9536941284614501,False
141216,,GREAT GOLDEN HORSE COMPANY LIMITED,broadband,2023-Q2,2023,2,14.709404423914698,4.242100688703363,12.818817030712239,2.9040585336001223,101.22074698795181,77.807,83,32,0.9536941284614501,False
138167,,TrueNET,broadband,2023-Q2,2023,2,13.653870328637234,6.84800294865593,9.87718261401833,3.7488186587419254,180.08579452054792,119.936,73,40,0.8387912214179019,False
139051,,AUNG GABAR COMPANY LIMITED,broadband,2023-Q2,2023,2,20.44628045888305,8.282559973752024,21.464748233558755,7.775293781564889,80.87428070175439,73.403,57,3,0.6549465701482248,False
18399,Yatanarpon,Yatanarpon Teleport Company Limited,broadband,2023-Q2,2023,2,12.227677438596409,12.946030713926454,7.9415709795378495,4.605626742923442,233.01131578947366,155.848,57,28,0.6549465701482248,False
131322,Yatanarpon,Yatanarpon Teleport Company Limited,broadband,2023-Q2,2023,2,5.90853783975957,4.117369441294779,2.4851460263273317,0.6567248922913076,179.5980925925926,118.0665,54,30,0.6204756980351603,False
149660,,Horizon Sources Company Limited,broadband,2023-Q2,2023,2,8.13047347512634,8.990315100202197,3.0009599923200616,8.900842440186747,224.56697872340425,208.0,47,27,0.5400436631046766,False
136780,,MYANMAR INFORMATION HIGHWAY LIMITED,broadband,2023-Q2,2023,2,23.901835724373896,16.47760746957727,10.557971446348636,11.868885514473128,124.5985,105.79650000000001,30,30,0.3447087211306446,False
141015,,Myanmar Link Telecommunication Ltd,broadband,2023-Q2,2023,2,6.675922316964302,4.9939650629956684,4.425060010090869,4.790234091879983,249.1763448275862,286.669,29,23,0.3332184304262898,False
137826,,AST SYSTEM TECHNOLOGY COMPANY LIMITED,broadband,2023-Q2,2023,2,8.969072255125742,28.388571363865907,3.9465589770791625,5.475858631233559,180.20478571428572,79.0145,28,5,0.321728139721935,False
138168,,MyanmarAPN,broadband,2023-Q2,2023,2,17.815192042219063,18.42005750344372,12.264431164598093,14.18388432871903,192.58335999999997,159.104,25,14,0.2872572676088705,False
63998,,Kinetic Myanmar Technology,broadband,2023-Q2,2023,2,7.834069894492728,4.497072130679134,6.676926109483524,4.233868046773609,177.84959090909092,118.51050000000001,22,20,0.25278639549580606,False
136474,,Marga Global Telecom Limited,broadband,2023-Q2,2023,2,14.418215326562256,7.763687789961209,13.501092774600515,7.913671457132821,194.09623529411763,235.114,17,6,0.19533494197403195,False
134714,,Elite Telecom Public Company Limited,broadband,2023-Q2,2023,2,8.965229458465835,8.09109562369457,8.27679242650507,8.30997249138237,171.29181250000002,170.1825,16,13,0.1838446512696771,False
135427,,Myanmar Network Company Limited,broadband,2023-Q2,2023,2,9.235066700100786,13.24042047768675,9.48389946468529,10.40960381695084,277.923625,329.051,16,3,0.1838446512696771,False
136617,,Fortune Telecom Company Limited,broadband,2023-Q2,2023,2,16.263035737021355,2.9878963148065285,13.651299478828651,2.448514343673167,190.73309090909095,109.138,11,6,0.12639319774790303,False
150310,,Trustforce Myanmar Company Limited trading as Nationet,broadband,2023-Q2,2023,2,13.725395652395783,15.397878197301194,19.09066154641997,16.13548474242237,155.78972727272728,119.506,11,7,0.12639319774790303,False
135371,,Fortune Broadband,broadband,2023-Q2,2023,2,6.149925139297772,2.5103398682224873,4.410648935239065,3.7516593402637506,184.02887499999997,108.6675,8,5,0.09192232563483856,False
137891,,Be The First,broadband,2023-Q2,2023,2,7.051211748896332,3.1276072010899667,7.756634734258162,3.120400647694494,227.637625,266.37149999999997,8,3,0.09192232563483856,False
135307,,Golden TMH Telecom Co. Ltd,broadband,2023-Q2,2023,2,7.892119574387244,10.416045975500468,5.710867624498197,9.818858363883837,190.04814285714286,123.3,7,1,0.08043203493048375,False
140091,,SHWE MAHAR MAE KHONG INDUSTRIAL COMPANY LIMITED,broadband,2023-Q2,2023,2,38.569822600798965,30.216239201990554,50.44800827956532,40.99823056918474,91.321,80.109,7,6,0.08043203493048375,False
149521,,Fiber Life Internet,broadband,2023-Q2,2023,2,7.077265757278681,7.477617553281807,8.24120186360759,7.477617553281807,155.59216666666666,112.152,6,4,0.06894174422612892,False
150153,,A W S (MYANMAR) COMPANY LIMITED,broadband,2023-Q2,2023,2,11.517804824830922,8.749220538580904,9.443820315471497,8.28467135045205,143.1726,119.967,5,5,0.0574514535217741,False
141704,,Galaxia @ Net,broadband,2023-Q2,2023,2,3.4363418970999593,3.8126650093994465,3.5933107236420234,3.8364794324145155,123.517,115.03899999999999,4,2,0.04596116281741928,False
150692,,Golden Dragon 2000,broadband,2023-Q2,2023,2,6.685720613824937,3.2327861673934843,0.2983904356953938,2.4454910142682915,193.016,158.795,3,3,0.03447087211306446,False
136168,,Campana MYTHIC Co. Ltd.,broadband,2023-Q2,2023,2,7.472012688203303,1.1524374400450872,6.82674688757014,0.2605394533913094,227.33200000000002,286.872,3,2,0.03447087211306446,False
150309,,E R S TECHNOLOGY,broadband,2023-Q2,2023,2,0.6175744628697578,0.2342627630339251,0.633943547959791,0.2342627630339251,367.3893333333333,366.156,3,3,0.03447087211306446,False
135111,,Asia Mega Link,broadband,2023-Q2,2023,2,18.370545255335333,15.852437353963943,18.91800031783326,5.012953143006171,166.472,106.355,3,2,0.03447087211306446,False
139704,,"AGB Communication Co., Ltd",broadband,2023-Q2,2023,2,14.720021837613794,8.668978853576817,14.62970035905549,9.04275163047065,146.53166666666667,77.595,3,1,0.03447087211306446,False
150721,,ARAKHA NET,broadband,2023-Q2,2023,2,7.161482702997744,,7.161482702997744,,261.375,261.375,2,2,0.02298058140870964,False
149855,,"AGB Communication Co., Ltd",broadband,2023-Q2,2023,2,15.63565712927443,8.770030533990207,15.63565712927443,8.770030533990207,99.23599999999999,99.23599999999999,2,2,0.02298058140870964,False
139003,,Telcospeed,broadband,2023-Q2,2023,2,12.734894877824,62.89929433278391,12.734894877824,62.89929433278391,83.116,83.116,1,1,0.01149029070435482,False
140552,,Co-operative Bank Public Company Limited,broadband,2023-Q2,2023,2,29.54726623035259,32.36499818100109,29.54726623035259,32.36499818100109,290.966,290.966,1,1,0.01149029070435482,False
149810,,AnyNet,broadband,2023-Q2,2023,2,6.005838567766734,32.84727875905317,6.005838567766734,32.84727875905317,254.681,254.681,1,1,0.01149029070435482,False
136255,Mytel,"Telecom International Myanmar Co., Ltd",broadband,2023-Q3,2023,3,7.4453028937421735,7.243383480842699,5.532072557422099,5.372551534626137,191.54480334114888,207.73,3414,2094,20.885843631469474,True
134840,,"Myanmar Country Co., Ltd.",broadband,2023-Q3,2023,3,12.10192493860486,10.003488471305381,10.162285114762097,7.576767144896673,135.54754680438995,84.284,1549,176,9.476324483053958,True
9988,MPT,Myanma Posts and Telecommunications,broadband,2023-Q3,2023,3,14.28355970655259,12.761566297014506,14.011189379089007,10.579571085105059,162.09148155467722,114.39150000000001,1518,500,9.286675639300135,True
132167,,Nine Communications Company Limited,broadband,2023-Q3,2023,3,9.763931595000257,10.04469326464438,8.2713205512011,8.23590505104427,173.79401878914405,101.902,1438,280,8.797259268322525,True
133385,Atom,Atom Myanmar Limited,broadband,2023-Q3,2023,3,13.423325460989375,11.206475293221644,12.549198173808112,11.088370581039865,179.06482503888026,102.36099999999999,1288,394,7.879603572739508,True
136442,,"Ocean Wave Communication Co., Ltd",broadband,2023-Q3,2023,3,15.001266989778818,13.410419904912647,9.574434718762792,9.531084138173236,137.06911032863852,90.1125,852,406,5.212284350911538,True
136480,,Myanmar Unilink Communication Company Limited,broadband,2023-Q3,2023,3,5.886380997691532,4.497249887834756,4.356172626315325,2.664979773903007,179.87160265700484,204.913,828,315,5.065459439618255,True
58952,,Frontiir Co. Ltd,broadband,2023-Q3,2023,3,6.580273341175118,5.976028694743241,4.910234049181765,4.199907672015302,224.42255679012342,130.95350000000002,810,384,4.955340756148293,True
133384,,"Global Technology Co., Ltd.",broadband,2023-Q3,2023,3,15.770085691959114,15.303996706238406,8.16492248600384,12.159722388033192,116.83810714285713,78.3035,756,314,4.624984705738407,True
135405,,WELINK,broadband,2023-Q3,2023,3,13.512354365273652,8.76392939165706,10.392657127595863,5.88586207254288,179.59202272727273,153.503,441,161,2.6979077450140707,True
(unknown),,,broadband,2023-Q3,2023,3,5.973939942816207,5.907380527533338,2.8397462450085067,4.334947861825346,202.09472727272725,194.746,320,102,1.9576654839104368,True
136210,,IT Spectrum Company Limited,broadband,2023-Q3,2023,3,15.425728958468618,9.891753358147612,11.617853436163863,9.28448156299213,152.35026213592232,109.699,309,128,1.8903707329010155,True
63852,,Myanmar Net,broadband,2023-Q3,2023,3,4.439911560292545,4.4796535249481515,1.8601093352066613,3.2706822596090923,217.34143598615918,217.181,289,106,1.7680166401566133,True
133524,,"Global Technology Co., Ltd.",broadband,2023-Q3,2023,3,14.626391371662718,11.60485687623338,10.68942113030186,8.574723367057949,111.01614925373133,84.994,268,65,1.6395448427749908,True
134739,,"AGB Communication Co., Ltd",broadband,2023-Q3,2023,3,8.790541306500398,8.103989323412126,5.586615086916288,4.649447558205612,183.9040087719298,195.0845,228,72,1.3948366572861863,True
132148,,HORIZON TELECOM INTERNATIONAL COMPANY LIMITED,broadband,2023-Q3,2023,3,12.836940479806128,15.521241235965052,8.485337652057936,10.930978275911077,190.89151315789476,118.3175,228,96,1.3948366572861863,True
135589,,Internet Maekhong Network Company Limited,broadband,2023-Q3,2023,3,11.203928326838962,9.389842173494682,6.443092889614294,6.276316409157172,136.55882162162166,76.108,186,48,1.1378930625229413,True
174,Cogent,"Cogent Communications, LLC",broadband,2023-Q3,2023,3,12.913790922439796,12.858105507314212,5.686809738666019,6.284154174860816,198.1849349112426,145.134,172,80,1.0522451976018599,True
45558,MPT,MYANMA POSTS AND TELECOMMUNICATIONS,broadband,2023-Q3,2023,3,9.701891040223728,8.610277912051508,10.007662818047304,9.210617849584573,139.91013461538464,98.5095,157,25,0.960479628043558,True
135300,,"Myanmar Broadband Telecom Co., Ltd",broadband,2023-Q3,2023,3,11.616171720650005,7.883111205911734,8.120305822216896,6.466007135004941,178.05757931034483,92.781,145,76,0.8870671723969167,True
138168,,MyanmarAPN,broadband,2023-Q3,2023,3,16.451327440008658,12.979730344045718,13.114472072608644,12.701648248415822,140.27990476190476,103.114,105,39,0.6423589869081121,True
138167,,TrueNET,broadband,2023-Q3,2023,3,15.116751593461665,8.657318152514252,19.24700710732065,5.872329387360647,150.84496153846155,189.9745,104,45,0.6362412822708919,True
137424,,"Integral Solutions Myanmar Co.,Ltd.",broadband,2023-Q3,2023,3,9.43314674583998,10.438303641139766,8.313328124605562,9.371328555532536,202.9529090909091,234.577,99,49,0.6056527590847914,False
18399,Yatanarpon,Yatanarpon Teleport Company Limited,broadband,2023-Q3,2023,3,12.216774357456364,6.765433113826516,11.034452773307356,4.837050137771797,140.44324691358023,88.433,81,36,0.4955340756148293,False
141216,,GREAT GOLDEN HORSE COMPANY LIMITED,broadband,2023-Q3,2023,3,21.46974670752858,5.212126558208975,18.808728758599365,2.8737664644085514,98.74674193548385,79.0,62,24,0.37929768750764714,False
137826,,AST SYSTEM TECHNOLOGY COMPANY LIMITED,broadband,2023-Q3,2023,3,23.123700747585897,13.479528166485203,17.962001898919887,8.98141209518764,108.57455,76.68350000000001,60,5,0.3670622782332069,False
149810,,AnyNet,broadband,2023-Q3,2023,3,10.832905476513977,18.553178462769104,10.906362501868252,20.826783034643395,150.3941111111111,81.393,54,5,0.3303560504098862,False
136780,,MYANMAR INFORMATION HIGHWAY LIMITED,broadband,2023-Q3,2023,3,17.911408818474193,11.201605586914761,11.547470320983898,8.828059313995585,88.92414583333334,76.617,48,27,0.2936498225865655,False
149660,,Horizon Sources Company Limited,broadband,2023-Q3,2023,3,11.85641207484687,7.998910447817539,10.285010203500402,5.143393821916608,106.49521739130434,87.1195,47,17,0.2875321179493454,False
131322,Yatanarpon,Yatanarpon Teleport Company Limited,broadband,2023-Q3,2023,3,9.32226039803011,8.372599632850793,4.623234269948666,6.028495338967274,123.38993478260869,85.925,46,21,0.2814144133121253,False
139719,,Yar Chang Company Limited,broadband,2023-Q3,2023,3,14.307117421022639,8.93276492648174,12.827884541254301,6.0706103903208675,79.55086666666668,78.094,45,22,0.2752967086749052,False
63998,,Kinetic Myanmar Technology,broadband,2023-Q3,2023,3,7.617642166295504,4.419216582285282,5.879961139680659,3.4893658097421296,124.43148837209303,80.678,43,25,0.26306129940046497,False
139003,,Telcospeed,broadband,2023-Q3,2023,3,10.94239252622545,9.222851864231558,8.990866558029381,7.53619152577982,104.56564999999998,86.4865,40,21,0.2447081854888046,False
135427,,Myanmar Network Company Limited,broadband,2023-Q3,2023,3,5.609550731936322,12.827694206621857,2.3823431995970448,11.83071482757262,157.0254210526316,84.45750000000001,38,3,0.23247277621436438,False
150692,,Golden Dragon 2000,broadband,2023-Q3,2023,3,10.686155190783653,15.129745031705248,9.470236454389651,15.392152921569416,55.910296296296295,41.366,27,18,0.1651780252049431,False
141015,,Myanmar Link Telecommunication Ltd,broadband,2023-Q3,2023,3,4.820703008055104,5.006462569860926,3.072675103253726,2.007667984664031,250.88730769230767,259.86350000000004,26,24,0.15906032056772298,False
150310,,Trustforce Myanmar Company Limited trading as Nationet,broadband,2023-Q3,2023,3,11.49228833996464,11.596728440258042,8.892000265430196,11.403302427775765,88.06958333333334,77.0,24,9,0.14682491129328276,False
150153,,A W S (MYANMAR) COMPANY LIMITED,broadband,2023-Q3,2023,3,11.035468515137143,7.08162615396035,10.657560636629352,6.270013399549942,120.67134782608694,78.71,23,18,0.14070720665606265,False
139849,,Royal Esprit Company Limited,broadband,2023-Q3,2023,3,16.034028351923435,16.32793968028906,16.458029888815133,9.74411671085033,102.4855,81.239,18,18,0.11011868346996206,False
133433,,ZOOM PLUS COMPANY LIMITED,broadband,2023-Q3,2023,3,6.358731102588229,1.8237475902779159,2.134082561418761,1.4790638256344046,207.29718750000004,88.292,16,12,0.09788327419552184,False
135371,,Fortune Broadband,broadband,2023-Q3,2023,3,16.4029738169023,13.894812945657343,8.658944635062504,12.869530121879512,162.09342857142855,75.04249999999999,15,9,0.09176556955830173,False
137891,,Be The First,broadband,2023-Q3,2023,3,8.414020582370659,8.533164145619818,4.608136054838087,11.437481384327171,155.84884615384615,145.189,13,9,0.07953016028386149,False
139051,,AUNG GABAR COMPANY LIMITED,broadband,2023-Q3,2023,3,8.575321842847659,6.74494999220332,6.73976867731468,5.083669297177904,84.286,73.8425,12,3,0.07341245564664138,False
136474,,Marga Global Telecom Limited,broadband,2023-Q3,2023,3,16.380030261842165,10.812536323524627,10.18632857411159,1.046028719973303,274.1448,202.3605,10,4,0.06117704637220115,False
135111,,Asia Mega Link,broadband,2023-Q3,2023,3,12.967197605849615,8.15568187744963,6.109585827453364,7.821731217826878,78.3508,74.74549999999999,10,4,0.06117704637220115,False
142644,,Link Fast Company Limited,broadband,2023-Q3,2023,3,29.660208596670397,34.52446878173194,27.725789596921718,31.03005960390591,80.76344444444445,80.819,9,9,0.05505934173498103,False
150309,,E R S TECHNOLOGY,broadband,2023-Q3,2023,3,4.054261797017652,5.633215237232469,1.1476525148745162,0.582007431762098,338.491875,167.4565,8,9,0.04894163709776092,False
10099,,China Unicom Global,broadband,2023-Q3,2023,3,35.60199988945932,16.76562928177192,39.35690948445077,17.450685206045897,73.44185714285713,51.097,7,1,0.0428239324605408,False
150721,,ARAKHA NET,broadband,2023-Q3,2023,3,4.598243487041804,4.2038436924766645,2.943951429329323,3.0191202286923824,135.83514285714287,121.0,7,6,0.0428239324605408,False
136617,,Fortune Telecom Company Limited,broadband,2023-Q3,2023,3,5.6356452060914615,5.418383273104493,6.836182130171345,5.672502913690269,143.46328571428572,117.275,7,3,0.0428239324605408,False
134736,,"NTT MYANMAR CO., LTD.",broadband,2023-Q3,2023,3,7.301266009901466,5.032211443556952,5.4833876123424945,4.205824776114511,74.51271428571428,45.64,7,2,0.0428239324605408,False
134714,,Elite Telecom Public Company Limited,broadband,2023-Q3,2023,3,13.70046412146175,9.330386567856738,12.248030466215305,9.175950120694237,105.24183333333333,83.794,6,6,0.03670622782332069,False
140091,,SHWE MAHAR MAE KHONG INDUSTRIAL COMPANY LIMITED,broadband,2023-Q3,2023,3,32.16252395862139,17.65822015608542,38.31480306697761,14.377139545367466,77.3094,75.145,5,2,0.030588523186100575,False
141704,,Galaxia @ Net,broadband,2023-Q3,2023,3,6.1201396079304144,4.371957727995813,4.629539834448463,4.122616257209827,84.4482,92.877,5,1,0.030588523186100575,False
135433,,Connect Gateway Company Limited,broadband,2023-Q3,2023,3,0.13481335861508992,0.35160957686033767,0.13197555389764826,0.35160957686033767,85.401,78.3055,4,1,0.02447081854888046,False
136168,,Campana MYTHIC Co. Ltd.,broadband,2023-Q3,2023,3,5.560270330714054,9.923800109336101,5.926523317896914,10.866621893348432,160.03425,192.878,4,3,0.02447081854888046,False
149521,,Fiber Life Internet,broadband,2023-Q3,2023,3,6.812782954443869,,7.545216447104157,,177.232,213.0,3,2,0.018353113911660345,False
150797,,GIGA-NET,broadband,2023-Q3,2023,3,20.782734627521855,9.138713128967566,25.328536866764196,9.138713128967566,126.27733333333335,82.79,3,2,0.018353113911660345,False
135307,,Golden TMH Telecom Co. Ltd,broadband,2023-Q3,2023,3,17.716666141871535,1.9080821445346292,17.716666141871535,1.9080821445346292,182.09050000000002,182.09050000000002,2,2,0.01223540927444023,False
134105,,"Shwe Than Lwin Media Co.,Ltd.",broadband,2023-Q3,2023,3,14.698691906421594,5.710120804137369,14.698691906421594,5.7151917480529,201.9865,201.9865,2,2,0.01223540927444023,False
133440,,ST-net,broadband,2023-Q3,2023,3,7.3665820293936095,5.631269130742962,7.3665820293936095,3.5372402829296594,92.524,92.524,1,1,0.006117704637220115,False
137259,,i-Link,broadband,2023-Q3,2023,3,15.458538140247304,14.843643453384999,15.458538140247304,14.843643453384999,73.819,73.819,1,1,0.006117704637220115,False
132100,,"Myanmar Speed Net Co.,Ltd",broadband,2023-Q3,2023,3,1.2131542307849013,0.9199524582915104,1.2131542307849013,0.9199524582915104,216.007,216.007,1,1,0.006117704637220115,False
137431,,ZORRO RITZ PUBLIC COMPANY LIMITED,broadband,2023-Q3,2023,3,37.368689988731155,20.776394733787114,37.368689988731155,20.776394733787114,192.264,192.264,1,1,0.006117704637220115,False
139711,,KANBAWZA BANK LIMITED,broadband,2023-Q3,2023,3,10.989735509674478,,10.989735509674478,,77.737,77.737,1,1,0.006117704637220115,False
136255,Mytel,"Telecom International Myanmar Co., Ltd",broadband,2023-Q4,2023,4,8.340191933758055,8.357913953423429,6.305788559608728,6.674223473299739,169.54253017241376,106.0,3249,1647,20.3954802259887,True
9988,MPT,Myanma Posts and Telecommunications,broadband,2023-Q4,2023,4,16.135434583590058,16.83600341478405,15.088646199687284,14.504405869586261,152.92355511551153,112.627,1518,393,9.52919020715631,True
134840,,"Myanmar Country Co., Ltd.",broadband,2023-Q4,2023,4,11.127718462721052,11.212553526693451,8.181111981506227,8.122745911938907,155.39694496741495,85.0,1382,188,8.675455116133083,True
133385,Atom,Atom Myanmar Limited,broadband,2023-Q4,2023,4,15.147378198965972,15.409608582270305,9.884307390524366,11.7554596069333,196.85452610837433,137.906,1016,309,6.377903327055869,True
132167,,Nine Communications Company Limited,broadband,2023-Q4,2023,4,8.90347475398312,9.814784540890658,6.227792164175806,6.405196969684059,190.70496292481977,122.739,975,285,6.120527306967985,True
136442,,"Ocean Wave Communication Co., Ltd",broadband,2023-Q4,2023,4,14.468665954738603,15.427676237988882,8.300606475177098,9.740984040565401,170.3401811505508,91.114,819,271,5.141242937853107,True
58952,,Frontiir Co. Ltd,broadband,2023-Q4,2023,4,6.03541052050387,6.873296280535738,4.347771977678805,5.2928472,215.63109685534587,95.823,795,341,4.990583804143126,True
133384,,"Global Technology Co., Ltd.",broadband,2023-Q4,2023,4,23.16028094131896,16.090896050102128,17.04887935442816,13.501093091473887,105.51520770288857,77.033,728,322,4.569993722536095,True
136480,,Myanmar Unilink Communication Company Limited,broadband,2023-Q4,2023,4,6.182765521286926,4.486168247017235,3.999411490071542,2.4645146109716523,196.7081041666666,233.128,672,332,4.218455743879472,True
135300,,"Myanmar Broadband Telecom Co., Ltd",broadband,2023-Q4,2023,4,8.965757217219156,6.578308959037785,4.954160798016967,5.47430322779592,198.63225760649092,125.616,493,144,3.0947897049591964,True
138167,,TrueNET,broadband,2023-Q4,2023,4,38.20685844339834,4.966285229033219,35.576857025335755,2.4993856963799232,188.06955578512395,236.9685,484,76,3.0382925298179537,True
135405,,WELINK,broadband,2023-Q4,2023,4,17.675211105613034,12.155243285560525,11.768645631685144,7.607889003102834,196.8148492239468,205.616,451,205,2.8311362209667292,True
(unknown),,,broadband,2023-Q4,2023,4,8.032524473271142,6.400603613028573,4.141148619969949,3.63382730671409,220.14271739130436,149.72199999999998,368,149,2.310106716886378,True
136210,,IT Spectrum Company Limited,broadband,2023-Q4,2023,4,11.57840741857974,10.985125539574472,9.393864182051312,10.453308032098676,172.6440031152648,118.936,321,195,2.0150659133709983,True
174,Cogent,"Cogent Communications, LLC",broadband,2023-Q4,2023,4,9.614925743097297,5.575191810619805,8.68972015321275,4.556789499655887,209.66844444444445,228.03199999999998,234,111,1.4689265536723164,True
133524,,"Global Technology Co., Ltd.",broadband,2023-Q4,2023,4,15.53766676266255,11.987621724194705,11.786917898314943,9.463134313617505,96.42610729613732,82.719,233,63,1.4626490897677338,True
135589,,Internet Maekhong Network Company Limited,broadband,2023-Q4,2023,4,12.013606383547101,10.738236905860976,6.385936997651731,8.118386880655967,178.0269422222222,135.777,228,56,1.4312617702448212,True
134739,,"AGB Communication Co., Ltd",broadband,2023-Q4,2023,4,15.101329970099892,7.901289445685762,9.314221985515687,3.1492408536049155,168.73407575757577,104.947,198,87,1.2429378531073447,True
138168,,MyanmarAPN,broadband,2023-Q4,2023,4,9.988462486679998,11.13838540476964,9.45488838514544,11.806893042777569,212.07708556149734,243.926,187,33,1.1738857501569366,True
132148,,HORIZON TELECOM INTERNATIONAL COMPANY LIMITED,broadband,2023-Q4,2023,4,14.069555972079588,16.28643466194361,8.685371318591567,14.559222109195456,210.6009696969697,198.633,165,85,1.0357815442561205,True
45558,MPT,MYANMA POSTS AND TELECOMMUNICATIONS,broadband,2023-Q4,2023,4,10.676521844812719,14.008901960891684,13.05503367902691,15.38356567387584,144.32725874125876,91.584,144,31,0.903954802259887,True
137826,,AST SYSTEM TECHNOLOGY COMPANY LIMITED,broadband,2023-Q4,2023,4,21.422291452509786,10.939470076358214,18.813984090338984,10.0204921380174,122.71205594405595,78.656,143,11,0.8976773383553045,True
141216,,GREAT GOLDEN HORSE COMPANY LIMITED,broadband,2023-Q4,2023,4,22.700182820809786,14.184999426752588,17.155517637207982,6.594915766078579,129.12323484848488,77.941,132,68,0.8286252354048964,True
63852,,Myanmar Net,broadband,2023-Q4,2023,4,6.160774340287138,6.641665733395358,1.421942034310391,3.2700802510048876,213.60224576271182,94.4815,118,73,0.7407407407407407,True
137424,,"Integral Solutions Myanmar Co.,Ltd.",broadband,2023-Q4,2023,4,7.444587949318101,9.286501849916586,4.091596661769937,7.278685954165192,299.48714606741584,291.275,89,33,0.5586942875078468,False
136780,,MYANMAR INFORMATION HIGHWAY LIMITED,broadband,2023-Q4,2023,4,19.735951850648213,20.931776498640684,8.218374792656505,14.22821752895113,126.34467500000001,75.4965,80,29,0.5021971123666039,False
135371,,Fortune Broadband,broadband,2023-Q4,2023,4,21.22783450111682,13.12039934863794,15.624290461169844,5.798520419106262,151.72032857142855,93.839,70,11,0.4394224733207784,False
18399,Yatanarpon,Yatanarpon Teleport Company Limited,broadband,2023-Q4,2023,4,10.930647567965877,11.103751705333867,9.13940777314896,8.446572873989883,180.1584307692308,211.0,65,33,0.40803515379786565,False
135427,,Myanmar Network Company Limited,broadband,2023-Q4,2023,4,6.956839921021565,9.02773592273439,4.3642384261910445,8.284932759438227,177.7681746031746,211.929,63,3,0.3954802259887006,False
150153,,A W S (MYANMAR) COMPANY LIMITED,broadband,2023-Q4,2023,4,9.44060791978837,8.807995632443836,9.806311288263469,7.940760920811666,103.15703389830507,77.161,59,27,0.37037037037037035,False
131322,Yatanarpon,Yatanarpon Teleport Company Limited,broadband,2023-Q4,2023,4,9.23116603782508,9.667138128800897,4.251531989373968,5.370517362593981,129.40967741935484,82.691,31,20,0.194601381042059,False
136474,,Marga Global Telecom Limited,broadband,2023-Q4,2023,4,16.154992852720348,13.10758511574273,10.874142082058452,8.34291437802673,273.29716129032255,269.134,31,12,0.194601381042059,False
150692,,Golden Dragon 2000,broadband,2023-Q4,2023,4,13.908860862404028,11.574799297546818,15.947062294867496,10.762408321386493,67.5437037037037,42.666,27,17,0.1694915254237288,False
139719,,Yar Chang Company Limited,broadband,2023-Q4,2023,4,10.58027964471527,3.4930667859609987,5.07526681292128,2.3273718107307406,86.09725000000002,75.561,24,17,0.15065913370998116,False
137891,,Be The First,broadband,2023-Q4,2023,4,14.416302292134674,19.016110519876623,9.837013959814263,10.717146885595149,188.98404545454548,154.78,22,15,0.13810420590081607,False
149521,,Fiber Life Internet,broadband,2023-Q4,2023,4,7.230562842222876,2.9977253968282493,6.470203425799788,2.8845854280464485,150.9997619047619,89.0,21,18,0.1318267419962335,False
140091,,SHWE MAHAR MAE KHONG INDUSTRIAL COMPANY LIMITED,broadband,2023-Q4,2023,4,11.957829287311979,11.78959759491905,9.217031018488484,13.739307639298815,84.19068421052631,75.0,19,16,0.11927181418706842,False
139849,,Royal Esprit Company Limited,broadband,2023-Q4,2023,4,9.533922243298555,5.682519479724636,6.5990603931245095,4.223909983346689,125.8608888888889,70.0525,18,19,0.11299435028248588,False
63998,,Kinetic Myanmar Technology,broadband,2023-Q4,2023,4,6.486502238531057,5.2715734176811,6.2066751874222925,3.2932936501405297,132.47464705882354,82.0,17,12,0.10671688637790333,False
151491,,Innovative Quality Internet Company Limited,broadband,2023-Q4,2023,4,20.77741677459527,16.51190998386652,13.33425174906888,11.464332277133465,127.82831250000001,75.6625,16,9,0.10043942247332077,False
141015,,Myanmar Link Telecommunication Ltd,broadband,2023-Q4,2023,4,11.623607331617432,5.66727755428352,13.239488041882225,7.183805046500033,171.25875,62.457499999999996,16,16,0.10043942247332077,False
133433,,ZOOM PLUS COMPANY LIMITED,broadband,2023-Q4,2023,4,19.88021422482368,11.76295689349852,20.19686422855306,10.61123702303655,101.86453333333333,86.67,15,11,0.09416195856873823,False
134484,,Ultra Net,broadband,2023-Q4,2023,4,10.432958174940326,10.128139708039534,10.119491796209518,10.79001331636481,89.17806666666667,81.921,15,1,0.09416195856873823,False
142644,,Link Fast Company Limited,broadband,2023-Q4,2023,4,17.134982041115894,24.348302494712765,15.501285046146986,23.38241213676418,112.83107142857143,93.86500000000001,14,6,0.08788449466415568,False
135111,,Asia Mega Link,broadband,2023-Q4,2023,4,7.881040910342136,14.434835354491014,6.746246752021577,15.596823819858994,86.69683333333334,69.9675,12,5,0.07532956685499058,False
150310,,Trustforce Myanmar Company Limited trading as Nationet,broadband,2023-Q4,2023,4,13.224868657392895,13.112760664838987,13.224102652305197,12.315550444047282,170.89041666666665,185.88049999999998,12,7,0.07532956685499058,False
136229,,"Treasure Chindwin Land Co.,Ltd",broadband,2023-Q4,2023,4,11.294039688642268,5.422468239760511,11.048198536877292,5.79692391999452,122.24172727272729,79.873,11,3,0.06905210295040803,False
134714,,Elite Telecom Public Company Limited,broadband,2023-Q4,2023,4,9.01200928639356,5.376827822054113,5.750875796325433,4.708193231613431,164.381,133.0745,10,5,0.06277463904582549,False
150721,,ARAKHA NET,broadband,2023-Q4,2023,4,7.26666617142196,13.125391517423683,6.725984251739075,14.67338324427796,151.4413,135.8915,10,6,0.06277463904582549,False
136168,,Campana MYTHIC Co. Ltd.,broadband,2023-Q4,2023,4,3.523542446849196,5.749083383136146,0.9608846802017535,4.456321912147988,202.12166666666664,236.435,9,2,0.05649717514124294,False
139003,,Telcospeed,broadband,2023-Q4,2023,4,6.988430606789107,8.853686345720922,5.473610358899119,8.100326233420216,85.60133333333334,86.418,9,9,0.05649717514124294,False
150797,,GIGA-NET,broadband,2023-Q4,2023,4,3.8112660322317584,0.37244836338994597,1.9414137341629554,0.4899228617912736,189.8366666666667,214.68,9,10,0.05649717514124294,False
151606,,MYANMAR SHWE PYI AYE COMPANY LIMITED,broadband,2023-Q4,2023,4,11.702558893096489,5.855258176161894,7.507292774101993,4.703625059457692,171.19185714285715,96.408,7,4,0.04394224733207784,False
137259,,i-Link,broadband,2023-Q4,2023,4,6.671974427513717,9.14765928440609,3.982346285577996,9.636452095358797,136.20228571428575,77.156,7,2,0.04394224733207784,False
149660,,Horizon Sources Company Limited,broadband,2023-Q4,2023,4,15.955142722159506,25.637899402217165,15.725839546506704,22.005763779726667,219.035,193.26600000000002,6,4,0.03766478342749529,False
12684,,SES ASTRA S.A.,broadband,2023-Q4,2023,4,2.121956830763026,0.7597396568519648,1.6065097008188927,0.7597396568519648,124.83216666666668,139.34050000000002,6,4,0.03766478342749529,False
150812,,Myanmar Fortune Global Company Limited,broadband,2023-Q4,2023,4,12.051703661656182,3.4152270562903846,13.999869401867553,2.9867771761346895,317.93940000000003,360.862,5,3,0.031387319522912745,False
135433,,Connect Gateway Company Limited,broadband,2023-Q4,2023,4,0.32877831374813854,0.06926219221342336,0.3462731976062937,0.06926219221342336,254.81300000000002,270.014,5,2,0.031387319522912745,False
134105,,"Shwe Than Lwin Media Co.,Ltd.",broadband,2023-Q4,2023,4,4.779352730691352,4.052534813429184,5.204463434919307,5.3760894402236,177.2948,241.629,5,3,0.031387319522912745,False
139051,,AUNG GABAR COMPANY LIMITED,broadband,2023-Q4,2023,4,3.2753095107742136,3.4583929621962417,1.3331267002524898,3.8668084680202592,107.93733333333334,82.626,3,1,0.018832391713747645,False
133440,,ST-net,broadband,2023-Q4,2023,4,19.89607409857305,12.179118171811089,19.78440773119397,11.657000183099688,87.92866666666667,93.0,3,1,0.018832391713747645,False
136617,,Fortune Telecom Company Limited,broadband,2023-Q4,2023,4,11.002778459352106,13.467468116371835,9.509699066036465,5.781147160178481,211.91133333333335,224.442,3,2,0.018832391713747645,False
151802,,"FIND SOLUTION AND SERVICES CO., LTD.",broadband,2023-Q4,2023,4,11.27597475079788,6.162501580210449,16.13371505588336,5.863181827226821,78.035,77.0,3,3,0.018832391713747645,False
149810,,AnyNet,broadband,2023-Q4,2023,4,28.848664315051888,8.978375011532755,28.61421421838297,9.777867388515354,153.41133333333332,81.418,3,2,0.018832391713747645,False
139822,,GNE Company Limited,broadband,2023-Q4,2023,4,18.82500577695794,37.45745985431235,20.71458352381823,37.45745985431235,68.714,67.594,3,2,0.018832391713747645,False
151210,,NEXGENET COMPANY LIMITED,broadband,2023-Q4,2023,4,40.28770367987389,45.25123431030975,37.39439199895544,45.25123431030975,178.779,75.76,3,2,0.018832391713747645,False
151826,,Fast Speed,broadband,2023-Q4,2023,4,13.514670956608837,13.824717047275989,6.766292993242602,2.6656336096074305,144.201,93.227,3,3,0.018832391713747645,False
138158,,Serge Pun & Associate (Myanmar) Ltd.,broadband,2023-Q4,2023,4,112.64854061856613,96.8751940510427,112.64854061856613,96.8751940510427,75.97,75.97,2,1,0.012554927809165096,False
141704,,Galaxia @ Net,broadband,2023-Q4,2023,4,11.117747756693412,7.167101119077461,11.117747756693412,7.167101119077461,145.4905,145.4905,2,2,0.012554927809165096,False
134736,,"NTT MYANMAR CO., LTD.",broadband,2023-Q4,2023,4,1.4902408263301132,13.052282705150521,1.4902408263301132,13.052282705150521,146.04250000000002,146.04250000000002,2,2,0.012554927809165096,False
150309,,E R S TECHNOLOGY,broadband,2023-Q4,2023,4,7.123102461671053,1.9515568198548134,7.123102461671053,1.9515568198548134,78.5165,78.5165,2,2,0.012554927809165096,False
140617,,THAN PHYO THU MINING COMPANY LIMITED,broadband,2023-Q4,2023,4,8.239567093367585,,8.239567093367585,,75.828,75.828,1,1,0.006277463904582548,False
136465,,Dept. of Information Technology & Cyber Security,broadband,2023-Q4,2023,4,1.0659365198185635,0.06616872272359031,1.0659365198185635,0.06616872272359031,358.529,358.529,1,1,0.006277463904582548,False
135307,,Golden TMH Telecom Co. Ltd,broadband,2023-Q4,2023,4,4.049664694686572,53.5602515234718,4.049664694686572,53.5602515234718,238.214,238.214,1,1,0.006277463904582548,False
139711,,KANBAWZA BANK LIMITED,broadband,2023-Q4,2023,4,33.24807004790184,2.244522851169308,33.24807004790184,2.244522851169308,246.804,246.804,1,1,0.006277463904582548,False
151783,,EASTERN ROYAL UNICOM (ERU) TECHNOLOGY COMPANY LIMITED,broadband,2023-Q4,2023,4,39.071563718767294,,39.071563718767294,,79.263,79.263,1,1,0.006277463904582548,False
151341,,The Next Success,broadband,2023-Q4,2023,4,0.30901361589889664,,0.30901361589889664,,515.713,515.713,1,1,0.006277463904582548,False
10099,,China Unicom Global,broadband,2023-Q4,2023,4,92.88423821215099,68.51875086322838,92.88423821215099,68.51875086322838,48.513,48.513,1,1,0.006277463904582548,False
132100,,"Myanmar Speed Net Co.,Ltd",broadband,2023-Q4,2023,4,5.6193781979140285,2.8387109983769747,5.6193781979140285,2.8387109983769747,217.996,217.996,1,1,0.006277463904582548,False
134976,,Myint & Associates Telecommunications Ltd,broadband,2023-Q4,2023,4,66.87960727173675,88.44429649005772,66.87960727173675,88.44429649005772,79.309,79.309,1,1,0.006277463904582548,False
141199,,Century Link Plus,broadband,2023-Q4,2023,4,14.684373213760496,14.504487297307621,14.684373213760496,14.504487297307621,92.0,92.0,1,1,0.006277463904582548,False
136255,Mytel,"Telecom International Myanmar Co., Ltd",broadband,2024-Q1,2024,1,9.857659678942623,10.92396060424333,8.51810909090909,9.7044297943372,159.4940187659033,105.0,6289,4834,17.71599199977464,True
9988,MPT,Myanma Posts and Telecommunications,broadband,2024-Q1,2024,1,14.961008865936487,14.870328229565885,15.214695863023131,15.121274934172535,133.06284338044415,94.954,3468,558,9.769289275754247,True
134840,,"Myanmar Country Co., Ltd.",broadband,2024-Q1,2024,1,14.243624363190946,12.746558572140342,15.017669249473899,11.284990811509042,152.29390885159592,82.0,3039,204,8.560804529705061,True
136442,,"Ocean Wave Communication Co., Ltd",broadband,2024-Q1,2024,1,13.411655178951246,11.693115053346267,10.44242333849629,10.285426426799665,128.25600183351668,79.573,2728,551,7.684723513338404,True
132167,,Nine Communications Company Limited,broadband,2024-Q1,2024,1,8.72898791451746,9.689962383021445,6.908008652490886,8.356765138279396,169.42216660384474,108.0,2656,412,7.481900898616862,True
58952,,Frontiir Co. Ltd,broadband,2024-Q1,2024,1,7.578766390195589,8.446735902762143,6.060849679144043,6.822530295450899,148.6708482017749,106.583,2141,898,6.031155807205836,True
133385,Atom,Atom Myanmar Limited,broadband,2024-Q1,2024,1,12.219624642155026,11.110425118493652,9.330986382978724,7.636539999612001,161.9883559413999,103.803,1847,479,5.202963463759542,True
133384,,"Global Technology Co., Ltd.",broadband,2024-Q1,2024,1,20.06186202265539,17.20194749726778,15.931359775171957,15.177940558814036,91.93870728929384,77.6745,1757,679,4.949435195357616,True
136480,,Myanmar Unilink Communication Company Limited,broadband,2024-Q1,2024,1,8.592392201975299,5.29293105915379,6.86477257829532,2.805484570803727,156.64429268292682,88.0,1435,433,4.042367390630722,True
174,Cogent,"Cogent Communications, LLC",broadband,2024-Q1,2024,1,12.550669721321958,6.079299132673605,13.459444508111098,6.541629933744742,192.29740840035748,109.552,1119,551,3.152201470463957,True
135405,,WELINK,broadband,2024-Q1,2024,1,14.505949251610307,8.661059429570322,11.986999604787986,6.487693988494031,169.64415437561456,91.494,1017,277,2.864869432941773,True
136210,,IT Spectrum Company Limited,broadband,2024-Q1,2024,1,17.461239419782427,15.947160702773667,15.828704319751706,13.696231758958811,129.73069830949285,79.8,769,338,2.1662582044564638,True
135300,,"Myanmar Broadband Telecom Co., Ltd",broadband,2024-Q1,2024,1,10.720230908759225,7.515442348607804,9.777699899063753,8.35055868072436,189.65043098958336,101.821,768,290,2.163441223696442,True
132148,,HORIZON TELECOM INTERNATIONAL COMPANY LIMITED,broadband,2024-Q1,2024,1,11.105783114037468,11.104052622679513,9.640073333957517,9.884987588387242,226.7297490196079,211.989,765,221,2.154990281416378,True
134739,,"AGB Communication Co., Ltd",broadband,2024-Q1,2024,1,12.718061518484072,9.68395384437713,11.606139642616133,6.723347907402876,154.42950332225914,111.291,602,122,1.6958224175328882,True
(unknown),,,broadband,2024-Q1,2024,1,8.725396833892475,8.244205655568289,4.2908350541877205,5.570836473247928,175.4361714285714,93.289,596,153,1.67892053297276,True
133524,,"Global Technology Co., Ltd.",broadband,2024-Q1,2024,1,14.791478220342736,13.55626627704462,11.215753664892414,9.468436758818578,99.26015749525614,81.005,527,86,1.4845488605312827,True
45558,MPT,MYANMA POSTS AND TELECOMMUNICATIONS,broadband,2024-Q1,2024,1,8.742696493045859,9.847510911789474,7.33661161996607,8.558230892899726,159.86015609756095,101.22200000000001,410,31,1.1549621116087778,True
135589,,Internet Maekhong Network Company Limited,broadband,2024-Q1,2024,1,17.90885852938333,16.514564013393404,13.067166281613748,13.663915540870157,95.68436042402827,73.301,283,107,0.7972055550860587,True
63852,,Myanmar Net,broadband,2024-Q1,2024,1,6.849862715569878,7.335144170232304,5.60881527286554,6.338665413345867,124.61750627615064,93.24,239,96,0.6732584016451167,True
141216,,GREAT GOLDEN HORSE COMPANY LIMITED,broadband,2024-Q1,2024,1,20.41859816583852,18.368411973102393,16.57435061000149,14.670314858529242,79.36216877637132,75.0,237,85,0.6676244401250739,True
137826,,AST SYSTEM TECHNOLOGY COMPANY LIMITED,broadband,2024-Q1,2024,1,13.50431442811515,14.99140895267849,12.332589806293047,11.839478937115231,154.66437894736845,77.58850000000001,190,7,0.5352263444040677,True
138167,,TrueNET,broadband,2024-Q1,2024,1,11.80317800815959,8.515411775442676,10.471877885960316,5.86131936641676,163.38810982658958,86.404,173,97,0.48733767148370377,True
18399,Yatanarpon,Yatanarpon Teleport Company Limited,broadband,2024-Q1,2024,1,14.656621707690787,12.173897293386322,12.271471739140178,10.043029720556778,178.18623976608185,240.0,172,99,0.48452069072368237,True
136780,,MYANMAR INFORMATION HIGHWAY LIMITED,broadband,2024-Q1,2024,1,24.85078893528398,21.2738000360286,14.358760468118534,14.588928439340743,121.03331250000002,82.3555,144,61,0.4056452294430829,True
141015,,Myanmar Link Telecommunication Ltd,broadband,2024-Q1,2024,1,12.078954476823153,6.373811676631578,11.202196958105867,4.141806826573237,220.9483636363636,237.8725,132,98,0.371841460322826,True
150692,,Golden Dragon 2000,broadband,2024-Q1,2024,1,10.22044085894557,12.156930936317252,7.724889341180251,14.581361091976133,93.60917829457364,44.717,129,17,0.3633905180427618,True
138168,,MyanmarAPN,broadband,2024-Q1,2024,1,15.968817963092889,11.438460306414806,13.631270621744155,11.921294408391104,184.78083999999996,120.03,125,69,0.3521225950026761,True
149660,,Horizon Sources Company Limited,broadband,2024-Q1,2024,1,24.53671346944561,22.28611181091024,17.49067701962238,18.056207071855972,89.47335652173915,82.493,115,37,0.32395278740246203,True
150153,,A W S (MYANMAR) COMPANY LIMITED,broadband,2024-Q1,2024,1,11.674747887805427,11.289358430892085,12.707971958119916,10.524493575910391,93.3676403508772,76.96600000000001,114,48,0.3211358066424406,True
137424,,"Integral Solutions Myanmar Co.,Ltd.",broadband,2024-Q1,2024,1,9.289293435150459,9.273270933224602,7.454124105163784,7.667780941193657,199.7678217821782,233.82,101,33,0.2845150567621623,True
131322,Yatanarpon,Yatanarpon Teleport Company Limited,broadband,2024-Q1,2024,1,12.685258267615064,13.202830599880873,11.040818284124978,12.103567649014368,106.00262222222221,83.0,90,56,0.2535282684019268,False
63998,,Kinetic Myanmar Technology,broadband,2024-Q1,2024,1,5.827642974393271,5.794220180974185,3.9226211825442543,4.10473247714854,233.47922857142856,161.748,70,27,0.19718865320149864,False
151341,,The Next Success,broadband,2024-Q1,2024,1,7.798660150002603,8.787892180938426,7.359198894308827,8.432970830102699,124.09256250000001,130.141,64,35,0.1802867686413702,False
136168,,Campana MYTHIC Co. Ltd.,broadband,2024-Q1,2024,1,5.707015036755837,6.169458283330133,4.030310828545225,6.2240308709349526,132.48890625,100.69200000000001,64,6,0.1802867686413702,False
149521,,Fiber Life Internet,broadband,2024-Q1,2024,1,12.040566262868495,11.3653216558015,10.31105826514535,10.35184673149121,178.03591935483868,100.3535,62,46,0.17465280712132736,False
137259,,i-Link,broadband,2024-Q1,2024,1,12.138929281462199,13.77929873344157,14.415884722124252,15.225933152076898,153.51598360655734,78.417,61,36,0.17183582636130595,False
150309,,E R S TECHNOLOGY,broadband,2024-Q1,2024,1,5.8956703249203795,7.274247854019404,6.558871797030185,7.324495407488434,146.83157894736843,80.465,57,52,0.1605679033212203,False
139003,,Telcospeed,broadband,2024-Q1,2024,1,15.24935205394604,13.906745071477843,18.116779586347327,14.319557176309976,119.81040350877196,86.923,57,57,0.1605679033212203,False
150721,,ARAKHA NET,broadband,2024-Q1,2024,1,9.130749490132128,14.557724809110036,11.383626734640373,15.772159773723583,167.6380535714286,163.7555,56,24,0.1577509225611989,False
151802,,"FIND SOLUTION AND SERVICES CO., LTD.",broadband,2024-Q1,2024,1,13.26142055930792,14.797287764516923,10.111828133705766,15.776388641400224,81.11594545454547,76.0,55,40,0.1549339418011775,False
136229,,"Treasure Chindwin Land Co.,Ltd",broadband,2024-Q1,2024,1,5.136408946759877,8.648685738951768,4.196216582454572,8.425041882370165,249.47464705882354,286.147,51,7,0.14366601876109186,False
133433,,ZOOM PLUS COMPANY LIMITED,broadband,2024-Q1,2024,1,8.639465802227942,10.087800256817571,8.137638755761262,9.22240803945373,129.66802040816327,85.0,49,19,0.13803205724104906,False
150812,,Myanmar Fortune Global Company Limited,broadband,2024-Q1,2024,1,14.860290653846365,9.238391514056904,13.099538372740358,9.340430903930312,109.92604166666665,85.88149999999999,48,23,0.13521507648102762,False
137891,,Be The First,broadband,2024-Q1,2024,1,12.476292846871017,11.238259562888599,10.044701208081122,10.929219625031273,219.98988636363637,210.0,44,30,0.123947153440942,False
149810,,AnyNet,broadband,2024-Q1,2024,1,13.02217894725211,10.76961087667767,14.471615022642299,13.171201035501465,121.00260465116277,85.0,43,14,0.12113017268092059,False
139849,,Royal Esprit Company Limited,broadband,2024-Q1,2024,1,9.692093742414716,8.657637436691955,5.725152869141427,7.416437761046268,107.47528205128205,95.122,39,36,0.10986224964083495,False
140091,,SHWE MAHAR MAE KHONG INDUSTRIAL COMPANY LIMITED,broadband,2024-Q1,2024,1,35.10140407340995,32.19261650484951,17.837543978733997,17.803302671634697,78.80191666666667,79.8295,36,21,0.10141130736077072,False
150310,,Trustforce Myanmar Company Limited trading as Nationet,broadband,2024-Q1,2024,1,15.82918583287268,14.810382443741679,17.887263353267876,14.326095721753155,242.8843142857143,242.162,35,17,0.09859432660074932,False
142644,,Link Fast Company Limited,broadband,2024-Q1,2024,1,17.566667376122734,16.383948679367656,16.846034962752864,12.931373151057054,93.09674285714286,87.216,35,33,0.09859432660074932,False
151491,,Innovative Quality Internet Company Limited,broadband,2024-Q1,2024,1,15.6213589368623,12.309617416478503,16.277173210618887,10.635317494958077,73.03367647058823,70.898,34,17,0.0957773458407279,False
134484,,Ultra Net,broadband,2024-Q1,2024,1,10.218423103774002,8.039660070788898,11.309847404887844,7.293411408433719,85.40493103448274,77.994,29,2,0.08169244204062086,False
151482,,MKTN ENGINEERING GROUP COMPANY LIMITED,broadband,2024-Q1,2024,1,9.547739199885225,8.64801096147546,9.656328422873429,9.656386234437349,122.86758620689655,88.941,29,13,0.08169244204062086,False
151826,,Fast Speed,broadband,2024-Q1,2024,1,6.410709693492221,8.878922985745008,3.587065331239685,9.566089595987858,165.31410344827583,171.0,29,20,0.08169244204062086,False
139719,,Yar Chang Company Limited,broadband,2024-Q1,2024,1,16.907169534558893,6.749342944630401,9.560034801110845,7.293022094602311,78.23191666666666,76.939,24,18,0.06760753824051381,False
139692,,CHEN GUANG COMPANY LIMITED,broadband,2024-Q1,2024,1,18.68320257237964,11.676555787277794,10.209742544197617,1.2061599429718608,96.6738947368421,84.496,19,6,0.05352263444040677,False
135427,,Myanmar Network Company Limited,broadband,2024-Q1,2024,1,11.128668094758558,11.161495524334763,11.93540298598952,13.122586171053651,173.70733333333337,242.091,18,3,0.05070565368038536,False
134714,,Elite Telecom Public Company Limited,broadband,2024-Q1,2024,1,12.472670314377126,11.48668600913512,11.295935146365242,10.275693986328779,163.10483333333332,145.4265,18,9,0.05070565368038536,False
135371,,Fortune Broadband,broadband,2024-Q1,2024,1,13.364662081489293,6.116361916647306,11.066292780100492,3.7894118428719574,162.33847058823528,110.54,17,10,0.04788867292036395,False
150797,,GIGA-NET,broadband,2024-Q1,2024,1,27.3372108546734,18.060824404919437,17.017044083781975,17.665335953812196,128.98582352941176,81.877,17,17,0.04788867292036395,False
152140,,"YAM Success of Myanmar Co., Ltd.",broadband,2024-Q1,2024,1,16.411812210929362,18.586858479040853,13.860661556282722,17.4832742604835,164.37581250000002,89.15,16,12,0.04507169216034255,False
135111,,Asia Mega Link,broadband,2024-Q1,2024,1,7.5105334171847575,8.132737730987142,5.3673370978871215,7.062262412029785,140.10500000000002,163.47,16,5,0.04507169216034255,False
141199,,Century Link Plus,broadband,2024-Q1,2024,1,12.487902304327168,9.621294189629698,13.341200740096635,9.294524560804408,83.5326,83.0,15,4,0.04225471140032114,False
141704,,Galaxia @ Net,broadband,2024-Q1,2024,1,9.858510657663825,9.189389423641762,9.428199339894363,11.18571847286695,97.42778571428572,77.26650000000001,14,2,0.03943773064029973,False
151783,,EASTERN ROYAL UNICOM (ERU) TECHNOLOGY COMPANY LIMITED,broadband,2024-Q1,2024,1,30.880512325350118,22.474609701575783,37.416630744798084,23.11690870932613,87.04276923076924,75.826,13,1,0.03662074988027832,False
135433,,Connect Gateway Company Limited,broadband,2024-Q1,2024,1,1.274492544749509,1.1606554951428842,0.7665169416694503,0.22165969372663394,188.56049999999996,76.142,12,2,0.033803769120256906,False
151210,,NEXGENET COMPANY LIMITED,broadband,2024-Q1,2024,1,34.23921864859501,33.57493551794368,23.68846035235515,22.69865834891728,132.5662,75.1225,10,1,0.028169807600214092,False
151606,,MYANMAR SHWE PYI AYE COMPANY LIMITED,broadband,2024-Q1,2024,1,36.03506725640507,7.639503196111575,18.973949380523926,6.63365712650571,76.46914285714286,71.0,7,5,0.019718865320149864,False
139051,,AUNG GABAR COMPANY LIMITED,broadband,2024-Q1,2024,1,60.42545672686595,22.720190874315517,15.568405869438537,12.766580626932045,121.18085714285714,76.4,7,5,0.019718865320149864,False
152329,,Aon Kham Network Company Limited,broadband,2024-Q1,2024,1,10.979203911064644,8.915634424978862,14.796960934187478,12.943658538335916,98.20883333333332,75.979,6,1,0.016901884560128453,False
134105,,"Shwe Than Lwin Media Co.,Ltd.",broadband,2024-Q1,2024,1,4.904798096221244,15.237937345073673,0.10061315277599932,15.237937345073673,785.7846,962.149,5,2,0.014084903800107046,False
136474,,Marga Global Telecom Limited,broadband,2024-Q1,2024,1,15.883860115081712,13.854593058809645,16.36247089430999,12.959522441965252,190.67759999999998,73.0,5,3,0.014084903800107046,False
135307,,Golden TMH Telecom Co. Ltd,broadband,2024-Q1,2024,1,23.936145161002923,4.396855930113157,4.554771185379215,4.503497973249988,243.19580000000002,245.094,5,2,0.014084903800107046,False
133440,,ST-net,broadband,2024-Q1,2024,1,1.5099572675863207,2.3420020944509816,1.168677336750684,0.0854239557149247,124.51020000000001,109.862,5,1,0.014084903800107046,False
136617,,Fortune Telecom Company Limited,broadband,2024-Q1,2024,1,61.33470703017584,3.674817018638696,54.698980951095066,3.422166973349908,85.12475,85.9865,4,3,0.011267923040085637,False
152634,,Goal Link ISP,broadband,2024-Q1,2024,1,39.54848778048516,39.89159092624398,40.71036842326522,39.89159092624398,77.939,78.2515,4,2,0.011267923040085637,False
136465,,Dept. of Information Technology & Cyber Security,broadband,2024-Q1,2024,1,4.906463496130169,4.408780301151228,4.982751929036188,4.502355742519883,80.12033333333333,80.592,3,1,0.008450942280064227,False
136975,,Global Technology,broadband,2024-Q1,2024,1,12.431377529482901,17.87622625263757,2.5167920262690573,16.18851135906138,78.97466666666666,79.24,3,1,0.008450942280064227,False
150285,,"Long Mao Home Center Co.ltd.,",broadband,2024-Q1,2024,1,41.962895360831155,28.14987827777862,38.22082923299856,28.14987827777862,73.13633333333333,72.929,3,3,0.008450942280064227,False
132100,,"Myanmar Speed Net Co.,Ltd",broadband,2024-Q1,2024,1,6.9653649874999815,2.751396942097452,5.402674876207786,0.6465571551485173,137.83533333333332,85.971,3,2,0.008450942280064227,False
132344,,SEANET,broadband,2024-Q1,2024,1,0.06857061273032297,,0.06857061273032297,,1119.0,1119.0,2,1,0.0056339615200428185,False
134736,,"NTT MYANMAR CO., LTD.",broadband,2024-Q1,2024,1,21.766242625270113,3.9998962994163865,21.766242625270113,3.9998962994163865,153.863,153.863,2,2,0.0056339615200428185,False
10099,,China Unicom Global,broadband,2024-Q1,2024,1,35.664582878379555,14.848956595959814,35.664582878379555,14.848956595959814,72.039,72.039,1,1,0.0028169807600214093,False
136919,,"FACE24 Co.,Ltd",broadband,2024-Q1,2024,1,7.131440548075913,,7.131440548075913,,79.044,79.044,1,1,0.0028169807600214093,False
136255,Mytel,"Telecom International Myanmar Co., Ltd",broadband,2024-Q2,2024,2,10.10493575950775,9.580323768774013,8.572327313359516,8.672407874610819,153.11434341906195,93.0,9918,7053,14.007683181741145,True
9988,MPT,Myanma Posts and Telecommunications,broadband,2024-Q2,2024,2,9.974982687467318,12.159333509023599,7.584121203989607,12.380516628691664,224.0343832961354,156.844,8564,838,12.095361843963618,True
134840,,"Myanmar Country Co., Ltd.",broadband,2024-Q2,2024,2,15.404388628254456,13.489374403507377,17.05151516935625,13.366319282517209,121.81537412489503,80.4005,7146,199,10.09265013276086,True
132167,,Nine Communications Company Limited,broadband,2024-Q2,2024,2,9.44393510073834,10.616809438779082,7.334719915294644,8.05489671168697,187.00778941661244,112.565,4614,459,6.5165809841251905,True
133384,,"Global Technology Co., Ltd.",broadband,2024-Q2,2024,2,16.65092029503043,17.140752992971084,11.376420518207825,12.957678014123193,146.5144528826117,81.09,4322,1249,6.104174905372578,True
136442,,"Ocean Wave Communication Co., Ltd",broadband,2024-Q2,2024,2,11.52760625611077,11.508598598563516,10.559776608186029,10.45426851479046,107.82750473709143,80.625,4222,735,5.962939946895656,True
58952,,Frontiir Co. Ltd,broadband,2024-Q2,2024,2,6.600897339514654,7.783301600213605,5.217935407554823,6.479121636191717,154.52481598185025,103.978,3967,1261,5.602790802779504,True
136210,,IT Spectrum Company Limited,broadband,2024-Q2,2024,2,14.302872587197413,14.153760168309212,13.213175380116883,11.969949856099635,161.9894563046192,97.6675,3205,621,4.526580419185357,True
135405,,WELINK,broadband,2024-Q2,2024,2,15.85972621872235,10.802006937618652,11.544692471251713,7.900985227783176,162.30406311044325,88.958,2662,366,3.759674594655669,True
133385,Atom,Atom Myanmar Limited,broadband,2024-Q2,2024,2,14.354022751241715,13.08615550156219,12.036505697446756,11.170761731572208,139.51099417249418,93.38050000000001,2577,563,3.6396248799502855,True
174,Cogent,"Cogent Communications, LLC",broadband,2024-Q2,2024,2,13.31583351834357,7.3491202409952425,14.657720480515675,8.534030123512562,150.31002171985816,64.881,2257,687,3.1876730128241344,True
136480,,Myanmar Unilink Communication Company Limited,broadband,2024-Q2,2024,2,10.626191278976263,9.6829826029852,9.721459176423277,7.92858587056494,179.9320418006431,154.951,1866,579,2.6354443251793684,True
135300,,"Myanmar Broadband Telecom Co., Ltd",broadband,2024-Q2,2024,2,13.031497398606934,7.446373025068906,13.671615070552539,8.314764849865094,157.75633244857332,90.793,1507,449,2.1284108242472177,True
132148,,HORIZON TELECOM INTERNATIONAL COMPANY LIMITED,broadband,2024-Q2,2024,2,13.45431333239535,12.997532981354054,12.608840578622459,12.176491004610412,174.64582564102562,77.97550000000001,1170,261,1.65244901417999,True
141216,,GREAT GOLDEN HORSE COMPANY LIMITED,broadband,2024-Q2,2024,2,15.78738906663273,18.019544789955816,11.726679932937305,14.370756930013032,120.72937224264706,76.0275,1088,132,1.5366363482289136,True
(unknown),,,broadband,2024-Q2,2024,2,9.805257912723238,8.747843909609728,7.03257471157274,7.269726564836762,130.83446019417477,85.756,1031,314,1.456132421897068,True
134739,,"AGB Communication Co., Ltd",broadband,2024-Q2,2024,2,12.621739076229215,10.08020616902082,10.511357462221234,6.201369449765327,185.12823475609758,116.388,985,163,1.3911643409976837,True
45558,MPT,MYANMA POSTS AND TELECOMMUNICATIONS,broadband,2024-Q2,2024,2,7.226907587770278,9.58583273099681,5.383826897469765,10.116659225011162,186.8229935414424,149.307,929,28,1.3120727642506074,True
133524,,"Global Technology Co., Ltd.",broadband,2024-Q2,2024,2,13.04435696809106,13.455796003257278,9.431593627225299,9.610918126753237,120.42938800904976,81.512,886,125,1.2513417321055307,True
150692,,Golden Dragon 2000,broadband,2024-Q2,2024,2,8.848917463327313,7.8487371160942905,7.824814134302311,8.047514750930988,165.2192517321016,213.0,866,20,1.2230947404101464,True
63998,,Kinetic Myanmar Technology,broadband,2024-Q2,2024,2,12.443513114566995,6.122390222216259,11.590769398938342,5.122735418216084,178.11264846870833,125.892,751,72,1.0606745381616858,True
139003,,Telcospeed,broadband,2024-Q2,2024,2,18.133288079659227,14.879349483344726,21.05610813870661,13.52627956334721,92.26507349665926,83.177,449,81,0.6341449635613807,True
135589,,Internet Maekhong Network Company Limited,broadband,2024-Q2,2024,2,12.71492910570772,13.665095390045074,9.792783935675676,11.509142657395454,186.94733766233767,211.175,385,133,0.5437545901361505,True
141015,,Myanmar Link Telecommunication Ltd,broadband,2024-Q2,2024,2,13.319759214779413,13.156436559408323,13.963362016814923,14.044350312146566,154.57735734072023,84.628,361,216,0.5098582001016891,True
63852,,Myanmar Net,broadband,2024-Q2,2024,2,5.605607675952774,6.301187006788978,3.7934877145929047,6.157113052675482,159.84857771260997,105.053,341,137,0.4816112084063047,True
18399,Yatanarpon,Yatanarpon Teleport Company Limited,broadband,2024-Q2,2024,2,11.445578983402655,11.375637080998787,10.937882159144984,10.53641590121778,175.6430990712074,203.589,324,177,0.45760126546522795,True
135371,,Fortune Broadband,broadband,2024-Q2,2024,2,12.184267919602997,9.110047903396422,9.408113977566412,5.26262950398368,122.88222910216716,62.749,323,49,0.45618891588045873,True
138168,,MyanmarAPN,broadband,2024-Q2,2024,2,10.911081624909517,10.31217501256783,9.246634612284552,10.340109357962179,202.60830033003302,231.0,303,82,0.42794192418507426,True
138167,,TrueNET,broadband,2024-Q2,2024,2,12.69766751662441,7.076224896359313,12.65196337151601,5.150756721535995,166.33461742424245,93.3195,264,112,0.37286029037907464,True
136780,,MYANMAR INFORMATION HIGHWAY LIMITED,broadband,2024-Q2,2024,2,22.86576700540022,21.493205377030044,14.366325953306134,11.39813959153158,160.80885981308413,110.21600000000001,214,108,0.3022428111406135,True
136617,,Fortune Telecom Company Limited,broadband,2024-Q2,2024,2,30.08128507228244,11.496226670207129,32.37595362189265,8.661243698476008,76.50207042253521,68.431,213,21,0.3008304615558443,True
149660,,Horizon Sources Company Limited,broadband,2024-Q2,2024,2,15.984432068810213,12.390750276961377,16.294162468816005,9.53350539473875,92.09913,84.97749999999999,200,59,0.28246991695384444,True
139849,,Royal Esprit Company Limited,broadband,2024-Q2,2024,2,16.969498786903003,16.933257890197375,10.36440044378802,9.595869869946538,98.24679591836734,92.22550000000001,196,16,0.27682051861476753,True
135427,,Myanmar Network Company Limited,broadband,2024-Q2,2024,2,11.506042393483838,12.16392638255034,12.39259065634238,13.08966378510993,176.17217297297296,136.0,185,4,0.2612846731823061,True
136168,,Campana MYTHIC Co. Ltd.,broadband,2024-Q2,2024,2,7.093607757335907,5.93350561327369,5.898926352144604,5.272041893612064,158.6080778443114,145.749,167,6,0.2358623806564601,True
134484,,Ultra Net,broadband,2024-Q2,2024,2,10.664378704614395,12.629562229717886,11.701098154676407,12.625030600452654,73.2617628205128,70.327,156,6,0.22032653522399864,True
149521,,Fiber Life Internet,broadband,2024-Q2,2024,2,8.718327927863463,8.987538531673982,8.763025815373389,8.901824730146457,184.51673611111107,249.977,145,93,0.2047906897915372,True
151341,,The Next Success,broadband,2024-Q2,2024,2,6.901304098355313,6.974878132130016,6.2282773943628325,5.887912480716283,155.01152777777781,136.22699999999998,144,40,0.20337834020676798,True
133433,,ZOOM PLUS COMPANY LIMITED,broadband,2024-Q2,2024,2,8.694712787886852,8.8544475400869,8.600889616132427,8.108213743682208,98.62541129032256,78.2765,124,21,0.17513134851138354,True
139692,,CHEN GUANG COMPANY LIMITED,broadband,2024-Q2,2024,2,49.62868403100795,9.774698857388579,43.66419264937005,11.415295669276773,134.4357520661157,80.109,121,16,0.17089429975707587,True
150153,,A W S (MYANMAR) COMPANY LIMITED,broadband,2024-Q2,2024,2,10.99171958400578,9.22541317183823,10.001881069668379,8.73993004536447,133.21964166666666,79.97,120,59,0.16948195017230666,True
131322,Yatanarpon,Yatanarpon Teleport Company Limited,broadband,2024-Q2,2024,2,12.962192384466674,10.689124748481584,11.058588560855359,9.378574018457991,103.09208547008546,86.778,117,60,0.165244901417999,True
149810,,AnyNet,broadband,2024-Q2,2024,2,11.323560155986865,10.669257666199172,11.253147288370537,8.579876658072145,142.70014,82.256,100,20,0.14123495847692222,True
150309,,E R S TECHNOLOGY,broadband,2024-Q2,2024,2,5.3627676983995025,6.603682505437093,5.700666852107167,7.3446571796170765,156.83549473684212,147.712,95,90,0.1341732105530761,False
137891,,Be The First,broadband,2024-Q2,2024,2,10.691152015762707,12.161353658935855,7.953020656244097,10.570294007941945,178.04318518518517,84.745,81,54,0.11440031636630699,False
137424,,"Integral Solutions Myanmar Co.,Ltd.",broadband,2024-Q2,2024,2,10.767415521603523,9.541248139888296,11.068743229788675,10.1880264,197.94773417721518,172.473,79,21,0.11157561719676855,False
137259,,i-Link,broadband,2024-Q2,2024,2,9.813882495184796,10.630139671646736,10.623421840708984,10.598872137783385,211.1201842105263,264.049,77,54,0.1087509180272301,False
150310,,Trustforce Myanmar Company Limited trading as Nationet,broadband,2024-Q2,2024,2,13.724403312367924,15.466838481084794,16.90051219259839,17.014524133207715,223.19182432432433,255.1035,74,20,0.10451386927292243,False
140091,,SHWE MAHAR MAE KHONG INDUSTRIAL COMPANY LIMITED,broadband,2024-Q2,2024,2,35.38670708652074,8.690120512031898,18.507192740238523,2.1376796515516596,93.03276470588236,76.9605,68,27,0.0960397717643071,False
150721,,ARAKHA NET,broadband,2024-Q2,2024,2,8.982167578509047,15.018468896657664,9.606441199786001,16.2347089680612,99.91021212121213,75.0,66,35,0.09321507259476866,False
136229,,"Treasure Chindwin Land Co.,Ltd",broadband,2024-Q2,2024,2,12.93350301060831,14.326069177164229,14.90633863948047,14.924583622531227,133.8683166666667,75.59450000000001,60,17,0.08474097508615333,False
151802,,"FIND SOLUTION AND SERVICES CO., LTD.",broadband,2024-Q2,2024,2,13.044352568775242,13.343111625620384,11.791740077666004,13.575120047998489,116.96868421052632,75.575,57,36,0.08050392633184565,False
137826,,AST SYSTEM TECHNOLOGY COMPANY LIMITED,broadband,2024-Q2,2024,2,14.112611016790078,6.880469045983319,9.851666049374833,4.082749754448325,140.08098245614036,79.0,57,7,0.08050392633184565,False
150797,,GIGA-NET,broadband,2024-Q2,2024,2,15.465824805785495,13.969547233992992,14.697611439839445,16.917017628139103,142.13544,86.3385,50,33,0.07061747923846111,False
151826,,Fast Speed,broadband,2024-Q2,2024,2,11.36478204647615,12.54996353095588,11.362786639552674,13.525945389754138,186.0788125,224.16649999999998,48,30,0.06779278006892266,False
135111,,Asia Mega Link,broadband,2024-Q2,2024,2,6.046288414329755,5.599516338581575,3.5842967281623,6.43957131159106,115.17266666666667,88.483,45,10,0.06355573131461499,False
152140,,"YAM Success of Myanmar Co., Ltd.",broadband,2024-Q2,2024,2,11.012687252364286,20.294833142030605,10.35143176752503,20.99778769300492,201.06897777777777,250.735,45,18,0.06355573131461499,False
150812,,Myanmar Fortune Global Company Limited,broadband,2024-Q2,2024,2,15.708032244037005,7.454011234813845,15.66592530181799,7.783678598970283,116.19921428571429,90.96000000000001,42,25,0.059318682560307326,False
151482,,MKTN ENGINEERING GROUP COMPANY LIMITED,broadband,2024-Q2,2024,2,9.160311873812324,8.985419910785442,10.530549248778842,10.74903092863753,168.14010810810814,92.921,37,20,0.052256934636461215,False
151491,,Innovative Quality Internet Company Limited,broadband,2024-Q2,2024,2,20.65360249483828,18.36583435227086,16.92836498529409,9.830517176033187,146.35897058823528,76.80850000000001,34,12,0.04801988588215355,False
151783,,EASTERN ROYAL UNICOM (ERU) TECHNOLOGY COMPANY LIMITED,broadband,2024-Q2,2024,2,24.999864187157836,23.82906080498133,19.546175385545187,14.045529570701591,89.14481818181818,74.846,33,2,0.04660753629738433,False
152329,,Aon Kham Network Company Limited,broadband,2024-Q2,2024,2,25.743459976922242,19.17268886477249,21.75611673831902,15.052213546992192,122.18165384615385,69.749,26,16,0.036721089203999774,False
150285,,"Long Mao Home Center Co.ltd.,",broadband,2024-Q2,2024,2,25.703012731295477,24.09324485459916,19.537678529827385,24.816944153526155,83.69200000000001,76.507,25,13,0.035308739619230554,False
139051,,AUNG GABAR COMPANY LIMITED,broadband,2024-Q2,2024,2,17.924500348094888,12.20300114075197,11.481142939427091,8.2229776,99.74699999999999,69.919,23,5,0.03248404044969211,False
142644,,Link Fast Company Limited,broadband,2024-Q2,2024,2,18.156208667994882,17.7675571827801,7.139493444660665,7.81855044308122,87.49317391304348,83.0,23,18,0.03248404044969211,False
141199,,Century Link Plus,broadband,2024-Q2,2024,2,8.654402671406645,8.617822763447784,8.358683963039212,8.460428708037133,152.36394444444443,85.0,18,5,0.025422292525845998,False
141704,,Galaxia @ Net,broadband,2024-Q2,2024,2,5.428365253347075,6.980959241578399,3.809349500833726,5.121953262825462,219.2009411764706,207.588,17,4,0.024009942941076775,False
136474,,Marga Global Telecom Limited,broadband,2024-Q2,2024,2,22.506884418143677,14.854568994740744,17.87007427701235,15.877493277776217,162.76607142857142,140.495,14,9,0.01977289418676911,False
139719,,Yar Chang Company Limited,broadband,2024-Q2,2024,2,41.4895755071039,3.753812010737884,4.2840125819296455,2.1610143819590943,97.48114285714287,83.2805,14,9,0.01977289418676911,False
134736,,"NTT MYANMAR CO., LTD.",broadband,2024-Q2,2024,2,29.16760541138255,3.794150832517553,17.03707677569454,3.2673859737420283,173.3226923076923,234.346,13,4,0.018360544601999887,False
151606,,MYANMAR SHWE PYI AYE COMPANY LIMITED,broadband,2024-Q2,2024,2,11.920989521193219,5.346248321720503,7.105577814335774,3.265542802295968,249.2442307692308,294.873,13,7,0.018360544601999887,False
134714,,Elite Telecom Public Company Limited,broadband,2024-Q2,2024,2,11.538152520601498,8.53264610573428,12.97692997529588,8.329624334070147,177.86249999999995,106.338,12,11,0.016948195017230664,False
133440,,ST-net,broadband,2024-Q2,2024,2,11.462975320853626,8.779590650932986,11.106390369655228,6.6479696189306905,250.39027272727273,273.719,11,1,0.015535845432461443,False
29802,,"HIVELOCITY, Inc.",broadband,2024-Q2,2024,2,41.861170011602184,10.061143459719046,59.220105600236046,8.489098481885406,68.83944444444445,69.473,9,6,0.012711146262922999,False
151210,,NEXGENET COMPANY LIMITED,broadband,2024-Q2,2024,2,22.98675400596366,20.934290603476825,17.7308594582259,15.877349244202815,195.39337500000002,213.3965,8,1,0.011298796678153776,False
151965,,Hepta Alliance Technology Group,broadband,2024-Q2,2024,2,12.382333759173228,16.59358041318534,13.66657414751565,20.802342772466744,169.04375,159.85750000000002,8,6,0.011298796678153776,False
134105,,"Shwe Than Lwin Media Co.,Ltd.",broadband,2024-Q2,2024,2,7.72812658697142,4.6038089682310765,4.379133725281625,1.0536754454269979,313.65849999999995,253.1415,6,4,0.008474097508615332,False
10099,,China Unicom Global,broadband,2024-Q2,2024,2,22.284505500988264,25.0508978456238,23.873319734309,21.153287403448857,110.75883333333333,112.639,6,5,0.008474097508615332,False
138158,,Serge Pun & Associate (Myanmar) Ltd.,broadband,2024-Q2,2024,2,69.73518955707962,70.74100239215699,65.12695197205906,59.28399599178252,83.6526,72.74,5,3,0.00706174792384611,False
136975,,Global Technology,broadband,2024-Q2,2024,2,12.658855097075472,5.751911104618864,10.49549228002656,2.7179090361275904,65.789,65.013,4,3,0.005649398339076888,False
132344,,SEANET,broadband,2024-Q2,2024,2,2.746297465376487,1.2472783385943411,2.746297465376487,1.2472783385943411,628.5464999999999,628.5464999999999,2,1,0.002824699169538444,False
135433,,Connect Gateway Company Limited,broadband,2024-Q2,2024,2,3.633395622802824,3.8289610313395466,3.633395622802824,3.8289610313395466,149.593,149.593,2,2,0.002824699169538444,False
152634,,Goal Link ISP,broadband,2024-Q2,2024,2,10.065339454936248,,10.065339454936248,,82.729,82.729,2,2,0.002824699169538444,False
135307,,Golden TMH Telecom Co. Ltd,broadband,2024-Q2,2024,2,40.74980971543588,53.028343221665025,40.74980971543588,53.028343221665025,159.9735,159.9735,2,2,0.002824699169538444,False
135149,,"Myanmar Technology Gateway Co., Ltd",broadband,2024-Q2,2024,2,11.38894668261071,13.362248418235097,11.38894668261071,13.362248418235097,129.273,129.273,2,1,0.002824699169538444,False
132100,,"Myanmar Speed Net Co.,Ltd",broadband,2024-Q2,2024,2,14.210822746009846,8.295359378370103,14.210822746009846,8.295359378370103,90.149,90.149,2,1,0.002824699169538444,False
134976,,Myint & Associates Telecommunications Ltd,broadband,2024-Q2,2024,2,23.496461233818728,26.852665403795285,23.496461233818728,26.852665403795285,309.671,309.671,2,1,0.002824699169538444,False
136465,,Dept. of Information Technology & Cyber Security,broadband,2024-Q2,2024,2,5.6072718688066265,5.932455146917805,5.6072718688066265,5.932455146917805,86.123,86.123,1,1,0.001412349584769222,False
139711,,KANBAWZA BANK LIMITED,broadband,2024-Q2,2024,2,17.245793667219207,,17.245793667219207,,60.322,60.322,1,1,0.001412349584769222,False
136255,Mytel,"Telecom International Myanmar Co., Ltd",broadband,2024-Q3,2024,3,9.653127569943731,10.751071762510108,8.062105245218476,9.645894901683139,137.35862653015803,96.9765,17976,10927,15.679433391192093,True
134840,,"Myanmar Country Co., Ltd.",broadband,2024-Q3,2024,3,14.49179436135348,16.119673923203518,14.885938888350147,17.548654253199665,98.03948766179346,78.125,10741,196,9.3687580137291,True
58952,,Frontiir Co. Ltd,broadband,2024-Q3,2024,3,5.993400330556618,7.84535443703265,3.4644356270847787,4.819471414244834,120.02769697903827,88.86449999999999,9732,1644,8.48866520711401,True
132167,,Nine Communications Company Limited,broadband,2024-Q3,2024,3,22.174354706347177,31.023535075015022,13.348053953741765,16.25580396285464,124.59651087719297,110.8195,8551,656,7.458546669341544,True
9988,MPT,Myanma Posts and Telecommunications,broadband,2024-Q3,2024,3,17.28045150412535,17.047316898099638,16.169787610030276,15.415427129955642,116.38089703739682,92.79750000000001,8240,769,7.187279213586051,True
133384,,"Global Technology Co., Ltd.",broadband,2024-Q3,2024,3,16.42320483700823,16.735018754046457,13.16173013803377,14.024957266256372,121.35650303766711,81.967,7408,1645,6.4615733512433815,True
133385,Atom,Atom Myanmar Limited,broadband,2024-Q3,2024,3,17.469191357797552,19.39550872184859,14.439071036682599,15.716176381241286,105.5759140401146,90.753,5941,610,5.181993423290622,True
136442,,"Ocean Wave Communication Co., Ltd",broadband,2024-Q3,2024,3,12.702217056643109,13.113402500309245,10.993198004934897,10.72857530686556,94.57250455691293,79.0,5160,729,4.500771934721362,True
174,Cogent,"Cogent Communications, LLC",broadband,2024-Q3,2024,3,12.488623140339982,7.936911119961926,12.269594304393904,8.789470908225576,132.3863208062146,73.858,4764,829,4.1553638560101875,True
135405,,WELINK,broadband,2024-Q3,2024,3,21.07685685567629,14.749537517471936,13.579443862114609,9.321391314651528,98.97004085422472,75.71600000000001,4310,375,3.7593657051645484,True
132148,,HORIZON TELECOM INTERNATIONAL COMPANY LIMITED,broadband,2024-Q3,2024,3,14.386116081549867,14.86473850426604,14.857981258000642,13.526796765534748,94.8175243111831,71.378,3702,255,3.229042190375675,True
136480,,Myanmar Unilink Communication Company Limited,broadband,2024-Q3,2024,3,10.850078874177758,8.662946153348857,9.884340929765976,7.453650574897224,154.50418344519014,117.4815,2682,693,2.3393547149074987,True
136210,,IT Spectrum Company Limited,broadband,2024-Q3,2024,3,18.138634953718473,16.7348434819195,17.38853544666939,14.96167089694627,119.9684929697486,89.776,2347,515,2.0471534361998134,True
133524,,"Global Technology Co., Ltd.",broadband,2024-Q3,2024,3,20.347355756891737,37.81866382957883,11.967012619333543,21.30817976819844,106.61576272769733,75.851,2141,146,1.8674714558601622,True
134739,,"AGB Communication Co., Ltd",broadband,2024-Q3,2024,3,15.94200800229224,10.873115253771665,13.125973985755676,6.27083807499431,124.18796543209874,103.325,2025,182,1.7662913115912322,True
135300,,"Myanmar Broadband Telecom Co., Ltd",broadband,2024-Q3,2024,3,13.933406370413751,8.085921618353778,13.87792839985483,8.25627966130339,136.79590669975184,76.528,2016,528,1.75844112798416,True
135371,,Fortune Broadband,broadband,2024-Q3,2024,3,12.388783756837682,10.807277653923645,9.392909716267967,6.580803336330474,101.36225588025663,72.123,1403,92,1.2237564000802463,True
141216,,GREAT GOLDEN HORSE COMPANY LIMITED,broadband,2024-Q3,2024,3,13.725905838212176,18.965095647692202,10.942375079597596,15.931322565194305,82.66760623946035,75.017,1186,157,1.0344797508875068,True
63852,,Myanmar Net,broadband,2024-Q3,2024,3,4.567459077139008,6.83830335623849,2.4967368106319143,3.8404208599453487,123.03650488888886,89.966,1125,135,0.9812729508840179,True
150692,,Golden Dragon 2000,broadband,2024-Q3,2024,3,13.469946106783983,12.453992131074225,16.234457582154754,12.077235385581407,70.52259166666668,42.8625,1080,16,0.9420220328486572,True
135589,,Internet Maekhong Network Company Limited,broadband,2024-Q3,2024,3,13.04032828106828,14.053528456920144,9.42751642507967,11.32943783227906,105.81730730223121,74.155,986,141,0.8600312262859037,True
18399,Yatanarpon,Yatanarpon Teleport Company Limited,broadband,2024-Q3,2024,3,13.964852222540323,13.459894292608508,12.345952117216312,11.468178157694458,118.82555314757485,96.0,969,289,0.8452031016947674,True
138167,,TrueNET,broadband,2024-Q3,2024,3,18.070063339407685,16.63708823718632,13.417166234591594,9.91423061274224,94.25363913595935,82.032,787,364,0.6864549443073085,True
136780,,MYANMAR INFORMATION HIGHWAY LIMITED,broadband,2024-Q3,2024,3,20.93144377918229,18.10040626002477,13.524062347061353,13.48760544132381,152.1761267387944,110.0,647,107,0.5643409770861862,True
138168,,MyanmarAPN,broadband,2024-Q3,2024,3,12.864270142089104,16.760849659399597,8.43920026391343,13.145384523468344,142.7751770334928,94.117,627,106,0.546896124626026,True
150310,,Trustforce Myanmar Company Limited trading as Nationet,broadband,2024-Q3,2024,3,17.21380631673228,17.582677041852182,14.779148726442012,20.186143758329845,156.32854749568224,133.0,579,20,0.5050284787216412,True
136617,,Fortune Telecom Company Limited,broadband,2024-Q3,2024,3,23.119046594853682,19.591736579082486,17.457875330053156,9.727439282961353,87.62013143872115,72.674,563,43,0.49107259675351295,True
141015,,Myanmar Link Telecommunication Ltd,broadband,2024-Q3,2024,3,12.869791819427816,9.770085104307341,15.641899828715795,10.459761664381338,85.26183899821109,60.613,560,60,0.4884558688844889,True
45558,MPT,MYANMA POSTS AND TELECOMMUNICATIONS,broadband,2024-Q3,2024,3,13.711803256954425,14.383148231399003,13.901545558179334,15.081638932994062,127.75632016632017,103.405,481,28,0.41954870166685565,True
(unknown),,,broadband,2024-Q3,2024,3,10.480552999917784,11.52460025248557,4.830764747558747,8.787217705294967,114.64213461538463,87.43350000000001,468,182,0.40820954756775146,True
151491,,Innovative Quality Internet Company Limited,broadband,2024-Q3,2024,3,24.18375622595291,16.2827551660216,26.61602054520327,12.703747815523325,87.90239310344828,72.707,435,41,0.3794255410084869,True
136474,,Marga Global Telecom Limited,broadband,2024-Q3,2024,3,24.988017753373416,20.848678124656402,17.653438859814845,13.172154304787398,98.82190191387562,78.273,419,29,0.36546965904035866,True
63998,,Kinetic Myanmar Technology,broadband,2024-Q3,2024,3,13.77073785602879,8.874578078822255,14.112380543581972,7.745604989451975,99.25702693602695,85.0,297,77,0.25905605903338075,True
149660,,Horizon Sources Company Limited,broadband,2024-Q3,2024,3,10.036274117555834,13.277963063458529,6.298767399570106,9.899608824012166,80.14795501730103,75.0,289,70,0.2520781180493166,True
131322,Yatanarpon,Yatanarpon Teleport Company Limited,broadband,2024-Q3,2024,3,13.945261082091653,13.143401581674008,11.612492037039102,9.926962049600121,114.11441134751774,89.708,282,127,0.24597241968826047,True
149810,,AnyNet,broadband,2024-Q3,2024,3,12.6080906625773,7.498239187920063,14.349002281730026,5.110117793835048,129.64372850678734,81.565,221,28,0.19276561968477152,True
151341,,The Next Success,broadband,2024-Q3,2024,3,11.344808382507647,12.527855523783584,11.537815900833907,13.12577947297337,172.04260204081632,129.0,196,65,0.17095955410957112,True
139849,,Royal Esprit Company Limited,broadband,2024-Q3,2024,3,14.547302815688715,11.804022575299587,9.391920155171723,9.427759650185198,81.32310497237569,72.736,181,15,0.15787591476445087,True
150812,,Myanmar Fortune Global Company Limited,broadband,2024-Q3,2024,3,15.789303369669835,10.72185737604543,16.024403206643406,11.539385963815814,107.80324137931034,92.267,174,40,0.15177021640339478,True
137424,,"Integral Solutions Myanmar Co.,Ltd.",broadband,2024-Q3,2024,3,23.15783142940393,23.702254844916446,14.068195830144958,15.22278407428861,109.2293546511628,71.63749999999999,172,44,0.15002573115737874,True
139003,,Telcospeed,broadband,2024-Q3,2024,3,16.267343300732335,17.350070230976367,14.023737376106453,14.711500022214443,108.64785365853656,87.976,164,65,0.14304779017331462,True
150153,,A W S (MYANMAR) COMPANY LIMITED,broadband,2024-Q3,2024,3,9.536852563104496,9.476099874850073,8.024993731224981,9.183045993657926,106.9156086956522,79.922,161,88,0.14043106230429056,True
152140,,"YAM Success of Myanmar Co., Ltd.",broadband,2024-Q3,2024,3,21.896059870311955,17.658380558050073,21.25677726231563,17.660706402097116,147.80046875,122.616,160,38,0.13955881968128256,True
139692,,CHEN GUANG COMPANY LIMITED,broadband,2024-Q3,2024,3,49.842134490650515,11.52980634082843,42.14279626286101,13.805782386910032,172.77134591194965,227.26,159,16,0.13868657705827453,True
134714,,Elite Telecom Public Company Limited,broadband,2024-Q3,2024,3,13.433161266840584,10.998564085899037,11.414947165812023,8.776949237964478,100.66582278481012,79.7535,158,65,0.1378143344352665,True
150797,,GIGA-NET,broadband,2024-Q3,2024,3,10.639276769603766,14.161622714777268,9.89870437306071,15.454128579817183,138.79271830985917,100.314,142,65,0.12385845246713825,True
136168,,Campana MYTHIC Co. Ltd.,broadband,2024-Q3,2024,3,9.007386269885234,6.565779548974302,6.8434257307321005,6.279322339909374,97.13426717557252,84.932,131,6,0.11426378361405008,True
137891,,Be The First,broadband,2024-Q3,2024,3,13.443041144233309,13.017028778046726,13.239119702980258,13.369589578149698,106.48171093750001,70.9385,128,52,0.11164705574502604,True
136229,,"Treasure Chindwin Land Co.,Ltd",broadband,2024-Q3,2024,3,11.81352275541379,11.049654346438217,10.300117438196974,10.519806749372368,97.25916831683172,74.911,101,17,0.0880965049238096,True
151965,,Hepta Alliance Technology Group,broadband,2024-Q3,2024,3,15.09449213360606,13.016161753311884,15.84663364887167,12.390038490495774,94.98548421052632,88.0,95,43,0.08286304918576151,False
137259,,i-Link,broadband,2024-Q3,2024,3,20.540394857500726,18.47048177527655,15.68639214202207,15.302754635381476,101.08375824175823,75.907,91,60,0.07937407869372945,False
140091,,SHWE MAHAR MAE KHONG INDUSTRIAL COMPANY LIMITED,broadband,2024-Q3,2024,3,18.683312095697694,21.32962140439082,14.96648804158946,14.674325917467199,94.5276222222222,79.4165,90,42,0.07850183607072143,False
149521,,Fiber Life Internet,broadband,2024-Q3,2024,3,10.595712161303142,13.137767893171707,11.199545346475752,14.427057016659246,182.41251136363633,123.3255,88,73,0.0767573508247054,False
150309,,E R S TECHNOLOGY,broadband,2024-Q3,2024,3,5.143417609871401,7.229674978834816,2.2485794955553207,4.734097932430469,157.15564634146344,122.449,82,68,0.07152389508665731,False
134484,,Ultra Net,broadband,2024-Q3,2024,3,37.11433236607395,48.060080934028704,16.351618290035216,18.06893549031276,89.5027922077922,70.672,77,3,0.06716268197161722,False
150721,,ARAKHA NET,broadband,2024-Q3,2024,3,12.694829886023394,16.471228835381126,13.359495093840286,16.863356382714393,94.92027692307691,67.076,65,24,0.05669577049552103,False
142644,,Link Fast Company Limited,broadband,2024-Q3,2024,3,16.60528562129109,14.529649010632514,16.014280325595145,13.60041182286817,99.24537500000001,77.85900000000001,64,49,0.05582352787251302,False
151783,,EASTERN ROYAL UNICOM (ERU) TECHNOLOGY COMPANY LIMITED,broadband,2024-Q3,2024,3,25.3599995558126,19.005656928740134,23.837015316406323,16.940972528431672,85.9461475409836,77.499,61,13,0.05320680000348897,False
135427,,Myanmar Network Company Limited,broadband,2024-Q3,2024,3,12.085803922236723,10.707644485764483,12.83981436008856,9.612419130454086,170.94732758620688,112.2865,58,4,0.050590072134464925,False
132100,,"Myanmar Speed Net Co.,Ltd",broadband,2024-Q3,2024,3,21.031661884183602,18.63938061345108,15.93548039317071,14.132582182759862,107.38139285714286,116.47749999999999,56,7,0.048845586888448894,False
139051,,AUNG GABAR COMPANY LIMITED,broadband,2024-Q3,2024,3,31.13958363682671,14.959232631365424,35.46220876255059,7.911528675278878,91.1641090909091,74.454,55,7,0.04797334426544087,False
137826,,AST SYSTEM TECHNOLOGY COMPANY LIMITED,broadband,2024-Q3,2024,3,31.522997321554637,30.34087904717819,28.767416816991705,31.086419343626453,86.82051923076922,77.6055,52,9,0.045356616396416825,False
133433,,ZOOM PLUS COMPANY LIMITED,broadband,2024-Q3,2024,3,14.71912621175393,16.74058956133666,11.354253802150529,13.83192548455766,71.18661702127659,71.927,47,16,0.04099540328137675,False
151482,,MKTN ENGINEERING GROUP COMPANY LIMITED,broadband,2024-Q3,2024,3,5.581218014944066,7.300027825665691,4.23100441303971,6.618701396152789,169.4084222222222,164.878,45,12,0.03925091803536072,False
151606,,MYANMAR SHWE PYI AYE COMPANY LIMITED,broadband,2024-Q3,2024,3,18.321909367512543,14.452676470687697,7.381899400796898,11.022430702620738,130.9038409090909,82.70400000000001,44,17,0.0383786754123527,False
151802,,"FIND SOLUTION AND SERVICES CO., LTD.",broadband,2024-Q3,2024,3,12.643701486620513,12.94091149021528,7.994959413376164,7.488828670360741,102.14113157894735,89.686,38,34,0.0331452196743046,False
134976,,Myint & Associates Telecommunications Ltd,broadband,2024-Q3,2024,3,77.35151938613983,87.06789812408225,49.38991690007731,49.77875946791579,139.27277142857142,135.608,35,1,0.030528491805280555,False
135111,,Asia Mega Link,broadband,2024-Q3,2024,3,4.312115755738748,4.7772231764456405,3.9872025126805273,5.26645774197136,97.17003333333335,72.2475,30,6,0.026167278690240478,False
151210,,NEXGENET COMPANY LIMITED,broadband,2024-Q3,2024,3,18.552252757662288,19.378770365955685,17.478243781898414,20.586086406829498,121.3191153846154,73.3855,26,5,0.022678308198208413,False
152634,,Goal Link ISP,broadband,2024-Q3,2024,3,8.720879211528725,12.809482355869322,10.146610853884745,14.165760983423901,136.55873913043482,108.512,23,20,0.020061580329184366,False
151826,,Fast Speed,broadband,2024-Q3,2024,3,8.809282504567914,10.026848644053866,8.164690399132597,7.296809728456937,159.38559090909092,118.875,22,20,0.01918933770617635,False
154177,,LIGHT NODE LIMITED,broadband,2024-Q3,2024,3,8.393094341155384,4.812627615793511,7.37617744960703,2.5737491771513192,87.24419047619048,75.891,21,3,0.018317095083168335,False
141199,,Century Link Plus,broadband,2024-Q3,2024,3,8.417245536047812,13.498198955843842,7.561768623643407,16.070686753265054,158.1416190476191,127.0,21,3,0.018317095083168335,False
152329,,Aon Kham Network Company Limited,broadband,2024-Q3,2024,3,29.893225633894478,32.74038879079633,22.731662995427715,27.70736023885756,91.46178947368422,74.977,19,16,0.0165726098371523,False
152466,,T-Link Group Company Limited,broadband,2024-Q3,2024,3,10.724621735079078,12.31885603302102,9.255789511058044,10.306190480761845,94.66900000000001,93.01400000000001,18,9,0.015700367214144285,False
135433,,Connect Gateway Company Limited,broadband,2024-Q3,2024,3,1.1255209026526336,1.002032959020156,1.0918584417100639,0.2511475191476523,194.38405882352944,93.337,17,5,0.01482812459113627,False
139058,,TCL Net,broadband,2024-Q3,2024,3,17.020066512772924,18.972508304726567,13.67896339575791,17.56698881754794,213.63353333333333,226.245,15,1,0.013083639345120239,False
141704,,Galaxia @ Net,broadband,2024-Q3,2024,3,12.256188963716987,10.873177923860554,12.138767818313603,11.357095481864011,143.30706666666666,129.681,15,5,0.013083639345120239,False
134736,,"NTT MYANMAR CO., LTD.",broadband,2024-Q3,2024,3,44.56317721647353,23.023056469594636,44.31266459947328,37.06878543491496,88.87376923076923,86.824,13,1,0.011339154099104206,False
135149,,"Myanmar Technology Gateway Co., Ltd",broadband,2024-Q3,2024,3,8.319335199083405,12.059817742614603,11.328436755698203,13.266218258995568,127.85199999999999,96.00399999999999,12,1,0.01046691147609619,False
132038,,Royal Esprit Company Limited,broadband,2024-Q3,2024,3,2.193860969608518,2.8591703856095507,2.4999970633384367,3.4098349607637983,80.19559999999998,75.402,10,1,0.00872242623008016,False
150285,,"Long Mao Home Center Co.ltd.,",broadband,2024-Q3,2024,3,46.060152994797505,13.515572021848016,50.850757499330115,10.938312034414269,76.54044444444445,76.866,9,5,0.007850183607072143,False
139719,,Yar Chang Company Limited,broadband,2024-Q3,2024,3,0.8347744699536503,4.404986698909795,0.17998981827475405,4.404986698909795,114.08766666666666,113.503,9,4,0.007850183607072143,False
139620,,MYANMAR TELECOMMUNICATION NETWORK PUBLIC COMPANY LIMITED,broadband,2024-Q3,2024,3,28.7684884114575,12.477584349068406,24.22480235910271,10.729839459604527,72.79012499999999,72.5,8,3,0.006977940984064127,False
138158,,Serge Pun & Associate (Myanmar) Ltd.,broadband,2024-Q3,2024,3,31.067285408981157,15.810234609530326,35.19706386290187,11.481547493274727,73.13499999999999,65.705,7,2,0.006105698361056112,False
141236,,Mandalay City Development Committee,broadband,2024-Q3,2024,3,145.5730297162342,38.3945849733857,166.8539594104258,31.797360012271756,89.77185714285713,89.258,7,5,0.006105698361056112,False
133440,,ST-net,broadband,2024-Q3,2024,3,15.870753427654725,19.133674514213595,15.868543775322184,17.619453862201766,194.215,269.454,7,1,0.006105698361056112,False
136975,,Global Technology,broadband,2024-Q3,2024,3,29.73186069062905,28.825382927095372,18.623458702828227,3.0441218214700583,75.46016666666667,62.5615,6,3,0.005233455738048095,False
136177,,Yoma Bank Limited,broadband,2024-Q3,2024,3,53.43570939976971,53.84397890845823,48.63323478748555,29.892484890290795,104.29075,104.99799999999999,4,2,0.0034889704920320636,False
132537,,LG,broadband,2024-Q3,2024,3,7.000642790449088,,9.201140288689558,,99.28699999999999,80.523,3,3,0.0026167278690240477,False
137069,,POSCO INTERNATIONAL CORPORATION (MYANMAR E&P OFFICE),broadband,2024-Q3,2024,3,8.986346674428464,1.4482839263388074,9.005655827364889,1.4482839263388074,406.05,568.353,3,2,0.0026167278690240477,False
132344,,SEANET,broadband,2024-Q3,2024,3,0.09298048369424144,0.5968711913368375,0.09298048369424144,0.5968711913368375,1037.473,1037.473,2,1,0.0017444852460160318,False
135307,,Golden TMH Telecom Co. Ltd,broadband,2024-Q3,2024,3,31.557289474037084,26.971372685881942,31.557289474037084,26.971372685881942,94.244,94.244,2,1,0.0017444852460160318,False
134105,,"Shwe Than Lwin Media Co.,Ltd.",broadband,2024-Q3,2024,3,15.373116987243824,12.866151957068384,15.373116987243824,12.866151957068384,94.0515,94.0515,2,2,0.0017444852460160318,False
10099,,China Unicom Global,broadband,2024-Q3,2024,3,11.014272740515189,41.275338772347595,11.014272740515189,41.275338772347595,124.209,124.209,2,2,0.0017444852460160318,False
139704,,"AGB Communication Co., Ltd",broadband,2024-Q3,2024,3,52.756971999469,45.80654674462915,52.756971999469,45.80654674462915,151.183,151.183,2,1,0.0017444852460160318,False
136919,,"FACE24 Co.,Ltd",broadband,2024-Q3,2024,3,1.1060530344291442,0.5894578623769191,1.1060530344291442,0.5894578623769191,81.201,81.201,1,1,0.0008722426230080159,False
139822,,GNE Company Limited,broadband,2024-Q3,2024,3,1.8228847728618296,3.0486715810446903,1.8228847728618296,3.0486715810446903,59.782,59.782,1,1,0.0008722426230080159,False
136255,Mytel,"Telecom International Myanmar Co., Ltd",broadband,2024-Q4,2024,4,10.655963902684546,10.626921262711278,9.002934540247509,9.553426194648951,118.1225280023305,89.0,13733,6799,11.460976098277474,True
9988,MPT,Myanma Posts and Telecommunications,broadband,2024-Q4,2024,4,19.65882394117901,18.390464023938552,17.19574995450094,15.565906944890115,115.25270557247511,92.0,12149,859,10.139037254640138,True
132167,,Nine Communications Company Limited,broadband,2024-Q4,2024,4,24.037870397942264,33.768227491909556,13.780674200297376,17.86973547663159,113.40155876943655,92.40950000000001,11969,589,9.988816931499533,True
134840,,"Myanmar Country Co., Ltd.",broadband,2024-Q4,2024,4,16.349638864037622,16.036747330645028,17.433078493485347,18.000990182869835,101.74821094617795,79.376,9905,188,8.266290559487247,True
133384,,"Global Technology Co., Ltd.",broadband,2024-Q4,2024,4,24.11049129184044,22.510200716321304,18.190692169613364,17.208711657459922,116.64800807297128,71.9975,9544,2002,7.965015355855255,True
133385,Atom,Atom Myanmar Limited,broadband,2024-Q4,2024,4,28.112160699817508,28.61440246504162,17.824415271437836,15.738861246799278,109.80094513788099,90.179,6895,850,5.754272933636,True
58952,,Frontiir Co. Ltd,broadband,2024-Q4,2024,4,9.471102177154757,12.887130306507371,6.656430092142867,7.825910487044757,141.98425620767497,79.0975,6202,1438,5.175924689544665,True
136442,,"Ocean Wave Communication Co., Ltd",broadband,2024-Q4,2024,4,13.417233017181704,14.237947399377418,10.64716400457086,10.660252540129196,81.49364603960393,72.0,5657,724,4.7210909333689415,True
174,Cogent,"Cogent Communications, LLC",broadband,2024-Q4,2024,4,12.788826630191432,9.555015832961438,11.794267128802723,8.747617828934128,136.61841941350312,77.561,4399,730,3.67121778608626,True
135405,,WELINK,broadband,2024-Q4,2024,4,24.40908125965224,13.212345815562491,20.95706224988795,8.552785947820976,101.903496791934,89.106,4366,442,3.6436773935104823,True
132148,,HORIZON TELECOM INTERNATIONAL COMPANY LIMITED,broadband,2024-Q4,2024,4,15.89991886906143,18.346929378314037,15.453359622930595,14.120262433631956,79.89730974695406,61.2455,4268,290,3.5618907731339298,True
135300,,"Myanmar Broadband Telecom Co., Ltd",broadband,2024-Q4,2024,4,21.25451134172557,8.899680272901483,17.426289143009654,5.733185503824165,124.90407313432839,76.4305,3351,490,2.796601682467619,True
136480,,Myanmar Unilink Communication Company Limited,broadband,2024-Q4,2024,4,10.071446848813101,8.200117256573792,9.364875318029236,6.0110777011914225,135.7012442986567,99.06,3201,654,2.671418079850447,True
133524,,"Global Technology Co., Ltd.",broadband,2024-Q4,2024,4,31.076605797490853,28.698489544100216,19.409947309115946,14.971731814977215,86.05772474180512,72.514,2227,206,1.8585592201896115,True
134739,,"AGB Communication Co., Ltd",broadband,2024-Q4,2024,4,16.797065095957823,11.008032020730614,15.578224667502077,7.377021734467398,102.35488983451536,74.578,2115,175,1.7650887969021232,True
136210,,IT Spectrum Company Limited,broadband,2024-Q4,2024,4,18.958970063535304,18.680267941943068,17.252064767005727,14.580917165843008,93.49597348119578,76.0,2074,499,1.730871945520096,True
136780,,MYANMAR INFORMATION HIGHWAY LIMITED,broadband,2024-Q4,2024,4,39.886094178743086,51.076078246279735,42.55473883720096,57.24676863372469,144.16119259259258,109.17949999999999,1890,133,1.5773133929763654,True
135371,,Fortune Broadband,broadband,2024-Q4,2024,4,15.608527907742971,20.300240094775955,10.03051905397135,7.962148640447543,109.86510563380278,83.465,1420,103,1.1850714381092269,True
18399,Yatanarpon,Yatanarpon Teleport Company Limited,broadband,2024-Q4,2024,4,15.260113122188496,13.32401938471809,13.437447680206724,10.89444393674302,141.57169109947645,125.4875,1146,371,0.956402723995193,True
136617,,Fortune Telecom Company Limited,broadband,2024-Q4,2024,4,24.572635125178152,13.945131179156132,19.53719752222883,9.167157771313708,76.10528599221792,72.14500000000001,1028,68,0.8579249566030177,True
139003,,Telcospeed,broadband,2024-Q4,2024,4,13.87332225738049,13.604479775461094,10.250320110240192,13.011398057325973,81.61734008528786,88.138,938,56,0.7828147950327147,True
138168,,MyanmarAPN,broadband,2024-Q4,2024,4,18.293528686380483,17.152150713216063,13.71890745686548,11.517556155198513,108.03578817204298,77.505,930,117,0.7761383362264654,True
138167,,TrueNET,broadband,2024-Q4,2024,4,10.837097429396406,13.031004350103775,6.4099443906248705,10.02950674385795,83.12309777227722,77.025,808,225,0.6743223394311657,True
141015,,Myanmar Link Telecommunication Ltd,broadband,2024-Q4,2024,4,14.012998468060141,10.493987687737462,17.340786507185268,10.652084409572787,83.54676923076923,60.851,663,73,0.5533115235678996,True
137259,,i-Link,broadband,2024-Q4,2024,4,11.716429943270825,9.595187655931777,13.674749025747651,8.722842858771134,112.24109250398726,78.165,630,94,0.5257711309921218,True
45558,MPT,MYANMA POSTS AND TELECOMMUNICATIONS,broadband,2024-Q4,2024,4,13.087729162972927,14.741715763543963,13.799045569776322,14.57059264886011,106.2419620938628,96.791,554,34,0.4623447723327547,True
63852,,Myanmar Net,broadband,2024-Q4,2024,4,6.01399966428943,8.065921159822157,3.939629288656179,5.893157497867959,155.60945387453876,84.1065,542,92,0.45233008412338094,True
135589,,Internet Maekhong Network Company Limited,broadband,2024-Q4,2024,4,25.58884299685129,24.243419567356113,18.467705366318967,15.068643365191342,80.51008061420346,72.792,521,216,0.4348043797569769,True
150812,,Myanmar Fortune Global Company Limited,broadband,2024-Q4,2024,4,16.772303338336503,9.542361006860242,14.987510694978104,8.823158491803825,145.195843537415,128.0,442,35,0.3688743490452664,True
150310,,Trustforce Myanmar Company Limited trading as Nationet,broadband,2024-Q4,2024,4,21.79456311034771,18.725975757735352,22.815230817258684,21.89117951821518,154.4042090680101,141.354,397,13,0.3313192682601148,True
150153,,A W S (MYANMAR) COMPANY LIMITED,broadband,2024-Q4,2024,4,15.991561999531175,7.276977096059375,16.589204130815972,4.4729352820308925,92.43832439678285,69.091,373,67,0.31128989184136735,True
150692,,Golden Dragon 2000,broadband,2024-Q4,2024,4,9.495396319491876,9.85525468570385,8.155955803596594,10.186921894913933,115.34197707736388,69.0,349,17,0.2912605154226198,True
150797,,GIGA-NET,broadband,2024-Q4,2024,4,5.588477564140092,9.98565987783708,2.6003072997071137,7.49755270100874,118.0561642228739,98.931,341,90,0.28458405661637065,True
131322,Yatanarpon,Yatanarpon Teleport Company Limited,broadband,2024-Q4,2024,4,17.40330247595484,17.279523007241394,15.821220161060973,16.5138574450476,103.4634553846154,85.329,325,136,0.27123113900387236,True
137424,,"Integral Solutions Myanmar Co.,Ltd.",broadband,2024-Q4,2024,4,30.280821460065514,20.32283798815786,31.276533041099746,14.839919013355196,75.52402821316616,60.898,319,48,0.26622379489918546,True
136474,,Marga Global Telecom Limited,broadband,2024-Q4,2024,4,33.05677714452084,18.592115376106698,20.137436538783835,13.790322805903196,85.54064569536422,65.8895,302,32,0.252036319935906,True
141216,,GREAT GOLDEN HORSE COMPANY LIMITED,broadband,2024-Q4,2024,4,21.45373583869327,21.528278461607755,16.221792098068534,15.859732417954053,90.21771034482758,78.49549999999999,290,93,0.24202163172653224,True
140552,,Co-operative Bank Public Company Limited,broadband,2024-Q4,2024,4,90.07447127865959,77.92371265001418,75.47840178547462,58.64802878279112,79.8711811023622,64.711,254,4,0.211977567098411,True
138166,,MaxxB Fiber Internet,broadband,2024-Q4,2024,4,25.477512738132468,24.62968811039937,22.691382553796686,18.5673588284882,80.43101363636364,61.2485,220,6,0.18360261717185206,True
149810,,AnyNet,broadband,2024-Q4,2024,4,16.027966262893827,10.940018457877771,17.619297018293196,6.9327406403556155,141.88671573604063,86.371,197,21,0.1644077981038857,True
149660,,Horizon Sources Company Limited,broadband,2024-Q4,2024,4,31.228381005497756,29.254924666707055,17.677132606939942,16.17907077068182,85.39105181347149,77.54,193,53,0.1610695687007611,True
151965,,Hepta Alliance Technology Group,broadband,2024-Q4,2024,4,21.44347202010772,18.18654486592184,20.12213449679568,18.10283499854838,80.69408290155441,62.821,193,53,0.1610695687007611,True
63998,,Kinetic Myanmar Technology,broadband,2024-Q4,2024,4,11.6699752155239,11.616878442225543,10.741561050843796,11.624322287727185,95.14739682539683,64.252,189,71,0.15773133929763652,True
152140,,"YAM Success of Myanmar Co., Ltd.",broadband,2024-Q4,2024,4,21.11988504602944,18.002928347254624,23.190793053353566,16.995912325202603,99.45651630434783,93.1705,184,50,0.1535585525437308,True
139849,,Royal Esprit Company Limited,broadband,2024-Q4,2024,4,12.756425103976234,10.148012406927172,7.664925135074865,6.5655962573336755,105.08576646706585,74.611,167,15,0.13937107758045134,True
(unknown),,,broadband,2024-Q4,2024,4,14.9571172516784,13.297281445219243,9.391931890649225,11.857912443435408,95.9890945945946,78.0025,148,73,0.12351448791560957,True
137891,,Be The First,broadband,2024-Q4,2024,4,14.62328895734283,13.181114570456785,13.133281078085586,13.205374185032598,90.25251020408163,70.954,147,45,0.12267993056482841,True
134714,,Elite Telecom Public Company Limited,broadband,2024-Q4,2024,4,13.074679475996883,10.185493070032862,8.629203937506734,6.150945658534741,110.75793006993005,85.721,144,37,0.12017625851248498,True
151491,,Innovative Quality Internet Company Limited,broadband,2024-Q4,2024,4,27.80786757864638,27.687169658895534,27.14323425646601,23.78960346759737,72.75762121212121,72.35249999999999,132,46,0.11016157030311123,True
133433,,ZOOM PLUS COMPANY LIMITED,broadband,2024-Q4,2024,4,10.87169177126068,14.529720754495326,5.363871686502524,9.283545529089418,77.26763157894737,71.938,114,17,0.0951395379890506,True
139058,,TCL Net,broadband,2024-Q4,2024,4,24.329174314512088,7.935211043528765,24.57111311337996,3.5153766185407727,161.61477669902914,78.349,103,3,0.08595940713045801,True
151783,,EASTERN ROYAL UNICOM (ERU) TECHNOLOGY COMPANY LIMITED,broadband,2024-Q4,2024,4,30.056139921942894,18.228955815401733,25.278951098842292,13.284563277347763,72.7505,72.44749999999999,74,9,0.06175724395780478,False
134736,,"NTT MYANMAR CO., LTD.",broadband,2024-Q4,2024,4,4.043048799888389,7.534060479967454,2.1044072455982916,2.378400730818879,89.61398360655738,72.0,61,6,0.05090799839764989,False
150309,,E R S TECHNOLOGY,broadband,2024-Q4,2024,4,11.026953004932377,6.94566201166383,13.31969737345036,6.238470055343734,127.41778688524592,67.292,61,46,0.05090799839764989,False
140091,,SHWE MAHAR MAE KHONG INDUSTRIAL COMPANY LIMITED,broadband,2024-Q4,2024,4,15.068820258498354,18.16997312184696,11.288746905791605,10.400693933110684,93.50263333333332,84.3815,60,34,0.05007344104686874,False
151341,,The Next Success,broadband,2024-Q4,2024,4,19.517666667112245,22.13977455443018,9.960250357847404,15.625271988211331,112.98351724137935,89.21350000000001,58,27,0.04840432634530645,False
150721,,ARAKHA NET,broadband,2024-Q4,2024,4,12.270796421010987,15.823807172081636,13.270797482571147,16.18397990156962,84.16094339622641,61.583,53,12,0.04423153959140072,False
132100,,"Myanmar Speed Net Co.,Ltd",broadband,2024-Q4,2024,4,21.7801180550185,16.75043733391678,18.92608852671083,10.07860420786042,103.55698039215686,91.402,51,9,0.04256242488983843,False
154177,,LIGHT NODE LIMITED,broadband,2024-Q4,2024,4,6.110476318939038,5.276924628784764,1.4221504248536336,2.659332063811045,137.88351020408163,132.46,49,7,0.04089331018827614,False
142644,,Link Fast Company Limited,broadband,2024-Q4,2024,4,24.475690415920642,35.07600783785575,16.161638767938676,18.925309398299852,80.46361224489797,71.851,49,33,0.04089331018827614,False
136229,,"Treasure Chindwin Land Co.,Ltd",broadband,2024-Q4,2024,4,17.306962711355254,18.07909472205462,14.042446490981895,15.125515286135165,112.85308333333334,63.0565,48,13,0.04005875283749499,False
135427,,Myanmar Network Company Limited,broadband,2024-Q4,2024,4,8.851980044383367,8.814645654261602,8.879452538968009,8.61247938925591,145.39556097560978,109.304,41,4,0.03421685138202697,False
151802,,"FIND SOLUTION AND SERVICES CO., LTD.",broadband,2024-Q4,2024,4,10.721574874634124,9.637635062215605,10.308119677819816,9.892227761288757,88.63615384615383,61.943,39,33,0.03254773668046468,False
152329,,Aon Kham Network Company Limited,broadband,2024-Q4,2024,4,30.7023018324877,32.98640888301403,19.961994956002123,21.870156306390406,72.1955641025641,74.996,39,23,0.03254773668046468,False
136975,,Global Technology,broadband,2024-Q4,2024,4,33.720712395222286,30.572214595024853,35.9312527350379,19.492818812173525,84.09692105263157,67.425,38,10,0.03171317932968354,False
152466,,T-Link Group Company Limited,broadband,2024-Q4,2024,4,15.716599090227525,17.675607562594568,13.003035797620278,12.236706006869118,107.29677777777778,87.53200000000001,36,17,0.030044064628121245,False
135111,,Asia Mega Link,broadband,2024-Q4,2024,4,16.55859184697621,11.931788536626197,8.71962862223015,7.989379541814084,112.985,70.352,35,7,0.029209507277340098,False
139051,,AUNG GABAR COMPANY LIMITED,broadband,2024-Q4,2024,4,10.163181075545568,2.744547412210051,3.7228081085865203,1.8735536120725533,214.2928823529412,223.5965,34,4,0.028374949926558955,False
151606,,MYANMAR SHWE PYI AYE COMPANY LIMITED,broadband,2024-Q4,2024,4,15.833621877587085,9.133590614854707,7.206902184055783,4.21217601133201,125.79525000000001,80.82900000000001,32,11,0.02670583522499666,False
141704,,Galaxia @ Net,broadband,2024-Q4,2024,4,8.830220049689391,6.048130957987958,10.773785033666732,2.603586777862787,114.43909677419354,76.067,31,5,0.025871277874215518,False
149521,,Fiber Life Internet,broadband,2024-Q4,2024,4,11.308145343908453,14.606484068305859,11.869626734229188,16.28559843439875,154.27789285714286,125.997,28,18,0.02336760582187208,False
137826,,AST SYSTEM TECHNOLOGY COMPANY LIMITED,broadband,2024-Q4,2024,4,20.78276198202547,13.725140163258946,25.804776728512188,12.244877720428226,69.17999999999999,74.0,27,7,0.022533048471090934,False
139692,,CHEN GUANG COMPANY LIMITED,broadband,2024-Q4,2024,4,38.3699229038131,8.511692932338743,27.867060708443645,10.077116874093639,170.48691666666664,215.7065,24,16,0.020029376418747497,False
152634,,Goal Link ISP,broadband,2024-Q4,2024,4,12.229614877764151,15.153777466757825,11.953062965385381,13.52664378207556,97.96252173913044,90.0,23,24,0.01919481906796635,False
151482,,MKTN ENGINEERING GROUP COMPANY LIMITED,broadband,2024-Q4,2024,4,7.387640080683273,10.923766195232794,7.885600549287877,9.114793080073472,159.1829565217391,143.47,23,11,0.01919481906796635,False
151826,,Fast Speed,broadband,2024-Q4,2024,4,21.639540723100634,20.13627401705069,15.909522160685599,18.670539463303836,85.47233333333334,68.2,15,11,0.012518360261717185,False
134976,,Myint & Associates Telecommunications Ltd,broadband,2024-Q4,2024,4,103.31516827664917,203.71525805700009,60.06379567067482,257.09505617588616,96.49549999999999,81.436,14,1,0.01168380291093604,False
139206,,Pan Asia Majestic Eagle Ltd,broadband,2024-Q4,2024,4,11.407673911303027,,8.179501362603016,,154.67971428571428,75.2225,14,1,0.01168380291093604,False
150285,,"Long Mao Home Center Co.ltd.,",broadband,2024-Q4,2024,4,14.782421519138977,16.3416451302857,14.553054694331824,8.869328608530026,72.568,73.441,13,11,0.010849245560154893,False
139620,,MYANMAR TELECOMMUNICATION NETWORK PUBLIC COMPANY LIMITED,broadband,2024-Q4,2024,4,22.0603226046206,22.03282226398138,20.378320202124247,17.730625530501868,81.43233333333332,77.5655,12,2,0.010014688209373748,False
135307,,Golden TMH Telecom Co. Ltd,broadband,2024-Q4,2024,4,36.53332722238702,14.954148892451498,32.80655848816765,10.905680130058721,108.85936363636364,88.94,11,5,0.009180130858592603,False
134484,,Ultra Net,broadband,2024-Q4,2024,4,22.102525976983177,14.697797144704863,18.373321811198863,20.996640897851115,97.80433333333333,95.872,9,3,0.007511016157030311,False
138158,,Serge Pun & Associate (Myanmar) Ltd.,broadband,2024-Q4,2024,4,91.42411845416255,37.70057961050262,80.63079695183144,43.59432623000805,117.60244444444444,65.138,9,3,0.007511016157030311,False
139711,,KANBAWZA BANK LIMITED,broadband,2024-Q4,2024,4,23.79947271748471,30.26235988810701,16.756197690944248,27.082837848751133,109.90825000000001,121.1235,8,2,0.006676458806249165,False
134105,,"Shwe Than Lwin Media Co.,Ltd.",broadband,2024-Q4,2024,4,7.12704181334153,6.32482141109953,6.7989879006012455,1.9405838249199907,163.34775000000002,177.8425,8,3,0.006676458806249165,False
133440,,ST-net,broadband,2024-Q4,2024,4,14.858704175204917,14.062225314729892,14.699955074308374,14.471715917336601,71.67571428571429,73.864,7,1,0.00584190145546802,False
141199,,Century Link Plus,broadband,2024-Q4,2024,4,6.492302368831839,5.329518261103615,6.780581312374598,1.9647536995561117,88.03766666666667,89.257,6,3,0.005007344104686874,False
141236,,Mandalay City Development Committee,broadband,2024-Q4,2024,4,111.13815436089601,28.529331633090386,39.333071892731,18.598652970917698,38.5705,38.8515,6,4,0.005007344104686874,False
151210,,NEXGENET COMPANY LIMITED,broadband,2024-Q4,2024,4,54.227284477290084,26.41073278808297,50.77657490155811,21.45270483944274,76.759,74.908,6,1,0.005007344104686874,False
135433,,Connect Gateway Company Limited,broadband,2024-Q4,2024,4,2.4041057667459698,2.1476783215663255,0.6078765744673018,0.36857247389243647,110.84099999999998,103.371,5,3,0.004172786753905728,False
10099,,China Unicom Global,broadband,2024-Q4,2024,4,22.387079053351933,7.073944785739561,32.923497776606524,3.7729699110727806,144.3592,91.73,5,4,0.004172786753905728,False
136168,,Campana MYTHIC Co. Ltd.,broadband,2024-Q4,2024,4,14.041768397162581,,14.041768397162581,,60.436499999999995,60.436499999999995,2,2,0.0016691147015622913,False
135149,,"Myanmar Technology Gateway Co., Ltd",broadband,2024-Q4,2024,4,11.466650865891193,13.603190698385447,11.466650865891193,13.603190698385447,95.36699999999999,95.36699999999999,2,1,0.0016691147015622913,False
398874,,Lost Creek Technology L.L.C.,broadband,2024-Q4,2024,4,132.007941211596,0.8152106588825552,132.007941211596,0.8152106588825552,86.009,86.009,2,1,0.0016691147015622913,False
139719,,Yar Chang Company Limited,broadband,2024-Q4,2024,4,1.5574821214917258,17.226804954553288,1.5574821214917258,17.226804954553288,282.804,282.804,2,1,0.0016691147015622913,False
136919,,"FACE24 Co.,Ltd",broadband,2024-Q4,2024,4,3.2188156662514698,0.9889261226870092,3.2188156662514698,0.9889261226870092,116.0,116.0,1,1,0.0008345573507811457,False
152447,,My Mandalay Company Limited,broadband,2024-Q4,2024,4,34.29461021129866,32.41199482659555,34.29461021129866,32.41199482659555,66.635,66.635,1,1,0.0008345573507811457,False
139704,,"AGB Communication Co., Ltd",broadband,2024-Q4,2024,4,15.870773272205536,,15.870773272205536,,250.21,250.21,1,1,0.0008345573507811457,False
139822,,GNE Company Limited,broadband,2024-Q4,2024,4,0.22811615900769697,9.332530692511702,0.22811615900769697,9.332530692511702,63.592,63.592,1,1,0.0008345573507811457,False
136177,,Yoma Bank Limited,broadband,2024-Q4,2024,4,4.1787690681872816,15.365212215660454,4.1787690681872816,15.365212215660454,89.885,89.885,1,1,0.0008345573507811457,False
137431,,ZORRO RITZ PUBLIC COMPANY LIMITED,broadband,2024-Q4,2024,4,32.22213333503997,22.016758614021004,32.22213333503997,22.016758614021004,65.854,65.854,1,1,0.0008345573507811457,False
136255,Mytel,"Telecom International Myanmar Co., Ltd",broadband,2025-Q1,2025,1,10.826181681657186,10.784069679657465,9.193242520387317,9.821922558079685,116.7499475237783,88.7145,60999,35168,18.60491360773489,True
134840,,"Myanmar Country Co., Ltd.",broadband,2025-Q1,2025,1,15.654645575697062,16.263644078301915,17.46606952825732,18.024845956152376,90.75760363480691,78.283,51432,204,15.686944321595778,True
9988,MPT,Myanma Posts and Telecommunications,broadband,2025-Q1,2025,1,17.77770849847366,18.7447625737444,15.847341633605573,16.167417127193318,121.9474652939,95.463,29733,811,9.068671556890793,True
132167,,Nine Communications Company Limited,broadband,2025-Q1,2025,1,17.39767825047154,22.730530445089958,9.571761610246917,10.820849928705606,126.50174369055847,95.545,18846,630,5.748097540146096,True
133384,,"Global Technology Co., Ltd.",broadband,2025-Q1,2025,1,25.95098986972764,23.36238363561889,20.169698896084974,17.615045227862286,72.53559444632958,62.310500000000005,17698,2358,5.397953425952755,True
133385,Atom,Atom Myanmar Limited,broadband,2025-Q1,2025,1,20.632804342692598,19.961918505097483,17.05423366334187,12.717945497767415,108.84517206952552,91.538,16638,2059,5.074649627133119,True
136442,,"Ocean Wave Communication Co., Ltd",broadband,2025-Q1,2025,1,15.862412146302034,15.712074105280895,11.674547209771553,10.219146543789025,106.4905073901081,71.494,15636,716,4.769036036173425,True
135405,,WELINK,broadband,2025-Q1,2025,1,26.829282842786533,16.489965630231243,23.80167555110439,14.75735641910304,85.1024290294998,63.214,14040,754,4.2822503164412185,True
174,Cogent,"Cogent Communications, LLC",broadband,2025-Q1,2025,1,14.216386626485756,8.458671731329945,12.909923977573921,8.071483316008115,149.35215061012036,75.547,11726,782,3.576472023546277,True
58952,,Frontiir Co. Ltd,broadband,2025-Q1,2025,1,8.639211225679661,9.521145727463566,6.114695848998201,6.883809496591876,161.07687012315907,79.047,11617,1337,3.543226632912937,True
136480,,Myanmar Unilink Communication Company Limited,broadband,2025-Q1,2025,1,10.910942103959679,8.64692533967819,10.246528257754306,7.933507716296912,126.6454096601073,91.96,7270,732,2.2173760541686365,True
135300,,"Myanmar Broadband Telecom Co., Ltd",broadband,2025-Q1,2025,1,15.549333124841597,11.103960489391532,13.60483326041576,9.617360389129098,135.35167176470586,74.0805,6806,504,2.0758543912890977,True
132148,,HORIZON TELECOM INTERNATIONAL COMPANY LIMITED,broadband,2025-Q1,2025,1,20.87493575255251,19.08205980108872,17.94471059250261,18.320568685897317,67.95225738255036,59.976,5961,298,1.818126362984765,True
136210,,IT Spectrum Company Limited,broadband,2025-Q1,2025,1,18.21892757475338,16.604037817823684,17.92698550959679,15.0125230025046,91.00204759152223,78.0,5192,510,1.5835786070486328,True
134739,,"AGB Communication Co., Ltd",broadband,2025-Q1,2025,1,15.757330677887236,11.044023057683864,12.154862443311774,8.730187590011775,89.17332187881253,73.8005,4921,190,1.500922635840971,True
133524,,"Global Technology Co., Ltd.",broadband,2025-Q1,2025,1,33.363275623307494,31.122250985760253,18.847172514047692,14.727755841044427,76.23570757119704,70.599,4321,280,1.3179204855657054,True
139849,,Royal Esprit Company Limited,broadband,2025-Q1,2025,1,21.8546600739133,10.731674009692668,25.172259468661878,9.283233387878356,77.9510765969474,71.845,3540,17,1.0797126866240678,True
63998,,Kinetic Myanmar Technology,broadband,2025-Q1,2025,1,11.078358513234006,7.468912210417029,10.393812109581665,5.760373361102892,69.42300712515488,60.885999999999996,3231,59,0.985466579232306,True
131322,Yatanarpon,Yatanarpon Teleport Company Limited,broadband,2025-Q1,2025,1,25.531626405032135,58.101034088609254,24.06319734713861,68.69797731968103,221.64938112927194,225.304,2693,126,0.821374651152151,True
137424,,"Integral Solutions Myanmar Co.,Ltd.",broadband,2025-Q1,2025,1,17.174064219764396,15.810036503140493,14.56578990759182,14.770884495207778,65.32689902002555,59.99,2348,57,0.7161484147438733,True
135371,,Fortune Broadband,broadband,2025-Q1,2025,1,52.88498889290173,48.98106148174973,22.029469734772388,16.9967560596885,68.14398639136556,59.579,2131,125,0.6499626370609854,True
45558,MPT,MYANMA POSTS AND TELECOMMUNICATIONS,broadband,2025-Q1,2025,1,9.148534640775322,10.041338089854436,9.053615674788668,9.845129510632184,118.96786368421049,99.497,1905,39,0.5810318271239687,True
138168,,MyanmarAPN,broadband,2025-Q1,2025,1,17.714226918438968,16.71820201642011,13.625106052584083,12.282815465041075,118.44031513083047,81.5895,1759,123,0.5365013038903207,True
135589,,Internet Maekhong Network Company Limited,broadband,2025-Q1,2025,1,51.588792234122955,41.45733635165752,33.83394143288219,32.94663314724729,77.24037108708025,74.478,1757,273,0.5358912967227365,True
136780,,MYANMAR INFORMATION HIGHWAY LIMITED,broadband,2025-Q1,2025,1,44.26202730657332,38.74078041393877,44.50117987518891,24.692866251487175,119.51123853743472,100.0,1723,213,0.5255211748738048,True
152140,,"YAM Success of Myanmar Co., Ltd.",broadband,2025-Q1,2025,1,30.38853781432362,35.98656867581293,24.224190481613874,24.295014916762362,107.01828169014085,96.13149999999999,1562,52,0.47641559788327514,True
139003,,Telcospeed,broadband,2025-Q1,2025,1,17.510143721072925,22.891242046932256,19.1474378159463,27.521828471956464,84.87697975415765,89.17,1383,55,0.4218199563844875,True
63852,,Myanmar Net,broadband,2025-Q1,2025,1,7.443986576469516,7.598753536985782,5.914081214754437,5.425264980094717,162.4531695652174,79.61,1380,126,0.4209049456331112,True
141015,,Myanmar Link Telecommunication Ltd,broadband,2025-Q1,2025,1,73.39376592083414,19.11820741886721,34.63655192624264,9.212594486570577,77.34368000000002,64.826,1325,91,0.40412974852454514,True
141216,,GREAT GOLDEN HORSE COMPANY LIMITED,broadband,2025-Q1,2025,1,29.955137268631216,26.529919524247305,25.454501738282293,17.426372314171946,87.02267466666667,75.988,1125,319,0.34312903176612325,True
149660,,Horizon Sources Company Limited,broadband,2025-Q1,2025,1,18.191865032348186,14.006356665381382,15.470239152382645,9.845868393224976,85.2185457170356,79.168,1039,71,0.3168987235600018,True
138167,,TrueNET,broadband,2025-Q1,2025,1,16.192472550141915,10.701230412899847,18.08835506886882,10.346621026768993,79.05331603229524,63.478,868,358,0.2647431107315511,True
136617,,Fortune Telecom Company Limited,broadband,2025-Q1,2025,1,31.859214355791305,22.222062747005708,23.853937777934675,8.796452383206377,82.6216753864447,75.608,841,81,0.2565080139691641,True
150153,,A W S (MYANMAR) COMPANY LIMITED,broadband,2025-Q1,2025,1,13.826548997094422,8.482058236215048,14.58268798330913,8.126852027867079,74.81822098765431,61.683,811,45,0.24735790645540084,True
18399,Yatanarpon,Yatanarpon Teleport Company Limited,broadband,2025-Q1,2025,1,21.141946311725526,13.332543205937744,20.31122649753394,11.04694383836133,144.202842377261,123.8215,774,401,0.2360727738550928,True
150812,,Myanmar Fortune Global Company Limited,broadband,2025-Q1,2025,1,19.723310567375286,12.439819843456117,19.855383619297417,12.712333457225169,112.67255186721994,93.0,724,46,0.22082259466548732,True
136474,,Marga Global Telecom Limited,broadband,2025-Q1,2025,1,24.659008759747707,21.709880009496835,19.59168340742253,18.903841828552316,76.04213098591549,62.427,710,83,0.21655254449239777,True
137259,,i-Link,broadband,2025-Q1,2025,1,13.221964507462783,9.362474894211665,14.756161584807103,8.128571909999662,89.98698984034833,78.809,689,54,0.21014746923276348,True
138166,,MaxxB Fiber Internet,broadband,2025-Q1,2025,1,28.920514031923307,27.409513188183016,23.85720121411648,27.75111602812779,68.72626721311475,59.838,611,35,0.18635718969697895,True
151965,,Hepta Alliance Technology Group,broadband,2025-Q1,2025,1,31.842665904180897,37.358570571320435,28.409807982470472,28.246068620202443,79.14284963768117,61.5405,553,68,0.16866698183703657,True
133433,,ZOOM PLUS COMPANY LIMITED,broadband,2025-Q1,2025,1,11.20372904390014,10.762090140238866,11.85355893515964,11.020197559844593,156.69720977596745,75.0,492,20,0.1500617632257179,True
151491,,Innovative Quality Internet Company Limited,broadband,2025-Q1,2025,1,29.72977504734271,22.80030277056323,28.414613868562327,22.37057670838745,75.29061030927836,73.529,485,75,0.14792673813917315,True
151606,,MYANMAR SHWE PYI AYE COMPANY LIMITED,broadband,2025-Q1,2025,1,31.303173068178786,26.044583516766004,28.72440179924913,21.05608118538455,82.63520625,80.1455,480,53,0.14640172022021258,True
150309,,E R S TECHNOLOGY,broadband,2025-Q1,2025,1,11.41204338886105,10.569569947669107,13.517229023453172,11.663354061326515,76.08970488322718,61.731,472,151,0.1439616915498757,True
152634,,Goal Link ISP,broadband,2025-Q1,2025,1,13.379756532825185,14.47726879982552,15.33977020193106,15.786426531746105,92.98716631130064,72.204,471,141,0.1436566879660836,True
139058,,TCL Net,broadband,2025-Q1,2025,1,27.58680187457987,12.848554006347198,26.54312871297754,9.419845141579806,150.60176119402988,81.607,469,47,0.1430466807984994,True
150797,,GIGA-NET,broadband,2025-Q1,2025,1,8.488150404255038,17.284077952888637,6.179775655868934,19.428332347184515,111.46009955752213,100.0025,452,66,0.13786161987403353,True
151826,,Fast Speed,broadband,2025-Q1,2025,1,16.007672899921314,14.979450996873853,17.878928425741307,16.0643931878836,72.93474826789839,61.208,433,64,0.13206655178198343,True
136975,,Global Technology,broadband,2025-Q1,2025,1,67.81851386060391,70.20563317931028,79.215778085843,87.24361736707118,76.86566416040102,64.523,399,20,0.12169642993305171,True
150692,,Golden Dragon 2000,broadband,2025-Q1,2025,1,13.38699768425306,9.141543832371088,15.989069924765197,9.051564553991666,84.9636253298153,43.401,379,17,0.11559635825720953,True
149810,,AnyNet,broadband,2025-Q1,2025,1,15.76046055790507,11.577376051860613,17.58290085909966,9.61152758458243,76.20124932249323,63.407,369,28,0.11254632241928843,True
134714,,Elite Telecom Public Company Limited,broadband,2025-Q1,2025,1,24.586212154880318,15.090655036727618,16.952894867590647,8.45317371405675,100.4178687150838,75.4085,358,126,0.10919128299757522,True
138158,,Serge Pun & Associate (Myanmar) Ltd.,broadband,2025-Q1,2025,1,112.21640363797579,130.55641527596666,81.42078813234674,82.80853233184331,93.10932047477743,66.169,337,3,0.10278620773794092,True
(unknown),,,broadband,2025-Q1,2025,1,14.271503152910121,15.704688633384457,9.041964770835516,10.207411004760715,90.89082649842273,81.0,317,102,0.09668613606209873,True
135111,,Asia Mega Link,broadband,2025-Q1,2025,1,2.1034821603767875,1.209129630783797,1.7478421089606748,0.4084191088560146,125.50923003194889,82.837,313,5,0.0954661217269303,True
139822,,GNE Company Limited,broadband,2025-Q1,2025,1,13.886491164995823,19.773051777052135,8.684788042677384,8.95585289827278,87.35154180602007,74.003,300,3,0.09150107513763286,True
137891,,Be The First,broadband,2025-Q1,2025,1,12.182104495695981,14.545471109318132,9.831689887400868,13.443791725420546,115.63409963099633,74.024,271,63,0.08265597120766169,True
134736,,"NTT MYANMAR CO., LTD.",broadband,2025-Q1,2025,1,26.275976165915118,20.150767463693004,24.486484081488243,6.537258563925131,109.97416190476191,69.78999999999999,210,4,0.064050752596343,True
151783,,EASTERN ROYAL UNICOM (ERU) TECHNOLOGY COMPANY LIMITED,broadband,2025-Q1,2025,1,50.91805634544721,32.04968788736846,38.325846778024285,23.704248600087787,73.481269035533,71.948,197,17,0.06008570600704558,True
150310,,Trustforce Myanmar Company Limited trading as Nationet,broadband,2025-Q1,2025,1,23.879978650073074,20.835782374464277,25.453330036372684,25.775456921148717,151.86690575916234,129.894,191,7,0.05825568450429293,True
151341,,The Next Success,broadband,2025-Q1,2025,1,7.781596488448593,8.001913078067176,7.5158146592947555,7.764064976675201,89.48611695906433,81.252,171,20,0.052155612828450736,True
132060,,Hanthar Net,broadband,2025-Q1,2025,1,8.715419835619665,6.2726480031958225,7.753886718346774,3.5401776067358846,154.38771176470584,136.735,170,3,0.051850609244658626,True
136177,,Yoma Bank Limited,broadband,2025-Q1,2025,1,104.72187975980768,92.9874034819681,95.8024474433127,84.1592947218197,66.22518055555555,58.8035,144,2,0.04392051606606378,True
136168,,Campana MYTHIC Co. Ltd.,broadband,2025-Q1,2025,1,40.06460935707978,50.85054533260427,39.65207055278352,59.30758558510631,58.107039370078745,57.623,127,1,0.038735455141597916,True
151802,,"FIND SOLUTION AND SERVICES CO., LTD.",broadband,2025-Q1,2025,1,13.278949517818253,12.611661175049916,14.467878151950453,14.909318309970583,62.99439999999999,59.583,125,79,0.038125447974013696,True
150285,,"Long Mao Home Center Co.ltd.,",broadband,2025-Q1,2025,1,30.96197314259472,28.596924841075808,22.808126125908732,25.756320877244843,81.21378048780488,75.648,123,28,0.037515440806429476,True
142644,,Link Fast Company Limited,broadband,2025-Q1,2025,1,28.689739369502814,25.210189205819834,11.534521780854602,12.019682919465932,81.77707207207209,73.374,111,78,0.03385539780092416,True
140091,,SHWE MAHAR MAE KHONG INDUSTRIAL COMPANY LIMITED,broadband,2025-Q1,2025,1,15.426505647684651,16.26872778237914,8.123377784262145,10.368469535568003,105.7053490566038,83.232,106,43,0.03233037988196361,True
149521,,Fiber Life Internet,broadband,2025-Q1,2025,1,10.943924845823055,12.266844909672649,9.42807880222021,13.840180831059678,171.16100000000003,123.844,88,62,0.02684031537370564,False
135427,,Myanmar Network Company Limited,broadband,2025-Q1,2025,1,12.137358755533644,10.577649386867288,7.564776980322708,8.063432361888175,142.84004878048782,109.5975,82,4,0.025010293870952983,False
137826,,AST SYSTEM TECHNOLOGY COMPANY LIMITED,broadband,2025-Q1,2025,1,25.991711693396,15.705810614897013,21.117159656021833,12.274455004552603,72.78697260273974,74.629,73,7,0.022265261616823996,False
139692,,CHEN GUANG COMPANY LIMITED,broadband,2025-Q1,2025,1,17.31309692437083,15.159559080169963,1.194024923087349,12.261449737662922,99.35642028985507,80.0,69,20,0.02104524728165556,False
154177,,LIGHT NODE LIMITED,broadband,2025-Q1,2025,1,8.985338122545553,5.610115418155049,2.940247566800467,1.0837579919415443,82.22553731343284,72.386,67,9,0.02043524011407134,False
133440,,ST-net,broadband,2025-Q1,2025,1,15.362206863551593,16.08114530067419,16.88289365373016,16.55780698535525,90.20901538461537,92.332,65,1,0.01982523294648712,False
152466,,T-Link Group Company Limited,broadband,2025-Q1,2025,1,6.628004403554521,7.993884051257977,5.68939488831982,8.902308201121027,100.36947540983607,88.911,61,21,0.018605218611318683,False
136919,,"FACE24 Co.,Ltd",broadband,2025-Q1,2025,1,78.43709417428639,89.71612048033771,65.1888808344984,57.85852251690882,59.21572881355932,58.978,59,2,0.017995211443734463,False
151482,,MKTN ENGINEERING GROUP COMPANY LIMITED,broadband,2025-Q1,2025,1,13.679610609363328,16.68055251245515,9.801419583109238,10.981786147177921,125.98256140350877,105.0,57,24,0.017385204276150246,False
152329,,Aon Kham Network Company Limited,broadband,2025-Q1,2025,1,31.90893139536396,19.901875768372502,23.52479042744949,15.126442727389044,91.48580357142858,73.822,56,41,0.017080200692358136,False
136229,,"Treasure Chindwin Land Co.,Ltd",broadband,2025-Q1,2025,1,25.56554990735412,23.94440266455394,17.186891398214907,18.708555206860346,82.5164375,60.593,48,10,0.014640172022021258,False
139051,,AUNG GABAR COMPANY LIMITED,broadband,2025-Q1,2025,1,145.17053674778418,33.461935581211,131.64171294750082,12.355520974025188,87.68262222222224,73.927,45,4,0.01372516127064493,False
132100,,"Myanmar Speed Net Co.,Ltd",broadband,2025-Q1,2025,1,20.367838645296718,21.88022525132055,16.26952571160335,16.70087700268064,103.16872500000002,91.021,40,5,0.012200143351684383,False
134484,,Ultra Net,broadband,2025-Q1,2025,1,44.105833727303995,39.11406575262238,39.19515112493725,39.78958221062399,71.54602631578946,62.3795,38,3,0.011590136184100163,False
150721,,ARAKHA NET,broadband,2025-Q1,2025,1,12.493136951627516,15.505319533238966,13.287892755275996,17.80474991240014,71.77194444444444,66.7045,36,9,0.010980129016515945,False
135433,,Connect Gateway Company Limited,broadband,2025-Q1,2025,1,1.2012168432557042,2.7829247633868093,1.1910388180616653,2.9257287212499197,70.37897222222223,61.6375,36,2,0.010980129016515945,False
134105,,"Shwe Than Lwin Media Co.,Ltd.",broadband,2025-Q1,2025,1,28.430427361762273,5.181065809628115,21.145267738667997,2.2848219394011986,155.03867647058823,127.608,34,4,0.010370121848931725,False
139620,,MYANMAR TELECOMMUNICATION NETWORK PUBLIC COMPANY LIMITED,broadband,2025-Q1,2025,1,21.291429929268407,8.637876742184654,19.59440752255045,9.056016964406059,76.72791304347825,77.625,23,2,0.00701508242721852,False
152447,,My Mandalay Company Limited,broadband,2025-Q1,2025,1,12.607016993575733,23.86543985843066,10.651766150208864,23.900845846811364,68.127125,66.031,16,10,0.004880057340673753,False
135307,,Golden TMH Telecom Co. Ltd,broadband,2025-Q1,2025,1,39.136974906407346,24.193042282751467,34.679051602443565,15.132467127517561,78.4726,61.956,15,9,0.004575053756881643,False
140552,,Co-operative Bank Public Company Limited,broadband,2025-Q1,2025,1,41.31274358875683,32.269106586788496,35.890337968811465,18.386694463242982,63.18372727272728,64.331,11,2,0.003355039421713205,False
134976,,Myint & Associates Telecommunications Ltd,broadband,2025-Q1,2025,1,7.462251746398985,,8.342268790949323,,104.67663636363636,85.0,11,1,0.003355039421713205,False
10099,,China Unicom Global,broadband,2025-Q1,2025,1,24.006177628725283,27.62763615045108,23.63908196783332,28.18372631828496,213.4163,221.2595,10,3,0.0030500358379210958,False
135149,,"Myanmar Technology Gateway Co., Ltd",broadband,2025-Q1,2025,1,13.225424709855767,13.800784689333234,10.059668923896727,9.034843545987618,90.87870000000001,94.6385,10,1,0.0030500358379210958,False
141704,,Galaxia @ Net,broadband,2025-Q1,2025,1,15.34294105068677,13.955742994523877,18.751548663642193,16.84663686010694,83.85300000000001,69.558,9,3,0.002745032254128986,False
139206,,Pan Asia Majestic Eagle Ltd,broadband,2025-Q1,2025,1,10.060844623224483,,10.886326518742443,,76.04724999999999,76.5945,4,1,0.0012200143351684383,False
139719,,Yar Chang Company Limited,broadband,2025-Q1,2025,1,23.614032366175604,23.745650720192536,1.087978611230662,23.745650720192536,99.71625,89.2565,4,2,0.0012200143351684383,False
153044,,"MYANMAR SKY CITY NETWORK COMMUNICATION Co.,Ltd",broadband,2025-Q1,2025,1,22.737287863650806,4.746748410915618,27.51542358475482,4.746748410915618,177.376,225.788,3,3,0.0009150107513763286,False
132344,,SEANET,broadband,2025-Q1,2025,1,0.421560018071337,0.8384957322795564,0.421560018071337,0.8384957322795564,250.0,250.0,1,1,0.0003050035837921096,False
141199,,Century Link Plus,broadband,2025-Q1,2025,1,0.6874186270266921,4.305396278752571,0.6874186270266921,4.305396278752571,67.989,67.989,1,1,0.0003050035837921096,False
137431,,ZORRO RITZ PUBLIC COMPANY LIMITED,broadband,2025-Q1,2025,1,2.0898620782504063,,2.0898620782504063,,96.539,96.539,1,1,0.0003050035837921096,False
137069,,POSCO INTERNATIONAL CORPORATION (MYANMAR E&P OFFICE),broadband,2025-Q1,2025,1,71.22308349612426,57.93050088494637,71.22308349612426,57.93050088494637,56.835,56.835,1,1,0.0003050035837921096,False
139704,,"AGB Communication Co., Ltd",broadband,2025-Q1,2025,1,32.07632517879714,27.686722562425246,32.07632517879714,27.686722562425246,91.648,91.648,1,1,0.0003050035837921096,False
136255,Mytel,"Telecom International Myanmar Co., Ltd",broadband,2025-Q2,2025,2,9.423928777318352,10.304255677511145,8.005566446326082,9.23595566736928,123.06000858298258,92.164,12121,7050,13.25481705049975,True
9988,MPT,Myanma Posts and Telecommunications,broadband,2025-Q2,2025,2,16.365192675872212,15.543097491240488,14.265019837044873,13.395243777574157,116.72449171333867,94.966,8755,781,9.573956214596592,True
134840,,"Myanmar Country Co., Ltd.",broadband,2025-Q2,2025,2,13.834650739637093,13.907542248968355,13.006925437529997,12.64290040173558,107.6892694643098,79.867,7412,216,8.105329921483717,True
133384,,"Global Technology Co., Ltd.",broadband,2025-Q2,2025,2,25.29415672612414,22.773865087943623,18.495010784511884,15.980600005819998,82.86740341394025,67.29,7034,1482,7.691971217986572,True
14593,Starlink,Space Exploration Technologies Corporation,broadband,2025-Q2,2025,2,10.262883044318158,2.6829584372468767,2.945571935044978,2.1363609091367266,214.7707697889182,190.85649999999998,6074,1018,6.642171336089058,True
132167,,Nine Communications Company Limited,broadband,2025-Q2,2025,2,25.079424732436053,35.244468350118886,14.961693606160406,19.160264966355225,106.5545522512045,95.233,6020,511,6.583120092732323,True
133385,Atom,Atom Myanmar Limited,broadband,2025-Q2,2025,2,23.752535814732454,24.292580803652147,13.550120333792949,10.606193401875975,97.75254047619048,88.065,5881,1047,6.431117818165912,True
58952,,Frontiir Co. Ltd,broadband,2025-Q2,2025,2,8.425988056585437,8.158505123472716,5.489824559036831,5.8268944500744295,167.14953110647187,93.363,4790,1197,5.238063994051134,True
136442,,"Ocean Wave Communication Co., Ltd",broadband,2025-Q2,2025,2,12.869719579905551,16.7839087959901,10.409577785199868,13.462340498442673,147.98359467242622,104.936,4168,833,4.557881153905037,True
135405,,WELINK,broadband,2025-Q2,2025,2,27.77385677734346,20.54864372961057,24.190199217738066,13.978827981396744,81.25341460365094,61.457,4001,563,4.375259716116616,True
174,Cogent,"Cogent Communications, LLC",broadband,2025-Q2,2025,2,12.82804745146607,9.287977254403527,9.983792820046464,8.676226523773476,139.20957546060362,75.959,2552,676,2.790718019377556,True
(unknown),,,broadband,2025-Q2,2025,2,19.38175559626308,4.22354303272595,9.293563142046832,2.6079556185102626,202.1211857265692,201.915,2328,1376,2.5457647136014696,True
135300,,"Myanmar Broadband Telecom Co., Ltd",broadband,2025-Q2,2025,2,20.830931761728042,11.679695510130513,7.145680619387575,8.36148222138749,145.58447815679233,75.518,1671,415,1.827307919427859,True
132148,,HORIZON TELECOM INTERNATIONAL COMPANY LIMITED,broadband,2025-Q2,2025,2,16.921004094377313,18.119706760368313,14.76031900119077,14.896457683379289,66.40007857142857,60.460499999999996,1540,238,1.6840539772105942,True
141015,,Myanmar Link Telecommunication Ltd,broadband,2025-Q2,2025,2,102.06285343301222,41.867754600708935,138.40890900325363,17.537023336189456,61.30965059221659,59.0,1182,164,1.2925661045863133,True
134739,,"AGB Communication Co., Ltd",broadband,2025-Q2,2025,2,22.42431907355608,14.026861743546329,16.378647490468964,7.079789510392107,81.15630291970804,70.48150000000001,1096,175,1.1985215318329943,True
136480,,Myanmar Unilink Communication Company Limited,broadband,2025-Q2,2025,2,15.170282346749678,13.596117388664236,11.154184825957344,8.724510181984066,122.11832429718874,92.3125,996,251,1.08916737746867,True
136780,,MYANMAR INFORMATION HIGHWAY LIMITED,broadband,2025-Q2,2025,2,40.4082664336926,45.5976483941366,38.49954885107855,36.74725263296737,118.38634401709399,96.947,936,142,1.0235548848500755,True
133524,,"Global Technology Co., Ltd.",broadband,2025-Q2,2025,2,31.476811465211973,26.19020791172585,20.182983322136145,16.161668224117683,82.13226287553648,71.17750000000001,932,196,1.0191807186755024,True
136210,,IT Spectrum Company Limited,broadband,2025-Q2,2025,2,16.66480304026512,17.515022633078036,14.586296728995386,14.573359335584996,88.45702620087336,76.7925,919,315,1.0049646786081403,True
135589,,Internet Maekhong Network Company Limited,broadband,2025-Q2,2025,2,28.300710948331105,25.030864538352482,19.027470677585775,19.26913139763665,200.15892220828104,220.911,797,227,0.8715526102836647,True
135371,,Fortune Broadband,broadband,2025-Q2,2025,2,24.16059140971933,19.226557242086397,14.968189917583555,10.671342261134845,73.68932384823847,60.785,739,122,0.8081272007523566,True
45558,MPT,MYANMA POSTS AND TELECOMMUNICATIONS,broadband,2025-Q2,2025,2,10.698093303394288,12.770875954836864,10.043931719722396,13.333727267097228,135.2012389380531,103.2235,679,42,0.742514708133762,True
63852,,Myanmar Net,broadband,2025-Q2,2025,2,7.293357577822948,6.669312875610283,5.403587682151796,4.419832703438594,165.7048034055728,94.821,646,88,0.706427837193535,True
18399,Yatanarpon,Yatanarpon Teleport Company Limited,broadband,2025-Q2,2025,2,16.218539000445233,11.970954469812593,14.035277940362167,10.003041556201591,142.21644869215294,96.569,498,188,0.544583688734335,True
138168,,MyanmarAPN,broadband,2025-Q2,2025,2,24.96852730810963,23.073312157489312,19.929710591807257,15.804053456766075,97.12341869918698,75.1635,492,102,0.5380224394724755,True
136474,,Marga Global Telecom Limited,broadband,2025-Q2,2025,2,25.235237281850218,25.721337870402742,19.29102454632551,17.8878793540922,78.53370574712642,70.348,435,63,0.4756905714848107,True
137259,,i-Link,broadband,2025-Q2,2025,2,13.085460694430239,11.498157366821946,14.91361462432953,11.056924545272286,99.76016666666668,80.9985,420,82,0.45928744833016205,True
141216,,GREAT GOLDEN HORSE COMPANY LIMITED,broadband,2025-Q2,2025,2,25.422609400696462,23.751057248695588,19.044503151513734,19.887905329798734,95.54479661016948,77.616,413,134,0.45163265752465936,True
152140,,"YAM Success of Myanmar Co., Ltd.",broadband,2025-Q2,2025,2,17.143210359497328,22.45061502304851,16.6056869910232,25.8028004459546,104.42520911528149,95.099,373,48,0.4078909957789296,True
150153,,A W S (MYANMAR) COMPANY LIMITED,broadband,2025-Q2,2025,2,12.03595775109496,9.63921305444445,12.376292595691806,9.601812213998492,82.22451498637601,68.846,367,33,0.4013297465170702,True
139003,,Telcospeed,broadband,2025-Q2,2025,2,18.66091379701399,20.15350971683826,18.181781118048754,21.376918571247735,92.09452542372881,91.1755,354,50,0.38711370644970805,True
150310,,Trustforce Myanmar Company Limited trading as Nationet,broadband,2025-Q2,2025,2,18.517819551076645,24.622768711154915,22.185062992591323,28.01197967365405,82.05965015479876,69.926,323,7,0.3532139185967675,True
137424,,"Integral Solutions Myanmar Co.,Ltd.",broadband,2025-Q2,2025,2,25.417071145696447,26.69841778775034,17.650842256479788,18.731807072522336,64.59694920634921,59.734,315,97,0.3444655862476215,True
138166,,MaxxB Fiber Internet,broadband,2025-Q2,2025,2,16.720239884381623,17.303480392253974,14.012273524195969,15.288402948064567,69.72212635379061,60.142,277,34,0.3029110075891783,True
151606,,MYANMAR SHWE PYI AYE COMPANY LIMITED,broadband,2025-Q2,2025,2,28.658198548880247,21.59316367572274,24.176401488899767,16.39518454995616,93.15503816793891,80.396,262,46,0.2865078844345297,True
63998,,Kinetic Myanmar Technology,broadband,2025-Q2,2025,2,18.15823183273364,16.801525881199073,14.774285125616778,13.977556274064296,80.94565022421526,61.0,223,57,0.24385976423244318,True
136617,,Fortune Telecom Company Limited,broadband,2025-Q2,2025,2,23.7028006944625,28.95344243620862,12.272947421521158,17.390795133388227,83.09679425837322,80.004,209,38,0.22855018262143778,True
152634,,Goal Link ISP,broadband,2025-Q2,2025,2,9.625928742374615,12.62862970506531,8.002483999063822,12.359999804005115,97.13779207920791,89.6625,202,139,0.2208953918159351,True
149810,,AnyNet,broadband,2025-Q2,2025,2,15.078715313039488,8.842162684065391,17.52735099829288,6.8163652997794895,76.9719689119171,63.0,193,22,0.2110535179231459,True
140091,,SHWE MAHAR MAE KHONG INDUSTRIAL COMPANY LIMITED,broadband,2025-Q2,2025,2,41.12236930658099,42.34390049330858,25.03160185156979,16.800655541984533,90.33582258064514,84.344,186,63,0.2033987271176432,True
139849,,Royal Esprit Company Limited,broadband,2025-Q2,2025,2,13.455730371987842,11.884210339706412,9.197081536306648,9.449468163066602,85.23698235294118,71.8035,170,16,0.1859020624193513,True
131322,Yatanarpon,Yatanarpon Teleport Company Limited,broadband,2025-Q2,2025,2,18.948292187258517,15.220133124041242,18.06937999124419,14.572859875408897,100.14988732394369,80.3095,142,58,0.1552828991973405,True
138167,,TrueNET,broadband,2025-Q2,2025,2,26.216369738800907,9.615921434479755,17.4981846122678,9.012620583329479,91.34663571428571,59.421,141,92,0.15418935765369726,True
151965,,Hepta Alliance Technology Group,broadband,2025-Q2,2025,2,22.679491817412583,20.978805852909108,19.39323668221021,16.70250746686734,70.46295348837211,59.402,129,63,0.14106685912997835,True
139058,,TCL Net,broadband,2025-Q2,2025,2,32.28588241746361,12.180487377309587,28.381709679346265,8.363634618349714,85.4351328125,72.64699999999999,128,39,0.1399733175863351,True
134714,,Elite Telecom Public Company Limited,broadband,2025-Q2,2025,2,12.020151387714238,7.978914244315475,10.120697639693125,8.222805940110545,108.90183739837398,87.714,123,70,0.13450560986811888,True
132060,,Hanthar Net,broadband,2025-Q2,2025,2,10.598180703814162,8.999494744225101,9.793286487688718,6.92945396210434,92.7399619047619,83.201,105,2,0.11482186208254051,True
151491,,Innovative Quality Internet Company Limited,broadband,2025-Q2,2025,2,31.305692351588593,25.596381864456873,32.62040059451536,24.891486999448826,74.72464583333333,75.2235,96,44,0.10497998818975132,False
151783,,EASTERN ROYAL UNICOM (ERU) TECHNOLOGY COMPANY LIMITED,broadband,2025-Q2,2025,2,43.54196012824315,23.633751933663454,33.073686896648496,17.613996690597297,117.42022471910114,77.88,89,17,0.09732519738424862,False
136975,,Global Technology,broadband,2025-Q2,2025,2,18.450946492994095,13.936574420936658,11.273620791811195,8.940542522074777,108.7303411764706,69.49,85,16,0.09295103120967566,False
139692,,CHEN GUANG COMPANY LIMITED,broadband,2025-Q2,2025,2,15.245783813654423,7.903399922802466,1.1781718093777953,7.794312223146415,87.61559756097562,80.19,82,26,0.08967040657874592,False
142644,,Link Fast Company Limited,broadband,2025-Q2,2025,2,30.01803655066442,32.90189153441311,12.890669620420457,10.467157322406395,87.73832432432432,75.79050000000001,74,47,0.08092207422959999,False
151802,,"FIND SOLUTION AND SERVICES CO., LTD.",broadband,2025-Q2,2025,2,10.45261860586703,11.427931095601867,9.145616720978328,12.240015418279743,115.30080597014924,69.365,67,33,0.07326728342409729,False
152466,,T-Link Group Company Limited,broadband,2025-Q2,2025,2,11.835230239034846,9.09882741263421,7.528809120435684,7.72527524062775,120.98019402985074,90.712,67,23,0.07326728342409729,False
137891,,Be The First,broadband,2025-Q2,2025,2,13.377441281271171,14.582421701652093,12.343742499137047,15.827175857652602,119.08942424242424,82.6265,66,38,0.07217374188045404,False
150285,,"Long Mao Home Center Co.ltd.,",broadband,2025-Q2,2025,2,26.62213236576796,26.599279631140025,24.38905370741888,25.26305288653121,97.3030322580645,75.105,62,21,0.06779957570588106,False
135111,,Asia Mega Link,broadband,2025-Q2,2025,2,8.32520769630575,8.232447459036504,6.295018671102777,7.611129149983765,111.41114516129032,70.905,62,10,0.06779957570588106,False
152329,,Aon Kham Network Company Limited,broadband,2025-Q2,2025,2,16.68818178956189,8.987552946649258,16.31881374696534,6.067119917915969,105.6880701754386,77.25,57,60,0.06233186798766485,False
135427,,Myanmar Network Company Limited,broadband,2025-Q2,2025,2,16.6473871470927,17.167786697270177,10.327643271487545,13.27719501936435,109.41901851851851,99.3845,54,4,0.059051243356735124,False
150812,,Myanmar Fortune Global Company Limited,broadband,2025-Q2,2025,2,18.0078544652124,6.195486013717193,16.534319006819928,6.471416393333582,103.20845283018869,92.181,53,26,0.05795770181309188,False
154177,,LIGHT NODE LIMITED,broadband,2025-Q2,2025,2,7.526574405930392,5.076776624347187,3.9155355103828997,2.321376042341383,81.48146153846155,73.626,52,9,0.056864160269448634,False
133433,,ZOOM PLUS COMPANY LIMITED,broadband,2025-Q2,2025,2,8.922639815195744,10.165126266115188,7.513414842012792,9.02209583601233,232.47550980392157,231.629,51,16,0.055770618725805396,False
150797,,GIGA-NET,broadband,2025-Q2,2025,2,11.037595686010413,14.694165887824406,8.627501346345165,16.186785366538857,132.1248409090909,91.642,44,27,0.048115827920302695,False
141704,,Galaxia @ Net,broadband,2025-Q2,2025,2,22.282809847786805,9.53258787500575,12.920317227614559,6.420788404666732,124.68320000000001,74.832,40,4,0.04374166174572972,False
149521,,Fiber Life Internet,broadband,2025-Q2,2025,2,12.611483567087387,12.182659066471674,12.562970690209644,13.704785552377615,173.06258974358977,126.039,39,30,0.04264812020208648,False
135307,,Golden TMH Telecom Co. Ltd,broadband,2025-Q2,2025,2,55.75721214215166,54.77126272683559,58.86651773962514,37.814089570249536,91.26536842105263,88.42150000000001,38,7,0.04155457865844323,False
140552,,Co-operative Bank Public Company Limited,broadband,2025-Q2,2025,2,54.411716978108366,36.94011316687305,57.23439552164546,34.57487124127926,91.14378947368421,61.411,38,3,0.04155457865844323,False
150692,,Golden Dragon 2000,broadband,2025-Q2,2025,2,10.153819916443432,12.58964377305591,11.74100659313249,14.024026975558865,131.18105405405407,78.966,37,6,0.040461037114799994,False
150309,,E R S TECHNOLOGY,broadband,2025-Q2,2025,2,10.37055297609575,11.004775233221256,11.472209292182969,13.03389913214318,79.69147222222222,65.043,36,27,0.03936749557115675,False
136229,,"Treasure Chindwin Land Co.,Ltd",broadband,2025-Q2,2025,2,22.254754244898734,17.844310634325392,22.327648390101,17.780446527054394,61.57906060606061,60.0,33,4,0.03608687094022702,False
149660,,Horizon Sources Company Limited,broadband,2025-Q2,2025,2,30.719780784217384,24.034471229749958,17.055715336123722,16.78264252784662,104.01463636363637,80.222,33,16,0.03608687094022702,False
150721,,ARAKHA NET,broadband,2025-Q2,2025,2,7.062456568437415,9.637351517534794,6.836242774913946,8.76278426420406,82.32224999999997,68.399,32,18,0.034993329396583776,False
132100,,"Myanmar Speed Net Co.,Ltd",broadband,2025-Q2,2025,2,15.046367312655759,10.131539432688108,15.862924211123806,12.849450292439762,122.60546875,111.4505,32,4,0.034993329396583776,False
153777,,Mandalar Mandalay Company Limited,broadband,2025-Q2,2025,2,22.78389840533647,11.246433235874918,9.799641046149844,7.835587185498462,131.46992,67.791,25,17,0.027338538591081075,False
151341,,The Next Success,broadband,2025-Q2,2025,2,6.65893573221187,11.849415356820653,4.3773128824253895,12.504241032814933,91.12795833333332,81.0,24,10,0.02624499704743783,False
151482,,MKTN ENGINEERING GROUP COMPANY LIMITED,broadband,2025-Q2,2025,2,7.393795215486244,10.101716732052195,5.005898574518477,8.824663611863865,141.32408333333336,109.9645,24,13,0.02624499704743783,False
139051,,AUNG GABAR COMPANY LIMITED,broadband,2025-Q2,2025,2,64.64332337454324,53.23182046610983,20.797242034731354,38.43769905229862,84.50295652173914,75.3,23,5,0.02515145550379459,False
151826,,Fast Speed,broadband,2025-Q2,2025,2,14.84397106922869,17.75187411259802,9.799650683900666,14.034761056478384,83.54977272727272,65.02350000000001,22,15,0.024057913960151348,False
141199,,Century Link Plus,broadband,2025-Q2,2025,2,2.7037068554753305,10.359600178982276,2.34051392654973,11.438524545526153,94.7513888888889,74.5335,18,3,0.019683747785578375,False
153790,,ADS Myanmar Company Limited,broadband,2025-Q2,2025,2,143.46092449460403,111.87088564595298,10.24624391753641,10.20739694616645,61.08817647058822,61.452,17,2,0.01859020624193513,False
138158,,Serge Pun & Associate (Myanmar) Ltd.,broadband,2025-Q2,2025,2,100.89546991923255,51.42411926174817,73.10537921437228,8.676822336246653,76.240625,66.86449999999999,16,3,0.017496664698291888,False
139620,,MYANMAR TELECOMMUNICATION NETWORK PUBLIC COMPANY LIMITED,broadband,2025-Q2,2025,2,49.46629240035778,46.8909552638128,27.615349377159173,26.864066631427814,75.59323076923077,75.585,13,2,0.014216040067362158,False
151210,,NEXGENET COMPANY LIMITED,broadband,2025-Q2,2025,2,21.007439461977267,18.834198705190023,17.518668671151886,5.034947280046266,144.79383333333337,74.89949999999999,12,1,0.013122498523718915,False
152447,,My Mandalay Company Limited,broadband,2025-Q2,2025,2,17.80183292964716,15.341486808345417,19.64078664993699,17.129836173220696,80.95349999999999,76.47999999999999,10,9,0.01093541543643243,False
135149,,"Myanmar Technology Gateway Co., Ltd",broadband,2025-Q2,2025,2,9.435063334045417,6.3477838898611765,9.279828973919098,9.105872699334205,78.82300000000001,72.1395,10,1,0.01093541543643243,False
10099,,China Unicom Global,broadband,2025-Q2,2025,2,15.147474351441161,26.650325823596024,12.0479349984051,30.872708047355395,112.902375,78.4985,8,2,0.008748332349145944,False
133440,,ST-net,broadband,2025-Q2,2025,2,29.439266795178842,30.204827134374163,36.06142805416598,35.47002843282656,110.015,97.425,7,1,0.007654790805502701,False
139711,,KANBAWZA BANK LIMITED,broadband,2025-Q2,2025,2,18.7447827334328,19.16826012684807,11.393915763819143,9.35253493793115,78.375,77.482,7,3,0.007654790805502701,False
139719,,Yar Chang Company Limited,broadband,2025-Q2,2025,2,6.809616139703926,0.8039956669009612,0.6782171395659319,0.8039956669009612,101.68971428571429,97.218,7,3,0.007654790805502701,False
153044,,"MYANMAR SKY CITY NETWORK COMMUNICATION Co.,Ltd",broadband,2025-Q2,2025,2,30.01174471485434,14.110867841257098,27.482096962433218,15.15576703519604,241.43633333333335,241.06349999999998,6,5,0.006561249261859458,False
136168,,Campana MYTHIC Co. Ltd.,broadband,2025-Q2,2025,2,41.4862631800953,22.551200748920888,30.652718516779466,19.05064047004457,57.540166666666664,57.208,6,1,0.006561249261859458,False
139704,,"AGB Communication Co., Ltd",broadband,2025-Q2,2025,2,71.76551541264622,86.50237676372348,86.26057273622858,86.50237676372348,63.5852,60.404,5,4,0.005467707718216215,False
134484,,Ultra Net,broadband,2025-Q2,2025,2,16.11146967413279,12.881735303970348,7.884610871949137,5.128416121304581,73.423,68.156,5,2,0.005467707718216215,False
139822,,GNE Company Limited,broadband,2025-Q2,2025,2,6.887879434535286,5.390925434195708,7.705989176517036,5.390925434195708,74.14225,64.4285,4,2,0.004374166174572972,False
141236,,Mandalay City Development Committee,broadband,2025-Q2,2025,2,56.49445649069227,54.252052488642356,67.71986011446104,60.78498389824873,89.26733333333334,88.51,3,3,0.003280624630929729,False
136177,,Yoma Bank Limited,broadband,2025-Q2,2025,2,137.21853487732676,190.49211267423055,137.21853487732676,190.49211267423055,58.1045,58.1045,2,1,0.002187083087286486,False
137431,,ZORRO RITZ PUBLIC COMPANY LIMITED,broadband,2025-Q2,2025,2,66.35931722864805,37.48582660252449,66.35931722864805,37.48582660252449,70.932,70.932,1,1,0.001093541543643243,False
139206,,Pan Asia Majestic Eagle Ltd,broadband,2025-Q2,2025,2,57.420533070088844,74.47227173881957,57.420533070088844,74.47227173881957,82.762,82.762,1,1,0.001093541543643243,False
136919,,"FACE24 Co.,Ltd",broadband,2025-Q2,2025,2,13.251144257870187,,13.251144257870187,,60.739,60.739,1,1,0.001093541543643243,False
134105,,"Shwe Than Lwin Media Co.,Ltd.",broadband,2025-Q2,2025,2,18.179998038001767,8.380830788746442,18.179998038001767,8.380830788746442,233.999,233.999,1,1,0.001093541543643243,False
14593,Starlink,Space Exploration Technologies Corporation,broadband,2025-Q3,2025,3,13.974241965658978,3.1159094945580037,4.520851620350405,2.5582611558215236,180.74378744059052,124.125,9904,2024,10.96363535728123,True
133385,Atom,Atom Myanmar Limited,broadband,2025-Q3,2025,3,16.987291689673754,14.704507317593361,13.140841891558514,11.70395019680732,100.7183363938053,84.325,9045,1338,10.012730392428184,True
136255,Mytel,"Telecom International Myanmar Co., Ltd",broadband,2025-Q3,2025,3,11.376798782223387,11.18457374301302,9.341618819715805,10.053630582363233,125.82628339021618,94.4825,8794,5476,9.734875740299994,True
133384,,"Global Technology Co., Ltd.",broadband,2025-Q3,2025,3,23.434680148228974,20.905992158074426,20.744741489339507,19.670355061271856,83.53748085688237,66.0,8777,1763,9.7160568993192,True
9988,MPT,Myanma Posts and Telecommunications,broadband,2025-Q3,2025,3,17.182187276076505,15.833877693496083,15.401187136233318,15.109219400289136,123.26463731854126,95.2,8478,866,9.385066696186417,True
132167,,Nine Communications Company Limited,broadband,2025-Q3,2025,3,22.58029939286232,28.409348681449032,13.744932259668008,15.137119233200007,122.29356744324087,101.711,6743,609,7.46443792549953,True
134840,,"Myanmar Country Co., Ltd.",broadband,2025-Q3,2025,3,16.02149188852371,14.23727467251554,16.84294068651452,13.636670706972122,132.20884955603952,78.0,5969,234,6.6076271655504515,True
58952,,Frontiir Co. Ltd,broadband,2025-Q3,2025,3,8.717889220626306,8.726456195393755,5.914290527144227,6.010693523006634,198.787286742035,97.73,2919,950,3.2313056954668733,True
(unknown),,,broadband,2025-Q3,2025,3,25.50167571597511,5.721803253718471,15.856529396052174,3.442529703312684,185.26498864418448,155.80450000000002,2906,1257,3.216914817069796,True
135405,,WELINK,broadband,2025-Q3,2025,3,25.842408585142213,20.723643467165417,22.065089857216964,15.026956653940049,126.25430416810197,63.397,2904,502,3.2147008357779376,True
136442,,"Ocean Wave Communication Co., Ltd",broadband,2025-Q3,2025,3,13.439693461139953,13.89493903998766,12.246811698468452,13.329147126317476,162.9610657942566,81.757,2752,974,3.0464382575967233,True
174,Cogent,"Cogent Communications, LLC",broadband,2025-Q3,2025,3,13.645262230520117,7.708837043038568,14.701081119556513,8.73550059505064,173.84834074390767,84.0,2339,708,2.589251120828029,True
133524,,"Global Technology Co., Ltd.",broadband,2025-Q3,2025,3,28.4007473180353,19.436135096388522,16.656228016080068,12.369511105884593,74.14033481811431,67.926,1347,233,1.4911164000664194,True
136480,,Myanmar Unilink Communication Company Limited,broadband,2025-Q3,2025,3,10.827418397171124,9.188267394093527,9.219568300489243,8.106749349515525,141.66833383915022,67.5855,1318,580,1.4590136713344772,True
134739,,"AGB Communication Co., Ltd",broadband,2025-Q3,2025,3,24.131380248913093,17.328409660999878,18.025294379764496,11.263538579865276,82.89707338638374,70.663,1131,151,1.2520064205457464,True
135300,,"Myanmar Broadband Telecom Co., Ltd",broadband,2025-Q3,2025,3,12.369179294538867,7.8697749520568,12.109119348166338,8.588089988337009,179.6561468468468,89.5675,1112,327,1.2309735982730945,True
132148,,HORIZON TELECOM INTERNATIONAL COMPANY LIMITED,broadband,2025-Q3,2025,3,21.120208029278896,19.293139326552375,15.157074119419901,15.453894103275484,95.12028815489744,60.735,879,156,0.9730447777716278,True
136210,,IT Spectrum Company Limited,broadband,2025-Q3,2025,3,41.67146431416594,36.572201078319026,19.480735197180277,16.34957135489092,85.25621455938699,77.357,783,351,0.8667736757624398,True
137424,,"Integral Solutions Myanmar Co.,Ltd.",broadband,2025-Q3,2025,3,25.42280482348775,21.346672677884037,18.72674710099242,17.19828064040495,67.63530025773196,59.6995,776,137,0.8590247412409365,True
45558,MPT,MYANMA POSTS AND TELECOMMUNICATIONS,broadband,2025-Q3,2025,3,12.58140366944603,11.989333124701073,11.537327708068554,12.647545747954464,133.7274857142857,96.9465,701,40,0.7760004427962583,True
141015,,Myanmar Link Telecommunication Ltd,broadband,2025-Q3,2025,3,15.304078717633525,16.17541332657605,13.506720452051672,16.81516062064661,70.60826131386861,61.0,685,92,0.7582885924613937,True
135589,,Internet Maekhong Network Company Limited,broadband,2025-Q3,2025,3,21.221298528159394,17.601718122009043,17.689675661013446,16.102162931288056,205.01352347826088,224.966,575,232,0.636519621409199,True
138168,,MyanmarAPN,broadband,2025-Q3,2025,3,32.44993545050901,27.27934800919224,23.92558375358862,17.00509509482727,82.14885714285717,71.9555,560,105,0.6199147617202635,True
141216,,GREAT GOLDEN HORSE COMPANY LIMITED,broadband,2025-Q3,2025,3,26.785005165584987,16.993873872479185,18.31403071513258,14.842518167011715,104.8013380855397,77.848,492,192,0.5446393977970886,True
18399,Yatanarpon,Yatanarpon Teleport Company Limited,broadband,2025-Q3,2025,3,13.594077369137864,13.122831976804408,11.719893022056251,12.97784350191989,147.62897603485837,85.405,459,213,0.5081087064814303,True
136474,,Marga Global Telecom Limited,broadband,2025-Q3,2025,3,26.86863278145683,25.34734052507503,18.87020102722998,16.93956516582725,90.97964390243904,66.6635,410,61,0.4538661648309072,True
136780,,MYANMAR INFORMATION HIGHWAY LIMITED,broadband,2025-Q3,2025,3,27.433203861870847,21.209119597300937,18.708006183208603,13.098957634789846,131.41751918158567,99.66,391,139,0.4328333425582554,True
138166,,MaxxB Fiber Internet,broadband,2025-Q3,2025,3,17.06456152103601,15.923529308576473,14.955757412265857,15.085501308484435,67.18502380952381,61.019,378,66,0.41844246416117786,True
150153,,A W S (MYANMAR) COMPANY LIMITED,broadband,2025-Q3,2025,3,14.894925096965958,9.890800282353762,13.857011374960685,9.829092912721261,77.87938524590164,63.8155,366,76,0.40515857641002934,True
135371,,Fortune Broadband,broadband,2025-Q3,2025,3,23.095722871759424,13.73242947898704,14.954219655867169,9.797854802988358,87.34441547277936,64.0,349,103,0.3863397354292356,True
142644,,Link Fast Company Limited,broadband,2025-Q3,2025,3,43.68128564090568,48.163620224259994,32.093446624277504,30.432353104647817,75.13305044510386,72.0,337,101,0.37305584767808714,True
139849,,Royal Esprit Company Limited,broadband,2025-Q3,2025,3,17.12837864618153,14.85267788825889,14.670287178918537,10.714840761770745,84.58866229508197,73.0,305,17,0.33763214700835775,True
151606,,MYANMAR SHWE PYI AYE COMPANY LIMITED,broadband,2025-Q3,2025,3,24.82084305068726,24.721957567832632,18.662773902252802,21.98464966466952,112.1694329896907,82.624,291,32,0.3221342779653512,True
63852,,Myanmar Net,broadband,2025-Q3,2025,3,7.465099779023866,8.044031125415213,5.368098606740235,5.540386205710389,191.70448581560282,98.59100000000001,282,92,0.3121713621519898,True
131322,Yatanarpon,Yatanarpon Teleport Company Limited,broadband,2025-Q3,2025,3,18.95969962921994,16.66482338903681,20.802290788082598,19.563170734024357,102.6499137254902,82.017,255,75,0.2822826147119057,True
151965,,Hepta Alliance Technology Group,broadband,2025-Q3,2025,3,26.187919561367494,16.6097111807732,21.936306456951286,13.432991011309436,71.63147580645162,58.373999999999995,248,67,0.2745336801904024,True
138167,,TrueNET,broadband,2025-Q3,2025,3,20.171155011784634,15.0965922639542,18.296670339726234,15.379619327497519,65.19108403361344,59.738,238,157,0.26346377373111196,True
140091,,SHWE MAHAR MAE KHONG INDUSTRIAL COMPANY LIMITED,broadband,2025-Q3,2025,3,22.806419218886376,19.275312040345252,16.130071938565678,8.644486222055113,91.87651643192486,83.917,213,81,0.23578900758288593,True
150812,,Myanmar Fortune Global Company Limited,broadband,2025-Q3,2025,3,11.22906595429288,10.98053088216832,8.346048248247344,12.756001376985319,102.74625388601038,92.41,193,41,0.2136491946643051,True
152140,,"YAM Success of Myanmar Co., Ltd.",broadband,2025-Q3,2025,3,16.335493444596302,16.43777290596763,17.92229700608335,19.339100234784127,131.78583783783785,101.687,185,38,0.20479326949687277,True
63998,,Kinetic Myanmar Technology,broadband,2025-Q3,2025,3,13.104494425693202,12.803364695872052,12.17288944915881,12.373006499615967,95.64755434782607,60.9615,184,67,0.2036862788509437,True
139003,,Telcospeed,broadband,2025-Q3,2025,3,16.534826969093007,21.20538215760388,9.746725508789064,17.69289090275692,122.14835359116022,92.0,181,50,0.20036530691315657,True
151491,,Innovative Quality Internet Company Limited,broadband,2025-Q3,2025,3,39.972092932843815,35.649931655747864,43.26443833783436,39.97431268234631,78.50606666666665,75.0215,180,61,0.19925831626722754,True
139058,,TCL Net,broadband,2025-Q3,2025,3,27.957840811358924,9.109404829595412,22.261628769313123,5.599342521023346,116.73947019867549,73.887,151,45,0.16715558753528534,True
150310,,Trustforce Myanmar Company Limited trading as Nationet,broadband,2025-Q3,2025,3,19.481322394479722,25.257974557698173,25.741009392807513,28.39624789897522,83.39171812080538,72.0,149,7,0.16494160624342724,True
137259,,i-Link,broadband,2025-Q3,2025,3,12.789908188303174,10.256476820979737,13.132657580304535,10.158719047685715,100.86109420289857,78.4265,138,70,0.15276470913820778,True
136975,,Global Technology,broadband,2025-Q3,2025,3,20.651227730509735,15.843302504422878,10.724122376850417,9.580714036009788,74.4593925925926,69.983,135,24,0.14944373720042065,True
134484,,Ultra Net,broadband,2025-Q3,2025,3,18.263463725520044,19.798638670039434,11.150211661375302,18.27918060423239,84.24146212121212,70.7305,132,5,0.14612276526263354,True
149660,,Horizon Sources Company Limited,broadband,2025-Q3,2025,3,22.425342224710256,19.10309108650071,16.86152827983865,13.241986522162318,145.92086153846154,85.9285,130,37,0.14390878397077544,True
132060,,Hanthar Net,broadband,2025-Q3,2025,3,10.53373380533062,10.202010186798947,8.941299190357801,9.926076214873092,95.90323770491804,81.413,122,43,0.1350528588033431,True
152634,,Goal Link ISP,broadband,2025-Q3,2025,3,8.265855976368842,10.776847311664469,7.827665602453305,11.870478880804558,127.45576859504132,92.644,121,84,0.13394586815741408,True
151783,,EASTERN ROYAL UNICOM (ERU) TECHNOLOGY COMPANY LIMITED,broadband,2025-Q3,2025,3,34.01195998210299,22.47071319543992,31.498581728754807,19.87004809665393,89.92272033898304,74.8195,118,49,0.13062489621962695,True
141704,,Galaxia @ Net,broadband,2025-Q3,2025,3,13.744421387035832,12.231640642631204,10.30523352465731,10.973531205786083,140.12654054054053,83.321,111,4,0.12287596169812365,True
134714,,Elite Telecom Public Company Limited,broadband,2025-Q3,2025,3,15.79986950863199,11.050167403210173,13.18768283399953,10.363883367541357,84.58354285714285,72.459,105,50,0.1162340178225494,True
149810,,AnyNet,broadband,2025-Q3,2025,3,14.014969459259447,14.597190274786605,13.233529246337294,12.680103324981044,65.64153125,60.125,96,21,0.10627110200918802,False
150797,,GIGA-NET,broadband,2025-Q3,2025,3,19.364329383556452,12.851692463555194,19.143410549423564,9.889918119618965,91.44503409090909,83.863,88,37,0.09741517684175569,False
136617,,Fortune Telecom Company Limited,broadband,2025-Q3,2025,3,40.17320559689186,32.172716362258136,12.77760526498737,11.133523684209909,77.18325287356322,76.554,87,28,0.09630818619582665,False
150692,,Golden Dragon 2000,broadband,2025-Q3,2025,3,15.047843568982245,13.491484885029617,14.993516903894154,13.87606735230148,72.9579,42.959,80,13,0.08855925167432335,False
135427,,Myanmar Network Company Limited,broadband,2025-Q3,2025,3,10.013199189673125,5.913410416102542,7.467006489394918,2.5404837324845757,125.33453246753247,97.39,77,4,0.08523827973653622,False
139692,,CHEN GUANG COMPANY LIMITED,broadband,2025-Q3,2025,3,16.813796606246914,20.787140098673877,1.0782314260685126,15.586294817609524,77.24336842105264,75.7825,76,30,0.08413128909060719,False
150721,,ARAKHA NET,broadband,2025-Q3,2025,3,7.524015276999403,13.254195401225047,6.45138454236937,15.699837413365543,83.87914084507044,68.348,71,31,0.07859633586096197,False
152466,,T-Link Group Company Limited,broadband,2025-Q3,2025,3,11.749770640865005,10.387193845814725,11.880646755167161,10.547511500135695,115.55550724637679,88.918,69,24,0.07638235456910389,False
137891,,Be The First,broadband,2025-Q3,2025,3,12.793227855708759,15.30006248313567,10.33635622808526,15.693584491793699,144.56866101694916,176.668,59,25,0.06531244810981347,False
132038,,Royal Esprit Company Limited,broadband,2025-Q3,2025,3,22.996840047621152,21.439338758531775,14.27940639965579,11.009788302253366,86.50822413793104,77.025,58,1,0.06420545746388442,False
136168,,Campana MYTHIC Co. Ltd.,broadband,2025-Q3,2025,3,17.41929395393589,22.112761340138203,9.204346948740817,10.368578493100474,68.85160377358491,58.052,53,3,0.058670504234239224,False
152329,,Aon Kham Network Company Limited,broadband,2025-Q3,2025,3,36.741645839083716,17.390675236922036,22.54866495587406,11.648113896605524,108.233,73.5485,52,20,0.05756351358831018,False
151826,,Fast Speed,broadband,2025-Q3,2025,3,17.925525436797,15.554859041516279,16.857114509096895,16.58931353857559,92.21892,65.1425,50,32,0.05534953229645209,False
149521,,Fiber Life Internet,broadband,2025-Q3,2025,3,11.755493349257765,10.387224169973049,12.509892581076159,11.11313918060577,136.66634782608696,93.4525,46,34,0.050921569712735926,False
150285,,"Long Mao Home Center Co.ltd.,",broadband,2025-Q3,2025,3,24.690583352244776,21.71625723713894,25.93706694399584,23.966643193098292,79.4009111111111,75.714,45,17,0.049814579066806884,False
152447,,My Mandalay Company Limited,broadband,2025-Q3,2025,3,19.50227733220138,14.274821743786868,16.013015794016923,18.173896643757057,102.95995454545454,74.446,44,11,0.04870758842087784,False
150309,,E R S TECHNOLOGY,broadband,2025-Q3,2025,3,11.569948098438735,10.303340363207338,15.097881458257426,12.936039107617447,75.0865,65.48249999999999,42,32,0.04649360712901976,False
136229,,"Treasure Chindwin Land Co.,Ltd",broadband,2025-Q3,2025,3,25.342002183258998,19.94253311856592,23.9723957962508,18.735124957844157,61.06132432432433,60.057,37,7,0.04095865389937455,False
153044,,"MYANMAR SKY CITY NETWORK COMMUNICATION Co.,Ltd",broadband,2025-Q3,2025,3,37.49568831446642,25.069536502322936,30.503661709136246,25.286788850403152,205.6667027027027,226.816,37,23,0.04095865389937455,False
151802,,"FIND SOLUTION AND SERVICES CO., LTD.",broadband,2025-Q3,2025,3,13.024586869087962,15.08769106987512,15.038954325361015,16.281225340255496,69.22461111111112,58.852000000000004,36,28,0.03985166325344551,False
153777,,Mandalar Mandalay Company Limited,broadband,2025-Q3,2025,3,22.996327418057543,19.933801709935576,19.315337692921375,16.254851838975338,203.33262500000004,225.161,32,23,0.035423700669729344,False
141199,,Century Link Plus,broadband,2025-Q3,2025,3,8.281097443825479,10.78274084576473,6.318435202544393,8.875654824419286,91.52240625,85.06649999999999,32,3,0.035423700669729344,False
132100,,"Myanmar Speed Net Co.,Ltd",broadband,2025-Q3,2025,3,9.563844016088535,10.048806993839849,9.03306962843895,9.149102298428776,156.93167741935483,91.082,31,2,0.0343167100238003,False
151482,,MKTN ENGINEERING GROUP COMPANY LIMITED,broadband,2025-Q3,2025,3,7.208064872890861,9.123240199395775,6.1019287143187855,9.314029866387845,146.06675862068965,119.385,29,12,0.03210272873194221,False
138158,,Serge Pun & Associate (Myanmar) Ltd.,broadband,2025-Q3,2025,3,53.900987282891315,35.817734377074736,24.754374167813605,15.881244965524393,63.819692307692314,65.0,26,4,0.02878175679415509,False
133433,,ZOOM PLUS COMPANY LIMITED,broadband,2025-Q3,2025,3,13.407229731050284,11.985216766424662,13.268421333027174,8.368883606565094,187.2236086956522,228.0,23,11,0.025460784856367963,False
151210,,NEXGENET COMPANY LIMITED,broadband,2025-Q3,2025,3,26.367467926974374,26.212059668653183,19.875787016198977,21.78278640184339,85.75260869565219,76.768,23,2,0.025460784856367963,False
151341,,The Next Success,broadband,2025-Q3,2025,3,6.030689686333916,8.780073889290218,3.609558716500809,7.507858579564293,224.02413043478262,222.528,23,9,0.025460784856367963,False
139719,,Yar Chang Company Limited,broadband,2025-Q3,2025,3,8.309154072374717,10.246771145071573,1.8786137074352753,4.052844823947868,101.20377272727274,91.58500000000001,22,5,0.02435379421043892,False
135111,,Asia Mega Link,broadband,2025-Q3,2025,3,13.801612444418232,18.817053902729832,9.792695132089648,24.804488496406368,99.99004761904763,66.929,21,7,0.02324680356450988,False
154020,,SAM MOUK MO Company Ltd,broadband,2025-Q3,2025,3,12.867771795787148,6.432570459658417,13.753334107837702,4.3529357993811795,217.053,238.7955,16,5,0.017711850334864672,False
135149,,"Myanmar Technology Gateway Co., Ltd",broadband,2025-Q3,2025,3,8.011648860886895,13.278900936423918,6.512484587370389,10.805366373660368,73.12328571428571,71.2855,14,1,0.015497869043006587,False
134105,,"Shwe Than Lwin Media Co.,Ltd.",broadband,2025-Q3,2025,3,8.447467516057275,14.36393341618909,5.841001494344558,11.55756823439229,110.11436363636362,61.262,11,6,0.01217689710521946,False
135307,,Golden TMH Telecom Co. Ltd,broadband,2025-Q3,2025,3,28.51663818837015,45.51024369393408,21.871431261707404,34.082776842724,98.76149999999998,104.2995,10,3,0.011069906459290419,False
154177,,LIGHT NODE LIMITED,broadband,2025-Q3,2025,3,6.775940397628058,3.3675737290871806,4.100710686888638,1.503529594599537,76.83279999999999,73.307,10,6,0.011069906459290419,False
133440,,ST-net,broadband,2025-Q3,2025,3,11.581377089699329,20.440467681315624,6.392989851603611,20.440467681315624,93.07740000000001,93.434,10,1,0.011069906459290419,False
137431,,ZORRO RITZ PUBLIC COMPANY LIMITED,broadband,2025-Q3,2025,3,49.474491470741675,54.84494724045551,49.47937890925074,44.07406845952764,71.98622222222222,71.0,9,6,0.009962915813361378,False
10099,,China Unicom Global,broadband,2025-Q3,2025,3,7.672315874871604,3.726979892418958,9.850408768678538,2.911031358730875,80.0605,79.663,6,4,0.006641943875574251,False
140552,,Co-operative Bank Public Company Limited,broadband,2025-Q3,2025,3,48.72025056373114,,41.704244635266804,,59.40275,59.492999999999995,4,1,0.004427962583716168,False
137069,,POSCO INTERNATIONAL CORPORATION (MYANMAR E&P OFFICE),broadband,2025-Q3,2025,3,13.921925019656939,,11.973953458957606,,322.86,322.245,4,1,0.004427962583716168,False
136177,,Yoma Bank Limited,broadband,2025-Q3,2025,3,102.79188751458553,49.17553172767096,107.2295115666353,49.17553172767096,64.095,65.2585,4,1,0.004427962583716168,False
139822,,GNE Company Limited,broadband,2025-Q3,2025,3,12.738577039994368,8.540783573537864,9.096039861129437,8.540783573537864,58.6405,58.602,4,2,0.004427962583716168,False
134528,,"MYANMAR PI TECHNOLOGY CO., LTD",broadband,2025-Q3,2025,3,3.610986345367733,5.699715371204845,1.0601152307026647,5.699715371204845,74.235,73.994,4,3,0.004427962583716168,False
134736,,"NTT MYANMAR CO., LTD.",broadband,2025-Q3,2025,3,39.22968299428161,14.799217407822438,39.36929345787929,15.231060481822654,82.27066666666667,86.471,3,3,0.0033209719377871256,False
150297,,Golden Myanmar Business Exchange Co. Ltd,broadband,2025-Q3,2025,3,0.9269192363993715,,0.852644827928853,,161.44233333333332,176.6,3,1,0.0033209719377871256,False
7616,,JasTel Network,broadband,2025-Q3,2025,3,29.676734421494814,,38.85192521680707,,106.11966666666667,45.416,3,3,0.0033209719377871256,False
134976,,Myint & Associates Telecommunications Ltd,broadband,2025-Q3,2025,3,37.98613794285534,,40.16324870676413,,152.967,130.623,3,1,0.0033209719377871256,False
139620,,MYANMAR TELECOMMUNICATION NETWORK PUBLIC COMPANY LIMITED,broadband,2025-Q3,2025,3,20.892890699716048,10.078008217462285,20.892890699716048,10.078008217462285,72.8495,72.8495,2,1,0.002213981291858084,False
139051,,AUNG GABAR COMPANY LIMITED,broadband,2025-Q3,2025,3,0.7702586416211956,34.17321875603917,0.7702586416211956,34.17321875603917,69.6055,69.6055,2,1,0.002213981291858084,False
132344,,SEANET,broadband,2025-Q3,2025,3,0.19323191843395002,0.988672131780287,0.19323191843395002,0.988672131780287,595.913,595.913,1,1,0.001106990645929042,False
137955,,Myanmar Internet Exchange,broadband,2025-Q3,2025,3,17.396677159413866,32.76899573073918,17.396677159413866,32.76899573073918,292.747,292.747,1,1,0.001106990645929042,False
133385,Atom,Atom Myanmar Limited,broadband,2025-Q4,2025,4,13.266546988560162,13.590336509540101,9.726856881788105,11.609334276924935,152.34336964824126,103.87,4977,1006,11.339712918660288,True
136255,Mytel,"Telecom International Myanmar Co., Ltd",broadband,2025-Q4,2025,4,11.269806848431895,10.749044971251395,9.007736480140808,9.186917156966958,105.70179639018454,93.0,4931,2791,11.234905445431762,True
14593,Starlink,Space Exploration Technologies Corporation,broadband,2025-Q4,2025,4,22.391348574763956,4.248859225117823,8.869842460209618,4.037016239842492,109.30471440431714,80.2645,4824,1551,10.991114149008887,True
9988,MPT,Myanma Posts and Telecommunications,broadband,2025-Q4,2025,4,14.803518265141165,16.13354123358138,14.03511840398073,15.2831716011313,145.66556699119144,99.715,4316,734,9.833675096832991,True
134840,,"Myanmar Country Co., Ltd.",broadband,2025-Q4,2025,4,15.124871364899425,13.823085380816572,15.918837856910535,12.955938505747586,126.65849898853678,91.08449999999999,2966,223,6.757803599908863,True
135405,,WELINK,broadband,2025-Q4,2025,4,21.75643306056097,22.29315373804539,19.063379776249082,18.561198755709366,124.59063984962408,94.05350000000001,2661,555,6.062884483937116,True
133384,,"Global Technology Co., Ltd.",broadband,2025-Q4,2025,4,22.915352936587173,22.034761751050905,20.349754932989818,21.779193561337948,90.41593101933215,82.0,2277,966,5.18796992481203,True
132167,,Nine Communications Company Limited,broadband,2025-Q4,2025,4,10.623920390256858,11.758913129133207,7.635645986282657,9.31307744043595,132.56961601223864,106.681,1962,311,4.470266575529734,True
174,Cogent,"Cogent Communications, LLC",broadband,2025-Q4,2025,4,9.762296915973376,8.062221558466735,7.828459954622119,8.787540986998833,184.49567509025272,107.10499999999999,1662,480,3.7867395762132605,True
136442,,"Ocean Wave Communication Co., Ltd",broadband,2025-Q4,2025,4,13.638424058979131,14.255066986820388,13.519151720610463,14.186814132964667,125.27182827030377,101.825,1613,661,3.67509683299157,True
58952,,Frontiir Co. Ltd,broadband,2025-Q4,2025,4,8.902334555510329,8.937738809817404,6.42903307163727,6.271388070321007,176.99855640535372,112.369,1569,817,3.574846206425154,True
134739,,"AGB Communication Co., Ltd",broadband,2025-Q4,2025,4,20.453434065225387,16.38441402400944,15.555304979059951,9.807001674847022,127.55513364055298,88.9945,868,155,1.977671451355662,True
(unknown),,,broadband,2025-Q4,2025,4,38.499237004007,7.3719296319782135,23.814405087167593,5.2303945144489585,86.65477846534655,74.3415,808,468,1.8409660514923674,True
136210,,IT Spectrum Company Limited,broadband,2025-Q4,2025,4,23.039577346346643,20.76721420422857,19.629428685507794,20.26880168053547,108.46748124999999,95.29650000000001,641,230,1.4604693552061974,True
132148,,HORIZON TELECOM INTERNATIONAL COMPANY LIMITED,broadband,2025-Q4,2025,4,17.220417938476487,19.493106153476642,10.687669094298727,11.365664225413182,110.93928721541155,90.0,571,154,1.3009797220323536,True
135300,,"Myanmar Broadband Telecom Co., Ltd",broadband,2025-Q4,2025,4,8.474777142321456,8.06273098461453,5.205195101731224,8.594054946944881,185.84027631578948,189.589,532,200,1.2121212121212122,True
137424,,"Integral Solutions Myanmar Co.,Ltd.",broadband,2025-Q4,2025,4,26.54339064565665,24.42860470331779,17.566923931409605,12.428094823369097,94.91406823027718,88.499,469,122,1.0685805422647527,True
136480,,Myanmar Unilink Communication Company Limited,broadband,2025-Q4,2025,4,12.192700494999677,12.204454888160015,10.528775464759885,10.14012895722573,86.09556329113923,81.2535,316,136,0.7199817726133516,True
135589,,Internet Maekhong Network Company Limited,broadband,2025-Q4,2025,4,14.010546064649828,17.09305216918665,10.320135731116956,14.64065063153033,222.12570607028755,231.72,313,129,0.7131465026201869,True
45558,MPT,MYANMA POSTS AND TELECOMMUNICATIONS,broadband,2025-Q4,2025,4,12.479390214181327,16.43242077554625,7.7550349359808495,12.343407649818573,166.48232371794873,101.5,312,33,0.7108680792891319,True
134484,,Ultra Net,broadband,2025-Q4,2025,4,16.059093421686974,18.39932868937407,14.165864525959575,19.560094024601277,83.21329260450162,74.695,311,14,0.708589655958077,True
138166,,MaxxB Fiber Internet,broadband,2025-Q4,2025,4,22.042818002806275,22.78195708005058,20.028698809684478,18.529219676971813,119.67096268656717,84.59049999999999,268,82,0.6106174527227158,True
138168,,MyanmarAPN,broadband,2025-Q4,2025,4,24.48437167660761,25.951279823548923,18.726895682690483,20.859480598933086,88.7552125,81.5815,240,78,0.5468215994531784,True
137259,,i-Link,broadband,2025-Q4,2025,4,15.36127724526759,15.652614756938208,16.43269655277118,16.48638196232306,84.26670292887029,79.136,239,118,0.5445431761221234,True
133524,,"Global Technology Co., Ltd.",broadband,2025-Q4,2025,4,24.508661387409166,23.215068931360086,15.167594030067088,11.141139312340659,86.45840611353712,77.0,229,70,0.5217589428115744,True
135371,,Fortune Broadband,broadband,2025-Q4,2025,4,21.24609108776243,15.599495163008525,16.205962853161186,11.1114672378561,102.77340350877192,88.106,228,83,0.5194805194805194,True
151965,,Hepta Alliance Technology Group,broadband,2025-Q4,2025,4,38.61833662163691,27.216101825062996,24.679546709261345,19.44398392406682,86.47467699115045,87.93799999999999,226,57,0.5149236728184097,True
138167,,TrueNET,broadband,2025-Q4,2025,4,17.616429783933565,16.178089323020103,18.602771527832843,16.760629875590872,99.61712264150945,91.05199999999999,212,146,0.4830257461836409,True
18399,Yatanarpon,Yatanarpon Teleport Company Limited,broadband,2025-Q4,2025,4,17.53177332107944,16.973317781902633,13.959074364512084,15.833426566125917,106.06806372549018,90.3535,204,112,0.46479835953520166,True
139849,,Royal Esprit Company Limited,broadband,2025-Q4,2025,4,15.745641270525544,11.899921726215736,14.38803757869136,10.169765934172183,104.09968527918781,80.177,198,15,0.45112781954887216,True
136617,,Fortune Telecom Company Limited,broadband,2025-Q4,2025,4,29.67331405681299,38.31022843850853,19.618968250808976,22.224522605246438,89.5562433862434,90.206,190,26,0.4329004329004329,True
136780,,MYANMAR INFORMATION HIGHWAY LIMITED,broadband,2025-Q4,2025,4,41.95700840258696,33.674172223015184,24.87142063222698,22.661149974767667,129.97829943502825,116.9,177,69,0.4032809295967191,True
136474,,Marga Global Telecom Limited,broadband,2025-Q4,2025,4,20.281020956908947,19.03180035346938,18.26586863916568,14.959993417347583,84.77226436781609,76.76599999999999,174,41,0.3964456596035543,True
63998,,Kinetic Myanmar Technology,broadband,2025-Q4,2025,4,14.737908641615336,17.48245776958458,11.27160389859172,13.456148360598112,90.02045569620256,84.10300000000001,158,44,0.3599908863066758,True
141216,,GREAT GOLDEN HORSE COMPANY LIMITED,broadband,2025-Q4,2025,4,18.91406106468816,16.613851054815495,15.539649158248197,12.6683462075951,142.01443949044588,84.241,157,78,0.35771246297562087,True
150153,,A W S (MYANMAR) COMPANY LIMITED,broadband,2025-Q4,2025,4,9.70394299544271,9.74206413220212,10.812950311330463,10.451890887408506,99.91802083333334,77.554,144,30,0.32809295967190705,True
141015,,Myanmar Link Telecommunication Ltd,broadband,2025-Q4,2025,4,14.311658676839896,10.261790161223988,12.60670850862306,9.52202310406991,103.63288111888112,88.183,143,43,0.3258145363408521,True
151826,,Fast Speed,broadband,2025-Q4,2025,4,34.83628442749197,32.64578397603076,33.96310055930337,30.167551742756014,96.39419402985074,92.9065,134,24,0.3053087263613579,True
63852,,Myanmar Net,broadband,2025-Q4,2025,4,7.1899872291769285,7.014165976157829,2.4271729091311935,2.978606547262223,170.88274436090225,108.689,133,63,0.30303030303030304,True
139058,,TCL Net,broadband,2025-Q4,2025,4,30.633728829251307,12.334509166258242,29.387106645829054,8.555890112456982,112.54258181818182,76.1575,110,33,0.2506265664160401,True
150812,,Myanmar Fortune Global Company Limited,broadband,2025-Q4,2025,4,11.37771265443637,10.404993363373046,6.629523588642137,11.37097423689608,110.28846728971962,95.244,107,27,0.24379129642287536,True
140091,,SHWE MAHAR MAE KHONG INDUSTRIAL COMPANY LIMITED,broadband,2025-Q4,2025,4,16.839726963852232,17.044497363557547,14.887775446884111,10.595539683782523,127.59042553191493,84.99,94,33,0.21417179311916154,False
139003,,Telcospeed,broadband,2025-Q4,2025,4,17.174696762644242,21.395852375488904,17.246867383075283,24.35217147935519,85.47311827956989,91.883,93,40,0.21189336978810663,False
149521,,Fiber Life Internet,broadband,2025-Q4,2025,4,12.48208429314054,13.846409954200578,10.132614476055561,15.433916373809769,106.51518604651163,93.4325,86,35,0.19594440647072225,False
152140,,"YAM Success of Myanmar Co., Ltd.",broadband,2025-Q4,2025,4,12.822260746905068,13.492624084624646,10.93708259174419,10.014247912721386,194.19473684210527,100.7955,76,36,0.17316017316017315,False
152634,,Goal Link ISP,broadband,2025-Q4,2025,4,7.3276335058723125,9.223091457474109,8.448939205713131,9.98905684622096,161.39127272727274,140.775,66,59,0.15037593984962405,False
131322,Yatanarpon,Yatanarpon Teleport Company Limited,broadband,2025-Q4,2025,4,17.56640009411263,19.28801329648081,14.709060273500572,17.508562948770702,96.29030357142857,88.914,56,32,0.12759170653907495,False
134714,,Elite Telecom Public Company Limited,broadband,2025-Q4,2025,4,13.734585131542666,11.248909052884745,12.946010691524966,11.848217707292243,92.45248148148148,86.8535,54,33,0.12303485987696514,False
136975,,Global Technology,broadband,2025-Q4,2025,4,20.845039349431513,16.42909291453197,12.238406895065731,4.367543588417052,83.32022,78.7625,50,13,0.1139211665527455,False
150797,,GIGA-NET,broadband,2025-Q4,2025,4,9.927236291143666,11.971014786984872,7.478323659095815,12.569645154271013,166.10291666666666,97.6815,48,30,0.10936431989063568,False
149810,,AnyNet,broadband,2025-Q4,2025,4,9.432475220553076,12.09323263821024,11.550965508268638,12.745598875526522,121.04985714285715,77.73400000000001,42,18,0.09569377990430622,False
149660,,Horizon Sources Company Limited,broadband,2025-Q4,2025,4,27.9447357013453,20.876679165933844,16.257875419736056,16.79238362742312,129.525756097561,90.391,41,26,0.09341535657325131,False
132060,,Hanthar Net,broadband,2025-Q4,2025,4,17.26026959880982,14.257408078072213,17.49720165686516,12.359867129195248,91.78717499999999,92.5035,40,24,0.0911369332421964,False
135427,,Myanmar Network Company Limited,broadband,2025-Q4,2025,4,4.660692399815094,7.0566279293835095,4.141728967100851,6.930614139476078,84.57947368421053,75.99199999999999,38,3,0.08658008658008658,False
137891,,Be The First,broadband,2025-Q4,2025,4,12.171065368886232,18.464529828674664,7.563466149483471,15.17212659781805,138.09855555555555,88.366,36,23,0.08202323991797676,False
151341,,The Next Success,broadband,2025-Q4,2025,4,14.031531485479391,17.336531021070808,11.900848940129592,12.44295743058404,94.09779999999999,88.0,35,17,0.07974481658692185,False
139692,,CHEN GUANG COMPANY LIMITED,broadband,2025-Q4,2025,4,4.925615651400006,16.382715266327526,0.701408346695892,13.82691584231782,70.9245,69.9225,32,17,0.07290954659375712,False
141704,,Galaxia @ Net,broadband,2025-Q4,2025,4,8.80755696447478,9.233937977845535,9.109478668625597,9.068463225127365,149.3617741935484,187.946,31,3,0.07063112326270221,False
142644,,Link Fast Company Limited,broadband,2025-Q4,2025,4,18.77130618394453,21.425600717860473,13.175770939460305,18.529059301319258,98.1677,93.9765,30,16,0.0683526999316473,False
153777,,Mandalar Mandalay Company Limited,broadband,2025-Q4,2025,4,16.439175898314147,13.425778726028787,12.478963596459689,12.837427678108673,207.11846153846153,232.4965,26,13,0.05923900660742766,False
151491,,Innovative Quality Internet Company Limited,broadband,2025-Q4,2025,4,32.94695632273703,26.495747759925052,34.19759415416569,24.64147080940115,79.40400000000001,79.60300000000001,26,16,0.05923900660742766,False
150309,,E R S TECHNOLOGY,broadband,2025-Q4,2025,4,11.291997209704695,8.947025457901347,11.633789013858767,10.026914227748943,73.04079166666666,74.8215,24,23,0.05468215994531784,False
151606,,MYANMAR SHWE PYI AYE COMPANY LIMITED,broadband,2025-Q4,2025,4,34.52920489316211,17.617567502681922,25.981414219296454,7.246032043220525,184.1660416666667,231.934,24,15,0.05468215994531784,False
150721,,ARAKHA NET,broadband,2025-Q4,2025,4,10.42120707956056,13.167826027331898,10.820298313065912,13.537058981055768,89.76485714285715,74.915,21,12,0.04784688995215311,False
152329,,Aon Kham Network Company Limited,broadband,2025-Q4,2025,4,22.502599435847877,35.49834025831264,14.624417644354853,25.52911584287399,141.83676190476191,80.0,21,7,0.04784688995215311,False
150285,,"Long Mao Home Center Co.ltd.,",broadband,2025-Q4,2025,4,29.404271421820365,15.86621438329523,26.379274868793686,14.357695261644281,103.59362499999999,75.997,16,11,0.03645477329687856,False
136168,,Campana MYTHIC Co. Ltd.,broadband,2025-Q4,2025,4,8.224381812287993,10.37696987658696,5.764100398958797,8.607483382548747,106.33553333333334,92.678,15,3,0.03417634996582365,False
151783,,EASTERN ROYAL UNICOM (ERU) TECHNOLOGY COMPANY LIMITED,broadband,2025-Q4,2025,4,32.145395055569324,20.529916257698964,29.808258161987485,14.876882066217473,130.50820000000002,82.0,15,12,0.03417634996582365,False
135111,,Asia Mega Link,broadband,2025-Q4,2025,4,9.46028500694632,7.269689601333827,3.231611850914172,1.6961543375321126,119.86028571428571,89.4865,14,4,0.03189792663476874,False
152466,,T-Link Group Company Limited,broadband,2025-Q4,2025,4,11.965443530388644,11.306610981212568,11.669460647388897,12.028550680377617,137.4817857142857,88.0,14,12,0.03189792663476874,False
150692,,Golden Dragon 2000,broadband,2025-Q4,2025,4,12.490674477261896,10.431018921371699,13.519743103491692,14.485841930639854,46.33057142857143,44.5635,14,9,0.03189792663476874,False
133433,,ZOOM PLUS COMPANY LIMITED,broadband,2025-Q4,2025,4,13.15241204846539,17.412134068964626,8.753673046258802,14.447247765122583,191.57000000000002,238.705,13,6,0.02961950330371383,False
151210,,NEXGENET COMPANY LIMITED,broadband,2025-Q4,2025,4,27.26412202191731,12.187232990838801,27.794366062880627,15.325668723554601,167.3378461538462,211.0,13,2,0.02961950330371383,False
150310,,Trustforce Myanmar Company Limited trading as Nationet,broadband,2025-Q4,2025,4,23.139876343096493,15.949405060595257,22.277453954845786,20.229606193725882,94.08975000000002,91.0975,12,7,0.02734107997265892,False
132038,,Royal Esprit Company Limited,broadband,2025-Q4,2025,4,16.088641217182197,11.342775824464722,18.178832659457562,10.024981476933837,90.83616666666667,86.4195,12,1,0.02734107997265892,False
134105,,"Shwe Than Lwin Media Co.,Ltd.",broadband,2025-Q4,2025,4,17.577380436244376,6.29380047733756,3.353538711583924,2.6494526698872973,350.91081818181823,574.489,11,3,0.02506265664160401,False
151482,,MKTN ENGINEERING GROUP COMPANY LIMITED,broadband,2025-Q4,2025,4,3.2218908963792807,5.746254290335878,1.6243858227940051,7.070327618150173,203.5447,215.699,10,9,0.0227842333105491,False
154020,,SAM MOUK MO Company Ltd,broadband,2025-Q4,2025,4,10.936612103796392,8.91530287099613,12.230792494578758,11.30931850568468,251.0313333333333,239.107,9,5,0.02050580997949419,False
152447,,My Mandalay Company Limited,broadband,2025-Q4,2025,4,26.711522505037852,15.888577569996745,24.815075731264926,11.36070716770919,86.187625,84.1755,8,5,0.01822738664843928,False
133440,,ST-net,broadband,2025-Q4,2025,4,9.239440418013134,12.38119440963671,9.420193541529615,11.700960543732828,97.355,95.586,7,1,0.01594896331738437,False
136229,,"Treasure Chindwin Land Co.,Ltd",broadband,2025-Q4,2025,4,22.082550023098786,28.01432366945327,17.33279671826234,19.78618996263625,91.72716666666668,98.219,6,2,0.01367053998632946,False
132100,,"Myanmar Speed Net Co.,Ltd",broadband,2025-Q4,2025,4,7.254983133089254,6.383095118780514,6.881535201772641,8.177200697650305,140.8596666666667,110.84299999999999,6,3,0.01367053998632946,False
153044,,"MYANMAR SKY CITY NETWORK COMMUNICATION Co.,Ltd",broadband,2025-Q4,2025,4,28.31051095333882,10.981112528519509,18.90320862590835,7.500148389909486,209.48283333333333,226.56099999999998,6,4,0.01367053998632946,False
139822,,GNE Company Limited,broadband,2025-Q4,2025,4,13.753517201464936,14.01980247852635,12.169602293465081,12.522592410223755,73.94440000000002,72.629,5,2,0.01139211665527455,False
139719,,Yar Chang Company Limited,broadband,2025-Q4,2025,4,0.703633896098423,14.587752695053853,0.5325892798254807,14.587752695053853,120.6395,100.99600000000001,4,3,0.00911369332421964,False
139620,,MYANMAR TELECOMMUNICATION NETWORK PUBLIC COMPANY LIMITED,broadband,2025-Q4,2025,4,12.05546628837636,0.9995040114856768,11.815344187137953,0.9995040114856768,78.43266666666666,78.328,3,1,0.00683526999316473,False
139711,,KANBAWZA BANK LIMITED,broadband,2025-Q4,2025,4,15.151707290651943,12.626071953402056,7.070137659316414,17.205416143130495,132.37633333333335,156.259,3,2,0.00683526999316473,False
135307,,Golden TMH Telecom Co. Ltd,broadband,2025-Q4,2025,4,4.502229988786593,0.975277511400018,3.291996844982766,0.9355152315746809,195.85866666666666,158.773,3,2,0.00683526999316473,False
134736,,"NTT MYANMAR CO., LTD.",broadband,2025-Q4,2025,4,22.49597701354878,19.655295355391026,22.49597701354878,21.957986982138113,74.199,74.199,2,1,0.00455684666210982,False
153790,,ADS Myanmar Company Limited,broadband,2025-Q4,2025,4,11.356580278612373,7.846633091526087,11.356580278612373,7.846633091526087,167.7365,167.7365,2,2,0.00455684666210982,False
10099,,China Unicom Global,broadband,2025-Q4,2025,4,31.53180888506281,31.52766416999767,31.53180888506281,31.52766416999767,86.86699999999999,86.86699999999999,2,1,0.00455684666210982,False
138158,,Serge Pun & Associate (Myanmar) Ltd.,broadband,2025-Q4,2025,4,50.059437262077395,,50.059437262077395,,67.0935,67.0935,2,1,0.00455684666210982,False
136465,,Dept. of Information Technology & Cyber Security,broadband,2025-Q4,2025,4,57.31326882618189,11.404406256162186,57.31326882618189,11.404406256162186,90.138,90.138,1,1,0.00227842333105491,False
139051,,AUNG GABAR COMPANY LIMITED,broadband,2025-Q4,2025,4,54.493349350714304,51.48808893535332,54.493349350714304,51.48808893535332,74.979,74.979,1,1,0.00227842333105491,False
149855,,"AGB Communication Co., Ltd",broadband,2025-Q4,2025,4,7.270342561670581,14.479441897283635,7.270342561670581,14.479441897283635,228.379,228.379,1,1,0.00227842333105491,False
133385,Atom,Atom Myanmar Limited,cellular,2023-Q1,2023,1,10.733015204998207,4.493298989121042,1.3710479283153525,1.0426880399659821,293.15073890063417,247.9775,946,467,35.84691170898068,True
9988,MPT,Myanma Posts and Telecommunications,cellular,2023-Q1,2023,1,17.233316976339978,7.699122631335717,9.272180771602622,2.6199892959914366,200.39778102189777,124.713,686,288,25.9946949602122,True
136255,Mytel,"Telecom International Myanmar Co., Ltd",cellular,2023-Q1,2023,1,7.777325535679731,4.5912762685604855,1.7289945525302493,2.038592142399753,247.3235385756676,179.6045,676,343,25.61576354679803,True
132167,,Nine Communications Company Limited,cellular,2023-Q1,2023,1,25.121535218960474,7.073413109699955,20.447176057952348,3.8000720584341448,172.90564329268292,106.937,330,205,12.504736642667677,True
139719,,Yar Chang Company Limited,cellular,2023-Q1,2023,1,0.907000780633927,0.20613566722188617,0.907000780633927,0.20613566722188617,182.977,182.977,1,1,0.037893141341417205,False
136255,Mytel,"Telecom International Myanmar Co., Ltd",cellular,2023-Q2,2023,2,7.827629116370729,4.342836009232995,1.945593421805056,2.2408144201027564,227.62404473902234,141.104,1209,605,45.399924896733005,True
9988,MPT,Myanma Posts and Telecommunications,cellular,2023-Q2,2023,2,15.597641889815307,7.39485331966557,6.938727623305854,2.5654170418474243,157.6224464579901,130.184,609,329,22.86894479909876,True
133385,Atom,Atom Myanmar Limited,cellular,2023-Q2,2023,2,17.70004304958803,7.985991781905556,9.545932655805885,4.496862659761021,176.50468470149255,132.743,538,338,20.20277882087871,True
132167,,Nine Communications Company Limited,cellular,2023-Q2,2023,2,14.083053696067449,5.6998482727408275,3.9077491970602587,1.3780172341880754,186.37357565789475,127.553,304,206,11.415696582801353,True
139719,,Yar Chang Company Limited,cellular,2023-Q2,2023,2,58.102054865800845,5.62936722375841,81.21308453513033,7.1216908847979035,76.589,76.767,3,1,0.11265490048817124,False
136255,Mytel,"Telecom International Myanmar Co., Ltd",cellular,2023-Q3,2023,3,7.579666910004899,4.4528447083283655,2.3058362645564747,1.821898255143373,187.40411199625117,103.86250000000001,2138,1110,37.78720395899611,True
133385,Atom,Atom Myanmar Limited,cellular,2023-Q3,2023,3,10.220119033349546,5.553350419790597,1.7185457255015788,1.40241497686053,173.87274778499705,127.498,1698,725,30.010604453870627,True
9988,MPT,Myanma Posts and Telecommunications,cellular,2023-Q3,2023,3,18.130492768102872,8.121824063065636,8.511592503781076,3.729454303418811,155.25593055555555,113.3755,1154,526,20.395899611170023,True
132167,,Nine Communications Company Limited,cellular,2023-Q3,2023,3,20.736662044093347,5.144798334577131,11.480600981758553,2.0911824584150445,126.5660644677661,88.786,668,388,11.806291975963237,True
136255,Mytel,"Telecom International Myanmar Co., Ltd",cellular,2023-Q4,2023,4,10.082252957266567,7.024470351492133,3.187908131528306,4.120180903765794,208.94345026525195,118.8615,1510,745,37.33003708281829,True
133385,Atom,Atom Myanmar Limited,cellular,2023-Q4,2023,4,12.770467965027654,10.336827236337863,3.715568399685986,5.120256493429876,222.80876476190477,203.7335,1053,423,26.03213844252163,True
9988,MPT,Myanma Posts and Telecommunications,cellular,2023-Q4,2023,4,15.842881437746623,8.665686124673522,6.238530480853239,3.7483467651788653,191.71589159561506,121.03,837,396,20.69221260815822,True
132167,,Nine Communications Company Limited,cellular,2023-Q4,2023,4,19.21448410792219,5.638588898735048,8.734648721973288,1.7502574621526386,167.07862267080748,94.6015,645,384,15.945611866501855,True
133385,Atom,Atom Myanmar Limited,cellular,2024-Q1,2024,1,9.62291642366401,6.424984611463656,2.899031258413666,2.485173065238513,212.25811978097195,122.015,1471,790,35.42870905587669,True
132167,,Nine Communications Company Limited,cellular,2024-Q1,2024,1,13.457651551118795,3.724660689791497,3.7215120415069562,0.6213389441415457,174.48216570959804,104.732,1222,923,29.43159922928709,True
9988,MPT,Myanma Posts and Telecommunications,cellular,2024-Q1,2024,1,16.704946434961705,10.026901898213042,7.8165559337762645,3.032276631816163,149.46073513986013,109.797,1147,501,27.6252408477842,True
136255,Mytel,"Telecom International Myanmar Co., Ltd",cellular,2024-Q1,2024,1,11.880583017430435,7.177708907865456,2.799308932486449,3.4966652200954735,202.52645806451613,120.638,310,181,7.466281310211946,True
139719,,Yar Chang Company Limited,cellular,2024-Q1,2024,1,131.6425847267972,22.149048040246157,131.6425847267972,22.149048040246157,73.792,73.792,2,2,0.04816955684007707,False
133385,Atom,Atom Myanmar Limited,cellular,2024-Q2,2024,2,26.14659585763971,11.499295969910301,16.37525129347305,5.881428486277713,119.05061091460333,82.994,3969,1806,34.84941610325753,True
9988,MPT,Myanma Posts and Telecommunications,cellular,2024-Q2,2024,2,17.884712158238003,9.869013288791919,7.539477760810522,3.7934941538742146,203.17949827081668,133.237,3766,845,33.06699446834665,True
132167,,Nine Communications Company Limited,cellular,2024-Q2,2024,2,26.757917915294875,8.308569094491755,17.032304071279718,3.4689040177888453,151.789690993236,89.913,2820,1215,24.760734041619106,True
136255,Mytel,"Telecom International Myanmar Co., Ltd",cellular,2024-Q2,2024,2,14.412442623089424,6.433783437627819,4.698024256028475,3.6241413018464446,176.09166626065775,103.173,822,618,7.217490561067697,True
139719,,Yar Chang Company Limited,cellular,2024-Q2,2024,2,19.409745872295968,5.197287239432258,17.908277656874606,2.2022190254374174,87.7355,73.3535,12,9,0.10536482570901748,False
9988,MPT,Myanma Posts and Telecommunications,cellular,2024-Q3,2024,3,25.77676262013067,13.56695096807719,13.890576600313942,5.4418987990109855,135.26007925703738,106.2195,8669,771,36.525659391590125,True
133385,Atom,Atom Myanmar Limited,cellular,2024-Q3,2024,3,24.344556956991102,9.459468948602058,13.296804106169194,4.728617639021007,97.63463288409703,88.109,5568,1993,23.460015168113255,True
132167,,Nine Communications Company Limited,cellular,2024-Q3,2024,3,23.217681740881066,6.813644587459732,10.64129770144713,2.5748226457560017,111.6240549933168,89.018,5244,1474,22.09488497514115,True
136255,Mytel,"Telecom International Myanmar Co., Ltd",cellular,2024-Q3,2024,3,22.504959234343413,5.546849853601767,9.627711213468514,2.4480661771830836,148.8951129411765,103.9855,4253,1649,17.919440465155475,True
9988,MPT,Myanma Posts and Telecommunications,cellular,2024-Q4,2024,4,28.116565385901033,11.572413561545176,17.002941814881076,4.973373741692825,123.5670704764945,104.806,12533,771,35.0210970464135,True
132167,,Nine Communications Company Limited,cellular,2024-Q4,2024,4,31.960886024838874,8.078404076805388,19.97796332531137,3.1157795515873214,98.05360331874843,86.827,12123,2354,33.875429625282926,True
133385,Atom,Atom Myanmar Limited,cellular,2024-Q4,2024,4,21.082118947317046,9.365892089469538,10.343148450734084,4.4798424664732766,123.81656263440857,90.8175,7441,2629,20.79246653812837,True
136255,Mytel,"Telecom International Myanmar Co., Ltd",cellular,2024-Q4,2024,4,26.949374078521657,8.300812738772724,14.761054337852578,4.812923173487781,139.94957414448672,98.613,3690,1399,10.311006790175202,True
133385,Atom,Atom Myanmar Limited,cellular,2025-Q1,2025,1,18.030914332843057,10.372883202176855,9.123905004804046,5.485738891633021,100.33950998336108,84.951,18033,4759,30.523536281927587,True
132167,,Nine Communications Company Limited,cellular,2025-Q1,2025,1,28.103051896430344,9.138465935680001,16.824508470646155,4.854032182021277,101.50080028943565,87.083,16597,2192,28.092892567579003,True
9988,MPT,Myanma Posts and Telecommunications,cellular,2025-Q1,2025,1,25.18267659158825,10.017262176562452,15.137175257740292,3.7049021148034442,126.81458215862169,107.5,14052,774,23.785101305032246,True
136255,Mytel,"Telecom International Myanmar Co., Ltd",cellular,2025-Q1,2025,1,17.887002317036032,8.848801014038717,7.858762184130596,5.927957830593418,143.87406009823752,103.249,10397,2703,17.598469845461164,True
9988,MPT,Myanma Posts and Telecommunications,cellular,2025-Q2,2025,2,24.455315137501493,9.274227803929271,13.647402999784378,4.175785122808618,129.34618912237326,108.481,7283,760,40.27985177810962,True
133385,Atom,Atom Myanmar Limited,cellular,2025-Q2,2025,2,18.690790243524486,8.642681309610069,8.578929927459605,4.160259051027738,98.79703684627573,86.955,5049,2329,27.924340467894474,True
132167,,Nine Communications Company Limited,cellular,2025-Q2,2025,2,23.440365861973444,7.576171113387905,11.760526903767627,3.855522959590525,121.07408393704723,97.677,4008,1310,22.166915546706488,True
136255,Mytel,"Telecom International Myanmar Co., Ltd",cellular,2025-Q2,2025,2,24.460198709496073,9.090304455557702,8.399839168299634,4.846396728776757,151.44243703277746,102.709,1741,734,9.62889220728942,True
133385,Atom,Atom Myanmar Limited,cellular,2025-Q3,2025,3,15.736480080810685,9.348693553193396,7.479827381420509,4.272359836806745,91.2045792796138,65.275,5386,1552,40.68590421513824,True
132167,,Nine Communications Company Limited,cellular,2025-Q3,2025,3,21.087241151263814,6.838835870893465,9.791180323371474,2.6431928774635045,100.12251226635517,88.11349999999999,3424,1319,25.864934280102734,True
9988,MPT,Myanma Posts and Telecommunications,cellular,2025-Q3,2025,3,20.160379071776635,7.8234922862375935,9.838880944930096,2.965482741945153,138.52310100356104,110.134,3090,685,23.341894546003928,True
136255,Mytel,"Telecom International Myanmar Co., Ltd",cellular,2025-Q3,2025,3,14.25835953136445,7.93202423196553,5.558701008399183,4.6222871782534085,143.69958638743455,103.892,1338,649,10.1072669587551,True
133385,Atom,Atom Myanmar Limited,cellular,2025-Q4,2025,4,16.54264321758652,11.986950305967941,7.699959563800425,7.821945210891054,103.5975460048426,92.037,4132,1480,43.10452743584394,True
9988,MPT,Myanma Posts and Telecommunications,cellular,2025-Q4,2025,4,29.020250764512088,12.288672018732488,22.931984709381958,8.240824092933346,145.6494473358117,110.561,2423,501,25.276444815355728,True
132167,,Nine Communications Company Limited,cellular,2025-Q4,2025,4,21.375352150865133,8.35099919428175,9.881321315530652,3.8132398784108155,122.57806003244995,107.536,1850,925,19.298977675777174,True
136255,Mytel,"Telecom International Myanmar Co., Ltd",cellular,2025-Q4,2025,4,14.621238504042845,8.669903212196497,7.420885472816179,4.5787123935561285,154.59265648854958,105.116,1179,596,12.29918631337367,True
139719,,Yar Chang Company Limited,cellular,2025-Q4,2025,4,0.6958812938031818,51.92138564914346,0.6958812938031818,51.92138564914346,72.46000000000001,72.46000000000001,2,1,0.020863759649488837,False
