asn,operator,as_name,network_type,quarter,year,quarter_num,avg_d_mbps,avg_u_mbps,med_d_mbps,med_u_mbps,avg_lat_ms,med_lat_ms,total_tests,n_ips_approx,market_share_pct,is_reliable
17552,True,True Online,broadband,2023-Q1,2023,1,94.31284549186523,64.90435534102343,41.19886879170217,28.35410824839425,143.96881646606366,73.716,459876,218658,25.40066545594337,True
133481,AIS,AIS Fibre,broadband,2023-Q1,2023,1,119.38265533723111,75.6446177698708,61.12502925837817,28.728779880633454,78.08787317751847,60.8455,314947,121136,17.39569662985891,True
45758,3BB,Triple T Broadband Public Company Limited,broadband,2023-Q1,2023,1,100.12193279938398,64.32853944461382,38.85508973107167,26.955460540085515,120.43438163417845,60.104,299836,131764,16.56105978056745,True
23969,NT,TOT Public Company Limited,broadband,2023-Q1,2023,1,56.182546967617384,41.01219788170353,23.675859203955817,8.176875658262798,135.8509489768346,89.423,262910,100193,14.521499175912792,True
7470,True,"TRUE INTERNET Co.,Ltd.",broadband,2023-Q1,2023,1,32.39243643117881,20.11528284650922,14.701040949072924,6.762526349513567,79.25133701380435,29.711,97736,6755,5.398323545916902,True
131090,NT,National Telecom Public Company Limited,broadband,2023-Q1,2023,1,66.58893036447456,53.43338764307645,33.00901195768449,23.041572668948575,98.98454567610526,75.124,84964,32193,4.692878384170456,True
45430,AIS,SBN-IIG/AWN-IIG transit provider,broadband,2023-Q1,2023,1,55.45931901726642,30.921931173812684,12.684248877393337,6.7575856177499425,97.16162007861077,69.816,76110,42362,4.2038389649641426,True
138524,3BB,Triple T Broadband Public Company Limited,broadband,2023-Q1,2023,1,71.91072359163944,53.2772444934734,29.247110147988952,17.539691120604544,88.78593033081074,52.036,48783,20101,2.694466906160107,True
136538,AIS,AIS SUPER WiFi,broadband,2023-Q1,2023,1,69.7969484105226,42.619103339934256,39.12044288967035,18.38267340345432,67.21240102295303,61.692,23665,7001,1.3071061503859733,True
9931,NT,National Telecom Public Company Limited,broadband,2023-Q1,2023,1,23.419302345756183,18.630941525818468,7.917151375715948,3.958917651031288,80.0336228697572,69.44200000000001,22654,3060,1.251264852349201,True
(unknown),,,broadband,2023-Q1,2023,1,72.28759474931209,51.434343913787835,23.15077726203625,12.252420846928455,95.23638070052891,38.587,10026,3706,0.5537733472964196,True
4618,,Internet Thailand Company Limited,broadband,2023-Q1,2023,1,30.809792461499857,22.349577286395593,6.619360513843089,3.944842904763644,120.60584641324351,88.00800000000001,9793,1590,0.5409038888962534,True
4621,,UNINET-TH,broadband,2023-Q1,2023,1,68.58264724826053,73.42519116516864,26.65037738906444,24.657278922197598,92.14108422138196,71.909,8727,1291,0.4820247358723173,True
132280,,Symphony Communication (Thailand) PCL.,broadband,2023-Q1,2023,1,58.26617040095158,42.120944566132316,29.871682512343988,15.578752024683997,84.8276858252427,62.63,7727,1041,0.4267910088329776,True
9335,NT,National Telecom Public Company Limited,broadband,2023-Q1,2023,1,7.462592476424609,3.9646037721308396,1.9978087480914832,1.585068606996112,195.02488594862268,101.54750000000001,6469,140,0.3573069802174883,True
4750,,CS LOXINFO PUBLIC COMPANY LIMITED,broadband,2023-Q1,2023,1,44.452803339061305,29.561578528012184,27.522191925462444,12.49016710437646,80.17183558558555,43.471999999999994,6218,826,0.34344331473061407,True
38794,United Information Highway,UIH,broadband,2023-Q1,2023,1,50.6237646637523,42.958899464644276,25.3219801804878,16.1788580197225,65.02753364229318,49.9845,5828,723,0.3219021611852716,True
56309,,"Siamdata Communication Co.,Ltd.",broadband,2023-Q1,2023,1,17.17780675585199,4.334571498773682,7.180500411563655,2.1656171533358726,162.01573183481443,92.9945,3826,176,0.21132423965251357,True
23974,,Ministry of education,broadband,2023-Q1,2023,1,65.48516905301898,46.05696742065364,29.715187285898967,14.188769473409085,137.55360043490074,76.538,3680,1979,0.20326011550477,True
131293,,TOT Public Company Limited,broadband,2023-Q1,2023,1,41.969050782549076,35.523982802352585,23.763094593052458,13.9636781643216,89.90563686382394,66.74,3637,585,0.2008850652420784,True
58955,,"Bangmod Enterprise Co., Ltd.",broadband,2023-Q1,2023,1,17.501586824672756,9.018485389738444,10.71000476353199,4.993640152485947,115.43075392122694,74.414,2869,39,0.15846556287586552,True
55423,,JasTel Network,broadband,2023-Q1,2023,1,51.27912971959285,39.17473406790529,28.2240183051234,17.40098360584657,85.70610213361314,33.445,2860,377,0.15796845933251147,True
17479,,Chiang Mai University,broadband,2023-Q1,2023,1,47.64823823297785,28.731114863207843,31.279310317588955,3.969596352682309,129.04404404913174,75.99,2361,71,0.13040682953988095,True
56067,,453 Ladplacout Jorakhaebua,broadband,2023-Q1,2023,1,9.487712642847445,4.129787344662879,3.85994350119879,1.9618877188006192,186.73894046591886,110.6755,2321,77,0.12819748045830737,True
9464,,Prince of Songkla University (Sritrang'NET),broadband,2023-Q1,2023,1,15.585429659202042,9.13463857014459,13.273852301882958,7.371882658467525,72.18274528301886,45.339,2014,210,0.1112407262572301,True
9411,,"Kasetsart University, Thailand",broadband,2023-Q1,2023,1,69.89392001164887,68.41865757402927,35.117330690989505,32.29775695755527,81.71502348224512,63.3005,1746,709,0.09643808741068706,True
3839,,Chulalongkorn University,broadband,2023-Q1,2023,1,75.31821872239364,59.62846428045064,30.814165989034965,4.400047436707893,76.62028317535547,30.011499999999998,1689,524,0.0932897649694447,True
9546,,Ministry of University Affairs,broadband,2023-Q1,2023,1,75.33278904647915,39.308649189871744,34.85563768319074,19.861090409705838,93.82563636363636,72.0,1606,245,0.08870536562517951,True
4762,,"Mahidol University, Thailand",broadband,2023-Q1,2023,1,99.38658766020538,94.87324595205625,52.430421971802176,47.35650869813149,101.41704262516915,29.9925,1478,320,0.08163544856414404,True
134100,,"Express Data Co.,Ltd",broadband,2023-Q1,2023,1,62.744535409314324,44.04886186916774,28.16488192847327,16.494575564947887,71.71563716814158,49.795,1469,68,0.08113834502078998,True
45458,AIS,SBN-ISP/AWN-ISP and SBN-NIX/AWN-NIX,broadband,2023-Q1,2023,1,52.27402675392154,42.91012122110603,28.529450709507675,19.292642281101557,71.92592614047793,58.877,1382,182,0.07633301076836742,True
9551,,King Mongkut's University of Technology,broadband,2023-Q1,2023,1,98.72284907986145,123.47851599402581,70.64645579648993,60.60312930811827,61.80746888320546,34.151,1173,146,0.06478916181714543,True
9486,,King Mongkut's Institute of Technology Ladkrabang,broadband,2023-Q1,2023,1,82.07912911065083,63.46123390379363,48.689249130911506,18.660416866409108,133.47605945945944,94.1605,1111,530,0.061364670740706374,True
7693,,KSC Commercial Internet Co. Ltd.,broadband,2023-Q1,2023,1,46.7932809318876,38.016317756428606,20.661151795099894,13.50568189886078,89.29155239960824,32.551,1021,153,0.056393635307165804,True
135419,,"Cableconnect Co.,Ltd",broadband,2023-Q1,2023,1,47.838923302467464,30.00738607872694,28.841970234971807,16.829294720508262,88.53008289611753,61.743,954,74,0.052692975595530045,True
37992,,Thammasat University in thailand,broadband,2023-Q1,2023,1,27.065450197836668,21.923201685011758,16.566462797298385,11.389090404394372,70.13933518312986,28.685,901,180,0.04976558806244504,True
138204,,"Sophon Broadband Networks co.,ltd",broadband,2023-Q1,2023,1,48.411232904359494,25.509518481714633,27.39468656823604,8.29141873849024,79.74932036613271,43.263999999999996,874,59,0.04827427743238287,True
38082,,"True International Gateway Co., Ltd.",broadband,2023-Q1,2023,1,36.85337407160047,20.283439572080688,16.277180913202123,8.207039093974721,146.67062323943662,66.503,852,67,0.0470591354375174,True
147027,,Royal Thai Armed Force Headquarters,broadband,2023-Q1,2023,1,65.84596052533644,87.09105703081813,10.516468501146612,21.246202750723995,137.6386895306859,61.498,831,61,0.04589922716969127,True
9533,,King Mongkut's Institute of Technology North Bangkok,broadband,2023-Q1,2023,1,77.79757296255919,86.7865834244073,30.338462960152086,29.77237312453177,90.62301581508518,52.2965,823,84,0.04545735735337655,True
9562,,Mahasarakham University,broadband,2023-Q1,2023,1,59.64173430802408,53.990399571838196,33.11892670666458,19.185213414862805,100.99289294710326,75.2815,794,41,0.043855579269235695,True
9903,,Rajamangala Institute of Technology,broadband,2023-Q1,2023,1,96.62047293525515,81.47814625423625,39.24763476104509,21.610810928648306,70.33412715231789,57.466,755,56,0.04170146391470145,True
7616,,JasTel Network,broadband,2023-Q1,2023,1,69.50313946530744,58.13009692911554,40.454738525418016,25.817284191307948,86.04643108108108,31.366500000000002,740,111,0.04087295800911136,True
55403,,PTT Digital Solutions Company Limited,broadband,2023-Q1,2023,1,49.611193015829684,40.72663536496651,27.645616697904714,12.267103299809627,115.88918853695323,89.963,663,24,0.036619961027082204,True
140618,,Silpakorn University,broadband,2023-Q1,2023,1,72.30660158247957,47.98563969095424,14.875304494976795,6.008167229422062,86.0819265625,61.7295,641,40,0.035404819032216726,True
138156,,"CSNE Co., Ltd.",broadband,2023-Q1,2023,1,3.2800116092977256,3.320638536831306,1.4785265066145037,2.7778831330902682,136.48877656250002,91.04050000000001,640,21,0.035349585305177386,True
135161,,"GMO-Z com NetDesign Holdings Co., Ltd.",broadband,2023-Q1,2023,1,14.796545877984908,4.093124154106246,7.441146621059669,3.152683699887832,106.36451653543305,72.665,635,42,0.03507341666998069,True
133193,,Provincial Electricity Authority (PEA),broadband,2023-Q1,2023,1,38.01422730513068,23.91485103272912,29.853554994868297,8.247571124861595,127.31909313725491,60.491,612,18,0.03380304094807588,True
135034,,Planet Communications Asia Public Company Limited,broadband,2023-Q1,2023,1,140.68417855064476,56.57136520729038,106.02569445627657,25.230459068722976,83.93861048689139,29.8225,534,34,0.029494810239007383,True
203724,,Musarubra Germany GmbH,broadband,2023-Q1,2023,1,149.14947158297082,65.03155282766755,60.58470250391111,14.935074793047232,25.13257389635316,0.263,521,2,0.028776771787495967,True
9649,,Information Technology Office,broadband,2023-Q1,2023,1,49.41867000283416,45.58429559454182,31.255386129045903,14.77185536637172,104.33119807692307,60.7445,520,107,0.028721538060456627,True
45575,,Rajamangala University of Technology Srivijaya,broadband,2023-Q1,2023,1,53.58716610482903,71.79033117730262,26.00062225476178,42.03344558760311,83.179678,73.8365,500,45,0.027616863519669833,True
37932,,Rajamangala University of Technology Isan,broadband,2023-Q1,2023,1,43.070143027029516,66.8882568048109,14.482331151451284,28.73084815656796,158.7374487704918,118.1335,488,128,0.026954058795197758,True
136393,,Symphony Communication (Thailand) PCL.,broadband,2023-Q1,2023,1,47.72265523081746,29.28031595179301,22.059394315644184,11.279907635607717,89.80072484599589,66.369,487,200,0.026898825068158418,True
18256,,Bank of Ayudhya Public Company Limited.,broadband,2023-Q1,2023,1,34.74925338839953,35.376529698055705,29.742728127575063,21.37441022370249,68.04430334728035,29.8435,478,4,0.026401721524804363,True
55545,,Suranaree University of Technology,broadband,2023-Q1,2023,1,51.04733991958048,92.92928551147527,16.742019799598978,54.59812080896752,112.93570967741931,69.5725,434,64,0.023971437535073418,True
17887,,"T.C.C. Technology Co., Ltd.",broadband,2023-Q1,2023,1,40.78997750645059,31.45054572834975,19.53647764070017,8.956977734665685,132.16206218905475,89.37049999999999,402,56,0.02220395826981455,True
137850,,Mae Fah Luang University,broadband,2023-Q1,2023,1,75.09327225047342,88.6416032732038,57.38594916719934,80.29259690846112,105.45485316455695,86.727,395,22,0.02181732218053917,True
23919,,Ramkhamhaeng University,broadband,2023-Q1,2023,1,117.46225944206928,136.9399456016583,49.08993200565594,75.47533709342456,73.34902046783627,59.6325,342,20,0.018889934647454167,True
38566,,NTTCTNET,broadband,2023-Q1,2023,1,25.68509251381484,20.585867409072286,17.650553066325838,13.500297198811205,65.16998442367601,57.144,321,82,0.017730026379628033,True
9475,,Walailak University,broadband,2023-Q1,2023,1,94.10095757069675,125.57811326959612,46.53994924235346,86.36155427730517,107.78352215189874,65.365,317,16,0.017509091471470676,True
137241,,PibulSongkramRajabhat University,broadband,2023-Q1,2023,1,82.90955517181229,103.89780089338488,46.50950386989683,64.9436893044667,99.67080872483223,74.2535,298,13,0.016459650657723222,True
138670,,Ngern Tid Lor Company Limited,broadband,2023-Q1,2023,1,94.13048007421867,77.21705597116676,34.01670486983392,11.253135002334815,63.92898113207547,30.315,265,2,0.014636937665425013,True
45806,,Siam Commercial Bank,broadband,2023-Q1,2023,1,13.815033206586833,11.855131029495448,12.277872732525697,12.926514356374401,63.29879545454545,58.4055,264,16,0.014581703938385673,True
134073,,The Revenue Department,broadband,2023-Q1,2023,1,36.02295686880798,22.580179984084886,26.209716505119538,4.253433977131651,76.40062977099238,61.037,262,16,0.014471236484306994,True
38888,,"Milcom Co., Ltd. Internet Service Provider Bangkok",broadband,2023-Q1,2023,1,13.486799485076927,9.481378902402668,10.354809143264365,7.383426245631865,79.13534241245137,62.675,257,13,0.014195067849110295,True
141714,,Nakhon Pathom Rajabhat University,broadband,2023-Q1,2023,1,71.85062102678896,107.26286096188925,9.219751040073113,72.77117457046523,120.02328163265308,116.39,245,35,0.013532263124638219,True
4767,,Computer Science,broadband,2023-Q1,2023,1,138.74661569732416,98.67995907523316,66.24539144943641,43.30699082553579,118.22028451882845,60.814,239,94,0.013200860762402181,True
136624,,Sakon Nakhon Rajabhat University,broadband,2023-Q1,2023,1,101.23276882008484,86.96998545629742,97.6303305479441,74.33904400795127,104.27397183098591,77.658,213,9,0.01176478385937935,True
133947,,Metropolitan Electricity Authority,broadband,2023-Q1,2023,1,28.884171521607122,19.648873613071355,12.545988200048782,4.915052130863227,67.82843902439025,63.619,205,15,0.011322914043064632,True
56112,,"Muang Thai Life Assurance Co., Ltd.",broadband,2023-Q1,2023,1,38.9468972976685,16.40148504509028,16.475417360052308,6.580908167953147,123.1623917525773,88.1335,194,3,0.010715343045631896,True
132866,,Rajamangala University of Technology Suvarnabhumi under UniNet Network,broadband,2023-Q1,2023,1,78.97299320582671,26.400812565522877,44.66631413666658,11.483331904340984,61.68273958333334,34.8365,192,30,0.010604875591553216,True
23884,,Proen Corp Public Company Limited.,broadband,2023-Q1,2023,1,33.169569113920566,39.048028126639366,11.252575873040833,15.74213296826289,108.28598421052628,68.4515,190,54,0.010494408137474537,True
133880,,The Thai Red Cross Society,broadband,2023-Q1,2023,1,91.06929313104854,106.51479249195386,42.24501263500224,29.82960768241316,93.36226595744681,45.4185,188,35,0.010383940683395858,True
135616,,Name: Thaksin University,broadband,2023-Q1,2023,1,49.03959536935193,51.829984484270376,29.42643531604774,4.914393217419825,102.73899465240642,81.409,187,10,0.010328706956356518,True
141730,,Pacific Technologies and Network Philippines Incorporation,broadband,2023-Q1,2023,1,35.92234551042908,97.93022327067132,11.680744530028557,21.230122647705645,114.1775580110497,58.903,181,1,0.00999730459412048,True
23932,,Internet Service Provider,broadband,2023-Q1,2023,1,9.216508774892306,7.519479362608723,4.735758182861668,2.6912420425474726,120.35342045454549,58.0,176,13,0.009721135958923781,True
139753,,"Valaya Alongkorn Rajabhat University Under The Royal Patronage,",broadband,2023-Q1,2023,1,88.33770409192262,108.26527890228911,29.38834030960833,58.63825682556886,67.83484,61.622,175,6,0.009665902231884443,True
132482,,Rajamangala University of Technology Rattanakosin,broadband,2023-Q1,2023,1,62.49578171548441,100.75100971275018,28.435827216035992,51.480231631244564,93.97913496932516,67.096,163,37,0.009003097507412365,True
132250,,Princess of Naradhiwas University,broadband,2023-Q1,2023,1,53.84355622815041,38.04254546508226,20.5361927449801,5.036350617950991,97.56362025316457,81.393,158,4,0.008726928872215668,True
137058,,Aeronautical Radio of Thailand Ltd.,broadband,2023-Q1,2023,1,36.915264059705976,25.846445561277417,25.48137952772031,18.10866513850037,85.49122580645162,48.391,155,3,0.008561227691097649,True
135129,,Rajamangala University of Technology Tawan-ok(Bangpra Campus),broadband,2023-Q1,2023,1,76.93546138883703,52.76838696640615,13.823915036733116,4.369695636848258,78.21277419354838,60.504,155,33,0.008561227691097649,True
153182,,Sripatum University,broadband,2023-Q1,2023,1,72.36587004176307,64.49547910176038,62.704392671042726,55.754699860702644,82.25622727272729,62.22,154,10,0.008505993964058309,True
131221,,Petchaburi Rajabhat University,broadband,2023-Q1,2023,1,19.2362277622436,19.374060896715022,11.039693030099802,5.359239354617239,69.46304605263157,35.0795,153,6,0.00845076023701897,True
132117,,Ministry of Interior,broadband,2023-Q1,2023,1,43.31282579391136,43.66003888970569,26.373856248164266,19.210644924802743,91.15763087248322,63.877,149,6,0.008229825328861611,True
135141,,Rajamangala University of Technology Lanna,broadband,2023-Q1,2023,1,43.41819334688128,39.59527532638437,18.412459634769952,11.4025680837151,100.04609589041095,83.749,146,37,0.008064124147743592,True
138685,,Mahidol Wittayanusorn School,broadband,2023-Q1,2023,1,126.26756691985753,25.775043302848275,85.13458965458511,6.223422300910443,90.10952777777777,64.217,144,35,0.007953656693664912,True
45847,,"university network ,Nakornsitammarat, Thailand",broadband,2023-Q1,2023,1,67.56917530687089,80.84160639594116,27.91128656799799,43.045230010944685,88.60892253521128,69.3865,142,6,0.007843189239586233,True
38450,,Ministry of Infomation Communication Technology,broadband,2023-Q1,2023,1,22.92403844426344,20.46701426647564,10.399886887978688,6.9182835339035655,105.81554225352113,74.743,142,46,0.007843189239586233,True
141692,,PTT Global Chemical Public Company Limited,broadband,2023-Q1,2023,1,70.3135594387931,70.29859296238433,54.893054314443454,46.96967551972819,55.57104316546763,37.71,139,11,0.007677488058468214,True
134509,,1-TO-ALL COMPANY LIMITED,broadband,2023-Q1,2023,1,39.19156410119542,22.525927153346192,38.349968652413764,16.17290164916312,63.677136690647494,41.607,139,4,0.007677488058468214,True
9891,,CS LOXINFO Public Company Limited.,broadband,2023-Q1,2023,1,17.629376207087088,13.252983625606218,9.483999951967215,4.431438199042065,128.72445112781955,70.711,133,46,0.007346085696232176,True
150181,,FiberTech,broadband,2023-Q1,2023,1,25.17575039951125,20.542567253072093,17.276254260862263,6.833800935949894,70.23590977443608,62.026,133,3,0.007346085696232176,True
135012,,Suan Dusit University,broadband,2023-Q1,2023,1,86.80654643651799,67.8440076495386,41.99947144677573,34.32895142494605,128.29982170542635,84.212,129,16,0.0071251507880748174,True
141214,,Geo-Informatics and Space Technology Development Agency,broadband,2023-Q1,2023,1,99.58938436703245,153.30518790585077,69.3122900670007,120.39850113383795,84.07037599999998,67.581,125,2,0.006904215879917458,True
134690,,Chulachomklao Royal Military academy member of UniNet,broadband,2023-Q1,2023,1,35.602106515354045,31.905488955044305,9.238439842233722,8.623812456404078,75.56435537190083,63.204,121,3,0.0066832809717601,True
55451,,Office of the National Broadcasting and,broadband,2023-Q1,2023,1,135.06379583642249,112.4961745404997,90.96300302969254,68.85059306112812,78.738347107438,32.332,121,30,0.0066832809717601,True
4765,,Pacific Internet Pte Ltd,broadband,2023-Q1,2023,1,53.92372299159502,45.465281695579016,31.805623038389516,25.04627189537281,53.46710619469027,32.797,113,28,0.006241411155445383,True
55488,,Nakorn Ratchasima Rajabhat University,broadband,2023-Q1,2023,1,109.0427140913262,33.74845626815462,81.35515457517083,7.609822522733976,89.92807142857144,70.2955,112,6,0.006186177428406043,True
147312,,Songkhla Rajabhat University Network.,broadband,2023-Q1,2023,1,83.65564436638545,69.56342668548848,14.326192229302787,15.072582651685838,123.83727777777776,72.923,108,13,0.005965242520248684,True
154088,,MI Squared Company Limited (Branch 00003)/JW Marriott Phuket Resort & Spa,broadband,2023-Q1,2023,1,37.7899830766691,16.908614203972636,34.96676427561018,9.455376547410937,97.34915094339622,48.670500000000004,106,3,0.005854775066170005,True
55476,,"CP All Public Co., Ltd.",broadband,2023-Q1,2023,1,36.17013638218266,18.611995969865696,21.431908354691213,10.264160671133077,59.63357142857142,30.856,105,3,0.0057995413391306655,True
7862,,Chevron Corporation,broadband,2023-Q1,2023,1,47.836906699548635,28.936773781899564,17.43279275983824,5.706885035270139,107.52694285714287,83.396,105,21,0.0057995413391306655,True
24328,,Yala Rajabhat University Education,broadband,2023-Q1,2023,1,86.47896654186785,109.32342371586665,58.18983770259805,84.7638900958221,103.24311881188119,78.0,101,21,0.005578606430973306,True
4274,,Assumption University,broadband,2023-Q1,2023,1,138.47939739925516,110.17207616584537,116.21981588511154,61.02665118424152,64.49420792079206,31.384,101,62,0.005578606430973306,True
136737,,Rajamangala University of Technology Krungtep,broadband,2023-Q1,2023,1,41.78517344634044,48.5100305656913,22.43991225979414,17.49124435611631,94.75764356435644,66.257,101,33,0.005578606430973306,True
38228,,"Ministry Of Defence, Thailand",broadband,2023-Q1,2023,1,45.49644377070335,78.82658893359395,23.283969554475153,40.67873222812547,64.83295,40.2025,100,4,0.005523372703933967,True
38589,,Education Network,broadband,2023-Q1,2023,1,103.75918472395699,112.66860305598316,50.68257336037471,75.09668178066364,81.6017052631579,72.046,95,12,0.005247204068737269,False
4741,,"Samart Infonet Co., Ltd.",broadband,2023-Q1,2023,1,59.69417419229239,35.708720628758584,35.286977660989535,7.88737148123378,80.73064893617021,33.7125,94,13,0.005191970341697929,False
131257,,"Suratthani ratjabhat university, Thailand",broadband,2023-Q1,2023,1,104.59942934461314,83.64240846112105,66.43131002170978,15.413051956233488,114.79323404255321,96.517,94,2,0.005191970341697929,False
38293,,Ministry of Foreign Affairs,broadband,2023-Q1,2023,1,56.72458237747079,22.16102198685873,52.76534771965237,11.132825751437936,58.400774193548386,60.809,93,24,0.005136736614658589,False
4827,,CSLOXINFO,broadband,2023-Q1,2023,1,156.63949612678712,17.100210631721527,108.35710861200273,10.95588593945877,72.60964835164836,34.425,91,2,0.00502626916057991,False
7715,,GSB,broadband,2023-Q1,2023,1,6.1586831157468005,5.754731745884506,4.292830327413479,3.8967452166110736,73.81913333333334,57.939,90,2,0.00497103543354057,False
150107,,Surundra Rajabhat University,broadband,2023-Q1,2023,1,52.02774879477905,49.98101635106624,23.804400830293094,32.83614539707847,138.01869999999997,101.864,90,3,0.00497103543354057,False
149800,,Org: Phramongkutklao College of Medicine.,broadband,2023-Q1,2023,1,74.55252583641641,80.76326214017475,53.98495230768096,77.73623315575055,82.71275280898875,63.097,89,38,0.004915801706501231,False
24453,,Chandrakasem Rajabahat University,broadband,2023-Q1,2023,1,78.74498521953511,94.71896939006479,53.87663310193017,60.159159049250455,113.74656321839082,63.763,87,21,0.004805334252422551,False
134162,,ADVANCED WIRELESS NETWORK COMPANY LIMITED,broadband,2023-Q1,2023,1,183.22273103880138,233.82731030728135,113.75719149650007,179.9987900069749,49.7841686746988,29.0,83,20,0.004584399344265192,False
137198,,Phranakorn Rajabhat University,broadband,2023-Q1,2023,1,103.17588262392647,128.76772651564775,41.49098078407351,43.69058037453951,79.53787500000001,47.1305,80,4,0.004418698163147173,False
23683,,"BoonRawd Brewery Co.,LT",broadband,2023-Q1,2023,1,18.247825048327993,28.382156741298484,5.032193817082194,13.943693311006438,104.08861538461538,58.569500000000005,78,3,0.004308230709068495,False
138616,,"Sanuk Systems (Thailand) Co., Ltd",broadband,2023-Q1,2023,1,83.10978012731915,60.16378250077667,76.8255474143069,57.36355422518002,61.229613333333354,37.848,75,10,0.004142529527950475,False
132879,,Rajabhat Mahasarakham University,broadband,2023-Q1,2023,1,40.07338111159383,35.349875098116904,8.849600883048073,14.674574543982247,136.9703108108108,101.9445,74,20,0.0040872958009111355,False
136781,,Department of Alternative Energy Development and Efficiency,broadband,2023-Q1,2023,1,36.67113687012403,19.777242587109058,17.16861321289883,7.4798258356481,76.22547826086955,29.69,69,6,0.003811127165714437,False
63951,,THAICOM Public Company Limited,broadband,2023-Q1,2023,1,42.84350810681199,6.02314803605063,40.46207943786459,7.832441885435022,78.4644328358209,62.851,67,17,0.003700659711635758,False
139657,,University of the Thai Chamber of Commerce,broadband,2023-Q1,2023,1,12.325785179127188,6.852163160566859,13.700233727658311,7.282679790849339,103.6314769230769,80.663,65,51,0.0035901922575570784,False
138003,,Royal Police Cadet Academy,broadband,2023-Q1,2023,1,116.100721458579,79.87101507496274,39.33204224741917,66.60200533177814,55.557153846153845,32.428,65,2,0.0035901922575570784,False
56117,,KIATNAKIN,broadband,2023-Q1,2023,1,55.81369943646071,45.38625822418103,34.00424256385489,39.84339232741433,90.363890625,61.1395,64,1,0.003534958530517739,False
134089,,JasTel Network,broadband,2023-Q1,2023,1,115.81176564316232,236.7786650285624,77.70843548794686,93.4919655048207,79.05842857142856,28.446,63,1,0.0034797248034783993,False
45254,,"Internet Solution & Service Provider Co., Ltd.",broadband,2023-Q1,2023,1,73.1489368954543,43.728152274540726,62.777648623264554,10.288879476699123,57.872079365079365,36.779,63,4,0.0034797248034783993,False
132838,,"United Information Highway Co.,Ltd.",broadband,2023-Q1,2023,1,43.26088507635211,40.84069708842466,26.593781906656744,18.28584376896839,57.64696666666668,30.612000000000002,60,9,0.0033140236223603804,False
133919,,"University campus network, Rajamangala University of Technology Phra Nakhon",broadband,2023-Q1,2023,1,88.5892088493499,106.1910891054528,41.95916575181422,64.74371987101026,135.62879661016947,78.844,59,41,0.0032587898953210406,False
38296,,National Science and Technology Development Agency,broadband,2023-Q1,2023,1,85.92882435275159,77.56313390314166,42.601231528793086,46.13757250956991,91.67471186440679,45.934,59,17,0.0032587898953210406,False
45530,,Agoda Company Pte. Ltd.,broadband,2023-Q1,2023,1,102.47749511703537,90.4804583354978,57.7076661415194,28.652778502508195,85.54881034482759,31.6635,58,5,0.003203556168281701,False
135528,,Muban Chombueng Rajabhat University,broadband,2023-Q1,2023,1,149.19246126314542,121.78298298383125,56.911498176777464,50.79208538737761,102.48973684210526,34.244,57,6,0.003148322441242361,False
38328,,Ministry of Finance,broadband,2023-Q1,2023,1,62.11948698259355,26.144823100692044,51.38005504312233,10.966520743367232,108.64692727272727,69.475,55,9,0.003037854987163682,False
45800,,"Suan sunandha Rajabhat University, which is one university in Thailand",broadband,2023-Q1,2023,1,9.506330568542255,13.273068892044195,8.123156289991122,7.226637631196792,84.25744444444446,32.432500000000005,54,4,0.002982621260124342,False
140075,,Roi et Rajabhat University,broadband,2023-Q1,2023,1,42.185247481857985,30.017909327836644,8.17769069641933,8.213638964028538,132.2479230769231,93.33,52,1,0.0028721538060456626,False
151040,,"Urban Resort Hotel Co.,Ltd.",broadband,2023-Q1,2023,1,32.08917924642866,20.908566911707727,30.36516337418313,15.24972380022096,106.09723404255321,86.908,47,1,0.0025959851708489646,False
4776,,"A-Net Co., Ltd.",broadband,2023-Q1,2023,1,73.9400100834587,67.39294681022572,37.32762865901306,40.92423387959768,78.13554347826086,59.6395,46,9,0.002540751443809625,False
45455,,"Two S One N Co Ltd, Internet Service Provider and IT Solutions",broadband,2023-Q1,2023,1,29.327603487080843,27.08673784234317,28.09559965204312,26.26535423945527,87.03180434782608,44.269999999999996,46,5,0.002540751443809625,False
58930,,My Telecom Group Company Limited,broadband,2023-Q1,2023,1,44.212946516072655,36.7273362971042,32.119017818999275,32.754807361075876,89.07044444444445,77.177,45,20,0.002485517716770285,False
147176,,"NZ Network Enterprise Co., Ltd.",broadband,2023-Q1,2023,1,27.77097557809866,16.329122060515793,16.749534884397423,5.2187588587416,118.17068888888888,77.224,45,37,0.002485517716770285,False
131246,,"LOEI university network ,LOEI, Thailand",broadband,2023-Q1,2023,1,41.8381700059524,32.13026194888288,33.77577629324046,23.15165651197941,154.30472093023258,80.488,43,7,0.002375050262691606,False
17827,,Sukhothai Thammathirat Open University,broadband,2023-Q1,2023,1,142.08522913159604,124.26391068426524,128.28879373919978,19.46062096985089,92.70785365853659,62.419,41,27,0.0022645828086129264,False
134718,,OSD Internet Company Limited,broadband,2023-Q1,2023,1,20.170505715892016,4.692300094125756,2.0016342254963715,2.37379732508663,114.51621951219512,59.837,41,4,0.0022645828086129264,False
137545,,KPN AWARD,broadband,2023-Q1,2023,1,46.85138719288383,14.88429556080309,14.939419674833674,10.837073443100815,52.88463414634146,38.917,41,2,0.0022645828086129264,False
18409,,"Bank of Thailand, Bangkok, Thailand",broadband,2023-Q1,2023,1,38.816135785722835,36.07693709416716,34.70395022903041,43.156838926333975,39.42215,28.0,40,1,0.0022093490815735866,False
24393,,The Secretariat of House of the Representive,broadband,2023-Q1,2023,1,45.29082039037653,43.769091522491046,32.33594773101973,22.43176613199515,69.249375,57.4385,40,7,0.0022093490815735866,False
132013,,True Internet assigned for ICS,broadband,2023-Q1,2023,1,83.74426859638217,145.70977437934567,60.69654977768708,49.91260732292805,59.87595,33.17100000000001,40,3,0.0022093490815735866,False
133328,,Bangkok Patana School,broadband,2023-Q1,2023,1,140.16310295051827,143.63900138195152,83.06783273920752,94.77097426123164,87.93064102564104,50.207,39,6,0.0021541153545342473,False
55938,,Expressway Authority of Thailand,broadband,2023-Q1,2023,1,48.3261178562785,61.97393081692098,29.390506984358506,41.90329577714647,123.24264864864867,44.055,37,2,0.0020436479004555677,False
133042,,Office of the basic education commission,broadband,2023-Q1,2023,1,67.04570998764194,56.285822396327845,46.644083999169226,38.52938076039931,89.4323888888889,61.3475,36,28,0.001988414173416228,False
55760,,Mahanakorn University Of Technology,broadband,2023-Q1,2023,1,34.30491694874449,23.08741531591846,19.514084436214176,9.351857680863262,133.08702777777776,34.28,36,34,0.001988414173416228,False
140660,,Satit Pattana School,broadband,2023-Q1,2023,1,54.66680449421888,9.722179145508594,22.731012765191025,0.1165453220111901,62.79955882352941,62.4415,34,1,0.0018779467193375489,False
132300,,"NIPA TECHNOLOGY CO., LTD",broadband,2023-Q1,2023,1,16.51337620766749,6.997560863134646,5.68470454212704,5.833408691414487,105.84630303030305,79.267,33,11,0.001822712992298209,False
140867,,"International gateway co., Ltd",broadband,2023-Q1,2023,1,30.689064951677373,11.03273387707504,15.799593926597808,6.744484076572034,194.05478787878792,191.467,33,20,0.001822712992298209,False
140699,,Royal Thai Army,broadband,2023-Q1,2023,1,58.98842085028624,26.823282692520717,45.84587464953418,10.768947036551074,74.64875,60.772499999999994,32,3,0.0017674792652588695,False
45533,,Comptroller General's Department,broadband,2023-Q1,2023,1,34.89726623153845,21.42907586772364,9.166442901456733,7.912993914771176,75.9363,57.8405,30,3,0.0016570118111801902,False
139889,,Department of Fisheries,broadband,2023-Q1,2023,1,73.88228919101796,61.49787412342444,75.26711779585857,79.05324601662868,79.70473333333332,58.5225,30,1,0.0016570118111801902,False
63989,,DE-CORP,broadband,2023-Q1,2023,1,23.87232875172557,37.76136664171001,24.821651453684574,18.919777043067736,143.7666428571429,91.94300000000001,28,9,0.0015465443571015106,False
45581,,INFONET THAILAND ISP,broadband,2023-Q1,2023,1,37.649184167897566,12.445601279896632,8.922177199212623,3.7363528946276574,85.08528571428572,34.649,28,2,0.0015465443571015106,False
133791,,Teledirect Telecommerce,broadband,2023-Q1,2023,1,165.253224017898,165.32392187389212,160.46327123450976,69.54252004692783,43.22874074074074,29.0,27,2,0.001491310630062171,False
55925,,"469 Nakronsawan.Rd, Chidrada Dusit",broadband,2023-Q1,2023,1,16.84249542366047,23.83953596893691,13.843197525845554,10.977557350997696,53.611666666666665,33.864,27,3,0.001491310630062171,False
17901,,One to One Contacts Public Company Limited.,broadband,2023-Q1,2023,1,70.99830582729551,70.4670793358251,43.0994801317541,42.9550220660146,96.12559999999999,59.587,25,2,0.0013808431759834918,False
137546,,"Faculty of Engineering , Rajamangala University of",broadband,2023-Q1,2023,1,155.12514831431488,108.39961643867377,139.9807748705449,124.87284141357199,73.62466666666667,60.05,24,13,0.001325609448944152,False
38265,,Sisaket Rajabhat University,broadband,2023-Q1,2023,1,96.8765778907911,79.70317394772852,56.935458046534094,44.974401780968265,113.42758333333335,79.8015,24,1,0.001325609448944152,False
17565,,"Advance Datanetwork Communications Co.,Ltd. BuddyB service. Bangkok",broadband,2023-Q1,2023,1,24.511057146048316,10.673803163386593,19.226828805177735,5.641613123833216,57.358999999999995,34.0625,22,2,0.0012151419948654726,False
7485,,Samart - Advanced Metering Infrastructure(AMI),broadband,2023-Q1,2023,1,65.90915772248457,56.4515020356591,77.94912188649279,42.0309573151927,61.5042380952381,54.348,21,1,0.001159908267826133,False
135381,,SiS Distribution (Thailand) Public Company Limited ,broadband,2023-Q1,2023,1,9.2534522617266,5.060342714108295,6.983315060732829,5.253788745139129,150.0080476190476,63.085,21,7,0.001159908267826133,False
140326,,Symphony Communication Public Company Limited for TC,broadband,2023-Q1,2023,1,9.809092871435599,6.267701011497114,9.789063310776715,3.8399875397617804,73.44784999999999,44.3255,20,3,0.0011046745407867933,False
138353,,NIST INTERNATIONAL SCHOOL,broadband,2023-Q1,2023,1,134.26753602434735,162.01414705435877,135.42004282497322,126.91407570310916,92.5841,60.5,20,1,0.0011046745407867933,False
45197,,"Boonthavorn Co., Ltd.",broadband,2023-Q1,2023,1,43.06163674646237,32.55339855445536,2.5536883644296955,2.1514611611189696,98.34131578947368,60.0,19,1,0.0010494408137474538,False
133909,,Siam E Business Limited Partnership,broadband,2023-Q1,2023,1,98.26868079096808,32.74753805406825,99.04643325384744,24.278436108166677,56.41668421052631,35.907,19,5,0.0010494408137474538,False
133581,,"Thailand Post Co,.Ltd.",broadband,2023-Q1,2023,1,46.49329986389033,22.883274220187047,34.28875922618848,0.6033556381613069,37.5,30.07,19,4,0.0010494408137474538,False
136906,,NNCK,broadband,2023-Q1,2023,1,17.95480931526249,8.232409288164334,17.778754136918806,7.4568561246857925,106.35955555555556,56.664,18,7,0.000994207086708114,False
138344,,"MSIG Insurance (Thailand) Co., Ltd., Installation Site MSIG Insurance (Thailand) Co., Ltd., Kwang, Khet , Province Bangkok",broadband,2023-Q1,2023,1,112.2121002175609,53.26983117033583,45.26626690208282,5.854841554379399,127.36794444444445,67.7595,18,12,0.000994207086708114,False
137394,,Dhonburi Rajabhat University,broadband,2023-Q1,2023,1,5.565557141422889,7.373531328144847,3.7564491491212983,6.025742694052398,48.39594444444444,30.3085,18,1,0.000994207086708114,False
140725,,Thai Customs Department,broadband,2023-Q1,2023,1,22.72072958026331,14.733309629988232,6.029805489686044,8.962944644614804,93.47794444444443,27.054000000000002,18,2,0.000994207086708114,False
200250,,Hoang Phi Hai,broadband,2023-Q1,2023,1,14.618880802764586,5.773624253163708,4.144191814799504,2.763713333182918,227.55458823529415,226.92,17,7,0.0009389733596687744,False
138215,,Royal Thai Police,broadband,2023-Q1,2023,1,100.68087381476094,102.04249592446898,72.99800072419124,67.97452469993837,64.46976470588234,59.191,17,3,0.0009389733596687744,False
63972,,SOCIAL,broadband,2023-Q1,2023,1,32.04609814021919,21.23369773372195,3.1767084084889827,4.41960973287302,41.94958823529412,30.412,17,1,0.0009389733596687744,False
55642,,Control Data (Thailand) Ltd,broadband,2023-Q1,2023,1,106.93587068916615,115.36411110582726,92.5431243272605,98.96180504169278,68.4435294117647,36.084,17,2,0.0009389733596687744,False
132201,,Land and Houses Bank Public Company Limited,broadband,2023-Q1,2023,1,37.96917008238824,34.449237987038615,30.713750789887875,18.07656839965383,137.34756249999998,121.7725,16,1,0.0008837396326294348,False
132821,,"Trinity Securities Co., Ltd.",broadband,2023-Q1,2023,1,33.65649224626513,32.93372586697994,39.42198068463071,42.11859259588698,64.7404,59.147,15,1,0.0008285059055900951,False
134064,,The Chulabhorn Graduate Institute Campus Network Member of UniNet,broadband,2023-Q1,2023,1,22.415575181846968,16.627923872134986,20.310348846350134,10.666513600918394,50.30773333333333,29.727,15,4,0.0008285059055900951,False
140032,,United Overseas Bank (Thai) Public Company Limited,broadband,2023-Q1,2023,1,375.69325510559196,226.68853514429222,402.19576963526015,197.37956012564183,54.554642857142866,59.1755,14,1,0.0007732721785507553,False
139329,,Siam Piwat Company Limited,broadband,2023-Q1,2023,1,124.24930771132153,113.94260948847402,92.48884400636808,57.89521639849532,57.96535714285715,46.8305,14,2,0.0007732721785507553,False
132172,,Fiscal Policy Office,broadband,2023-Q1,2023,1,106.99301556127601,120.20060552193247,78.78210821012522,87.31812617336162,37.60942857142857,30.936,14,1,0.0007732721785507553,False
37983,,CSLOXINFO,broadband,2023-Q1,2023,1,101.98202955938625,98.57041485971862,52.09051439902083,83.16079540216,98.86385714285713,46.0425,14,1,0.0007732721785507553,False
141207,,Thai Life Insurance PCL.,broadband,2023-Q1,2023,1,40.51501279035587,30.311138345094715,40.503889993192274,31.830540073369196,85.88185714285714,53.311,14,1,0.0007732721785507553,False
132493,,"Lampang-Meatha Rd., Thambon Chomphu Ampher Maung Lampang 52100",broadband,2023-Q1,2023,1,46.205088371205406,80.49977725030378,27.350704150772373,50.03107602808272,191.97035714285715,222.1665,14,6,0.0007732721785507553,False
45752,,Provincial waterworks authority,broadband,2023-Q1,2023,1,109.56538150122519,60.73327940151423,85.86083760922901,4.201516416636227,67.92864285714286,65.256,14,6,0.0007732721785507553,False
138906,,Ministry of Culture,broadband,2023-Q1,2023,1,59.10493982070516,120.29947212564483,29.348002047795973,23.331330877680173,51.044384615384615,56.0,13,1,0.0007180384515114157,False
24040,,"DataOne Asia (Thailand) Co.,Ltd.",broadband,2023-Q1,2023,1,18.841337479379472,8.753824453698838,24.241970435491282,11.843857793791077,79.91716666666667,57.542500000000004,12,3,0.000662804724472076,False
134095,,National ITMX Company Limited,broadband,2023-Q1,2023,1,19.847895878771244,20.48262326670011,16.474248358880775,13.779801212594375,68.13,34.570499999999996,12,1,0.000662804724472076,False
24042,,"Bangkok Airways Co., Ltd.",broadband,2023-Q1,2023,1,59.48396709030467,53.15663914283163,64.85620124990851,28.200604172085345,62.958916666666674,61.933,12,2,0.000662804724472076,False
150686,,State Railway of Thailand,broadband,2023-Q1,2023,1,86.23025747175882,52.39333577735985,69.26368591743949,17.40321311973865,85.43149999999999,62.981,12,3,0.000662804724472076,False
142131,,AEON Thana Sinsap (Thailand) Public Company Limited,broadband,2023-Q1,2023,1,47.49584976898846,73.31910452096038,55.48672307332407,91.45836258196454,30.369333333333334,29.436,12,1,0.000662804724472076,False
45537,,C/o Cs Loxinfo Public Company Limited,broadband,2023-Q1,2023,1,133.68236201124208,36.494915397911655,56.64306308450821,45.49809165603077,95.52936363636364,66.562,11,3,0.0006075709974327363,False
45255,,"Hi-tech Nittsu (Thailand) Co.,Ltd.",broadband,2023-Q1,2023,1,39.972423345781685,39.33268274211256,30.01315596476465,34.29884359063489,107.10645454545455,51.829,11,1,0.0006075709974327363,False
45796,,UIH / BB Connect,broadband,2023-Q1,2023,1,40.811870164111134,22.382567267669444,32.01461652810942,11.126063024194043,40.6023,35.072500000000005,10,4,0.0005523372703933967,False
138962,,Bangkok Insurance Public Company Limited,broadband,2023-Q1,2023,1,108.02649160434518,62.74319177082618,93.95700632093995,15.225047994779146,95.7218,59.341,10,2,0.0005523372703933967,False
1828,,Unitas Global,broadband,2023-Q1,2023,1,146.1890125391057,137.03840696332878,142.33014779885153,124.51738743386193,136.8176,29.9295,10,1,0.0005523372703933967,False
139724,,Tobacco Authority of Thailand,broadband,2023-Q1,2023,1,30.79017826692708,18.180606676693248,17.209875651586874,7.182627093107162,84.28900000000002,29.5325,10,2,0.0005523372703933967,False
59374,,Bangmod Enterprise,broadband,2023-Q1,2023,1,11.44797857410907,16.864585819401103,13.552635079974602,8.07982929622594,105.01711111111112,62.983,9,5,0.000497103543354057,False
134695,,Mass Rapid Transit Authority of Thailand,broadband,2023-Q1,2023,1,49.53196076444155,60.82885659607014,37.70391149998415,52.334942281782986,61.56777777777778,64.151,9,2,0.000497103543354057,False
138427,,Thailand Institute of Nuclear Technology (Public Organization),broadband,2023-Q1,2023,1,60.61845780919028,35.21258140082788,83.83800676631688,34.97137796618492,59.47966666666667,54.624,9,3,0.000497103543354057,False
141736,,"Wisepaq Business Solutions Provider Co., Ltd.",broadband,2023-Q1,2023,1,32.33008828809469,12.0220694990356,2.573014544786806,1.365864833885461,47.920666666666676,56.387,9,2,0.000497103543354057,False
45959,,"Thai Reinsurance Public Co., Ltd.",broadband,2023-Q1,2023,1,10.739066874384738,8.283934240626069,11.967808895797422,8.406411534025652,32.834875,29.274,8,1,0.0004418698163147174,False
9835,,Government Information Technology Services,broadband,2023-Q1,2023,1,86.60934161601892,35.364469374824026,15.479249832737084,3.6371920836532325,76.658625,62.210499999999996,8,6,0.0004418698163147174,False
55498,,"Greenline Synergy Co.,Ltd.",broadband,2023-Q1,2023,1,36.894226288143436,12.854956126140312,28.386803427867967,2.686804587587117,237.36212499999996,235.8505,8,2,0.0004418698163147174,False
135635,,Tourism authority of Thailand,broadband,2023-Q1,2023,1,31.34819674105818,29.37876267253771,34.575209800249944,32.16398266235642,66.08514285714287,30.261,7,1,0.00038663608927537766,False
24060,,KTB COMPUTER SERVICES COMPANY LIMITED,broadband,2023-Q1,2023,1,20.51278879851186,10.367106564298023,16.467860025737767,0.08169398095664362,58.75257142857142,58.561,7,2,0.00038663608927537766,False
149036,,Waterfront Hotel c/o Symphony Communication Public Company Limited,broadband,2023-Q1,2023,1,55.28792787933276,38.71560557530871,46.40347422265298,44.42476781597517,91.67485714285715,62.469,7,2,0.00038663608927537766,False
45229,,"United Nation - Property Management Sub-unit, Thailand",broadband,2023-Q1,2023,1,119.65614702603251,45.50809579921759,125.25163170949875,39.03597544290504,150.67885714285714,63.544,7,2,0.00038663608927537766,False
131447,,POPIDC powered by CSLoxinfo,broadband,2023-Q1,2023,1,2.508281119616098,0.4572848329066895,0.9514432691138339,0.5116009696745555,164.66085714285714,113.161,7,1,0.00038663608927537766,False
55325,,Eastern Water Resources Development and Management Company,broadband,2023-Q1,2023,1,120.546311955039,0.5647412104573247,148.7140518379559,0.5647412104573247,64.07985714285714,50.997,7,2,0.00038663608927537766,False
58690,,"Internet East Co., Ltd.",broadband,2023-Q1,2023,1,27.541755417605483,19.485723209668862,23.25785615954803,19.559053524206767,139.0705714285714,70.949,7,1,0.00038663608927537766,False
154177,,LIGHT NODE LIMITED,broadband,2023-Q1,2023,1,36.72270086629886,37.216437647218505,29.01928735074626,20.21180942171842,88.26366666666667,86.042,6,3,0.000331402362236038,False
55927,,"UOB Kay Hian Securities (Thailand) Co., Ltd.",broadband,2023-Q1,2023,1,83.59791120791768,12.00717960796657,10.029081880175235,3.5679138566891466,165.03683333333333,162.9655,6,2,0.000331402362236038,False
140918,,CMKL University,broadband,2023-Q1,2023,1,176.17410577002101,194.67015268870296,193.8733753202631,194.67015268870296,75.17033333333333,74.4865,6,1,0.000331402362236038,False
152734,,Maxnito Company Limited,broadband,2023-Q1,2023,1,130.01761507662457,76.27649770070256,86.04739274771765,91.36337409243026,38.602833333333336,31.538,6,3,0.000331402362236038,False
23687,,The Institute for the Promotion of Teaching Science,broadband,2023-Q1,2023,1,29.48910279762254,59.40319841961063,29.7629657654819,26.96977026409256,142.81316666666666,38.0765,6,1,0.000331402362236038,False
55932,,The Thai Bond Market Association,broadband,2023-Q1,2023,1,10.832601420542417,6.043452659301515,10.926114185437529,5.648577210157921,48.532333333333334,48.667,6,2,0.000331402362236038,False
17823,,"T.H.NIC Co.,Ltd.",broadband,2023-Q1,2023,1,6.008361586298438,5.3839394254807695,3.8114275472327304,5.3839394254807695,120.83380000000002,36.36,5,1,0.00027616863519669833,False
38184,,Thaivivat Insurance,broadband,2023-Q1,2023,1,17.826896207207025,8.299571997854537,18.792439644605402,9.892564123844942,68.0514,74.194,5,2,0.00027616863519669833,False
151808,,Hatyai University.,broadband,2023-Q1,2023,1,97.09042274209864,51.89165476215883,59.09668843595631,54.664581845502205,76.7302,80.033,5,1,0.00027616863519669833,False
136457,,THAIAIRASIA CSL,broadband,2023-Q1,2023,1,59.594196773566146,67.75872150614722,74.86062475579723,67.75872150614722,76.8606,28.408,5,3,0.00027616863519669833,False
152727,,"Villa Market JP Co.,Ltd",broadband,2023-Q1,2023,1,89.28304197795426,245.6187099779362,40.159389033792934,292.2797475298683,59.927800000000005,75.258,5,1,0.00027616863519669833,False
150300,,"The Permanent Secretary, Ministry of Transport of Thailand",broadband,2023-Q1,2023,1,45.76917668948125,8.611606513768095,26.697244961072524,2.938230337230332,73.712,70.638,5,3,0.00027616863519669833,False
137422,,Bupa Health Insurance (Thailand) Public Company Limited,broadband,2023-Q1,2023,1,31.62051845714146,44.740557995116404,4.83567481813553,7.661695072537969,141.51425,139.80949999999999,4,2,0.0002209349081573587,False
38326,,Chiva-Som international,broadband,2023-Q1,2023,1,19.028123430690982,11.406815367335756,16.15543156091262,10.825895140916398,102.33650000000002,42.6435,4,1,0.0002209349081573587,False
149503,,Name: Mahamakut Buddhist University network.,broadband,2023-Q1,2023,1,71.72451717588795,78.3565621304177,46.60008667430848,34.17921869975123,89.601,57.6525,4,1,0.0002209349081573587,False
141715,,"Apex Circuit (Thailand) Co.,Ltd.",broadband,2023-Q1,2023,1,214.83878186169505,1.0995765096905221,177.36002750685603,1.0995765096905221,85.991,39.8215,4,3,0.0002209349081573587,False
38886,,"The Government Lottery Office, Thailand",broadband,2023-Q1,2023,1,145.3365425649787,149.92041696161698,52.40373217001812,65.33308953083909,159.6275,128.709,4,4,0.0002209349081573587,False
149481,,AXA Technology Services Asia (HK) Limited,broadband,2023-Q1,2023,1,38.01134160143064,21.597574302706935,44.44529612885219,27.947057909998446,32.99225,32.3,4,1,0.0002209349081573587,False
38231,,"CIMB Securities Co., Ltd.",broadband,2023-Q1,2023,1,69.79594072674946,43.22220042919083,44.12075769344493,19.791958172199685,55.019749999999995,56.8245,4,1,0.0002209349081573587,False
24083,,Siam City Cement Public Company Limited,broadband,2023-Q1,2023,1,14.462910390608473,6.776757547370532,2.816974328000973,2.144181018007928,103.07275,59.656000000000006,4,2,0.0002209349081573587,False
133761,,Mr. Naphat,broadband,2023-Q1,2023,1,33.69834846477578,73.69512398546944,9.172286866696936,73.69512398546944,138.91575,126.952,4,2,0.0002209349081573587,False
137919,,BTS,broadband,2023-Q1,2023,1,68.49362151252173,113.39601467500165,70.67953269115657,113.39601467500165,62.09925,53.5445,4,1,0.0002209349081573587,False
55790,,NETONE,broadband,2023-Q1,2023,1,93.64874967471569,46.62433777918749,66.42612586038646,16.613098675629253,106.18,71.2535,4,3,0.0002209349081573587,False
38820,,CSLOXINFO,broadband,2023-Q1,2023,1,44.957969488296094,11.119981460487622,7.140064430011782,7.765854829250147,42.02166666666667,32.256,3,3,0.000165701181118019,False
56118,,OCSC,broadband,2023-Q1,2023,1,22.90717388566218,35.17239055224777,16.0624978546514,35.17239055224777,140.61633333333333,30.0,3,1,0.000165701181118019,False
55514,,Electricity Generating Authority of Thailand (EGAT),broadband,2023-Q1,2023,1,207.08419527603257,193.62344327253845,259.3588105622476,263.7058425234378,37.43366666666666,25.769,3,2,0.000165701181118019,False
24190,,The Stock Exchange of Thailand,broadband,2023-Q1,2023,1,61.53542067251169,52.6797925603788,83.2052752600893,52.6797925603788,46.99033333333333,28.679,3,1,0.000165701181118019,False
398296,,Digitalsystem Technology Inc.,broadband,2023-Q1,2023,1,50.405335886465934,28.432401912008316,44.081718820670886,30.447163332606728,33.60833333333333,33.412,3,3,0.000165701181118019,False
147187,,Bualuang Securities,broadband,2023-Q1,2023,1,101.84400802992779,271.7888580080797,106.25374138918757,271.7888580080797,183.66666666666666,179.0,3,1,0.000165701181118019,False
149762,,"Hakuhodo (Bangkok) Co., Ltd.",broadband,2023-Q1,2023,1,37.21933221874886,22.389163576349404,34.81960232323616,22.389163576349404,114.11966666666667,99.0,3,2,0.000165701181118019,False
137392,,KTB Securities (Thailand) Company Limited,broadband,2023-Q1,2023,1,24.156689147433728,19.598155378806922,20.975241394723923,20.455833935461342,100.91533333333335,26.798,3,1,0.000165701181118019,False
38718,,CSLOXINFO,broadband,2023-Q1,2023,1,75.0817073394801,59.18627254842036,66.07833341999272,71.2925238037146,83.49233333333332,72.945,3,1,0.000165701181118019,False
133167,,"TMB Bank, Phahonyothin branch. ,",broadband,2023-Q1,2023,1,17.500213417516736,16.386377236638506,15.02660934764109,14.983592941017648,73.70733333333334,58.954,3,3,0.000165701181118019,False
206614,,Taboola.com ltd,broadband,2023-Q1,2023,1,90.91667467484228,119.59959287330817,103.49499310056969,117.53031744755637,56.80133333333333,58.619,3,1,0.000165701181118019,False
136035,,Department of Tourism,broadband,2023-Q1,2023,1,75.16552555801134,105.59995856017377,80.93970137635912,101.42220049850334,47.17633333333333,40.313,3,2,0.000165701181118019,False
23892,,United Communication Industry PCL.,broadband,2023-Q1,2023,1,359.7549352852973,95.87676198812586,359.7549352852973,95.87676198812586,56.9965,56.9965,2,1,0.00011046745407867935,False
140983,,Dhipaya Insurance Public Co. Ltd.,broadband,2023-Q1,2023,1,42.779165649576846,,42.779165649576846,,118.6025,118.6025,2,2,0.00011046745407867935,False
18408,,CSLOXINFO,broadband,2023-Q1,2023,1,10.596905649864613,,10.596905649864613,,83.9445,83.9445,2,1,0.00011046745407867935,False
17478,,Bangkok Metropolitan Administration,broadband,2023-Q1,2023,1,6.149239429163973,6.600283124966064,6.149239429163973,6.600283124966064,27.497,27.497,2,2,0.00011046745407867935,False
56223,,"Thai Summit Autopart Industry Co.,Ltd",broadband,2023-Q1,2023,1,90.47722902768457,,90.47722902768457,,28.565,28.565,2,2,0.00011046745407867935,False
139892,,Metropolitan Waterworks Authority,broadband,2023-Q1,2023,1,96.53970912528258,33.67035726613039,96.53970912528258,33.67035726613039,60.4025,60.4025,2,2,0.00011046745407867935,False
55634,,"Kasikorn Asset Management Co.,Ltd.",broadband,2023-Q1,2023,1,44.654501783700425,50.87684741674138,44.654501783700425,50.87684741674138,28.091,28.091,2,1,0.00011046745407867935,False
17978,,SERVCORP AUSTRALIAN HOLDINGS LTD,broadband,2023-Q1,2023,1,22.96209361995505,15.605894238297719,22.96209361995505,15.605894238297719,43.8805,43.8805,2,1,0.00011046745407867935,False
137977,,ONE TO ONE CONTACTS PUBLIC COMPANY LIMITED ,broadband,2023-Q1,2023,1,43.92316687222713,44.50768436307084,43.92316687222713,44.50768436307084,47.4345,47.4345,2,1,0.00011046745407867935,False
45248,,"United Information Highway Co.,Ltd",broadband,2023-Q1,2023,1,254.36167210997212,359.60297846749046,254.36167210997212,359.60297846749046,102.8425,102.8425,2,2,0.00011046745407867935,False
24097,,CSLOXINFO Project for Magnecomp Precision,broadband,2023-Q1,2023,1,95.98691506873334,8.603003466300335,95.98691506873334,8.603003466300335,45.18,45.18,2,2,0.00011046745407867935,False
132133,,"SB.Furniture House Co.,Ltd",broadband,2023-Q1,2023,1,0.4734128580267373,4.123532273827434,0.4734128580267373,4.123532273827434,55.173,55.173,2,1,0.00011046745407867935,False
4637,,Telstra Global,broadband,2023-Q1,2023,1,3.3705402824459214,0.729626139820525,3.3705402824459214,0.729626139820525,334.789,334.789,2,2,0.00011046745407867935,False
9339,,CSLOXINFO,broadband,2023-Q1,2023,1,8.740622531035992,3.1870403525587045,8.740622531035992,3.1870403525587045,199.1275,199.1275,2,2,0.00011046745407867935,False
24344,,Chiangmai Rajabhat University,broadband,2023-Q1,2023,1,2.1614327255140564,,2.1614327255140564,,166.731,166.731,2,1,0.00011046745407867935,False
135676,,National Institute for Emergency Medicine,broadband,2023-Q1,2023,1,25.531381166899536,15.289728150820828,25.531381166899536,15.289728150820828,30.2725,30.2725,2,1,0.00011046745407867935,False
18356,,Aware Corporation Autonomous System,broadband,2023-Q1,2023,1,37.50353481917766,69.76829357070116,37.50353481917766,69.76829357070116,32.7985,32.7985,2,1,0.00011046745407867935,False
10227,,Institute Rajabhat Suandusit,broadband,2023-Q1,2023,1,6.240650336657057,,6.240650336657057,,68.164,68.164,1,1,5.523372703933967e-05,False
134240,,Super Broadband Network Company Limited,broadband,2023-Q1,2023,1,2.7976694578259105,2.1594814113402774,2.7976694578259105,2.1594814113402774,105.261,105.261,1,1,5.523372703933967e-05,False
38554,,ICL (THAILAND),broadband,2023-Q1,2023,1,145.59280478920718,145.29306070662992,145.59280478920718,145.29306070662992,30.197,30.197,1,1,5.523372703933967e-05,False
135586,,INTERLINK COMMUNICATION PCL.,broadband,2023-Q1,2023,1,49.13236722049555,,49.13236722049555,,32.692,32.692,1,1,5.523372703933967e-05,False
152915,,The Office of the Securities and Exchange Commission (Head Office),broadband,2023-Q1,2023,1,230.5893922871815,16.676179423936624,230.5893922871815,16.676179423936624,33.122,33.122,1,1,5.523372703933967e-05,False
136023,,"PTE Group Co., Ltd",broadband,2023-Q1,2023,1,7.569221662457528,0.8469590642105327,7.569221662457528,0.8469590642105327,189.106,189.106,1,1,5.523372703933967e-05,False
133376,,"LAZADA Co.,Ltd.",broadband,2023-Q1,2023,1,3.1663143668035905,0.08203827026114703,3.1663143668035905,0.08203827026114703,221.907,221.907,1,1,5.523372703933967e-05,False
135566,,National Telecom Public Company Limited,broadband,2023-Q1,2023,1,28.604577867557012,4.407612904051555,28.604577867557012,4.407612904051555,114.226,114.226,1,1,5.523372703933967e-05,False
17552,True,True Online,broadband,2023-Q2,2023,2,80.89406277409921,57.74899794009511,41.59164706961152,25.18972675272801,150.24711016740963,114.741,297299,161228,24.55358654528306,True
133481,AIS,AIS Fibre,broadband,2023-Q2,2023,2,109.74310760532641,78.98710910247424,51.795752543017656,29.179165356621567,81.68539492641945,63.449,227228,91945,18.766502287298575,True
45758,3BB,Triple T Broadband Public Company Limited,broadband,2023-Q2,2023,2,85.84490824745679,59.78694729786383,33.76048236607015,24.797930873442866,132.13095409051235,63.832,219016,95528,18.088282539805768,True
23969,NT,TOT Public Company Limited,broadband,2023-Q2,2023,2,61.12841777364208,45.23597376489004,24.831166099831616,9.657798529062225,129.87593182183812,74.802,174210,73413,14.387805919474205,True
7470,True,"TRUE INTERNET Co.,Ltd.",broadband,2023-Q2,2023,2,32.7636423235101,19.954665344248117,14.87859704381501,6.512343653735906,76.07809004376205,55.666,67876,6640,5.605801702486834,True
45430,AIS,SBN-IIG/AWN-IIG transit provider,broadband,2023-Q2,2023,2,57.96023963243517,34.59199125330394,12.661345650831311,5.787573012653243,100.04753296271934,75.873,47146,31637,3.8937345610443197,True
131090,NT,National Telecom Public Company Limited,broadband,2023-Q2,2023,2,71.95614308449606,53.788398010771935,37.433891721158645,23.323177396536344,69.99366865612252,66.0,40224,16600,3.3220544475341858,True
138524,3BB,Triple T Broadband Public Company Limited,broadband,2023-Q2,2023,2,67.29744598189858,49.96039033062317,31.05462906285824,19.041466575467282,90.07384798765509,56.8675,31771,10977,2.623930783925234,True
136538,AIS,AIS SUPER WiFi,broadband,2023-Q2,2023,2,72.22763933510389,51.011954034965875,43.37403726268802,18.990155373526534,63.40622978776373,62.315,16068,5360,1.3270378595609411,True
9931,NT,National Telecom Public Company Limited,broadband,2023-Q2,2023,2,22.742784257221434,18.076511085609223,7.753503614633232,3.926683338301359,72.00491470242619,65.163,14468,2684,1.1948956778770037,True
(unknown),,,broadband,2023-Q2,2023,2,66.22303976344212,44.49900738094934,19.433304800110626,10.012688419185197,100.30037164369939,56.097,7041,2544,0.5815081882728769,True
4618,,Internet Thailand Company Limited,broadband,2023-Q2,2023,2,29.15734797700242,23.478088866355918,3.3767804003456052,4.286380912098823,97.9759267601197,82.345,6353,1167,0.5246870501487838,True
56309,,"Siamdata Communication Co.,Ltd.",broadband,2023-Q2,2023,2,12.818301786561323,4.590856634763051,5.58719574050668,2.274472110557789,149.88017934695185,87.154,6222,282,0.5138679090234115,True
132280,,Symphony Communication (Thailand) PCL.,broadband,2023-Q2,2023,2,52.55370013070032,41.937423172053315,28.777290156676102,17.27950219019018,74.53186789772728,59.29,5633,763,0.465223068391012,True
38794,United Information Highway,UIH,broadband,2023-Q2,2023,2,61.588066486422825,58.60109211122081,33.92972662647112,30.55989320293692,56.29191649601821,50.837,4396,610,0.36306064417661793,True
4750,,CS LOXINFO PUBLIC COMPANY LIMITED,broadband,2023-Q2,2023,2,43.710710479555296,32.303411365404266,26.896038385514853,13.79993346674604,78.01869997659723,58.322,4275,675,0.35306739168677015,True
4621,,UNINET-TH,broadband,2023-Q2,2023,2,75.41216872304187,76.94624514118465,31.56476227390803,26.596134254324195,67.855494273352,62.536,3931,540,0.3246568226247236,True
9335,NT,National Telecom Public Company Limited,broadband,2023-Q2,2023,2,9.799500463659978,4.667740785067904,4.122553247541534,2.1787729604620414,157.8487598862755,91.835,3871,135,0.319701490811576,True
23974,,Ministry of education,broadband,2023-Q2,2023,2,68.92751538074876,57.93012092043906,31.242405156592973,18.817929165253343,129.34962169878656,71.298,2802,1381,0.23141399567399532,True
58955,,"Bangmod Enterprise Co., Ltd.",broadband,2023-Q2,2023,2,12.623181028352915,4.938903690572029,6.834878195428391,3.0659948752789723,116.7979833265555,92.265,2460,100,0.2031686043390537,True
55423,,JasTel Network,broadband,2023-Q2,2023,2,39.96478145158517,36.96295262086529,20.39893353661157,17.057261633969834,68.31208972746332,56.047,2385,318,0.19697443957261915,True
131293,,TOT Public Company Limited,broadband,2023-Q2,2023,2,37.98166049163303,31.937765995172935,23.644086082570233,16.212140673483738,92.76933041191937,64.3735,2282,410,0.18846778662671568,True
56067,,453 Ladplacout Jorakhaebua,broadband,2023-Q2,2023,2,10.555700852838216,5.314403515681414,3.9775022347361757,2.932285800225271,182.10563553826196,109.834,1542,85,0.12735202759789466,True
45458,AIS,SBN-ISP/AWN-ISP and SBN-NIX/AWN-NIX,broadband,2023-Q2,2023,2,56.687249166378464,45.96016666092637,28.695326230119203,19.753533160878902,71.41616410670979,61.999,1237,216,0.10216242421439409,True
134100,,"Express Data Co.,Ltd",broadband,2023-Q2,2023,2,55.68652759186532,32.9199810098003,27.81930869315478,15.242263754891212,76.75946530147894,69.837,880,56,0.07267819992616556,True
9546,,Ministry of University Affairs,broadband,2023-Q2,2023,2,67.27983872058056,57.12824906701239,30.45102436081949,23.109876887548506,85.89174970760236,69.64,855,200,0.07061347833735404,True
3839,,Chulalongkorn University,broadband,2023-Q2,2023,2,66.69036222704635,84.44476221447367,29.047356543213276,35.554507660016725,81.70243165467625,57.843,834,269,0.06887911220275236,True
4762,,"Mahidol University, Thailand",broadband,2023-Q2,2023,2,84.14209438535241,77.5429600132066,35.76273644265455,12.778523838433754,105.317061500615,52.234,813,154,0.06714474606815068,True
9486,,King Mongkut's Institute of Technology Ladkrabang,broadband,2023-Q2,2023,2,76.32501085624168,69.55304398668179,43.2320525145588,18.489487037846665,131.30208024691356,87.03,810,379,0.06689697947749329,True
135419,,"Cableconnect Co.,Ltd",broadband,2023-Q2,2023,2,49.37716384187898,34.83866444319181,27.665117265597978,17.56425919470174,66.09582987012986,60.736999999999995,770,76,0.06359342493539487,True
9411,,"Kasetsart University, Thailand",broadband,2023-Q2,2023,2,79.94195438470328,85.7216370586092,43.20157746764985,32.68815878620593,60.92871120689655,52.83,696,376,0.05748184903251276,True
17479,,Chiang Mai University,broadband,2023-Q2,2023,2,84.0858003280317,62.64836986982652,50.46102963527923,29.068559890304176,120.8671848874598,70.55000000000001,622,67,0.051370273129630654,True
9464,,Prince of Songkla University (Sritrang'NET),broadband,2023-Q2,2023,2,43.53785499575179,47.621702181952315,20.328668989518224,12.264807165877986,76.46477177700349,61.227000000000004,574,294,0.04740600767911253,True
55403,,PTT Digital Solutions Company Limited,broadband,2023-Q2,2023,2,37.31375243315165,36.59827607837681,12.477818805768704,12.282001733000271,107.39314762741652,73.919,570,21,0.04707565222490269,True
138204,,"Sophon Broadband Networks co.,ltd",broadband,2023-Q2,2023,2,65.01686046048606,40.77220180532955,47.52538055743008,30.007152742778057,80.1588846846847,64.352,555,67,0.04583681927161578,True
7693,,KSC Commercial Internet Co. Ltd.,broadband,2023-Q2,2023,2,61.30453727429547,36.581479738941596,36.35994137707866,20.468296494911904,98.81146615087039,56.155,517,91,0.042698442456622264,True
7616,,JasTel Network,broadband,2023-Q2,2023,2,83.37119109966591,71.91675726624302,47.611564368710916,31.91504778811165,64.5237418699187,54.888999999999996,492,124,0.040633720867810745,True
135161,,"GMO-Z com NetDesign Holdings Co., Ltd.",broadband,2023-Q2,2023,2,13.407729905769518,4.909508477801247,9.942958861685064,4.185984721117421,92.76691928251121,84.818,447,37,0.03691722200795,True
38566,,NTTCTNET,broadband,2023-Q2,2023,2,24.8260149994802,19.719747418272373,13.446683255227246,8.11856565468175,61.517879795396425,56.785,391,59,0.032292245649012195,True
37992,,Thammasat University in thailand,broadband,2023-Q2,2023,2,23.222479005711424,15.309565659364713,15.432457749027245,9.035212152785352,87.28256430446194,60.865,381,136,0.031466357013487586,True
9562,,Mahasarakham University,broadband,2023-Q2,2023,2,71.16664457165358,73.18131571199757,46.003373339170835,51.203428203282044,70.64902972972973,68.642,370,25,0.030557879514410517,True
135034,,Planet Communications Asia Public Company Limited,broadband,2023-Q2,2023,2,123.94880808311301,48.59589073574424,81.97096514326635,24.87228450277786,62.293073369565214,53.567,368,34,0.030392701787305597,True
9551,,King Mongkut's University of Technology,broadband,2023-Q2,2023,2,136.70047532855264,146.53804405113786,113.58456387761517,92.7801168027886,56.79659598853867,58.719,349,101,0.02882351337980884,True
133193,,Provincial Electricity Authority (PEA),broadband,2023-Q2,2023,2,33.4206274003756,19.154198365879683,29.61301890062008,11.725606466469007,122.24267340067343,61.777,297,18,0.024528892475080874,True
9649,,Information Technology Office,broadband,2023-Q2,2023,2,57.65615534354531,54.888699893188104,36.01459503844531,17.055802051214755,96.3002304964539,61.342,282,97,0.02329005952179396,True
147027,,Royal Thai Armed Force Headquarters,broadband,2023-Q2,2023,2,57.436329102075845,56.80915470433808,33.077395970491445,28.404301930242244,130.87509747292418,62.995,279,63,0.02304229293113658,True
37932,,Rajamangala University of Technology Isan,broadband,2023-Q2,2023,2,68.63140982822277,72.43236618416786,20.79282972220053,13.52417907773192,81.32574725274725,70.185,273,93,0.022546759749821815,True
136393,,Symphony Communication (Thailand) PCL.,broadband,2023-Q2,2023,2,46.172759908380606,26.820302777870594,27.482746038762805,9.843806517985692,77.74041573033709,63.349,268,155,0.02213381543205951,True
38082,,"True International Gateway Co., Ltd.",broadband,2023-Q2,2023,2,22.378502611543954,14.984889455275864,7.503243044961627,5.77748955938886,191.05750196078435,106.048,255,53,0.021060160205877518,True
17887,,"T.C.C. Technology Co., Ltd.",broadband,2023-Q2,2023,2,47.93020917669737,41.8645869657184,23.773295935362235,15.700166750250125,127.5715135135135,60.7055,222,43,0.01833472770864631,True
55545,,Suranaree University of Technology,broadband,2023-Q2,2023,2,36.80185635719091,63.476523855120924,14.367848366163653,30.51241112401172,98.13559024390243,66.324,205,42,0.016930717028254477,True
138156,,"CSNE Co., Ltd.",broadband,2023-Q2,2023,2,2.95755406399155,2.1468778474009156,0.4839673607779881,1.6871554367071937,133.0842673267327,99.6905,202,28,0.016682950437597092,True
9903,,Rajamangala Institute of Technology,broadband,2023-Q2,2023,2,99.66854344010962,107.43716743299184,37.27662625047897,48.23054161158379,64.94491534391534,54.494,189,45,0.015609295211415103,True
134690,,Chulachomklao Royal Military academy member of UniNet,broadband,2023-Q2,2023,2,34.698167490315804,17.484007406641275,15.25898036965271,12.963182400433547,54.85760846560847,49.218,189,3,0.015609295211415103,True
45575,,Rajamangala University of Technology Srivijaya,broadband,2023-Q2,2023,2,41.586709241745055,50.887212025028944,33.57933361771559,23.54511760691367,77.21111956521739,75.20750000000001,184,34,0.015196350893652798,True
136624,,Sakon Nakhon Rajabhat University,broadband,2023-Q2,2023,2,88.55383549547624,91.58617669831804,74.58652052781412,86.88139148577937,85.77026630434781,78.0,184,10,0.015196350893652798,True
23884,,Proen Corp Public Company Limited.,broadband,2023-Q2,2023,2,27.434141927629895,47.46161222281579,9.895536840187045,17.55539383874968,83.49084482758623,58.852000000000004,174,54,0.01437046225812819,True
4827,,CSLOXINFO,broadband,2023-Q2,2023,2,56.11572917717515,36.341461316787935,18.193197883443908,11.76251239302465,81.47993827160495,61.6515,162,2,0.013379395895498658,True
38888,,"Milcom Co., Ltd. Internet Service Provider Bangkok",broadband,2023-Q2,2023,2,13.9878845887919,7.860850875467717,12.532089784702254,6.845249033118951,63.01650943396226,59.64,159,11,0.013131629304841276,True
9533,,King Mongkut's Institute of Technology North Bangkok,broadband,2023-Q2,2023,2,107.23469062856141,101.75465172666676,41.22824301199841,43.07370327674685,104.64474074074074,47.766,135,57,0.011149496579582216,True
138685,,Mahidol Wittayanusorn School,broadband,2023-Q2,2023,2,95.81626457413664,42.40300972645775,28.377380316675566,15.752555111137198,84.43799224806202,60.298,129,26,0.010653963398267451,True
23932,,Internet Service Provider,broadband,2023-Q2,2023,2,6.092277727680552,2.6957502954523185,1.472826949484784,2.2160942819707485,118.91649206349207,70.568,126,5,0.010406196807610069,True
18256,,Bank of Ayudhya Public Company Limited.,broadband,2023-Q2,2023,2,34.53654959710015,27.363478270268995,24.716828644433786,20.12241874734691,83.823312,63.28,125,4,0.010323607944057607,True
45806,,Siam Commercial Bank,broadband,2023-Q2,2023,2,15.468569548587624,21.477203366678292,12.403645728824205,12.095570511892314,58.73141176470587,57.0,119,17,0.009828074762742842,True
38293,,Ministry of Foreign Affairs,broadband,2023-Q2,2023,2,75.59037839450947,55.63636200619047,78.26153803388011,35.56653283507315,46.23880000000001,45.873,115,12,0.009497719308533,True
137850,,Mae Fah Luang University,broadband,2023-Q2,2023,2,131.839741446371,112.76610723142281,90.2199226831218,88.26460619017999,73.6755137614679,72.709,109,17,0.009002186127218233,True
9475,,Walailak University,broadband,2023-Q2,2023,2,90.82895966799431,85.58379714097933,53.98398512141347,65.51472324051686,100.70470093457944,61.195,107,16,0.008837008400113313,True
56112,,"Muang Thai Life Assurance Co., Ltd.",broadband,2023-Q2,2023,2,46.87614635896947,8.647772953225363,15.418385476076516,2.3228586713597887,131.22488679245285,68.656,106,3,0.00875441953656085,True
133880,,The Thai Red Cross Society,broadband,2023-Q2,2023,2,53.827612128032754,30.38613744088992,43.440315573988954,21.63943458152511,72.47117924528304,33.107,106,12,0.00875441953656085,True
38450,,Ministry of Infomation Communication Technology,broadband,2023-Q2,2023,2,29.1835162083805,20.12907514243853,18.966374490886043,7.192427669441616,85.83070192307693,70.215,104,40,0.008589241809455929,True
4767,,Computer Science,broadband,2023-Q2,2023,2,134.02811435754793,122.31875647041795,84.80909001979765,81.90519846695602,101.57183495145632,50.311,103,51,0.008506652945903468,True
132879,,Rajabhat Mahasarakham University,broadband,2023-Q2,2023,2,65.49071464862386,77.70536364260421,28.611310267504255,45.02038502480217,81.08582178217821,70.758,101,13,0.008341475218798546,True
23919,,Ramkhamhaeng University,broadband,2023-Q2,2023,2,138.95420917979277,158.7614449794234,91.90523346086874,92.0357746408492,49.132690000000004,32.439,100,17,0.008258886355246086,True
153182,,Sripatum University,broadband,2023-Q2,2023,2,59.1374847446149,53.63689684333192,52.45315443381479,43.08794327634531,87.38013541666668,59.9245,96,10,0.007928530901036242,False
7862,,Chevron Corporation,broadband,2023-Q2,2023,2,34.51394675989805,19.745066021195733,29.529664290422065,3.20046367091205,124.46656521739129,104.05799999999999,92,20,0.007598175446826399,False
135012,,Suan Dusit University,broadband,2023-Q2,2023,2,46.32425855285987,24.99171310634808,24.18117841811784,19.452876406364,90.4477912087912,63.078,91,11,0.007515586583273938,False
45847,,"university network ,Nakornsitammarat, Thailand",broadband,2023-Q2,2023,2,61.03120531169708,66.44360347972032,38.22971897843422,56.385407585407584,62.006,59.5815,90,5,0.007432997719721477,False
140618,,Silpakorn University,broadband,2023-Q2,2023,2,137.37615794691027,117.01836578687825,59.2840605877099,47.210751400911576,75.8139540229885,35.798,87,30,0.007185231129064095,False
133919,,"University campus network, Rajamangala University of Technology Phra Nakhon",broadband,2023-Q2,2023,2,57.84302393357231,63.09356726842025,17.029326050895097,43.768923834291805,86.49863218390806,57.296,87,37,0.007185231129064095,False
134073,,The Revenue Department,broadband,2023-Q2,2023,2,57.60935724560291,35.39037924038779,44.63403974695303,11.171109668821845,56.095494117647064,56.697,85,17,0.007020053401959173,False
4274,,Assumption University,broadband,2023-Q2,2023,2,93.9361858219364,99.44956617094093,83.32624878788434,85.46238161270617,81.71687058823528,59.575,85,46,0.007020053401959173,False
133947,,Metropolitan Electricity Authority,broadband,2023-Q2,2023,2,44.047188913557356,12.281079570403561,16.50971014514493,1.9011356929823104,205.4652117647059,63.0,85,17,0.007020053401959173,False
9891,,CS LOXINFO Public Company Limited.,broadband,2023-Q2,2023,2,10.431278066247751,4.025293256508295,7.3146151103542065,0.9977534813627794,163.75578313253013,98.367,83,15,0.006854875674854251,False
63951,,THAICOM Public Company Limited,broadband,2023-Q2,2023,2,16.924729934846702,2.941736138582158,9.341217765325737,1.144713462139031,62.747825,59.259,80,25,0.006607109084196869,False
55476,,"CP All Public Co., Ltd.",broadband,2023-Q2,2023,2,37.066987315587355,24.944899979011478,32.829686376601146,19.776320786735162,59.05242500000001,30.1645,80,3,0.006607109084196869,False
141214,,Geo-Informatics and Space Technology Development Agency,broadband,2023-Q2,2023,2,88.15077759489436,59.40371015532145,61.68468817556901,19.944977039940877,113.7539875,68.417,80,3,0.006607109084196869,False
132250,,Princess of Naradhiwas University,broadband,2023-Q2,2023,2,111.19936924280776,96.99172640487265,78.23571661913148,44.37121398710909,67.72925316455697,52.598,79,3,0.006524520220644408,False
141692,,PTT Global Chemical Public Company Limited,broadband,2023-Q2,2023,2,88.63280190473591,72.05906826190272,59.3002883498978,31.220311408862052,54.10455263157895,58.766,76,5,0.006276753629987026,False
140867,,"International gateway co., Ltd",broadband,2023-Q2,2023,2,21.268531017831634,10.32923149517434,10.989194120747989,6.629899045297613,188.79734246575342,222.647,73,21,0.006028987039329642,False
137058,,Aeronautical Radio of Thailand Ltd.,broadband,2023-Q2,2023,2,37.7557480231902,31.72962104513837,31.570350270769097,16.138096645212062,98.48827397260274,60.74,73,3,0.006028987039329642,False
132117,,Ministry of Interior,broadband,2023-Q2,2023,2,81.66007924805028,67.4291077722234,59.84922009599477,39.240961324138155,113.88415277777777,58.363,72,5,0.005946398175777182,False
138670,,Ngern Tid Lor Company Limited,broadband,2023-Q2,2023,2,40.96135004681033,21.97683324524189,21.962122017009452,7.6625443709726495,70.14267605633803,31.799,71,2,0.005863809312224721,False
203724,,Musarubra Germany GmbH,broadband,2023-Q2,2023,2,132.2840161562448,39.78761590666524,66.11185838627148,10.867231005368687,18.658314285714287,1.5125,70,2,0.00578122044867226,False
149800,,Org: Phramongkutklao College of Medicine.,broadband,2023-Q2,2023,2,65.70905485134284,65.86323522545575,63.72635548992004,14.833651630233762,66.77589230769232,58.0,65,31,0.005368276130909956,False
4741,,"Samart Infonet Co., Ltd.",broadband,2023-Q2,2023,2,51.15485016364482,44.02445654217194,25.410909579321185,10.710758082818288,86.29790163934425,62.305,61,12,0.005037920676700112,False
154088,,MI Squared Company Limited (Branch 00003)/JW Marriott Phuket Resort & Spa,broadband,2023-Q2,2023,2,42.00950242341539,23.067051309674632,41.850348818381164,9.247359806030692,90.82251666666666,67.1805,60,2,0.004955331813147652,False
147176,,"NZ Network Enterprise Co., Ltd.",broadband,2023-Q2,2023,2,14.64995550865208,9.794701804121091,8.366274825115799,4.654375589087181,125.78177966101696,104.989,59,35,0.004872742949595191,False
174,Cogent,"Cogent Communications, LLC",broadband,2023-Q2,2023,2,12.35425959044457,5.964315280580057,14.11829006522484,5.668339638267348,116.85740350877195,100.0,57,33,0.004707565222490269,False
135528,,Muban Chombueng Rajabhat University,broadband,2023-Q2,2023,2,166.06789793047608,211.8856788387628,91.16666295011484,97.32758518730945,87.95310526315788,58.27,57,6,0.004707565222490269,False
138003,,Royal Police Cadet Academy,broadband,2023-Q2,2023,2,95.38223571383487,114.5952271588126,48.94759111134687,62.04571694056798,54.1685,32.617000000000004,56,1,0.004624976358937808,False
152734,,Maxnito Company Limited,broadband,2023-Q2,2023,2,14.912630816342917,17.73393059819526,4.441750679916527,2.4074443416757543,155.9562,100.924,55,9,0.0045423874953853475,False
137241,,PibulSongkramRajabhat University,broadband,2023-Q2,2023,2,69.1502065148489,87.37993029686535,54.52061931077942,79.54584979796384,71.70574545454545,71.0,55,10,0.0045423874953853475,False
55760,,Mahanakorn University Of Technology,broadband,2023-Q2,2023,2,42.508324263176355,38.531583656808095,50.2775353183177,16.276968495334653,90.83766666666668,61.9035,54,44,0.004459798631832886,False
135616,,Name: Thaksin University,broadband,2023-Q2,2023,2,61.23550660540115,52.30933844766818,30.11186369944768,5.371614285157144,62.1293076923077,55.416,52,9,0.004294620904727964,False
4776,,"A-Net Co., Ltd.",broadband,2023-Q2,2023,2,66.20104712160627,45.94165976775608,32.57318546393748,23.35601422092632,83.04440384615386,58.7625,52,17,0.004294620904727964,False
131246,,"LOEI university network ,LOEI, Thailand",broadband,2023-Q2,2023,2,85.1220870641564,62.03406826574735,84.35795837726374,86.0078316078316,88.13935294117647,74.438,51,12,0.004212032041175504,False
135381,,SiS Distribution (Thailand) Public Company Limited ,broadband,2023-Q2,2023,2,7.3336627032376525,4.657308862535581,7.980752065794743,5.366094417682426,61.45715686274509,59.331,51,9,0.004212032041175504,False
7715,,GSB,broadband,2023-Q2,2023,2,8.43408759480443,16.223854355713808,3.414987721060456,3.146672674162519,71.08241666666667,41.175,48,2,0.003964265450518121,False
136737,,Rajamangala University of Technology Krungtep,broadband,2023-Q2,2023,2,54.60782542539035,64.18952369484913,41.304925429962495,60.09955299093872,79.74144680851064,54.786,47,24,0.0038816765869656602,False
134162,,ADVANCED WIRELESS NETWORK COMPANY LIMITED,broadband,2023-Q2,2023,2,167.42890899946713,221.02051517549896,117.24211226124089,172.6419502844247,48.51227659574467,54.0,47,21,0.0038816765869656602,False
4765,,Pacific Internet Pte Ltd,broadband,2023-Q2,2023,2,66.48451492561121,67.87182907978304,48.40456861997073,73.72303180320777,78.65682978723405,57.091,47,18,0.0038816765869656602,False
23683,,"BoonRawd Brewery Co.,LT",broadband,2023-Q2,2023,2,41.54976605512859,55.055145232887526,12.328443247273317,29.73163576235672,70.12415555555556,30.558,45,4,0.0037164988598607385,False
132838,,"United Information Highway Co.,Ltd.",broadband,2023-Q2,2023,2,30.84864477146847,10.144166537326461,28.246205490510874,0.571193554067471,56.96684444444443,57.0,45,9,0.0037164988598607385,False
38296,,National Science and Technology Development Agency,broadband,2023-Q2,2023,2,164.57983515057524,161.97029922370166,92.8800867744357,79.7279998895398,51.552295454545465,32.9995,44,15,0.003633909996308278,False
24453,,Chandrakasem Rajabahat University,broadband,2023-Q2,2023,2,49.3103730307754,61.82518636031257,34.30484506287731,45.524844640994296,68.28588636363637,59.9055,44,9,0.003633909996308278,False
139753,,"Valaya Alongkorn Rajabhat University Under The Royal Patronage,",broadband,2023-Q2,2023,2,51.20862536802488,43.113569944923725,21.118452236922728,18.405705835122323,95.13448837209302,61.224,43,6,0.003551321132755817,False
141730,,Pacific Technologies and Network Philippines Incorporation,broadband,2023-Q2,2023,2,58.578412638816054,45.252908177024224,23.402774356922617,10.828626153661848,50.949999999999996,55.441,41,1,0.003386143405650895,False
24328,,Yala Rajabhat University Education,broadband,2023-Q2,2023,2,146.44463482422935,95.9780955080133,140.93946783535176,26.633607974661786,62.46117073170731,62.782,41,19,0.003386143405650895,False
132866,,Rajamangala University of Technology Suvarnabhumi under UniNet Network,broadband,2023-Q2,2023,2,91.28397029664988,63.978630144912195,37.29400189267116,15.912943959865103,61.89107499999999,60.9625,40,14,0.0033035545420984345,False
140660,,Satit Pattana School,broadband,2023-Q2,2023,2,115.16034708175911,86.08632695881042,88.70226113347391,63.06034709567446,64.94059999999999,57.914500000000004,40,1,0.0033035545420984345,False
55488,,Nakorn Ratchasima Rajabhat University,broadband,2023-Q2,2023,2,125.28030292684332,46.23255871662836,129.8029516014356,8.211839449124799,82.17171794871795,70.323,39,5,0.0032209656785459734,False
132482,,Rajamangala University of Technology Rattanakosin,broadband,2023-Q2,2023,2,82.48614237985524,70.58908501131509,42.09671242967557,22.173378701173103,51.27771794871795,33.899,39,13,0.0032209656785459734,False
56117,,KIATNAKIN,broadband,2023-Q2,2023,2,77.34552230736709,34.9905352396391,58.55331627865269,32.07745670491226,60.18182051282051,57.104,39,1,0.0032209656785459734,False
131257,,"Suratthani ratjabhat university, Thailand",broadband,2023-Q2,2023,2,121.93662528856672,97.72027152931761,89.627408167149,79.18737623222088,95.26131578947368,71.6805,38,2,0.003138376814993513,False
141714,,Nakhon Pathom Rajabhat University,broadband,2023-Q2,2023,2,121.71509114755925,169.86190428346833,58.21702355334182,99.14303704776981,59.20747222222221,54.3895,36,9,0.002973199087888591,False
38228,,"Ministry Of Defence, Thailand",broadband,2023-Q2,2023,2,53.67258754572533,76.55081538104886,54.87528255450475,57.49139095761303,65.40780555555557,35.3985,36,2,0.002973199087888591,False
55451,,Office of the National Broadcasting and,broadband,2023-Q2,2023,2,132.22170479009182,85.12499379438717,76.12960384890116,58.71179973034639,95.15933333333334,54.9025,36,18,0.002973199087888591,False
139657,,University of the Thai Chamber of Commerce,broadband,2023-Q2,2023,2,21.375439485773,10.794092538107664,20.312550450699824,11.06646351395985,74.57286111111111,58.8855,36,23,0.002973199087888591,False
45533,,Comptroller General's Department,broadband,2023-Q2,2023,2,9.38175150154432,7.676022025313813,10.391495258456455,9.029814556249404,55.66291428571428,57.0,35,3,0.00289061022433613,False
45530,,Agoda Company Pte. Ltd.,broadband,2023-Q2,2023,2,51.64443272431877,36.640340761671645,62.63963814201517,41.90193008025449,71.80602857142857,31.0,35,4,0.00289061022433613,False
137198,,Phranakorn Rajabhat University,broadband,2023-Q2,2023,2,97.86317800124813,106.38284065613746,57.045387593203685,45.01971151206729,86.68542857142855,48.666,35,4,0.00289061022433613,False
45254,,"Internet Solution & Service Provider Co., Ltd.",broadband,2023-Q2,2023,2,96.95148540429201,46.08114998159734,55.67710132516547,20.452382568901,50.20945714285713,38.072,35,3,0.00289061022433613,False
45455,,"Two S One N Co Ltd, Internet Service Provider and IT Solutions",broadband,2023-Q2,2023,2,62.00201730030177,43.49696444865287,45.62259523538765,45.23416766498125,74.90855882352942,59.906,34,3,0.0028080213607836694,False
135129,,Rajamangala University of Technology Tawan-ok(Bangpra Campus),broadband,2023-Q2,2023,2,116.68797004350246,114.33278823571912,67.3442246116141,30.943950457827896,53.35803125,61.402,32,25,0.0026428436336787477,False
138616,,"Sanuk Systems (Thailand) Co., Ltd",broadband,2023-Q2,2023,2,66.64211591862484,31.147019211872074,68.60664493432395,15.210777452932943,61.683875,62.947,32,7,0.0026428436336787477,False
55938,,Expressway Authority of Thailand,broadband,2023-Q2,2023,2,66.50783340044165,69.24531207524102,67.56901149991681,62.38376630390876,92.51858064516128,50.501,31,2,0.0025602547701262866,False
38589,,Education Network,broadband,2023-Q2,2023,2,152.51137301800773,130.45346704893092,86.52768297880127,76.88481637325097,78.50509677419355,60.559,31,10,0.0025602547701262866,False
141715,,"Apex Circuit (Thailand) Co.,Ltd.",broadband,2023-Q2,2023,2,140.89699356282281,81.37615299720812,88.42634307912981,45.58749657783332,49.47383333333334,51.5895,30,6,0.002477665906573826,False
142131,,AEON Thana Sinsap (Thailand) Public Company Limited,broadband,2023-Q2,2023,2,23.51889374703602,13.506483289673904,20.3257830877423,14.830177735857811,81.50027586206896,58.0,29,1,0.002395077043021365,False
147312,,Songkhla Rajabhat University Network.,broadband,2023-Q2,2023,2,65.41376268552652,64.84092111985629,20.055108282280028,29.99898702137385,65.23758620689657,46.386,29,9,0.002395077043021365,False
38265,,Sisaket Rajabhat University,broadband,2023-Q2,2023,2,84.3615820404958,57.51271108273882,48.094687260730836,36.48857509554749,86.73764285714286,70.684,28,1,0.002312488179468904,False
17827,,Sukhothai Thammathirat Open University,broadband,2023-Q2,2023,2,153.62566725842842,106.45279787629512,142.51306563805394,81.89347006031535,84.61853846153846,59.556,26,19,0.002147310452363982,False
134089,,JasTel Network,broadband,2023-Q2,2023,2,204.89331436117743,332.16086367321964,104.10516835565286,266.943651373379,42.14370833333333,35.57,24,1,0.0019821327252590604,False
154177,,LIGHT NODE LIMITED,broadband,2023-Q2,2023,2,12.46203300682039,2.052520044074703,8.19717209971696,1.0860962029861427,91.30645833333334,64.9695,24,4,0.0019821327252590604,False
150181,,FiberTech,broadband,2023-Q2,2023,2,32.47361645647231,20.081238636135495,27.543053750984207,17.567558102709327,50.99700000000001,53.503,22,2,0.001816954998154139,False
24393,,The Secretariat of House of the Representive,broadband,2023-Q2,2023,2,71.30804154814369,65.0073217644773,68.47434496609102,74.51497967659958,80.48633333333333,59.887,21,7,0.001734366134601678,False
132013,,True Internet assigned for ICS,broadband,2023-Q2,2023,2,106.89260197837054,86.00120046903908,76.87386632828182,55.904358809058905,66.6975238095238,60.733,21,3,0.001734366134601678,False
38328,,Ministry of Finance,broadband,2023-Q2,2023,2,74.97997705082015,53.78974746615784,74.77628248338763,31.956687021540986,63.324850000000005,45.8035,20,7,0.0016517772710492172,False
55925,,"469 Nakronsawan.Rd, Chidrada Dusit",broadband,2023-Q2,2023,2,18.148467276452763,24.071997737555346,15.438250746433447,10.284978404636052,41.0125,32.3805,20,3,0.0016517772710492172,False
136781,,Department of Alternative Energy Development and Efficiency,broadband,2023-Q2,2023,2,22.59587578780226,24.602165832490936,19.75286912253216,18.74121440262653,59.17484999999999,31.387999999999998,20,5,0.0016517772710492172,False
140725,,Thai Customs Department,broadband,2023-Q2,2023,2,14.915239158132257,14.002301556384904,11.936486164841853,7.793266246696704,74.04245,27.951,20,1,0.0016517772710492172,False
134509,,1-TO-ALL COMPANY LIMITED,broadband,2023-Q2,2023,2,49.60112509744839,21.82006619301741,39.72915513153451,10.031203843099773,53.64580000000001,60.566500000000005,20,3,0.0016517772710492172,False
132300,,"NIPA TECHNOLOGY CO., LTD",broadband,2023-Q2,2023,2,24.39839815047468,19.481202470439527,36.20104896586201,8.87880620588456,62.73352631578948,57.905,19,9,0.0015691884074967564,False
138427,,Thailand Institute of Nuclear Technology (Public Organization),broadband,2023-Q2,2023,2,55.83586948990514,47.627434715897735,26.80732427491177,22.544436171760005,52.920894736842115,57.833,19,2,0.0015691884074967564,False
150686,,State Railway of Thailand,broadband,2023-Q2,2023,2,88.3173416215749,58.0999759651381,79.603318856883,24.865029253988297,55.242333333333335,52.2005,18,2,0.0014865995439442955,False
45255,,"Hi-tech Nittsu (Thailand) Co.,Ltd.",broadband,2023-Q2,2023,2,12.69451055235206,16.578547254425875,2.239709606413164,5.418977578826457,235.21016666666662,181.6015,18,1,0.0014865995439442955,False
55498,,"Greenline Synergy Co.,Ltd.",broadband,2023-Q2,2023,2,31.095670631816944,30.90762155734628,24.981605851336226,24.488219674607336,85.87247058823529,35.3,17,2,0.0014040106803918347,False
140326,,Symphony Communication Public Company Limited for TC,broadband,2023-Q2,2023,2,9.660245318121063,11.826202694459711,8.55801338241675,14.618969117142193,62.666999999999994,31.873,17,3,0.0014040106803918347,False
132821,,"Trinity Securities Co., Ltd.",broadband,2023-Q2,2023,2,46.54516428201925,38.58663732603767,53.482482990933406,53.78182570768564,61.94088235294117,62.065,17,1,0.0014040106803918347,False
45197,,"Boonthavorn Co., Ltd.",broadband,2023-Q2,2023,2,18.30492532264964,6.3361577310058905,2.1088320891605083,2.0285820546370408,76.19181249999998,35.848,16,1,0.0013214218168393738,False
132201,,Land and Houses Bank Public Company Limited,broadband,2023-Q2,2023,2,56.933210253694696,44.391069255760335,45.49226151987277,28.31245543939246,91.1142,31.544,15,2,0.001238832953286913,False
134064,,The Chulabhorn Graduate Institute Campus Network Member of UniNet,broadband,2023-Q2,2023,2,29.793297472149153,9.768243708487043,23.776483971769117,9.095076612569368,43.89726666666666,31.896,15,2,0.001238832953286913,False
132618,True,Real Future Company Limited,broadband,2023-Q2,2023,2,18.728889069336443,10.673113027860383,7.277951686124985,7.774212278976011,104.69853333333332,74.727,15,12,0.001238832953286913,False
150107,,Surundra Rajabhat University,broadband,2023-Q2,2023,2,107.11195511438972,179.8592735526736,64.2747315604295,148.54187553200856,71.3422,58.974,15,2,0.001238832953286913,False
140699,,Royal Thai Army,broadband,2023-Q2,2023,2,12.431975441292028,11.47215923014047,1.2993128930849522,1.4323792016924652,69.65271428571428,61.286500000000004,14,2,0.001156244089734452,False
18409,,"Bank of Thailand, Bangkok, Thailand",broadband,2023-Q2,2023,2,75.23211590436344,33.38632090101886,72.36701343947792,39.22935020209313,45.02321428571429,50.983000000000004,14,1,0.001156244089734452,False
24083,,Siam City Cement Public Company Limited,broadband,2023-Q2,2023,2,51.02568187818037,37.748773452484606,38.92466001667046,10.784791053231313,61.596857142857154,62.2445,14,2,0.001156244089734452,False
45800,,"Suan sunandha Rajabhat University, which is one university in Thailand",broadband,2023-Q2,2023,2,13.48420711026614,19.1156319717578,7.337991490803496,10.83591116825042,68.16257142857144,44.534000000000006,14,4,0.001156244089734452,False
131447,,POPIDC powered by CSLoxinfo,broadband,2023-Q2,2023,2,65.49477013225737,7.195003291617801,36.158292820796945,5.287174733046689,118.32514285714284,104.3115,14,3,0.001156244089734452,False
139329,,Siam Piwat Company Limited,broadband,2023-Q2,2023,2,80.89401012221731,72.56966683392633,51.32678426764839,36.810936605002865,49.41142857142857,55.254999999999995,14,3,0.001156244089734452,False
133042,,Office of the basic education commission,broadband,2023-Q2,2023,2,94.95665815724425,91.15531974686056,78.98096830450713,78.34644357489498,52.084384615384614,56.354,13,10,0.001073655226181991,False
133581,,"Thailand Post Co,.Ltd.",broadband,2023-Q2,2023,2,66.94977325704336,86.99756601844173,45.07792264584886,86.72015730596195,80.017,59.613,13,4,0.001073655226181991,False
24060,,KTB COMPUTER SERVICES COMPANY LIMITED,broadband,2023-Q2,2023,2,30.343733238332337,15.274327733475403,24.63896926372579,15.601018064912736,55.8955,61.9415,12,1,0.0009910663626295302,False
131221,,Petchaburi Rajabhat University,broadband,2023-Q2,2023,2,54.463094074559415,80.47846781255221,52.366081476823936,93.75192856902143,41.62533333333334,33.5325,12,7,0.0009910663626295302,False
37983,,CSLOXINFO,broadband,2023-Q2,2023,2,166.1573414137833,111.075522471854,94.78900558108624,55.48456361772238,57.42318181818182,29.922,11,1,0.0009084774990770695,False
24042,,"Bangkok Airways Co., Ltd.",broadband,2023-Q2,2023,2,65.41871597104003,68.09763594282903,77.07920464355617,82.36978000318798,49.996,40.273,11,2,0.0009084774990770695,False
133328,,Bangkok Patana School,broadband,2023-Q2,2023,2,230.17143736631525,201.2032818843872,227.2428853212454,218.1308091600611,56.098909090909096,57.399,11,2,0.0009084774990770695,False
132493,,"Lampang-Meatha Rd., Thambon Chomphu Ampher Maung Lampang 52100",broadband,2023-Q2,2023,2,76.43695226407698,92.73123313324766,43.983437237256936,36.96965060805879,87.46518181818182,62.875,11,5,0.0009084774990770695,False
38231,,"CIMB Securities Co., Ltd.",broadband,2023-Q2,2023,2,48.71008948248946,47.40845801623921,30.68380559697415,35.80753368703,135.47972727272727,63.498,11,1,0.0009084774990770695,False
63972,,SOCIAL,broadband,2023-Q2,2023,2,14.269900318594685,14.217893710429628,7.890921424725544,9.27155163319363,56.8495,60.6065,10,1,0.0008258886355246086,False
45581,,INFONET THAILAND ISP,broadband,2023-Q2,2023,2,55.55759320710731,4.986231076926271,62.24266283764826,2.1194215809031385,80.97070000000001,58.837999999999994,10,1,0.0008258886355246086,False
63989,,DE-CORP,broadband,2023-Q2,2023,2,13.704173903630581,1.7844139286844904,0.15843287652429877,0.07641405908289929,402.7991,500.6545,10,3,0.0008258886355246086,False
55642,,Control Data (Thailand) Ltd,broadband,2023-Q2,2023,2,78.32066790742692,57.61508682104594,60.14373124709542,32.642714409591676,44.890100000000004,33.6345,10,2,0.0008258886355246086,False
140075,,Roi et Rajabhat University,broadband,2023-Q2,2023,2,57.228705806579306,53.49580437878981,48.807563327726164,45.21971905786133,84.8484,76.17750000000001,10,1,0.0008258886355246086,False
134718,,OSD Internet Company Limited,broadband,2023-Q2,2023,2,56.001422721091885,68.2198306227989,59.97973934035659,69.65927557857059,90.63122222222222,59.0,9,2,0.0007432997719721478,False
134695,,Mass Rapid Transit Authority of Thailand,broadband,2023-Q2,2023,2,74.48442686863046,85.28991724216344,44.70089292966487,43.26412163868484,48.273888888888884,59.0,9,2,0.0007432997719721478,False
140983,,Dhipaya Insurance Public Co. Ltd.,broadband,2023-Q2,2023,2,46.66045588465696,21.183775759464286,47.5443647634079,11.076780537409647,39.888888888888886,28.0,9,1,0.0007432997719721478,False
137545,,KPN AWARD,broadband,2023-Q2,2023,2,120.82619737184342,10.554215437955305,110.91940759604074,10.936358829523723,60.16825,60.512,8,2,0.0006607109084196869,False
132172,,Fiscal Policy Office,broadband,2023-Q2,2023,2,124.70776788235177,68.59684194281864,85.34866475521954,69.05678200891539,106.12925,45.213,8,2,0.0006607109084196869,False
138962,,Bangkok Insurance Public Company Limited,broadband,2023-Q2,2023,2,128.54364023747934,97.87169514273896,104.57332149800521,80.94070719644289,62.813500000000005,41.962,8,1,0.0006607109084196869,False
17823,,"T.H.NIC Co.,Ltd.",broadband,2023-Q2,2023,2,42.02167748977281,3.6890266232175746,33.22707203341476,3.6890266232175746,123.88624999999999,61.617,8,1,0.0006607109084196869,False
9835,,Government Information Technology Services,broadband,2023-Q2,2023,2,126.62935363921413,14.120877128188125,47.83852433583506,2.5486245451375455,123.81662499999999,81.7565,8,4,0.0006607109084196869,False
139724,,Tobacco Authority of Thailand,broadband,2023-Q2,2023,2,32.2289788460106,31.58611508878794,8.610806166269938,22.051661822336143,113.17514285714284,53.0,7,1,0.000578122044867226,False
133909,,Siam E Business Limited Partnership,broadband,2023-Q2,2023,2,68.70237338704136,59.347307922054064,55.79811183642257,60.51200946818362,51.126285714285714,52.721,7,3,0.000578122044867226,False
17565,,"Advance Datanetwork Communications Co.,Ltd. BuddyB service. Bangkok",broadband,2023-Q2,2023,2,50.62075579925745,21.50889440755893,23.055370736216513,8.103641245203432,43.71528571428571,31.711,7,2,0.000578122044867226,False
42861,,FOTONTELECOM ISP,broadband,2023-Q2,2023,2,35.39784513197611,21.483065362761796,41.93551872089133,23.971367708450607,13.607142857142858,0.473,7,2,0.000578122044867226,False
136457,,THAIAIRASIA CSL,broadband,2023-Q2,2023,2,30.443732311645896,27.380929722224483,18.407280943009855,18.719090824988278,46.30085714285715,32.819,7,3,0.000578122044867226,False
140032,,United Overseas Bank (Thai) Public Company Limited,broadband,2023-Q2,2023,2,400.06944905765073,324.93284891180457,435.56923263389183,341.9275399414362,39.1455,29.5,6,1,0.0004955331813147651,False
133167,,"TMB Bank, Phahonyothin branch. ,",broadband,2023-Q2,2023,2,14.546399275014375,6.940992223728617,14.782323192927828,6.609816792774054,61.15533333333334,59.926,6,6,0.0004955331813147651,False
55932,,The Thai Bond Market Association,broadband,2023-Q2,2023,2,11.610125547676068,11.193503053853558,11.449027201349844,13.110923149516827,46.84,45.0765,6,2,0.0004955331813147651,False
133791,,Teledirect Telecommerce,broadband,2023-Q2,2023,2,75.15724101462722,24.370968393264672,10.442701198922641,8.447369494730829,49.12116666666666,56.3635,6,1,0.0004955331813147651,False
136023,,"PTE Group Co., Ltd",broadband,2023-Q2,2023,2,23.593093467276038,34.093049857172126,25.963519840073573,35.364033939399576,71.34866666666666,61.283500000000004,6,3,0.0004955331813147651,False
45248,,"United Information Highway Co.,Ltd",broadband,2023-Q2,2023,2,169.71067400920202,184.91809961786058,176.9719419844693,192.60875443231384,50.151,59.31,6,3,0.0004955331813147651,False
139889,,Department of Fisheries,broadband,2023-Q2,2023,2,48.4266530707963,34.739913252448574,46.54294049753399,46.09066991867935,92.72666666666665,63.935500000000005,6,1,0.0004955331813147651,False
149036,,Waterfront Hotel c/o Symphony Communication Public Company Limited,broadband,2023-Q2,2023,2,50.8471151708845,26.059683051328744,45.39094883335972,26.696361471902136,65.67920000000001,63.119,5,1,0.0004129443177623043,False
138353,,NIST INTERNATIONAL SCHOOL,broadband,2023-Q2,2023,2,125.0614633370606,104.74906046244676,141.27350962801964,81.36482167996955,58.976,58.757,5,1,0.0004129443177623043,False
150300,,"The Permanent Secretary, Ministry of Transport of Thailand",broadband,2023-Q2,2023,2,9.078291915475901,8.882157100874206,3.592881005793,8.882157100874206,63.4222,71.105,5,4,0.0004129443177623043,False
138906,,Ministry of Culture,broadband,2023-Q2,2023,2,35.7399513863559,57.80741210237972,13.512179046217344,8.907310058859027,41.9822,30.098,5,1,0.0004129443177623043,False
149481,,AXA Technology Services Asia (HK) Limited,broadband,2023-Q2,2023,2,36.94789456454306,40.562434012073815,22.105862128850024,31.598724441403114,37.7526,32.448,5,1,0.0004129443177623043,False
147187,,Bualuang Securities,broadband,2023-Q2,2023,2,110.79078264737461,191.30874362036954,101.50843556711699,93.21618510658354,49.31325,55.5,4,1,0.00033035545420984346,False
45752,,Provincial waterworks authority,broadband,2023-Q2,2023,2,31.213110433023033,74.80994847840357,8.963904495742502,48.41775439081463,170.678,175.279,4,3,0.00033035545420984346,False
133761,,Mr. Naphat,broadband,2023-Q2,2023,2,14.197368781750422,64.91603499230311,14.322630964070242,64.91603499230311,131.41325,139.613,4,2,0.00033035545420984346,False
50340,,JSC Selectel,broadband,2023-Q2,2023,2,28.185322930135793,8.757391853948658,28.309072299070664,9.57356846804324,0.56675,0.6305,4,1,0.00033035545420984346,False
1828,,Unitas Global,broadband,2023-Q2,2023,2,142.94583726535146,99.1696569517697,131.74779648061573,91.29014767938746,108.58175,31.5805,4,1,0.00033035545420984346,False
45796,,UIH / BB Connect,broadband,2023-Q2,2023,2,155.62583967754534,43.080126676993245,52.62527975919551,43.080126676993245,30.76075,32.472500000000004,4,3,0.00033035545420984346,False
141207,,Thai Life Insurance PCL.,broadband,2023-Q2,2023,2,38.089913175877186,16.019487983493647,35.808630349007544,19.6162305049696,64.723,64.5,4,1,0.00033035545420984346,False
45229,,"United Nation - Property Management Sub-unit, Thailand",broadband,2023-Q2,2023,2,48.26531397981055,29.22540084661445,1.1651260301634019,29.128070047967185,95.99875,85.945,4,2,0.00033035545420984346,False
138215,,Royal Thai Police,broadband,2023-Q2,2023,2,51.563559228827,71.18280756511548,57.56571300158911,90.62061754599576,57.55325,57.6035,4,2,0.00033035545420984346,False
24040,,"DataOne Asia (Thailand) Co.,Ltd.",broadband,2023-Q2,2023,2,23.790462986823805,15.29705251440798,26.688219258641254,13.72093541866937,50.134,55.308499999999995,4,2,0.00033035545420984346,False
18408,,CSLOXINFO,broadband,2023-Q2,2023,2,12.071274314959469,,13.608738466551502,,55.57300000000001,64.094,3,1,0.00024776659065738255,False
137392,,KTB Securities (Thailand) Company Limited,broadband,2023-Q2,2023,2,36.45810475826055,4.349219421965981,24.958683198476955,4.349219421965981,39.236333333333334,32.155,3,2,0.00024776659065738255,False
9339,,CSLOXINFO,broadband,2023-Q2,2023,2,22.639770561027742,24.60025752713961,20.67920771671288,24.60025752713961,41.5,32.335,3,2,0.00024776659065738255,False
133376,,"LAZADA Co.,Ltd.",broadband,2023-Q2,2023,2,38.7430994316773,45.09693950824272,37.46908372863195,45.09693950824272,104.057,59.096,3,1,0.00024776659065738255,False
141736,,"Wisepaq Business Solutions Provider Co., Ltd.",broadband,2023-Q2,2023,2,17.6354635497574,89.60269918428473,18.132369425388966,98.0288516830417,69.96900000000001,64.105,3,1,0.00024776659065738255,False
38886,,"The Government Lottery Office, Thailand",broadband,2023-Q2,2023,2,259.1363667926457,252.08212819443926,342.3706947652025,304.15308995603914,101.60733333333333,28.067,3,3,0.00024776659065738255,False
136906,,NNCK,broadband,2023-Q2,2023,2,6.89923383235771,1.3020667190823318,6.715474770401004,1.3020667190823318,144.02533333333335,90.481,3,2,0.00024776659065738255,False
135676,,National Institute for Emergency Medicine,broadband,2023-Q2,2023,2,55.159978516364966,39.916567477231766,15.087296626671575,39.916567477231766,112.17733333333332,71.284,3,2,0.00024776659065738255,False
55634,,"Kasikorn Asset Management Co.,Ltd.",broadband,2023-Q2,2023,2,68.3237176910668,17.994010125267184,93.06022588196016,15.619058094190581,39.948,30.0,3,1,0.00024776659065738255,False
135141,,Rajamangala University of Technology Lanna,broadband,2023-Q2,2023,2,35.302269133654846,25.97315353555595,17.689563446534304,3.6511868974188872,106.62133333333334,121.536,3,2,0.00024776659065738255,False
137919,,BTS,broadband,2023-Q2,2023,2,78.40294150490224,111.02863374758678,78.40294150490224,111.02863374758678,52.561,52.561,2,1,0.00016517772710492173,False
55538,,"CIMB Securities (Thailand) Co.,Ltd.",broadband,2023-Q2,2023,2,84.73674562822174,57.55358676786892,84.73674562822174,57.55358676786892,56.415000000000006,56.415000000000006,2,2,0.00016517772710492173,False
149762,,"Hakuhodo (Bangkok) Co., Ltd.",broadband,2023-Q2,2023,2,54.06826291059406,18.28431427668171,54.06826291059406,18.28431427668171,121.811,121.811,2,2,0.00016517772710492173,False
136581,,Apple Wealth Securities,broadband,2023-Q2,2023,2,69.06262796851752,19.08408265382598,69.06262796851752,19.08408265382598,31.9435,31.9435,2,1,0.00016517772710492173,False
59374,,Bangmod Enterprise,broadband,2023-Q2,2023,2,13.358859302440443,14.107201574988022,13.358859302440443,14.107201574988022,43.2905,43.2905,2,2,0.00016517772710492173,False
58690,,"Internet East Co., Ltd.",broadband,2023-Q2,2023,2,38.02191313881277,0.9292193059928833,38.02191313881277,0.9292193059928833,40.173500000000004,40.173500000000004,2,2,0.00016517772710492173,False
58930,,My Telecom Group Company Limited,broadband,2023-Q2,2023,2,36.07797323400656,25.712264759116625,36.07797323400656,5.554060857564087,152.65300000000002,152.65300000000002,2,2,0.00016517772710492173,False
38184,,Thaivivat Insurance,broadband,2023-Q2,2023,2,38.43310802618237,21.115943946311432,38.43310802618237,21.115943946311432,41.332,41.332,2,1,0.00016517772710492173,False
24190,,The Stock Exchange of Thailand,broadband,2023-Q2,2023,2,295.2667034860473,79.36462633150857,295.2667034860473,79.36462633150857,118.96549999999999,118.96549999999999,2,1,0.00016517772710492173,False
137394,,Dhonburi Rajabhat University,broadband,2023-Q2,2023,2,15.840304457799263,14.481811362807056,15.840304457799263,14.481811362807056,26.428,26.428,2,1,0.00016517772710492173,False
56223,,"Thai Summit Autopart Industry Co.,Ltd",broadband,2023-Q2,2023,2,30.782493133939166,1.256128846499502,30.782493133939166,1.256128846499502,83.7985,83.7985,2,2,0.00016517772710492173,False
149503,,Name: Mahamakut Buddhist University network.,broadband,2023-Q2,2023,2,340.63258700468253,23.204232038160736,340.63258700468253,23.204232038160736,25.869999999999997,25.869999999999997,2,1,0.00016517772710492173,False
136035,,Department of Tourism,broadband,2023-Q2,2023,2,81.76024612069021,90.92253137681386,81.76024612069021,90.92253137681386,65.316,65.316,1,1,8.258886355246087e-05,False
4637,,Telstra Global,broadband,2023-Q2,2023,2,23.713250222470172,33.767330815609675,23.713250222470172,33.767330815609675,313.889,313.889,1,1,8.258886355246087e-05,False
24097,,CSLOXINFO Project for Magnecomp Precision,broadband,2023-Q2,2023,2,5.172882280431477,,5.172882280431477,,59.883,59.883,1,1,8.258886355246087e-05,False
23892,,United Communication Industry PCL.,broadband,2023-Q2,2023,2,112.64587035579139,,112.64587035579139,,83.153,83.153,1,1,8.258886355246087e-05,False
56118,,OCSC,broadband,2023-Q2,2023,2,280.3692375996892,65.04863427581341,280.3692375996892,65.04863427581341,29.0,29.0,1,1,8.258886355246087e-05,False
63528,,Bangkok Neutral Internet Exchange,broadband,2023-Q2,2023,2,43.78426753528026,0.706983240893851,43.78426753528026,0.706983240893851,186.674,186.674,1,1,8.258886355246087e-05,False
135635,,Tourism authority of Thailand,broadband,2023-Q2,2023,2,28.566511581489817,15.81812102498404,28.566511581489817,15.81812102498404,61.0,61.0,1,1,8.258886355246087e-05,False
133529,,Land and Houses Bank Public Company Limited,broadband,2023-Q2,2023,2,14.65955450584439,13.290762073560035,14.65955450584439,13.290762073560035,62.73,62.73,1,1,8.258886355246087e-05,False
17978,,SERVCORP AUSTRALIAN HOLDINGS LTD,broadband,2023-Q2,2023,2,44.339155777143915,43.230365539268924,44.339155777143915,43.230365539268924,32.484,32.484,1,1,8.258886355246087e-05,False
15695,,Expereo International BV,broadband,2023-Q2,2023,2,53.270414760110405,,53.270414760110405,,52.75,52.75,1,1,8.258886355246087e-05,False
134095,,National ITMX Company Limited,broadband,2023-Q2,2023,2,8.787671181916586,8.22723527818274,8.787671181916586,8.22723527818274,63.499,63.499,1,1,8.258886355246087e-05,False
55325,,Eastern Water Resources Development and Management Company,broadband,2023-Q2,2023,2,176.39252079650768,96.27019322986982,176.39252079650768,96.27019322986982,30.357,30.357,1,1,8.258886355246087e-05,False
140305,,Apex Circuit (Thailand) Company Limited.,broadband,2023-Q2,2023,2,274.91652152504355,24.252706922022387,274.91652152504355,24.252706922022387,31.503,31.503,1,1,8.258886355246087e-05,False
140918,,CMKL University,broadband,2023-Q2,2023,2,104.78217661586818,55.372087997821666,104.78217661586818,55.372087997821666,51.106,51.106,1,1,8.258886355246087e-05,False
151808,,Hatyai University.,broadband,2023-Q2,2023,2,15.51592709071805,,15.51592709071805,,51.842,51.842,1,1,8.258886355246087e-05,False
140662,,AEON Thana Sinsap (Thailand) Public Company Limited,broadband,2023-Q2,2023,2,57.594135920683804,,57.594135920683804,,61.171,61.171,1,1,8.258886355246087e-05,False
135566,,National Telecom Public Company Limited,broadband,2023-Q2,2023,2,92.19335397852096,89.00570935352856,92.19335397852096,89.00570935352856,199.903,199.903,1,1,8.258886355246087e-05,False
23687,,The Institute for the Promotion of Teaching Science,broadband,2023-Q2,2023,2,28.214789212539408,8.94687677092847,28.214789212539408,8.94687677092847,268.573,268.573,1,1,8.258886355246087e-05,False
38820,,CSLOXINFO,broadband,2023-Q2,2023,2,7.375705720295961,,7.375705720295961,,66.904,66.904,1,1,8.258886355246087e-05,False
10227,,Institute Rajabhat Suandusit,broadband,2023-Q2,2023,2,174.13975357227605,190.19060915741048,174.13975357227605,190.19060915741048,84.539,84.539,1,1,8.258886355246087e-05,False
137885,,Capital Nomura Securities PLC,broadband,2023-Q2,2023,2,134.2329569458367,8.266806077323315,134.2329569458367,8.266806077323315,50.067,50.067,1,1,8.258886355246087e-05,False
55790,,NETONE,broadband,2023-Q2,2023,2,89.90875723544774,87.78112856906571,89.90875723544774,87.78112856906571,28.433,28.433,1,1,8.258886355246087e-05,False
134240,,Super Broadband Network Company Limited,broadband,2023-Q2,2023,2,183.7872141205331,91.9882540011746,183.7872141205331,91.9882540011746,61.048,61.048,1,1,8.258886355246087e-05,False
200250,,Hoang Phi Hai,broadband,2023-Q2,2023,2,17.006062679268638,27.00077066185224,17.006062679268638,27.00077066185224,33.659,33.659,1,1,8.258886355246087e-05,False
24237,,Siam City Cement Public Company Limited (SCCC),broadband,2023-Q2,2023,2,7.106566244209467,,7.106566244209467,,69.402,69.402,1,1,8.258886355246087e-05,False
18356,,Aware Corporation Autonomous System,broadband,2023-Q2,2023,2,29.837238116530482,,29.837238116530482,,39.206,39.206,1,1,8.258886355246087e-05,False
137546,,"Faculty of Engineering , Rajamangala University of",broadband,2023-Q2,2023,2,10.404527294327488,4.457349973161997,10.404527294327488,4.457349973161997,202.691,202.691,1,1,8.258886355246087e-05,False
17901,,One to One Contacts Public Company Limited.,broadband,2023-Q2,2023,2,91.51855606186336,91.10803260556425,91.51855606186336,91.10803260556425,32.552,32.552,1,1,8.258886355246087e-05,False
45629,,JasTel Network International Gateway,broadband,2023-Q2,2023,2,230.67660832501895,109.34448940484187,230.67660832501895,109.34448940484187,58.775,58.775,1,1,8.258886355246087e-05,False
152915,,The Office of the Securities and Exchange Commission (Head Office),broadband,2023-Q2,2023,2,12.719977146910953,,12.719977146910953,,96.554,96.554,1,1,8.258886355246087e-05,False
17552,True,True Online,broadband,2023-Q3,2023,3,104.22202832012151,70.34717140863806,49.30362270105485,32.334314474392215,109.86885303590029,64.586,371808,162838,23.583513208195825,True
45758,3BB,Triple T Broadband Public Company Limited,broadband,2023-Q3,2023,3,94.50992055924038,68.37745840795144,33.601945953405995,27.99591221465867,92.15697117537292,54.766,289997,151226,18.394300498744418,True
133481,AIS,AIS Fibre,broadband,2023-Q3,2023,3,120.81135999976611,85.69852023188021,56.45954916225827,35.55346835853007,71.69884602742944,51.492,273331,112057,17.33718814202323,True
23969,NT,TOT Public Company Limited,broadband,2023-Q3,2023,3,67.08047955568361,46.04679415285176,24.781078676026997,7.351738981135698,111.49975739163774,68.156,258348,82140,16.38682726114278,True
7470,True,"TRUE INTERNET Co.,Ltd.",broadband,2023-Q3,2023,3,34.25721203657856,20.757165177140518,15.390273817009815,6.97266153154218,52.695005683528606,29.068,83058,9647,5.268309019833701,True
131090,NT,National Telecom Public Company Limited,broadband,2023-Q3,2023,3,62.04139342288731,53.67377286764202,23.688106297574645,21.883598239147823,60.814372268651944,58.357,55902,19635,3.545823530866907,True
45430,AIS,SBN-IIG/AWN-IIG transit provider,broadband,2023-Q3,2023,3,60.03531389440488,35.25954646026814,12.203435088587636,5.740744527250946,85.56528167055183,69.703,51074,27797,3.239586973909635,True
138524,3BB,Triple T Broadband Public Company Limited,broadband,2023-Q3,2023,3,71.88371910083279,51.60567495928298,27.38055227191456,18.338354562920433,67.38557438615672,40.442,42108,13735,2.6708800622114364,True
9931,NT,National Telecom Public Company Limited,broadband,2023-Q3,2023,3,22.916399839615494,17.982911942143158,5.5020649965087625,3.7378094269562174,82.9289482724345,66.745,25165,2526,1.5961977953251354,True
136538,AIS,AIS SUPER WiFi,broadband,2023-Q3,2023,3,73.18252580727278,51.97297060684665,38.63586279065594,22.204240270135195,58.169954862818344,56.997,20342,6232,1.2902783847607353,True
(unknown),,,broadband,2023-Q3,2023,3,71.3210070306172,49.038078783962426,19.964993402990068,10.932591703138861,63.0110547510834,34.418,9464,3192,0.6002946924282567,True
56309,,"Siamdata Communication Co.,Ltd.",broadband,2023-Q3,2023,3,15.341838022347044,6.368720773091436,6.492194251487332,2.899157217747583,139.31479181084197,69.80850000000001,8674,355,0.5501855623544695,True
4618,,Internet Thailand Company Limited,broadband,2023-Q3,2023,3,36.19934458704214,27.20852784604081,7.563217154154857,6.078352,77.60645309734514,70.0,8477,1626,0.5376899944753099,True
4621,,UNINET-TH,broadband,2023-Q3,2023,3,58.39286377040428,77.43739059812313,14.283032123817694,26.397294822610135,75.1969150644926,62.388999999999996,8224,914,0.521642386995983,True
132280,,Symphony Communication (Thailand) PCL.,broadband,2023-Q3,2023,3,52.91560561589334,44.62960263988167,27.970375053174603,19.178067557943407,61.341488259761164,58.54,7459,961,0.4731189888865561,True
4750,,CS LOXINFO PUBLIC COMPANY LIMITED,broadband,2023-Q3,2023,3,40.62343648191949,31.037650821974765,21.658902098643157,11.902255220656254,69.15281254442077,60.293499999999995,5629,668,0.35704340909537796,True
38794,United Information Highway,UIH,broadband,2023-Q3,2023,3,65.6137685052742,55.5434845724078,37.85109295110571,26.44713887379648,50.158975941897424,37.661500000000004,4407,706,0.2795328306774437,True
23974,,Ministry of education,broadband,2023-Q3,2023,3,81.58372052975255,57.52647045179885,35.84933661326774,20.36685961186695,100.38598818122128,62.275999999999996,3047,1444,0.19326901181624032,True
55423,,JasTel Network,broadband,2023-Q3,2023,3,48.2385820307589,43.0146803019209,24.399823031350856,18.953660644591167,62.613939771547244,31.818,2892,355,0.18343747363720608,True
9335,NT,National Telecom Public Company Limited,broadband,2023-Q3,2023,3,11.189786888636329,5.180972690514837,5.575052746630549,2.7996993436030557,117.84925847911462,80.853,2801,102,0.1776654092869344,True
131293,,TOT Public Company Limited,broadband,2023-Q3,2023,3,39.98192347922816,33.88378618063917,24.72852203587755,18.42520916412542,77.97859031877215,58.0,2542,532,0.1612372261361611,True
9411,,"Kasetsart University, Thailand",broadband,2023-Q3,2023,3,58.80943986098417,85.97527923754666,14.273123413665356,28.93828131304339,59.86284646261916,45.564,1994,901,0.12647798147738207,True
45458,AIS,SBN-ISP/AWN-ISP and SBN-NIX/AWN-NIX,broadband,2023-Q3,2023,3,51.23260616253634,42.48515598933117,28.755922228430023,22.845212833658657,56.74360878447395,46.8315,1958,269,0.12419452744870316,True
58955,,"Bangmod Enterprise Co., Ltd.",broadband,2023-Q3,2023,3,8.108569516677983,4.345246872879769,2.728988003594241,2.3118574364633413,139.39224511357634,139.653,1893,100,0.12007162434136623,True
134100,,"Express Data Co.,Ltd",broadband,2023-Q3,2023,3,38.52456818153861,24.15581535777115,18.789796645856093,9.10752,89.62086026490067,55.6695,1510,57,0.09577821064736557,True
56067,,453 Ladplacout Jorakhaebua,broadband,2023-Q3,2023,3,9.255687618226977,6.201245137854536,1.97657555928356,2.1611543847273764,191.18516241806265,101.0,1375,68,0.08721525803981964,True
17479,,Chiang Mai University,broadband,2023-Q3,2023,3,65.1103346266977,47.762118832265294,42.59083588602111,16.785835228329542,113.33082805429864,72.0085,1326,85,0.08410722338967333,True
9486,,King Mongkut's Institute of Technology Ladkrabang,broadband,2023-Q3,2023,3,89.74528447654734,68.47371601050686,60.095300384432655,23.05454418921643,89.10109936406995,78.18549999999999,1258,347,0.07979403244661316,True
3839,,Chulalongkorn University,broadband,2023-Q3,2023,3,91.86033620725935,110.4147097820033,34.54475831800939,45.933399992740064,57.4015752930568,30.608,1109,496,0.07034306993902543,True
135419,,"Cableconnect Co.,Ltd",broadband,2023-Q3,2023,3,53.01742231461434,37.47829554428317,32.943015354734385,17.18083649581752,58.372046746104495,44.478,1091,72,0.06920134292468598,True
9464,,Prince of Songkla University (Sritrang'NET),broadband,2023-Q3,2023,3,46.185572822626675,58.801177978544295,15.875646190722657,26.378886266944757,73.0598145087236,57.539,1089,444,0.06907448436753715,True
9546,,Ministry of University Affairs,broadband,2023-Q3,2023,3,74.39942492610098,58.335318222112576,37.498807900715256,27.555685576047964,73.81980135004822,70.105,1037,232,0.0657761618816676,True
4762,,"Mahidol University, Thailand",broadband,2023-Q3,2023,3,119.70676735576045,103.32046731140488,69.53422928507614,48.49771447017646,58.08101973001038,30.397,963,194,0.06108239526716095,True
9533,,King Mongkut's Institute of Technology North Bangkok,broadband,2023-Q3,2023,3,66.36944561851082,87.09172081196361,21.95264216228388,44.731823158056415,58.89734381551362,33.2235,955,94,0.06057496103856563,True
9562,,Mahasarakham University,broadband,2023-Q3,2023,3,84.65044134896705,68.22026656780127,56.68730200043981,27.296086871567205,74.69874735729385,67.08500000000001,948,57,0.06013095608854473,True
135161,,"GMO-Z com NetDesign Holdings Co., Ltd.",broadband,2023-Q3,2023,3,12.143788485570521,4.084184994181772,7.259606921240067,3.3253776016029724,82.06335817307692,64.8515,835,39,0.05296344760963592,True
23884,,Proen Corp Public Company Limited.,broadband,2023-Q3,2023,3,28.11937129509191,37.163339613705396,8.751604780222102,5.046694344123257,75.13097300613498,61.81,815,63,0.05169486203814764,True
138156,,"CSNE Co., Ltd.",broadband,2023-Q3,2023,3,2.1470162307317446,2.844460762703967,1.1700383340405403,2.1627452401319096,96.88530052493438,83.469,762,53,0.04833311027370368,True
138204,,"Sophon Broadband Networks co.,ltd",broadband,2023-Q3,2023,3,72.1501109112434,37.97445129985942,48.87149624834191,18.644230310580546,79.78324665676078,65.588,673,67,0.04268790448058081,True
7693,,KSC Commercial Internet Co. Ltd.,broadband,2023-Q3,2023,3,55.04513642957131,35.86501042480205,29.4563388120898,17.992419110527024,72.76567194928687,31.747,631,107,0.04002387478045541,True
7616,,JasTel Network,broadband,2023-Q3,2023,3,67.89558926715895,54.03666926171317,44.2582486103206,25.364276260756828,51.89149430894308,33.21,615,129,0.03900900632326478,True
37992,,Thammasat University in thailand,broadband,2023-Q3,2023,3,26.834143458039858,15.63678695616446,19.871083970598725,10.629002269690883,48.2913356401384,28.4055,578,187,0.036662123016011454,True
9903,,Rajamangala Institute of Technology,broadband,2023-Q3,2023,3,93.52098820053628,129.7661559171387,26.03414693814286,40.94722918813892,54.28270035460992,35.8895,564,71,0.035774113115969654,True
135034,,Planet Communications Asia Public Company Limited,broadband,2023-Q3,2023,3,137.0360268786262,51.53765603280304,111.46228607255459,27.80294059866438,68.95319854280511,29.198,549,41,0.034822673937353436,True
9551,,King Mongkut's University of Technology,broadband,2023-Q3,2023,3,117.1249130109466,132.46288747315828,86.51191541550837,55.84178971203559,46.01678119001918,32.556,521,118,0.033046654137269836,True
55545,,Suranaree University of Technology,broadband,2023-Q3,2023,3,46.8223417289613,80.83440052367636,19.9104975777389,47.67857792910943,86.53998317307695,65.90299999999999,416,129,0.02638657988695634,True
37932,,Rajamangala University of Technology Isan,broadband,2023-Q3,2023,3,81.21843892555125,88.40240225075259,42.46485693432131,40.80157929023232,75.39179277108433,70.519,415,122,0.026323150608381925,True
133193,,Provincial Electricity Authority (PEA),broadband,2023-Q3,2023,3,36.034224621534506,29.434156730752093,27.479363685756155,18.31341343186137,72.22593462469735,43.953,413,18,0.026196292051233097,True
152734,,Maxnito Company Limited,broadband,2023-Q3,2023,3,13.400995737596311,6.34414502095649,2.3402425562912006,1.5555406869912272,168.79605198019806,112.168,404,41,0.02562542854406337,True
136393,,Symphony Communication (Thailand) PCL.,broadband,2023-Q3,2023,3,63.05494513323583,32.74624169813198,27.408074239782366,9.769405321974908,62.80264556962026,62.215,395,148,0.02505456503689364,True
38082,,"True International Gateway Co., Ltd.",broadband,2023-Q3,2023,3,25.518201641984856,20.402281220743156,13.669365681257627,8.26218719608767,116.97146614583335,65.629,384,57,0.024356842972575083,True
45575,,Rajamangala University of Technology Srivijaya,broadband,2023-Q3,2023,3,38.5785272871558,69.68954589701424,15.364340698252091,43.076443119842935,98.38400274725274,78.911,364,45,0.023088257401086797,True
140618,,Silpakorn University,broadband,2023-Q3,2023,3,87.19650320986274,72.38659105604337,49.51742689651462,24.988382446652516,60.28955922865014,58.465,363,30,0.023024828122512383,True
9649,,Information Technology Office,broadband,2023-Q3,2023,3,42.94351074465131,49.178016871854204,24.637524354338183,15.326213701141501,88.36767217630855,59.246,363,85,0.023024828122512383,True
55403,,PTT Digital Solutions Company Limited,broadband,2023-Q3,2023,3,65.43526963800595,45.079050205599,40.598690805446324,12.384577025727522,93.30714367816093,67.95949999999999,348,22,0.02207338894389617,True
38566,,NTTCTNET,broadband,2023-Q3,2023,3,26.185104473820342,22.05255637564534,15.888054075180758,14.928395059929443,44.78358235294118,35.323,340,59,0.021565954715300855,True
147027,,Royal Thai Armed Force Headquarters,broadband,2023-Q3,2023,3,86.1650134324555,72.09084499032757,39.16528192188716,22.490958643744566,91.6884156626506,43.516999999999996,332,57,0.02105852048670554,True
132866,,Rajamangala University of Technology Suvarnabhumi under UniNet Network,broadband,2023-Q3,2023,3,61.97181595550769,28.34226603508062,42.968571698963075,6.7353385962518315,51.56482352941176,37.723,323,40,0.020487656979535813,True
134690,,Chulachomklao Royal Military academy member of UniNet,broadband,2023-Q3,2023,3,17.496103510713734,15.823565174917757,5.681385221276091,8.306198431072634,68.84567845659161,48.786,311,5,0.01972650563664284,True
137850,,Mae Fah Luang University,broadband,2023-Q3,2023,3,112.37974609494545,121.10609490424513,87.19954297343025,90.16285216675601,75.51181907894737,72.8385,304,22,0.01928250068662194,True
132482,,Rajamangala University of Technology Rattanakosin,broadband,2023-Q3,2023,3,74.29735759273491,114.60579676482362,13.915315921467863,62.88483302958458,69.89427338129498,51.6215,278,34,0.017633339443687168,True
45806,,Siam Commercial Bank,broadband,2023-Q3,2023,3,10.83138420093329,6.697851849924399,5.990307611135228,3.5579356019859087,44.44366283524904,37.769,261,17,0.016555041707922127,True
45847,,"university network ,Nakornsitammarat, Thailand",broadband,2023-Q3,2023,3,27.323167868222995,58.0019710635959,5.357974254640889,33.06977725324208,80.05917760617761,61.784,259,4,0.0164281831507733,True
136624,,Sakon Nakhon Rajabhat University,broadband,2023-Q3,2023,3,97.45284584319295,74.86912231469755,95.33372696086505,50.113135203450796,84.5551640625,75.259,256,7,0.016237895315050054,True
23919,,Ramkhamhaeng University,broadband,2023-Q3,2023,3,65.41820684380778,100.82668328065108,21.776450535044727,87.01866241513233,67.27144705882354,52.43,255,17,0.01617446603647564,True
147176,,"NZ Network Enterprise Co., Ltd.",broadband,2023-Q3,2023,3,16.346629015168194,10.341796036411717,2.3467109809733433,1.5587383414913418,377.0811822033898,282.484,243,33,0.01541331469358267,True
153182,,Sripatum University,broadband,2023-Q3,2023,3,41.529731458043535,37.13912866048081,36.92778362035085,36.64123580378363,58.66233884297521,35.5415,242,10,0.015349885415008256,True
24328,,Yala Rajabhat University Education,broadband,2023-Q3,2023,3,78.87446945409364,113.2855130938116,30.11495312552652,61.05685951289216,73.88962978723401,62.447,235,24,0.014905880464987356,True
7862,,Chevron Corporation,broadband,2023-Q3,2023,3,53.726464639924146,27.035612764548038,28.69625755788206,0.8243983512032976,222.848296460177,101.968,233,30,0.014779021907838526,True
137241,,PibulSongkramRajabhat University,broadband,2023-Q3,2023,3,80.35246764291003,87.12117729166316,31.110573809800936,26.596609823731235,66.19744155844155,65.545,231,11,0.014652163350689699,True
17887,,"T.C.C. Technology Co., Ltd.",broadband,2023-Q3,2023,3,68.62616988845237,40.410827952447946,33.50875715918221,18.020909595218818,91.45446698113209,54.7,212,53,0.013447007057775826,True
4767,,Computer Science,broadband,2023-Q3,2023,3,104.09844129857055,91.13710645529474,57.39959847939614,54.7352871001193,92.19250248756218,33.09,202,84,0.012812714272031685,True
135129,,Rajamangala University of Technology Tawan-ok(Bangpra Campus),broadband,2023-Q3,2023,3,77.20504390403019,66.2475792620706,37.92366157561174,34.06057995153604,48.54397512437811,33.58,201,66,0.01274928499345727,True
132250,,Princess of Naradhiwas University,broadband,2023-Q3,2023,3,50.0411568081857,50.11426925765583,12.260983128381469,15.130349420592418,87.40445,67.43,200,4,0.012685855714882855,True
38888,,"Milcom Co., Ltd. Internet Service Provider Bangkok",broadband,2023-Q3,2023,3,15.722870664483196,11.247828621885894,14.859399850705303,9.508079024149133,56.56114141414141,60.3065,199,13,0.012622426436308442,True
133919,,"University campus network, Rajamangala University of Technology Phra Nakhon",broadband,2023-Q3,2023,3,119.52262396686051,122.52909193083188,71.43204412508507,82.7215164620286,62.647854922279805,51.941,193,110,0.012241850764861955,True
7715,,GSB,broadband,2023-Q3,2023,3,32.19134396895445,41.58665949324487,11.091009688904132,30.042943230688216,64.62518617021276,53.411500000000004,188,2,0.011924704371989885,True
135012,,Suan Dusit University,broadband,2023-Q3,2023,3,74.4987560817508,48.135822020531194,34.371856323485375,25.414523088423316,67.89110928961748,54.934,183,17,0.011607557979117812,True
138685,,Mahidol Wittayanusorn School,broadband,2023-Q3,2023,3,136.234922153969,97.70666323048574,85.61756227174227,64.58228642696909,52.83638418079096,30.131,177,6,0.011226982307671328,True
141692,,PTT Global Chemical Public Company Limited,broadband,2023-Q3,2023,3,76.43496582756833,50.00446492778993,54.60155388722246,32.71663132306549,64.33699421965316,37.755,173,7,0.01097326519337367,True
9475,,Walailak University,broadband,2023-Q3,2023,3,103.32685838481713,135.53023878990842,27.70438286331027,88.23801962443711,58.164029585798815,44.849,169,17,0.010719548079076014,True
203724,,Musarubra Germany GmbH,broadband,2023-Q3,2023,3,125.8412799354852,122.19919355017439,73.56681845209408,49.520085991750626,21.517029761904762,1.0,168,2,0.010656118800501598,True
56112,,"Muang Thai Life Assurance Co., Ltd.",broadband,2023-Q3,2023,3,23.251262744954737,10.149129952401372,9.559337067387048,2.443214774161758,94.77049693251531,68.5,163,3,0.010338972407629527,True
24453,,Chandrakasem Rajabahat University,broadband,2023-Q3,2023,3,62.99226439618306,66.70050141765495,38.14476529999042,55.22851886123819,56.29985106382979,31.0,141,15,0.008943528278992413,True
136737,,Rajamangala University of Technology Krungtep,broadband,2023-Q3,2023,3,61.120801246326174,86.11332081390954,18.237011367688986,61.27412016332285,95.20267142857142,53.979,141,37,0.008943528278992413,True
133880,,The Thai Red Cross Society,broadband,2023-Q3,2023,3,64.18167307946935,49.45369185044976,25.263222258225404,5.999582486123368,47.47102238805971,32.791,134,20,0.008499523328971513,True
132117,,Ministry of Interior,broadband,2023-Q3,2023,3,78.41619917750877,80.8945529265616,45.02822974486028,54.3420580865341,117.86175968992247,63.705,129,6,0.008182376936099443,True
9891,,CS LOXINFO Public Company Limited.,broadband,2023-Q3,2023,3,19.90262137194138,5.987270190426579,12.406728543247283,0.08834957835560842,158.609375,64.0095,128,22,0.008118947657525027,True
18256,,Bank of Ayudhya Public Company Limited.,broadband,2023-Q3,2023,3,31.58627417718198,28.504509590529423,16.43745635683209,8.131739023703114,49.94928346456693,30.9,127,2,0.008055518378950613,True
131221,,Petchaburi Rajabhat University,broadband,2023-Q3,2023,3,13.535032867297867,32.75291620406359,7.964091791048698,20.063602259380794,55.76546825396826,37.053,126,11,0.0079920891003762,True
135616,,Name: Thaksin University,broadband,2023-Q3,2023,3,65.3184648582355,77.89008138718727,23.72555243951359,10.441546686063424,69.34176,61.672,125,9,0.007928659821801784,True
4765,,Pacific Internet Pte Ltd,broadband,2023-Q3,2023,3,45.72022814580651,32.989307457402944,26.127401225778044,15.52553103240929,40.54733064516129,32.007999999999996,124,24,0.00786523054322737,True
174,Cogent,"Cogent Communications, LLC",broadband,2023-Q3,2023,3,11.407076267883754,6.0267592795084735,11.2955207643293,6.479495029317776,172.59663414634147,88.0,123,62,0.007801801264652956,True
141714,,Nakhon Pathom Rajabhat University,broadband,2023-Q3,2023,3,70.09463271110361,140.03667492524903,17.031787814545766,121.7348306894402,103.84041880341881,126.934,117,16,0.007421225593206471,True
133947,,Metropolitan Electricity Authority,broadband,2023-Q3,2023,3,43.75597463659101,43.50162895106354,14.310669140902487,15.030550389240851,91.3367672413793,66.641,116,12,0.007357796314632056,True
55451,,Office of the National Broadcasting and,broadband,2023-Q3,2023,3,132.440487071097,113.09357009613248,86.98915097313015,83.07310011392426,65.79678181818181,40.161,110,31,0.006977220643185571,True
55760,,Mahanakorn University Of Technology,broadband,2023-Q3,2023,3,25.145008508806946,29.732197443003944,11.792706810915384,20.753617310250146,61.029519230769225,30.348,104,82,0.006596644971739085,True
139657,,University of the Thai Chamber of Commerce,broadband,2023-Q3,2023,3,29.526538282700315,17.101275673407052,34.33035778419966,21.126398715379892,43.97214423076923,29.1,104,63,0.006596644971739085,True
4274,,Assumption University,broadband,2023-Q3,2023,3,69.6673592300889,87.44646245085886,38.921074509115556,41.05472671833313,52.2835922330097,31.823,103,44,0.006533215693164671,True
63989,,DE-CORP,broadband,2023-Q3,2023,3,9.352285820293636,22.103594599345097,0.8413794465681982,2.0386183469195664,255.12436363636368,107.677,99,15,0.006279498578867014,False
38450,,Ministry of Infomation Communication Technology,broadband,2023-Q3,2023,3,28.0011173527235,18.88917408480077,12.32119936049024,3.653386251677076,73.85068686868686,67.909,99,43,0.006279498578867014,False
138670,,Ngern Tid Lor Company Limited,broadband,2023-Q3,2023,3,12.495841360245201,6.906293453968909,10.593539244997384,4.497686658096697,55.499408163265315,31.457,98,2,0.006216069300292599,False
139753,,"Valaya Alongkorn Rajabhat University Under The Royal Patronage,",broadband,2023-Q3,2023,3,51.272920601502385,53.2148547269422,12.264718088575346,8.830275208258547,83.74110416666667,54.212500000000006,96,6,0.006089210743143771,False
140660,,Satit Pattana School,broadband,2023-Q3,2023,3,69.72346657987039,46.11121243102135,27.940265441578653,21.342913585130365,52.32801052631578,58.516,95,1,0.006025781464569356,False
132879,,Rajabhat Mahasarakham University,broadband,2023-Q3,2023,3,99.23648873354946,58.333628339033694,69.69709875991227,21.86150303262301,70.25322826086958,68.529,92,13,0.005835493628846114,False
134073,,The Revenue Department,broadband,2023-Q3,2023,3,38.74469771505266,27.882510491263112,30.695400794653604,6.090157271380105,60.422945054945046,42.104,91,12,0.005772064350271699,False
138003,,Royal Police Cadet Academy,broadband,2023-Q3,2023,3,85.45579465563348,92.29353120853685,31.04038425526363,55.40974165902583,68.42777777777779,52.7275,90,1,0.005708635071697285,False
38296,,National Science and Technology Development Agency,broadband,2023-Q3,2023,3,143.42854718877385,124.62493790520948,120.52143290569522,64.92751794879692,69.52261176470587,52.956,85,15,0.005391488678825214,False
38328,,Ministry of Finance,broadband,2023-Q3,2023,3,51.97801416384532,94.85105547700402,31.947577696029537,73.33259064831728,41.78241975308642,31.411,81,9,0.005137771564527557,False
55488,,Nakorn Ratchasima Rajabhat University,broadband,2023-Q3,2023,3,107.67142979507442,20.831021593614558,64.07531338920796,6.406251468810332,74.391375,63.8865,80,7,0.005074342285953142,False
137058,,Aeronautical Radio of Thailand Ltd.,broadband,2023-Q3,2023,3,40.67287797120914,36.16770144265896,32.397981200382276,34.00965391260727,86.29256962025316,34.43,79,3,0.005010913007378728,False
147312,,Songkhla Rajabhat University Network.,broadband,2023-Q3,2023,3,72.85729819479963,93.49093684835277,45.38012535931271,90.78369782978945,82.88191139240507,59.255,79,12,0.005010913007378728,False
149800,,Org: Phramongkutklao College of Medicine.,broadband,2023-Q3,2023,3,40.21385958605754,80.31674474360487,21.899909454225366,46.25173412447976,61.4502857142857,51.543,77,35,0.004884054450229899,False
132838,,"United Information Highway Co.,Ltd.",broadband,2023-Q3,2023,3,54.7061150212239,44.8139849916115,28.209255567288356,19.881738071674302,47.324689189189186,33.3685,74,13,0.004693766614506657,False
38589,,Education Network,broadband,2023-Q3,2023,3,153.62262538534387,183.18963959587578,83.84976028374965,117.56462063339542,91.17988405797101,33.843,69,9,0.004376620221634585,False
55476,,"CP All Public Co., Ltd.",broadband,2023-Q3,2023,3,57.994810734357664,44.798683253997844,28.917131288291536,18.591372373334828,57.1044347826087,30.21,69,4,0.004376620221634585,False
38228,,"Ministry Of Defence, Thailand",broadband,2023-Q3,2023,3,73.8738034230411,136.1749669816002,65.50456928466679,92.76777223305118,43.80780882352941,31.891,68,3,0.0043131909430601705,False
137198,,Phranakorn Rajabhat University,broadband,2023-Q3,2023,3,119.61053399497008,147.7077469083998,46.612975058456065,68.35924640175527,41.966227272727274,27.192999999999998,66,4,0.004186332385911342,False
134089,,JasTel Network,broadband,2023-Q3,2023,3,112.91480015422471,390.40455050291337,73.24837562268239,317.44378706756845,52.765439393939396,29.155,66,1,0.004186332385911342,False
134509,,1-TO-ALL COMPANY LIMITED,broadband,2023-Q3,2023,3,30.163295298177033,12.406986780260615,25.446752847381106,0.9633709050458085,46.68314062499999,35.7235,64,2,0.0040594738287625136,False
4741,,"Samart Infonet Co., Ltd.",broadband,2023-Q3,2023,3,28.705499504327847,17.791202294678154,15.433927135456786,8.047349472774693,72.356140625,33.2595,64,13,0.0040594738287625136,False
154088,,MI Squared Company Limited (Branch 00003)/JW Marriott Phuket Resort & Spa,broadband,2023-Q3,2023,3,32.94247078343639,19.265717594049477,27.77061332747751,9.152668771035943,73.101593220339,47.867,59,2,0.0037423274358904424,False
135528,,Muban Chombueng Rajabhat University,broadband,2023-Q3,2023,3,100.57078655526287,156.25441201975516,66.13900126391795,90.26335147022336,67.79359649122809,40.731,57,6,0.003615468878741614,False
45530,,Agoda Company Pte. Ltd.,broadband,2023-Q3,2023,3,84.49735685473917,94.22809056121788,59.943514585985525,45.20060378625307,55.0290350877193,33.0,57,5,0.003615468878741614,False
131447,,POPIDC powered by CSLoxinfo,broadband,2023-Q3,2023,3,10.026104961367242,5.054392311807568,3.6943841937926627,0.9569043243463224,153.1658888888889,140.414,54,3,0.003425181043018371,False
45800,,"Suan sunandha Rajabhat University, which is one university in Thailand",broadband,2023-Q3,2023,3,10.32071436399424,16.649050292593508,8.617142663761927,14.930994993881043,51.88711111111111,32.65,54,5,0.003425181043018371,False
23683,,"BoonRawd Brewery Co.,LT",broadband,2023-Q3,2023,3,26.41959254284776,19.762615785447412,11.98485182982321,10.96552327010604,54.90009433962263,34.97,53,5,0.0033617517644439565,False
140867,,"International gateway co., Ltd",broadband,2023-Q3,2023,3,24.111698666271455,12.356722551065156,17.89253518219137,6.221765880083126,118.68769230769232,74.17099999999999,52,27,0.0032983224858695423,False
63951,,THAICOM Public Company Limited,broadband,2023-Q3,2023,3,9.369950591049514,2.6614250837888753,3.939059025463616,2.3238540629001707,93.16749019607843,63.947,51,16,0.003234893207295128,False
141214,,Geo-Informatics and Space Technology Development Agency,broadband,2023-Q3,2023,3,118.44869796016785,78.52694230159791,74.79306960977574,77.12714695448068,80.43094117647058,51.0,51,2,0.003234893207295128,False
45254,,"Internet Solution & Service Provider Co., Ltd.",broadband,2023-Q3,2023,3,95.80564620094272,39.785974963976834,83.54417389758532,9.14908949525881,39.453431372549026,33.674,51,4,0.003234893207295128,False
59374,,Bangmod Enterprise,broadband,2023-Q3,2023,3,2.4205619346885876,5.041003175773246,0.9698354042548153,3.7226417660281674,102.70106,101.267,50,4,0.003171463928720714,False
38293,,Ministry of Foreign Affairs,broadband,2023-Q3,2023,3,64.33988199110145,24.17797181055067,66.912230311623,18.74200141934335,62.72076000000001,50.307,50,17,0.003171463928720714,False
134162,,ADVANCED WIRELESS NETWORK COMPANY LIMITED,broadband,2023-Q3,2023,3,189.52579108980962,276.95011445570384,139.45702065443757,234.9450455648633,37.81220408163265,28.117,49,13,0.0031080346501462996,False
131246,,"LOEI university network ,LOEI, Thailand",broadband,2023-Q3,2023,3,80.88477917787506,20.12879215115419,79.89422724051941,10.893044221891861,77.84519148936171,73.0,47,6,0.002981176092997471,False
55498,,"Greenline Synergy Co.,Ltd.",broadband,2023-Q3,2023,3,34.46631605601598,29.369583411469222,23.971759114011395,14.278363349839594,66.89541304347827,37.6905,46,4,0.002917746814423057,False
132618,True,Real Future Company Limited,broadband,2023-Q3,2023,3,7.884824770674444,4.2409796322446605,3.573551714263737,3.373222135802699,61.94473913043478,44.973,46,28,0.002917746814423057,False
24393,,The Secretariat of House of the Representive,broadband,2023-Q3,2023,3,26.89711285161587,25.121354490251566,5.645900049247907,0.743016278234923,61.90837777777779,55.0,45,16,0.0028543175358486427,False
141730,,Pacific Technologies and Network Philippines Incorporation,broadband,2023-Q3,2023,3,115.4704441453685,120.69313084208643,27.639550999643056,28.78037247174444,113.60686363636364,61.197,44,1,0.0027908882572742284,False
131257,,"Suratthani ratjabhat university, Thailand",broadband,2023-Q3,2023,3,107.15522063434442,76.12641511600405,48.882174384560315,4.337543904208454,101.90274999999998,64.4205,44,2,0.0027908882572742284,False
140075,,Roi et Rajabhat University,broadband,2023-Q3,2023,3,105.76368672480277,83.26793404022109,58.93947629991511,62.34137921249354,71.57037209302325,68.602,43,5,0.0027274589786998138,False
136781,,Department of Alternative Energy Development and Efficiency,broadband,2023-Q3,2023,3,19.4036368416531,14.745228258228176,21.85110931723588,20.415029028137212,52.5015238095238,29.932000000000002,42,5,0.0026640297001253995,False
138616,,"Sanuk Systems (Thailand) Co., Ltd",broadband,2023-Q3,2023,3,61.661783264925965,67.05393187458009,36.33327524792645,52.47928809763737,40.38535714285714,37.069500000000005,42,9,0.0026640297001253995,False
45455,,"Two S One N Co Ltd, Internet Service Provider and IT Solutions",broadband,2023-Q3,2023,3,66.75232629548259,66.57018982995261,54.128136026127926,47.395178449545995,49.39645,43.1305,40,4,0.002537171142976571,False
45796,,UIH / BB Connect,broadband,2023-Q3,2023,3,65.99237108115925,34.26931701630905,16.965861278939805,23.19422214863266,43.96261538461538,35.636,39,3,0.002473741864402157,False
55642,,Control Data (Thailand) Ltd,broadband,2023-Q3,2023,3,92.66972017318221,63.17915240181011,47.5558319376678,27.32250082177292,55.197589743589745,35.253,39,5,0.002473741864402157,False
134064,,The Chulabhorn Graduate Institute Campus Network Member of UniNet,broadband,2023-Q3,2023,3,28.58996352370347,43.54438533456033,6.161565714313789,19.206206741968742,80.4253846153846,67.401,39,9,0.002473741864402157,False
133328,,Bangkok Patana School,broadband,2023-Q3,2023,3,128.81169573508143,124.67504994766635,136.23140047088253,132.70012620902818,49.67892105263157,60.2445,38,1,0.0024103125858277426,False
132493,,"Lampang-Meatha Rd., Thambon Chomphu Ampher Maung Lampang 52100",broadband,2023-Q3,2023,3,50.4614192906264,61.58163593974309,15.746870152697767,21.46441316506627,103.04116666666667,67.475,36,10,0.002283454028678914,False
132300,,"NIPA TECHNOLOGY CO., LTD",broadband,2023-Q3,2023,3,6.494106553372352,23.21746967641757,1.58908529855142,1.3056596683997035,102.14491666666667,101.11,36,6,0.002283454028678914,False
132514,,"Ubon Ratchathani University,",broadband,2023-Q3,2023,3,100.49427749286836,72.56282544482944,96.139654074654,50.48395432477865,68.89925,64.85,36,3,0.002283454028678914,False
56117,,KIATNAKIN,broadband,2023-Q3,2023,3,51.19877803347549,34.59407651295544,43.56791565011852,26.386913261165887,71.97444444444444,55.134,36,1,0.002283454028678914,False
38265,,Sisaket Rajabhat University,broadband,2023-Q3,2023,3,105.43469309263239,63.34327665314199,70.53377853831323,60.37704139730348,70.30058333333334,70.5745,36,2,0.002283454028678914,False
55938,,Expressway Authority of Thailand,broadband,2023-Q3,2023,3,114.25479379766963,138.69061789275267,96.27787032063675,112.80683256584085,45.062485714285714,31.502,35,3,0.0022200247501045,False
55925,,"469 Nakronsawan.Rd, Chidrada Dusit",broadband,2023-Q3,2023,3,21.41145512688254,29.189353620405615,16.680610005229703,10.08132587951437,33.87025714285714,29.848,35,3,0.0022200247501045,False
17827,,Sukhothai Thammathirat Open University,broadband,2023-Q3,2023,3,120.80865638440258,127.76804393734386,77.31213102495668,69.185861966242,71.00922857142858,55.058,35,18,0.0022200247501045,False
139329,,Siam Piwat Company Limited,broadband,2023-Q3,2023,3,17.564712599454825,17.748231618608337,12.08922843340234,12.22820875689695,72.40823529411765,37.7465,34,3,0.0021565954715300852,False
133581,,"Thailand Post Co,.Ltd.",broadband,2023-Q3,2023,3,135.20380829223768,66.6706252483522,92.04733198035095,47.66961146218357,54.92557575757576,29.908,33,15,0.002093166192955671,False
138427,,Thailand Institute of Nuclear Technology (Public Organization),broadband,2023-Q3,2023,3,74.74616396698337,39.88853864364275,75.29410049387397,27.090777837809053,56.341,32.764,33,2,0.002093166192955671,False
154177,,LIGHT NODE LIMITED,broadband,2023-Q3,2023,3,4.360847437876816,1.9637942710344019,2.197095735364206,1.3833613295718146,124.68446875000001,96.202,32,4,0.0020297369143812568,False
714,,Apple Inc.,broadband,2023-Q3,2023,3,57.33350642902608,66.62083395396814,53.583253745050314,71.60963570796717,79.42271875000002,32.8785,32,3,0.0020297369143812568,False
140699,,Royal Thai Army,broadband,2023-Q3,2023,3,38.6673875348466,36.773399322352745,14.081780328895997,22.05829629997753,79.41187096774192,58.86,31,2,0.0019663076358068425,False
150686,,State Railway of Thailand,broadband,2023-Q3,2023,3,169.61859804288505,145.3062918630052,151.83394047243374,89.44152057674464,57.25377419354838,30.854,31,2,0.0019663076358068425,False
4827,,CSLOXINFO,broadband,2023-Q3,2023,3,25.262933095047334,11.149300836958094,13.835945993531313,9.44888121199157,80.32441379310345,69.589,29,2,0.001839449078658014,False
24042,,"Bangkok Airways Co., Ltd.",broadband,2023-Q3,2023,3,76.26645430223734,100.90528579733069,83.85272269814593,82.8656047807863,74.57006896551725,51.51,29,3,0.001839449078658014,False
140725,,Thai Customs Department,broadband,2023-Q3,2023,3,20.375292950263688,16.605843413334487,9.805922964703065,8.781826508674566,41.22860714285714,28.063499999999998,28,1,0.0017760198000835998,False
4776,,"A-Net Co., Ltd.",broadband,2023-Q3,2023,3,115.5067998695588,82.63349165790855,59.0006285175933,30.23076670794257,50.233892857142855,56.55,28,9,0.0017760198000835998,False
134695,,Mass Rapid Transit Authority of Thailand,broadband,2023-Q3,2023,3,80.77361650005861,83.78361937682594,71.48608956138185,65.06034719382804,61.74707407407407,56.058,27,2,0.0017125905215091856,False
45959,,"Thai Reinsurance Public Co., Ltd.",broadband,2023-Q3,2023,3,43.47348964354623,41.69264733252593,17.7750534020908,21.934407944637133,123.99807407407407,68.803,27,1,0.0017125905215091856,False
134095,,National ITMX Company Limited,broadband,2023-Q3,2023,3,17.530470448398525,14.256114533156245,15.84660533011305,12.367072472547582,40.267480000000006,33.912,25,2,0.001585731964360357,False
150107,,Surundra Rajabhat University,broadband,2023-Q3,2023,3,71.04687282629844,56.320634608093364,25.739031407264115,22.58807521937142,64.04752173913043,65.102,23,4,0.0014588734072115285,False
135676,,National Institute for Emergency Medicine,broadband,2023-Q3,2023,3,56.68738169372409,24.70528752275749,19.629254774270265,24.95934977668389,40.205681818181816,31.048000000000002,22,3,0.0013954441286371142,False
133042,,Office of the basic education commission,broadband,2023-Q3,2023,3,101.67770374829347,83.8789730149979,67.26405022760292,95.22697989765325,70.80113636363637,51.8695,22,13,0.0013954441286371142,False
132013,,True Internet assigned for ICS,broadband,2023-Q3,2023,3,115.39385097721149,97.58334409941517,61.874947827921844,91.73430053139894,41.09961904761905,33.79,21,2,0.0013320148500626998,False
24060,,KTB COMPUTER SERVICES COMPANY LIMITED,broadband,2023-Q3,2023,3,92.91738287465867,105.28877066625961,32.03115240852837,27.340890376214585,54.03735,59.6905,20,2,0.0012685855714882855,False
135381,,SiS Distribution (Thailand) Public Company Limited ,broadband,2023-Q3,2023,3,6.947798994896649,5.221934622204073,7.4881539257401855,5.579278847331637,48.7661052631579,53.408,19,10,0.0012051562929138713,False
55325,,Eastern Water Resources Development and Management Company,broadband,2023-Q3,2023,3,104.97184675699626,101.26796462193894,98.56849211012977,92.20342755179172,44.673437500000006,28.7125,16,2,0.0010148684571906284,False
140326,,Symphony Communication Public Company Limited for TC,broadband,2023-Q3,2023,3,7.739180045627117,7.352380428935499,7.322223742792284,7.070974835073979,62.9872,60.704,15,3,0.0009514391786162142,False
24083,,Siam City Cement Public Company Limited,broadband,2023-Q3,2023,3,46.220026749905045,39.77869438468046,60.356560400741664,34.6976816943873,91.42546666666668,68.421,15,2,0.0009514391786162142,False
45229,,"United Nation - Property Management Sub-unit, Thailand",broadband,2023-Q3,2023,3,137.82386946213902,131.19907746181337,125.30560910117778,115.35047592362542,53.959785714285715,32.678,14,6,0.0008880099000417999,False
132201,,Land and Houses Bank Public Company Limited,broadband,2023-Q3,2023,3,64.42512355760665,22.4738923464185,47.67453085549894,11.295887773522999,49.58423076923077,29.164,13,1,0.0008245806214673856,False
137394,,Dhonburi Rajabhat University,broadband,2023-Q3,2023,3,6.047303404575793,8.07022318706839,7.508560947854543,7.309177356158692,45.99283333333333,31.734,12,1,0.0007611513428929713,False
140032,,United Overseas Bank (Thai) Public Company Limited,broadband,2023-Q3,2023,3,469.68627218129916,395.33880665432173,483.9634364650983,427.1097135675719,32.06154545454546,29.0,11,1,0.0006977220643185571,False
138962,,Bangkok Insurance Public Company Limited,broadband,2023-Q3,2023,3,90.33432057319851,81.29767473100401,81.62729362648689,94.46760725103132,36.98890909090909,29.661,11,3,0.0006977220643185571,False
137545,,KPN AWARD,broadband,2023-Q3,2023,3,112.41295542397076,17.25659155704307,126.96332452812679,13.927097418707744,43.61254545454545,34.872,11,2,0.0006977220643185571,False
135635,,Tourism authority of Thailand,broadband,2023-Q3,2023,3,32.74781312871781,17.98539605779304,36.59173290928431,16.99067144889815,42.08863636363636,34.057,11,1,0.0006977220643185571,False
45581,,INFONET THAILAND ISP,broadband,2023-Q3,2023,3,29.24602161422346,9.317506001862107,0.7435688873772525,0.18548093831383455,319.01090909090914,214.171,11,4,0.0006977220643185571,False
151808,,Hatyai University.,broadband,2023-Q3,2023,3,147.91257711551543,16.49632639769004,140.0440413493648,11.068365362636714,61.85763636363636,41.968,11,1,0.0006977220643185571,False
135141,,Rajamangala University of Technology Lanna,broadband,2023-Q3,2023,3,51.85561899228581,32.49004174314674,15.41876918903695,4.578755335857317,89.7338,92.24199999999999,10,3,0.0006342927857441428,False
137546,,"Faculty of Engineering , Rajamangala University of",broadband,2023-Q3,2023,3,36.10995038151175,31.540702628204013,16.298118033361202,10.716312664511232,92.68419999999999,58.0265,10,6,0.0006342927857441428,False
9835,,Government Information Technology Services,broadband,2023-Q3,2023,3,18.687647994479555,9.024692483667744,10.610359362976574,7.855121667911958,53.489,47.784,10,4,0.0006342927857441428,False
133909,,Siam E Business Limited Partnership,broadband,2023-Q3,2023,3,74.17652838443418,54.995147346632024,63.357757280408165,56.45427368741668,39.715333333333334,32.938,9,5,0.0005708635071697285,False
139724,,Tobacco Authority of Thailand,broadband,2023-Q3,2023,3,18.8270615021719,22.509580599895504,19.8088607268913,16.307445734530507,57.63733333333333,29.629,9,3,0.0005708635071697285,False
141736,,"Wisepaq Business Solutions Provider Co., Ltd.",broadband,2023-Q3,2023,3,37.341981151472055,28.709075781184453,36.70336798030778,21.254931213691226,41.016666666666666,32.2,9,2,0.0005708635071697285,False
45255,,"Hi-tech Nittsu (Thailand) Co.,Ltd.",broadband,2023-Q3,2023,3,17.146668413295497,6.30946878678562,18.142522175231306,5.797798718710891,63.08933333333334,60.002,9,1,0.0005708635071697285,False
24455,,The Siam Cement Group,broadband,2023-Q3,2023,3,47.55380801384504,24.73131276553201,43.133340592641524,24.502206732987,150.1908888888889,210.0,9,3,0.0005708635071697285,False
18409,,"Bank of Thailand, Bangkok, Thailand",broadband,2023-Q3,2023,3,72.81682671536441,45.91136799658768,24.41103053547982,19.81074253673401,30.897777777777776,27.237,9,2,0.0005708635071697285,False
37983,,CSLOXINFO,broadband,2023-Q3,2023,3,337.1668125667176,327.2359986407091,336.7153715746873,190.04444499273586,86.64866666666667,60.0,9,1,0.0005708635071697285,False
140983,,Dhipaya Insurance Public Co. Ltd.,broadband,2023-Q3,2023,3,65.1241558421043,40.08473886949587,43.39632836004175,34.578180236085274,34.13155555555555,33.0,9,2,0.0005708635071697285,False
24190,,The Stock Exchange of Thailand,broadband,2023-Q3,2023,3,52.04049395924543,75.18177529114928,52.22102919700861,43.92101925859557,54.04233333333333,30.925,9,1,0.0005708635071697285,False
17565,,"Advance Datanetwork Communications Co.,Ltd. BuddyB service. Bangkok",broadband,2023-Q3,2023,3,53.000033030538134,14.687435216564321,34.95557718422867,15.189683673052057,41.622375,32.3585,8,2,0.0005074342285953142,False
142131,,AEON Thana Sinsap (Thailand) Public Company Limited,broadband,2023-Q3,2023,3,25.970376329278132,12.174185316636203,22.63412249317603,15.661957498587249,93.30875,60.0775,8,1,0.0005074342285953142,False
138215,,Royal Thai Police,broadband,2023-Q3,2023,3,88.17232924616279,20.15067817395548,72.19246000819189,23.485065756152,54.67675,60.3225,8,2,0.0005074342285953142,False
45537,,C/o Cs Loxinfo Public Company Limited,broadband,2023-Q3,2023,3,221.5425162752138,38.30154290655469,188.79101764481268,34.54116463920468,47.19325,36.6325,8,2,0.0005074342285953142,False
139889,,Department of Fisheries,broadband,2023-Q3,2023,3,104.61976528119419,81.3240687821569,90.21164669155806,91.09192594795148,43.19228571428572,49.533,7,1,0.00044400495002089996,False
38231,,"CIMB Securities Co., Ltd.",broadband,2023-Q3,2023,3,33.84708185566841,36.115728440482954,31.57991182431113,36.52835599455135,48.56842857142857,35.452,7,1,0.00044400495002089996,False
23687,,The Institute for the Promotion of Teaching Science,broadband,2023-Q3,2023,3,115.16982623023458,284.1502389737872,141.77048104189174,313.2251697813667,36.779999999999994,26.559,7,1,0.00044400495002089996,False
150181,,FiberTech,broadband,2023-Q3,2023,3,209.90277082729116,33.99201048967568,240.1383667033184,46.577254262437066,41.995666666666665,32.7025,6,1,0.00038057567144648567,False
150300,,"The Permanent Secretary, Ministry of Transport of Thailand",broadband,2023-Q3,2023,3,79.73449370744412,43.29690993059856,80.02401795302754,30.93042312928683,39.58166666666667,32.358999999999995,6,1,0.00038057567144648567,False
136906,,NNCK,broadband,2023-Q3,2023,3,20.714220127669115,17.552178317561104,22.261695108772585,14.368909375876832,44.56266666666667,35.0035,6,4,0.00038057567144648567,False
149503,,Name: Mahamakut Buddhist University network.,broadband,2023-Q3,2023,3,130.98765968853203,62.91176147204977,89.7685510652401,77.82423395053422,45.594500000000004,31.051000000000002,6,1,0.00038057567144648567,False
141715,,"Apex Circuit (Thailand) Co.,Ltd.",broadband,2023-Q3,2023,3,220.05051548864904,173.43289113413402,209.63077384675813,71.11057563504363,44.06583333333333,32.7475,6,5,0.00038057567144648567,False
18408,,CSLOXINFO,broadband,2023-Q3,2023,3,8.165086878808607,,10.338406119916604,,49.553000000000004,47.822,6,1,0.00038057567144648567,False
58930,,My Telecom Group Company Limited,broadband,2023-Q3,2023,3,58.245870326699865,11.148088002490676,23.453090263217046,2.817195241051504,94.719,75.37049999999999,6,5,0.00038057567144648567,False
141207,,Thai Life Insurance PCL.,broadband,2023-Q3,2023,3,48.142220682741794,44.96204447592416,45.86166343505781,40.51405944185494,63.182500000000005,63.710499999999996,6,1,0.00038057567144648567,False
38184,,Thaivivat Insurance,broadband,2023-Q3,2023,3,16.00256352320907,14.060605922667042,12.900337949373624,13.188212921482975,64.5144,37.954,5,2,0.0003171463928720714,False
56118,,OCSC,broadband,2023-Q3,2023,3,44.795614716573155,14.273726946969253,15.93233535251437,17.10025722261771,48.0458,59.0,5,1,0.0003171463928720714,False
56223,,"Thai Summit Autopart Industry Co.,Ltd",broadband,2023-Q3,2023,3,84.39563783886388,18.11318871972103,87.15856675630964,22.391847741741426,72.1982,30.451,5,2,0.0003171463928720714,False
395753,,KKR,broadband,2023-Q3,2023,3,158.014703729448,179.18559277655103,197.4513268955851,186.72986266998288,33.575,6.258,5,2,0.0003171463928720714,False
149481,,AXA Technology Services Asia (HK) Limited,broadband,2023-Q3,2023,3,90.71574263502438,45.46798357293343,86.0818563639809,55.60878627532468,33.0806,33.645,5,1,0.0003171463928720714,False
136457,,THAIAIRASIA CSL,broadband,2023-Q3,2023,3,107.99539590337642,107.99444516906156,102.49247837148144,108.02166779086261,29.5468,29.819,5,1,0.0003171463928720714,False
45752,,Provincial waterworks authority,broadband,2023-Q3,2023,3,188.06706268516888,109.77801138861221,164.79748417810765,68.92364090751096,38.9136,34.478,5,2,0.0003171463928720714,False
45197,,"Boonthavorn Co., Ltd.",broadband,2023-Q3,2023,3,2.1243080615763903,1.0369901513095994,2.13023115256081,1.0369901513095994,48.459199999999996,59.0,5,1,0.0003171463928720714,False
149036,,Waterfront Hotel c/o Symphony Communication Public Company Limited,broadband,2023-Q3,2023,3,119.80363359012749,125.72142648090036,90.2862374814764,89.68151261422327,43.305,30.005,5,1,0.0003171463928720714,False
136023,,"PTE Group Co., Ltd",broadband,2023-Q3,2023,3,9.277897119667259,0.8224870328973937,7.827766443596076,0.08776372706983365,70.07724999999999,49.0675,4,2,0.0002537171142976571,False
152915,,The Office of the Securities and Exchange Commission (Head Office),broadband,2023-Q3,2023,3,117.71509761013434,27.159203357952197,131.99692546868246,16.522439526582605,37.704,30.558,4,1,0.0002537171142976571,False
55634,,"Kasikorn Asset Management Co.,Ltd.",broadband,2023-Q3,2023,3,8.213815096568375,13.744468807952666,8.09595764006171,11.345034933008819,44.74725,44.416,4,1,0.0002537171142976571,False
140918,,CMKL University,broadband,2023-Q3,2023,3,250.56077130184673,215.41235876241797,257.5109902765568,250.69304800812702,45.202,45.114000000000004,4,1,0.0002537171142976571,False
133791,,Teledirect Telecommerce,broadband,2023-Q3,2023,3,146.08348205841327,89.43592612615699,10.555468989438497,6.623047818957467,82.9615,49.923,4,1,0.0002537171142976571,False
137919,,BTS,broadband,2023-Q3,2023,3,58.012393892081406,56.719327723054526,65.68556664394038,45.5479113494714,75.3295,76.676,4,1,0.0002537171142976571,False
133761,,Mr. Naphat,broadband,2023-Q3,2023,3,33.28880332793933,41.444193933436374,21.613752124501143,40.41026802049076,39.663,31.032,4,1,0.0002537171142976571,False
138353,,NIST INTERNATIONAL SCHOOL,broadband,2023-Q3,2023,3,72.31479116593712,69.54495792785833,58.97151908521763,32.50881483991621,61.69425,67.8195,4,1,0.0002537171142976571,False
151672,,government agency,broadband,2023-Q3,2023,3,35.44564291502066,14.189866335529281,15.185356484790491,14.767257074450828,59.883,58.9435,4,2,0.0002537171142976571,False
55932,,The Thai Bond Market Association,broadband,2023-Q3,2023,3,49.96589787121659,53.763933986210255,45.23356616933157,53.763933986210255,50.484750000000005,57.346000000000004,4,2,0.0002537171142976571,False
135063,,POP NIX COMPANY LIMITED,broadband,2023-Q3,2023,3,145.9072235429681,,145.9161242438209,,55.492,50.205,3,1,0.00019028783572324284,False
134718,,OSD Internet Company Limited,broadband,2023-Q3,2023,3,19.091702953174636,56.93288003535724,15.457757837453425,56.93288003535724,51.723333333333336,62.468,3,1,0.00019028783572324284,False
24214,,CSLOXINFO,broadband,2023-Q3,2023,3,137.26998205461211,139.95130431990816,111.64005925546401,139.95130431990816,107.738,66.135,3,2,0.00019028783572324284,False
7485,,Samart - Advanced Metering Infrastructure(AMI),broadband,2023-Q3,2023,3,37.60572644023654,15.467553913702632,41.69476446104711,7.5005289269916755,39.562000000000005,29.1,3,1,0.00019028783572324284,False
24040,,"DataOne Asia (Thailand) Co.,Ltd.",broadband,2023-Q3,2023,3,4.784994775342106,2.2392286228560545,5.221800320606514,3.052706847987479,61.139,61.353,3,1,0.00019028783572324284,False
132821,,"Trinity Securities Co., Ltd.",broadband,2023-Q3,2023,3,66.90639079073384,12.568288664006852,44.965440772796136,12.568288664006852,29.849666666666668,29.746,3,2,0.00019028783572324284,False
136035,,Department of Tourism,broadband,2023-Q3,2023,3,50.74158594300666,39.02332511292624,62.94567381730473,39.02332511292624,133.043,29.819,3,1,0.00019028783572324284,False
45248,,"United Information Highway Co.,Ltd",broadband,2023-Q3,2023,3,176.98372022822116,70.79997411914185,174.07258970557956,70.79997411914185,43.12166666666667,34.891,3,2,0.00019028783572324284,False
132172,,Fiscal Policy Office,broadband,2023-Q3,2023,3,232.02410034500258,269.66914338346123,294.23459127157224,269.66914338346123,31.293333333333333,31.377,3,1,0.00019028783572324284,False
63972,,SOCIAL,broadband,2023-Q3,2023,3,3.8728101132520742,4.166499564766189,3.5409859353220137,4.166499564766189,91.92166666666667,82.499,3,1,0.00019028783572324284,False
55927,,"UOB Kay Hian Securities (Thailand) Co., Ltd.",broadband,2023-Q3,2023,3,27.70730843045909,19.06678721983546,27.70730843045909,19.06678721983546,120.92200000000001,120.92200000000001,2,1,0.00012685855714882855,False
9339,,CSLOXINFO,broadband,2023-Q3,2023,3,25.204624806744143,8.68314133362685,25.204624806744143,8.68314133362685,29.082,29.082,2,2,0.00012685855714882855,False
149762,,"Hakuhodo (Bangkok) Co., Ltd.",broadband,2023-Q3,2023,3,3.4992332675119453,0.0784521590182,3.4992332675119453,0.0784521590182,30.867,30.867,2,1,0.00012685855714882855,False
23932,,Internet Service Provider,broadband,2023-Q3,2023,3,29.171683134085836,8.888468021438987,29.171683134085836,8.888468021438987,201.56,201.56,2,1,0.00012685855714882855,False
32043,,NeoFiber Communications inc.,broadband,2023-Q3,2023,3,14.653113456722814,2.313786665002712,14.653113456722814,2.313786665002712,229.8205,229.8205,2,2,0.00012685855714882855,False
140662,,AEON Thana Sinsap (Thailand) Public Company Limited,broadband,2023-Q3,2023,3,31.691738113777987,8.09873378623471,31.691738113777987,8.09873378623471,40.9525,40.9525,2,1,0.00012685855714882855,False
17901,,One to One Contacts Public Company Limited.,broadband,2023-Q3,2023,3,121.64289434816021,90.91011792902579,121.64289434816021,90.91011792902579,48.5175,48.5175,2,2,0.00012685855714882855,False
137392,,KTB Securities (Thailand) Company Limited,broadband,2023-Q3,2023,3,159.84297591488888,68.62337741657888,159.84297591488888,68.62337741657888,48.5585,48.5585,2,1,0.00012685855714882855,False
133529,,Land and Houses Bank Public Company Limited,broadband,2023-Q3,2023,3,47.526545910771105,11.569594671322749,47.526545910771105,11.569594671322749,29.81,29.81,2,1,0.00012685855714882855,False
38820,,CSLOXINFO,broadband,2023-Q3,2023,3,16.106059970007447,16.77300541494894,16.106059970007447,16.77300541494894,30.2575,30.2575,2,1,0.00012685855714882855,False
38718,,CSLOXINFO,broadband,2023-Q3,2023,3,36.61748869706905,40.01522943957242,36.61748869706905,40.01522943957242,67.832,67.832,2,1,0.00012685855714882855,False
137977,,ONE TO ONE CONTACTS PUBLIC COMPANY LIMITED ,broadband,2023-Q3,2023,3,55.27377633235813,42.00193212754522,55.27377633235813,42.00193212754522,64.622,64.622,1,1,6.342927857441427e-05,False
18356,,Aware Corporation Autonomous System,broadband,2023-Q3,2023,3,47.04600369693456,152.7650258579812,47.04600369693456,152.7650258579812,31.585,31.585,1,1,6.342927857441427e-05,False
45533,,Comptroller General's Department,broadband,2023-Q3,2023,3,6.876521831995087,6.88921296675913,6.876521831995087,6.88921296675913,65.347,65.347,1,1,6.342927857441427e-05,False
134240,,Super Broadband Network Company Limited,broadband,2023-Q3,2023,3,28.04704111762092,,28.04704111762092,,42.509,42.509,1,1,6.342927857441427e-05,False
135375,,"Today Communication Co.,Ltd",broadband,2023-Q3,2023,3,1.4764615304588307,0.7600364491824781,1.4764615304588307,0.7600364491824781,28.591,28.591,1,1,6.342927857441427e-05,False
200250,,Hoang Phi Hai,broadband,2023-Q3,2023,3,8.16123208022064,0.08154237269153666,8.16123208022064,0.08154237269153666,33.879,33.879,1,1,6.342927857441427e-05,False
137566,,Data Zone Company Limited,broadband,2023-Q3,2023,3,292.5671371372783,1.1412233452446077,292.5671371372783,1.1412233452446077,60.462,60.462,1,1,6.342927857441427e-05,False
133167,,"TMB Bank, Phahonyothin branch. ,",broadband,2023-Q3,2023,3,32.448958245404505,30.122129049179986,32.448958245404505,30.122129049179986,28.075,28.075,1,1,6.342927857441427e-05,False
17823,,"T.H.NIC Co.,Ltd.",broadband,2023-Q3,2023,3,42.50879722150593,89.58972923673134,42.50879722150593,89.58972923673134,203.791,203.791,1,1,6.342927857441427e-05,False
38815,,"Classic Gold Futers Co.,Ltd.",broadband,2023-Q3,2023,3,81.20073964208642,15.292157344901044,81.20073964208642,15.292157344901044,30.987,30.987,1,1,6.342927857441427e-05,False
138906,,Ministry of Culture,broadband,2023-Q3,2023,3,48.23602716899617,,48.23602716899617,,28.347,28.347,1,1,6.342927857441427e-05,False
137885,,Capital Nomura Securities PLC,broadband,2023-Q3,2023,3,137.1100763824157,94.75423215425424,137.1100763824157,94.75423215425424,51.876,51.876,1,1,6.342927857441427e-05,False
17478,,Bangkok Metropolitan Administration,broadband,2023-Q3,2023,3,299.373489832949,,299.373489832949,,27.238,27.238,1,1,6.342927857441427e-05,False
24465,,"Kasikorn Securities PCL,",broadband,2023-Q3,2023,3,87.50354267813188,91.69850618687154,87.50354267813188,91.69850618687154,59.565,59.565,1,1,6.342927857441427e-05,False
4637,,Telstra Global,broadband,2023-Q3,2023,3,24.493896047715644,,24.493896047715644,,331.011,331.011,1,1,6.342927857441427e-05,False
23892,,United Communication Industry PCL.,broadband,2023-Q3,2023,3,0.6033968431485957,0.9715960720914556,0.6033968431485957,0.9715960720914556,41.932,41.932,1,1,6.342927857441427e-05,False
15695,,Expereo International BV,broadband,2023-Q3,2023,3,42.13184477199241,,42.13184477199241,,85.179,85.179,1,1,6.342927857441427e-05,False
55538,,"CIMB Securities (Thailand) Co.,Ltd.",broadband,2023-Q3,2023,3,82.95217943055451,36.30687501693747,82.95217943055451,36.30687501693747,57.6,57.6,1,1,6.342927857441427e-05,False
24344,,Chiangmai Rajabhat University,broadband,2023-Q3,2023,3,5.102659337049668,,5.102659337049668,,264.8,264.8,1,1,6.342927857441427e-05,False
17552,True,True Online,broadband,2023-Q4,2023,4,128.53497622169292,85.4932362055845,63.159777117378525,36.963192002004355,83.85927595778918,34.425,414074,265686,22.882414801723943,True
23969,NT,TOT Public Company Limited,broadband,2023-Q4,2023,4,64.06512700593115,47.3293778374762,23.113418226615742,6.808035178204628,107.18128401919316,69.506,326764,91375,18.057519646900126,True
45758,3BB,Triple T Broadband Public Company Limited,broadband,2023-Q4,2023,4,102.67385239752392,69.93190690215175,37.505372157465224,27.85058491611134,78.83238246955001,39.2415,314918,126886,17.402890074067198,True
133481,AIS,AIS Fibre,broadband,2023-Q4,2023,4,140.41111824727443,97.00387288784486,73.35290130250807,41.491198488331705,69.68275504329239,35.603,312055,147926,17.244675953940515,True
7470,True,"TRUE INTERNET Co.,Ltd.",broadband,2023-Q4,2023,4,34.546863216423915,20.722120268948466,15.589894215270444,6.723770060468331,42.704868192031086,28.0,101932,7731,5.632931083741855,True
45430,AIS,SBN-IIG/AWN-IIG transit provider,broadband,2023-Q4,2023,4,47.185624531810255,25.254085254269878,10.393009569059132,4.437876328404647,102.41788353612235,76.602,56646,33869,3.1303517459643793,True
9931,NT,National Telecom Public Company Limited,broadband,2023-Q4,2023,4,17.470360368106608,12.28248861823211,6.983856628024272,3.8591908391206156,69.16458562152135,55.049,53915,3081,2.9794321643835313,True
131090,NT,National Telecom Public Company Limited,broadband,2023-Q4,2023,4,69.32174725357834,52.66711867891352,31.641843759746067,20.49870033510497,71.08514148338747,54.0,53264,17587,2.943456826555215,True
138524,3BB,Triple T Broadband Public Company Limited,broadband,2023-Q4,2023,4,78.32416706486619,60.49166138948357,33.851490311112535,25.256348374452898,63.80406537954242,37.0065,44001,13674,2.4315681102668973,True
136538,AIS,AIS SUPER WiFi,broadband,2023-Q4,2023,4,81.97462942623844,55.696522255560076,40.06454209439218,24.623841872514333,46.30470667220951,35.476,24060,5950,1.32959543494515,True
132280,,Symphony Communication (Thailand) PCL.,broadband,2023-Q4,2023,4,66.12995163935,57.78231487080815,48.07758543909907,38.367034028557626,57.432604163097466,57.584500000000006,11676,1121,0.6452350913723846,True
56309,,"Siamdata Communication Co.,Ltd.",broadband,2023-Q4,2023,4,25.69667064990217,8.09054745668038,11.851075086624586,4.291119253046704,79.8086608005521,55.920500000000004,11602,289,0.6411457288542656,True
(unknown),,,broadband,2023-Q4,2023,4,81.85769810109396,63.49923318543574,26.62738750143953,16.240812912277335,52.48135834099265,31.211,8707,3276,0.4811632357467756,True
4618,,Internet Thailand Company Limited,broadband,2023-Q4,2023,4,40.0980958597685,30.91120481661746,14.567101782072216,8.786531158384959,83.15656197916668,66.318,7691,2024,0.4250173936061159,True
4621,,UNINET-TH,broadband,2023-Q4,2023,4,72.11050409685237,74.72266700277832,27.314232939317968,20.674500257347503,72.95505751475709,48.893,6614,894,0.36550059047079064,True
38794,United Information Highway,UIH,broadband,2023-Q4,2023,4,56.79394436579575,47.90568928914793,29.744579661818417,21.899873451581854,46.507532584269676,34.849,5788,575,0.31985446290367947,True
4750,,CS LOXINFO PUBLIC COMPANY LIMITED,broadband,2023-Q4,2023,4,47.62137932824409,36.54562372395016,29.40658711767929,17.901303538175046,65.8112695883134,63.437,5272,666,0.2913394485881476,True
45458,AIS,SBN-ISP/AWN-ISP and SBN-NIX/AWN-NIX,broadband,2023-Q4,2023,4,72.31209993904426,62.922563611340394,38.64896625929197,24.572230496482977,54.51345897043833,42.230999999999995,3924,516,0.21684673677160302,True
131293,,TOT Public Company Limited,broadband,2023-Q4,2023,4,38.933289263134306,38.310984292722594,23.63837358606878,17.192881094624337,85.15047621988883,59.051500000000004,3238,533,0.17893724099552769,True
9335,NT,National Telecom Public Company Limited,broadband,2023-Q4,2023,4,25.997626402002616,6.130078846987383,13.370627965046385,3.308428670063648,83.51589303400462,60.027,3031,112,0.16749807827592475,True
55423,,JasTel Network,broadband,2023-Q4,2023,4,49.09461502466892,39.52603855028552,23.59841041667088,14.040054406180893,46.36295905172414,29.411,2788,303,0.15406949595291264,True
23974,,Ministry of education,broadband,2023-Q4,2023,4,79.47474408970116,53.9306022762845,39.26630472118755,22.668026259460824,95.03294879089614,65.578,2109,1026,0.11654683176638908,True
56067,,453 Ladplacout Jorakhaebua,broadband,2023-Q4,2023,4,14.77135952554756,4.478166227090251,3.482927042968596,1.4006605476364022,182.63920804597703,70.5775,1740,77,0.09615528083144477,True
17479,,Chiang Mai University,broadband,2023-Q4,2023,4,75.46534106572075,63.581744161378474,44.17227022683429,28.91349052329355,110.48323740510698,68.836,1449,63,0.08007413903722038,True
9411,,"Kasetsart University, Thailand",broadband,2023-Q4,2023,4,99.92087743812894,112.43300304605572,35.82694001400982,47.23849243438351,53.63033833992095,31.453,1266,636,0.0699612560532236,True
58955,,"Bangmod Enterprise Co., Ltd.",broadband,2023-Q4,2023,4,8.916153908605613,4.755187303955083,3.0704941571707867,2.859620347238046,145.4007705835332,123.714,1252,81,0.06918759287412003,True
134100,,"Express Data Co.,Ltd",broadband,2023-Q4,2023,4,75.80426938537191,53.92573919897005,44.87941219231242,25.718061440254566,51.78943797468355,46.366,1185,61,0.0654850619455529,True
135419,,"Cableconnect Co.,Ltd",broadband,2023-Q4,2023,4,62.59424191172698,41.10292993601218,41.10241133723476,19.72275409138372,61.34670084745762,34.1745,1181,80,0.06526401532295188,True
9546,,Ministry of University Affairs,broadband,2023-Q4,2023,4,58.009659507413666,46.367676711341915,20.88024021625324,16.6606123938994,119.58046567717994,71.658,1080,250,0.059682588102276064,True
9464,,Prince of Songkla University (Sritrang'NET),broadband,2023-Q4,2023,4,59.79675151690285,91.51317968525031,23.464742076243006,49.04039693862317,55.05398901098901,44.52,1004,407,0.055482702272856635,True
138204,,"Sophon Broadband Networks co.,ltd",broadband,2023-Q4,2023,4,73.20952035397937,42.166415295405436,45.431610627665236,20.474701830357805,83.04656952965234,66.2535,978,76,0.05404589922594999,True
9562,,Mahasarakham University,broadband,2023-Q4,2023,4,77.26918255621744,76.62921294828418,38.443003736791034,31.811970944324706,107.0943426124197,68.932,935,43,0.051669648032989,True
4762,,"Mahidol University, Thailand",broadband,2023-Q4,2023,4,131.20501078957392,91.60077434428426,78.59032664380186,26.766030738447384,43.199590712742975,29.744,926,152,0.0511722931321367,True
3839,,Chulalongkorn University,broadband,2023-Q4,2023,4,106.9122271948474,103.13572593396822,58.496112925023525,36.3445489475162,49.93698352941177,29.387,850,398,0.04697240730271727,True
9903,,Rajamangala Institute of Technology,broadband,2023-Q4,2023,4,86.41008989446641,121.72130604483517,17.730527278524544,32.32577167936107,39.94204628501828,31.796,821,57,0.04536981928885986,True
9486,,King Mongkut's Institute of Technology Ladkrabang,broadband,2023-Q4,2023,4,105.90685742122623,97.14880089081849,61.34766776375946,58.65295558253925,71.59688861689106,57.922,817,309,0.045148772666258837,True
7616,,JasTel Network,broadband,2023-Q4,2023,4,83.0695299646432,60.85096662208932,41.95274997800018,25.352779022851337,43.941804255319155,30.482,705,148,0.03895946723343021,True
37992,,Thammasat University in thailand,broadband,2023-Q4,2023,4,29.481869390856847,18.407768647603145,18.862384085876165,10.736747693604487,40.913762996941905,27.7705,654,177,0.03614112279526717,True
9533,,King Mongkut's Institute of Technology North Bangkok,broadband,2023-Q4,2023,4,94.15963797185285,107.12182155582849,34.124017416379935,52.49769288659954,41.531634969325154,31.473,652,78,0.03603059948396666,True
7693,,KSC Commercial Internet Co. Ltd.,broadband,2023-Q4,2023,4,77.07390843500504,65.30346625774546,47.90251100682181,32.22804967879375,55.462673405909804,30.9,643,104,0.03553324458311436,True
55403,,PTT Digital Solutions Company Limited,broadband,2023-Q4,2023,4,43.2680000990986,37.01747744332589,15.757070658583162,4.855852311701932,96.61084566929135,76.696,635,18,0.03509115133791232,True
135034,,Planet Communications Asia Public Company Limited,broadband,2023-Q4,2023,4,143.50448049978948,49.140573558066826,111.50854149544668,29.87247725505584,42.58425961538462,28.478,624,34,0.0344832731257595,True
133193,,Provincial Electricity Authority (PEA),broadband,2023-Q4,2023,4,33.75650719622997,30.247840328812853,29.043652359112272,24.54528376396085,71.91554980842909,42.6655,522,18,0.02884658424943343,True
147027,,Royal Thai Armed Force Headquarters,broadband,2023-Q4,2023,4,99.26775234914699,96.35342585615315,60.011334758061395,32.877806956546436,63.23688775510203,33.4375,491,51,0.027133472924275506,True
138156,,"CSNE Co., Ltd.",broadband,2023-Q4,2023,4,1.905606207153571,3.242641784654958,0.9091168284050297,2.3081361053161644,74.48601234567903,65.0,486,39,0.026857164646024227,True
135161,,"GMO-Z com NetDesign Holdings Co., Ltd.",broadband,2023-Q4,2023,4,10.41775609246021,3.3099124723376177,5.005661232289641,1.7400332818102937,89.65100000000001,67.4555,476,32,0.026304548089521672,True
23884,,Proen Corp Public Company Limited.,broadband,2023-Q4,2023,4,28.761112876661944,38.55181814195282,5.481244811600596,4.651353181704106,94.27712153518124,65.792,469,55,0.025917716499969882,True
136393,,Symphony Communication (Thailand) PCL.,broadband,2023-Q4,2023,4,66.99180147837185,51.55080341859401,25.58679935871198,11.310533511354446,69.09054009433962,62.998999999999995,424,204,0.02343094199570838,True
38566,,NTTCTNET,broadband,2023-Q4,2023,4,24.90621766087612,23.182348751659077,16.907678275329875,13.993413253253848,43.21724285714285,34.4935,420,71,0.02320989537310736,True
9551,,King Mongkut's University of Technology,broadband,2023-Q4,2023,4,137.6203213906808,152.05104493416567,89.89486003022162,79.58772805355665,45.92521428571428,31.7785,406,94,0.02243623219400378,True
140618,,Silpakorn University,broadband,2023-Q4,2023,4,78.38140505007325,48.835721022945386,34.05566765525055,11.464201562977442,52.98513350125945,35.17,397,30,0.021938877293151478,True
131447,,POPIDC powered by CSLoxinfo,broadband,2023-Q4,2023,4,9.270359143688134,4.013394684977549,6.4931802920714,2.671076059142345,99.8811052631579,91.8435,342,5,0.01889948623238742,True
45575,,Rajamangala University of Technology Srivijaya,broadband,2023-Q4,2023,4,40.30431854294017,60.265278797386465,16.345433630200915,19.101921775465975,57.661216129032255,44.8285,310,29,0.01713111325157924,True
9649,,Information Technology Office,broadband,2023-Q4,2023,4,75.32600904069483,60.32896760004354,41.71361395356593,28.83472069614055,76.3833475409836,46.222,305,102,0.01685480497332796,True
37932,,Rajamangala University of Technology Isan,broadband,2023-Q4,2023,4,83.42071369852202,101.06299260253094,48.060596758073444,49.511071169324225,109.44287375415283,67.383,301,84,0.01663375835072694,True
38082,,"True International Gateway Co., Ltd.",broadband,2023-Q4,2023,4,24.720674285096937,22.88071272222016,9.720772539959302,12.88138287928273,94.29351535836176,63.0,293,61,0.016191665105524895,True
55545,,Suranaree University of Technology,broadband,2023-Q4,2023,4,59.19027222426383,85.89585157294886,22.553628099681575,42.96418622264269,114.05941580756011,66.484,291,117,0.016081141794224384,True
137850,,Mae Fah Luang University,broadband,2023-Q4,2023,4,68.85203078837576,105.56805096800176,33.897328397986584,84.82339316686756,105.82094186046511,75.4045,258,21,0.014257507157765949,True
38888,,"Milcom Co., Ltd. Internet Service Provider Bangkok",broadband,2023-Q4,2023,4,17.332204355228697,15.641419546517177,13.461063994804968,11.408090720254641,48.941171999999995,56.662000000000006,250,11,0.013815413912563903,True
45806,,Siam Commercial Bank,broadband,2023-Q4,2023,4,11.477659521862645,7.895256225297884,8.475782820576786,5.62423091781115,43.137434959349584,33.379999999999995,246,18,0.013594367289962881,True
134073,,The Revenue Department,broadband,2023-Q4,2023,4,54.19692244502306,33.198417893156766,54.144553231216804,19.42196408131541,55.2066592920354,32.0065,226,15,0.012489134176957769,True
45847,,"university network ,Nakornsitammarat, Thailand",broadband,2023-Q4,2023,4,81.8731476543163,162.2936466718304,25.846310907553175,70.36965891579842,74.70055405405405,48.159,222,5,0.012268087554356747,True
17887,,"T.C.C. Technology Co., Ltd.",broadband,2023-Q4,2023,4,61.9230766700326,46.41873676856593,25.692642490725454,16.21106167298112,76.8758552036199,56.254,221,53,0.012212825898706491,True
134690,,Chulachomklao Royal Military academy member of UniNet,broadband,2023-Q4,2023,4,16.7483718995966,12.126099871186867,9.355917933087943,7.883629125025209,56.691912442396315,33.701,217,3,0.011991779276105468,True
132866,,Rajamangala University of Technology Suvarnabhumi under UniNet Network,broadband,2023-Q4,2023,4,82.11430364655625,104.89811904324648,36.77644019695898,36.961229427458996,45.70562735849057,34.6245,212,43,0.01171547099785419,True
18256,,Bank of Ayudhya Public Company Limited.,broadband,2023-Q4,2023,4,37.82422960368602,44.77960242343793,27.604357478980756,26.74251067425107,39.113533653846154,29.0,208,2,0.011494424375253167,True
138685,,Mahidol Wittayanusorn School,broadband,2023-Q4,2023,4,226.9649226389563,83.69898783310364,157.210250978369,11.622554325435015,48.01516145833333,29.8425,192,23,0.010610237884849077,True
141692,,PTT Global Chemical Public Company Limited,broadband,2023-Q4,2023,4,76.5477887813165,58.56381682566154,58.92357720943121,55.06582512028353,45.52798412698412,34.717,189,7,0.010444452917898311,True
136624,,Sakon Nakhon Rajabhat University,broadband,2023-Q4,2023,4,98.12610770224323,87.26433432977694,98.23828474865644,69.30541222030868,111.41385164835165,75.96799999999999,182,7,0.010057621328346521,True
7862,,Chevron Corporation,broadband,2023-Q4,2023,4,54.10305401918905,25.721384955454013,28.547281274253415,7.313284140848679,102.4867833333333,105.59450000000001,180,30,0.00994709801704601,True
24328,,Yala Rajabhat University Education,broadband,2023-Q4,2023,4,91.03979129209765,134.89683363953935,39.028866023743305,81.12879010075069,64.88583707865169,46.9975,178,23,0.0098365747057455,True
23919,,Ramkhamhaeng University,broadband,2023-Q4,2023,4,139.9379513655356,182.5837604859754,90.4370839908657,92.97472371121567,43.03522619047619,31.6415,168,17,0.009283958149242943,True
4274,,Assumption University,broadband,2023-Q4,2023,4,84.85482431882838,86.99690213408182,62.711917938449545,71.76846052931924,40.394567901234566,30.4225,162,39,0.00895238821534141,True
153182,,Sripatum University,broadband,2023-Q4,2023,4,33.548370011162774,26.1997228238739,35.864201937977164,34.22649155441297,41.4600625,33.379000000000005,160,10,0.008841864904040897,True
38228,,"Ministry Of Defence, Thailand",broadband,2023-Q4,2023,4,74.81658429601441,111.70232760665253,45.163131332748364,64.0609728948881,40.38067391304347,31.5735,138,4,0.0076261084797352744,True
135012,,Suan Dusit University,broadband,2023-Q4,2023,4,79.2394651461317,84.60025068766494,54.99617748511509,30.60835191048224,59.802037037037024,60.0,135,14,0.007460323512784508,True
38450,,Ministry of Infomation Communication Technology,broadband,2023-Q4,2023,4,35.912593221998044,16.025209535665233,21.302294931585386,10.912552076017482,87.56522307692309,63.552,130,35,0.00718401523453323,True
137241,,PibulSongkramRajabhat University,broadband,2023-Q4,2023,4,85.03561898191764,107.18755192842308,32.17314490544989,48.819740514596816,99.39621093749999,70.0535,128,20,0.007073491923232718,True
9475,,Walailak University,broadband,2023-Q4,2023,4,147.93935516224954,160.40135786391855,88.20828092872185,90.94053955330503,46.486950413223134,42.846,121,13,0.006686660333680929,True
140867,,"International gateway co., Ltd",broadband,2023-Q4,2023,4,37.46726058650028,26.382460251014233,13.416588433655727,12.461390484721456,145.7074876033058,74.623,121,27,0.006686660333680929,True
132879,,Rajabhat Mahasarakham University,broadband,2023-Q4,2023,4,72.47982841460957,75.72977151376101,38.46670479271831,47.343801883746444,116.58163559322034,71.232,118,15,0.0065208753667301625,True
132117,,Ministry of Interior,broadband,2023-Q4,2023,4,75.55337179768432,85.28847393811544,42.09740625796377,21.979580790115165,59.71102542372881,39.907,118,5,0.0065208753667301625,True
139753,,"Valaya Alongkorn Rajabhat University Under The Royal Patronage,",broadband,2023-Q4,2023,4,133.51799897283024,131.67504966062336,66.94409831121362,36.67062298310502,46.3453076923077,32.972,117,14,0.006465613711079907,True
137198,,Phranakorn Rajabhat University,broadband,2023-Q4,2023,4,44.98648295386199,69.28611451384752,6.218815977982079,35.96326367757219,46.493210526315785,30.986,114,4,0.00629982874412914,True
134509,,1-TO-ALL COMPANY LIMITED,broadband,2023-Q4,2023,4,20.402198833534975,12.07700968433228,20.567364576816193,0.08250618548391773,40.31084684684684,35.298,111,2,0.006134043777178373,True
132482,,Rajamangala University of Technology Rattanakosin,broadband,2023-Q4,2023,4,81.71109263778902,91.92593643304463,59.70687240219554,45.73981286519766,48.879731481481485,33.438500000000005,109,23,0.0060235204658778616,True
154088,,MI Squared Company Limited (Branch 00003)/JW Marriott Phuket Resort & Spa,broadband,2023-Q4,2023,4,40.11664015955847,24.181723348177602,38.490321420204296,12.781781462496433,54.893055555555556,46.7225,108,2,0.005968258810227606,True
147176,,"NZ Network Enterprise Co., Ltd.",broadband,2023-Q4,2023,4,36.140520522454146,34.06375486222767,16.55731618417042,6.545139516961947,142.64567961165045,55.555,106,26,0.005857735498927095,True
133919,,"University campus network, Rajamangala University of Technology Phra Nakhon",broadband,2023-Q4,2023,4,135.80140956742272,153.7831970059638,84.42183570545168,76.2020859554109,47.63048113207548,32.819,106,70,0.005857735498927095,True
4767,,Computer Science,broadband,2023-Q4,2023,4,239.2272701684914,155.84274407442982,193.7237837694073,92.88628758729143,57.590323529411755,30.6845,102,59,0.005636688876326072,True
203724,,Musarubra Germany GmbH,broadband,2023-Q4,2023,4,146.99545809761995,54.16569596965914,76.6279711756223,37.655839504263234,8.252643564356436,0.864,101,1,0.005581427220675817,True
135129,,Rajamangala University of Technology Tawan-ok(Bangpra Campus),broadband,2023-Q4,2023,4,120.9707760647159,114.14039119462313,58.03379900633763,47.723025946051706,37.96183,33.4225,100,34,0.0055261655650255615,True
136737,,Rajamangala University of Technology Krungtep,broadband,2023-Q4,2023,4,90.41395356334175,94.1383548854173,47.994902116925346,39.660533769995574,70.94991919191921,32.895,99,33,0.005470903909375306,False
56112,,"Muang Thai Life Assurance Co., Ltd.",broadband,2023-Q4,2023,4,19.894894296872028,6.108302507783715,9.241836438087443,2.4005873616051416,94.39071578947369,79.693,95,2,0.005249857286774283,False
138003,,Royal Police Cadet Academy,broadband,2023-Q4,2023,4,89.84876776272151,97.87746710444,26.17482661504972,33.768735494310114,43.080333333333336,32.911,93,1,0.005139333975473772,False
133880,,The Thai Red Cross Society,broadband,2023-Q4,2023,4,84.43164696192113,93.04544120492123,59.63066112899407,14.222263020088235,47.87674725274726,31.267,91,17,0.0050288106641732605,False
132250,,Princess of Naradhiwas University,broadband,2023-Q4,2023,4,105.08820774876438,65.51450573148945,78.34876543981429,18.691313433944106,57.73610989010988,47.944,91,3,0.0050288106641732605,False
133947,,Metropolitan Electricity Authority,broadband,2023-Q4,2023,4,96.82914477583454,121.65676845274157,65.34144306492084,52.64045473669175,38.81053333333333,30.0095,90,15,0.004973549008523005,False
24453,,Chandrakasem Rajabahat University,broadband,2023-Q4,2023,4,78.01755234587786,62.721176833577445,60.87828940427649,48.49767361473262,37.97595505617977,32.099,89,12,0.00491828735287275,False
134089,,JasTel Network,broadband,2023-Q4,2023,4,109.76358410349978,381.03665429428804,71.13404772604054,288.63361626166403,58.92995505617978,27.306,89,1,0.00491828735287275,False
147312,,Songkhla Rajabhat University Network.,broadband,2023-Q4,2023,4,79.26594171923625,162.60638076345404,20.138553268767375,128.03396491161672,74.51980459770115,45.834,87,15,0.004807764041572239,False
55476,,"CP All Public Co., Ltd.",broadband,2023-Q4,2023,4,55.37565772156862,27.20056863124124,56.46648544689817,21.30284191181213,52.07449411764706,29.479,85,4,0.004697240730271727,False
4765,,Pacific Internet Pte Ltd,broadband,2023-Q4,2023,4,58.0913272192538,30.509290104198993,26.05862740880708,10.161328841038003,53.70717647058823,31.537,85,25,0.004697240730271727,False
131257,,"Suratthani ratjabhat university, Thailand",broadband,2023-Q4,2023,4,190.3147222646626,134.90671329733502,166.16028662627212,111.22226900298884,52.049107142857146,42.263000000000005,84,2,0.004641979074621471,False
55760,,Mahanakorn University Of Technology,broadband,2023-Q4,2023,4,39.21425541374459,34.937548384489844,34.854186116624206,26.130081143093136,57.95749999999998,29.581,82,63,0.0045314557633209605,False
55488,,Nakorn Ratchasima Rajabhat University,broadband,2023-Q4,2023,4,109.7925933519678,68.71415292175483,73.61313267523958,17.248320504147845,83.72324691358024,63.353,81,44,0.004476194107670705,False
135616,,Name: Thaksin University,broadband,2023-Q4,2023,4,76.55233796476611,69.96140703422068,50.11934839942751,35.57122094866464,65.88416250000002,49.953,80,15,0.004420932452020449,False
38293,,Ministry of Foreign Affairs,broadband,2023-Q4,2023,4,72.07106661348674,25.821874613340874,77.1290102037803,16.15681704001934,48.631775,31.1965,80,17,0.004420932452020449,False
149800,,Org: Phramongkutklao College of Medicine.,broadband,2023-Q4,2023,4,76.9357431441984,85.52303696027828,54.2590519104117,56.565876104025605,43.76499999999999,31.706,79,25,0.004365670796370193,False
45254,,"Internet Solution & Service Provider Co., Ltd.",broadband,2023-Q4,2023,4,110.32335268366272,48.33147015269479,87.3266679949832,39.87535891664254,38.71480263157895,33.788,76,4,0.004199885829419427,False
150107,,Surundra Rajabhat University,broadband,2023-Q4,2023,4,86.63223709191901,25.834794240579736,82.73927580386842,4.0497957638930835,91.61578378378378,64.588,74,1,0.004089362518118915,False
714,,Apple Inc.,broadband,2023-Q4,2023,4,71.02415844092526,82.11249757480276,74.51899862990811,84.76557938210507,45.58764864864865,31.869,74,2,0.004089362518118915,False
141714,,Nakhon Pathom Rajabhat University,broadband,2023-Q4,2023,4,152.567215343161,178.01431014917983,102.02507272361825,101.63588240136265,44.98195890410958,32.182,73,13,0.0040341008624686595,False
131246,,"LOEI university network ,LOEI, Thailand",broadband,2023-Q4,2023,4,62.65784065703063,17.46360337975927,43.539318776376426,6.26052477900884,94.60802739726026,73.013,73,3,0.0040341008624686595,False
55451,,Office of the National Broadcasting and,broadband,2023-Q4,2023,4,127.86617701055413,95.66094806353539,101.55065546972756,46.653718669256264,41.86205797101449,30.302,69,21,0.0038130542398676372,False
134162,,ADVANCED WIRELESS NETWORK COMPANY LIMITED,broadband,2023-Q4,2023,4,342.90541894260934,469.5976156272112,328.89863896503175,549.0400190184071,29.28488405797102,27.58,69,23,0.0038130542398676372,False
4776,,"A-Net Co., Ltd.",broadband,2023-Q4,2023,4,52.38931466819495,53.67484406868764,29.76684161324996,24.175437749797762,47.38894117647058,54.685500000000005,68,11,0.0037577925842173818,False
38296,,National Science and Technology Development Agency,broadband,2023-Q4,2023,4,188.11035336202522,150.71905853812842,170.10879538411984,84.23762589149457,35.03360606060607,29.619500000000002,66,17,0.0036472692729168704,False
17827,,Sukhothai Thammathirat Open University,broadband,2023-Q4,2023,4,138.93174494193275,116.19397050673008,133.8087413476186,93.09487148615422,50.18040983606558,35.651,61,39,0.003370960994665592,False
138670,,Ngern Tid Lor Company Limited,broadband,2023-Q4,2023,4,24.497953642844067,11.925955851898111,10.816427146365266,5.81684602655215,36.187288135593214,31.0,59,2,0.0032604376833650812,False
132838,,"United Information Highway Co.,Ltd.",broadband,2023-Q4,2023,4,48.99819797998355,35.87249566162149,25.77460760372469,6.373346953090593,41.13668965517241,28.787,58,10,0.0032051760277148253,False
141730,,Pacific Technologies and Network Philippines Incorporation,broadband,2023-Q4,2023,4,76.17156514691077,77.16557739279416,14.527709192036058,15.54785024465671,73.00505172413793,37.5395,58,1,0.0032051760277148253,False
139657,,University of the Thai Chamber of Commerce,broadband,2023-Q4,2023,4,29.296749158538884,14.81504644415776,31.62442693621763,16.755728790878635,61.94658490566037,28.971,53,37,0.0029288677494635476,False
45530,,Agoda Company Pte. Ltd.,broadband,2023-Q4,2023,4,130.3601333408057,160.70151413348097,59.330529126949884,23.761906822713264,50.11305769230769,34.9995,52,5,0.0028736060938132917,False
136781,,Department of Alternative Energy Development and Efficiency,broadband,2023-Q4,2023,4,54.829935795183204,35.58600985874405,60.205786868200626,28.137028212784962,33.94425490196078,28.659,51,16,0.002818344438163036,False
45796,,UIH / BB Connect,broadband,2023-Q4,2023,4,76.80116249769112,43.90395202838117,54.29118077711848,26.13711805089646,41.720124999999996,37.954,48,3,0.0026525594712122694,False
38589,,Education Network,broadband,2023-Q4,2023,4,178.81611305499538,176.04338927272147,155.83241991005502,131.35018415476273,60.30106249999999,32.3465,48,15,0.0026525594712122694,False
23683,,"BoonRawd Brewery Co.,LT",broadband,2023-Q4,2023,4,19.30506692105799,13.194777128368045,16.25789363648032,6.795510192902512,71.40954166666668,30.6985,48,4,0.0026525594712122694,False
63951,,THAICOM Public Company Limited,broadband,2023-Q4,2023,4,11.08784388311403,1.249724244721848,10.0036136867858,0.5543871220833926,79.80526666666665,63.096,45,24,0.0024867745042615025,False
150300,,"The Permanent Secretary, Ministry of Transport of Thailand",broadband,2023-Q4,2023,4,31.37193037702081,25.83569416684169,7.219859372111303,4.321902532201342,45.36345,33.2715,40,3,0.0022104662260102243,False
142435,,HGC Global Communications (Thailand) Limited,broadband,2023-Q4,2023,4,6.010767122033896,2.6041967216077238,3.2952888295562923,1.4775392825182332,339.51932500000004,283.2085,40,3,0.0022104662260102243,False
131221,,Petchaburi Rajabhat University,broadband,2023-Q4,2023,4,24.983186704441877,77.26192319071475,13.974597121204777,53.89472324218822,57.093975,33.1855,40,11,0.0022104662260102243,False
38265,,Sisaket Rajabhat University,broadband,2023-Q4,2023,4,92.74196356085768,63.04905829505439,84.75455152576441,19.661711981231022,112.75841025641024,70.0,39,5,0.002155204570359969,False
45800,,"Suan sunandha Rajabhat University, which is one university in Thailand",broadband,2023-Q4,2023,4,21.08519250271413,30.825288293078444,13.884969086134811,16.88291340906166,50.08374358974359,32.102,39,7,0.002155204570359969,False
137058,,Aeronautical Radio of Thailand Ltd.,broadband,2023-Q4,2023,4,45.855267834759296,48.73083536321359,42.48135607483371,46.57731265172118,31.55676315789474,30.0685,38,2,0.0020999429147097134,False
140725,,Thai Customs Department,broadband,2023-Q4,2023,4,29.893758662618538,24.517196714507723,13.068527820997259,16.070623585577216,27.787216216216216,26.94,37,1,0.0020446812590594575,False
133581,,"Thailand Post Co,.Ltd.",broadband,2023-Q4,2023,4,118.10925178621162,82.19062202064309,80.64101598391602,66.09806451174194,34.64256756756757,28.822,37,15,0.0020446812590594575,False
132493,,"Lampang-Meatha Rd., Thambon Chomphu Ampher Maung Lampang 52100",broadband,2023-Q4,2023,4,48.66754467948063,129.42200595206322,18.459966019671825,120.94758816604781,85.4143611111111,71.6615,36,9,0.001989419603409202,False
140326,,Symphony Communication Public Company Limited for TC,broadband,2023-Q4,2023,4,6.564757125413577,5.185345363682171,6.6729767367442,2.399918322017446,88.53130555555555,63.421,36,3,0.001989419603409202,False
133909,,Siam E Business Limited Partnership,broadband,2023-Q4,2023,4,84.69954963671077,46.4168447237131,89.86162437284229,23.191840855749057,38.24965714285714,33.229,35,4,0.0019341579477589463,False
24393,,The Secretariat of House of the Representive,broadband,2023-Q4,2023,4,161.5775587615308,104.36610619728299,91.51546075515577,92.89894867415225,35.30911764705883,30.7805,34,28,0.0018788962921086909,False
136457,,THAIAIRASIA CSL,broadband,2023-Q4,2023,4,32.32545884833366,36.77522006393463,30.37204075483229,22.84039221286023,60.00938235294118,36.114999999999995,34,4,0.0018788962921086909,False
132013,,True Internet assigned for ICS,broadband,2023-Q4,2023,4,48.611993591068455,70.26896977336901,35.55203287679087,21.906698726588218,80.67724242424242,65.561,33,3,0.0018236346364584352,False
56117,,KIATNAKIN,broadband,2023-Q4,2023,4,85.53155125250107,33.21811282173653,73.49519215992584,15.388673627421833,51.324656250000004,45.802499999999995,32,1,0.0017683729808081795,False
132618,True,Real Future Company Limited,broadband,2023-Q4,2023,4,7.265942500048158,4.0825652305099025,3.759925734486025,3.7576495750341645,61.44200000000001,44.2995,32,27,0.0017683729808081795,False
11404,,Wave Broadband,broadband,2023-Q4,2023,4,28.560914964181148,16.942222757025313,29.227010839804066,6.669429158604245,185.54121874999998,212.1575,32,13,0.0017683729808081795,False
45455,,"Two S One N Co Ltd, Internet Service Provider and IT Solutions",broadband,2023-Q4,2023,4,64.61398830142883,71.99310424224456,52.47182547556963,56.38687978521493,34.43963333333333,33.2695,30,4,0.0016578496695076684,False
138353,,NIST INTERNATIONAL SCHOOL,broadband,2023-Q4,2023,4,135.33904621704207,188.8858173515399,149.4913966293482,194.43114440581766,49.647965517241374,57.735,29,1,0.0016025880138574127,False
134695,,Mass Rapid Transit Authority of Thailand,broadband,2023-Q4,2023,4,128.55820026223807,107.0171769241658,80.95964394557669,73.3971462696788,32.67055172413793,29.202,29,2,0.0016025880138574127,False
55634,,"Kasikorn Asset Management Co.,Ltd.",broadband,2023-Q4,2023,4,11.383626608895856,9.477998380567316,7.134844769693947,5.601340227950477,32.53396551724138,30.624,29,1,0.0016025880138574127,False
140699,,Royal Thai Army,broadband,2023-Q4,2023,4,65.23044124406115,46.374869352550085,54.608811521035484,47.848676299608705,50.33565517241379,32.684,29,3,0.0016025880138574127,False
7715,,GSB,broadband,2023-Q4,2023,4,85.96892005406347,49.241602029701156,62.58405938271957,14.738663912808999,37.626,29.0225,28,2,0.0015473263582071572,False
9891,,CS LOXINFO Public Company Limited.,broadband,2023-Q4,2023,4,21.496132024230356,15.36242600797399,11.877339529121587,3.2085265703699255,76.40532142857144,63.588499999999996,28,20,0.0015473263582071572,False
4741,,"Samart Infonet Co., Ltd.",broadband,2023-Q4,2023,4,25.403831876953777,34.177486860869834,9.427705344105014,10.322785918897752,56.64925925925926,35.123,27,17,0.0014920647025569015,False
4827,,CSLOXINFO,broadband,2023-Q4,2023,4,125.78313554182695,47.67190704490342,71.67631400685316,17.606835552175173,57.840888888888884,61.238,27,2,0.0014920647025569015,False
132514,,"Ubon Ratchathani University,",broadband,2023-Q4,2023,4,80.0007858066546,51.17562269576128,65.87276924170185,12.913744761310625,106.6271923076923,68.853,26,3,0.0014368030469066458,False
139329,,Siam Piwat Company Limited,broadband,2023-Q4,2023,4,72.45315591828654,72.57769224183085,31.474620246608225,25.67355168211838,50.224639999999994,33.145,25,2,0.0013815413912563904,False
138616,,"Sanuk Systems (Thailand) Co., Ltd",broadband,2023-Q4,2023,4,51.84460121713348,50.6427525432034,37.69901084220652,23.004901033125805,55.697624999999995,39.6555,24,9,0.0013262797356061347,False
135528,,Muban Chombueng Rajabhat University,broadband,2023-Q4,2023,4,104.5239657351597,161.37060166358094,46.31509317257495,128.3132902544534,53.257124999999995,34.9765,24,5,0.0013262797356061347,False
40051,,"Disney Worldwide Services, Inc.",broadband,2023-Q4,2023,4,61.17080581131088,55.78170003440924,62.62062914497548,63.2896616489286,78.39578260869564,85.814,23,1,0.001271018079955879,False
140032,,United Overseas Bank (Thai) Public Company Limited,broadband,2023-Q4,2023,4,442.23948357949064,334.75083828357276,476.40927147947076,422.5514512557752,39.51717391304348,29.0,23,1,0.001271018079955879,False
45537,,C/o Cs Loxinfo Public Company Limited,broadband,2023-Q4,2023,4,77.88348716401364,31.935162614891038,49.28224875810547,29.110909008912706,48.72430434782609,39.225,23,3,0.001271018079955879,False
55938,,Expressway Authority of Thailand,broadband,2023-Q4,2023,4,105.74050091897658,104.48077456529211,104.76988582415318,75.2858838699516,41.39769565217392,31.023,23,2,0.001271018079955879,False
38328,,Ministry of Finance,broadband,2023-Q4,2023,4,73.9484247146547,43.34503266970462,88.4087318461949,41.67522237946629,34.395,29.166,22,12,0.0012157564243056235,False
140075,,Roi et Rajabhat University,broadband,2023-Q4,2023,4,60.361602615856334,174.24266832604837,22.78480756264636,165.86319649020322,105.61490909090908,69.34049999999999,22,5,0.0012157564243056235,False
141207,,Thai Life Insurance PCL.,broadband,2023-Q4,2023,4,56.922254483567706,36.82086201920024,59.71087729595083,36.67023442339604,44.96095454545455,46.870999999999995,22,1,0.0012157564243056235,False
135676,,National Institute for Emergency Medicine,broadband,2023-Q4,2023,4,43.944831181159785,39.92684465359383,34.227483312566044,38.6263654596475,32.285590909090914,29.9485,22,3,0.0012157564243056235,False
149503,,Name: Mahamakut Buddhist University network.,broadband,2023-Q4,2023,4,144.45712525355836,117.64693396652854,90.60286923089737,81.82405801198527,31.0037619047619,29.11,21,1,0.0011604947686553678,False
133042,,Office of the basic education commission,broadband,2023-Q4,2023,4,139.44056308668095,129.8491150637874,86.28435969480049,67.6460555931508,46.9638947368421,32.078,19,13,0.0010499714573548567,False
132300,,"NIPA TECHNOLOGY CO., LTD",broadband,2023-Q4,2023,4,1.2841210785798916,7.329186909137298,0.39873595807714274,6.157527633887649,153.91763157894738,176.059,19,3,0.0010499714573548567,False
135635,,Tourism authority of Thailand,broadband,2023-Q4,2023,4,33.06468874764243,31.189324503892262,35.14541968981242,33.828059272361386,35.79342105263158,31.735,19,1,0.0010499714573548567,False
45752,,Provincial waterworks authority,broadband,2023-Q4,2023,4,111.83251204288155,32.542590516190096,86.69986435097482,20.163549916957557,38.16866666666666,37.352500000000006,18,5,0.000994709801704601,False
55498,,"Greenline Synergy Co.,Ltd.",broadband,2023-Q4,2023,4,39.690490855629605,44.39118896078914,38.184998973877455,57.96882482739786,42.36172222222222,36.4355,18,3,0.000994709801704601,False
10227,,Institute Rajabhat Suandusit,broadband,2023-Q4,2023,4,189.74127138097742,370.1007271769654,207.55193622845422,425.3262766770686,65.9668125,47.595,16,2,0.0008841864904040898,False
18409,,"Bank of Thailand, Bangkok, Thailand",broadband,2023-Q4,2023,4,64.63363649765245,34.832463854200576,65.67604511369245,21.0043351063617,31.84825,29.445,16,2,0.0008841864904040898,False
135381,,SiS Distribution (Thailand) Public Company Limited ,broadband,2023-Q4,2023,4,7.680167826072827,5.6214223462146915,7.665856974243346,4.780017521647815,52.79053333333333,59.13,15,10,0.0008289248347538342,False
137546,,"Faculty of Engineering , Rajamangala University of",broadband,2023-Q4,2023,4,30.066516440798512,29.1359886932999,2.636043264797019,12.730497567132938,33.17613333333334,33.001,15,3,0.0008289248347538342,False
141214,,Geo-Informatics and Space Technology Development Agency,broadband,2023-Q4,2023,4,186.3033061117931,270.7467951720172,144.84051501308213,259.81176257949414,76.46873333333333,34.0,15,3,0.0008289248347538342,False
24042,,"Bangkok Airways Co., Ltd.",broadband,2023-Q4,2023,4,138.06190766331844,137.14861892552133,90.61443304110932,135.88030897086097,35.62266666666667,29.863,15,2,0.0008289248347538342,False
151672,,government agency,broadband,2023-Q4,2023,4,45.29184635135971,41.71506344317365,17.438543008019163,15.229581046106317,53.857266666666675,55.82,15,2,0.0008289248347538342,False
133328,,Bangkok Patana School,broadband,2023-Q4,2023,4,186.68564559991566,208.76712710753253,187.5477295771319,257.865750006875,68.581,58.248,15,2,0.0008289248347538342,False
24083,,Siam City Cement Public Company Limited,broadband,2023-Q4,2023,4,28.47671914156898,38.272266398663,24.586250565987946,25.873805607644112,85.31553333333335,64.101,15,2,0.0008289248347538342,False
45255,,"Hi-tech Nittsu (Thailand) Co.,Ltd.",broadband,2023-Q4,2023,4,27.074663799401463,17.789488575338815,17.962088048295193,17.367630570634404,65.71985714285715,50.166,14,1,0.0007736631791035786,False
37983,,CSLOXINFO,broadband,2023-Q4,2023,4,220.75753434718555,125.69924018864194,131.62839856527967,38.06077884015131,51.350642857142866,30.549999999999997,14,1,0.0007736631791035786,False
55642,,Control Data (Thailand) Ltd,broadband,2023-Q4,2023,4,78.70778099775471,73.26142929294285,39.38409435799408,37.73464586817708,64.12542857142857,34.9445,14,2,0.0007736631791035786,False
63989,,DE-CORP,broadband,2023-Q4,2023,4,12.699182199912775,22.692019688176973,0.8316188068938113,7.392301548077215,393.0880000000001,137.774,14,4,0.0007736631791035786,False
140983,,Dhipaya Insurance Public Co. Ltd.,broadband,2023-Q4,2023,4,94.71136189680723,42.420850932879794,97.29062312218994,41.200240832461944,32.59738461538461,31.0,13,2,0.0007184015234533229,False
138215,,Royal Thai Police,broadband,2023-Q4,2023,4,52.27598673883246,42.297811389835715,77.75809702855888,31.886493012903294,46.33576923076922,57.693,13,1,0.0007184015234533229,False
55925,,"469 Nakronsawan.Rd, Chidrada Dusit",broadband,2023-Q4,2023,4,18.10856272331671,17.310683242485926,17.730228109944036,5.835949145032887,32.87100000000001,30.515,13,3,0.0007184015234533229,False
137919,,BTS,broadband,2023-Q4,2023,4,39.37084040106867,45.556715945611735,17.24078753589946,33.85487427393037,76.82238461538462,64.979,13,1,0.0007184015234533229,False
132201,,Land and Houses Bank Public Company Limited,broadband,2023-Q4,2023,4,73.15593888427549,41.78354318530467,58.23574261095719,41.63693040083397,40.27725,36.318,12,1,0.0006631398678030673,False
136906,,NNCK,broadband,2023-Q4,2023,4,10.024398524544443,5.046174129401626,2.973152545622482,1.8173987181037927,90.03866666666666,79.749,12,7,0.0006631398678030673,False
141715,,"Apex Circuit (Thailand) Co.,Ltd.",broadband,2023-Q4,2023,4,126.7981651789034,117.6575698166592,114.94108342424666,141.62594622443225,37.403083333333335,33.1025,12,5,0.0006631398678030673,False
137394,,Dhonburi Rajabhat University,broadband,2023-Q4,2023,4,6.029137827720927,11.355660479729188,5.898688439347007,11.84063920907803,86.96145454545454,64.41,11,1,0.0006078782121528118,False
134064,,The Chulabhorn Graduate Institute Campus Network Member of UniNet,broadband,2023-Q4,2023,4,55.22515282420807,44.14363686246268,31.985660432201303,9.637831697183316,32.37181818181818,29.667,11,5,0.0006078782121528118,False
139889,,Department of Fisheries,broadband,2023-Q4,2023,4,71.21091196869693,44.085461003493954,55.51833657197,42.97762993887729,59.64690909090909,29.78,11,1,0.0006078782121528118,False
23932,,Internet Service Provider,broadband,2023-Q4,2023,4,19.370776294072886,7.07178512537683,18.457096059061577,5.530027100227909,32.67754545454546,32.834,11,4,0.0006078782121528118,False
17565,,"Advance Datanetwork Communications Co.,Ltd. BuddyB service. Bangkok",broadband,2023-Q4,2023,4,24.126091401603347,10.19121666061308,23.18437211326414,14.355679957245112,33.32,29.912,11,1,0.0006078782121528118,False
150686,,State Railway of Thailand,broadband,2023-Q4,2023,4,102.0538216712807,85.1324236324913,60.39367109316885,38.38773552679684,30.54359999999999,30.015,10,2,0.0005526165565025561,False
138906,,Ministry of Culture,broadband,2023-Q4,2023,4,92.21658442603012,93.55385612271935,84.20839442331885,84.16842452208306,29.4945,29.3645,10,1,0.0005526165565025561,False
147187,,Bualuang Securities,broadband,2023-Q4,2023,4,268.8988063330269,347.1536132836056,376.69507167699885,432.8321461560546,29.0887,25.500999999999998,10,1,0.0005526165565025561,False
7485,,Samart - Advanced Metering Infrastructure(AMI),broadband,2023-Q4,2023,4,28.53787476893952,10.813806793647798,27.63385786259537,4.860457012997486,30.932299999999998,30.4335,10,1,0.0005526165565025561,False
18408,,CSLOXINFO,broadband,2023-Q4,2023,4,8.011909529874861,11.81505941188035,6.83477982425114,15.840388038907092,80.588,52.263999999999996,10,1,0.0005526165565025561,False
139892,,Metropolitan Waterworks Authority,broadband,2023-Q4,2023,4,36.83737447671131,26.882393870931423,29.814251065518167,16.566572407906836,86.9022222222222,57.956,9,1,0.0004973549008523005,False
133529,,Land and Houses Bank Public Company Limited,broadband,2023-Q4,2023,4,42.31252031765245,30.332098797046616,48.46283954600111,38.43791388299398,29.59477777777778,29.523,9,1,0.0004973549008523005,False
45533,,Comptroller General's Department,broadband,2023-Q4,2023,4,10.660820301451352,5.465127156051755,9.007167970286996,7.377460095153461,64.64755555555556,39.0,9,3,0.0004973549008523005,False
142131,,AEON Thana Sinsap (Thailand) Public Company Limited,broadband,2023-Q4,2023,4,32.98504895364982,14.423533505031648,29.91630890989076,16.792382081607997,30.413555555555554,29.31,9,1,0.0004973549008523005,False
200250,,Hoang Phi Hai,broadband,2023-Q4,2023,4,137.08685857653114,62.34991973338026,51.59741716704147,39.292466306390914,144.97422222222224,176.737,9,5,0.0004973549008523005,False
45229,,"United Nation - Property Management Sub-unit, Thailand",broadband,2023-Q4,2023,4,222.1675403878988,161.1474752573075,186.63386164847924,165.12862776085075,61.56688888888888,31.955,9,7,0.0004973549008523005,False
45959,,"Thai Reinsurance Public Co., Ltd.",broadband,2023-Q4,2023,4,17.26667296126295,16.39773841474251,15.410326227807454,5.8599813632728885,72.22175,59.93,8,1,0.0004420932452020449,False
9715,,SAMART Corp (Excise-Direct Coding Data Center),broadband,2023-Q4,2023,4,4.551170734109943,0.5205456379665557,4.27939830339373,0.43666098223721017,63.437875,43.602000000000004,8,1,0.0004420932452020449,False
140660,,Satit Pattana School,broadband,2023-Q4,2023,4,224.94952234731062,111.22020721489305,112.52996879217122,8.158854309887097,42.59325,30.9735,8,1,0.0004420932452020449,False
137545,,KPN AWARD,broadband,2023-Q4,2023,4,85.38494427250205,4.598196960760989,114.17682224906808,0.08156607719187535,116.47842857142858,38.608,7,2,0.0003868315895517893,False
9339,,CSLOXINFO,broadband,2023-Q4,2023,4,31.13036156646148,88.11288289405964,40.701742597119576,92.75518102496609,102.92557142857143,59.0,7,2,0.0003868315895517893,False
38820,,CSLOXINFO,broadband,2023-Q4,2023,4,71.33852439032648,83.83250793459452,17.177100563397808,20.640426091851573,39.178999999999995,32.136,7,3,0.0003868315895517893,False
58690,,"Internet East Co., Ltd.",broadband,2023-Q4,2023,4,0.8604641432996974,0.7196106439436812,0.994297946606423,0.7631523877485786,133.8853333333333,106.4005,6,1,0.00033156993390153367,False
136023,,"PTE Group Co., Ltd",broadband,2023-Q4,2023,4,8.151005842295115,2.5039837203240216,3.8754073999835015,2.5039837203240216,62.090166666666676,56.0625,6,3,0.00033156993390153367,False
24060,,KTB COMPUTER SERVICES COMPANY LIMITED,broadband,2023-Q4,2023,4,9.209559271864366,4.7770025198676045,6.57210125486813,6.617076648274473,34.541500000000006,28.5595,6,2,0.00033156993390153367,False
24540,,THAI AIRWAYS INTERNATIONAL PUBLIC COMPANY,broadband,2023-Q4,2023,4,25.350055355718112,26.516905152102954,16.712619033579667,21.38914706357337,71.72816666666667,82.13,6,1,0.00033156993390153367,False
134240,,Super Broadband Network Company Limited,broadband,2023-Q4,2023,4,94.71402065431086,21.04980146822878,65.51922597659986,15.74672356148049,59.9535,60.649,6,3,0.00033156993390153367,False
38231,,"CIMB Securities Co., Ltd.",broadband,2023-Q4,2023,4,43.14302912423107,47.930089521900925,27.43177235353457,54.28299449519267,55.5015,33.483000000000004,6,1,0.00033156993390153367,False
139724,,Tobacco Authority of Thailand,broadband,2023-Q4,2023,4,27.76174419104376,37.58814722439992,16.813606374627874,37.58814722439992,28.27066666666667,27.9815,6,2,0.00033156993390153367,False
56118,,OCSC,broadband,2023-Q4,2023,4,90.35861565383506,111.49521585525065,45.654090922235625,111.49521585525065,33.022,28.7915,6,1,0.00033156993390153367,False
45581,,INFONET THAILAND ISP,broadband,2023-Q4,2023,4,25.621747438565478,0.42649452224247675,19.457436426591915,0.3103480413548857,234.04416666666665,31.737499999999997,6,3,0.00033156993390153367,False
149036,,Waterfront Hotel c/o Symphony Communication Public Company Limited,broadband,2023-Q4,2023,4,111.53469182910624,44.66891332785857,90.35867189694312,39.122516840434685,43.5514,31.038,5,1,0.00027630827825127804,False
4637,,Telstra Global,broadband,2023-Q4,2023,4,18.96976221274368,2.303752253596792,19.4701398350649,1.7100734526022783,337.8978,321.285,5,1,0.00027630827825127804,False
38184,,Thaivivat Insurance,broadband,2023-Q4,2023,4,50.714755622051385,10.797043295669116,54.14773951138261,9.706315089213426,42.7438,41.592,5,1,0.00027630827825127804,False
38886,,"The Government Lottery Office, Thailand",broadband,2023-Q4,2023,4,178.39515601609114,91.78779578243517,171.13372579708843,91.78779578243517,35.437400000000004,28.181,5,5,0.00027630827825127804,False
63972,,SOCIAL,broadband,2023-Q4,2023,4,33.419102298561725,24.244427648543883,21.744707295272875,5.1820652114132075,95.9558,33.41,5,1,0.00027630827825127804,False
135586,,INTERLINK COMMUNICATION PCL.,broadband,2023-Q4,2023,4,2.8688328871587894,0.2937467068295504,2.4667863716552203,0.2313216912764332,54.36379999999999,59.531,5,1,0.00027630827825127804,False
133791,,Teledirect Telecommerce,broadband,2023-Q4,2023,4,405.7469163261942,190.79920028546232,424.9547815637363,174.83909491489626,28.738,28.5,4,1,0.00022104662260102244,False
24344,,Chiangmai Rajabhat University,broadband,2023-Q4,2023,4,43.78215490314728,90.34339154797973,44.0688568868004,90.34339154797973,83.6175,71.553,4,2,0.00022104662260102244,False
23892,,United Communication Industry PCL.,broadband,2023-Q4,2023,4,431.4879030491012,466.03628584108924,359.93560400299884,466.03628584108924,36.11475,35.736999999999995,4,4,0.00022104662260102244,False
135141,,Rajamangala University of Technology Lanna,broadband,2023-Q4,2023,4,12.609779865564317,5.561255328039018,12.446191394737518,7.261284062566493,110.35325,83.3985,4,2,0.00022104662260102244,False
137392,,KTB Securities (Thailand) Company Limited,broadband,2023-Q4,2023,4,94.10894949653574,59.84293671759148,45.229742105393775,59.84293671759148,27.88366666666667,27.545,3,1,0.00016578496695076684,False
152915,,The Office of the Securities and Exchange Commission (Head Office),broadband,2023-Q4,2023,4,151.04505539110025,88.56033967739414,168.9111082133403,21.362936078242925,48.471666666666664,53.614,3,2,0.00016578496695076684,False
133376,,"LAZADA Co.,Ltd.",broadband,2023-Q4,2023,4,214.8194144908979,28.88357347111228,117.33211955672888,28.88357347111228,28.18133333333333,27.877,3,1,0.00016578496695076684,False
55325,,Eastern Water Resources Development and Management Company,broadband,2023-Q4,2023,4,117.88940094972156,62.34206351037768,89.37429595985657,6.239688273465115,47.34866666666667,56.908,3,2,0.00016578496695076684,False
24190,,The Stock Exchange of Thailand,broadband,2023-Q4,2023,4,159.62746116554104,117.49323223726599,196.99644394430103,92.30351836100085,27.118,27.529,3,1,0.00016578496695076684,False
154177,,LIGHT NODE LIMITED,broadband,2023-Q4,2023,4,32.472953766851525,7.4654560994280414,42.42213085150043,4.282783984028868,121.46033333333332,94.0,3,3,0.00016578496695076684,False
151808,,Hatyai University.,broadband,2023-Q4,2023,4,27.57853558461569,75.6860434047453,26.83053236372116,75.6860434047453,46.669000000000004,43.008,3,1,0.00016578496695076684,False
38718,,CSLOXINFO,broadband,2023-Q4,2023,4,40.21691038995415,21.700928211226877,40.22680342437239,21.700928211226877,41.665,33.0,3,2,0.00016578496695076684,False
137566,,Data Zone Company Limited,broadband,2023-Q4,2023,4,35.38229088994325,37.91618383138458,41.59734681122403,55.95827786702165,39.299,29.0,3,1,0.00016578496695076684,False
138427,,Thailand Institute of Nuclear Technology (Public Organization),broadband,2023-Q4,2023,4,26.684375065794374,0.08847204529957511,26.684375065794374,0.08847204529957511,31.9715,31.9715,2,1,0.00011052331130051122,False
154731,,Krungthai XSpring Securities Company Limited,broadband,2023-Q4,2023,4,38.49951174377841,,38.49951174377841,,49.8095,49.8095,2,2,0.00011052331130051122,False
9835,,Government Information Technology Services,broadband,2023-Q4,2023,4,224.8113945006602,209.12530203494677,224.8113945006602,209.12530203494677,42.831999999999994,42.831999999999994,2,2,0.00011052331130051122,False
59374,,Bangmod Enterprise,broadband,2023-Q4,2023,4,7.876965705968512,,7.876965705968512,,141.78199999999998,141.78199999999998,2,2,0.00011052331130051122,False
55808,,Triple T Broadband Public Company Limited,broadband,2023-Q4,2023,4,211.6478569683395,41.24423436541766,211.6478569683395,41.24423436541766,139.428,139.428,2,1,0.00011052331130051122,False
15695,,Expereo International BV,broadband,2023-Q4,2023,4,65.92720851529828,,65.92720851529828,,69.8015,69.8015,2,1,0.00011052331130051122,False
152734,,Maxnito Company Limited,broadband,2023-Q4,2023,4,235.992314674112,380.0948888368151,235.992314674112,380.0948888368151,32.397000000000006,32.397000000000006,2,2,0.00011052331130051122,False
138962,,Bangkok Insurance Public Company Limited,broadband,2023-Q4,2023,4,234.33522953267348,0.08191175151526121,234.33522953267348,0.08191175151526121,28.349,28.349,2,2,0.00011052331130051122,False
24455,,The Siam Cement Group,broadband,2023-Q4,2023,4,76.66114056320816,90.84987903510887,76.66114056320816,90.84987903510887,37.535000000000004,37.535000000000004,2,1,0.00011052331130051122,False
55932,,The Thai Bond Market Association,broadband,2023-Q4,2023,4,96.03900171429356,48.936611223540446,96.03900171429356,48.936611223540446,26.049,26.049,2,1,0.00011052331130051122,False
5580,,GTT Communications Netherlands B.V.,broadband,2023-Q4,2023,4,6.165893457477891,14.41972524449456,6.165893457477891,14.41972524449456,253.7175,253.7175,2,1,0.00011052331130051122,False
137885,,Capital Nomura Securities PLC,broadband,2023-Q4,2023,4,116.25003965007137,94.88668180964677,116.25003965007137,94.88668180964677,60.461,60.461,1,1,5.526165565025561e-05,False
17478,,Bangkok Metropolitan Administration,broadband,2023-Q4,2023,4,333.5860162100711,426.14504625901117,333.5860162100711,426.14504625901117,27.543,27.543,1,1,5.526165565025561e-05,False
56120,,TOT Public Company Limited,broadband,2023-Q4,2023,4,46.93732534352789,17.44352110083101,46.93732534352789,17.44352110083101,46.579,46.579,1,1,5.526165565025561e-05,False
135063,,POP NIX COMPANY LIMITED,broadband,2023-Q4,2023,4,74.73871868144813,21.68281835248125,74.73871868144813,21.68281835248125,33.365,33.365,1,1,5.526165565025561e-05,False
140918,,CMKL University,broadband,2023-Q4,2023,4,214.7374784105322,7.294418702316792,214.7374784105322,7.294418702316792,53.891,53.891,1,1,5.526165565025561e-05,False
17823,,"T.H.NIC Co.,Ltd.",broadband,2023-Q4,2023,4,0.23272823054066574,,0.23272823054066574,,52.795,52.795,1,1,5.526165565025561e-05,False
134718,,OSD Internet Company Limited,broadband,2023-Q4,2023,4,4.76932548662526,4.983927944877755,4.76932548662526,4.983927944877755,24.0,24.0,1,1,5.526165565025561e-05,False
23687,,The Institute for the Promotion of Teaching Science,broadband,2023-Q4,2023,4,331.54291913125354,458.85652091826614,331.54291913125354,458.85652091826614,26.068,26.068,1,1,5.526165565025561e-05,False
135375,,"Today Communication Co.,Ltd",broadband,2023-Q4,2023,4,1.4231469637660152,0.8966783491238157,1.4231469637660152,0.8966783491238157,66.0,66.0,1,1,5.526165565025561e-05,False
58930,,My Telecom Group Company Limited,broadband,2023-Q4,2023,4,85.49863804520064,90.20329285497431,85.49863804520064,90.20329285497431,74.76,74.76,1,1,5.526165565025561e-05,False
132172,,Fiscal Policy Office,broadband,2023-Q4,2023,4,95.79413587583109,,95.79413587583109,,28.911,28.911,1,1,5.526165565025561e-05,False
138344,,"MSIG Insurance (Thailand) Co., Ltd., Installation Site MSIG Insurance (Thailand) Co., Ltd., Kwang, Khet , Province Bangkok",broadband,2023-Q4,2023,4,89.43197987974123,55.05475661095132,89.43197987974123,55.05475661095132,69.0,69.0,1,1,5.526165565025561e-05,False
32043,,NeoFiber Communications inc.,broadband,2023-Q4,2023,4,6.9924872534668125,46.783239136667284,6.9924872534668125,46.783239136667284,236.66,236.66,1,1,5.526165565025561e-05,False
24040,,"DataOne Asia (Thailand) Co.,Ltd.",broadband,2023-Q4,2023,4,38.0105228295964,58.01530102051247,38.0105228295964,58.01530102051247,30.554,30.554,1,1,5.526165565025561e-05,False
17901,,One to One Contacts Public Company Limited.,broadband,2023-Q4,2023,4,91.39365434924967,92.74102730943429,91.39365434924967,92.74102730943429,30.277,30.277,1,1,5.526165565025561e-05,False
63528,,Bangkok Neutral Internet Exchange,broadband,2023-Q4,2023,4,188.92960055232507,129.75059453320432,188.92960055232507,129.75059453320432,66.513,66.513,1,1,5.526165565025561e-05,False
38554,,ICL (THAILAND),broadband,2023-Q4,2023,4,127.48259531863536,130.96741844010072,127.48259531863536,130.96741844010072,28.226,28.226,1,1,5.526165565025561e-05,False
149481,,AXA Technology Services Asia (HK) Limited,broadband,2023-Q4,2023,4,19.646086726873985,0.8533973864104544,19.646086726873985,0.8533973864104544,33.0,33.0,1,1,5.526165565025561e-05,False
151985,,"King Power Corporation Co., Ltd.",broadband,2023-Q4,2023,4,328.76719196468525,769.5556879340085,328.76719196468525,769.5556879340085,28.115,28.115,1,1,5.526165565025561e-05,False
45197,,"Boonthavorn Co., Ltd.",broadband,2023-Q4,2023,4,4.382179148908504,,4.382179148908504,,28.0,28.0,1,1,5.526165565025561e-05,False
17552,True,True Online,broadband,2024-Q1,2024,1,146.59484595578786,95.71747222383112,77.55500804670085,42.92236493806102,62.59535460298232,32.0,452421,226441,22.494686100828595,True
23969,NT,TOT Public Company Limited,broadband,2024-Q1,2024,1,65.24388537242237,49.13786971763128,22.005025650324363,6.736418728352969,86.2686940469152,65.0,406056,103576,20.189386123451513,True
133481,AIS,AIS Fibre,broadband,2024-Q1,2024,1,150.7917608279083,111.9199065303832,83.82593979412329,50.92862952031176,50.39507424401596,33.148,375231,187449,18.656745730856912,True
45758,3BB,Triple T Broadband Public Company Limited,broadband,2024-Q1,2024,1,110.0454373507274,73.53450352762228,40.97108545224764,30.877274141719738,68.52668800463648,34.949,327976,162582,16.30719433581854,True
7470,True,"TRUE INTERNET Co.,Ltd.",broadband,2024-Q1,2024,1,40.29482038121417,24.28446824492682,19.13155597132547,7.78426373046166,34.89380236126008,27.498,94191,8532,4.683241888690282,True
9931,NT,National Telecom Public Company Limited,broadband,2024-Q1,2024,1,16.58389507721003,11.718819359705112,5.986632869547854,2.3729346775768536,56.75993882005307,50.6415,59582,3156,2.9624583899942074,True
131090,NT,National Telecom Public Company Limited,broadband,2024-Q1,2024,1,75.90404447893272,60.61792512189939,37.10759593145839,23.6939043191077,56.40109805179455,50.2555,59274,17902,2.9471444162417617,True
138524,3BB,Triple T Broadband Public Company Limited,broadband,2024-Q1,2024,1,80.97842603758771,57.6228682778558,27.93005465095516,15.38517438037925,57.00060713908546,31.338,47377,16466,2.3556173197065484,True
45430,AIS,SBN-IIG/AWN-IIG transit provider,broadband,2024-Q1,2024,1,45.34613029379318,20.30181673208065,10.987660516097858,4.906725575436182,72.40757266658862,55.933,42715,27269,2.123819444271803,True
136538,AIS,AIS SUPER WiFi,broadband,2024-Q1,2024,1,84.63576261515044,55.433836301553626,41.04995061322479,20.972740541749182,40.058397466222985,34.265,24949,5950,1.240481594642098,True
56309,,"Siamdata Communication Co.,Ltd.",broadband,2024-Q1,2024,1,51.97612816128329,10.211068615611136,36.0035749258149,3.690342592513648,46.09596923076919,24.518,13131,311,0.6528824329329989,True
(unknown),,,broadband,2024-Q1,2024,1,93.84866297103876,61.83820218666578,32.683426219002754,16.403231615581813,42.27506850261572,30.194,10138,3905,0.5040683957866684,True
132280,,Symphony Communication (Thailand) PCL.,broadband,2024-Q1,2024,1,67.12113648932083,47.27495341062304,41.46236878278868,20.829094196878863,55.60746143617021,55.3065,9027,1385,0.4488287047510609,True
4618,,Internet Thailand Company Limited,broadband,2024-Q1,2024,1,46.472711453390026,33.45602220519451,22.222488975158882,9.847033110573784,56.53599974093265,40.732,7726,2371,0.3841420818551785,True
4621,,UNINET-TH,broadband,2024-Q1,2024,1,85.31038799662923,90.11990882604609,33.4978083591743,28.280030286480446,53.36673375204807,35.1955,7327,981,0.36430352494860124,True
38794,United Information Highway,UIH,broadband,2024-Q1,2024,1,60.58354425099329,48.20462831806363,32.432359957554624,19.94573792468713,42.695487694211465,33.195,7279,676,0.36191693163653177,True
4750,,CS LOXINFO PUBLIC COMPANY LIMITED,broadband,2024-Q1,2024,1,52.48808318674556,39.68108653372389,33.03604458228645,18.13148139000988,58.405458797327405,60.984,5841,664,0.29041857366245116,True
45458,AIS,SBN-ISP/AWN-ISP and SBN-NIX/AWN-NIX,broadband,2024-Q1,2024,1,68.15722320951024,54.08786485986614,38.35091201173103,20.592135175760582,47.173374149659864,39.039,5295,505,0.2632710747376612,True
131293,,TOT Public Company Limited,broadband,2024-Q1,2024,1,40.965871266966225,34.81897224614219,25.113768741537804,18.963310066819602,68.66943901750426,55.709,3543,503,0.17616041884712627,True
58955,,"Bangmod Enterprise Co., Ltd.",broadband,2024-Q1,2024,1,47.32289467847194,12.065487719318648,31.83374658779354,4.638992256183068,41.25887203364374,25.114,3330,79,0.16556991102481808,True
55423,,JasTel Network,broadband,2024-Q1,2024,1,74.3388615185742,62.94189287519575,36.6649500878834,25.84576037068663,34.3586595938163,28.231,3300,296,0.16407829020477468,True
9335,NT,National Telecom Public Company Limited,broadband,2024-Q1,2024,1,45.397189573437544,9.055648997739022,36.79224636391754,4.19674258228564,39.16777106466362,27.9655,3062,80,0.1522447650324303,True
23974,,Ministry of education,broadband,2024-Q1,2024,1,75.86737137472394,54.425394999033294,35.272931958146074,21.40151435781317,106.72047738693468,60.726,2587,1121,0.12862743538174307,True
9411,,"Kasetsart University, Thailand",broadband,2024-Q1,2024,1,82.53937751445663,108.50648981472364,26.334138272566815,34.08074259006926,42.850345471969334,31.142,2089,819,0.10386652976902251,True
135419,,"Cableconnect Co.,Ltd",broadband,2024-Q1,2024,1,81.31040277385836,40.34239020608076,48.28857814503163,12.396599880039588,49.125226928895614,31.209,1983,102,0.09859613620486915,True
56067,,453 Ladplacout Jorakhaebua,broadband,2024-Q1,2024,1,22.212758890480544,4.823949928432611,11.763285544711819,1.5117225810477206,64.65113522727272,29.519,1760,87,0.08750842144254649,True
134100,,"Express Data Co.,Ltd",broadband,2024-Q1,2024,1,62.83657632363791,38.448310667085465,29.549141974159145,18.947358839618403,52.926078912466835,44.5575,1508,82,0.07497880655418189,True
17479,,Chiang Mai University,broadband,2024-Q1,2024,1,88.51037360598916,73.90464105097543,63.75280351729409,34.20722686652119,75.98044771723123,69.0085,1358,59,0.06752070245396485,True
9464,,Prince of Songkla University (Sritrang'NET),broadband,2024-Q1,2024,1,65.42300711135191,99.77816465254398,25.47531422497072,42.651313106585924,50.521739259259256,43.541,1353,506,0.06727209898395761,True
9562,,Mahasarakham University,broadband,2024-Q1,2024,1,86.4306436736029,64.36761841700759,68.62410436374152,17.287928010535545,69.84714954954954,67.6695,1110,36,0.055189970341606026,True
4762,,"Mahidol University, Thailand",broadband,2024-Q1,2024,1,144.67866977220265,127.14149421718125,92.26134800722834,47.22965772778922,36.39632752293578,29.036,1090,162,0.05419555646157709,True
9546,,Ministry of University Affairs,broadband,2024-Q1,2024,1,65.53042394879205,63.93846851276012,28.678627246441863,31.09637752965639,74.14907123034227,68.586,1082,235,0.05379779090956552,True
3839,,Chulalongkorn University,broadband,2024-Q1,2024,1,131.00859564581393,118.32883843938099,62.95949548299847,47.93187309430871,44.20551126346719,28.818,1021,429,0.050764828575477254,True
9486,,King Mongkut's Institute of Technology Ladkrabang,broadband,2024-Q1,2024,1,100.42574755700758,89.99301089201225,62.70937098146856,42.72710565905419,69.31184362549801,61.1385,1005,396,0.04996929747145411,True
9551,,King Mongkut's University of Technology,broadband,2024-Q1,2024,1,126.71848991575138,144.99099555925616,76.9137246229538,64.4867563241441,40.878141955835964,30.917,954,154,0.04743354207738031,True
138204,,"Sophon Broadband Networks co.,ltd",broadband,2024-Q1,2024,1,71.29072956008706,49.33834078747267,34.59842608698288,28.291160178536764,68.85880368763557,61.7515,922,60,0.04584247986933401,True
9533,,King Mongkut's Institute of Technology North Bangkok,broadband,2024-Q1,2024,1,99.44781175235886,119.42855134598757,43.852818116407896,60.79195976442385,38.77576493011436,29.709,787,82,0.03913018617913869,True
7693,,KSC Commercial Internet Co. Ltd.,broadband,2024-Q1,2024,1,71.16287001333929,52.46560340354552,47.507090209957724,29.925953599178104,45.336953395472705,29.368,751,137,0.0373402411950866,True
37992,,Thammasat University in thailand,broadband,2024-Q1,2024,1,41.548815229443306,31.55982526761732,24.871763775080417,15.564647575451547,29.145063599458734,27.068,739,202,0.03674359286706924,True
7616,,JasTel Network,broadband,2024-Q1,2024,1,97.84144882342115,71.5774113017125,53.58073894445792,24.768213464802294,33.42988084464555,28.897,663,131,0.032964820122959274,True
55403,,PTT Digital Solutions Company Limited,broadband,2024-Q1,2024,1,64.21840906321964,17.168943862247023,58.02177858598671,3.9988796005602,69.97529003021147,63.375,662,25,0.03291509942895783,True
133193,,Provincial Electricity Authority (PEA),broadband,2024-Q1,2024,1,36.082903307114115,29.711707945856123,29.375213863346787,26.197331236389548,55.71134384858044,34.9495,636,18,0.03162236138492021,True
9903,,Rajamangala Institute of Technology,broadband,2024-Q1,2024,1,101.28086018957391,121.324892120714,42.14124187062094,37.48348229643001,40.12901421800947,32.024,633,66,0.03147319930291587,True
135034,,Planet Communications Asia Public Company Limited,broadband,2024-Q1,2024,1,161.5965096234917,60.70056418240624,130.36569976235995,32.126749263693185,30.687734920634917,28.0,630,36,0.03132403722091153,True
37932,,Rajamangala University of Technology Isan,broadband,2024-Q1,2024,1,64.75800245320725,111.94155321062463,26.438190246664114,77.81224750693173,67.9856890459364,67.487,566,100,0.02814191280481893,True
38082,,"True International Gateway Co., Ltd.",broadband,2024-Q1,2024,1,17.863168309526014,18.019347892355412,7.13806279684106,7.147195984837751,134.4590928853755,69.16550000000001,506,78,0.025158671164732117,True
147027,,Royal Thai Armed Force Headquarters,broadband,2024-Q1,2024,1,114.1795512919038,109.18652522444495,65.67848050064345,47.34267242789673,47.00394170403588,32.349000000000004,446,57,0.022175429524645306,True
138156,,"CSNE Co., Ltd.",broadband,2024-Q1,2024,1,35.127841179101296,12.14028418158689,14.187341132381519,3.688629670501057,30.804783105022832,25.183500000000002,438,32,0.02177766397263373,True
45847,,"university network ,Nakornsitammarat, Thailand",broadband,2024-Q1,2024,1,17.62554792780819,20.15108806448434,10.413763345180302,8.017282833603927,58.95090206185567,51.968,388,2,0.019291629272561388,True
134509,,1-TO-ALL COMPANY LIMITED,broadband,2024-Q1,2024,1,22.754103770224077,10.609580567084187,24.416030859800458,1.2592080263093886,35.52848541114058,35.17,377,2,0.018744701638545472,True
45575,,Rajamangala University of Technology Srivijaya,broadband,2024-Q1,2024,1,46.02005533281612,62.78648428768498,20.802308100451008,33.295805057001964,43.99145600000001,43.132,375,32,0.018645260250542577,True
38293,,Ministry of Foreign Affairs,broadband,2024-Q1,2024,1,81.2531198396494,24.296996067471827,53.13784096224651,18.635498092951476,32.13884533333333,29.037,375,25,0.018645260250542577,True
136393,,Symphony Communication (Thailand) PCL.,broadband,2024-Q1,2024,1,71.00715982943743,39.96113243913656,33.14861828110538,12.194748455949567,61.16178711484594,61.207,357,212,0.017750287758516534,True
140618,,Silpakorn University,broadband,2024-Q1,2024,1,87.61179436226148,81.35835661237574,35.4857388729544,16.136591558439008,41.713047477744816,32.318,337,31,0.016755873878487596,True
55545,,Suranaree University of Technology,broadband,2024-Q1,2024,1,85.04445433739406,96.58114648432314,59.931006094817874,47.57012730857092,93.25126451612903,66.158,311,140,0.015463135834449977,True
38566,,NTTCTNET,broadband,2024-Q1,2024,1,24.895407868188343,23.768235140433365,11.898285987223424,11.312749203252181,42.09649190938511,33.931,309,61,0.015363694446447083,True
153182,,Sripatum University,broadband,2024-Q1,2024,1,30.22934539853084,29.478594014381276,34.341239917480166,34.74338149465109,36.11139935064936,33.6245,308,11,0.015313973752445637,True
23884,,Proen Corp Public Company Limited.,broadband,2024-Q1,2024,1,78.5095276253025,80.93671750090799,47.001908166824734,34.16694951800298,49.54302135231317,31.136,281,52,0.013971515014406572,True
140867,,"International gateway co., Ltd",broadband,2024-Q1,2024,1,62.84176140308587,111.87283760750582,32.469811694117006,42.12044922204544,116.61940794223828,69.871,277,33,0.013772632238400783,True
9649,,Information Technology Office,broadband,2024-Q1,2024,1,71.29388062643547,53.377269418547286,45.43179548145957,23.089785577606122,64.96914022140221,39.116,271,83,0.013474308074392103,True
134073,,The Revenue Department,broadband,2024-Q1,2024,1,111.05277356482647,44.95654303649756,81.97106095457418,25.809159089420586,40.79361111111111,30.752000000000002,270,18,0.013424587380390655,True
38888,,"Milcom Co., Ltd. Internet Service Provider Bangkok",broadband,2024-Q1,2024,1,14.882611005771132,11.102084525678332,11.943278643718969,7.538175680559659,47.91960384615385,56.188,260,11,0.012927380440376187,True
137241,,PibulSongkramRajabhat University,broadband,2024-Q1,2024,1,136.51540488230134,141.94779867621634,111.47424726451135,90.34147410355322,70.76545200000001,70.137,250,35,0.012430173500361718,True
56112,,"Muang Thai Life Assurance Co., Ltd.",broadband,2024-Q1,2024,1,15.929538036965466,17.483060861305844,8.089222257023991,2.4516632795320774,78.53103278688525,70.78649999999999,244,3,0.012131849336353038,True
133880,,The Thai Red Cross Society,broadband,2024-Q1,2024,1,59.98346297530777,68.61381793892102,11.748798859136045,12.181863361192159,33.31618987341772,30.42,237,17,0.011783804478342909,True
4274,,Assumption University,broadband,2024-Q1,2024,1,100.09979316056054,99.98398007103602,75.11836205191031,60.217265012177066,36.28339316239316,30.4345,234,73,0.011634642396338568,True
23919,,Ramkhamhaeng University,broadband,2024-Q1,2024,1,156.13933478677626,226.25675114837648,90.17481794131082,111.03987767542512,33.71488744588744,30.091,231,18,0.011485480314334228,True
18256,,Bank of Ayudhya Public Company Limited.,broadband,2024-Q1,2024,1,33.06146648153275,39.665669922147714,22.187494877275277,17.943137460679512,29.039683982683975,29.0,231,2,0.011485480314334228,True
141714,,Nakhon Pathom Rajabhat University,broadband,2024-Q1,2024,1,170.0570486304277,221.91206967867475,106.48308476362982,120.70892190829224,36.81839130434783,30.592,230,23,0.01143575962033278,True
17887,,"T.C.C. Technology Co., Ltd.",broadband,2024-Q1,2024,1,75.96158858357822,64.62561185519282,46.430617968543345,41.23041618435899,57.58894196428571,49.730000000000004,224,51,0.0111374354563241,True
7862,,Chevron Corporation,broadband,2024-Q1,2024,1,50.23757072279129,17.20512623164979,19.710423579933632,2.353223388065967,124.2504932126697,102.884,221,30,0.010988273374319759,True
4767,,Computer Science,broadband,2024-Q1,2024,1,340.36016602692087,135.5708485122013,363.21205235926533,90.20966338458975,41.54039712918661,30.502,209,81,0.010391625046302396,True
137850,,Mae Fah Luang University,broadband,2024-Q1,2024,1,128.09414926473193,131.5122580998435,108.32645040712148,90.60319917654721,72.89879326923077,70.312,208,21,0.01034190435230095,True
24328,,Yala Rajabhat University Education,broadband,2024-Q1,2024,1,85.93298943795791,123.8095172242077,39.566150990258116,68.68925311301236,49.76467487684729,45.0,203,29,0.010093300882293715,True
133947,,Metropolitan Electricity Authority,broadband,2024-Q1,2024,1,108.43889292868275,124.46985243726198,92.86268658835816,90.88675351709016,31.15057868020305,29.0,197,10,0.009794976718285034,True
132117,,Ministry of Interior,broadband,2024-Q1,2024,1,66.59775095603632,48.70326818944409,41.49674140001741,22.199986101711048,44.645051282051284,35.627,196,9,0.009745256024283586,True
132866,,Rajamangala University of Technology Suvarnabhumi under UniNet Network,broadband,2024-Q1,2024,1,98.91030872293793,133.48825030542483,70.47350958777626,70.75469850949492,46.83412820512821,34.597,195,35,0.00969553533028214,True
136624,,Sakon Nakhon Rajabhat University,broadband,2024-Q1,2024,1,110.24122232320431,100.9528197188779,109.87525300923618,91.11664534993605,74.76701025641026,73.306,195,9,0.00969553533028214,True
135012,,Suan Dusit University,broadband,2024-Q1,2024,1,58.56516958378494,68.61986049657351,17.891112957109502,37.64479456948743,65.51191666666666,58.804500000000004,192,18,0.0095463732482778,True
140725,,Thai Customs Department,broadband,2024-Q1,2024,1,15.140782014836734,11.425787516406027,9.360144848721378,3.0187361704646722,28.45454237288136,26.745,177,1,0.008800562838256096,True
9475,,Walailak University,broadband,2024-Q1,2024,1,139.74012939065685,194.66467701992983,64.49614963905425,107.14112864788311,41.389462025316455,40.979,158,20,0.007855869652228606,True
135616,,Name: Thaksin University,broadband,2024-Q1,2024,1,63.10415411364555,64.3618451302853,56.386253054423904,48.230338062786046,70.16079870129869,48.896,154,11,0.0076569868762228184,True
136737,,Rajamangala University of Technology Krungtep,broadband,2024-Q1,2024,1,165.52109722557208,150.0045556306337,107.25480429418675,144.55291230762754,37.351223684210524,29.9985,152,32,0.007557545488219924,True
132838,,"United Information Highway Co.,Ltd.",broadband,2024-Q1,2024,1,65.92503922201783,62.80634677076994,50.86176910001495,60.02054750275043,31.80375333333334,28.1445,150,15,0.007458104100217031,True
132482,,Rajamangala University of Technology Rattanakosin,broadband,2024-Q1,2024,1,107.00997726997983,122.1820024067178,60.351781597922155,47.989074678329246,40.970836879432625,31.76,141,26,0.007010617854204009,True
135161,,"GMO-Z com NetDesign Holdings Co., Ltd.",broadband,2024-Q1,2024,1,14.19512449627527,3.594876277967971,5.769375163707427,2.1077471569011372,91.82621014492754,89.13300000000001,138,10,0.006861455772199669,True
4765,,Pacific Internet Pte Ltd,broadband,2024-Q1,2024,1,64.06340805799375,38.57567777184706,36.730743473497284,21.88809201063411,54.07120289855072,31.441,138,27,0.006861455772199669,True
55476,,"CP All Public Co., Ltd.",broadband,2024-Q1,2024,1,48.74242765532719,28.22845033647357,31.13693556506343,27.11703465349975,28.995325925925926,28.669,135,3,0.006712293690195327,True
135129,,Rajamangala University of Technology Tawan-ok(Bangpra Campus),broadband,2024-Q1,2024,1,119.33104756852819,98.26848856684578,67.5484151347189,34.524500090947555,36.10020312499999,32.406,128,27,0.0063642488321851995,True
138685,,Mahidol Wittayanusorn School,broadband,2024-Q1,2024,1,146.84789974677534,116.08167144820018,90.58956528275098,65.76247156626991,37.626471544715436,31.122,124,18,0.006165366056179412,True
154088,,MI Squared Company Limited (Branch 00003)/JW Marriott Phuket Resort & Spa,broadband,2024-Q1,2024,1,38.5489104452986,29.00333428323305,33.44996117067563,12.165677613342009,48.33868292682927,43.359,123,3,0.006115645362177965,True
55451,,Office of the National Broadcasting and,broadband,2024-Q1,2024,1,102.90013881666276,64.77848986688805,81.95060396780933,38.62360727176006,32.50987603305785,30.772,121,30,0.006016203974175072,True
132250,,Princess of Naradhiwas University,broadband,2024-Q1,2024,1,110.49258659212913,65.28927491533696,77.13078983700206,44.484587528603605,51.465406779661016,46.6815,118,3,0.005867041892170731,True
24453,,Chandrakasem Rajabahat University,broadband,2024-Q1,2024,1,73.62958569108672,53.972400463883936,55.60055280521266,35.775181511477015,30.576974137931032,30.119999999999997,116,17,0.005767600504167837,True
131257,,"Suratthani ratjabhat university, Thailand",broadband,2024-Q1,2024,1,195.61768332570867,137.83134917453197,157.2165654571388,39.828399913226285,57.23093333333332,41.103,105,5,0.005220672870151922,True
141692,,PTT Global Chemical Public Company Limited,broadband,2024-Q1,2024,1,82.67455457735649,68.60806834339398,62.35003260027968,55.371143499746935,37.195533980582525,35.669,103,3,0.005121231482149028,True
139657,,University of the Thai Chamber of Commerce,broadband,2024-Q1,2024,1,27.7357371188759,16.180211719549227,27.167683509929084,20.90098861985078,28.343737864077664,27.473,103,61,0.005121231482149028,True
149800,,Org: Phramongkutklao College of Medicine.,broadband,2024-Q1,2024,1,73.28597043504405,81.18785755434995,39.58975245739053,46.279863666362296,36.926230000000004,29.820999999999998,100,46,0.004972069400144687,True
138003,,Royal Police Cadet Academy,broadband,2024-Q1,2024,1,111.11224316665343,84.5002807804281,18.878019042841238,8.632347513253206,39.08468686868686,32.125,99,1,0.00492234870614324,False
55488,,Nakorn Ratchasima Rajabhat University,broadband,2024-Q1,2024,1,118.19781701610803,68.55867687907553,86.65370925268522,11.668777526196155,65.63648958333333,64.4255,96,56,0.0047731866241389,False
133919,,"University campus network, Rajamangala University of Technology Phra Nakhon",broadband,2024-Q1,2024,1,145.35637974745748,122.4843599196992,86.75374781322567,50.97560680491494,46.969191011235964,53.356,89,52,0.004425141766128772,False
139753,,"Valaya Alongkorn Rajabhat University Under The Royal Patronage,",broadband,2024-Q1,2024,1,131.98534084746092,180.43557176595604,52.242762007122295,79.87031507712527,38.90479310344828,32.308,87,11,0.004325700378125878,False
38450,,Ministry of Infomation Communication Technology,broadband,2024-Q1,2024,1,85.98429991270817,31.135911729459615,66.36773328736024,19.527041283782168,50.607988372093025,46.1765,86,23,0.004275979684124431,False
132879,,Rajabhat Mahasarakham University,broadband,2024-Q1,2024,1,134.05323277007275,137.41769775013782,132.1031184263204,121.66673023271674,73.44764197530864,68.593,81,20,0.004027376214117196,False
138616,,"Sanuk Systems (Thailand) Co., Ltd",broadband,2024-Q1,2024,1,120.19368956229692,90.25874859761203,63.93947072241757,34.23509849669984,50.645986666666666,36.0,75,10,0.0037290520501085155,False
140699,,Royal Thai Army,broadband,2024-Q1,2024,1,86.55493237960079,55.79149031975868,65.68863220174696,31.313691224044845,34.03184,30.066,75,5,0.0037290520501085155,False
134690,,Chulachomklao Royal Military academy member of UniNet,broadband,2024-Q1,2024,1,7.1112620525048955,5.496183890586828,7.488414291583863,6.061218794268834,30.67515068493151,30.372,73,3,0.0036296106621056218,False
714,,Apple Inc.,broadband,2024-Q1,2024,1,91.80951904879124,78.46018693260797,80.78921326150413,82.36874218071023,32.365753424657534,30.565,73,2,0.0036296106621056218,False
38296,,National Science and Technology Development Agency,broadband,2024-Q1,2024,1,147.41699005102626,152.75447951660306,92.26511843715751,88.16049430370342,41.959943661971835,31.053,71,16,0.003530169274102728,False
18408,,CSLOXINFO,broadband,2024-Q1,2024,1,20.236591688653608,15.483878051844341,20.70213559359498,11.11048044646257,63.80384285714285,65.452,70,1,0.003480448580101281,False
137198,,Phranakorn Rajabhat University,broadband,2024-Q1,2024,1,97.51823559235973,147.41454526872164,57.32781163038458,72.86096895205299,32.64344927536232,28.879,69,4,0.0034307278860998343,False
23683,,"BoonRawd Brewery Co.,LT",broadband,2024-Q1,2024,1,24.575456304028258,25.807180909290118,18.442545458642904,7.533054982741583,36.502208955223885,30.681,67,3,0.0033312864980969406,False
38589,,Education Network,broadband,2024-Q1,2024,1,191.00078721588466,216.54836878270575,154.5951420005815,143.55428927829132,50.32497014925374,30.0,67,20,0.0033312864980969406,False
4741,,"Samart Infonet Co., Ltd.",broadband,2024-Q1,2024,1,67.57692937286019,51.52698982991909,21.56436963539888,15.0992811815814,37.49636363636364,31.609,66,18,0.0032815658040954935,False
55760,,Mahanakorn University Of Technology,broadband,2024-Q1,2024,1,38.24993201210284,33.662003576584816,17.679007691722287,26.842019058351994,31.949569230769228,28.243,65,42,0.003231845110094047,False
138670,,Ngern Tid Lor Company Limited,broadband,2024-Q1,2024,1,58.63366729426736,17.096139610617428,14.376317300920768,7.0283704543548495,29.478875000000002,29.762999999999998,64,2,0.0031821244160925998,False
45254,,"Internet Solution & Service Provider Co., Ltd.",broadband,2024-Q1,2024,1,185.31973071682907,66.66052128561718,144.86763025725568,57.91762903696653,33.750523809523806,33.805,63,4,0.003132403722091153,False
45806,,Siam Commercial Bank,broadband,2024-Q1,2024,1,24.30882283278774,19.686396460051593,10.545674803654633,5.973236203156304,34.60580952380951,30.039,63,11,0.003132403722091153,False
17827,,Sukhothai Thammathirat Open University,broadband,2024-Q1,2024,1,142.62127544226948,109.81491552051286,94.25740073063321,58.636234565469174,47.18428333333333,46.1495,60,46,0.0029832416400868123,False
18409,,"Bank of Thailand, Bangkok, Thailand",broadband,2024-Q1,2024,1,113.52875504241946,109.25477047404021,74.06454464438568,11.583002791212104,28.966192982456143,28.596,57,3,0.002834079558082472,False
137058,,Aeronautical Radio of Thailand Ltd.,broadband,2024-Q1,2024,1,42.29804482383702,39.26366096633412,34.21423773704748,22.800350809277482,39.89769642857142,30.3675,56,3,0.002784358864081025,False
9891,,CS LOXINFO Public Company Limited.,broadband,2024-Q1,2024,1,15.29155321558706,8.829578468372844,7.025126988453699,4.119423334032155,89.548,63.846000000000004,56,27,0.002784358864081025,False
134089,,JasTel Network,broadband,2024-Q1,2024,1,134.89156054037517,230.724323681212,64.1205056966264,102.99532552432643,30.832089285714286,30.6415,56,1,0.002784358864081025,False
136457,,THAIAIRASIA CSL,broadband,2024-Q1,2024,1,38.94206213771845,42.26727591392533,37.574761483798966,39.92699481612955,43.68189285714286,34.6345,56,4,0.002784358864081025,False
135528,,Muban Chombueng Rajabhat University,broadband,2024-Q1,2024,1,142.0571303674166,119.06400272027052,75.73530784270477,71.99178723605937,41.78211111111111,32.0995,54,6,0.002684917476078131,False
140032,,United Overseas Bank (Thai) Public Company Limited,broadband,2024-Q1,2024,1,430.58667751685545,361.4031696782757,462.796075353681,417.64887195112806,29.378528301886796,29.0,53,2,0.002635196782076684,False
63951,,THAICOM Public Company Limited,broadband,2024-Q1,2024,1,12.460207278139697,3.1443035556953767,7.87906912629864,0.9618778703128956,87.67771153846154,62.5395,52,17,0.0025854760880752374,False
45530,,Agoda Company Pte. Ltd.,broadband,2024-Q1,2024,1,53.77490197135049,38.65618960563428,63.382704771815426,45.32709003988029,39.7961153846154,30.739,52,4,0.0025854760880752374,False
149503,,Name: Mahamakut Buddhist University network.,broadband,2024-Q1,2024,1,91.06935539066576,52.335542831239785,72.2499654017991,7.384981691917314,29.550764705882358,29.331,51,1,0.0025357553940737903,False
63989,,DE-CORP,broadband,2024-Q1,2024,1,52.1780707818877,24.380392207345224,50.629739640436426,20.208869023666622,109.04491999999999,60.035,50,9,0.0024860347000723437,False
38228,,"Ministry Of Defence, Thailand",broadband,2024-Q1,2024,1,97.40369358787376,114.24852971528257,86.94146945528574,92.76681193971517,33.33182,31.0455,50,5,0.0024860347000723437,False
132013,,True Internet assigned for ICS,broadband,2024-Q1,2024,1,78.64654149826441,87.90302248220154,48.92877783333803,69.87000977131831,36.92568,34.3755,50,3,0.0024860347000723437,False
132618,True,Real Future Company Limited,broadband,2024-Q1,2024,1,5.958144551612087,3.823300129133433,7.257415685192668,2.0233798028192416,43.38036734693878,43.03,49,51,0.0024363140060708966,False
45796,,UIH / BB Connect,broadband,2024-Q1,2024,1,85.99037924996014,51.459531811567274,68.78884141182733,20.12661326667945,38.37210638297872,33.137,47,3,0.002336872618068003,False
7715,,GSB,broadband,2024-Q1,2024,1,74.90012442266745,63.907404237683345,42.26164361556702,49.54980350528277,34.07808888888889,27.955,45,2,0.002237431230065109,False
4776,,"A-Net Co., Ltd.",broadband,2024-Q1,2024,1,88.61215364195715,56.9410316520471,54.3880797003846,33.80628505658002,44.980111111111114,31.331,45,9,0.002237431230065109,False
45800,,"Suan sunandha Rajabhat University, which is one university in Thailand",broadband,2024-Q1,2024,1,9.666738602943868,12.34323062288626,8.003071555400567,10.975821998259613,52.09735555555555,34.893,45,5,0.002237431230065109,False
133581,,"Thailand Post Co,.Ltd.",broadband,2024-Q1,2024,1,180.91072333210704,147.67674819680502,88.05703500883027,81.82049148721362,29.158818181818177,28.475,44,15,0.0021877105360636625,False
140326,,Symphony Communication Public Company Limited for TC,broadband,2024-Q1,2024,1,9.110065546356752,5.352082023848333,7.829011500303206,5.87327435526324,47.993204545454546,58.4955,44,4,0.0021877105360636625,False
134162,,ADVANCED WIRELESS NETWORK COMPANY LIMITED,broadband,2024-Q1,2024,1,254.18205805633653,319.57426842704535,182.70552005239585,277.6716726728141,45.26131818181818,56.8625,44,18,0.0021877105360636625,False
131246,,"LOEI university network ,LOEI, Thailand",broadband,2024-Q1,2024,1,63.451559326586164,51.25305779697829,58.96651265559154,32.80510880513078,80.18165116279069,79.701,43,2,0.0021379898420622154,False
4827,,CSLOXINFO,broadband,2024-Q1,2024,1,88.5869839073328,94.96784329290102,68.67373309351099,88.91870446756116,74.27257142857144,50.39,42,2,0.0020882691480607687,False
132493,,"Lampang-Meatha Rd., Thambon Chomphu Ampher Maung Lampang 52100",broadband,2024-Q1,2024,1,37.53993897966791,61.790496912936504,12.332104668595782,25.45418800312671,87.95629268292683,72.041,41,7,0.0020385484540593217,False
32043,,NeoFiber Communications inc.,broadband,2024-Q1,2024,1,13.522882376173925,13.553023805910234,0.6412292890730782,0.3246424090890819,275.40115000000003,286.2115,40,9,0.001988827760057875,False
24083,,Siam City Cement Public Company Limited,broadband,2024-Q1,2024,1,28.09772859465469,22.863379075306828,4.108657253916839,4.242894199991182,68.69107692307692,64.85,39,2,0.001939107066056428,False
141214,,Geo-Informatics and Space Technology Development Agency,broadband,2024-Q1,2024,1,199.28303230788052,173.96366764741967,108.28527132341038,69.99154817882132,43.04510256410257,32.0,39,2,0.001939107066056428,False
24393,,The Secretariat of House of the Representive,broadband,2024-Q1,2024,1,130.93576454827766,130.80044562917143,66.32127323978564,64.5139001165993,38.37146153846154,28.981,39,30,0.001939107066056428,False
45455,,"Two S One N Co Ltd, Internet Service Provider and IT Solutions",broadband,2024-Q1,2024,1,63.103061778477894,63.272522171923036,50.85282890727563,56.07324422491989,65.5693076923077,33.745,39,6,0.001939107066056428,False
140983,,Dhipaya Insurance Public Co. Ltd.,broadband,2024-Q1,2024,1,70.92357465934481,28.058460220375554,13.113771036547504,17.500891251970565,33.45431578947369,33.3315,38,2,0.001889386372054981,False
134240,,Super Broadband Network Company Limited,broadband,2024-Q1,2024,1,195.7579287022605,80.5850359592294,204.43002976048516,5.65738224008182,44.58032432432432,36.885,37,3,0.0018396656780535342,False
149766,,Y.U.T Corporate Company Limited,broadband,2024-Q1,2024,1,81.95544175271354,13.233842660598627,51.3771147309328,11.6724484146981,46.54821621621622,57.141,37,27,0.0018396656780535342,False
151672,,government agency,broadband,2024-Q1,2024,1,16.925660077372168,19.679684392421194,12.180232610528938,14.94644008222252,43.128555555555565,30.7285,36,2,0.0017899449840520873,False
38328,,Ministry of Finance,broadband,2024-Q1,2024,1,85.01457507923412,55.7746376490664,87.83677950583105,50.18685882808845,29.235411764705884,29.103,34,7,0.0016905035960491936,False
136781,,Department of Alternative Energy Development and Efficiency,broadband,2024-Q1,2024,1,49.68284512125689,26.743197374650045,10.08211317358533,9.614558990764143,28.93239393939394,28.386,33,18,0.0016407829020477467,False
37983,,CSLOXINFO,broadband,2024-Q1,2024,1,68.7027131268095,93.48505039165423,57.269676091652855,93.2964925662371,43.402,32.7255,32,1,0.0015910622080462999,False
147312,,Songkhla Rajabhat University Network.,broadband,2024-Q1,2024,1,73.07744187874637,162.61575940469214,21.45904814894851,84.13956210583888,45.21645161290323,43.342,31,12,0.001541341514044853,False
139329,,Siam Piwat Company Limited,broadband,2024-Q1,2024,1,112.45030872082073,75.05505605103255,123.64383298891288,30.230023071780494,36.9822,32.064,30,3,0.0014916208200434062,False
38265,,Sisaket Rajabhat University,broadband,2024-Q1,2024,1,63.49369670091097,41.729112227949784,46.51127986119523,31.189581121724352,69.11396551724137,69.671,29,5,0.0014419001260419593,False
134695,,Mass Rapid Transit Authority of Thailand,broadband,2024-Q1,2024,1,79.59808048933414,76.63047344235112,29.26396742041471,63.30874090313169,29.870749999999997,29.5855,28,3,0.0013921794320405124,False
150686,,State Railway of Thailand,broadband,2024-Q1,2024,1,137.0069396534295,90.04319644474776,92.00706022883146,63.678208085115955,31.25221428571428,30.796,28,2,0.0013921794320405124,False
55925,,"469 Nakronsawan.Rd, Chidrada Dusit",broadband,2024-Q1,2024,1,26.91655718418945,32.67320356457849,30.784918455741664,10.96465644852262,30.029857142857143,30.1185,28,2,0.0013921794320405124,False
200250,,Hoang Phi Hai,broadband,2024-Q1,2024,1,47.19934361373797,16.453610659537425,20.89487229369729,6.802686503889967,131.02267857142857,36.666,28,5,0.0013921794320405124,False
45197,,"Boonthavorn Co., Ltd.",broadband,2024-Q1,2024,1,11.561338431429817,1.3611664122272296,2.0932544992612403,2.0480121945130345,30.01721428571429,27.21,28,1,0.0013921794320405124,False
24060,,KTB COMPUTER SERVICES COMPANY LIMITED,broadband,2024-Q1,2024,1,262.6081080814669,123.46464173952803,49.014376788083176,48.92576735524311,28.900464285714285,29.0,28,1,0.0013921794320405124,False
45581,,INFONET THAILAND ISP,broadband,2024-Q1,2024,1,2.021219696499599,0.5242506240660332,1.3956291622887247,0.2198876610777193,77.87851851851853,30.642,27,2,0.0013424587380390656,False
131221,,Petchaburi Rajabhat University,broadband,2024-Q1,2024,1,54.233889480753405,67.05552296273011,40.12635131101654,28.376469712948353,36.305,32.731,27,11,0.0013424587380390656,False
10227,,Institute Rajabhat Suandusit,broadband,2024-Q1,2024,1,163.21776504335523,230.13845263783867,77.07338634568983,97.81630012807238,52.627,51.0845,26,12,0.0012927380440376187,False
147176,,"NZ Network Enterprise Co., Ltd.",broadband,2024-Q1,2024,1,57.257479719182214,47.969217653536,34.54772498771365,46.868533756863336,79.78584,57.512,25,20,0.0012430173500361718,False
55498,,"Greenline Synergy Co.,Ltd.",broadband,2024-Q1,2024,1,100.70296676519779,45.04215477330441,114.79376502158068,24.95776322298379,34.3636,32.929,25,2,0.0012430173500361718,False
138215,,Royal Thai Police,broadband,2024-Q1,2024,1,55.017125334004085,49.53635024000416,18.730411972596897,11.866724059381436,55.81716,29.653,25,3,0.0012430173500361718,False
55938,,Expressway Authority of Thailand,broadband,2024-Q1,2024,1,151.41078778337982,116.74388485804204,104.21840445075371,92.96823032977423,32.26066666666667,29.557499999999997,24,2,0.001193296656034725,False
133328,,Bangkok Patana School,broadband,2024-Q1,2024,1,108.646958445801,124.80217131467707,84.49144747281207,121.5073699644181,87.73639130434782,34.58,23,2,0.001143575962033278,False
59374,,Bangmod Enterprise,broadband,2024-Q1,2024,1,27.4275202402982,22.65470401239259,20.658336375908718,11.644581686993416,68.11008695652174,58.365,23,6,0.001143575962033278,False
151985,,"King Power Corporation Co., Ltd.",broadband,2024-Q1,2024,1,83.89486219152893,43.80275395116561,70.1051633493147,31.22044633965951,30.591869565217394,30.279,23,1,0.001143575962033278,False
133909,,Siam E Business Limited Partnership,broadband,2024-Q1,2024,1,63.97265734425419,30.56782423254217,40.11912466119703,14.870580263711961,32.04534782608696,32.395,23,2,0.001143575962033278,False
140075,,Roi et Rajabhat University,broadband,2024-Q1,2024,1,63.55608338584779,56.357140088530144,21.83239941905185,7.796586123892623,74.31421739130435,66.672,23,5,0.001143575962033278,False
24042,,"Bangkok Airways Co., Ltd.",broadband,2024-Q1,2024,1,48.91509878960055,49.3420541495893,11.362840780030934,2.8872873370966725,37.69409090909091,33.7795,22,2,0.0010938552680318312,False
150107,,Surundra Rajabhat University,broadband,2024-Q1,2024,1,77.35092478357814,64.59660023639167,70.2652055947556,66.3649564010085,63.863363636363644,64.3315,22,1,0.0010938552680318312,False
134064,,The Chulabhorn Graduate Institute Campus Network Member of UniNet,broadband,2024-Q1,2024,1,57.8919480348974,66.32010767834402,30.41022190699212,76.92545361206777,33.132045454545455,28.525,22,6,0.0010938552680318312,False
138427,,Thailand Institute of Nuclear Technology (Public Organization),broadband,2024-Q1,2024,1,36.29475589747767,27.260358350329504,14.700722332822323,3.5461436145172875,52.158350000000006,32.6415,20,3,0.0009944138800289375,False
141730,,Pacific Technologies and Network Philippines Incorporation,broadband,2024-Q1,2024,1,97.29626150143592,104.33298767892303,57.87999733962954,79.23068580054229,32.02905263157895,26.185,19,1,0.0009446931860274905,False
141715,,"Apex Circuit (Thailand) Co.,Ltd.",broadband,2024-Q1,2024,1,135.40513033244275,66.3779748510336,119.93984117951057,39.35262354644913,38.11342105263158,33.484,19,6,0.0009446931860274905,False
152915,,The Office of the Securities and Exchange Commission (Head Office),broadband,2024-Q1,2024,1,68.23028584361623,54.66042530988202,61.522151454748744,37.25923120708784,45.8331052631579,35.31,19,2,0.0009446931860274905,False
132300,,"NIPA TECHNOLOGY CO., LTD",broadband,2024-Q1,2024,1,5.234570249675986,11.986816442847138,3.361393082922816,15.763211540034554,52.417,54.6115,18,9,0.0008949724920260437,False
137545,,KPN AWARD,broadband,2024-Q1,2024,1,96.89798027692831,13.962796996192155,89.59997353921078,17.293797318952482,40.133833333333335,33.269499999999994,18,2,0.0008949724920260437,False
152461,,Department of Lands,broadband,2024-Q1,2024,1,104.97834002726881,141.20996230559186,63.56249110680754,84.8887208567171,32.24964705882353,32.381,17,1,0.0008452517980245968,False
139889,,Department of Fisheries,broadband,2024-Q1,2024,1,73.09508669919299,55.94795947678759,76.46440783891791,53.82033235460411,72.98370588235295,84.929,17,1,0.0008452517980245968,False
45255,,"Hi-tech Nittsu (Thailand) Co.,Ltd.",broadband,2024-Q1,2024,1,18.894487853260223,10.631354131198789,8.78218479674667,3.337830928656347,123.54964705882354,71.389,17,1,0.0008452517980245968,False
45959,,"Thai Reinsurance Public Co., Ltd.",broadband,2024-Q1,2024,1,49.09885532454083,20.050910183460896,21.55183053477246,3.332758738102474,55.87468749999999,54.079,16,2,0.0007955311040231499,False
139724,,Tobacco Authority of Thailand,broadband,2024-Q1,2024,1,22.579009395636447,30.547568311795157,9.32179896424071,9.410597227148596,28.995750000000005,29.0525,16,2,0.0007955311040231499,False
137919,,BTS,broadband,2024-Q1,2024,1,57.653012807150354,67.92714557385958,50.42724867368733,69.99270239496579,65.4679375,60.048,16,1,0.0007955311040231499,False
134718,,OSD Internet Company Limited,broadband,2024-Q1,2024,1,41.25624219069091,50.28222634350296,35.2658444328444,57.056190079366544,26.214,26.287,16,2,0.0007955311040231499,False
133042,,Office of the basic education commission,broadband,2024-Q1,2024,1,95.61030721830213,205.27194956398043,50.65660392359655,83.52793780385927,33.9908125,28.15,16,14,0.0007955311040231499,False
45752,,Provincial waterworks authority,broadband,2024-Q1,2024,1,184.41118261856369,52.42883659699933,181.1505206110521,43.83259754554321,37.8409375,36.8815,16,2,0.0007955311040231499,False
23932,,Internet Service Provider,broadband,2024-Q1,2024,1,26.30448920825244,33.64684371610664,19.37636578429963,26.827066882464838,31.995466666666665,30.735,15,7,0.0007458104100217031,False
55642,,Control Data (Thailand) Ltd,broadband,2024-Q1,2024,1,88.26833461206593,113.57254672646665,68.9006509042826,89.59712912297141,32.248999999999995,30.856,15,1,0.0007458104100217031,False
140918,,CMKL University,broadband,2024-Q1,2024,1,102.96437109275904,95.76565180950492,71.46332886148717,26.02029363877323,49.7876,55.835,15,1,0.0007458104100217031,False
137394,,Dhonburi Rajabhat University,broadband,2024-Q1,2024,1,6.87668395641417,8.17131164848107,6.291194702369423,9.086061698878602,28.076,28.429,15,1,0.0007458104100217031,False
141207,,Thai Life Insurance PCL.,broadband,2024-Q1,2024,1,56.37334122281118,38.395092538452495,60.14998590109971,39.58232895230296,42.7474,41.0,15,1,0.0007458104100217031,False
138353,,NIST INTERNATIONAL SCHOOL,broadband,2024-Q1,2024,1,100.961927134847,192.00344404976906,110.37834889210446,209.09670028139718,52.743857142857145,60.341,14,1,0.0006960897160202562,False
150300,,"The Permanent Secretary, Ministry of Transport of Thailand",broadband,2024-Q1,2024,1,51.497495652083956,5.796333691978387,65.15026989891119,1.950906333006445,45.73957142857143,31.0605,14,4,0.0006960897160202562,False
55325,,Eastern Water Resources Development and Management Company,broadband,2024-Q1,2024,1,129.4345852555197,81.42534203131254,157.9237998605927,92.98848288542554,33.713571428571434,30.1545,14,3,0.0006960897160202562,False
45537,,C/o Cs Loxinfo Public Company Limited,broadband,2024-Q1,2024,1,54.264616339340705,36.74944313277296,39.348312565369234,43.28945728114351,42.38278571428571,36.447500000000005,14,2,0.0006960897160202562,False
63972,,SOCIAL,broadband,2024-Q1,2024,1,55.91358758679225,11.091061597632166,17.28554775675984,0.08870430491714822,29.08061538461538,28.641,13,1,0.0006463690220188093,False
17565,,"Advance Datanetwork Communications Co.,Ltd. BuddyB service. Bangkok",broadband,2024-Q1,2024,1,70.6254179623435,36.06593437149911,24.293556709006882,8.34018179251855,40.551692307692306,33.573,13,3,0.0006463690220188093,False
142131,,AEON Thana Sinsap (Thailand) Public Company Limited,broadband,2024-Q1,2024,1,45.12267675255527,24.36228098187156,31.700322931840343,16.64462226008512,30.838909090909087,30.72,11,1,0.0005469276340159156,False
136906,,NNCK,broadband,2024-Q1,2024,1,9.076887780203885,5.2520572242523444,9.571909153053605,6.282920552027159,126.30181818181818,48.551,11,3,0.0005469276340159156,False
140660,,Satit Pattana School,broadband,2024-Q1,2024,1,72.41651975389722,55.35994679710081,28.190391154856233,35.43252008723402,48.7719,56.7095,10,1,0.0004972069400144688,False
56118,,OCSC,broadband,2024-Q1,2024,1,72.03053039718043,53.80923564301432,31.008809993425558,48.494854789163995,27.195,26.5,10,1,0.0004972069400144688,False
56117,,KIATNAKIN,broadband,2024-Q1,2024,1,90.96233707135238,24.824885673694684,84.40844127963778,16.821253999613887,43.9765,33.477000000000004,10,1,0.0004972069400144688,False
138962,,Bangkok Insurance Public Company Limited,broadband,2024-Q1,2024,1,122.99051891294386,67.38913859588945,59.849343263997284,38.60822103054639,96.82766666666666,28.838,9,3,0.00044748624601302183,False
135676,,National Institute for Emergency Medicine,broadband,2024-Q1,2024,1,30.843126144910304,24.873075779770343,25.73187589185719,17.52048419180632,29.268666666666668,29.506,9,4,0.00044748624601302183,False
132172,,Fiscal Policy Office,broadband,2024-Q1,2024,1,77.17518767458459,75.01929057379166,60.05343254303324,61.26117599156299,31.3005,30.948,8,1,0.00039776555201157497,False
132201,,Land and Houses Bank Public Company Limited,broadband,2024-Q1,2024,1,119.20843106845697,69.2114597601394,96.10578256351943,36.250217970095676,32.835625,34.0,8,1,0.00039776555201157497,False
149036,,Waterfront Hotel c/o Symphony Communication Public Company Limited,broadband,2024-Q1,2024,1,86.93173932406611,50.22235535996594,88.63333023843128,68.64258336302645,53.689375,57.400999999999996,8,1,0.00039776555201157497,False
142435,,HGC Global Communications (Thailand) Limited,broadband,2024-Q1,2024,1,30.36040132203608,1.3469613112559797,32.632111545378685,1.1299673203333283,329.4694285714286,322.057,7,1,0.0003480448580101281,False
45533,,Comptroller General's Department,broadband,2024-Q1,2024,1,47.94792898923186,7.720954952233584,10.605939543898304,6.969631994140818,27.427285714285713,27.851,7,1,0.0003480448580101281,False
138906,,Ministry of Culture,broadband,2024-Q1,2024,1,92.41234040290169,29.319109250419412,43.32829978238985,1.8125697120120159,36.06728571428572,29.0,7,2,0.0003480448580101281,False
55932,,The Thai Bond Market Association,broadband,2024-Q1,2024,1,52.87533970798144,32.77068808616257,34.99798619959724,32.15178418938026,26.907714285714288,27.326,7,2,0.0003480448580101281,False
135381,,SiS Distribution (Thailand) Public Company Limited ,broadband,2024-Q1,2024,1,17.456338030046563,5.772045951799068,9.278705376129096,0.39216614961370105,33.4145,28.5945,6,3,0.00029832416400868124,False
131447,,POPIDC powered by CSLoxinfo,broadband,2024-Q1,2024,1,142.7529607344865,26.435092792135887,80.39413751057394,27.705999954321296,67.13583333333334,66.724,6,3,0.00029832416400868124,False
133376,,"LAZADA Co.,Ltd.",broadband,2024-Q1,2024,1,27.00880651124612,32.069782032018445,16.12887913742899,17.443285150856774,27.104833333333335,27.133,6,1,0.00029832416400868124,False
151808,,Hatyai University.,broadband,2024-Q1,2024,1,94.08763086449599,80.13384447482755,82.00681959590824,35.558539383657866,40.516600000000004,40.59,5,3,0.0002486034700072344,False
24214,,CSLOXINFO,broadband,2024-Q1,2024,1,195.12069611675562,94.24065539154029,241.63237668531448,67.43269748989371,51.795,32.886,5,1,0.0002486034700072344,False
38231,,"CIMB Securities Co., Ltd.",broadband,2024-Q1,2024,1,69.58102116612365,53.64090571813142,56.44006469776546,35.635555611552235,32.6,32.015,5,1,0.0002486034700072344,False
135141,,Rajamangala University of Technology Lanna,broadband,2024-Q1,2024,1,49.24499371464334,2.53251643419281,15.081096900783852,2.53251643419281,151.9806,119.704,5,2,0.0002486034700072344,False
38184,,Thaivivat Insurance,broadband,2024-Q1,2024,1,32.1910455900953,21.582252201002387,9.02846899034211,6.700440581053825,67.27040000000001,38.884,5,1,0.0002486034700072344,False
141736,,"Wisepaq Business Solutions Provider Co., Ltd.",broadband,2024-Q1,2024,1,66.02830285038746,44.6677212432757,83.29933115450184,17.139724920250895,29.9558,28.91,5,2,0.0002486034700072344,False
4637,,Telstra Global,broadband,2024-Q1,2024,1,12.501013040388683,18.64963670644777,11.403183138934489,18.64963670644777,110.36100000000002,58.332,5,2,0.0002486034700072344,False
149762,,"Hakuhodo (Bangkok) Co., Ltd.",broadband,2024-Q1,2024,1,57.89733151637106,64.3513440387145,4.80171311383279,2.2206062471375514,30.2048,29.641,5,3,0.0002486034700072344,False
135063,,POP NIX COMPANY LIMITED,broadband,2024-Q1,2024,1,107.00889877226732,35.46747092333909,69.5588043412609,14.139684160522235,36.366200000000006,35.722,5,3,0.0002486034700072344,False
137392,,KTB Securities (Thailand) Company Limited,broadband,2024-Q1,2024,1,87.84874949049954,34.08146414194323,65.6545708467661,34.08146414194323,35.0028,29.451,5,2,0.0002486034700072344,False
24190,,The Stock Exchange of Thailand,broadband,2024-Q1,2024,1,96.98210399996344,47.122378856877305,93.30663352312169,13.754447160817573,30.95825,31.003,4,1,0.00019888277600578749,False
5580,,GTT Communications Netherlands B.V.,broadband,2024-Q1,2024,1,43.92472777075874,47.136905922503615,38.655457064920554,43.920080759956306,111.84575000000001,80.733,4,2,0.00019888277600578749,False
133761,,Mr. Naphat,broadband,2024-Q1,2024,1,142.5485774213421,128.90719298058926,149.8608290961935,163.29577921951304,30.19975,30.486,4,2,0.00019888277600578749,False
135586,,INTERLINK COMMUNICATION PCL.,broadband,2024-Q1,2024,1,81.74929771075719,2.2511036824439374,45.98375542001814,2.3268697029451153,38.76075,31.0215,4,1,0.00019888277600578749,False
7485,,Samart - Advanced Metering Infrastructure(AMI),broadband,2024-Q1,2024,1,31.91035937131188,57.775401994872496,14.901512636778207,62.07268613041196,35.874249999999996,28.3035,4,1,0.00019888277600578749,False
132514,,"Ubon Ratchathani University,",broadband,2024-Q1,2024,1,98.66747078716928,80.8273165850732,100.68182434658884,80.8273165850732,72.88166666666666,72.52,3,3,0.00014916208200434062,False
151825,,Rangsit University,broadband,2024-Q1,2024,1,92.21157481225954,91.32576731964032,94.89371731557738,91.32576731964032,164.548,63.332,3,2,0.00014916208200434062,False
55634,,"Kasikorn Asset Management Co.,Ltd.",broadband,2024-Q1,2024,1,345.6648467503367,83.01083237974028,392.9214898854281,96.44822527263133,27.08966666666667,27.108,3,1,0.00014916208200434062,False
132821,,"Trinity Securities Co., Ltd.",broadband,2024-Q1,2024,1,86.67963654320563,,41.25750100763302,,30.47066666666667,29.622,3,2,0.00014916208200434062,False
15695,,Expereo International BV,broadband,2024-Q1,2024,1,87.84558469517185,68.83856669982318,88.24666115271243,74.78338420314394,66.48266666666666,81.213,3,3,0.00014916208200434062,False
134835,,Starry Network Limited,broadband,2024-Q1,2024,1,14.858362508681902,,16.51754497690389,,139.567,138.958,3,2,0.00014916208200434062,False
24455,,The Siam Cement Group,broadband,2024-Q1,2024,1,78.09691130121395,69.68582294161497,100.23464404973019,69.68582294161497,64.797,63.974,3,2,0.00014916208200434062,False
9715,,SAMART Corp (Excise-Direct Coding Data Center),broadband,2024-Q1,2024,1,5.639921321759728,6.16309063151716,7.421898761175008,6.393373338314623,42.276666666666664,42.195,3,1,0.00014916208200434062,False
137557,,"International gateway co., Ltd",broadband,2024-Q1,2024,1,14.265491007382323,5.283877800997743,13.716601629060051,2.0086709389757598,286.897,372.515,3,1,0.00014916208200434062,False
135635,,Tourism authority of Thailand,broadband,2024-Q1,2024,1,50.46569264570408,39.94238292146044,51.26594965370865,39.94238292146044,29.944666666666667,30.0,3,1,0.00014916208200434062,False
38886,,"The Government Lottery Office, Thailand",broadband,2024-Q1,2024,1,229.968254443236,328.4105695836877,233.8283762099653,328.4105695836877,25.893,25.137,3,3,0.00014916208200434062,False
9835,,Government Information Technology Services,broadband,2024-Q1,2024,1,28.56061621841864,31.526456702217153,29.3835215352384,31.526456702217153,31.13366666666667,31.204,3,3,0.00014916208200434062,False
55927,,"UOB Kay Hian Securities (Thailand) Co., Ltd.",broadband,2024-Q1,2024,1,140.30021883452937,181.38175653676274,161.91926573250717,255.20593470801202,40.079,29.554,3,1,0.00014916208200434062,False
17901,,One to One Contacts Public Company Limited.,broadband,2024-Q1,2024,1,83.9145859671696,31.92157035409188,81.57909840930289,31.92157035409188,30.34,30.871,3,2,0.00014916208200434062,False
55514,,Electricity Generating Authority of Thailand (EGAT),broadband,2024-Q1,2024,1,676.211272105627,16.316532531885276,661.7361958293016,15.10106333618127,26.587333333333333,26.473,3,2,0.00014916208200434062,False
137566,,Data Zone Company Limited,broadband,2024-Q1,2024,1,23.392431932345858,24.565372820236934,23.392431932345858,24.565372820236934,30.58,30.58,2,2,9.944138800289374e-05,False
17478,,Bangkok Metropolitan Administration,broadband,2024-Q1,2024,1,447.7190876399137,584.9259595667272,447.7190876399137,584.9259595667272,28.549500000000002,28.549500000000002,2,1,9.944138800289374e-05,False
17823,,"T.H.NIC Co.,Ltd.",broadband,2024-Q1,2024,1,17.2811793910004,,17.2811793910004,,85.59,85.59,2,1,9.944138800289374e-05,False
148997,,KTB COMPUTER SERVICES COMPANY LIMITED,broadband,2024-Q1,2024,1,50.379943615701954,0.7330803865715495,50.379943615701954,0.7330803865715495,56.343999999999994,56.343999999999994,2,1,9.944138800289374e-05,False
45229,,"United Nation - Property Management Sub-unit, Thailand",broadband,2024-Q1,2024,1,206.09662715654665,131.90695459316905,206.09662715654665,131.90695459316905,31.811,31.811,2,2,9.944138800289374e-05,False
24344,,Chiangmai Rajabhat University,broadband,2024-Q1,2024,1,72.9181415503556,72.0346636973535,72.9181415503556,72.0346636973535,68.77250000000001,68.77250000000001,2,1,9.944138800289374e-05,False
133791,,Teledirect Telecommerce,broadband,2024-Q1,2024,1,533.3422850230041,243.9731771113309,533.3422850230041,243.9731771113309,28.302999999999997,28.302999999999997,2,1,9.944138800289374e-05,False
7654,,"Internet Solution & Service Provider Co., Ltd.",broadband,2024-Q1,2024,1,45.19113214856908,63.22258004759593,45.19113214856908,63.22258004759593,29.4475,29.4475,2,1,9.944138800289374e-05,False
136035,,Department of Tourism,broadband,2024-Q1,2024,1,150.05032998253503,3.9564635675262383,150.05032998253503,3.9564635675262383,29.8385,29.8385,2,2,9.944138800289374e-05,False
38820,,CSLOXINFO,broadband,2024-Q1,2024,1,35.727257954499656,18.916537500464997,35.727257954499656,18.916537500464997,62.44,62.44,1,1,4.972069400144687e-05,False
154177,,LIGHT NODE LIMITED,broadband,2024-Q1,2024,1,11.253242496109005,,11.253242496109005,,25.968,25.968,1,1,4.972069400144687e-05,False
23687,,The Institute for the Promotion of Teaching Science,broadband,2024-Q1,2024,1,429.1955787287111,317.8650614501129,429.1955787287111,317.8650614501129,27.016,27.016,1,1,4.972069400144687e-05,False
55538,,"CIMB Securities (Thailand) Co.,Ltd.",broadband,2024-Q1,2024,1,28.778540466365435,90.20168407393733,28.778540466365435,90.20168407393733,32.664,32.664,1,1,4.972069400144687e-05,False
38040,,TOT Public Company Limited,broadband,2024-Q1,2024,1,647.7485157470107,61.39352766232718,647.7485157470107,61.39352766232718,31.329,31.329,1,1,4.972069400144687e-05,False
23927,,Telecommunication Inc.,broadband,2024-Q1,2024,1,4.918707709940313,,4.918707709940313,,63.148,63.148,1,1,4.972069400144687e-05,False
135375,,"Today Communication Co.,Ltd",broadband,2024-Q1,2024,1,0.8429381380001455,0.7239305088882736,0.8429381380001455,0.7239305088882736,46.0,46.0,1,1,4.972069400144687e-05,False
9339,,CSLOXINFO,broadband,2024-Q1,2024,1,24.758619082757175,0.0890726396692486,24.758619082757175,0.0890726396692486,62.0,62.0,1,1,4.972069400144687e-05,False
152734,,Maxnito Company Limited,broadband,2024-Q1,2024,1,62.85338547062358,26.36339509258388,62.85338547062358,26.36339509258388,30.695,30.695,1,1,4.972069400144687e-05,False
55790,,NETONE,broadband,2024-Q1,2024,1,338.47054982395395,103.92698065308501,338.47054982395395,103.92698065308501,28.805,28.805,1,1,4.972069400144687e-05,False
24540,,THAI AIRWAYS INTERNATIONAL PUBLIC COMPANY,broadband,2024-Q1,2024,1,269.80686563352333,46.77663887113149,269.80686563352333,46.77663887113149,27.454,27.454,1,1,4.972069400144687e-05,False
206614,,Taboola.com ltd,broadband,2024-Q1,2024,1,152.2873513345082,145.69090565274342,152.2873513345082,145.69090565274342,30.15,30.15,1,1,4.972069400144687e-05,False
56223,,"Thai Summit Autopart Industry Co.,Ltd",broadband,2024-Q1,2024,1,70.8987994018609,,70.8987994018609,,61.817,61.817,1,1,4.972069400144687e-05,False
38718,,CSLOXINFO,broadband,2024-Q1,2024,1,4.753084089899515,,4.753084089899515,,35.468,35.468,1,1,4.972069400144687e-05,False
18356,,Aware Corporation Autonomous System,broadband,2024-Q1,2024,1,30.111412580744037,,30.111412580744037,,30.826,30.826,1,1,4.972069400144687e-05,False
45248,,"United Information Highway Co.,Ltd",broadband,2024-Q1,2024,1,174.1890400876793,62.02005871589603,174.1890400876793,62.02005871589603,31.466,31.466,1,1,4.972069400144687e-05,False
17552,True,True Online,broadband,2024-Q2,2024,2,149.94869173967658,104.60281837220674,75.39628941119949,43.44413240688178,86.48815678872977,32.033,569746,357838,24.64219370046387,True
133481,AIS,AIS Fibre,broadband,2024-Q2,2024,2,141.51111896535713,107.58384016925137,73.86171804680666,52.34026882570429,80.93179683245528,36.737,478703,211529,20.704475417103684,True
23969,NT,TOT Public Company Limited,broadband,2024-Q2,2024,2,57.08299808697855,46.24000888903879,19.531154746435426,6.131142266907144,123.47906420978022,78.887,437622,108290,18.92767319399241,True
45758,3BB,Triple T Broadband Public Company Limited,broadband,2024-Q2,2024,2,113.1026120214262,72.05173285031258,40.753917759426095,28.001779346734036,89.5246468386014,36.449,435095,198194,18.818377431527956,True
7470,True,"TRUE INTERNET Co.,Ltd.",broadband,2024-Q2,2024,2,41.74714440168472,25.401158922993044,19.52500507161854,8.15972652046517,41.32549867581556,27.191,99691,9295,4.311754592735962,True
131090,NT,National Telecom Public Company Limited,broadband,2024-Q2,2024,2,76.511331622086,65.19935028186137,37.469598358763974,26.36851112831925,59.35808122906182,52.824,67792,19215,2.9320848155877295,True
45430,AIS,SBN-IIG/AWN-IIG transit provider,broadband,2024-Q2,2024,2,37.43487115066788,14.131082145035922,10.573211120999826,4.523598498249204,101.93731440310431,76.7805,43829,32163,1.8956564990322546,True
136538,AIS,AIS SUPER WiFi,broadband,2024-Q2,2024,2,87.71737923536236,57.462840461084944,40.95683234380533,21.821139522129073,40.57929492222105,34.757,28223,5815,1.2206783949482607,True
9931,NT,National Telecom Public Company Limited,broadband,2024-Q2,2024,2,27.37560696665718,22.673979303965346,7.531406721234008,3.8507422277534924,64.48681035286145,52.585,23624,2880,1.021766162429852,True
56309,,"Siamdata Communication Co.,Ltd.",broadband,2024-Q2,2024,2,42.8665402130212,14.842436619157848,23.51042760896974,3.484279908928324,69.14264188108405,25.283,21895,878,0.9469848512699631,True
132280,,Symphony Communication (Thailand) PCL.,broadband,2024-Q2,2024,2,67.07529613201261,49.45609591497237,42.17366772665264,22.691273698787136,60.541140297839,59.892,8938,1294,0.3865791550879621,True
4621,,UNINET-TH,broadband,2024-Q2,2024,2,70.40951990022154,78.1295677039808,32.797313682717345,30.982786699837142,52.57513783126952,36.161,8644,793,0.37386330460733325,True
4618,,Internet Thailand Company Limited,broadband,2024-Q2,2024,2,53.046246202895446,35.05951856367766,28.91855563554268,13.72161525280446,75.42790168989761,54.963,8111,2120,0.35081041921217954,True
38794,United Information Highway,UIH,broadband,2024-Q2,2024,2,65.2860027090143,48.8516242996148,38.637126937218525,21.68614145746987,45.56164682244382,33.685,6721,723,0.2906912621779138,True
58955,,"Bangmod Enterprise Co., Ltd.",broadband,2024-Q2,2024,2,34.72948059949034,11.20555060984541,18.502815052557718,4.12745252738941,59.48058932206044,27.0,6387,179,0.2762453640128456,True
4750,,CS LOXINFO PUBLIC COMPANY LIMITED,broadband,2024-Q2,2024,2,51.46585699095918,40.61251610054676,32.45235761100077,16.89828514766298,66.16587756925826,65.456,5602,737,0.2422931782057243,True
45458,AIS,SBN-ISP/AWN-ISP and SBN-NIX/AWN-NIX,broadband,2024-Q2,2024,2,64.71987307731023,49.36995820389231,43.31829264237716,26.704515413733855,55.493357115384626,39.4555,5200,447,0.2249061989771093,True
131293,,TOT Public Company Limited,broadband,2024-Q2,2024,2,41.52441428938442,41.63539036981836,25.692823689125067,21.478110128463687,70.51177416918429,63.626000000000005,3973,550,0.1718369862569337,True
55423,,JasTel Network,broadband,2024-Q2,2024,2,76.96676112735557,61.8411767725951,42.239930368125336,23.534860549701495,38.499464673913046,28.0,3685,433,0.15938064292897072,True
23974,,Ministry of education,broadband,2024-Q2,2024,2,66.43902574745101,57.713697087146514,26.945419366891567,27.960406821396006,155.9325953115361,72.512,3245,1214,0.1403501184001384,True
138524,3BB,Triple T Broadband Public Company Limited,broadband,2024-Q2,2024,2,85.2802391017679,62.25626908751261,31.05982251704465,20.63078098647022,66.76383423728812,35.3395,2952,1236,0.1276775191116205,True
(unknown),,,broadband,2024-Q2,2024,2,92.36160406925241,60.92071231220767,33.8916829419678,10.899660735530011,99.87268027801912,36.803,2305,641,0.0996939978158148,True
135419,,"Cableconnect Co.,Ltd",broadband,2024-Q2,2024,2,89.86106362990833,50.288219036848254,51.335344804564116,26.852676757171885,45.45250891265598,31.0015,2244,91,0.09705567509704487,True
56067,,453 Ladplacout Jorakhaebua,broadband,2024-Q2,2024,2,24.16149824346362,7.18177652590809,13.176303075225103,2.0255607776212345,58.32991519055288,30.88,1864,59,0.08062022209487149,True
17479,,Chiang Mai University,broadband,2024-Q2,2024,2,87.03709699010695,84.77955725473632,58.44732821059656,45.701306384978956,73.3360224403927,70.37950000000001,1426,60,0.06167619995026113,True
4762,,"Mahidol University, Thailand",broadband,2024-Q2,2024,2,160.9877589530232,125.37101434423509,136.0625364392248,72.21997667609796,33.90130691642651,28.586,1388,180,0.060032654650043794,True
9546,,Ministry of University Affairs,broadband,2024-Q2,2024,2,15.471996010353674,12.870139416869058,16.07581383661472,9.994175542798486,67.79732602118003,66.422,1322,238,0.057178075970718945,True
9335,NT,National Telecom Public Company Limited,broadband,2024-Q2,2024,2,40.11977486541017,10.328950784231635,29.542667792377372,4.648379215500513,48.51511688311688,28.952,1233,50,0.0533287198728415,True
9411,,"Kasetsart University, Thailand",broadband,2024-Q2,2024,2,120.09120116182686,159.35971283593585,65.08700586779509,78.68752778973709,37.70526453726453,29.311,1222,671,0.052852956759620685,True
134100,,"Express Data Co.,Ltd",broadband,2024-Q2,2024,2,67.24469074185411,46.889125232662245,37.79516597812187,23.915756109834014,48.46675862068965,43.45,1189,63,0.051425667419958264,True
3839,,Chulalongkorn University,broadband,2024-Q2,2024,2,114.89266633867304,100.01355233626607,59.94074196883237,40.375898726714766,48.57935445544555,28.6765,1010,441,0.04368370403209238,True
149766,,Y.U.T Corporate Company Limited,broadband,2024-Q2,2024,2,24.49573939684061,4.8464757359982045,14.74359903344046,1.473426402155278,33.25555873340143,28.059,979,131,0.04234291707665193,True
9464,,Prince of Songkla University (Sritrang'NET),broadband,2024-Q2,2024,2,92.75403978434316,101.60837527057028,48.35086935287944,53.568336219182115,49.60912121212121,42.854,958,385,0.04143464204232129,True
7616,,JasTel Network,broadband,2024-Q2,2024,2,77.83457091859066,69.05566067426217,43.5039604278593,25.634530702291762,38.01381497797357,29.4035,908,131,0.03927208243677217,True
7693,,KSC Commercial Internet Co. Ltd.,broadband,2024-Q2,2024,2,81.14752361872068,66.23978387434647,48.45137592055957,33.707057614670845,41.72469580022701,29.49,881,111,0.03810430024977563,True
135034,,Planet Communications Asia Public Company Limited,broadband,2024-Q2,2024,2,156.95868331237617,60.21344465195473,111.20226783858459,29.67991457139508,35.20964527421238,27.895,857,43,0.03706627163911205,True
9562,,Mahasarakham University,broadband,2024-Q2,2024,2,93.18972290008456,77.5077729533713,64.63919748306577,19.016956576236815,76.66298092643052,70.372,734,42,0.031746375009461196,True
9486,,King Mongkut's Institute of Technology Ladkrabang,broadband,2024-Q2,2024,2,88.55004624648593,95.42088926160507,61.030637938551735,66.99719950460496,86.75856559766764,85.339,686,369,0.029670317788134035,True
37992,,Thammasat University in thailand,broadband,2024-Q2,2024,2,93.98196720744588,87.6129822406072,52.784133147691534,41.71791908716764,40.73466984126985,26.875999999999998,630,133,0.027248251029919013,True
138204,,"Sophon Broadband Networks co.,ltd",broadband,2024-Q2,2024,2,63.03131212991555,46.40833568325896,42.10798709235621,29.582034845632197,55.007765573770484,62.2795,610,52,0.02638322718769936,True
133193,,Provincial Electricity Authority (PEA),broadband,2024-Q2,2024,2,31.957330654496104,21.743659963671274,29.14528299563215,15.463373551277028,74.6611313131313,35.900999999999996,594,18,0.02569120811392364,True
55760,,Mahanakorn University Of Technology,broadband,2024-Q2,2024,2,57.168452383260416,43.0235474518225,65.49834989978498,44.341325128530244,83.61090443686007,29.880499999999998,586,138,0.02534519857703578,True
55403,,PTT Digital Solutions Company Limited,broadband,2024-Q2,2024,2,44.83037424099921,11.93309986896591,27.540233431875826,2.1759697327069984,104.90988020833333,90.813,576,22,0.024912686655925952,True
9649,,Information Technology Office,broadband,2024-Q2,2024,2,37.12403891024949,24.951882293031495,30.65622777436463,3.759902970008521,111.34195126705652,62.152,513,91,0.022187861552934052,True
4274,,Assumption University,broadband,2024-Q2,2024,2,119.56731655050575,126.03862090053453,112.56871893206277,97.60853985067007,43.30220588235294,31.346,510,87,0.022058107976601106,True
9551,,King Mongkut's University of Technology,broadband,2024-Q2,2024,2,145.74115535524908,147.05073033624245,91.93806447210963,81.15223399662814,39.58582142857143,30.936,504,63,0.02179860082393521,True
55545,,Suranaree University of Technology,broadband,2024-Q2,2024,2,84.89631682324291,80.79267807812367,60.06767010066004,42.693208511333204,93.07872055888227,65.765,501,159,0.021668847247602263,True
147027,,Royal Thai Armed Force Headquarters,broadband,2024-Q2,2024,2,110.24995760374236,95.14989004963913,75.44514609488829,48.290788829955375,43.67697154471545,30.7335,492,66,0.02127958651860342,True
37932,,Rajamangala University of Technology Isan,broadband,2024-Q2,2024,2,78.15520422767825,77.02623428981225,51.66074415851807,37.60245973748774,72.70704184100418,70.9385,478,118,0.020674069829049662,True
17887,,"T.C.C. Technology Co., Ltd.",broadband,2024-Q2,2024,2,77.36351500189016,67.05495016963319,47.17930472386867,30.696320821907655,87.16708798283261,83.00399999999999,466,51,0.020155055523717873,True
9533,,King Mongkut's Institute of Technology North Bangkok,broadband,2024-Q2,2024,2,98.95384658554052,108.17477944822299,50.80402979356058,45.28671560831151,46.12167956989247,28.085,465,65,0.02011180433160689,True
136393,,Symphony Communication (Thailand) PCL.,broadband,2024-Q2,2024,2,58.78931664877429,37.02748641594851,27.965981116459155,11.702636679150855,65.93556140350877,63.221500000000006,456,169,0.019722543602608045,True
38082,,"True International Gateway Co., Ltd.",broadband,2024-Q2,2024,2,23.24723210074704,16.93549191496911,4.118269804172074,7.924840207689913,129.0900318181818,63.435,440,82,0.019030524528832325,True
38566,,NTTCTNET,broadband,2024-Q2,2024,2,26.7783959800313,23.286690222476228,14.005649878340837,11.384754881754251,57.78816452442159,43.261,390,50,0.0168679649232832,True
133880,,The Thai Red Cross Society,broadband,2024-Q2,2024,2,78.46202482488572,103.33387755949572,21.069614612985962,34.776770945919296,37.96181769436998,29.107,373,33,0.016132694657396494,True
4767,,Computer Science,broadband,2024-Q2,2024,2,318.34658797150286,153.3482892293467,363.5103410806515,113.3321452046337,43.3757987987988,29.774,333,74,0.014402646972957192,True
134690,,Chulachomklao Royal Military academy member of UniNet,broadband,2024-Q2,2024,2,5.784157520809968,4.8842836766045075,4.557846438751506,4.01938040739095,33.39832247557003,30.604,307,3,0.013278115978071646,True
138685,,Mahidol Wittayanusorn School,broadband,2024-Q2,2024,2,125.49842087448505,48.36038346266487,101.7973790812525,36.27379496638815,36.7537293729373,30.723,303,14,0.013105111209627715,True
9903,,Rajamangala Institute of Technology,broadband,2024-Q2,2024,2,162.51215862206303,224.99962827661,77.6204954246042,92.91875828685593,33.97704545454545,30.6115,286,55,0.012369840943741012,True
133947,,Metropolitan Electricity Authority,broadband,2024-Q2,2024,2,82.06863916330019,114.90093658628628,49.62350345419033,92.34859736882176,44.01384837545126,30.0,277,6,0.01198058021474217,True
4765,,Pacific Internet Pte Ltd,broadband,2024-Q2,2024,2,57.85890800457949,46.43901116842714,21.505472673466535,29.22624251511003,35.37120955882352,31.933500000000002,272,31,0.011764324254187256,True
38888,,"Milcom Co., Ltd. Internet Service Provider Bangkok",broadband,2024-Q2,2024,2,17.940054976010963,12.66833831515557,13.954588136204825,8.455815599056768,57.6000785123967,61.480999999999995,242,12,0.01046678849085778,True
138156,,"CSNE Co., Ltd.",broadband,2024-Q2,2024,2,34.54023934642979,12.110578677686341,27.268532489033863,6.263593580372389,42.45005439330544,24.165,239,27,0.010337034914524831,True
136624,,Sakon Nakhon Rajabhat University,broadband,2024-Q2,2024,2,95.26992455782428,96.62880163848489,87.96304180247759,83.90622157620517,88.67158403361346,75.874,238,12,0.010293783722413848,True
56112,,"Muang Thai Life Assurance Co., Ltd.",broadband,2024-Q2,2024,2,28.628944203398227,12.86179692061124,13.116211238470964,1.9204580451885658,94.40687555555557,89.413,225,3,0.009731518224971076,True
63989,,DE-CORP,broadband,2024-Q2,2024,2,34.14583286501319,7.68676114048505,25.845226267817004,2.830545656128139,78.81233783783783,60.702,222,11,0.009601764648638128,True
137850,,Mae Fah Luang University,broadband,2024-Q2,2024,2,117.88197217934915,133.44208051842713,99.32500018667918,91.32040493777284,72.18116513761468,71.64500000000001,218,20,0.009428759880194197,True
7862,,Chevron Corporation,broadband,2024-Q2,2024,2,43.7268891555562,19.02530288441097,22.457816261771782,3.273287894555552,97.87981308411216,96.506,214,30,0.009255755111750268,True
45847,,"university network ,Nakornsitammarat, Thailand",broadband,2024-Q2,2024,2,71.94518958394063,86.64636566071603,32.34826622148241,43.65408007990371,73.23029145728643,53.81,201,4,0.008693489614307494,True
18256,,Bank of Ayudhya Public Company Limited.,broadband,2024-Q2,2024,2,32.695329572430985,36.447732892717546,16.167093099002468,13.466042205617969,35.313116161616165,28.2575,198,2,0.008563736037974546,True
23884,,Proen Corp Public Company Limited.,broadband,2024-Q2,2024,2,62.100610945829835,96.98678736728895,19.653568869288193,22.550688639783438,64.46332620320857,31.317,187,59,0.008087972924753738,True
55476,,"CP All Public Co., Ltd.",broadband,2024-Q2,2024,2,48.2767883398515,40.63246127657926,34.58193712900052,23.45935297316465,29.92787912087912,28.198999999999998,182,5,0.007871716964198826,True
149800,,Org: Phramongkutklao College of Medicine.,broadband,2024-Q2,2024,2,74.2059947827408,92.29299519238145,49.66750790655375,46.79140012643932,33.3896091954023,30.069000000000003,174,41,0.007525707427310966,True
134509,,1-TO-ALL COMPANY LIMITED,broadband,2024-Q2,2024,2,52.01305933145409,20.93912924116713,34.917189239787554,0.0896056523319089,37.800612716763005,36.704,173,4,0.007482456235199983,True
24328,,Yala Rajabhat University Education,broadband,2024-Q2,2024,2,76.73496894188106,94.88402163574236,42.69607373118279,43.92812603317053,58.13547928994083,45.479,169,21,0.007309451466756053,True
132618,True,Real Future Company Limited,broadband,2024-Q2,2024,2,7.68871239842984,5.400051772278846,5.102331281116465,5.9099097009053105,67.36296449704142,46.409,169,101,0.007309451466756053,True
45575,,Rajamangala University of Technology Srivijaya,broadband,2024-Q2,2024,2,65.8854353152488,81.25186965256137,40.28616935734702,39.090212100179066,63.96509375000001,51.4675,160,13,0.006920190737757209,True
9475,,Walailak University,broadband,2024-Q2,2024,2,168.50028252314195,212.42689913121134,108.70067570006721,115.37116236502214,50.16033333333333,40.449,159,17,0.006876939545646227,True
38589,,Education Network,broadband,2024-Q2,2024,2,245.42365922100484,229.6573598191932,195.6943984093652,201.1901994622398,35.427474358974365,30.712,156,13,0.006747185969313279,True
132482,,Rajamangala University of Technology Rattanakosin,broadband,2024-Q2,2024,2,82.75500043506537,96.0015639231131,20.753543752164177,38.86211391283654,40.094870967741926,33.214,155,21,0.006703934777202296,True
139753,,"Valaya Alongkorn Rajabhat University Under The Royal Patronage,",broadband,2024-Q2,2024,2,80.22505012393474,77.55510511690571,41.84008127589826,21.05816156847906,34.7312987012987,32.335499999999996,154,11,0.006660683585091314,True
141714,,Nakhon Pathom Rajabhat University,broadband,2024-Q2,2024,2,126.12697240859617,197.02467420635276,44.3762500427235,96.00667352992794,62.256713333333344,59.209999999999994,150,23,0.006487678816647384,True
38293,,Ministry of Foreign Affairs,broadband,2024-Q2,2024,2,155.29100452350974,31.572351030260798,157.43493171274864,16.027916808831016,41.078879194630865,30.031,149,17,0.006444427624536401,True
153182,,Sripatum University,broadband,2024-Q2,2024,2,32.590443271296394,35.60903669782898,33.05151276141493,33.408928654285845,40.48090647482014,33.37,139,11,0.006011915703426575,True
134073,,The Revenue Department,broadband,2024-Q2,2024,2,67.1473569848866,73.85003369376545,47.83361855542891,31.766814060700973,45.04398473282443,30.647,131,11,0.005665906166538715,True
138353,,NIST INTERNATIONAL SCHOOL,broadband,2024-Q2,2024,2,157.18129203727,204.5104047529233,180.90710293155485,235.37200892164003,50.21066412213741,59.128,131,1,0.005665906166538715,True
140618,,Silpakorn University,broadband,2024-Q2,2024,2,86.89849781468875,87.45415686714155,49.24266759508025,49.17927842795092,50.76887692307691,32.109,130,31,0.0056226549744277324,True
132117,,Ministry of Interior,broadband,2024-Q2,2024,2,50.69767148382411,41.57434486349841,26.6287921924086,13.241767046939366,143.94351562499997,34.144999999999996,128,4,0.005536152590205768,True
134162,,ADVANCED WIRELESS NETWORK COMPANY LIMITED,broadband,2024-Q2,2024,2,134.68815342920377,147.76049257133164,62.525170172965915,68.89974368629778,224.4122440944882,279.0,127,23,0.005492901398094785,True
137241,,PibulSongkramRajabhat University,broadband,2024-Q2,2024,2,129.00323567682824,137.6799136218005,98.61257506393082,67.56080841915544,71.88399115044248,70.837,113,27,0.0048873847085410295,True
140867,,"International gateway co., Ltd",broadband,2024-Q2,2024,2,29.341494371425927,23.632007769207483,9.762588015809573,10.948618974515322,151.61426363636363,210.15800000000002,110,5,0.004757631132208081,True
4741,,"Samart Infonet Co., Ltd.",broadband,2024-Q2,2024,2,42.1099558048436,54.87922602176453,27.772246657020244,26.85918733294299,69.83092380952381,34.051,105,20,0.0045413751716531685,True
138003,,Royal Police Cadet Academy,broadband,2024-Q2,2024,2,77.32408827724856,119.94585821430081,13.96119169431291,74.54360715558582,61.066933333333346,30.869,105,1,0.0045413751716531685,True
55925,,"469 Nakronsawan.Rd, Chidrada Dusit",broadband,2024-Q2,2024,2,25.096214490366663,27.665249300151032,26.335863355163806,21.811906052692418,31.964885714285714,29.965,105,3,0.0045413751716531685,True
141692,,PTT Global Chemical Public Company Limited,broadband,2024-Q2,2024,2,104.68443253384817,73.28908499628848,61.81782611634723,57.32288620812086,37.80996116504855,32.867,103,6,0.004454872787431204,True
38296,,National Science and Technology Development Agency,broadband,2024-Q2,2024,2,192.98619016685117,244.54091470062457,156.41215285983262,154.85369069209128,38.3042156862745,30.000500000000002,102,15,0.004411621595320221,True
38228,,"Ministry Of Defence, Thailand",broadband,2024-Q2,2024,2,116.41477847122933,115.87478473771725,112.43013509024361,98.206648440991,36.001059999999995,30.936500000000002,100,3,0.004325119211098256,True
17827,,Sukhothai Thammathirat Open University,broadband,2024-Q2,2024,2,126.29230897621005,137.31789127887492,89.7683508150618,86.33483095393689,56.11065656565656,56.158,99,55,0.004281868018987273,False
135012,,Suan Dusit University,broadband,2024-Q2,2024,2,99.2371328141516,80.50472477928167,61.91952942628055,48.42076123406113,82.29539583333333,61.496,96,17,0.004152114442654326,False
23919,,Ramkhamhaeng University,broadband,2024-Q2,2024,2,66.57233533711374,263.92758780604595,21.442207235382355,101.21508291608623,34.93817894736842,28.77,95,16,0.004108863250543343,False
9891,,CS LOXINFO Public Company Limited.,broadband,2024-Q2,2024,2,16.63013786144918,12.465365694498715,7.650663245606387,4.961731353074588,108.14594736842105,77.197,95,17,0.004108863250543343,False
141214,,Geo-Informatics and Space Technology Development Agency,broadband,2024-Q2,2024,2,181.85556164517942,131.08140055775945,137.85126046479868,33.80265689370595,33.938292134831464,31.129,89,3,0.003849356097877448,False
140326,,Symphony Communication Public Company Limited for TC,broadband,2024-Q2,2024,2,7.814234478775926,5.339466880812765,7.344959114325172,7.322893847540204,54.27858426966291,59.815,89,3,0.003849356097877448,False
136737,,Rajamangala University of Technology Krungtep,broadband,2024-Q2,2024,2,74.70385639723708,74.95577412913369,45.87574228122858,31.22143763838465,55.40296590909091,53.19199999999999,88,28,0.003806104905766465,False
135129,,Rajamangala University of Technology Tawan-ok(Bangpra Campus),broadband,2024-Q2,2024,2,128.7600220626181,115.0355007016152,59.65641673002486,22.62226365291074,38.139305882352936,32.373,85,31,0.0036763513294335174,False
23683,,"BoonRawd Brewery Co.,LT",broadband,2024-Q2,2024,2,30.86392586957338,24.372208931221135,25.21381564629361,23.31854182885933,38.708878048780484,30.094,82,5,0.00354659775310057,False
45752,,Provincial waterworks authority,broadband,2024-Q2,2024,2,136.1254531741999,64.67906569189192,126.30497973771824,39.13046148369307,45.046296296296305,34.0,81,6,0.0035033465609895873,False
154088,,MI Squared Company Limited (Branch 00003)/JW Marriott Phuket Resort & Spa,broadband,2024-Q2,2024,2,46.063192904850375,27.720485087385715,43.266195323112065,15.560299467235097,54.20243209876543,45.257,81,2,0.0035033465609895873,False
140725,,Thai Customs Department,broadband,2024-Q2,2024,2,13.29523789177803,7.126445486468052,8.262795323907461,3.0169099363018477,31.917687500000007,26.746499999999997,80,1,0.0034600953688786046,False
45530,,Agoda Company Pte. Ltd.,broadband,2024-Q2,2024,2,57.643274186718656,38.09359778608505,63.207699352450334,41.2333221670869,49.00875,36.301500000000004,80,4,0.0034600953688786046,False
10227,,Institute Rajabhat Suandusit,broadband,2024-Q2,2024,2,61.02431602631593,102.80166140634923,38.40618846097804,71.00078509976447,60.0864875,57.667500000000004,80,10,0.0034600953688786046,False
133919,,"University campus network, Rajamangala University of Technology Phra Nakhon",broadband,2024-Q2,2024,2,131.55626423757425,141.44423141452663,91.7625093665107,91.05398339338643,66.88356962025316,63.191,79,48,0.0034168441767676223,False
135616,,Name: Thaksin University,broadband,2024-Q2,2024,2,73.62058354986492,130.11506121619686,46.12984487701677,89.62478780033952,54.15651898734177,50.619,79,12,0.0034168441767676223,False
137198,,Phranakorn Rajabhat University,broadband,2024-Q2,2024,2,74.06859688767749,105.27663341758834,32.96951008534107,69.61422007583056,36.27710389610389,31.551,78,4,0.0033735929846566396,False
134718,,OSD Internet Company Limited,broadband,2024-Q2,2024,2,56.02257682080994,46.0977983194805,49.560003194881,69.0266778340949,28.139051948051947,26.375,77,2,0.003330341792545657,False
45254,,"Internet Solution & Service Provider Co., Ltd.",broadband,2024-Q2,2024,2,131.4481368548325,47.25024086443455,70.93223102196075,37.2173652721939,34.5771447368421,33.0345,76,4,0.0032870906004346745,False
24393,,The Secretariat of House of the Representive,broadband,2024-Q2,2024,2,62.6441160114347,58.70181415759258,51.75730160412788,35.34368443678711,42.10674999999999,30.1475,76,40,0.0032870906004346745,False
38450,,Ministry of Infomation Communication Technology,broadband,2024-Q2,2024,2,38.08461385388323,19.812159005094774,17.834804225154365,11.474936683647691,65.62573333333333,65.78,75,22,0.003243839408323692,False
132250,,Princess of Naradhiwas University,broadband,2024-Q2,2024,2,95.5922309779513,82.43940177597862,58.70584841112786,30.42654210994366,93.40241095890411,46.479,73,4,0.0031573370241017268,False
714,,Apple Inc.,broadband,2024-Q2,2024,2,96.07083035429243,90.37257861622584,78.07037349556869,76.58118231328038,35.10680821917808,30.801,73,4,0.0031573370241017268,False
139657,,University of the Thai Chamber of Commerce,broadband,2024-Q2,2024,2,32.94144108967877,19.473660480441076,39.273350953307904,24.03728655121401,28.435685714285714,27.357,70,37,0.003027583447768779,False
55451,,Office of the National Broadcasting and,broadband,2024-Q2,2024,2,163.81954359497777,183.80829644648935,89.67514189723155,92.40006230658298,31.196699999999996,29.838,70,20,0.003027583447768779,False
55488,,Nakorn Ratchasima Rajabhat University,broadband,2024-Q2,2024,2,91.65807289535283,60.18563718878997,44.25985470251583,36.081531193864365,66.99519117647057,63.9075,69,35,0.0029843322556577967,False
133042,,Office of the basic education commission,broadband,2024-Q2,2024,2,100.54957112398205,87.8409326032839,31.589549759208722,11.541485410472156,34.6376212121212,29.6305,66,24,0.002854578679324849,False
131246,,"LOEI university network ,LOEI, Thailand",broadband,2024-Q2,2024,2,79.46076464990347,76.80355244670001,64.40311358701751,42.25306846118391,79.26223076923077,78.603,65,2,0.0028113274872138662,False
131257,,"Suratthani ratjabhat university, Thailand",broadband,2024-Q2,2024,2,108.18201404517775,69.153787844538,46.05932065284013,5.4671628079695,63.2507076923077,63.564,65,5,0.0028113274872138662,False
132838,,"United Information Highway Co.,Ltd.",broadband,2024-Q2,2024,2,47.26169879847136,31.247582666234116,13.294239066563424,6.330737118376479,63.856546875,30.546999999999997,64,11,0.002768076295102884,False
132879,,Rajabhat Mahasarakham University,broadband,2024-Q2,2024,2,120.49800560996015,104.59072952280019,85.89343429998328,68.55848423279203,68.95718749999999,68.041,64,5,0.002768076295102884,False
132866,,Rajamangala University of Technology Suvarnabhumi under UniNet Network,broadband,2024-Q2,2024,2,63.722973978021315,40.338229304389905,24.51069210180406,14.157542815063069,34.8025873015873,34.514,63,13,0.002724825102991901,False
4776,,"A-Net Co., Ltd.",broadband,2024-Q2,2024,2,83.06818233563598,49.32151873909529,21.24108880336988,13.317151371937172,64.36093650793651,74.414,63,12,0.002724825102991901,False
136457,,THAIAIRASIA CSL,broadband,2024-Q2,2024,2,49.58303587033865,63.74454455876444,42.159456399885634,43.918719164947795,49.97669354838709,61.747,62,3,0.0026815739108809185,False
32043,,NeoFiber Communications inc.,broadband,2024-Q2,2024,2,21.633533497698668,32.71934459624023,15.862515047877977,17.743885628195034,170.26876666666664,216.75549999999998,60,32,0.0025950715266589534,False
18197,,"TOYOTA MOTOR ASIA PACIFIC Engineering and Manufacturing,",broadband,2024-Q2,2024,2,100.14976704799119,115.28354660226884,57.05211843813531,52.46375056503233,74.52416363636362,42.543,55,13,0.0023788155661040407,False
133761,,Mr. Naphat,broadband,2024-Q2,2024,2,106.22105897779632,99.69390235431626,124.85067523175053,125.96800944242418,30.75562962962963,30.4435,54,1,0.0023355643739930584,False
137545,,KPN AWARD,broadband,2024-Q2,2024,2,113.47129041794561,16.58751845380737,117.1741306639096,16.78039566035473,41.26976470588235,34.417,51,2,0.0022058107976601106,False
133581,,"Thailand Post Co,.Ltd.",broadband,2024-Q2,2024,2,180.83068963321645,248.31583774550455,109.26536183197688,92.70844597276974,33.46443137254902,28.9,51,18,0.0022058107976601106,False
137058,,Aeronautical Radio of Thailand Ltd.,broadband,2024-Q2,2024,2,57.189844951203966,54.7543996487097,54.7531739664936,38.36068438016747,46.238224489795925,29.974,49,3,0.0021193084134381456,False
132493,,"Lampang-Meatha Rd., Thambon Chomphu Ampher Maung Lampang 52100",broadband,2024-Q2,2024,2,46.08620800870239,130.26931361003852,28.05096220000943,76.73711345134917,122.34686363636365,73.9255,44,5,0.0019030524528832326,False
24083,,Siam City Cement Public Company Limited,broadband,2024-Q2,2024,2,25.178469369941844,25.33647534564041,8.15696916503216,8.722989389278803,67.45388636363637,35.128,44,2,0.0019030524528832326,False
147176,,"NZ Network Enterprise Co., Ltd.",broadband,2024-Q2,2024,2,30.555651110024186,26.555171470329302,14.468365047697944,14.323845407327042,95.41715909090908,58.6415,44,20,0.0019030524528832326,False
132013,,True Internet assigned for ICS,broadband,2024-Q2,2024,2,78.79800995177432,97.13514215926682,50.408280088578614,27.191009321459354,35.9667380952381,33.1395,42,3,0.0018165500686612675,False
139329,,Siam Piwat Company Limited,broadband,2024-Q2,2024,2,66.396688224899,41.78701044586852,22.418819981123445,24.967771296428758,32.57590243902439,32.453,41,3,0.001773298876550285,False
136781,,Department of Alternative Energy Development and Efficiency,broadband,2024-Q2,2024,2,39.493368289216406,18.934358267450293,16.67270239873785,9.539214194734171,29.980292682926834,28.316,41,15,0.001773298876550285,False
138670,,Ngern Tid Lor Company Limited,broadband,2024-Q2,2024,2,73.60406879494977,55.19232954874007,35.65959541510907,10.674922933803268,37.238725,29.5065,40,3,0.0017300476844393023,False
55938,,Expressway Authority of Thailand,broadband,2024-Q2,2024,2,134.29583858007683,104.64030821084934,129.5918385981381,77.0371398822879,42.309461538461534,30.205,39,2,0.0016867964923283198,False
45455,,"Two S One N Co Ltd, Internet Service Provider and IT Solutions",broadband,2024-Q2,2024,2,76.20526749369489,110.79546419950353,55.21967205508361,140.45428265497117,32.70351282051282,31.574,39,5,0.0016867964923283198,False
150107,,Surundra Rajabhat University,broadband,2024-Q2,2024,2,47.31104846453209,42.33082305376204,18.46565798810073,13.381745047359395,66.77313157894737,66.952,38,1,0.0016435453002173373,False
4827,,CSLOXINFO,broadband,2024-Q2,2024,2,69.08760106955683,60.871088283287975,26.208493169176926,8.859035845274772,81.08654054054054,77.098,37,1,0.0016002941081063547,False
140699,,Royal Thai Army,broadband,2024-Q2,2024,2,51.248953021614795,46.735860358728985,54.08860403934326,57.788012844687074,35.89521621621622,32.359,37,3,0.0016002941081063547,False
134089,,JasTel Network,broadband,2024-Q2,2024,2,200.26593817206404,353.02690813920503,71.99043139834811,279.751580600352,42.88254054054054,30.67,37,1,0.0016002941081063547,False
141730,,Pacific Technologies and Network Philippines Incorporation,broadband,2024-Q2,2024,2,160.8401726320018,121.73402197521193,101.17464101441587,59.29987363238835,64.56369444444445,27.9565,36,1,0.001557042915995372,False
132201,,Land and Houses Bank Public Company Limited,broadband,2024-Q2,2024,2,78.50378037016237,42.06551615664562,91.3464399284833,31.758409650462333,30.402628571428576,30.0,35,1,0.0015137917238843895,False
151672,,government agency,broadband,2024-Q2,2024,2,78.7920790394074,34.90103793126912,66.83681639203604,15.69194376644379,56.99976470588235,59.6425,34,2,0.001470540531773407,False
7715,,GSB,broadband,2024-Q2,2024,2,36.48742443584636,27.64572181152972,4.980933372831255,3.4141478279160675,52.18412121212121,29.36,33,2,0.0014272893396624245,False
135161,,"GMO-Z com NetDesign Holdings Co., Ltd.",broadband,2024-Q2,2024,2,47.47053721337013,12.122825249381174,43.57274612704497,8.151533152306357,109.38357575757577,99.52,33,7,0.0014272893396624245,False
149503,,Name: Mahamakut Buddhist University network.,broadband,2024-Q2,2024,2,93.17914222936473,109.92295943473331,82.09944105844966,69.36080979207087,35.48384848484848,28.105,33,1,0.0014272893396624245,False
24453,,Chandrakasem Rajabahat University,broadband,2024-Q2,2024,2,143.4451291323297,73.44436426372366,89.33271279179792,77.23587165996146,31.655562500000002,29.5505,32,9,0.001384038147551442,False
63972,,SOCIAL,broadband,2024-Q2,2024,2,38.59744307890696,25.252517383053014,10.47263924003602,7.392485121056472,66.835125,44.968,32,2,0.001384038147551442,False
132300,,"NIPA TECHNOLOGY CO., LTD",broadband,2024-Q2,2024,2,8.79921484913717,12.974825496639516,4.511235840944637,14.189912536779254,44.01632258064516,31.91,31,16,0.0013407869554404592,False
135381,,SiS Distribution (Thailand) Public Company Limited ,broadband,2024-Q2,2024,2,5.924577985064716,4.422334431537002,6.672027905413214,6.0248561157203655,67.29249999999999,54.4095,30,11,0.0012975357633294767,False
150686,,State Railway of Thailand,broadband,2024-Q2,2024,2,149.46172011753407,113.78204801523495,99.88027602832625,92.62093510018346,32.86246666666667,30.7945,30,2,0.0012975357633294767,False
18409,,"Bank of Thailand, Bangkok, Thailand",broadband,2024-Q2,2024,2,49.945214850883346,124.89903006163212,45.61933898127288,25.231359026953378,29.63668965517241,28.01,29,3,0.0012542845712184942,False
133376,,"LAZADA Co.,Ltd.",broadband,2024-Q2,2024,2,32.96802736749795,23.728897419096736,29.31914242386299,11.560647103769739,27.108999999999998,26.848,29,1,0.0012542845712184942,False
141207,,Thai Life Insurance PCL.,broadband,2024-Q2,2024,2,51.4599844423746,33.15404951328724,58.4581940754737,36.37829983870177,48.60457142857143,44.7055,28,1,0.0012110333791075117,False
17565,,"Advance Datanetwork Communications Co.,Ltd. BuddyB service. Bangkok",broadband,2024-Q2,2024,2,94.47049841324558,77.69521798006168,99.5200340998239,68.46766462287444,31.67410714285714,30.936500000000002,28,4,0.0012110333791075117,False
134064,,The Chulabhorn Graduate Institute Campus Network Member of UniNet,broadband,2024-Q2,2024,2,61.81697768168656,75.04805678807242,52.58283663540337,50.65507522019429,35.56677777777778,28.227,27,6,0.0011677821869965292,False
139889,,Department of Fisheries,broadband,2024-Q2,2024,2,59.179695567361144,68.85785595319922,69.42658656729209,86.05895783494418,71.16214814814813,87.581,27,1,0.0011677821869965292,False
63951,,THAICOM Public Company Limited,broadband,2024-Q2,2024,2,6.764815304366352,1.4806006592434422,7.29950865880342,0.36656135547068264,72.46023076923076,62.075,26,12,0.0011245309948855464,False
138616,,"Sanuk Systems (Thailand) Co., Ltd",broadband,2024-Q2,2024,2,71.43706196653254,77.62160912918112,39.30535414491904,24.417427496173563,72.7075,36.103,26,7,0.0011245309948855464,False
140075,,Roi et Rajabhat University,broadband,2024-Q2,2024,2,56.18742160720118,117.56962633567633,22.898402720372438,86.20624828634874,73.25396153846154,72.344,26,1,0.0011245309948855464,False
134240,,Super Broadband Network Company Limited,broadband,2024-Q2,2024,2,67.85885947565285,31.457309169774735,22.1467444206307,13.839198971785397,46.31800000000001,39.496,23,5,0.000994777418552599,False
147312,,Songkhla Rajabhat University Network.,broadband,2024-Q2,2024,2,79.53044879341077,128.35749437504936,28.697606914886507,85.35490555055421,42.45521739130435,42.471,23,9,0.000994777418552599,False
27951,,Media Commerce Partners S.A,broadband,2024-Q2,2024,2,7.006145102288206,37.48639600244847,2.5829712077471148,18.273847574348324,166.27939130434785,228.0,23,7,0.000994777418552599,False
140032,,United Overseas Bank (Thai) Public Company Limited,broadband,2024-Q2,2024,2,350.1242515831061,366.7971967465779,380.6296334421895,438.4407226169592,32.756772727272725,28.9575,22,1,0.0009515262264416163,False
38328,,Ministry of Finance,broadband,2024-Q2,2024,2,96.67443703431204,52.55399720917693,91.0593420588058,51.35906540220387,29.57857142857143,28.564,21,10,0.0009082750343306338,False
133909,,Siam E Business Limited Partnership,broadband,2024-Q2,2024,2,56.18302918821886,34.92872616298185,18.87011237030743,17.072546112664718,30.8827619047619,31.449,21,5,0.0009082750343306338,False
133328,,Bangkok Patana School,broadband,2024-Q2,2024,2,188.66688677359565,181.7812902542752,206.27266771037745,171.87579923352155,49.334476190476195,58.454,21,3,0.0009082750343306338,False
138962,,Bangkok Insurance Public Company Limited,broadband,2024-Q2,2024,2,48.09762176280953,27.620349047617626,9.626804670641045,8.385465214534786,35.44095,27.391,20,3,0.0008650238422196511,False
38265,,Sisaket Rajabhat University,broadband,2024-Q2,2024,2,97.83369705906058,80.11990731420266,72.9125823218189,58.480761337353854,98.4464,70.231,20,4,0.0008650238422196511,False
54994,,Meteverse Limited.,broadband,2024-Q2,2024,2,4.123692777205161,8.140292835396838,2.825300159071538,4.370845391685057,82.41524999999999,70.096,20,7,0.0008650238422196511,False
45796,,UIH / BB Connect,broadband,2024-Q2,2024,2,104.6560047969338,80.15956815084608,80.43321160146078,21.13053839953516,39.55573684210526,34.329,19,3,0.0008217726501086686,False
152734,,Maxnito Company Limited,broadband,2024-Q2,2024,2,113.81860195353717,307.16923968910663,34.340203474999555,222.06135923011465,81.33352631578947,59.0,19,4,0.0008217726501086686,False
131221,,Petchaburi Rajabhat University,broadband,2024-Q2,2024,2,43.546375233987476,53.90801594965891,44.13816918203931,20.541024013944757,34.11142105263158,32.188,19,10,0.0008217726501086686,False
140983,,Dhipaya Insurance Public Co. Ltd.,broadband,2024-Q2,2024,2,101.153753043234,29.58254274304135,74.62140183414796,27.110011172653422,31.82861111111111,29.2165,18,3,0.000778521457997686,False
134695,,Mass Rapid Transit Authority of Thailand,broadband,2024-Q2,2024,2,66.88236149571584,89.04198493456944,29.967356380689473,57.58075518626058,42.43744444444445,30.5,18,3,0.000778521457997686,False
142131,,AEON Thana Sinsap (Thailand) Public Company Limited,broadband,2024-Q2,2024,2,37.223903943257945,9.782200654292522,33.444958644917946,13.373467642694944,30.70583333333333,30.5285,18,2,0.000778521457997686,False
55325,,Eastern Water Resources Development and Management Company,broadband,2024-Q2,2024,2,106.6710386756107,107.11125119618184,92.26214810945554,93.3314140536284,45.834333333333326,29.1065,18,2,0.000778521457997686,False
45800,,"Suan sunandha Rajabhat University, which is one university in Thailand",broadband,2024-Q2,2024,2,9.830972383609758,15.928814756764732,8.036072319527118,14.933468744134485,53.73733333333334,62.2395,18,5,0.000778521457997686,False
151825,,Rangsit University,broadband,2024-Q2,2024,2,66.80466701241944,51.90896236001651,22.84353318814827,23.55947342597691,174.70883333333333,59.908500000000004,18,9,0.000778521457997686,False
23932,,Internet Service Provider,broadband,2024-Q2,2024,2,37.08452301509409,21.707486685298704,30.714956754444863,14.051623340123138,50.78355555555556,55.22,18,9,0.000778521457997686,False
45806,,Siam Commercial Bank,broadband,2024-Q2,2024,2,74.521592113931,64.25660442468337,41.69426179710279,14.846894932009132,38.60872222222221,31.3305,18,4,0.000778521457997686,False
154177,,LIGHT NODE LIMITED,broadband,2024-Q2,2024,2,13.232295566779577,4.447893251751673,14.62245573079855,4.400541497610198,37.3770625,26.3145,16,3,0.000692019073775721,False
45959,,"Thai Reinsurance Public Co., Ltd.",broadband,2024-Q2,2024,2,96.23513323413215,22.00520563828,53.872160624105845,2.3681923263615348,60.598687500000004,61.908500000000004,16,2,0.000692019073775721,False
139724,,Tobacco Authority of Thailand,broadband,2024-Q2,2024,2,24.615556361335855,38.395488159926444,11.771583657986941,51.15237159636263,28.331812499999998,28.979,16,2,0.000692019073775721,False
135528,,Muban Chombueng Rajabhat University,broadband,2024-Q2,2024,2,126.73694763363687,145.01738604930017,75.7999478833042,35.33830400435953,34.1914,31.489,15,5,0.0006487678816647384,False
45255,,"Hi-tech Nittsu (Thailand) Co.,Ltd.",broadband,2024-Q2,2024,2,38.47605021011292,8.553444134208863,29.394962924326265,4.283341332693385,91.83806666666666,86.385,15,1,0.0006487678816647384,False
55498,,"Greenline Synergy Co.,Ltd.",broadband,2024-Q2,2024,2,78.50003870970986,47.81113078328301,64.62058091601091,50.80294267116318,33.322428571428574,33.3365,14,2,0.0006055166895537558,False
138215,,Royal Thai Police,broadband,2024-Q2,2024,2,137.27181312127266,155.82522206627,87.92514832183458,91.5530950342758,55.86528571428571,56.180499999999995,14,3,0.0006055166895537558,False
45229,,"United Nation - Property Management Sub-unit, Thailand",broadband,2024-Q2,2024,2,271.67648682300575,131.49848413435186,331.86617693660185,106.40652802581738,33.097692307692306,30.585,13,1,0.0005622654974427732,False
141715,,"Apex Circuit (Thailand) Co.,Ltd.",broadband,2024-Q2,2024,2,88.0316508411945,113.43221429718575,13.98630451563637,18.067782455386535,35.74969230769231,31.42,13,3,0.0005622654974427732,False
202036,,EXTREME COMMUNICATIONS TECHNOLOGY LIMITED,broadband,2024-Q2,2024,2,12.076647009493591,15.962251567339798,1.613952853586337,0.8044489927588071,238.32376923076924,232.264,13,5,0.0005622654974427732,False
152461,,Department of Lands,broadband,2024-Q2,2024,2,111.05341852677027,135.52310874033836,32.047408891164835,82.34961850258465,74.29283333333333,33.463,12,1,0.0005190143053317907,False
135676,,National Institute for Emergency Medicine,broadband,2024-Q2,2024,2,48.74670032195532,35.63034981267486,53.50857183442287,32.01598802101737,42.51633333333333,31.233,12,4,0.0005190143053317907,False
45197,,"Boonthavorn Co., Ltd.",broadband,2024-Q2,2024,2,2.2101826149005963,0.5142696235549522,2.1065859120649026,0.08210894217423392,41.404999999999994,26.0,12,1,0.0005190143053317907,False
138427,,Thailand Institute of Nuclear Technology (Public Organization),broadband,2024-Q2,2024,2,75.10343251669862,39.704282616025175,28.061641753589623,37.38887599450763,54.78816666666666,62.858000000000004,12,2,0.0005190143053317907,False
45581,,INFONET THAILAND ISP,broadband,2024-Q2,2024,2,3.60180294294586,1.2016606087982218,2.73549096487071,1.254541321517227,32.12490909090909,28.94,11,3,0.00047576311322080814,False
150300,,"The Permanent Secretary, Ministry of Transport of Thailand",broadband,2024-Q2,2024,2,73.46745207993118,83.11706559982869,62.23135892928993,1.7368612969986454,31.485636363636363,31.185,11,3,0.00047576311322080814,False
18408,,CSLOXINFO,broadband,2024-Q2,2024,2,30.929317868289743,17.062351376588754,38.9932613278015,13.297352789360936,60.022090909090906,65.613,11,1,0.00047576311322080814,False
136035,,Department of Tourism,broadband,2024-Q2,2024,2,116.9772013376708,17.472292518431022,89.71496174410657,0.08178817078953331,68.21463636363637,54.266,11,2,0.00047576311322080814,False
45533,,Comptroller General's Department,broadband,2024-Q2,2024,2,88.1854189033745,44.63109968931712,83.6162670398065,9.738732767603395,28.2545,28.0,10,3,0.00043251192110982557,False
151985,,"King Power Corporation Co., Ltd.",broadband,2024-Q2,2024,2,169.18571071207072,182.720499760103,101.44301902846283,98.37810565920111,34.6769,29.311,10,1,0.00043251192110982557,False
56117,,KIATNAKIN,broadband,2024-Q2,2024,2,108.38015026112402,39.6351785570492,77.59047298734883,30.81838633702716,53.94177777777778,59.833,9,1,0.000389260728998843,False
149036,,Waterfront Hotel c/o Symphony Communication Public Company Limited,broadband,2024-Q2,2024,2,100.82444925639834,67.06613854943834,90.8954923942578,86.03403671385335,59.13877777777778,63.322,9,2,0.000389260728998843,False
56118,,OCSC,broadband,2024-Q2,2024,2,86.10353253534211,120.40626379476612,16.841770500115576,91.50114834212356,27.11,27.0,9,1,0.000389260728998843,False
24465,,"Kasikorn Securities PCL,",broadband,2024-Q2,2024,2,36.40155195021841,19.747469791569213,22.42506558540465,7.51182883137527,59.78355555555556,63.0,9,2,0.000389260728998843,False
38820,,CSLOXINFO,broadband,2024-Q2,2024,2,25.033855169229852,16.407287282488056,15.666864950387573,15.30558675485669,34.61811111111111,31.25,9,2,0.000389260728998843,False
141162,,CIMB Thai Bank Public Company Limited,broadband,2024-Q2,2024,2,98.53649859947535,98.90061414159165,29.273357069854548,31.477012785651603,51.787444444444446,42.621,9,3,0.000389260728998843,False
152915,,The Office of the Securities and Exchange Commission (Head Office),broadband,2024-Q2,2024,2,201.90380205301904,48.350097968633044,179.0951280616788,15.281462901352295,47.19611111111111,55.206,9,2,0.000389260728998843,False
9339,,CSLOXINFO,broadband,2024-Q2,2024,2,7.137166169359538,7.258496345089297,6.251801925532315,6.986113359815672,51.45433333333333,60.0,9,3,0.000389260728998843,False
24344,,Chiangmai Rajabhat University,broadband,2024-Q2,2024,2,73.50477238467406,19.394915576056235,75.99724868890038,12.728375798150498,110.51366666666667,66.768,9,3,0.000389260728998843,False
37983,,CSLOXINFO,broadband,2024-Q2,2024,2,199.640941697072,208.7192541269913,204.49233998154503,193.04860754059456,60.63544444444445,63.411,9,1,0.000389260728998843,False
138344,,"MSIG Insurance (Thailand) Co., Ltd., Installation Site MSIG Insurance (Thailand) Co., Ltd., Kwang, Khet , Province Bangkok",broadband,2024-Q2,2024,2,59.67279921495291,20.229850318182702,39.745531286382956,11.60351000467227,118.17722222222223,84.252,9,2,0.000389260728998843,False
147187,,Bualuang Securities,broadband,2024-Q2,2024,2,333.1053552666231,325.3658861157874,363.5811560920888,409.1857595541771,120.228625,25.13,8,1,0.0003460095368878605,False
58690,,"Internet East Co., Ltd.",broadband,2024-Q2,2024,2,57.15689213283667,52.29961739796812,61.05728250016506,55.77081187327934,37.257875,35.1065,8,1,0.0003460095368878605,False
24455,,The Siam Cement Group,broadband,2024-Q2,2024,2,121.50105641045951,66.16152807304377,103.28863000933868,73.43124705198531,120.82887500000001,63.290499999999994,8,2,0.0003460095368878605,False
134095,,National ITMX Company Limited,broadband,2024-Q2,2024,2,60.46374880682179,55.60825827206871,21.54809422489075,0.15737583481093084,29.481875000000002,29.567500000000003,8,5,0.0003460095368878605,False
59374,,Bangmod Enterprise,broadband,2024-Q2,2024,2,91.70050046959075,31.091460718299192,86.49458980247891,13.573005367322125,60.47728571428571,60.042,7,4,0.0003027583447768779,False
138906,,Ministry of Culture,broadband,2024-Q2,2024,2,35.488167276804454,9.949274626045167,35.64634254153629,9.29558672764843,51.41057142857143,58.874,7,1,0.0003027583447768779,False
131447,,POPIDC powered by CSLoxinfo,broadband,2024-Q2,2024,2,85.39200252563457,18.500362938103397,35.08745250962145,22.593953134623888,99.31814285714286,61.718,7,4,0.0003027583447768779,False
140918,,CMKL University,broadband,2024-Q2,2024,2,112.1895464359525,133.84176716819172,116.37094423545295,138.79351279765112,85.94828571428572,82.919,7,1,0.0003027583447768779,False
24190,,The Stock Exchange of Thailand,broadband,2024-Q2,2024,2,104.6742968475753,152.6348976690046,91.24312114903493,184.40072692628337,29.200285714285716,29.104,7,1,0.0003027583447768779,False
58930,,My Telecom Group Company Limited,broadband,2024-Q2,2024,2,21.813577471692636,25.812819390267666,7.975505098540071,11.115734016169768,119.0042,69.863,5,2,0.00021625596055491279,False
55790,,NETONE,broadband,2024-Q2,2024,2,10.470136364731076,0.4137691597899431,3.69841813651598,0.4137691597899431,300.6172,33.742,5,1,0.00021625596055491279,False
38184,,Thaivivat Insurance,broadband,2024-Q2,2024,2,51.3716052457077,42.09839472361118,57.43085665830364,47.48020411930304,42.25920000000001,38.317,5,1,0.00021625596055491279,False
24042,,"Bangkok Airways Co., Ltd.",broadband,2024-Q2,2024,2,54.690957936256964,33.6805506307538,86.62981784941103,7.381387394118386,55.79960000000001,32.722,5,2,0.00021625596055491279,False
133791,,Teledirect Telecommerce,broadband,2024-Q2,2024,2,206.79325894418116,110.27069672324401,244.68269481482352,128.80201939823797,28.776400000000002,28.985,5,1,0.00021625596055491279,False
137566,,Data Zone Company Limited,broadband,2024-Q2,2024,2,39.63797197660921,19.11716794880653,46.45545939298892,6.25687862386123,42.0306,31.177,5,3,0.00021625596055491279,False
35908,,Krypt Technologies,broadband,2024-Q2,2024,2,77.8213034140673,21.553488484849243,78.42810212595244,12.288769847059505,0.9681999999999998,1.0,5,1,0.00021625596055491279,False
141736,,"Wisepaq Business Solutions Provider Co., Ltd.",broadband,2024-Q2,2024,2,45.48054764943352,39.48255043566944,45.01021539473099,30.847304427526034,30.7745,29.844,4,1,0.00017300476844393025,False
45537,,C/o Cs Loxinfo Public Company Limited,broadband,2024-Q2,2024,2,130.69105532693757,8.750859983246494,137.20768433380832,6.264655571202032,35.474,35.664,4,2,0.00017300476844393025,False
9835,,Government Information Technology Services,broadband,2024-Q2,2024,2,46.83528018228649,13.896971420482634,48.345418610258875,14.543687734133655,40.0925,32.1145,4,3,0.00017300476844393025,False
133529,,Land and Houses Bank Public Company Limited,broadband,2024-Q2,2024,2,45.64219540042639,14.689753824420386,47.30783690102157,14.689753824420386,31.15575,30.201,4,1,0.00017300476844393025,False
38231,,"CIMB Securities Co., Ltd.",broadband,2024-Q2,2024,2,97.83732441512747,111.13067014039336,74.40759981762673,99.04638243986334,28.972749999999998,27.918,4,1,0.00017300476844393025,False
139702,,Central Investigation Bureau,broadband,2024-Q2,2024,2,132.21856544449622,125.22288817883533,139.46330316275976,144.68142191997254,138.223,137.885,4,3,0.00017300476844393025,False
7485,,Samart - Advanced Metering Infrastructure(AMI),broadband,2024-Q2,2024,2,70.24022463493495,84.40671846058952,75.97382637126489,89.27041335017377,27.860500000000002,27.0165,4,1,0.00017300476844393025,False
137885,,Capital Nomura Securities PLC,broadband,2024-Q2,2024,2,176.94931644667432,158.5192762325008,148.16822537757196,132.5223852692888,46.0435,46.326,4,2,0.00017300476844393025,False
135063,,POP NIX COMPANY LIMITED,broadband,2024-Q2,2024,2,87.26092197358457,44.11476204947485,98.02134905827901,46.01144810465156,32.97325,30.6115,4,2,0.00017300476844393025,False
135141,,Rajamangala University of Technology Lanna,broadband,2024-Q2,2024,2,13.601685680693066,3.7977846639543813,9.975772666657576,4.818227971033463,115.41149999999999,111.838,4,1,0.00017300476844393025,False
18252,,National Telecom Public Company Limited,broadband,2024-Q2,2024,2,25.544846140591012,9.798349270953363,23.744764938792486,9.798349270953363,57.01775000000001,54.7765,4,3,0.00017300476844393025,False
140660,,Satit Pattana School,broadband,2024-Q2,2024,2,383.53949855426913,185.3686262981934,287.1545853008241,161.45629675569208,51.54933333333333,58.209,3,1,0.00012975357633294768,False
24060,,KTB COMPUTER SERVICES COMPANY LIMITED,broadband,2024-Q2,2024,2,94.24583819415541,85.60195588067056,129.82335214821103,121.78543998470474,37.39033333333333,28.934,3,2,0.00012975357633294768,False
151808,,Hatyai University.,broadband,2024-Q2,2024,2,166.29245597929605,199.4508368160724,179.846992109285,199.4508368160724,43.00866666666667,41.411,3,3,0.00012975357633294768,False
17901,,One to One Contacts Public Company Limited.,broadband,2024-Q2,2024,2,118.7456982622363,46.39471454728929,86.77415351189543,46.39471454728929,31.07133333333333,30.294,3,2,0.00012975357633294768,False
132821,,"Trinity Securities Co., Ltd.",broadband,2024-Q2,2024,2,86.34637943173904,23.06416566871537,46.92808072389308,23.06416566871537,26.78,26.796,3,2,0.00012975357633294768,False
136023,,"PTE Group Co., Ltd",broadband,2024-Q2,2024,2,14.377997888070533,38.282870415019175,1.414393712802378,38.282870415019175,161.21666666666667,163.708,3,2,0.00012975357633294768,False
38886,,"The Government Lottery Office, Thailand",broadband,2024-Q2,2024,2,328.13018786105096,441.85056524298955,328.5386548139802,441.85056524298955,26.549666666666667,26.806,3,2,0.00012975357633294768,False
23892,,United Communication Industry PCL.,broadband,2024-Q2,2024,2,189.18266523440647,83.0475822885043,199.56053819222686,83.0475822885043,32.90833333333333,28.884,3,3,0.00012975357633294768,False
149762,,"Hakuhodo (Bangkok) Co., Ltd.",broadband,2024-Q2,2024,2,134.43426070417578,251.65501967641936,143.56674006169663,212.18652335771802,27.867,27.508,3,2,0.00012975357633294768,False
17823,,"T.H.NIC Co.,Ltd.",broadband,2024-Q2,2024,2,45.19694256568653,2.6536044573949793,38.76162614893566,2.6536044573949793,204.08900000000003,204.445,3,1,0.00012975357633294768,False
132172,,Fiscal Policy Office,broadband,2024-Q2,2024,2,569.5539376187496,655.7407120571579,569.5539376187496,655.7407120571579,27.5655,27.5655,2,1,8.650238422196512e-05,False
137394,,Dhonburi Rajabhat University,broadband,2024-Q2,2024,2,6.382864852966753,13.374546421072642,6.382864852966753,13.374546421072642,29.131,29.131,2,1,8.650238422196512e-05,False
135635,,Tourism authority of Thailand,broadband,2024-Q2,2024,2,27.07863441823168,33.67854185904325,27.07863441823168,33.67854185904325,31.615000000000002,31.615000000000002,2,1,8.650238422196512e-05,False
45248,,"United Information Highway Co.,Ltd",broadband,2024-Q2,2024,2,211.32379780446672,193.88952401623362,211.32379780446672,193.88952401623362,33.010000000000005,33.010000000000005,2,1,8.650238422196512e-05,False
24040,,"DataOne Asia (Thailand) Co.,Ltd.",broadband,2024-Q2,2024,2,15.585167042908694,18.95957982132847,15.585167042908694,18.95957982132847,60.5475,60.5475,2,2,8.650238422196512e-05,False
137919,,BTS,broadband,2024-Q2,2024,2,67.12692174810297,85.9143063107939,67.12692174810297,85.9143063107939,99.655,99.655,2,1,8.650238422196512e-05,False
18356,,Aware Corporation Autonomous System,broadband,2024-Q2,2024,2,11.076517157649619,,11.076517157649619,,86.616,86.616,2,2,8.650238422196512e-05,False
23687,,The Institute for the Promotion of Teaching Science,broadband,2024-Q2,2024,2,213.20850513793948,317.0506826021375,213.20850513793948,317.0506826021375,27.259999999999998,27.259999999999998,2,1,8.650238422196512e-05,False
208185,,Net Gate Telecom S.R.L.,broadband,2024-Q2,2024,2,40.67712186093956,,40.67712186093956,,14.7945,14.7945,2,1,8.650238422196512e-05,False
136906,,NNCK,broadband,2024-Q2,2024,2,21.245049200091884,0.07498893842364163,21.245049200091884,0.07498893842364163,32.5555,32.5555,2,2,8.650238422196512e-05,False
137392,,KTB Securities (Thailand) Company Limited,broadband,2024-Q2,2024,2,98.2041589224504,48.482967477207424,98.2041589224504,48.482967477207424,28.4175,28.4175,2,1,8.650238422196512e-05,False
24540,,THAI AIRWAYS INTERNATIONAL PUBLIC COMPANY,broadband,2024-Q2,2024,2,116.79522739876194,26.692016933776838,116.79522739876194,26.692016933776838,47.368500000000004,47.368500000000004,2,1,8.650238422196512e-05,False
149481,,AXA Technology Services Asia (HK) Limited,broadband,2024-Q2,2024,2,95.09526888697083,84.51479835263703,95.09526888697083,84.51479835263703,248.27499999999998,248.27499999999998,2,1,8.650238422196512e-05,False
140305,,Apex Circuit (Thailand) Company Limited.,broadband,2024-Q2,2024,2,272.4408453642094,,272.4408453642094,,31.701,31.701,1,1,4.325119211098256e-05,False
140662,,AEON Thana Sinsap (Thailand) Public Company Limited,broadband,2024-Q2,2024,2,84.96784619192013,104.5878386459243,84.96784619192013,104.5878386459243,30.777,30.777,1,1,4.325119211098256e-05,False
41095,,IPTP LTD,broadband,2024-Q2,2024,2,141.16281766443132,45.73716136821545,141.16281766443132,45.73716136821545,63.707,63.707,1,1,4.325119211098256e-05,False
4637,,Telstra Global,broadband,2024-Q2,2024,2,55.57562702466107,,55.57562702466107,,35.616,35.616,1,1,4.325119211098256e-05,False
135586,,INTERLINK COMMUNICATION PCL.,broadband,2024-Q2,2024,2,4.29430778709059,4.580045097970591,4.29430778709059,4.580045097970591,56.773,56.773,1,1,4.325119211098256e-05,False
59238,,"Innovative Extremist Co., Ltd.",broadband,2024-Q2,2024,2,231.43111799845659,,231.43111799845659,,30.684,30.684,1,1,4.325119211098256e-05,False
55538,,"CIMB Securities (Thailand) Co.,Ltd.",broadband,2024-Q2,2024,2,91.06207888959771,,91.06207888959771,,28.759,28.759,1,1,4.325119211098256e-05,False
206614,,Taboola.com ltd,broadband,2024-Q2,2024,2,0.498263380504935,0.05047341322677319,0.498263380504935,0.05047341322677319,33.692,33.692,1,1,4.325119211098256e-05,False
200250,,Hoang Phi Hai,broadband,2024-Q2,2024,2,13.012388842531534,,13.012388842531534,,0.229,0.229,1,1,4.325119211098256e-05,False
55634,,"Kasikorn Asset Management Co.,Ltd.",broadband,2024-Q2,2024,2,172.9281191393728,15.156890864663703,172.9281191393728,15.156890864663703,30.0,30.0,1,1,4.325119211098256e-05,False
38718,,CSLOXINFO,broadband,2024-Q2,2024,2,120.09603303349951,92.37996322579664,120.09603303349951,92.37996322579664,63.684,63.684,1,1,4.325119211098256e-05,False
133760,,"Electronics Extreme Co., Ltd",broadband,2024-Q2,2024,2,0.19861393012925,0.08950980814684206,0.19861393012925,0.08950980814684206,134.495,134.495,1,1,4.325119211098256e-05,False
17478,,Bangkok Metropolitan Administration,broadband,2024-Q2,2024,2,498.2908529018658,0.08301610875539835,498.2908529018658,0.08301610875539835,26.409,26.409,1,1,4.325119211098256e-05,False
9304,,HGC Global Communications Limited,broadband,2024-Q2,2024,2,1.6549123265356303,0.14577774257967496,1.6549123265356303,0.14577774257967496,233.588,233.588,1,1,4.325119211098256e-05,False
40051,,"Disney Worldwide Services, Inc.",broadband,2024-Q2,2024,2,59.5360789343116,59.82517451538836,59.5360789343116,59.82517451538836,255.233,255.233,1,1,4.325119211098256e-05,False
139014,,Next Route Company Limited,broadband,2024-Q2,2024,2,32.37281828964288,36.98180091619187,32.37281828964288,36.98180091619187,66.085,66.085,1,1,4.325119211098256e-05,False
142435,,HGC Global Communications (Thailand) Limited,broadband,2024-Q2,2024,2,12.464710697756743,5.087479498335984,12.464710697756743,5.087479498335984,313.716,313.716,1,1,4.325119211098256e-05,False
38040,,TOT Public Company Limited,broadband,2024-Q2,2024,2,218.3979524870074,212.95606297154438,218.3979524870074,212.95606297154438,82.917,82.917,1,1,4.325119211098256e-05,False
17552,True,True Online,broadband,2024-Q3,2024,3,141.51499590466554,101.28786405792185,69.3802052805865,43.63145238549243,78.88808375297195,32.187,488480,296022,23.33834678428847,True
133481,AIS,AIS Fibre,broadband,2024-Q3,2024,3,127.40512947507985,105.09930775159482,65.87814870323658,51.84633292103117,85.49554030871094,46.263,417048,209074,19.92550534247858,True
45758,3BB,Triple T Broadband Public Company Limited,broadband,2024-Q3,2024,3,103.59040025329053,73.22143154373173,39.39961394870752,27.52932712979071,84.604577286405,34.118,415337,117710,19.84375806245091,True
23969,NT,TOT Public Company Limited,broadband,2024-Q3,2024,3,70.01063008839839,56.875035121607425,24.64382196661919,8.485342172635589,94.87318470323669,55.0,345659,99294,16.51471833260393,True
7470,True,"TRUE INTERNET Co.,Ltd.",broadband,2024-Q3,2024,3,40.23049091267481,23.79665735376507,18.74359635649261,6.790843339254394,37.76131433080091,27.328,105834,9636,5.0564825449729485,True
131090,NT,National Telecom Public Company Limited,broadband,2024-Q3,2024,3,79.71410379660018,61.92260391988688,38.35664120257523,23.72563284180827,61.055711038206525,59.63,73191,26130,3.496882041207127,True
56309,,"Siamdata Communication Co.,Ltd.",broadband,2024-Q3,2024,3,39.94489520437041,11.984240245509223,24.06143989628972,3.344405510040607,50.26170541342687,25.06,40776,1179,1.9481748044467462,True
136538,AIS,AIS SUPER WiFi,broadband,2024-Q3,2024,3,81.60321900217953,55.656658963218355,36.41346101518952,19.74945449647388,43.7846916160472,35.085,29146,5997,1.3925226321955284,True
45430,AIS,SBN-IIG/AWN-IIG transit provider,broadband,2024-Q3,2024,3,35.93447327046329,14.563279689456806,10.861224616649114,5.719340136892226,88.49959710562366,78.269,28484,22094,1.360893935890257,True
9931,NT,National Telecom Public Company Limited,broadband,2024-Q3,2024,3,27.245866956803162,22.71638875469661,6.51639861892038,3.893313530728055,61.2035402089077,53.369,25766,2905,1.2310347265885537,True
4621,,UNINET-TH,broadband,2024-Q3,2024,3,80.39583168444834,74.0293214623688,41.17222327610974,30.615643927176727,51.941128848522176,37.835,13001,843,0.6211551067444612,True
132280,,Symphony Communication (Thailand) PCL.,broadband,2024-Q3,2024,3,70.51854683353345,57.01454587832429,42.118316329851396,28.379406684712716,40.191760369609845,29.105,9744,1420,0.46554383202200056,True
4618,,Internet Thailand Company Limited,broadband,2024-Q3,2024,3,53.30068626537531,35.81498577161831,28.455816340553966,12.09591476275672,61.56490818828144,48.6695,8162,2029,0.38995984780003784,True
38794,United Information Highway,UIH,broadband,2024-Q3,2024,3,65.87358305734213,48.895230742074766,39.9260510144167,18.85036403030401,40.398875552578716,32.513,7471,757,0.35694560437565337,True
58955,,"Bangmod Enterprise Co., Ltd.",broadband,2024-Q3,2024,3,38.29363137172912,10.871156209715279,24.016067884566596,3.7640685504696507,50.90046432062561,25.586,6138,178,0.29325821438331684,True
4750,,CS LOXINFO PUBLIC COMPANY LIMITED,broadband,2024-Q3,2024,3,55.513966342636834,41.77893065471649,36.58937877757455,16.784302987397886,65.3998228245924,65.595,5093,597,0.24333074060837942,True
45458,AIS,SBN-ISP/AWN-ISP and SBN-NIX/AWN-NIX,broadband,2024-Q3,2024,3,72.44973824440717,59.50611955585894,45.406128909579394,27.087679799810886,48.583032398261544,38.198499999999996,5063,550,0.24189741600240033,True
55423,,JasTel Network,broadband,2024-Q3,2024,3,58.498427765387625,48.09146338900497,28.532574942050694,18.160909462262033,50.3503865070729,29.993,4597,381,0.21963310712285886,True
131293,,TOT Public Company Limited,broadband,2024-Q3,2024,3,45.83959949512962,44.217665917202844,27.26191615282729,20.073887179001183,65.81705618793897,58.146,4134,540,0.19751213070391527,True
9335,NT,National Telecom Public Company Limited,broadband,2024-Q3,2024,3,41.62812039252732,10.687647748636298,29.89714724145426,2.0663837228860267,39.99689661538461,28.741500000000002,3253,72,0.1554201647749967,True
23974,,Ministry of education,broadband,2024-Q3,2024,3,76.36146598157893,59.280870462634496,31.267889795206823,22.683968037470343,124.67250112721415,67.942,3106,1069,0.14839687420569928,True
9411,,"Kasetsart University, Thailand",broadband,2024-Q3,2024,3,109.61843894732645,112.57102722964639,66.62241579672464,33.9510075714735,45.17415503568597,30.846,2523,1108,0.12054259936283944,True
56067,,453 Ladplacout Jorakhaebua,broadband,2024-Q3,2024,3,28.978244016203615,4.188397189878904,22.11540105340322,1.1140726931095153,53.11460069790627,29.5035,2007,37,0.0958894161399995,True
135419,,"Cableconnect Co.,Ltd",broadband,2024-Q3,2024,3,94.21972770825546,48.48171733254141,51.10855911721442,23.863310106865843,43.13856434651977,30.535,1997,83,0.09541164127133982,True
9464,,Prince of Songkla University (Sritrang'NET),broadband,2024-Q3,2024,3,86.2507911103402,87.87571213809578,50.34910252471628,33.48570450320149,53.952210021321974,44.078500000000005,1877,723,0.08967834284742356,True
3839,,Chulalongkorn University,broadband,2024-Q3,2024,3,135.07778671099496,125.61112642016106,69.91107177909576,49.76544488651719,40.84267218732153,28.0,1751,668,0.08365837950231148,True
9486,,King Mongkut's Institute of Technology Ladkrabang,broadband,2024-Q3,2024,3,85.31787395694816,76.29969275485533,62.69920385441148,43.2297605120298,81.56999136442144,67.896,1737,694,0.08298949468618791,True
9546,,Ministry of University Affairs,broadband,2024-Q3,2024,3,27.138619167788228,21.240997411927424,16.2258144574993,10.121402055801497,69.98188882101405,69.215,1637,263,0.07821174599959102,True
(unknown),,,broadband,2024-Q3,2024,3,65.82481174084954,33.9238823092583,29.537333760633796,11.211843724480097,63.987043450881615,37.555,1588,279,0.07587064914315855,True
9562,,Mahasarakham University,broadband,2024-Q3,2024,3,57.889371803438635,61.10619303301336,20.100625542206593,12.836730120403132,95.49038005050504,75.711,1587,141,0.07582287165629258,True
134100,,"Express Data Co.,Ltd",broadband,2024-Q3,2024,3,57.716412479156,42.15395060710139,28.7309678043235,19.872680415121717,47.15126166456495,43.295500000000004,1586,80,0.07577509416942661,True
9533,,King Mongkut's Institute of Technology North Bangkok,broadband,2024-Q3,2024,3,116.38731137622128,162.49358661226856,43.11776467543709,83.34763165523394,45.840434989788974,31.346,1469,85,0.07018512820610825,True
17479,,Chiang Mai University,broadband,2024-Q3,2024,3,78.92336113412067,80.29279862862516,51.83129783155421,48.39816047908065,77.19774320457798,72.2535,1400,60,0.0668884816123564,True
4762,,"Mahidol University, Thailand",broadband,2024-Q3,2024,3,180.39194593941392,145.2234135406261,93.37395959219297,70.49784151995661,39.42210117647058,28.784,1275,203,0.0609162957541103,True
149766,,Y.U.T Corporate Company Limited,broadband,2024-Q3,2024,3,12.462250555536986,5.7120707086642195,11.87898532426797,2.840581281151722,40.12179061032863,29.0,1065,94,0.050883023512256834,True
37932,,Rajamangala University of Technology Isan,broadband,2024-Q3,2024,3,73.35175993168929,60.54454632335777,37.336996760723295,24.620075644248047,73.97473819301848,70.6605,974,117,0.04653527220745367,True
7616,,JasTel Network,broadband,2024-Q3,2024,3,78.36013542687195,62.40222294648766,45.69677277417927,17.167456545814073,34.849730175077234,28.859,971,138,0.046391939746855765,True
9903,,Rajamangala Institute of Technology,broadband,2024-Q3,2024,3,111.448357724167,110.82453960715218,58.22967920647772,37.833932118146755,38.86402483801296,32.013000000000005,926,71,0.044241952837887163,True
137850,,Mae Fah Luang University,broadband,2024-Q3,2024,3,89.53180964278128,105.90573615902558,66.20938136342674,78.9381307541043,82.82491639522259,74.905,923,24,0.04409862037728926,True
37992,,Thammasat University in thailand,broadband,2024-Q3,2024,3,52.811274179557806,70.9839056838308,27.090617640686638,26.37991556827431,33.802278301886794,26.8955,848,250,0.040515308862341594,True
9551,,King Mongkut's University of Technology,broadband,2024-Q3,2024,3,151.61106128115156,160.19113877260557,103.72446131133208,90.25136997393332,37.68169657615112,31.434,847,43,0.040467531375475624,True
45575,,Rajamangala University of Technology Srivijaya,broadband,2024-Q3,2024,3,54.53021900332732,77.21607221970359,26.14148844656957,33.42868345415177,73.87702929936307,52.31,785,49,0.03750532718978555,True
140618,,Silpakorn University,broadband,2024-Q3,2024,3,74.82363670116769,43.20321225736285,39.3591985291083,2.6886101553833797,58.86668549422336,59.196,779,33,0.03721866226858974,True
138156,,"CSNE Co., Ltd.",broadband,2024-Q3,2024,3,13.25733535074472,6.043202616969189,4.876015523564959,3.2688892537569645,42.289329048843186,24.933,778,47,0.03717088478172377,True
7693,,KSC Commercial Internet Co. Ltd.,broadband,2024-Q3,2024,3,73.66638957582364,61.202490167004896,45.81786017366277,25.002157130726438,37.28050325945241,30.068,767,153,0.036645332426198114,True
135034,,Planet Communications Asia Public Company Limited,broadband,2024-Q3,2024,3,138.80941331501765,69.53656482543029,103.68310316450064,43.46483824806623,36.492660944206015,28.0,699,37,0.03339646331931223,True
55545,,Suranaree University of Technology,broadband,2024-Q3,2024,3,77.15254647979005,77.14057055262418,56.7160189110931,43.05344570954491,116.26012883435581,69.32400000000001,652,193,0.031150921436611696,True
147027,,Royal Thai Armed Force Headquarters,broadband,2024-Q3,2024,3,119.96883761297208,135.52941670656625,67.39275398883805,47.23051107230906,44.80189176090469,30.492,620,57,0.029622041856900694,True
133193,,Provincial Electricity Authority (PEA),broadband,2024-Q3,2024,3,40.06302466905026,25.550844695510197,29.472186371517594,19.875148633412582,77.59310472279262,30.63,487,17,0.023267636103726834,True
137241,,PibulSongkramRajabhat University,broadband,2024-Q3,2024,3,61.34870523184921,78.13726889567684,25.77438589505552,19.645763984997288,75.23334105263157,73.166,475,33,0.022694306261335208,True
151825,,Rangsit University,broadband,2024-Q3,2024,3,186.00906316396032,143.43723384871907,104.57423253448,71.0825528478325,45.06045512820512,28.465,469,47,0.022407641340139395,True
38082,,"True International Gateway Co., Ltd.",broadband,2024-Q3,2024,3,17.86064007353615,15.318151893893754,3.8894784077103757,5.39563542287593,124.54974886877827,73.8415,442,65,0.021117649194758236,True
55403,,PTT Digital Solutions Company Limited,broadband,2024-Q3,2024,3,60.42276521201576,32.31405285026289,40.99085351983901,4.986988071756682,62.7712925170068,55.07,441,18,0.021069871707892266,True
17887,,"T.C.C. Technology Co., Ltd.",broadband,2024-Q3,2024,3,63.243495148374855,54.84161338332126,45.162488634085214,30.531184212473686,65.70735483870966,57.6285,434,63,0.020735429299830486,True
4274,,Assumption University,broadband,2024-Q3,2024,3,121.8791766581338,103.31850616845492,121.74658703835749,62.90877530920792,37.918952606635074,30.515,422,125,0.02016209945743886,True
138685,,Mahidol Wittayanusorn School,broadband,2024-Q3,2024,3,96.25176548330192,50.41846673288931,34.206473193876505,34.1734591503221,39.63419570405728,31.243,419,16,0.020018766996840954,True
9649,,Information Technology Office,broadband,2024-Q3,2024,3,69.27456474899778,40.871764636907464,39.13824856124754,16.21222587406273,89.83598540145987,36.209,411,100,0.0196365471019132,True
136393,,Symphony Communication (Thailand) PCL.,broadband,2024-Q3,2024,3,66.54884301326163,42.95072063214451,33.32692814076974,14.30817682892805,50.72123316062175,43.7235,386,200,0.01844210993026398,True
139657,,University of the Thai Chamber of Commerce,broadband,2024-Q3,2024,3,79.12706005056766,50.37401573316127,40.789098599727325,24.09279910516566,38.82684408602151,28.102,372,129,0.017773225114140416,True
134073,,The Revenue Department,broadband,2024-Q3,2024,3,45.261245424553714,36.144017307435476,40.5593200282899,26.658454267195445,54.995135211267595,32.946,355,16,0.016961007837418947,True
147176,,"NZ Network Enterprise Co., Ltd.",broadband,2024-Q3,2024,3,61.081063699096916,28.146554253313745,33.69916615342271,2.1599413658047855,50.07606534090908,52.161,352,27,0.01681767537682104,True
132482,,Rajamangala University of Technology Rattanakosin,broadband,2024-Q3,2024,3,89.26044248502342,107.50124152239864,67.4097265556482,58.61582544829979,38.472793413173655,33.588,334,34,0.015957680613233598,True
133880,,The Thai Red Cross Society,broadband,2024-Q3,2024,3,100.44440562348491,93.2428561040217,48.12052562833651,41.785804589038854,40.26067469879518,30.7075,332,35,0.01586212563950166,True
132866,,Rajamangala University of Technology Suvarnabhumi under UniNet Network,broadband,2024-Q3,2024,3,96.86282129842509,86.65021909185687,62.720893970582146,12.767056435176439,42.67112383900928,35.832,323,48,0.015432128257707942,True
136737,,Rajamangala University of Technology Krungtep,broadband,2024-Q3,2024,3,119.00521402460392,117.35130503528457,68.56362251474903,59.3738612292072,47.6143468013468,31.312,297,48,0.014189913599192751,True
136624,,Sakon Nakhon Rajabhat University,broadband,2024-Q3,2024,3,62.000168892328446,63.8377015512315,36.51974338120877,31.541061890392765,104.72673469387756,78.0935,294,13,0.014046581138594845,True
45847,,"university network ,Nakornsitammarat, Thailand",broadband,2024-Q3,2024,3,62.53412058370552,63.44586154137044,28.417631224144888,18.958461335701756,55.68412671232877,41.753,292,4,0.013951026164862908,True
153182,,Sripatum University,broadband,2024-Q3,2024,3,18.15494258265956,18.211122317754732,14.961237762690264,17.341047458468417,70.09246126760563,61.221000000000004,284,11,0.013568806269935157,True
7862,,Chevron Corporation,broadband,2024-Q3,2024,3,36.44515190844032,14.159748810310111,17.716130026292383,2.404640924728972,98.99994565217392,87.3595,276,29,0.013186586375007405,True
134690,,Chulachomklao Royal Military academy member of UniNet,broadband,2024-Q3,2024,3,7.432457906329519,5.179883751660912,7.556673513195305,4.697530717732279,32.598531835205996,30.794,267,4,0.012756588993213686,True
133947,,Metropolitan Electricity Authority,broadband,2024-Q3,2024,3,85.26355128728824,84.54748743288319,57.299735765579435,65.1127499557512,47.10851984126984,32.0305,252,12,0.012039926690224153,True
9475,,Walailak University,broadband,2024-Q3,2024,3,144.39003716452208,157.0156878963472,101.37899897764004,90.47535901221843,54.55174596774194,41.545,248,19,0.011848816742760277,True
23884,,Proen Corp Public Company Limited.,broadband,2024-Q3,2024,3,55.43109157126019,87.59334746234546,20.397095936957495,25.809651455933608,47.489255605381175,30.727,223,53,0.010654379571111056,True
139753,,"Valaya Alongkorn Rajabhat University Under The Royal Patronage,",broadband,2024-Q3,2024,3,55.24435564388612,67.4385837066552,2.4289751481768502,0.839161985962036,52.437441441441436,36.024,222,16,0.010606602084245086,True
38566,,NTTCTNET,broadband,2024-Q3,2024,3,34.04539866905635,25.355846348131546,17.04573162768248,13.241294496722858,60.6594479638009,60.363,221,51,0.010558824597379118,True
18197,,"TOYOTA MOTOR ASIA PACIFIC Engineering and Manufacturing,",broadband,2024-Q3,2024,3,79.48528131159044,94.30605412461654,36.73186505325695,39.0145530483437,76.23452336448597,34.791,214,13,0.010224382189317337,True
4767,,Computer Science,broadband,2024-Q3,2024,3,264.57477877196953,215.91624198848268,254.95588566674178,139.67738409240232,40.07640375586854,30.134,213,90,0.010176604702451367,True
132618,True,Real Future Company Limited,broadband,2024-Q3,2024,3,7.766684181247871,4.509271011823142,7.282062096478089,4.770442373059216,54.49968292682925,43.566,206,141,0.009842162294389585,True
135616,,Name: Thaksin University,broadband,2024-Q3,2024,3,25.523527125674217,24.610563351847585,11.27792049883817,11.916363305753297,52.96814000000001,48.789,200,13,0.009555497373193772,True
141714,,Nakhon Pathom Rajabhat University,broadband,2024-Q3,2024,3,141.06526168200526,198.31305797425745,80.30260889671453,152.59485939372232,54.84460406091371,59.115,198,29,0.009459942399461834,True
150107,,Surundra Rajabhat University,broadband,2024-Q3,2024,3,29.56059249647617,36.794585569362276,3.8931589917591802,6.383150476527586,73.77782741116751,69.646,197,4,0.009412164912595866,True
24328,,Yala Rajabhat University Education,broadband,2024-Q3,2024,3,105.4648779944037,139.6850418298005,86.98860530892532,109.16625722031074,55.60122164948453,47.036,194,26,0.00926883245199796,True
137198,,Phranakorn Rajabhat University,broadband,2024-Q3,2024,3,55.28007508424116,87.01462011593765,13.929100172183267,35.37877832578719,43.11039153439154,31.707,189,4,0.009029945017668115,True
138204,,"Sophon Broadband Networks co.,ltd",broadband,2024-Q3,2024,3,87.19404568106258,73.53868957745392,65.18354142882981,40.486633125897335,48.17512903225807,32.08,186,28,0.008886612557070208,True
24453,,Chandrakasem Rajabahat University,broadband,2024-Q3,2024,3,68.37187826700088,28.976739446459845,44.19867426994995,17.681802404853105,39.235653846153845,29.737000000000002,182,21,0.008695502609606333,True
132879,,Rajabhat Mahasarakham University,broadband,2024-Q3,2024,3,82.05948567134202,86.26111711163644,39.4574779248862,40.153376352085786,89.02520670391061,71.878,179,85,0.008552170149008427,True
4765,,Pacific Internet Pte Ltd,broadband,2024-Q3,2024,3,45.51407062940702,42.172982401572085,28.25943090993545,29.59150265686971,58.575307262569844,32.576,179,28,0.008552170149008427,True
133919,,"University campus network, Rajamangala University of Technology Phra Nakhon",broadband,2024-Q3,2024,3,137.59972557123893,156.0119327206287,74.09032932431482,87.41420015917888,52.21428235294117,34.9105,170,111,0.008122172767214707,True
55476,,"CP All Public Co., Ltd.",broadband,2024-Q3,2024,3,41.38504401772766,38.21171310840746,33.12941986984036,28.280078486006456,30.532475609756105,28.523,164,3,0.007835507846018892,True
135129,,Rajamangala University of Technology Tawan-ok(Bangpra Campus),broadband,2024-Q3,2024,3,123.42178490909856,127.49502666017864,84.4567746459282,71.67671813696194,39.10779629629631,32.433,163,75,0.007787730359152924,True
138524,3BB,Triple T Broadband Public Company Limited,broadband,2024-Q3,2024,3,182.11727102024565,92.84142486234721,63.916995009929046,34.775239674280975,106.4589935483871,32.007,155,70,0.007405510464225174,True
38888,,"Milcom Co., Ltd. Internet Service Provider Bangkok",broadband,2024-Q3,2024,3,15.476099348373596,11.41268235348666,12.105884045159215,10.450832226386071,49.349374193548385,29.885,155,11,0.007405510464225174,True
18256,,Bank of Ayudhya Public Company Limited.,broadband,2024-Q3,2024,3,84.99046298687576,80.39204427973776,19.221674890208575,9.357345063951877,39.40481168831168,28.4805,154,3,0.0073577329773592045,True
132514,,"Ubon Ratchathani University,",broadband,2024-Q3,2024,3,48.90521146917915,40.48390568874112,29.315486143794978,14.094367483367812,65.34968243243243,70.94200000000001,148,11,0.0070710680561633914,True
54994,,Meteverse Limited.,broadband,2024-Q3,2024,3,5.385964455168669,7.178301384403406,1.0580560734550608,2.8832328749815956,224.03405517241384,95.376,148,17,0.0070710680561633914,True
141692,,PTT Global Chemical Public Company Limited,broadband,2024-Q3,2024,3,99.08802962490225,67.22958829574115,57.83927949408116,44.226813938495226,35.68429931972789,33.25,147,7,0.007023290569297422,True
132250,,Princess of Naradhiwas University,broadband,2024-Q3,2024,3,72.65469281235241,53.97545143043792,36.83107584334919,22.057363776692505,65.32720567375885,48.073,141,4,0.006736625648101609,True
138003,,Royal Police Cadet Academy,broadband,2024-Q3,2024,3,221.46348751243414,237.96592723749566,93.80532846477774,93.1340717619521,44.054557971014496,30.3465,138,2,0.006593293187503703,True
55760,,Mahanakorn University Of Technology,broadband,2024-Q3,2024,3,37.05768648158545,38.8446121983506,29.23340635994446,33.7573572042737,31.39250000000001,28.4085,136,82,0.006497738213771765,True
131257,,"Suratthani ratjabhat university, Thailand",broadband,2024-Q3,2024,3,117.10918673019884,92.59650090022456,85.11873205279433,42.12143388675271,60.11772440944881,42.366,127,5,0.006067740831978045,True
135012,,Suan Dusit University,broadband,2024-Q3,2024,3,83.83344458937567,102.43013605788542,44.12403735662108,51.08071193211862,61.73963636363636,65.09,122,18,0.005828853397648201,True
132117,,Ministry of Interior,broadband,2024-Q3,2024,3,25.495360041422273,12.330737336086687,18.496813276599276,1.4994785180432757,100.04751666666668,29.128999999999998,120,5,0.005733298423916264,True
149800,,Org: Phramongkutklao College of Medicine.,broadband,2024-Q3,2024,3,126.70044804350621,107.95082951268414,107.18611829408529,90.38099740921761,34.41088695652174,29.151,115,38,0.005494410989586419,True
147312,,Songkhla Rajabhat University Network.,broadband,2024-Q3,2024,3,100.21760790890539,97.81211239623039,66.08715509541389,58.992983011881364,50.009486956521734,43.656,115,12,0.005494410989586419,True
140326,,Symphony Communication Public Company Limited for TC,broadband,2024-Q3,2024,3,11.086025149378347,6.488243189611451,13.198153631564393,5.3654372656395015,42.53275,28.822499999999998,112,3,0.005351078528988512,True
38228,,"Ministry Of Defence, Thailand",broadband,2024-Q3,2024,3,137.03392870659087,87.91418101028249,112.73391146435414,61.83591077375317,32.31695495495496,30.93,111,3,0.005303301042122543,True
714,,Apple Inc.,broadband,2024-Q3,2024,3,139.42060309814445,85.44018816779366,80.58850488601442,66.76246938932854,33.32987962962963,28.764499999999998,108,2,0.005159968581524637,True
24393,,The Secretariat of House of the Representive,broadband,2024-Q3,2024,3,40.20652049991293,46.56754907221027,22.367329366783267,45.24421300161936,44.86412962962962,29.5285,108,32,0.005159968581524637,True
132013,,True Internet assigned for ICS,broadband,2024-Q3,2024,3,62.60741496845164,73.56913160423878,49.1745409356995,1.0297609832009047,40.27274766355141,34.0,107,4,0.005112191094658668,True
134509,,1-TO-ALL COMPANY LIMITED,broadband,2024-Q3,2024,3,89.83701269418154,31.24121914109483,95.38615733906802,1.2004683020172024,44.05742857142857,37.245,105,3,0.00501663612092673,True
138670,,Ngern Tid Lor Company Limited,broadband,2024-Q3,2024,3,54.08014174616884,60.46744353828892,36.2189938429323,34.903323089729156,34.07666019417476,29.34,103,10,0.004921081147194793,True
45752,,Provincial waterworks authority,broadband,2024-Q3,2024,3,83.06829864434137,26.902108256769893,70.8830406213323,18.88869390080266,33.63509803921569,31.488,102,4,0.004873303660328824,True
139702,,Central Investigation Bureau,broadband,2024-Q3,2024,3,186.4419105535405,208.61623955495764,130.02107114986978,115.66869287190238,29.315784313725494,26.6405,102,9,0.004873303660328824,True
154088,,MI Squared Company Limited (Branch 00003)/JW Marriott Phuket Resort & Spa,broadband,2024-Q3,2024,3,56.27426370116199,46.50511220029188,42.763504929266404,37.9230865407969,55.784135416666665,45.189499999999995,96,3,0.0045866387391330105,False
45530,,Agoda Company Pte. Ltd.,broadband,2024-Q3,2024,3,56.72824037578688,37.58832483809627,59.85885230158665,42.61141989244648,43.33038297872341,31.964,94,4,0.004491083765401073,False
4741,,"Samart Infonet Co., Ltd.",broadband,2024-Q3,2024,3,59.89883851469572,67.28642559214612,37.34397149169142,29.469011954101976,45.27052173913044,31.3575,92,13,0.004395528791669135,False
38589,,Education Network,broadband,2024-Q3,2024,3,287.71407954538216,234.25333244256058,287.2046777295896,162.74584945747097,37.7099,30.557000000000002,90,16,0.0042999738179371975,False
132838,,"United Information Highway Co.,Ltd.",broadband,2024-Q3,2024,3,52.31585977983086,35.73779311594641,38.86321703973846,20.229717002735793,35.41327777777778,29.319499999999998,90,12,0.0042999738179371975,False
9891,,CS LOXINFO Public Company Limited.,broadband,2024-Q3,2024,3,11.13229884134614,11.903585781720423,2.8685394443332606,4.6677002712137,164.31065555555557,85.999,90,16,0.0042999738179371975,False
134089,,JasTel Network,broadband,2024-Q3,2024,3,272.03464795202945,345.1058475804047,283.47060977125,241.2464592094032,53.18935632183907,27.509,88,2,0.00420441884420526,False
133581,,"Thailand Post Co,.Ltd.",broadband,2024-Q3,2024,3,122.15735093064428,160.74774807408866,88.6980066960358,93.19521314538423,44.22928735632185,28.552,87,24,0.004156641357339291,False
55451,,Office of the National Broadcasting and,broadband,2024-Q3,2024,3,161.72032681460672,128.44402129649393,93.78006502964382,91.35258507300261,38.732453488372094,29.933,86,25,0.004108863870473322,False
152461,,Department of Lands,broadband,2024-Q3,2024,3,189.81343295890196,90.23252822728558,86.44019043020764,15.852961449909067,50.108414634146335,30.061999999999998,82,1,0.003917753923009446,False
45254,,"Internet Solution & Service Provider Co., Ltd.",broadband,2024-Q3,2024,3,160.24070124801668,105.19613170393237,102.95820671253799,69.42618670591293,33.45440740740741,32.891,81,4,0.003869976436143478,False
17827,,Sukhothai Thammathirat Open University,broadband,2024-Q3,2024,3,118.1122968525064,142.90568767677985,70.72682492534717,82.53116990444138,57.919658227848096,42.308,79,51,0.00377442146241154,False
45800,,"Suan sunandha Rajabhat University, which is one university in Thailand",broadband,2024-Q3,2024,3,9.653420234122919,17.615975446877645,7.871110730052541,16.272779726758678,56.505610389610396,62.147,77,4,0.0036788664886796022,False
133328,,Bangkok Patana School,broadband,2024-Q3,2024,3,186.6144469310751,279.41858925420826,186.15416977629081,294.7965850569392,34.6366052631579,28.85,76,3,0.0036310890018136335,False
55925,,"469 Nakronsawan.Rd, Chidrada Dusit",broadband,2024-Q3,2024,3,20.531992570378083,18.952754440390944,22.261841588708695,5.044808669731087,30.93890410958904,28.724,73,3,0.003487756541215727,False
38450,,Ministry of Infomation Communication Technology,broadband,2024-Q3,2024,3,37.20505885314377,24.24674491320957,27.372312612899456,12.250439182289735,72.2755616438356,69.487,73,32,0.003487756541215727,False
4776,,"A-Net Co., Ltd.",broadband,2024-Q3,2024,3,78.77371845331984,56.50050319530749,46.025633439518515,37.7788489317266,39.305680555555554,28.6715,72,10,0.003439979054349758,False
152734,,Maxnito Company Limited,broadband,2024-Q3,2024,3,33.97036190934054,38.53161587072175,23.436400296019002,7.838973990880003,138.96766666666667,67.273,72,12,0.003439979054349758,False
63951,,THAICOM Public Company Limited,broadband,2024-Q3,2024,3,15.849392059681293,3.8554328435515246,12.253643678899435,1.3799319315230192,52.17191666666666,61.8285,72,18,0.003439979054349758,False
24214,,CSLOXINFO,broadband,2024-Q3,2024,3,117.76524375938212,166.27145978931284,92.21467766741938,102.96678795792484,39.70721126760563,30.25,71,4,0.003392201567483789,False
140699,,Royal Thai Army,broadband,2024-Q3,2024,3,52.05594993115742,48.248720852765686,32.333748824400274,33.9564864032509,80.28014084507042,32.953,71,3,0.003392201567483789,False
132493,,"Lampang-Meatha Rd., Thambon Chomphu Ampher Maung Lampang 52100",broadband,2024-Q3,2024,3,40.79142319746862,65.55217222982618,15.478094697866787,21.41267919548325,158.24023188405795,135.857,69,5,0.0032966465937518514,False
17901,,One to One Contacts Public Company Limited.,broadband,2024-Q3,2024,3,97.20611193599883,67.69579374568032,97.5900207707279,58.03515023127889,34.2357076923077,28.699,65,4,0.003105536646287976,False
38296,,National Science and Technology Development Agency,broadband,2024-Q3,2024,3,231.57859999780328,239.34466969806994,139.99417615374955,92.27595955315147,34.17072307692308,30.402,65,15,0.003105536646287976,False
139889,,Department of Fisheries,broadband,2024-Q3,2024,3,129.8960866141914,84.44688031201521,89.58714862991602,87.82582862701695,56.49604687500001,54.876,64,1,0.003057759159422007,False
56112,,"Muang Thai Life Assurance Co., Ltd.",broadband,2024-Q3,2024,3,43.15798187267382,32.845629843768656,23.022978897816458,13.12253560843742,75.20570967741934,75.28,62,2,0.002962204185690069,False
38293,,Ministry of Foreign Affairs,broadband,2024-Q3,2024,3,131.0224682871364,76.67023419079007,90.82866847972858,26.375565347077686,31.58736666666667,29.064,60,13,0.002866649211958132,False
45255,,"Hi-tech Nittsu (Thailand) Co.,Ltd.",broadband,2024-Q3,2024,3,24.418526674253275,12.052615909102226,22.666390975194986,5.055961848464074,75.35542105263158,71.077,57,1,0.002723316751360225,False
139329,,Siam Piwat Company Limited,broadband,2024-Q3,2024,3,80.64911862193289,55.5686974985085,28.730325977952035,22.596440041412944,38.9535,33.727,54,4,0.0025799842907623183,False
24083,,Siam City Cement Public Company Limited,broadband,2024-Q3,2024,3,31.165965690155787,14.890205916832269,26.24456463811925,3.79306960722481,68.75147169811319,66.657,53,2,0.0025322068038963496,False
55488,,Nakorn Ratchasima Rajabhat University,broadband,2024-Q3,2024,3,113.94451846859582,127.04022855697573,77.88006791428572,89.28335430292653,66.70064705882352,64.918,51,34,0.002436651830164412,False
137058,,Aeronautical Radio of Thailand Ltd.,broadband,2024-Q3,2024,3,49.67011409364186,49.91278251334156,37.57612257540505,44.160300923726886,57.5462,31.284,50,9,0.002388874343298443,False
38265,,Sisaket Rajabhat University,broadband,2024-Q3,2024,3,121.2354960125745,109.37695105087637,102.6233489182379,86.02745574740712,71.78224489795919,70.705,49,5,0.002341096856432474,False
135161,,"GMO-Z com NetDesign Holdings Co., Ltd.",broadband,2024-Q3,2024,3,43.263230801386634,18.0312149440238,32.60584809726143,9.32731650264567,145.85395652173912,161.2295,46,12,0.0021977643958345674,False
134162,,ADVANCED WIRELESS NETWORK COMPANY LIMITED,broadband,2024-Q3,2024,3,230.5471530021329,314.83732499513326,115.40843058320246,276.9482434031352,111.86399999999998,75.5,46,18,0.0021977643958345674,False
131221,,Petchaburi Rajabhat University,broadband,2024-Q3,2024,3,48.59242771177163,60.748000500357975,39.215064892888115,53.01294903943191,35.8099347826087,32.8865,46,15,0.0021977643958345674,False
32043,,NeoFiber Communications inc.,broadband,2024-Q3,2024,3,54.51117159608822,37.44568533234508,13.304599704351052,8.366455435081935,62.378086956521734,67.26,46,24,0.0021977643958345674,False
136457,,THAIAIRASIA CSL,broadband,2024-Q3,2024,3,59.60533553730405,59.56209134804935,68.76590485000239,42.63007588103468,47.72548888888889,40.0,45,3,0.0021499869089685987,False
140075,,Roi et Rajabhat University,broadband,2024-Q3,2024,3,136.13886376202478,179.77809429732,158.3081296048273,184.61673511725866,71.42675,71.0955,44,1,0.00210220942210263,False
150300,,"The Permanent Secretary, Ministry of Transport of Thailand",broadband,2024-Q3,2024,3,51.22809633311912,29.817771762983615,14.578934843784861,4.157583283277388,62.64200000000002,34.711,42,6,0.002006654448370692,False
10227,,Institute Rajabhat Suandusit,broadband,2024-Q3,2024,3,134.24822670258837,126.74285704748979,121.73072175860833,94.55913570542081,45.96223809523809,31.686500000000002,42,11,0.002006654448370692,False
45455,,"Two S One N Co Ltd, Internet Service Provider and IT Solutions",broadband,2024-Q3,2024,3,90.49161888807858,88.19938404197684,90.15972521655158,110.80643801617934,33.46465853658536,31.706,41,4,0.001958876961504723,False
136781,,Department of Alternative Energy Development and Efficiency,broadband,2024-Q3,2024,3,31.170685383673668,23.91586257730199,19.884884102603703,6.019249665148056,29.25145,28.810000000000002,40,14,0.0019110994746387544,False
133042,,Office of the basic education commission,broadband,2024-Q3,2024,3,109.64743205564032,71.00227227190793,75.54502290274911,74.25744669234444,30.7024,29.4975,40,26,0.0019110994746387544,False
131246,,"LOEI university network ,LOEI, Thailand",broadband,2024-Q3,2024,3,65.06398503603494,43.23517105844415,51.13630188664151,9.993390384860893,83.58579487179487,83.509,39,5,0.0018633219877727855,False
138353,,NIST INTERNATIONAL SCHOOL,broadband,2024-Q3,2024,3,127.9447858616936,99.64480127371533,108.90622902823674,62.7317024606193,34.176307692307695,28.902,39,1,0.0018633219877727855,False
4827,,CSLOXINFO,broadband,2024-Q3,2024,3,88.90181646229898,8.65014638033814,42.35104244145046,7.206603564164765,58.659815789473704,66.905,38,1,0.0018155445009068168,False
137394,,Dhonburi Rajabhat University,broadband,2024-Q3,2024,3,36.597335365860616,35.54878282171571,11.221416525160274,12.151208992584145,37.28245945945946,30.814,37,2,0.0017677670140408479,False
7715,,GSB,broadband,2024-Q3,2024,3,21.70446174078092,31.880608048983927,5.322587878404774,5.489669613519024,41.304135135135134,30.0,37,2,0.0017677670140408479,False
141715,,"Apex Circuit (Thailand) Co.,Ltd.",broadband,2024-Q3,2024,3,42.935288650950525,11.13594506188242,13.372716599420555,9.739147130311236,31.3835,31.0745,36,5,0.001719989527174879,False
135528,,Muban Chombueng Rajabhat University,broadband,2024-Q3,2024,3,175.8998749059743,185.7413273560258,103.97653402391762,121.00806741914582,32.760555555555555,32.199,36,6,0.001719989527174879,False
139724,,Tobacco Authority of Thailand,broadband,2024-Q3,2024,3,21.528645793268076,33.33605498973459,15.355179873407579,26.621690908785023,35.34206060606061,27.986,33,2,0.0015766570665769724,False
140725,,Thai Customs Department,broadband,2024-Q3,2024,3,42.428698900805244,26.55257786301714,31.312591785499077,25.660726608841077,27.646636363636365,26.328,33,1,0.0015766570665769724,False
38328,,Ministry of Finance,broadband,2024-Q3,2024,3,97.43002528161588,53.589532339211885,103.32601756318815,51.83646107319108,30.7446875,29.1035,32,6,0.0015288795797110035,False
135381,,SiS Distribution (Thailand) Public Company Limited ,broadband,2024-Q3,2024,3,6.097579878254288,5.471805779259676,6.923755653848188,6.135851696400331,42.98234375,33.5565,32,15,0.0015288795797110035,False
55498,,"Greenline Synergy Co.,Ltd.",broadband,2024-Q3,2024,3,83.77263468540032,99.38722275722736,90.75681056797929,124.41334981132276,34.02686206896553,34.233,29,3,0.001385547119113097,False
23683,,"BoonRawd Brewery Co.,LT",broadband,2024-Q3,2024,3,44.27463871291804,40.91546182566468,16.846578408303333,23.011694205628963,36.468689655172405,30.0,29,2,0.001385547119113097,False
141214,,Geo-Informatics and Space Technology Development Agency,broadband,2024-Q3,2024,3,298.5093082029799,287.8531128991915,253.67119711905715,296.9873356076473,31.569259259259255,31.389,27,2,0.0012899921453811592,False
141730,,Pacific Technologies and Network Philippines Incorporation,broadband,2024-Q3,2024,3,99.93922202395568,164.4847973773949,28.398149522527017,40.49874416971654,56.829333333333345,29.058,27,1,0.0012899921453811592,False
55932,,The Thai Bond Market Association,broadband,2024-Q3,2024,3,14.421999034736569,10.576803745483101,8.177628359690358,7.247469588411182,27.577846153846153,27.286,26,2,0.0012422146585151905,False
138616,,"Sanuk Systems (Thailand) Co., Ltd",broadband,2024-Q3,2024,3,101.29869075494774,96.22333849604915,62.14487166282344,46.437963846555604,36.05619230769231,35.810500000000005,26,12,0.0012422146585151905,False
149503,,Name: Mahamakut Buddhist University network.,broadband,2024-Q3,2024,3,111.81320267858332,79.5090166221251,87.20096715287085,67.03939051791198,34.146319999999996,29.0,25,1,0.0011944371716492215,False
18252,,National Telecom Public Company Limited,broadband,2024-Q3,2024,3,68.00549354491565,111.64450174456705,22.165712660304656,12.727756633156815,56.998791666666655,40.4315,24,6,0.0011466596847832526,False
140867,,"International gateway co., Ltd",broadband,2024-Q3,2024,3,30.346817579021536,35.58723793286053,31.825071160292236,36.893806197332616,124.12045833333336,72.40950000000001,24,15,0.0011466596847832526,False
140032,,United Overseas Bank (Thai) Public Company Limited,broadband,2024-Q3,2024,3,293.35150545127937,353.7710982175245,308.4463620472628,398.083480082041,44.129083333333334,30.372999999999998,24,1,0.0011466596847832526,False
138215,,Royal Thai Police,broadband,2024-Q3,2024,3,98.55149441737547,72.44247117904987,83.37305603406429,26.582630598972877,32.10973913043478,26.904,23,2,0.0010988821979172837,False
150686,,State Railway of Thailand,broadband,2024-Q3,2024,3,140.2509191917952,132.60053229657967,155.43649312765723,112.87153492041826,29.300772727272726,29.0965,22,2,0.001051104711051315,False
56117,,KIATNAKIN,broadband,2024-Q3,2024,3,75.39463097179899,35.178463270463574,69.5815339959222,17.421099832714177,56.385380952380956,61.72,21,1,0.001003327224185346,False
133909,,Siam E Business Limited Partnership,broadband,2024-Q3,2024,3,80.82307075706387,57.61658122180381,60.34928210590536,48.26890424876601,34.248428571428576,32.67,21,4,0.001003327224185346,False
45806,,Siam Commercial Bank,broadband,2024-Q3,2024,3,86.68400519635648,129.68602407554056,93.06539798309078,99.88425929259256,31.6197,29.687,20,3,0.0009555497373193772,False
45959,,"Thai Reinsurance Public Co., Ltd.",broadband,2024-Q3,2024,3,99.56186104266635,31.017161272109075,73.37583446729029,2.998712892985832,44.65719999999999,35.242999999999995,20,2,0.0009555497373193772,False
132201,,Land and Houses Bank Public Company Limited,broadband,2024-Q3,2024,3,156.12624854714468,42.12624671459597,161.32766795980476,37.2830290867342,29.162149999999997,29.0,20,1,0.0009555497373193772,False
23932,,Internet Service Provider,broadband,2024-Q3,2024,3,26.00131026638313,6.626372449378712,22.79850009754393,4.717792732903963,41.34363157894737,36.097,19,9,0.0009077722504534084,False
38820,,CSLOXINFO,broadband,2024-Q3,2024,3,34.84601447872135,20.355793261770117,13.906778351266421,11.098458878473991,34.17977777777778,32.7285,18,2,0.0008599947635874395,False
142131,,AEON Thana Sinsap (Thailand) Public Company Limited,broadband,2024-Q3,2024,3,55.05705437628009,32.90220076315904,44.5173280095474,16.921161800830888,33.545500000000004,31.6505,18,1,0.0008599947635874395,False
55325,,Eastern Water Resources Development and Management Company,broadband,2024-Q3,2024,3,108.82907718743299,108.24123101022757,129.137736581109,112.90823328284726,33.00327777777778,30.198,18,2,0.0008599947635874395,False
55938,,Expressway Authority of Thailand,broadband,2024-Q3,2024,3,177.56518147516644,278.5869487112224,138.65671605481438,307.57778690624116,30.639722222222222,27.9115,18,2,0.0008599947635874395,False
24042,,"Bangkok Airways Co., Ltd.",broadband,2024-Q3,2024,3,102.49640515579723,52.94257396243862,67.75425771826737,24.167562998924403,51.44247058823529,33.178,17,2,0.0008122172767214707,False
135141,,Rajamangala University of Technology Lanna,broadband,2024-Q3,2024,3,49.94702155817694,30.68400655771753,11.180180105077806,2.5458354690440768,105.81724999999999,101.0675,16,3,0.0007644397898555018,False
140983,,Dhipaya Insurance Public Co. Ltd.,broadband,2024-Q3,2024,3,124.75660456093638,21.027038069513114,91.05967111193786,19.522770356641537,35.154374999999995,29.0,16,2,0.0007644397898555018,False
202036,,EXTREME COMMUNICATIONS TECHNOLOGY LIMITED,broadband,2024-Q3,2024,3,47.82490345168132,22.52244867337819,31.344525647456802,2.7754881644201843,136.719125,147.601,16,5,0.0007644397898555018,False
137977,,ONE TO ONE CONTACTS PUBLIC COMPANY LIMITED ,broadband,2024-Q3,2024,3,40.02613633913281,16.97000042240541,45.96425231066303,8.045227056765292,47.32093749999999,57.7635,16,1,0.0007644397898555018,False
151808,,Hatyai University.,broadband,2024-Q3,2024,3,136.62287780183107,67.27466086014478,151.55965180958208,40.19189376725821,41.75813333333334,40.591,15,5,0.000716662302989533,False
133376,,"LAZADA Co.,Ltd.",broadband,2024-Q3,2024,3,76.98968396956234,89.79824554952913,62.31393120806469,23.100770764930488,26.179399999999998,26.0,15,1,0.000716662302989533,False
134695,,Mass Rapid Transit Authority of Thailand,broadband,2024-Q3,2024,3,136.88983320255622,69.96988878377039,73.706078300256,69.75316586898485,39.366214285714285,33.192499999999995,14,2,0.000668884816123564,False
154177,,LIGHT NODE LIMITED,broadband,2024-Q3,2024,3,20.699568393085674,8.54132004454054,17.398421259506055,3.9906722428621837,55.562999999999995,61.708,14,9,0.000668884816123564,False
134064,,The Chulabhorn Graduate Institute Campus Network Member of UniNet,broadband,2024-Q3,2024,3,86.55002802173927,64.10078279803004,18.988059889580718,23.822788258939823,30.500714285714285,27.6755,14,6,0.000668884816123564,False
149762,,"Hakuhodo (Bangkok) Co., Ltd.",broadband,2024-Q3,2024,3,167.4960774461204,210.4508930997129,135.94830985964788,176.32401491578747,30.11938461538461,27.89,13,5,0.0006211073292575952,False
45796,,UIH / BB Connect,broadband,2024-Q3,2024,3,45.810931790451384,27.46915958525734,45.56809452644031,16.615751736518035,38.24923076923077,35.807,13,3,0.0006211073292575952,False
17565,,"Advance Datanetwork Communications Co.,Ltd. BuddyB service. Bangkok",broadband,2024-Q3,2024,3,13.944080219735248,6.475705448968785,9.784076557532355,7.282413142493949,40.4713076923077,31.849,13,1,0.0006211073292575952,False
45248,,"United Information Highway Co.,Ltd",broadband,2024-Q3,2024,3,91.26738133279419,62.20550030176261,74.06857680462994,37.57519144248086,27.549000000000003,26.6205,12,3,0.0005733298423916263,False
136906,,NNCK,broadband,2024-Q3,2024,3,23.34433727317764,2.8830306706213276,12.217040825246755,3.1125255602297868,56.17750000000001,51.558499999999995,12,7,0.0005733298423916263,False
131447,,POPIDC powered by CSLoxinfo,broadband,2024-Q3,2024,3,26.998041188348285,11.02507151057716,7.8141574689657745,10.537069949421374,87.9130833333333,66.652,12,2,0.0005733298423916263,False
63972,,SOCIAL,broadband,2024-Q3,2024,3,14.11726106609573,4.93143357843024,10.413847837410088,1.2688690823442266,41.297083333333326,31.67,12,1,0.0005733298423916263,False
45533,,Comptroller General's Department,broadband,2024-Q3,2024,3,66.26072952315344,75.11372834616513,58.763700059441646,2.439334080869494,27.204833333333337,26.861,12,1,0.0005733298423916263,False
59374,,Bangmod Enterprise,broadband,2024-Q3,2024,3,42.214873829045885,32.067048884389195,37.801035591001074,9.94930540374271,130.36118181818182,78.804,11,2,0.0005255523555256575,False
18409,,"Bank of Thailand, Bangkok, Thailand",broadband,2024-Q3,2024,3,123.06744729421028,130.71853485350078,84.80511745909389,54.836488421344,29.862272727272735,30.0,11,2,0.0005255523555256575,False
138427,,Thailand Institute of Nuclear Technology (Public Organization),broadband,2024-Q3,2024,3,140.66512528093074,208.31335469749575,133.04610523337,272.6303743071446,37.51318181818182,31.273,11,2,0.0005255523555256575,False
151985,,"King Power Corporation Co., Ltd.",broadband,2024-Q3,2024,3,214.05650645969203,221.50863629577515,92.86315379671925,164.42026638720293,29.275799999999997,29.624499999999998,10,1,0.0004777748686596886,False
152915,,The Office of the Securities and Exchange Commission (Head Office),broadband,2024-Q3,2024,3,120.47450663860192,9.038595527122874,97.44451010890782,6.495010622738681,33.5731,30.742,10,2,0.0004777748686596886,False
45537,,C/o Cs Loxinfo Public Company Limited,broadband,2024-Q3,2024,3,85.63343392933679,30.157946850395113,47.580598861573705,9.394438350707322,47.6014,31.2235,10,3,0.0004777748686596886,False
56118,,OCSC,broadband,2024-Q3,2024,3,61.06023921481805,13.00289584271851,25.957106961809124,12.253457468352618,58.98977777777778,27.0,9,1,0.00042999738179371974,False
138962,,Bangkok Insurance Public Company Limited,broadband,2024-Q3,2024,3,81.51108312583064,47.997010926579634,31.914994631850224,12.311616640688477,32.26777777777777,28.828,9,2,0.00042999738179371974,False
134240,,Super Broadband Network Company Limited,broadband,2024-Q3,2024,3,137.28627768809858,41.93062083090361,130.63773363230268,39.95585235718838,45.717555555555556,35.299,9,5,0.00042999738179371974,False
45229,,"United Nation - Property Management Sub-unit, Thailand",broadband,2024-Q3,2024,3,195.8618034312118,96.51634426301678,285.08201065815837,93.1568118745505,33.87033333333333,32.476,9,4,0.00042999738179371974,False
58690,,"Internet East Co., Ltd.",broadband,2024-Q3,2024,3,57.778303254367124,15.553433195227415,62.91521484994297,17.938446725977464,53.74677777777779,59.145,9,2,0.00042999738179371974,False
9835,,Government Information Technology Services,broadband,2024-Q3,2024,3,73.19659091104027,42.02612160996207,18.79934347205219,0.16442792723651034,55.586,60.301,9,4,0.00042999738179371974,False
132300,,"NIPA TECHNOLOGY CO., LTD",broadband,2024-Q3,2024,3,31.86525967319928,13.450731179607095,5.5274324196828175,11.091073895200426,37.12844444444444,30.522,9,6,0.00042999738179371974,False
45581,,INFONET THAILAND ISP,broadband,2024-Q3,2024,3,1.370956570515026,0.281497003181713,1.1282709961011657,0.17893424972242752,89.37133333333333,28.612,9,3,0.00042999738179371974,False
133761,,Mr. Naphat,broadband,2024-Q3,2024,3,67.78465896136474,45.46290987478647,66.80953985917925,42.04881011958362,30.30322222222222,30.187,9,2,0.00042999738179371974,False
141207,,Thai Life Insurance PCL.,broadband,2024-Q3,2024,3,63.53369880319724,65.65977178952643,61.79797901818883,33.93812101520007,44.541111111111114,47.896,9,1,0.00042999738179371974,False
41095,,IPTP LTD,broadband,2024-Q3,2024,3,25.034170266082235,17.44867319250832,7.8685807172280375,6.753027308265025,68.52775000000001,66.997,8,1,0.0003822198949277509,False
9339,,CSLOXINFO,broadband,2024-Q3,2024,3,24.937170174765157,58.64242239890944,27.08290223916757,62.909836305730764,41.9575,32.2485,8,4,0.0003822198949277509,False
137566,,Data Zone Company Limited,broadband,2024-Q3,2024,3,125.56024137739143,181.18666641286356,49.41524410873906,197.0261199573223,42.384874999999994,31.2735,8,2,0.0003822198949277509,False
141162,,CIMB Thai Bank Public Company Limited,broadband,2024-Q3,2024,3,170.9433714984167,196.57170752499897,116.20039583524829,37.302913764410405,36.921625,32.907,8,6,0.0003822198949277509,False
136035,,Department of Tourism,broadband,2024-Q3,2024,3,137.95199003113137,8.700347835205715,127.25438673446294,0.08182488626389688,36.143875,31.156999999999996,8,1,0.0003822198949277509,False
18408,,CSLOXINFO,broadband,2024-Q3,2024,3,30.290567418031795,,33.7097969245914,,59.422375,66.0395,8,1,0.0003822198949277509,False
140918,,CMKL University,broadband,2024-Q3,2024,3,158.40635177466496,208.80318989204935,179.77714122463127,220.12353860090332,68.79024999999999,58.453,8,2,0.0003822198949277509,False
132172,,Fiscal Policy Office,broadband,2024-Q3,2024,3,194.9886533760644,238.13423123145537,212.77050779891562,211.20246222941242,34.674,32.0415,8,1,0.0003822198949277509,False
45197,,"Boonthavorn Co., Ltd.",broadband,2024-Q3,2024,3,2.1242921102881454,2.0201118030835357,2.06583493320817,2.0319997495659017,26.234624999999998,26.134999999999998,8,1,0.0003822198949277509,False
63989,,DE-CORP,broadband,2024-Q3,2024,3,28.896880247976032,27.213617335198002,35.049171726303314,23.71539428515206,311.89500000000004,347.071,7,5,0.000334442408061782,False
137919,,BTS,broadband,2024-Q3,2024,3,94.06930766406175,128.49168348837554,68.41424019653253,92.88003564798574,32.636,27.926,7,1,0.000334442408061782,False
55514,,Electricity Generating Authority of Thailand (EGAT),broadband,2024-Q3,2024,3,83.82250680101492,86.17679988715834,32.78664963059741,53.11744691174469,27.516571428571428,26.101,7,6,0.000334442408061782,False
27951,,Media Commerce Partners S.A,broadband,2024-Q3,2024,3,16.900476233141784,7.26243284102511,10.760297073466495,6.988194857352109,76.561,70.135,7,2,0.000334442408061782,False
55642,,Control Data (Thailand) Ltd,broadband,2024-Q3,2024,3,110.12198474752086,120.46390470295609,108.43717965578931,82.22812466023527,48.18057142857143,58.897,7,3,0.000334442408061782,False
37983,,CSLOXINFO,broadband,2024-Q3,2024,3,77.54555709865622,93.12758851428568,48.65461679748847,93.12758851428568,46.23942857142857,33.0,7,1,0.000334442408061782,False
151672,,government agency,broadband,2024-Q3,2024,3,31.982152046306222,31.933395545482533,35.11901225758313,32.82937649065963,30.505428571428578,26.389,7,2,0.000334442408061782,False
58930,,My Telecom Group Company Limited,broadband,2024-Q3,2024,3,7.456805222873911,40.475845539958094,5.590847232488845,39.67147112183601,89.21849999999999,95.066,6,2,0.00028666492119581316,False
18356,,Aware Corporation Autonomous System,broadband,2024-Q3,2024,3,115.03659959864444,41.742175970751106,99.9359186652022,32.33830713620301,53.60150000000001,52.114999999999995,6,4,0.00028666492119581316,False
23919,,Ramkhamhaeng University,broadband,2024-Q3,2024,3,136.0000371524911,80.63582983273474,71.73536375384201,83.45505011208776,30.250600000000002,29.52,5,2,0.0002388874343298443,False
24455,,The Siam Cement Group,broadband,2024-Q3,2024,3,63.8935396294075,28.571639947045853,82.85017064324238,0.08290073809613194,118.91019999999999,63.544,5,2,0.0002388874343298443,False
134095,,National ITMX Company Limited,broadband,2024-Q3,2024,3,57.40861048674276,18.03407291127588,71.68349558670035,21.347419069002658,29.843,28.728,5,3,0.0002388874343298443,False
135676,,National Institute for Emergency Medicine,broadband,2024-Q3,2024,3,20.588178175925293,15.776723146519547,24.73813940503645,15.512690399288989,30.849400000000003,31.008,5,3,0.0002388874343298443,False
38886,,"The Government Lottery Office, Thailand",broadband,2024-Q3,2024,3,209.45911156779147,375.3737684854864,113.5177214956909,375.3737684854864,27.755200000000002,27.638,5,4,0.0002388874343298443,False
137545,,KPN AWARD,broadband,2024-Q3,2024,3,90.86105048730187,34.652077890100266,83.78249755286035,32.24444959771027,36.491499999999995,36.659,4,1,0.00019110994746387544,False
17823,,"T.H.NIC Co.,Ltd.",broadband,2024-Q3,2024,3,21.13894585814516,37.19394275688867,22.38981423507623,34.99573307676932,158.48149999999998,199.414,4,2,0.00019110994746387544,False
136023,,"PTE Group Co., Ltd",broadband,2024-Q3,2024,3,54.74209556810355,218.21165015764214,45.281035058062145,218.21165015764214,52.07575,58.689,4,3,0.00019110994746387544,False
135063,,POP NIX COMPANY LIMITED,broadband,2024-Q3,2024,3,97.87306248380456,0.49891641647046964,69.00203544557368,0.49891641647046964,73.45375,45.2655,4,2,0.00019110994746387544,False
135635,,Tourism authority of Thailand,broadband,2024-Q3,2024,3,35.3715944992793,33.70462091798072,35.40958171372341,33.54092769330032,30.134750000000004,30.299500000000002,4,1,0.00019110994746387544,False
55790,,NETONE,broadband,2024-Q3,2024,3,158.54838948107994,,140.7240898646549,,29.92275,29.751,4,1,0.00019110994746387544,False
24190,,The Stock Exchange of Thailand,broadband,2024-Q3,2024,3,329.9470943824588,179.4809774154559,272.8848082337074,179.8694616568842,26.94633333333333,26.914,3,1,0.00014333246059790658,False
59238,,"Innovative Extremist Co., Ltd.",broadband,2024-Q3,2024,3,240.73024665906314,10.673257339919632,279.3802428842135,10.673257339919632,32.98866666666667,32.325,3,3,0.00014333246059790658,False
135588,,Rajamangala University of Technology Tawan-ok (Chakrabongse Bhuvanarth Campus),broadband,2024-Q3,2024,3,226.51723697260982,21.09473893749324,140.16468749700852,21.09473893749324,42.219,38.038,3,2,0.00014333246059790658,False
35908,,Krypt Technologies,broadband,2024-Q3,2024,3,37.947700261693726,24.63400295096869,31.189872754121613,20.57161039427258,0.7953333333333333,0.715,3,1,0.00014333246059790658,False
132821,,"Trinity Securities Co., Ltd.",broadband,2024-Q3,2024,3,43.81534216611262,,42.67562449717599,,29.708333333333332,29.654,3,2,0.00014333246059790658,False
147187,,Bualuang Securities,broadband,2024-Q3,2024,3,348.77999231245985,281.7727384195087,360.55362203708955,369.773449623372,38.78766666666667,27.953,3,1,0.00014333246059790658,False
23687,,The Institute for the Promotion of Teaching Science,broadband,2024-Q3,2024,3,149.23643270313758,193.32397149580854,158.5767208031091,208.87132357977885,27.689333333333334,27.521,3,1,0.00014333246059790658,False
7485,,Samart - Advanced Metering Infrastructure(AMI),broadband,2024-Q3,2024,3,90.9514342687608,89.05037684743274,88.86725473805936,96.9381818370909,29.351,29.178,3,1,0.00014333246059790658,False
133791,,Teledirect Telecommerce,broadband,2024-Q3,2024,3,251.69900885954303,151.86293128468515,244.52968391756121,151.86293128468515,28.0,27.0,3,1,0.00014333246059790658,False
138344,,"MSIG Insurance (Thailand) Co., Ltd., Installation Site MSIG Insurance (Thailand) Co., Ltd., Kwang, Khet , Province Bangkok",broadband,2024-Q3,2024,3,114.4502368365991,72.84948582340152,129.6983563022308,72.84948582340152,35.09166666666667,34.596,3,1,0.00014333246059790658,False
63528,,Bangkok Neutral Internet Exchange,broadband,2024-Q3,2024,3,115.3874344210159,163.63774437235404,49.694610597006225,53.26144742895764,252.12433333333334,333.058,3,1,0.00014333246059790658,False
139892,,Metropolitan Waterworks Authority,broadband,2024-Q3,2024,3,25.10207604197491,30.69563551600813,25.10207604197491,30.69563551600813,60.231,60.231,2,1,9.555497373193772e-05,False
4637,,Telstra Global,broadband,2024-Q3,2024,3,34.57480772170378,46.5050614374017,34.57480772170378,46.5050614374017,29.104,29.104,2,2,9.555497373193772e-05,False
140662,,AEON Thana Sinsap (Thailand) Public Company Limited,broadband,2024-Q3,2024,3,77.45465890313189,83.08808290799269,77.45465890313189,83.08808290799269,33.649,33.649,2,2,9.555497373193772e-05,False
135586,,INTERLINK COMMUNICATION PCL.,broadband,2024-Q3,2024,3,153.83010908491292,90.73404978251786,153.83010908491292,90.73404978251786,31.006,31.006,2,1,9.555497373193772e-05,False
56223,,"Thai Summit Autopart Industry Co.,Ltd",broadband,2024-Q3,2024,3,35.27966117695458,5.655104607723786,35.27966117695458,5.655104607723786,49.6755,49.6755,2,2,9.555497373193772e-05,False
24060,,KTB COMPUTER SERVICES COMPANY LIMITED,broadband,2024-Q3,2024,3,137.07877844448063,52.39310921088861,137.07877844448063,52.39310921088861,27.4005,27.4005,2,1,9.555497373193772e-05,False
149036,,Waterfront Hotel c/o Symphony Communication Public Company Limited,broadband,2024-Q3,2024,3,91.46952505582527,14.640226368280842,91.46952505582527,14.640226368280842,30.253,30.253,2,1,9.555497373193772e-05,False
135375,,"Today Communication Co.,Ltd",broadband,2024-Q3,2024,3,3.3929578891138696,0.7289480047110087,3.3929578891138696,0.7289480047110087,34.941,34.941,2,1,9.555497373193772e-05,False
40051,,"Disney Worldwide Services, Inc.",broadband,2024-Q3,2024,3,156.56110532660514,6.4438762422393765,156.56110532660514,6.4438762422393765,95.7285,95.7285,2,1,9.555497373193772e-05,False
134718,,OSD Internet Company Limited,broadband,2024-Q3,2024,3,66.6373332304015,72.2602029474663,66.6373332304015,72.2602029474663,26.872,26.872,2,2,9.555497373193772e-05,False
984,,OCTOPUS WEB SOLUTION INC,broadband,2024-Q3,2024,3,44.06594802355963,,44.06594802355963,,133.337,133.337,2,2,9.555497373193772e-05,False
38231,,"CIMB Securities Co., Ltd.",broadband,2024-Q3,2024,3,45.92946221964695,6.41557954633401,45.92946221964695,6.41557954633401,33.5155,33.5155,2,1,9.555497373193772e-05,False
24040,,"DataOne Asia (Thailand) Co.,Ltd.",broadband,2024-Q3,2024,3,6.187432437902523,10.354978919467987,6.187432437902523,10.354978919467987,55.937,55.937,1,1,4.777748686596886e-05,False
38040,,TOT Public Company Limited,broadband,2024-Q3,2024,3,108.60470627905875,1.8441494286137712,108.60470627905875,1.8441494286137712,42.022,42.022,1,1,4.777748686596886e-05,False
17478,,Bangkok Metropolitan Administration,broadband,2024-Q3,2024,3,80.78437930700359,3.283537285638589,80.78437930700359,3.283537285638589,28.578,28.578,1,1,4.777748686596886e-05,False
141736,,"Wisepaq Business Solutions Provider Co., Ltd.",broadband,2024-Q3,2024,3,4.813875482291629,,4.813875482291629,,34.752,34.752,1,1,4.777748686596886e-05,False
133760,,"Electronics Extreme Co., Ltd",broadband,2024-Q3,2024,3,23.360458830595004,,23.360458830595004,,31.823,31.823,1,1,4.777748686596886e-05,False
15695,,Expereo International BV,broadband,2024-Q3,2024,3,105.19166209334065,109.57533519763676,105.19166209334065,109.57533519763676,34.694,34.694,1,1,4.777748686596886e-05,False
142435,,HGC Global Communications (Thailand) Limited,broadband,2024-Q3,2024,3,41.468154337171285,2.7684474605815246,41.468154337171285,2.7684474605815246,136.721,136.721,1,1,4.777748686596886e-05,False
136581,,Apple Wealth Securities,broadband,2024-Q3,2024,3,37.64044717712759,12.585498358431519,37.64044717712759,12.585498358431519,59.225,59.225,1,1,4.777748686596886e-05,False
137392,,KTB Securities (Thailand) Company Limited,broadband,2024-Q3,2024,3,107.66197035614253,67.78978613290205,107.66197035614253,67.78978613290205,29.091,29.091,1,1,4.777748686596886e-05,False
133163,,PP Ontime Company Limited,broadband,2024-Q3,2024,3,4.451880177448427,,4.451880177448427,,62.386,62.386,1,1,4.777748686596886e-05,False
38184,,Thaivivat Insurance,broadband,2024-Q3,2024,3,64.88705504116358,29.420374863700108,64.88705504116358,29.420374863700108,36.656,36.656,1,1,4.777748686596886e-05,False
55927,,"UOB Kay Hian Securities (Thailand) Co., Ltd.",broadband,2024-Q3,2024,3,8.737118704252168,8.433367943787077,8.737118704252168,8.433367943787077,57.062,57.062,1,1,4.777748686596886e-05,False
1299,,Arelion Sweden AB,broadband,2024-Q3,2024,3,18.419149152545423,18.325718144447563,18.419149152545423,18.325718144447563,29.0,29.0,1,1,4.777748686596886e-05,False
24344,,Chiangmai Rajabhat University,broadband,2024-Q3,2024,3,82.68149094912879,70.7548977461033,82.68149094912879,70.7548977461033,70.0,70.0,1,1,4.777748686596886e-05,False
147300,,"T.H.NIC Co.,Ltd.",broadband,2024-Q3,2024,3,18.75311699072756,,18.75311699072756,,56.898,56.898,1,1,4.777748686596886e-05,False
55538,,"CIMB Securities (Thailand) Co.,Ltd.",broadband,2024-Q3,2024,3,48.61624785134086,,48.61624785134086,,27.0,27.0,1,1,4.777748686596886e-05,False
138906,,Ministry of Culture,broadband,2024-Q3,2024,3,83.7100484376503,44.2724371310351,83.7100484376503,44.2724371310351,60.942,60.942,1,1,4.777748686596886e-05,False
150787,,CHANNEL G COMPANY LIMITED,broadband,2024-Q3,2024,3,313.63983652114433,171.47684633241514,313.63983652114433,171.47684633241514,39.886,39.886,1,1,4.777748686596886e-05,False
17552,True,True Online,broadband,2024-Q4,2024,4,143.59885304227342,84.70242744428508,70.05972580003149,36.14949908158813,82.60014624912436,31.864,494119,254031,24.98692800542096,True
45758,3BB,Triple T Broadband Public Company Limited,broadband,2024-Q4,2024,4,100.38145690056189,73.46994876159758,39.4326029003612,28.238589370523815,84.72843099082414,35.191,404243,163612,20.4420205207559,True
133481,AIS,AIS Fibre,broadband,2024-Q4,2024,4,140.05047660722673,115.48889636982028,77.83192387169532,57.53178443123727,68.31924310627711,36.662,378064,165997,19.11818397884208,True
23969,NT,TOT Public Company Limited,broadband,2024-Q4,2024,4,67.370554799733,55.26126502249145,26.82255239245459,11.280569047487857,100.99138051775641,68.635,319576,125493,16.160525104803515,True
7470,True,"TRUE INTERNET Co.,Ltd.",broadband,2024-Q4,2024,4,41.43907287784693,22.769879820764512,19.407275382491243,7.090938142752724,38.197966063772135,27.294,101460,7046,5.13069466146821,True
131090,NT,National Telecom Public Company Limited,broadband,2024-Q4,2024,4,76.96097991207839,61.2017839732608,35.82221614244596,22.274015635225034,58.16689610810312,48.426,64887,19694,3.2812476295947937,True
56309,,"Siamdata Communication Co.,Ltd.",broadband,2024-Q4,2024,4,43.82433769967319,9.22352634829203,27.554574815589543,3.0430858369365628,49.617401538500076,26.262,39927,1221,2.0190542652123122,True
136538,AIS,AIS SUPER WiFi,broadband,2024-Q4,2024,4,84.92675208083206,59.75446297633477,43.786768893571036,27.04149032539342,42.11543269601419,34.426,25946,6245,1.3120540477671414,True
9931,NT,National Telecom Public Company Limited,broadband,2024-Q4,2024,4,28.000619204449713,24.370600026091147,8.453661764890535,5.056745447461884,54.52757062943422,45.0,22002,2705,1.1126113142284995,True
45430,AIS,SBN-IIG/AWN-IIG transit provider,broadband,2024-Q4,2024,4,27.42954530740229,12.987633174861738,9.099430648528504,4.542389744164692,98.5764962340037,81.771,13679,8375,0.6917284868344534,True
132280,,Symphony Communication (Thailand) PCL.,broadband,2024-Q4,2024,4,72.09088774362773,61.453258977183836,41.73948335166956,27.800560390159955,48.99903929551288,33.125,11302,1440,0.5715268190805609,True
58955,,"Bangmod Enterprise Co., Ltd.",broadband,2024-Q4,2024,4,32.26724645100118,6.931918347643941,14.990402558727878,2.811956174041106,70.13015587044532,59.9075,9882,277,0.4997193440235448,True
4618,,Internet Thailand Company Limited,broadband,2024-Q4,2024,4,48.33831861347205,36.25204045827778,25.07714606802672,13.1285808999337,77.32477607436024,59.867000000000004,8292,2264,0.4193151994174492,True
38794,United Information Highway,UIH,broadband,2024-Q4,2024,4,69.79219492380169,55.43029403018531,39.795954137369776,23.958103329121677,43.29204704448508,32.616,8209,661,0.4151180019317222,True
4621,,UNINET-TH,broadband,2024-Q4,2024,4,96.38872480866526,88.88153325215316,44.341897025574056,26.853334540928422,52.81397940924132,36.565,8166,849,0.4129435502222492,True
55423,,JasTel Network,broadband,2024-Q4,2024,4,55.0595897900415,43.880313531685744,32.936287979512485,23.825807229646998,52.669805967633195,32.578500000000005,5933,472,0.300023767262871,True
45458,AIS,SBN-ISP/AWN-ISP and SBN-NIX/AWN-NIX,broadband,2024-Q4,2024,4,70.85998204152463,62.48509610429191,42.07540875915694,27.539996456061694,49.773783899821105,39.902,5596,593,0.2829821340979312,True
4750,,CS LOXINFO PUBLIC COMPANY LIMITED,broadband,2024-Q4,2024,4,57.768791407091435,43.196326262446064,36.599570827685085,18.815155384589232,67.15732808616403,66.59,4830,590,0.2442465524826676,True
131293,,TOT Public Company Limited,broadband,2024-Q4,2024,4,48.27437850605722,44.572759189944954,26.967793704485644,22.747536141015082,64.35662247191011,55.364999999999995,3563,461,0.1801760800198229,True
23974,,Ministry of education,broadband,2024-Q4,2024,4,78.30359603410345,64.05458157800375,41.17934790493096,29.616304689402774,122.44478549435512,79.403,2926,1409,0.14796385353297833,True
38082,,"True International Gateway Co., Ltd.",broadband,2024-Q4,2024,4,31.38282853907196,15.885429618890047,22.578880276600863,8.540263311880631,118.40498761726077,71.027,2666,80,0.1348160059873275,True
135419,,"Cableconnect Co.,Ltd",broadband,2024-Q4,2024,4,95.0211949735636,50.84352085476217,49.064963519489055,30.549507713319645,41.859622582096286,30.09,2223,105,0.11241409651531471,True
56067,,453 Ladplacout Jorakhaebua,broadband,2024-Q4,2024,4,29.152382262878085,7.268566883529901,19.17953140358597,2.763401618445657,67.61500956022945,42.161,2093,32,0.10584017274248929,True
9335,NT,National Telecom Public Company Limited,broadband,2024-Q4,2024,4,46.59799510595071,16.924695354587065,34.633303817365416,4.337522586587861,52.03921634121273,55.935,1946,41,0.09840658201475593,True
134100,,"Express Data Co.,Ltd",broadband,2024-Q4,2024,4,60.98552305377411,51.82792582299277,34.66227407336661,22.05796978553723,50.03975967540575,42.786,1602,86,0.08101096833897174,True
9411,,"Kasetsart University, Thailand",broadband,2024-Q4,2024,4,109.61695241234403,114.08716218579245,56.39508751995559,30.84816643770096,42.3806007518797,30.9095,1331,697,0.06730686570485105,True
17479,,Chiang Mai University,broadband,2024-Q4,2024,4,51.503026556965544,51.42738561688426,34.76434268557122,33.58699859311123,215.14067119999999,212.90699999999998,1250,50,0.06321080550793674,True
9464,,Prince of Songkla University (Sritrang'NET),broadband,2024-Q4,2024,4,94.9142079854231,91.79382313802246,69.84083935371855,49.123510402656635,48.98935587188611,43.291,1125,455,0.056889724957143076,True
3839,,Chulalongkorn University,broadband,2024-Q4,2024,4,141.0384806428477,97.89267417201323,84.19540857212397,44.11988660098533,49.512670697674416,28.248,1077,481,0.0544624300256383,True
4762,,"Mahidol University, Thailand",broadband,2024-Q4,2024,4,166.17455102426302,122.92497961887247,91.61194374252213,51.95838712838102,43.07735634328358,28.264499999999998,1074,197,0.05431072409241926,True
9546,,Ministry of University Affairs,broadband,2024-Q4,2024,4,60.71480241092558,57.08765494173121,42.16138463272737,40.75349857149059,68.47400875486382,69.442,1028,257,0.05198456644972718,True
9486,,King Mongkut's Institute of Technology Ladkrabang,broadband,2024-Q4,2024,4,95.09660457715052,76.73896375946498,74.78807060359699,42.06001012985312,91.18661831275723,83.817,972,485,0.049152722362971614,True
9562,,Mahasarakham University,broadband,2024-Q4,2024,4,67.08423344183525,78.13153417475331,32.45182059879609,33.40463265997235,87.21096784232364,74.4575,964,126,0.04874817320772082,True
149766,,Y.U.T Corporate Company Limited,broadband,2024-Q4,2024,4,10.953492317383743,5.502470956249538,8.21618436735279,2.5005118166046105,45.83909836065573,28.062,793,71,0.040100935014235076,True
37992,,Thammasat University in thailand,broadband,2024-Q4,2024,4,64.26245625366596,82.30095733212417,32.39341923440575,30.88928462368485,33.44786666666667,26.964,750,177,0.037926483304762046,True
9533,,King Mongkut's Institute of Technology North Bangkok,broadband,2024-Q4,2024,4,109.5932433204169,121.16395645045537,53.75806985799121,46.28015795841016,41.224659123055154,29.338,708,70,0.03580260023969537,True
7693,,KSC Commercial Internet Co. Ltd.,broadband,2024-Q4,2024,4,79.2944798022232,62.71132944087392,52.89647563723092,28.78623817343326,42.70085509325682,29.704,697,115,0.03524634515122553,True
135034,,Planet Communications Asia Public Company Limited,broadband,2024-Q4,2024,4,134.62742564628275,68.97505016806069,106.31731278376765,32.4650771196965,44.565398835516746,30.536,687,39,0.03474065870716204,True
133193,,Provincial Electricity Authority (PEA),broadband,2024-Q4,2024,4,67.20560760585556,39.90288858561639,30.202702300855364,15.431731177461746,66.94298749999999,32.0,640,18,0.032363932420063614,True
(unknown),,,broadband,2024-Q4,2024,4,68.34935626431788,27.995556055589077,53.54114200972542,7.834345061584544,62.271488151658765,37.731,634,106,0.032060520553625516,True
9551,,King Mongkut's University of Technology,broadband,2024-Q4,2024,4,140.31217682897284,137.968101506543,97.51704901415658,58.52030679824034,37.50818668831169,30.473,618,43,0.03125142224312393,True
7616,,JasTel Network,broadband,2024-Q4,2024,4,58.20737492023607,49.73155943504917,26.07302196164476,20.348188225905886,46.92621170395869,29.028,583,114,0.0294815196889017,True
17887,,"T.C.C. Technology Co., Ltd.",broadband,2024-Q4,2024,4,69.62395520871398,56.75200346991817,48.43536154037965,29.75641327044018,67.42428419182947,56.43,563,65,0.028470146800774712,True
37932,,Rajamangala University of Technology Isan,broadband,2024-Q4,2024,4,64.9291301280723,53.26630158688678,17.60352206381149,6.80918983100405,74.3945602189781,72.793,548,104,0.02771161713467947,True
140618,,Silpakorn University,broadband,2024-Q4,2024,4,62.845548080484754,60.50386724403031,42.26705365490019,7.961226556436993,41.3479168207024,33.226,541,31,0.027357636623835026,True
9903,,Rajamangala Institute of Technology,broadband,2024-Q4,2024,4,140.27962167899045,148.55631541317496,74.86558937895323,65.76344173758791,38.669167346938785,31.183999999999997,490,45,0.024778635759111205,True
9649,,Information Technology Office,broadband,2024-Q4,2024,4,56.80877807409242,46.380273235869225,23.033344208566138,16.038467626582943,115.56459627329193,38.765,483,126,0.02442465524826676,True
147176,,"NZ Network Enterprise Co., Ltd.",broadband,2024-Q4,2024,4,43.94698520110375,16.98122411511191,40.756647262871056,3.3134424834122918,35.30172083333334,25.0,480,39,0.024272949315047712,True
147027,,Royal Thai Armed Force Headquarters,broadband,2024-Q4,2024,4,109.4351047996522,109.90811815235098,73.97077574481463,57.29168051667221,52.496798687089715,32.83,457,64,0.023109870493701674,True
139657,,University of the Thai Chamber of Commerce,broadband,2024-Q4,2024,4,54.82294998175535,36.496239926799205,38.01064224828217,21.091415488444696,31.27964302600473,27.149,423,82,0.021390536583885796,True
136393,,Symphony Communication (Thailand) PCL.,broadband,2024-Q4,2024,4,69.32417810564921,40.05514914730098,31.063135572120785,14.232353289989327,55.15652463054189,54.848,407,150,0.020581438273384205,True
151825,,Rangsit University,broadband,2024-Q4,2024,4,197.31443107228932,110.96401103794918,153.52558415796346,49.412993876330006,50.14399208443271,28.549,379,33,0.01916551623000642,True
133947,,Metropolitan Electricity Authority,broadband,2024-Q4,2024,4,128.38427211456096,120.9033141957709,118.6351520567263,94.6462125660599,31.56163129973475,30.096,377,10,0.019064378941193724,True
55545,,Suranaree University of Technology,broadband,2024-Q4,2024,4,63.234115783286384,80.35217133209395,46.134553590538104,55.22450431732701,127.7203379888268,70.929,358,107,0.018103574697473084,True
55403,,PTT Digital Solutions Company Limited,broadband,2024-Q4,2024,4,73.48764507809308,63.30613713719395,53.82515402338028,12.926060906665013,84.48242771084338,78.624,332,21,0.016788789942908,True
138156,,"CSNE Co., Ltd.",broadband,2024-Q4,2024,4,5.993187305886914,5.098771719846238,1.4563066295794225,0.9926520683739162,91.88547058823528,61.1495,307,28,0.015524573832749265,True
137850,,Mae Fah Luang University,broadband,2024-Q4,2024,4,105.77959942548755,108.70863022024706,81.05956112664593,72.84612027881627,82.61100332225912,76.408,301,22,0.015221161966311169,True
135063,,POP NIX COMPANY LIMITED,broadband,2024-Q4,2024,4,7.9933697222894455,2.7978837667313883,3.328778449605449,1.454961126475293,124.25176510067116,107.66149999999999,299,5,0.01512002467749847,True
132618,True,Real Future Company Limited,broadband,2024-Q4,2024,4,8.506566765687074,4.645435937135834,6.079968772346795,4.436264759790229,71.64677385159011,43.956,284,211,0.01436149501140323,True
134073,,The Revenue Department,broadband,2024-Q4,2024,4,62.65285543888149,47.47722510445826,35.71997296925687,25.871496086481862,43.80016849816849,32.239,273,13,0.013805239922933386,True
4741,,"Samart Infonet Co., Ltd.",broadband,2024-Q4,2024,4,14.7216097287719,17.786149294612837,3.6874675498701994,8.262090805899598,143.118684981685,66.763,273,16,0.013805239922933386,True
38265,,Sisaket Rajabhat University,broadband,2024-Q4,2024,4,50.46501433449397,110.41420870882052,24.5884766966054,82.02054364617372,75.22464312267657,73.814,269,5,0.013602965345307989,True
18256,,Bank of Ayudhya Public Company Limited.,broadband,2024-Q4,2024,4,207.78361131431924,161.27040336256354,53.89922147064486,78.7224390323898,36.00640151515152,28.250999999999998,264,3,0.01335012212327624,True
138204,,"Sophon Broadband Networks co.,ltd",broadband,2024-Q4,2024,4,75.85868309968356,45.98643729918816,46.145605697918334,24.74977786460137,37.952604651162794,31.8095,258,35,0.013046710256838146,True
38888,,"Milcom Co., Ltd. Internet Service Provider Bangkok",broadband,2024-Q4,2024,4,15.289461183276787,11.603569991261828,14.189080572824698,9.61957728511592,43.232470119521906,32.038,251,11,0.012692729745993699,True
45575,,Rajamangala University of Technology Srivijaya,broadband,2024-Q4,2024,4,86.58977866103896,111.59215615789846,57.90360131954492,58.81657380353763,50.099318181818184,47.075500000000005,242,37,0.012237611946336555,True
134690,,Chulachomklao Royal Military academy member of UniNet,broadband,2024-Q4,2024,4,7.652054327436523,6.661257004390901,7.798490482586339,7.122753021263217,31.556630705394188,30.382,241,3,0.012187043301930205,True
137241,,PibulSongkramRajabhat University,broadband,2024-Q4,2024,4,55.23928779622809,91.83150001694483,20.220174821233897,28.77371333888759,81.10560504201682,73.791,238,28,0.012035337368711157,True
135616,,Name: Thaksin University,broadband,2024-Q4,2024,4,44.16104237749568,59.801174571054545,13.55756336158648,11.250486389723083,47.59448101265822,45.502,237,15,0.011984768724304807,True
132482,,Rajamangala University of Technology Rattanakosin,broadband,2024-Q4,2024,4,94.6695966064735,98.01315148402202,47.08917916555386,36.311745124720844,37.97587982832618,30.232,233,29,0.01178249414667941,True
4274,,Assumption University,broadband,2024-Q4,2024,4,126.7150870405114,93.33821217069126,106.0149153323313,69.10849326094808,35.06986580086579,30.477,231,83,0.01168135685786671,True
38566,,NTTCTNET,broadband,2024-Q4,2024,4,33.41410788773302,23.579820031349684,20.13829266373375,11.938633736835813,57.945866666666674,38.076499999999996,210,46,0.010619415325333373,True
133880,,The Thai Red Cross Society,broadband,2024-Q4,2024,4,85.71792557969204,69.07959395478306,27.37163835427293,18.97699567238378,33.08525120772947,29.969,207,22,0.010467709392114326,True
38293,,Ministry of Foreign Affairs,broadband,2024-Q4,2024,4,49.843248721755614,49.17582824920849,35.2330458142871,38.877454075965844,107.94030150753768,29.602,199,16,0.01006316023686353,True
9475,,Walailak University,broadband,2024-Q4,2024,4,154.5181374663964,183.5295620009804,114.58273474530509,112.14370352164342,64.09878172588832,40.55,197,16,0.009962022948050831,True
147312,,Songkhla Rajabhat University Network.,broadband,2024-Q4,2024,4,162.85305567558257,180.51536804014788,81.78823240493789,83.22960115675141,48.06509189189189,42.39,185,11,0.009355199215174638,True
23884,,Proen Corp Public Company Limited.,broadband,2024-Q4,2024,4,41.362194022831986,52.13026098625127,10.141950730864295,15.467280161656436,60.72192896174864,33.0,183,56,0.00925406192636194,True
136737,,Rajamangala University of Technology Krungtep,broadband,2024-Q4,2024,4,129.40968778552246,90.39063847141422,67.6974747820018,45.90168298990206,43.35409659090909,33.4045,176,42,0.008900081415517494,True
132866,,Rajamangala University of Technology Suvarnabhumi under UniNet Network,broadband,2024-Q4,2024,4,66.37701687002854,69.92476512051064,30.806720280540326,19.24075965991353,41.15783928571428,35.5815,168,41,0.008495532260266699,True
138003,,Royal Police Cadet Academy,broadband,2024-Q4,2024,4,212.20331999560415,168.330261983594,93.15748995748996,83.86468881946466,34.58745180722892,29.627499999999998,167,2,0.00844496361586035,True
138685,,Mahidol Wittayanusorn School,broadband,2024-Q4,2024,4,72.20916204143386,28.704530947125107,13.74508521226136,12.74072444110738,52.14380745341616,30.34,161,30,0.008141551749422254,True
55760,,Mahanakorn University Of Technology,broadband,2024-Q4,2024,4,19.141213714705863,16.686427301207512,6.958657544110419,7.532861645282053,42.44601250000001,28.0175,160,58,0.008090983105015903,True
7862,,Chevron Corporation,broadband,2024-Q4,2024,4,63.318472618335974,38.710622295683834,41.10080094124999,13.314325418868924,81.487425,61.5715,160,30,0.008090983105015903,True
4765,,Pacific Internet Pte Ltd,broadband,2024-Q4,2024,4,43.76493286143478,29.89444638499851,11.391770266003974,17.754717100972158,35.15932236842105,32.1395,152,25,0.007686433949765109,True
55476,,"CP All Public Co., Ltd.",broadband,2024-Q4,2024,4,45.29141809735945,41.59075719307485,34.13133430092966,41.136715870795626,30.518382550335573,28.362,149,3,0.007534728016546061,True
714,,Apple Inc.,broadband,2024-Q4,2024,4,164.77665212448358,148.67284822943796,75.2981213616618,78.55855618740613,30.199193103448273,28.129,145,4,0.007332453438920663,True
133919,,"University campus network, Rajamangala University of Technology Phra Nakhon",broadband,2024-Q4,2024,4,175.06005420494716,166.99017048752833,91.82463171608896,89.4903220306092,44.19745454545455,51.485,143,90,0.007231316150107964,True
38450,,Ministry of Infomation Communication Technology,broadband,2024-Q4,2024,4,26.09756069297553,22.39135490864608,7.139740736073788,14.293965511934289,53.27232857142857,45.8125,140,30,0.007079610216888916,True
152461,,Department of Lands,broadband,2024-Q4,2024,4,75.50746926289372,75.36107681662158,19.81175753935093,65.32537641393209,40.00844285714286,35.166,140,1,0.007079610216888916,True
4767,,Computer Science,broadband,2024-Q4,2024,4,221.74877454224074,159.58101411412161,212.20992441911955,93.15413085973314,49.10096428571428,31.1205,140,58,0.007079610216888916,True
132117,,Ministry of Interior,broadband,2024-Q4,2024,4,31.903738950646872,15.58090592840163,37.06525403457741,16.122972164316124,49.902791366906484,26.865,139,4,0.007029041572482566,True
150107,,Surundra Rajabhat University,broadband,2024-Q4,2024,4,33.625764195755835,43.435452815761415,29.618276932368474,49.78439182156082,70.44793798449612,71.375,129,1,0.006523355128419073,True
153182,,Sripatum University,broadband,2024-Q4,2024,4,22.5006194196017,24.20268114596105,14.858998914471943,18.249927279341424,44.07277952755906,32.834,127,10,0.006422217839606374,True
135129,,Rajamangala University of Technology Tawan-ok(Bangpra Campus),broadband,2024-Q4,2024,4,178.1865748931399,186.8081266176067,105.43692886598876,90.58018062841234,39.83689516129032,32.1555,124,68,0.006270511906387326,True
139753,,"Valaya Alongkorn Rajabhat University Under The Royal Patronage,",broadband,2024-Q4,2024,4,80.90008428860793,163.13316138230823,61.88914437255263,80.0186806823117,42.45727868852459,32.757000000000005,122,6,0.006169374617574627,True
45847,,"university network ,Nakornsitammarat, Thailand",broadband,2024-Q4,2024,4,86.24493016623445,90.61065433246641,37.89203180976143,36.09617917577694,51.861190082644626,41.714,121,5,0.0061188059731682775,True
141714,,Nakhon Pathom Rajabhat University,broadband,2024-Q4,2024,4,163.84288692697496,238.9189481553484,85.28780530367642,155.00628199750338,34.90115384615384,29.607,118,25,0.005967100039949229,True
132514,,"Ubon Ratchathani University,",broadband,2024-Q4,2024,4,32.84366021571869,51.663843777363184,6.187369141329346,16.21847296322581,115.04715652173911,85.954,115,11,0.005815394106730181,True
136624,,Sakon Nakhon Rajabhat University,broadband,2024-Q4,2024,4,80.40696963585098,95.34031638385167,35.56757871767415,48.40205257273737,80.57849999999999,77.2235,112,12,0.005663688173511133,True
138524,3BB,Triple T Broadband Public Company Limited,broadband,2024-Q4,2024,4,216.99728512331748,122.83324458982761,84.59732384842141,58.04691101878093,98.79457657657657,35.725,111,51,0.005613119529104783,True
133328,,Bangkok Patana School,broadband,2024-Q4,2024,4,228.98580663994747,308.500363567348,250.53139088200697,391.0912181442116,41.259,29.383499999999998,108,2,0.005461413595885735,True
149800,,Org: Phramongkutklao College of Medicine.,broadband,2024-Q4,2024,4,87.10917733585457,71.40575708487063,90.67305735268044,53.76056662659208,31.99113,29.4705,101,46,0.005107433085041289,True
134089,,JasTel Network,broadband,2024-Q4,2024,4,166.3048912194736,205.02934460908523,76.25932127038286,73.92181515329746,32.82993877551021,28.0425,98,2,0.0049557271518222415,False
132879,,Rajabhat Mahasarakham University,broadband,2024-Q4,2024,4,57.69275064212553,68.35074854243412,24.420044395560446,31.367388213332273,76.0994193548387,74.136,93,48,0.004702883929790494,False
4827,,CSLOXINFO,broadband,2024-Q4,2024,4,45.69051186178982,7.749388487544884,17.234500210510763,3.6038871006101107,76.65081111111111,72.20249999999999,90,3,0.004551177996571446,False
24328,,Yala Rajabhat University Education,broadband,2024-Q4,2024,4,125.33090581770799,133.71985604185548,89.98127614936152,92.47782203407712,48.27722471910112,44.391,89,21,0.004500609352165097,False
132838,,"United Information Highway Co.,Ltd.",broadband,2024-Q4,2024,4,44.46886228113949,37.55127161687665,31.820287115294988,27.13283829549413,33.74030681818182,28.654,88,16,0.004450040707758747,False
56112,,"Muang Thai Life Assurance Co., Ltd.",broadband,2024-Q4,2024,4,43.89760152366025,27.629418057414217,19.428012150291323,8.445359627355153,89.12151724137931,80.686,87,2,0.004399472063352398,False
45254,,"Internet Solution & Service Provider Co., Ltd.",broadband,2024-Q4,2024,4,105.21008731041938,34.553805383807216,19.331314891089818,15.525977625002563,39.45083908045977,34.14,87,5,0.004399472063352398,False
24465,,"Kasikorn Securities PCL,",broadband,2024-Q4,2024,4,108.87112133670335,105.70986014888544,104.4988315048601,102.73802320659821,56.18148837209303,61.9975,86,2,0.004348903418946048,False
140699,,Royal Thai Army,broadband,2024-Q4,2024,4,44.53075352143098,32.710947570284546,38.34040038360075,17.91569987507696,43.94160465116279,31.695,86,13,0.004348903418946048,False
141692,,PTT Global Chemical Public Company Limited,broadband,2024-Q4,2024,4,117.51926455149282,88.16950059703593,77.77362016680013,51.366017682801484,35.67998837209302,34.5835,86,4,0.004348903418946048,False
133581,,"Thailand Post Co,.Ltd.",broadband,2024-Q4,2024,4,95.14713297568842,62.8576570498367,75.3852458908847,42.44776565371395,32.50203614457832,28.508,83,27,0.004197197485727,False
137198,,Phranakorn Rajabhat University,broadband,2024-Q4,2024,4,106.92732463964909,108.41448849200361,75.49221597276247,41.083287442469754,37.06765853658538,30.249000000000002,82,4,0.004146628841320651,False
18197,,"TOYOTA MOTOR ASIA PACIFIC Engineering and Manufacturing,",broadband,2024-Q4,2024,4,85.22542072237539,40.891822526082336,50.05270545292488,8.503558136834894,53.11353086419753,32.57,81,13,0.004096060196914301,False
154088,,MI Squared Company Limited (Branch 00003)/JW Marriott Phuket Resort & Spa,broadband,2024-Q4,2024,4,62.536181514676265,44.04434718579117,47.64635769149366,21.77264974238992,53.31966250000001,44.727500000000006,80,4,0.004045491552507952,False
7715,,GSB,broadband,2024-Q4,2024,4,68.9050905447964,90.47571363867824,53.95533074839722,82.49519826338292,29.05166666666667,28.0,78,2,0.003944354263695253,False
134162,,ADVANCED WIRELESS NETWORK COMPANY LIMITED,broadband,2024-Q4,2024,4,362.045370133356,397.6465598360599,327.57586902622796,366.72811774546847,52.28830263157895,59.1565,76,15,0.0038432169748825545,False
55451,,Office of the National Broadcasting and,broadband,2024-Q4,2024,4,188.8368986796664,135.18270353464638,89.42694000649314,91.09660907722045,42.89388,30.381,75,21,0.003792648330476205,False
134509,,1-TO-ALL COMPANY LIMITED,broadband,2024-Q4,2024,4,109.91948809271521,48.118338157258755,108.14767262178052,0.1091495345102793,38.79824324324325,36.97,74,3,0.0037420796860698556,False
4776,,"A-Net Co., Ltd.",broadband,2024-Q4,2024,4,68.92859188256436,74.4920277579908,18.962141078698544,15.580599281879318,42.97305882352941,31.2945,68,7,0.003438667819631759,False
24393,,The Secretariat of House of the Representive,broadband,2024-Q4,2024,4,49.96166515588039,77.943455495228,20.63614669976137,39.988420005063716,30.01391044776119,29.107,67,6,0.0033880991752254096,False
24453,,Chandrakasem Rajabahat University,broadband,2024-Q4,2024,4,127.19153309228493,20.043567139020453,61.883671632889204,7.843896944522101,31.231861538461537,29.156,65,15,0.0032869618864127107,False
32043,,NeoFiber Communications inc.,broadband,2024-Q4,2024,4,26.090090213458794,18.986871404807307,7.157201710703209,6.165505390172475,85.36944615384617,71.0,65,26,0.0032869618864127107,False
140326,,Symphony Communication Public Company Limited for TC,broadband,2024-Q4,2024,4,10.560961880986353,5.340881991564217,8.248838079579446,4.4124768347238,44.931062499999996,29.322499999999998,64,3,0.0032363932420063617,False
137058,,Aeronautical Radio of Thailand Ltd.,broadband,2024-Q4,2024,4,50.78469326931014,55.18902223488606,42.704497637664254,52.97282388463029,45.50424193548387,30.261499999999998,63,4,0.0031858245976000123,False
135012,,Suan Dusit University,broadband,2024-Q4,2024,4,106.6526299516649,121.88582062983576,69.6619606642887,114.16937303264444,65.74170491803281,56.626,61,13,0.0030846873087873134,False
45530,,Agoda Company Pte. Ltd.,broadband,2024-Q4,2024,4,52.812599857660636,29.047224038239133,60.440339388255936,26.982423336421725,44.112166666666674,32.194,60,4,0.003034118664380964,False
132250,,Princess of Naradhiwas University,broadband,2024-Q4,2024,4,95.88118348498914,32.94826328347775,61.41005619229883,15.830062919286354,46.32856666666667,45.781,60,6,0.003034118664380964,False
38589,,Education Network,broadband,2024-Q4,2024,4,265.19077497410825,200.65928216464283,247.78330652179395,130.9192582719525,30.376406779661018,29.383,59,9,0.0029835500199746146,False
149503,,Name: Mahamakut Buddhist University network.,broadband,2024-Q4,2024,4,67.86941978118158,114.34001250718083,58.699437838776184,64.67308159921045,31.79738983050847,29.913,59,1,0.0029835500199746146,False
38296,,National Science and Technology Development Agency,broadband,2024-Q4,2024,4,165.55385307778243,134.9801724985997,92.60033383499577,90.31923397493749,33.649508474576265,30.88,59,16,0.0029835500199746146,False
45455,,"Two S One N Co Ltd, Internet Service Provider and IT Solutions",broadband,2024-Q4,2024,4,43.17509132264829,51.4859520364522,47.409935286940204,41.75183033297792,35.94394736842106,32.031,57,4,0.0028824127311619157,False
131257,,"Suratthani ratjabhat university, Thailand",broadband,2024-Q4,2024,4,116.89337930674114,84.75168005276346,81.57403793939429,39.09847687959566,64.104625,64.429,56,5,0.0028318440867555663,False
38228,,"Ministry Of Defence, Thailand",broadband,2024-Q4,2024,4,166.40946337618516,133.17776199158928,185.28429344151078,79.92698894078487,31.70705357142857,30.593,56,2,0.0028318440867555663,False
63951,,THAICOM Public Company Limited,broadband,2024-Q4,2024,4,15.715359624017,1.3362415417961042,10.883016471627169,0.6961555725059212,62.99925000000001,63.3955,56,20,0.0028318440867555663,False
45255,,"Hi-tech Nittsu (Thailand) Co.,Ltd.",broadband,2024-Q4,2024,4,23.094587205044103,10.704898162355612,22.527458835875933,6.1274239157824,91.29621428571429,76.561,56,1,0.0028318440867555663,False
138670,,Ngern Tid Lor Company Limited,broadband,2024-Q4,2024,4,41.04071654235234,31.971313188441457,31.439457503944737,9.946221649232488,33.661092592592595,28.249499999999998,54,13,0.0027307067979428674,False
139702,,Central Investigation Bureau,broadband,2024-Q4,2024,4,182.96891738201697,268.47534915412916,90.743165552579,127.72829041806949,36.06090566037736,26.609,53,9,0.002680138153536518,False
54994,,Meteverse Limited.,broadband,2024-Q4,2024,4,10.705275145789406,9.633403292179318,11.475935538878227,8.511061711950896,176.82094339622643,211.221,53,3,0.002680138153536518,False
17827,,Sukhothai Thammathirat Open University,broadband,2024-Q4,2024,4,88.80033330987679,75.7848499825772,68.21287454400682,36.6665199315387,65.33460000000001,56.8945,50,30,0.00252843222031747,False
150300,,"The Permanent Secretary, Ministry of Transport of Thailand",broadband,2024-Q4,2024,4,113.76742607398359,86.82733851133982,77.08459472951287,20.596948423656197,44.037079999999996,31.2885,50,10,0.00252843222031747,False
131246,,"LOEI university network ,LOEI, Thailand",broadband,2024-Q4,2024,4,82.11718254695523,63.85551272548853,59.00165095924036,45.14700133523311,85.02308163265305,78.421,49,1,0.0024778635759111207,False
55498,,"Greenline Synergy Co.,Ltd.",broadband,2024-Q4,2024,4,71.66604657048106,55.9613307439697,53.0183658771909,55.61534290005423,44.22702040816327,32.781,49,2,0.0024778635759111207,False
140867,,"International gateway co., Ltd",broadband,2024-Q4,2024,4,31.549192857001927,33.28132336219143,29.536403264375743,32.42036767958033,140.05391666666665,180.7145,48,11,0.0024272949315047713,False
24083,,Siam City Cement Public Company Limited,broadband,2024-Q4,2024,4,11.946827885617207,11.057382503193537,8.659633040050522,2.842429989487543,62.85687234042553,61.064,47,2,0.002376726287098422,False
149762,,"Hakuhodo (Bangkok) Co., Ltd.",broadband,2024-Q4,2024,4,122.06232149983569,198.36271623738077,98.86405704654833,194.83429360542294,40.75229787234042,27.984,47,3,0.002376726287098422,False
132493,,"Lampang-Meatha Rd., Thambon Chomphu Ampher Maung Lampang 52100",broadband,2024-Q4,2024,4,51.45643456113091,71.69856613744419,27.070985283017457,45.07634749114818,187.82416666666666,214.1655,42,5,0.0021238830650666747,False
137394,,Dhonburi Rajabhat University,broadband,2024-Q4,2024,4,86.50698719881383,84.95916698388896,17.941353098944077,1.8018724272630142,31.674585365853662,31.339,41,1,0.0020733144206603253,False
140725,,Thai Customs Department,broadband,2024-Q4,2024,4,26.913178533473616,27.103495677801554,6.404351130281298,6.594512923940411,29.692075,26.4055,40,2,0.002022745776253976,False
9891,,CS LOXINFO Public Company Limited.,broadband,2024-Q4,2024,4,42.52045202258483,9.366779030631838,32.7364846269658,6.562221478230852,78.624175,68.217,40,15,0.002022745776253976,False
138353,,NIST INTERNATIONAL SCHOOL,broadband,2024-Q4,2024,4,115.3415378745125,51.282860145053476,110.41671624883978,38.392520258250514,69.0213076923077,34.662,39,1,0.0019721771318476264,False
55925,,"469 Nakronsawan.Rd, Chidrada Dusit",broadband,2024-Q4,2024,4,21.956475325598955,29.584567693310966,26.435636406456865,21.71875898417106,34.81418421052632,28.5795,38,2,0.0019216084874412772,False
138616,,"Sanuk Systems (Thailand) Co., Ltd",broadband,2024-Q4,2024,4,118.12917579023421,90.09485143440146,39.89324981475315,35.36334313367407,50.35118918918918,37.584,37,12,0.0018710398430349278,False
45800,,"Suan sunandha Rajabhat University, which is one university in Thailand",broadband,2024-Q4,2024,4,7.899655254070639,14.028822377496743,7.772119160466228,15.80799266956696,63.719810810810806,63.588,37,4,0.0018710398430349278,False
45581,,INFONET THAILAND ISP,broadband,2024-Q4,2024,4,4.175484550137759,1.807620419286794,0.9736260689568688,0.0525022400026602,210.7837777777778,28.991500000000002,36,5,0.0018204711986285784,False
139889,,Department of Fisheries,broadband,2024-Q4,2024,4,113.37247788478324,54.33452578165448,90.0507407655943,63.13395725917022,69.64691666666666,83.941,36,1,0.0018204711986285784,False
150686,,State Railway of Thailand,broadband,2024-Q4,2024,4,144.01307382723888,86.63370525878774,124.75596191448375,58.77636324727351,31.528277777777777,29.0325,36,2,0.0018204711986285784,False
10227,,Institute Rajabhat Suandusit,broadband,2024-Q4,2024,4,64.28386225447464,94.36801308018356,37.86915666718509,55.70439142519706,54.64945714285715,57.77,35,12,0.001769902554222229,False
136781,,Department of Alternative Energy Development and Efficiency,broadband,2024-Q4,2024,4,20.817847088533142,10.599428380893825,18.05822705154035,5.975255607499862,31.401878787878793,29.693,33,11,0.00166876526540953,False
135161,,"GMO-Z com NetDesign Holdings Co., Ltd.",broadband,2024-Q4,2024,4,44.565432220595326,16.14993003444664,34.61558554671804,2.7754744026314064,149.76187878787877,167.246,33,4,0.00166876526540953,False
24344,,Chiangmai Rajabhat University,broadband,2024-Q4,2024,4,28.466011569180854,27.44077923627586,15.503512332561689,9.502022848250734,281.79496875000007,360.90999999999997,32,7,0.0016181966210031809,False
55488,,Nakorn Ratchasima Rajabhat University,broadband,2024-Q4,2024,4,94.57125990607285,98.3195912954179,42.177655597931576,20.304732459686925,84.02470967741935,68.948,31,21,0.0015676279765968314,False
141730,,Pacific Technologies and Network Philippines Incorporation,broadband,2024-Q4,2024,4,165.84472959328872,94.0317150583006,139.55397810658224,55.69171441597539,68.17570967741936,28.3,31,1,0.0015676279765968314,False
132605,,"KTB General Services Co.,Ltd",broadband,2024-Q4,2024,4,19.535429374248316,7.449223309444168,5.717637355696615,3.155255442865295,174.72626666666665,214.6575,30,3,0.001517059332190482,False
138962,,Bangkok Insurance Public Company Limited,broadband,2024-Q4,2024,4,274.49657370678744,181.7009142418848,308.7516485717671,183.69677232875307,30.041758620689652,28.809,29,3,0.0014664906877841326,False
139329,,Siam Piwat Company Limited,broadband,2024-Q4,2024,4,68.25921675571828,82.08029056039649,11.671991270721238,12.516302582144782,38.349000000000004,36.2,29,1,0.0014664906877841326,False
63989,,DE-CORP,broadband,2024-Q4,2024,4,37.351757581778024,44.13731626009336,30.026799457843467,15.600779953838364,65.22460714285714,61.271,28,5,0.0014159220433777832,False
45752,,Provincial waterworks authority,broadband,2024-Q4,2024,4,89.12592140113428,61.22646332005326,78.785185095254,53.187036803542355,33.16977777777778,30.562,27,3,0.0013653533989714337,False
141214,,Geo-Informatics and Space Technology Development Agency,broadband,2024-Q4,2024,4,166.8832284561091,173.64344136767892,77.55217840080942,91.74967386389339,47.242185185185186,32.816,27,2,0.0013653533989714337,False
133042,,Office of the basic education commission,broadband,2024-Q4,2024,4,160.74109031008624,209.18514905484457,95.93921686779517,98.03023658001734,30.777814814814818,29.482,27,20,0.0013653533989714337,False
154177,,LIGHT NODE LIMITED,broadband,2024-Q4,2024,4,24.347395848065595,12.29130446412214,16.083736389918954,12.299789832921322,49.89296296296296,26.436,27,9,0.0013653533989714337,False
152915,,The Office of the Securities and Exchange Commission (Head Office),broadband,2024-Q4,2024,4,41.385479500359445,24.764374493347265,8.400483501809209,3.8932866485919284,56.19515384615384,36.436,26,3,0.0013147847545650843,False
138215,,Royal Thai Police,broadband,2024-Q4,2024,4,103.34317593077867,77.37101679693323,82.22931734069417,46.85634119594033,38.696384615384616,28.9035,26,2,0.0013147847545650843,False
132300,,"NIPA TECHNOLOGY CO., LTD",broadband,2024-Q4,2024,4,5.200799488900919,29.12303532076823,6.0154585681214785,36.21508882141103,66.33565217391305,25.0,23,5,0.0011630788213460362,False
45959,,"Thai Reinsurance Public Co., Ltd.",broadband,2024-Q4,2024,4,57.39027550426636,27.1806734357137,57.99377789093519,6.340114703917526,63.69327272727273,66.623,22,2,0.0011125101769396868,False
45229,,"United Nation - Property Management Sub-unit, Thailand",broadband,2024-Q4,2024,4,159.40183676326868,118.02888509475822,109.96196057585506,39.20695285713986,183.63785714285714,62.3,21,7,0.0010619415325333374,False
135528,,Muban Chombueng Rajabhat University,broadband,2024-Q4,2024,4,201.89445308158727,191.63780064129648,139.82404249362997,130.11046544302397,35.63365,32.402,20,6,0.001011372888126988,False
55938,,Expressway Authority of Thailand,broadband,2024-Q4,2024,4,118.5071088491979,219.88252960505704,90.8955476783591,102.82219645572303,36.7453,29.759,20,2,0.001011372888126988,False
55642,,Control Data (Thailand) Ltd,broadband,2024-Q4,2024,4,51.22390995652146,112.57974691545044,37.90801982652446,62.95352680896408,40.59778947368421,34.519,19,2,0.0009608042437206386,False
202036,,EXTREME COMMUNICATIONS TECHNOLOGY LIMITED,broadband,2024-Q4,2024,4,31.182131276069974,17.659973128295096,28.75986959061794,10.447450079191098,215.02155555555555,221.336,18,3,0.0009102355993142892,False
23932,,Internet Service Provider,broadband,2024-Q4,2024,4,45.43053312805278,16.745363987336845,43.51936672094992,9.87731925390839,30.711882352941174,31.119,17,6,0.0008596669549079398,False
139724,,Tobacco Authority of Thailand,broadband,2024-Q4,2024,4,23.032565733992925,21.49617979310401,8.942177106023376,6.88676160085061,50.8774375,28.304000000000002,16,2,0.0008090983105015904,False
151672,,government agency,broadband,2024-Q4,2024,4,70.89911825829365,25.61189719964286,30.783235880400735,29.24215479449361,36.73433333333334,27.761,15,2,0.000758529666095241,False
131221,,Petchaburi Rajabhat University,broadband,2024-Q4,2024,4,27.42718139287174,46.37100590404812,11.600040284269014,16.210983358366114,34.381933333333336,33.57,15,7,0.000758529666095241,False
55538,,"CIMB Securities (Thailand) Co.,Ltd.",broadband,2024-Q4,2024,4,450.9999670145557,172.8920463918706,523.3168588741637,65.96876104914276,42.6672,29.485,15,2,0.000758529666095241,False
58690,,"Internet East Co., Ltd.",broadband,2024-Q4,2024,4,35.941782109075646,38.18306195620942,9.61970948633754,36.9319164984252,40.167666666666655,42.72,15,3,0.000758529666095241,False
56118,,OCSC,broadband,2024-Q4,2024,4,94.01389932464794,106.88921635711183,29.618146615568122,39.88819223249846,42.79046666666667,54.964,15,1,0.000758529666095241,False
136457,,THAIAIRASIA CSL,broadband,2024-Q4,2024,4,107.76200111496397,43.32806850512138,79.17609169927577,41.11982875863811,50.176,60.8535,14,1,0.0007079610216888916,False
132201,,Land and Houses Bank Public Company Limited,broadband,2024-Q4,2024,4,124.51408318739558,57.86643636001488,100.45546756734447,5.036617195403515,29.357642857142856,28.0,14,1,0.0007079610216888916,False
23683,,"BoonRawd Brewery Co.,LT",broadband,2024-Q4,2024,4,26.882883097477162,22.0664678932427,22.390638303454274,19.57634367557356,31.708,28.747,14,3,0.0007079610216888916,False
55514,,Electricity Generating Authority of Thailand (EGAT),broadband,2024-Q4,2024,4,243.28470151935304,154.68558207543114,117.13324618364122,207.2871359675952,28.75742857142857,28.302,14,4,0.0007079610216888916,False
37983,,CSLOXINFO,broadband,2024-Q4,2024,4,253.67855097734014,236.03058015031962,272.1219681983461,222.76183903885106,61.49707142857143,65.345,14,1,0.0007079610216888916,False
38328,,Ministry of Finance,broadband,2024-Q4,2024,4,128.07247162969026,59.53097879320668,102.54442269339401,44.25059722314861,28.783999999999995,28.7335,14,5,0.0007079610216888916,False
141207,,Thai Life Insurance PCL.,broadband,2024-Q4,2024,4,56.00589097811577,25.894570150260844,57.499608788040334,29.057392919649914,45.339214285714284,46.9405,14,1,0.0007079610216888916,False
133909,,Siam E Business Limited Partnership,broadband,2024-Q4,2024,4,44.447586122581995,28.30740094105734,17.705807307303424,15.662699630883612,30.371846153846153,30.626,13,4,0.0006573923772825421,False
140075,,Roi et Rajabhat University,broadband,2024-Q4,2024,4,162.59554538123064,133.67591060769362,125.60428066715389,88.73672746436162,72.27023076923075,75.602,13,1,0.0006573923772825421,False
24214,,CSLOXINFO,broadband,2024-Q4,2024,4,171.86795495597727,129.36942955319978,230.30791268240543,102.2553874238773,34.70161538461538,31.876,13,1,0.0006573923772825421,False
134695,,Mass Rapid Transit Authority of Thailand,broadband,2024-Q4,2024,4,117.49701514680098,59.78572082625682,69.8317638461411,56.507514043363805,36.93184615384615,34.0,13,2,0.0006573923772825421,False
137919,,BTS,broadband,2024-Q4,2024,4,185.07318948335535,79.80235651863758,191.14810980249982,42.16892946282269,39.73641666666667,27.156,12,1,0.0006068237328761928,False
142131,,AEON Thana Sinsap (Thailand) Public Company Limited,broadband,2024-Q4,2024,4,63.11455980042597,64.956788683927,59.208336364211675,33.12311926634739,30.421000000000003,30.2705,12,2,0.0006068237328761928,False
134240,,Super Broadband Network Company Limited,broadband,2024-Q4,2024,4,266.14554642947405,216.18229845448204,75.71104021536894,39.80414228912629,34.075500000000005,33.052,12,7,0.0006068237328761928,False
132013,,True Internet assigned for ICS,broadband,2024-Q4,2024,4,141.5322319605647,107.03269844775208,98.2074177488526,61.36720083114429,47.55908333333334,32.230999999999995,12,1,0.0006068237328761928,False
141162,,CIMB Thai Bank Public Company Limited,broadband,2024-Q4,2024,4,15.467372952737746,12.250277940806619,5.754861211235278,5.854664375455913,54.633833333333335,56.164,12,4,0.0006068237328761928,False
136906,,NNCK,broadband,2024-Q4,2024,4,33.052952627794205,8.05262800297398,27.25066102306355,5.242349623294887,70.33333333333333,58.613,12,7,0.0006068237328761928,False
134064,,The Chulabhorn Graduate Institute Campus Network Member of UniNet,broadband,2024-Q4,2024,4,41.92712195808475,62.03205557264896,20.939144275581764,24.615902084649147,27.985000000000003,28.1055,12,5,0.0006068237328761928,False
24042,,"Bangkok Airways Co., Ltd.",broadband,2024-Q4,2024,4,149.9691050827308,104.49765899029076,126.06968460571939,90.8702315724801,33.29758333333333,30.323,12,2,0.0006068237328761928,False
153357,,"CBSOFT CO., LTD.",broadband,2024-Q4,2024,4,269.2135541782934,15.604389730178768,265.11617371097833,15.621785380624594,63.42854545454546,62.56,11,1,0.0005562550884698434,False
149036,,Waterfront Hotel c/o Symphony Communication Public Company Limited,broadband,2024-Q4,2024,4,88.49361591698754,35.7744900250753,102.36396774911059,37.76702626000326,43.919636363636364,28.313,11,1,0.0005562550884698434,False
135141,,Rajamangala University of Technology Lanna,broadband,2024-Q4,2024,4,31.98152367799187,7.737763951633261,28.608731295497947,3.677604991122452,97.0469090909091,88.238,11,5,0.0005562550884698434,False
45806,,Siam Commercial Bank,broadband,2024-Q4,2024,4,56.370156905053506,61.98134076375438,19.06756906815099,18.08267207182163,34.660545454545456,29.696,11,2,0.0005562550884698434,False
45197,,"Boonthavorn Co., Ltd.",broadband,2024-Q4,2024,4,5.7639470062260845,1.8209613883757858,2.0907169007700457,2.039184456769485,46.611999999999995,27.882,11,1,0.0005562550884698434,False
135381,,SiS Distribution (Thailand) Public Company Limited ,broadband,2024-Q4,2024,4,6.913944926453343,5.129674179361686,6.623854616449146,5.439946760976418,49.51254545454546,59.0,11,7,0.0005562550884698434,False
17565,,"Advance Datanetwork Communications Co.,Ltd. BuddyB service. Bangkok",broadband,2024-Q4,2024,4,27.592436993617174,9.423115553471614,25.58531199477747,10.730904246879629,35.306636363636365,33.555,11,1,0.0005562550884698434,False
56117,,KIATNAKIN,broadband,2024-Q4,2024,4,120.2997005874452,27.163960242614923,140.58294265887147,13.045827410367028,53.88590909090909,62.259,11,1,0.0005562550884698434,False
152734,,Maxnito Company Limited,broadband,2024-Q4,2024,4,170.4690076192907,179.7247065395531,59.62784911021733,31.818283813239237,220.86890000000002,282.6585,10,7,0.000505686444063494,False
24455,,The Siam Cement Group,broadband,2024-Q4,2024,4,100.6317279981647,85.56542735910111,91.78472583641437,93.31608056218909,49.3077,59.9785,10,3,0.000505686444063494,False
45796,,UIH / BB Connect,broadband,2024-Q4,2024,4,71.60916725052803,44.50439011813581,47.02135283694,40.36953525195908,39.790200000000006,38.001999999999995,10,2,0.000505686444063494,False
138906,,Ministry of Culture,broadband,2024-Q4,2024,4,85.45454141700783,141.80326148573798,106.16747760430177,183.51953686367852,29.922222222222224,29.591,9,1,0.0004551177996571446,False
147187,,Bualuang Securities,broadband,2024-Q4,2024,4,325.93250040395077,350.7946106487975,353.955066566318,383.2681638063815,26.152777777777775,26.041,9,2,0.0004551177996571446,False
45537,,C/o Cs Loxinfo Public Company Limited,broadband,2024-Q4,2024,4,91.98935979548023,27.213761392890888,30.627013466037692,20.13874234264535,32.31422222222222,32.897,9,3,0.0004551177996571446,False
141715,,"Apex Circuit (Thailand) Co.,Ltd.",broadband,2024-Q4,2024,4,139.77134456472538,194.56597309684463,159.18839813506293,169.56838620189254,29.381333333333334,29.855,9,6,0.0004551177996571446,False
38820,,CSLOXINFO,broadband,2024-Q4,2024,4,41.696809580538805,33.38423113041133,25.805999266599883,16.880558239209893,35.980250000000005,31.816499999999998,8,3,0.0004045491552507952,False
133376,,"LAZADA Co.,Ltd.",broadband,2024-Q4,2024,4,41.03005860350369,25.138474739251937,17.06377696019472,12.378648162829078,27.549625,27.5945,8,1,0.0004045491552507952,False
136035,,Department of Tourism,broadband,2024-Q4,2024,4,49.33261900430692,39.248560909171175,54.36552995014485,2.266383171311465,35.750875,31.103,8,2,0.0004045491552507952,False
133791,,Teledirect Telecommerce,broadband,2024-Q4,2024,4,244.83859221375786,130.56534000858065,294.6813975667967,63.585657723477965,34.873000000000005,28.0,8,2,0.0004045491552507952,False
140660,,Satit Pattana School,broadband,2024-Q4,2024,4,263.73633814204237,161.50588245492528,168.41653583532909,112.0088512434937,43.081875000000004,41.9075,8,1,0.0004045491552507952,False
38886,,"The Government Lottery Office, Thailand",broadband,2024-Q4,2024,4,190.46340884114983,210.14365571476864,92.69184876733823,92.04192371471889,26.438625000000002,26.349,8,7,0.0004045491552507952,False
131447,,POPIDC powered by CSLoxinfo,broadband,2024-Q4,2024,4,62.31808077649088,15.468420465486119,35.31135112659482,12.293753529090857,66.38257142857144,67.478,7,1,0.0003539805108444458,False
138427,,Thailand Institute of Nuclear Technology (Public Organization),broadband,2024-Q4,2024,4,89.82949409103882,69.1120038956088,74.91069459934126,43.01822094432485,61.59157142857142,43.334,7,3,0.0003539805108444458,False
137545,,KPN AWARD,broadband,2024-Q4,2024,4,159.70302423443587,13.674773702352677,158.68003591104477,14.244311600713624,66.022,65.79,7,1,0.0003539805108444458,False
151040,,"Urban Resort Hotel Co.,Ltd.",broadband,2024-Q4,2024,4,81.23654766531709,17.911901531824178,95.28057235855644,10.195264011067566,54.4625,63.6605,6,2,0.0003034118664380964,False
140032,,United Overseas Bank (Thai) Public Company Limited,broadband,2024-Q4,2024,4,387.0934022582449,333.46489471514076,424.8619838977465,435.01162405699097,40.46516666666667,32.478,6,1,0.0003034118664380964,False
134718,,OSD Internet Company Limited,broadband,2024-Q4,2024,4,42.713174628279326,68.30196590626619,33.372391485366734,68.59184065305496,25.4195,25.555500000000002,6,1,0.0003034118664380964,False
59374,,Bangmod Enterprise,broadband,2024-Q4,2024,4,43.27673930495326,14.424001978428667,24.30913480176317,1.7713710883794878,66.89760000000001,65.995,5,2,0.000252843222031747,False
137885,,Capital Nomura Securities PLC,broadband,2024-Q4,2024,4,82.49173631976598,57.49613208001789,106.9163272050754,48.77498664336888,51.2956,56.0,5,1,0.000252843222031747,False
140983,,Dhipaya Insurance Public Co. Ltd.,broadband,2024-Q4,2024,4,98.71143881663559,35.334266710958865,87.73642571470685,46.64433515822585,28.3028,27.805,5,2,0.000252843222031747,False
135635,,Tourism authority of Thailand,broadband,2024-Q4,2024,4,35.46792608086436,33.30900563642249,36.156883954951105,33.547174815085334,30.004200000000004,29.582,5,1,0.000252843222031747,False
151985,,"King Power Corporation Co., Ltd.",broadband,2024-Q4,2024,4,149.66932396682813,170.8698344598771,139.23613713682073,172.9945302856092,29.915000000000003,29.609,5,2,0.000252843222031747,False
140918,,CMKL University,broadband,2024-Q4,2024,4,238.08171631872875,141.01379784671866,211.48940770972735,206.18040587276425,51.371399999999994,56.218,5,1,0.000252843222031747,False
132172,,Fiscal Policy Office,broadband,2024-Q4,2024,4,302.21038518535994,220.2597411874793,271.173585314674,230.6996892545058,29.73675,29.951500000000003,4,1,0.0002022745776253976,False
151808,,Hatyai University.,broadband,2024-Q4,2024,4,145.3746842855413,27.653262409633275,149.43258139151766,35.41848740100835,42.20925,41.736000000000004,4,1,0.0002022745776253976,False
135375,,"Today Communication Co.,Ltd",broadband,2024-Q4,2024,4,1.1090898821111121,1.5465751282151068,1.1034744137590011,1.2911307555438123,240.39425,250.78300000000002,4,1,0.0002022745776253976,False
9835,,Government Information Technology Services,broadband,2024-Q4,2024,4,46.35267771780546,8.398761795122098,42.08308484774695,8.398761795122098,32.79925,33.1245,4,2,0.0002022745776253976,False
23919,,Ramkhamhaeng University,broadband,2024-Q4,2024,4,303.96579469654256,107.79868352082748,223.84825930754675,40.32088599631851,27.349,27.5425,4,2,0.0002022745776253976,False
18252,,National Telecom Public Company Limited,broadband,2024-Q4,2024,4,48.99791430885491,31.658909454057042,49.39844659241329,30.214851584157426,28.872749999999996,28.942500000000003,4,1,0.0002022745776253976,False
133761,,Mr. Naphat,broadband,2024-Q4,2024,4,108.80622807761051,85.7520750064648,140.0821101673926,77.63822214323021,31.969250000000002,31.7805,4,2,0.0002022745776253976,False
400031,,GigaPacket LLC,broadband,2024-Q4,2024,4,72.12192191124728,35.804904215267285,72.5039337329197,44.1631286631055,171.7175,171.4,4,2,0.0002022745776253976,False
24190,,The Stock Exchange of Thailand,broadband,2024-Q4,2024,4,158.87562581716134,140.49170229136348,91.95590742182664,174.91991956957645,27.450666666666667,27.214,3,1,0.0001517059332190482,False
132821,,"Trinity Securities Co., Ltd.",broadband,2024-Q4,2024,4,43.26174905606806,,43.8922378167857,,28.368333333333336,28.261,3,3,0.0001517059332190482,False
24097,,CSLOXINFO Project for Magnecomp Precision,broadband,2024-Q4,2024,4,43.88705695606141,22.868598533492936,28.210565587656905,22.868598533492936,70.27,68.001,3,1,0.0001517059332190482,False
18408,,CSLOXINFO,broadband,2024-Q4,2024,4,28.725035593671834,,37.08872499480365,,67.598,68.322,3,1,0.0001517059332190482,False
63972,,SOCIAL,broadband,2024-Q4,2024,4,23.710002781079,5.83081336360465,32.07091562280066,0.2050992213011806,27.689666666666664,28.668,3,1,0.0001517059332190482,False
137566,,Data Zone Company Limited,broadband,2024-Q4,2024,4,206.688742450645,408.1197217383107,254.0524007019632,408.1197217383107,39.66733333333333,32.117,3,2,0.0001517059332190482,False
38231,,"CIMB Securities Co., Ltd.",broadband,2024-Q4,2024,4,88.17492873633098,121.27384376749296,90.66532748959031,121.27384376749296,31.215666666666664,32.092,3,1,0.0001517059332190482,False
18409,,"Bank of Thailand, Bangkok, Thailand",broadband,2024-Q4,2024,4,125.05139240468505,46.52302027818642,137.6484181318506,46.52302027818642,28.313,28.835,3,2,0.0001517059332190482,False
55790,,NETONE,broadband,2024-Q4,2024,4,165.10355375700567,189.05643981458192,165.10355375700567,189.05643981458192,31.0105,31.0105,2,1,0.0001011372888126988,False
55325,,Eastern Water Resources Development and Management Company,broadband,2024-Q4,2024,4,125.05853019949623,142.07177842586475,125.05853019949623,142.07177842586475,29.192999999999998,29.192999999999998,2,1,0.0001011372888126988,False
38040,,TOT Public Company Limited,broadband,2024-Q4,2024,4,147.28622978192834,139.27121621920972,147.28622978192834,139.27121621920972,104.6165,104.6165,2,2,0.0001011372888126988,False
137546,,"Faculty of Engineering , Rajamangala University of",broadband,2024-Q4,2024,4,138.20262089245233,37.00746158964197,138.20262089245233,37.00746158964197,70.6935,70.6935,2,2,0.0001011372888126988,False
9339,,CSLOXINFO,broadband,2024-Q4,2024,4,9.184266911853191,16.774556176982614,9.184266911853191,16.774556176982614,63.721000000000004,63.721000000000004,2,1,0.0001011372888126988,False
63528,,Bangkok Neutral Internet Exchange,broadband,2024-Q4,2024,4,172.75247580110565,145.22975267637867,172.75247580110565,145.22975267637867,194.5405,194.5405,2,2,0.0001011372888126988,False
984,,OCTOPUS WEB SOLUTION INC,broadband,2024-Q4,2024,4,346.91641957264403,29.37920506330076,346.91641957264403,29.37920506330076,63.764,63.764,2,1,0.0001011372888126988,False
135676,,National Institute for Emergency Medicine,broadband,2024-Q4,2024,4,19.30343680533811,46.01213490957872,19.30343680533811,38.50978129632361,29.5235,29.5235,2,2,0.0001011372888126988,False
139892,,Metropolitan Waterworks Authority,broadband,2024-Q4,2024,4,77.80043422818899,0.07619660950847623,77.80043422818899,0.07619660950847623,65.82,65.82,1,1,5.05686444063494e-05,False
27951,,Media Commerce Partners S.A,broadband,2024-Q4,2024,4,9.27939133679633,,9.27939133679633,,73.949,73.949,1,1,5.05686444063494e-05,False
18356,,Aware Corporation Autonomous System,broadband,2024-Q4,2024,4,170.41037452323258,4.759342730027891,170.41037452323258,4.759342730027891,78.87,78.87,1,1,5.05686444063494e-05,False
5580,,GTT Communications Netherlands B.V.,broadband,2024-Q4,2024,4,10.368780714926285,15.093582168783653,10.368780714926285,15.093582168783653,190.299,190.299,1,1,5.05686444063494e-05,False
133163,,PP Ontime Company Limited,broadband,2024-Q4,2024,4,11.751575287971576,5.946294186898469,11.751575287971576,5.946294186898469,217.918,217.918,1,1,5.05686444063494e-05,False
134095,,National ITMX Company Limited,broadband,2024-Q4,2024,4,94.39509322677334,,94.39509322677334,,29.218,29.218,1,1,5.05686444063494e-05,False
41095,,IPTP LTD,broadband,2024-Q4,2024,4,9.922391424277096,0.07537822602788627,9.922391424277096,0.07537822602788627,77.362,77.362,1,1,5.05686444063494e-05,False
38184,,Thaivivat Insurance,broadband,2024-Q4,2024,4,13.550380731928483,0.08321880934515744,13.550380731928483,0.08321880934515744,52.761,52.761,1,1,5.05686444063494e-05,False
134835,,Starry Network Limited,broadband,2024-Q4,2024,4,18.20644689025482,1.9610544632131544,18.20644689025482,1.9610544632131544,149.0,149.0,1,1,5.05686444063494e-05,False
56223,,"Thai Summit Autopart Industry Co.,Ltd",broadband,2024-Q4,2024,4,21.770222895316653,0.15030563344126946,21.770222895316653,0.15030563344126946,66.773,66.773,1,1,5.05686444063494e-05,False
137392,,KTB Securities (Thailand) Company Limited,broadband,2024-Q4,2024,4,94.99776051007771,,94.99776051007771,,27.432,27.432,1,1,5.05686444063494e-05,False
23883,,"Movaci Co., Ltd",broadband,2024-Q4,2024,4,4.594339172354542,,4.594339172354542,,245.478,245.478,1,1,5.05686444063494e-05,False
200017,,Elisteka UAB,broadband,2024-Q4,2024,4,74.21290339179245,55.682885592786015,74.21290339179245,55.682885592786015,173.687,173.687,1,1,5.05686444063494e-05,False
55932,,The Thai Bond Market Association,broadband,2024-Q4,2024,4,106.94938983524742,0.08960440686328479,106.94938983524742,0.08960440686328479,27.626,27.626,1,1,5.05686444063494e-05,False
9304,,HGC Global Communications Limited,broadband,2024-Q4,2024,4,5.336251972712851,,5.336251972712851,,220.292,220.292,1,1,5.05686444063494e-05,False
45533,,Comptroller General's Department,broadband,2024-Q4,2024,4,10.198162329043281,8.997530166343218,10.198162329043281,8.997530166343218,25.0,25.0,1,1,5.05686444063494e-05,False
17552,True,True Online,broadband,2025-Q1,2025,1,149.83374007716435,100.349107754733,75.63555329388143,40.90869637376214,64.45002018321671,31.528,504038,296192,25.690468484402118,True
45758,3BB,Triple T Broadband Public Company Limited,broadband,2025-Q1,2025,1,110.73131725997347,80.65950173491389,45.183526861023644,32.611402405128246,100.70663833257636,35.888,425120,155032,21.668072570101913,True
133481,AIS,AIS Fibre,broadband,2025-Q1,2025,1,152.07719083411857,119.917181224571,84.40136253559402,56.77121424467892,68.82513599340668,37.731,413890,168966,21.09568723193329,True
23969,NT,TOT Public Company Limited,broadband,2025-Q1,2025,1,80.4159677632178,66.0070352828742,35.05048330684453,19.44696951122095,98.9879960842645,61.8775,281862,87316,14.36631132563527,True
7470,True,"TRUE INTERNET Co.,Ltd.",broadband,2025-Q1,2025,1,44.72798622595473,27.029879868028093,20.217266739643005,8.016483579252675,33.914174999391776,27.173499999999997,82219,7253,4.190645602750304,True
131090,NT,National Telecom Public Company Limited,broadband,2025-Q1,2025,1,81.79056823540056,68.20726934191774,40.50985174700022,28.498528013675653,58.015397740614986,50.2545,63049,20811,3.2135639524660227,True
56309,,"Siamdata Communication Co.,Ltd.",broadband,2025-Q1,2025,1,39.97815105796407,9.499401418384794,21.801870003393454,1.7115276096533663,51.96246828888458,26.636,25692,579,1.3095034824780258,True
136538,AIS,AIS SUPER WiFi,broadband,2025-Q1,2025,1,87.87865506219347,58.83507017013611,48.02690511719329,23.92941587986708,42.161082116951725,34.058499999999995,22338,5417,1.1385524206598996,True
23974,,Ministry of education,broadband,2025-Q1,2025,1,84.02812872334488,68.47305347129944,47.58914163462002,26.571613569930083,109.70415721881757,65.01050000000001,22194,5934,1.1312128401882806,True
9931,NT,National Telecom Public Company Limited,broadband,2025-Q1,2025,1,38.366665071665984,32.145741353915305,11.52986869014113,8.00942716686314,56.46802490684449,46.442,15301,2437,0.779881394418351,True
132280,,Symphony Communication (Thailand) PCL.,broadband,2025-Q1,2025,1,78.65629408344451,64.52577263784777,48.50767419861258,31.80106483150933,47.827596262038725,35.003,10492,1095,0.5347699882515743,True
58955,,"Bangmod Enterprise Co., Ltd.",broadband,2025-Q1,2025,1,23.491836599871064,6.460540766799564,10.689016944513241,2.550402346625132,70.85078298845798,63.957,9622,197,0.4904266895688761,True
38794,United Information Highway,UIH,broadband,2025-Q1,2025,1,75.66479911800202,63.058304540910775,47.01427727357792,33.69880259997974,42.00046888384985,31.7185,7940,732,0.40469631211565954,True
4618,,Internet Thailand Company Limited,broadband,2025-Q1,2025,1,56.3783108225629,41.9562408809784,35.787527624106694,17.592526308563734,59.53071460269032,40.466,7215,2123,0.36774356321341106,True
4621,,UNINET-TH,broadband,2025-Q1,2025,1,93.73752540784726,80.04751900541196,46.12715039879928,24.783906259312488,56.82302992554409,38.635999999999996,6987,831,0.35612256080001425,True
45458,AIS,SBN-ISP/AWN-ISP and SBN-NIX/AWN-NIX,broadband,2025-Q1,2025,1,71.69248623403601,61.145295541747984,41.17484842833924,26.839549431840602,48.77471927825262,40.828,5265,616,0.26835341099357024,True
55423,,JasTel Network,broadband,2025-Q1,2025,1,60.99539091561797,54.36899947980052,31.344566622759018,24.343585923630616,42.77392635897435,29.404,4876,400,0.24852634985843275,True
4750,,CS LOXINFO PUBLIC COMPANY LIMITED,broadband,2025-Q1,2025,1,55.410875574043224,48.29913175650319,39.21208181025082,21.83431973634078,70.44569939610824,67.437,4473,542,0.22798571839966564,True
131293,,TOT Public Company Limited,broadband,2025-Q1,2025,1,63.41800533428202,52.41115590145687,33.27221575399613,28.094588144993825,63.66022600710901,56.225,3377,480,0.17212335592123204,True
45430,AIS,SBN-IIG/AWN-IIG transit provider,broadband,2025-Q1,2025,1,35.50080065020397,23.52452219903686,10.313864150532417,5.726085709565716,64.46353581060833,52.219,3337,2328,0.17008458356800452,True
135419,,"Cableconnect Co.,Ltd",broadband,2025-Q1,2025,1,97.2155649056844,59.04073004990573,68.75924767592477,40.12284920603422,49.81847480403137,29.0885,1787,80,0.09108215488043875,True
134100,,"Express Data Co.,Ltd",broadband,2025-Q1,2025,1,55.372613289431534,48.55064677162395,31.389137992615108,16.683940088234593,53.024521971496426,41.524,1685,108,0.0858832853797086,True
215540,,GLOBAL CONNECTIVITY SOLUTIONS LLP,broadband,2025-Q1,2025,1,6.424454713769983,7.0143613100846816,6.868828329089064,8.77578730906586,137.0906137026239,135.26749999999998,1372,10,0.0699298917157034,True
9464,,Prince of Songkla University (Sritrang'NET),broadband,2025-Q1,2025,1,86.52934077101374,95.4137660567839,68.96352539535583,57.96168265955984,48.08656181419166,42.96,1367,614,0.06967504517154995,True
56067,,453 Ladplacout Jorakhaebua,broadband,2025-Q1,2025,1,37.58308939625154,104.21131979056476,20.609186298627662,2.6832719368301126,67.86851406844106,29.299,1315,33,0.06702464111235419,True
9411,,"Kasetsart University, Thailand",broadband,2025-Q1,2025,1,118.04077305718455,104.22036499721108,73.70499009913931,32.71360233297227,42.328839107005386,30.014,1300,859,0.06626010147989388,True
(unknown),,,broadband,2025-Q1,2025,1,60.9689873837665,39.7962130796801,52.37236145105542,18.98320556765181,55.925078624078616,42.987,1221,133,0.062233526082269564,True
3839,,Chulalongkorn University,broadband,2025-Q1,2025,1,134.20310958835114,98.8717745911413,76.82906165090814,41.55463777814489,50.53751489361702,27.734,1175,572,0.05988893787605793,True
38082,,"True International Gateway Co., Ltd.",broadband,2025-Q1,2025,1,12.679220626156535,23.174262407144383,1.077393062580633,12.730848064693074,69.96747104580813,66.664,1157,70,0.05897149031710555,True
17479,,Chiang Mai University,broadband,2025-Q1,2025,1,54.554176489783195,44.81554596418299,43.36721044502302,20.839970402554957,186.39882544378696,209.266,1014,50,0.05168287915431723,True
4762,,"Mahidol University, Thailand",broadband,2025-Q1,2025,1,128.37093716974735,96.15122803719515,41.80488535579213,19.58470927184228,36.08864883955601,27.432,991,180,0.050510585051211414,True
9486,,King Mongkut's Institute of Technology Ladkrabang,broadband,2025-Q1,2025,1,104.92109799302877,80.29527054099493,81.66621047615612,50.44207989716645,88.61582842639594,78.371,986,418,0.05025573850705797,True
9546,,Ministry of University Affairs,broadband,2025-Q1,2025,1,73.0717054173818,52.43938764804625,52.363982906526495,32.45207113748064,68.69257871878393,69.0,921,188,0.04694273343306328,True
9562,,Mahasarakham University,broadband,2025-Q1,2025,1,57.00351516774255,71.33785945830836,35.385946301361486,28.50218714185595,83.78980528052806,77.874,909,104,0.04633110172709503,True
152734,,Maxnito Company Limited,broadband,2025-Q1,2025,1,47.138587458380144,62.19845845563714,22.639281713900235,48.66844555584187,237.95509922822492,361.511,907,3,0.04622916310943365,True
7693,,KSC Commercial Internet Co. Ltd.,broadband,2025-Q1,2025,1,84.33315850312574,69.2901214066525,39.483747733413935,19.17765396556542,38.89332063074901,29.436,761,142,0.038787644020153264,True
9649,,Information Technology Office,broadband,2025-Q1,2025,1,117.90350311741923,79.1089168490165,70.38833141627309,29.544434320521216,76.00203452855244,30.074,755,120,0.03848182816716914,True
9533,,King Mongkut's Institute of Technology North Bangkok,broadband,2025-Q1,2025,1,107.02781070458903,112.94389898958468,57.31442379094615,54.254403081849446,35.8352516644474,28.857,751,67,0.03827795093184639,True
7616,,JasTel Network,broadband,2025-Q1,2025,1,77.70907971889841,64.20427962226263,44.05127481114539,33.795563301261296,61.477381081081084,28.873,740,101,0.03771728853470883,True
9551,,King Mongkut's University of Technology,broadband,2025-Q1,2025,1,144.2594198234317,149.75109736610096,89.40910921928432,87.08640204792215,33.849747910863506,30.645,718,51,0.036595963740433696,True
147176,,"NZ Network Enterprise Co., Ltd.",broadband,2025-Q1,2025,1,40.1568838859114,19.55307655841467,36.192937360943226,6.219319733237533,40.798747603833874,25.0,626,47,0.03190678732801044,True
154177,,LIGHT NODE LIMITED,broadband,2025-Q1,2025,1,53.87734251892872,31.836096090323426,54.36163070783025,24.29174380348015,28.63045134228188,25.245,596,11,0.03037770806308981,True
133947,,Metropolitan Electricity Authority,broadband,2025-Q1,2025,1,93.79744411078416,138.81247900787798,93.87272195050483,100.24060623758334,31.988117132867135,30.0,572,6,0.029154444651153306,True
37992,,Thammasat University in thailand,broadband,2025-Q1,2025,1,87.46339175745973,91.8703593950237,47.6029150914321,31.661919768157315,31.34760632688928,26.922,569,222,0.029001536724661246,True
37932,,Rajamangala University of Technology Isan,broadband,2025-Q1,2025,1,105.55171191123691,110.52111049807549,85.81381085647006,67.49635836168873,82.5245764499121,72.337,569,100,0.029001536724661246,True
9903,,Rajamangala Institute of Technology,broadband,2025-Q1,2025,1,125.81283808280928,119.81585314454527,59.042629243747456,34.81721321688155,33.97713381555154,31.061,553,57,0.028186027783370243,True
135034,,Planet Communications Asia Public Company Limited,broadband,2025-Q1,2025,1,136.92336667541926,63.4855839985543,106.03424872567739,30.572731938465672,41.549001886792446,29.0,531,38,0.027064702989095118,True
138524,3BB,Triple T Broadband Public Company Limited,broadband,2025-Q1,2025,1,221.26166879731113,241.19580737908538,31.74632793403947,326.02438187796474,48.32774901960784,29.514000000000003,510,46,0.025994347503650678,True
133193,,Provincial Electricity Authority (PEA),broadband,2025-Q1,2025,1,58.19186583678303,35.02179750292871,30.100824977409808,25.558785510152035,45.29059959349594,30.9905,492,18,0.0250768999446983,True
147027,,Royal Thai Armed Force Headquarters,broadband,2025-Q1,2025,1,127.16562044687367,89.25842933094533,74.49307086408919,32.92219145842911,58.11713513513514,32.231,481,61,0.024516237547560736,True
55545,,Suranaree University of Technology,broadband,2025-Q1,2025,1,83.12956362068854,86.53911346043006,59.4803179540554,41.72551709258936,82.38527433628319,67.504,452,110,0.023038127591470794,True
45575,,Rajamangala University of Technology Srivijaya,broadband,2025-Q1,2025,1,80.9953844442095,104.95673828632786,50.895026844323084,66.43088306851524,50.42121917808218,47.76,438,48,0.022324557267841168,True
17887,,"T.C.C. Technology Co., Ltd.",broadband,2025-Q1,2025,1,73.37191689458744,51.563947961054616,53.19811030500114,28.897136593434745,83.45666978922716,76.419,427,58,0.021763894870703605,True
9335,NT,National Telecom Public Company Limited,broadband,2025-Q1,2025,1,36.721928077997326,15.810890540739834,20.75974621094477,2.135568046547415,61.442122065727695,59.478,426,31,0.021712925561872917,True
140618,,Silpakorn University,broadband,2025-Q1,2025,1,63.49971661835225,38.860230287377625,22.43961240792814,11.066423535399949,40.884269430051816,32.0,387,32,0.0197251225174761,True
138156,,"CSNE Co., Ltd.",broadband,2025-Q1,2025,1,5.238596544324666,2.1502413334634896,0.9749830770287391,0.15053730492333525,99.21630666666667,52.241,376,30,0.01916446012033854,True
136393,,Symphony Communication (Thailand) PCL.,broadband,2025-Q1,2025,1,87.30549001227298,25.36173454930724,42.62845752280896,16.090743709620128,49.15527925531915,37.317499999999995,376,128,0.01916446012033854,True
139657,,University of the Thai Chamber of Commerce,broadband,2025-Q1,2025,1,98.1878096543212,130.0958880108415,41.95976278365146,46.9787371572804,32.262221910112366,27.538,357,103,0.018196043252555475,True
138685,,Mahidol Wittayanusorn School,broadband,2025-Q1,2025,1,132.06991936354737,28.107416124667566,74.71425278390552,0.9947418077817691,43.70722857142858,30.222,316,137,0.016106301590497283,True
137850,,Mae Fah Luang University,broadband,2025-Q1,2025,1,110.2905501061321,125.4155064423932,84.26877281966884,93.97134094950889,77.96116835016836,76.385,297,22,0.015137884722714217,True
133880,,The Thai Red Cross Society,broadband,2025-Q1,2025,1,120.05175212070262,179.1097858234245,19.094430214649137,21.97451904971331,34.674619718309856,28.859,284,30,0.014475283707915279,True
149766,,Y.U.T Corporate Company Limited,broadband,2025-Q1,2025,1,15.081047700685916,5.046421975283508,14.698056688891572,2.1162398309558466,53.61136956521739,28.1325,276,52,0.014067529237269777,True
4767,,Computer Science,broadband,2025-Q1,2025,1,206.0527533242027,177.14557728439567,169.05311739586273,119.02496940962048,54.231185606060606,30.372500000000002,264,70,0.013455897531301527,True
38293,,Ministry of Foreign Affairs,broadband,2025-Q1,2025,1,58.944102629133454,35.51842205106932,57.71862373142926,6.2650861891501375,30.446852713178288,28.424999999999997,258,23,0.013150081678317401,True
23884,,Proen Corp Public Company Limited.,broadband,2025-Q1,2025,1,170.12478855830696,354.7725318829575,171.67698325975516,431.56841142589275,48.89323046875,27.994,256,42,0.013048143060656025,True
55403,,PTT Digital Solutions Company Limited,broadband,2025-Q1,2025,1,73.85820294049226,53.171364609171874,52.3424846586247,12.111988478391934,75.46553725490195,60.08,255,16,0.012997173751825339,True
151825,,Rangsit University,broadband,2025-Q1,2025,1,235.47457517868534,172.5577259612992,163.27469219442742,91.58053825469973,30.447580000000002,27.929000000000002,250,29,0.0127423272076719,True
134073,,The Revenue Department,broadband,2025-Q1,2025,1,55.54344331394796,39.58348693548458,41.44037066996266,18.46535247238303,70.59632173913043,31.085,231,17,0.011773910339888836,True
132618,True,Real Future Company Limited,broadband,2025-Q1,2025,1,5.9349257063298815,4.257762801661706,5.43981479027861,3.5083629552704463,53.083085585585586,43.68,223,185,0.011366155869243335,True
137241,,PibulSongkramRajabhat University,broadband,2025-Q1,2025,1,41.012243782702015,36.82809004987663,17.193572968750374,5.5425240146088095,75.29481308411214,75.2125,214,30,0.010907432089767147,True
132482,,Rajamangala University of Technology Rattanakosin,broadband,2025-Q1,2025,1,82.99499505911108,113.43768554797684,24.553868017834436,28.605645866210452,43.071707547169815,30.944000000000003,212,29,0.010805493472105772,True
45847,,"university network ,Nakornsitammarat, Thailand",broadband,2025-Q1,2025,1,75.11342437565861,77.62400397706827,30.828564678542072,29.03985120109254,47.96255000000001,39.8705,200,4,0.01019386176613752,True
4741,,"Samart Infonet Co., Ltd.",broadband,2025-Q1,2025,1,38.89345509694747,31.60782974509071,7.006453352836413,8.266468668311045,111.43340404040406,31.901,198,12,0.010091923148476145,True
38888,,"Milcom Co., Ltd. Internet Service Provider Bangkok",broadband,2025-Q1,2025,1,13.649105528424867,11.932715575523781,14.49940977732534,11.336007185769802,42.67320212765958,31.0,188,9,0.00958223006016927,True
136624,,Sakon Nakhon Rajabhat University,broadband,2025-Q1,2025,1,99.77138268999899,96.91844139520413,80.09839362951809,79.0688014788239,86.60101092896176,76.445,183,11,0.00932738351601583,True
137058,,Aeronautical Radio of Thailand Ltd.,broadband,2025-Q1,2025,1,20.363699259366413,13.57472900822431,10.168694297053266,0.9660664623231595,65.59034806629833,31.888,181,3,0.009225444898354456,True
18256,,Bank of Ayudhya Public Company Limited.,broadband,2025-Q1,2025,1,154.92645139437903,107.63479736237441,56.22321013214784,28.140388784880752,32.56964245810055,28.092,179,3,0.00912350628069308,True
38566,,NTTCTNET,broadband,2025-Q1,2025,1,57.67866129753024,31.826765862053158,35.329504397304646,11.909784997292437,45.0203595505618,31.3885,178,52,0.009072536971862393,True
136737,,Rajamangala University of Technology Krungtep,broadband,2025-Q1,2025,1,90.99209571902719,90.00929524344959,45.32020671679394,19.86065247935951,38.84142937853106,30.523,177,44,0.009021567663031705,True
135616,,Name: Thaksin University,broadband,2025-Q1,2025,1,25.60390654113138,19.230769237390017,11.797755910873514,8.533971572519295,50.66795428571427,47.0,175,12,0.00891962904537033,True
153182,,Sripatum University,broadband,2025-Q1,2025,1,23.713699852368226,18.51831692813387,15.004394660255855,17.83829795219741,46.55098843930636,31.976,173,10,0.008817690427708955,True
55760,,Mahanakorn University Of Technology,broadband,2025-Q1,2025,1,14.178776957986349,16.87819114978923,11.792527358503964,13.549705434499238,33.78394805194805,27.2235,154,73,0.00784927355992589,True
9475,,Walailak University,broadband,2025-Q1,2025,1,139.09636245967008,126.85985181583379,83.12989248823436,39.55508200298338,47.25519863013698,39.9995,146,15,0.00744151908928039,True
141714,,Nakhon Pathom Rajabhat University,broadband,2025-Q1,2025,1,103.67987047190553,215.8242274858017,62.66175932050935,162.72496950415317,35.77997931034483,29.79,145,23,0.007390549780449702,True
202036,,EXTREME COMMUNICATIONS TECHNOLOGY LIMITED,broadband,2025-Q1,2025,1,8.342537132646697,6.076309064077493,8.682672105826844,6.400916663278226,67.9398489208633,66.0,139,36,0.007084733927465577,True
150107,,Surundra Rajabhat University,broadband,2025-Q1,2025,1,38.734252928811486,63.8299985686277,31.44679217714775,56.30368854836032,71.41116058394161,72.038,137,2,0.006982795309804201,True
38450,,Ministry of Infomation Communication Technology,broadband,2025-Q1,2025,1,29.12370949399577,15.73496966757043,11.523868353934791,7.965791873503571,56.7207037037037,58.511,135,30,0.006880856692142826,True
138204,,"Sophon Broadband Networks co.,ltd",broadband,2025-Q1,2025,1,77.15049211010711,63.11664823413709,67.64465621790242,43.11650838336408,36.91355223880597,29.738500000000002,134,28,0.006829887383312139,True
55476,,"CP All Public Co., Ltd.",broadband,2025-Q1,2025,1,52.73480530005648,40.12639014775438,40.96599047181537,38.605543157553285,30.47654545454546,28.0855,132,3,0.006727948765650763,True
45255,,"Hi-tech Nittsu (Thailand) Co.,Ltd.",broadband,2025-Q1,2025,1,13.289118792254092,16.68164803025385,3.3895903030515164,12.805353559848301,69.5197421875,71.9365,128,1,0.006524071530328013,True
149800,,Org: Phramongkutklao College of Medicine.,broadband,2025-Q1,2025,1,79.37246754556026,84.63318336366461,69.64963154019529,40.799251550486375,41.161732283464566,29.751,127,49,0.006473102221497325,True
4274,,Assumption University,broadband,2025-Q1,2025,1,132.07090990277788,113.70204027522313,136.36708110657457,71.56706484701365,36.626925619834715,30.402,121,75,0.0061672863685132,True
7862,,Chevron Corporation,broadband,2025-Q1,2025,1,91.7740892846563,87.04803560131903,44.58145184014571,14.928288249731638,101.0029663865546,103.832,119,29,0.006065347750851825,True
18197,,"TOYOTA MOTOR ASIA PACIFIC Engineering and Manufacturing,",broadband,2025-Q1,2025,1,68.66213029455717,26.082927335797166,34.33810767690609,2.965745655090576,83.44921848739493,38.629,119,13,0.006065347750851825,True
141692,,PTT Global Chemical Public Company Limited,broadband,2025-Q1,2025,1,155.61085298122657,202.39634128624303,91.57565333555982,92.42079608708383,34.63863716814159,33.102,113,5,0.005759531897867699,True
132866,,Rajamangala University of Technology Suvarnabhumi under UniNet Network,broadband,2025-Q1,2025,1,104.51642704966196,120.29594976412108,68.72768680928267,63.03515534680377,39.91824761904761,34.223,105,35,0.005351777427222198,True
132117,,Ministry of Interior,broadband,2025-Q1,2025,1,44.76147128242672,25.250332285345554,36.79981390966395,26.136557198296654,34.23996153846154,26.9725,104,5,0.005300808118391511,True
4765,,Pacific Internet Pte Ltd,broadband,2025-Q1,2025,1,89.27211657189996,87.60240240935757,68.37412397692725,57.90372743757129,34.616805825242714,32.0,103,24,0.005249838809560823,True
147312,,Songkhla Rajabhat University Network.,broadband,2025-Q1,2025,1,143.43829411284455,156.92269029553654,92.74416806352542,80.38032548985177,46.43047058823529,41.036,102,1,0.005198869500730135,True
132250,,Princess of Naradhiwas University,broadband,2025-Q1,2025,1,82.63555430012687,37.37073669680692,46.36377112422271,13.546275040914464,52.1369603960396,46.106,101,5,0.005147900191899448,True
135129,,Rajamangala University of Technology Tawan-ok(Bangpra Campus),broadband,2025-Q1,2025,1,150.7461830662238,103.67984481523729,81.37072014698995,34.427578200006785,44.28451485148515,32.31,101,48,0.005147900191899448,True
139753,,"Valaya Alongkorn Rajabhat University Under The Royal Patronage,",broadband,2025-Q1,2025,1,147.98278740446503,150.8647821867675,78.21193937688388,49.56699276767338,34.009029702970295,31.4,101,6,0.005147900191899448,True
38265,,Sisaket Rajabhat University,broadband,2025-Q1,2025,1,75.16165071901462,118.08817144481253,48.23073986913961,123.26362752279358,75.43493939393939,75.127,99,5,0.005045961574238073,False
714,,Apple Inc.,broadband,2025-Q1,2025,1,223.62696671659316,185.729978198597,99.41783776456153,101.28878342917139,28.719154639175255,27.794,97,4,0.004944022956576697,False
135012,,Suan Dusit University,broadband,2025-Q1,2025,1,116.05839118076011,97.72378125498626,103.8544908998318,39.49114789822958,54.92282758620691,48.288,87,20,0.004434329868269821,False
136781,,Department of Alternative Energy Development and Efficiency,broadband,2025-Q1,2025,1,23.480838714876466,10.221912327357318,20.070478973965074,5.893604654599087,38.673172413793104,28.231,87,24,0.004434329868269821,False
134162,,ADVANCED WIRELESS NETWORK COMPANY LIMITED,broadband,2025-Q1,2025,1,344.74812232521987,370.84943886867336,324.0018875130268,361.83255273407406,55.06328735632185,59.983,87,20,0.004434329868269821,False
24328,,Yala Rajabhat University Education,broadband,2025-Q1,2025,1,132.96101732199844,146.7308186336007,89.92686540197279,92.57700947655256,45.78828235294117,43.395,85,21,0.004332391250608446,False
132879,,Rajabhat Mahasarakham University,broadband,2025-Q1,2025,1,71.39374143880762,60.719184104687315,41.50825948384251,31.943609214753607,83.8467469879518,74.229,83,46,0.004230452632947071,False
24453,,Chandrakasem Rajabahat University,broadband,2025-Q1,2025,1,137.96539224315654,89.89887049442619,102.03095930146216,15.69642592863697,30.184865853658536,29.0,82,12,0.004179483324116383,False
138670,,Ngern Tid Lor Company Limited,broadband,2025-Q1,2025,1,33.863751038108425,37.77222477669216,19.277608632520504,11.208066619973913,30.585268292682922,27.795499999999997,82,15,0.004179483324116383,False
140725,,Thai Customs Department,broadband,2025-Q1,2025,1,27.263306064438602,21.836281066032324,16.03853366571885,4.832132959321292,58.750725,25.808500000000002,80,1,0.004077544706455008,False
154088,,MI Squared Company Limited (Branch 00003)/JW Marriott Phuket Resort & Spa,broadband,2025-Q1,2025,1,31.00853557401155,26.546384386594987,28.27503723289262,18.461739322956408,65.36832911392405,70.815,79,3,0.004026575397624321,False
140699,,Royal Thai Army,broadband,2025-Q1,2025,1,44.61225469491493,31.874877619065238,39.884155837687096,19.481321011143095,50.04385897435897,32.911,78,13,0.003975606088793633,False
134690,,Chulachomklao Royal Military academy member of UniNet,broadband,2025-Q1,2025,1,10.987059263130591,7.61910611540139,11.4841577529105,8.926772934811291,32.64271794871796,29.835500000000003,78,3,0.003975606088793633,False
131257,,"Suratthani ratjabhat university, Thailand",broadband,2025-Q1,2025,1,163.1585123441522,170.99806761804936,90.65309322004661,89.80410315705507,48.533919999999995,45.343,75,5,0.00382269816230157,False
150300,,"The Permanent Secretary, Ministry of Transport of Thailand",broadband,2025-Q1,2025,1,96.88788487745542,56.55260918107745,63.510269012709784,10.12762695373402,46.56814864864866,56.101,74,12,0.0037717288534708823,False
63951,,THAICOM Public Company Limited,broadband,2025-Q1,2025,1,16.392958332131894,1.823942168680499,15.374827368854964,1.0608959026061064,122.88313698630138,63.846,73,13,0.003720759544640195,False
133919,,"University campus network, Rajamangala University of Technology Phra Nakhon",broadband,2025-Q1,2025,1,166.3660701162974,133.37668482041366,91.59583307874992,50.22396315677421,43.0377397260274,31.475,73,35,0.003720759544640195,False
56112,,"Muang Thai Life Assurance Co., Ltd.",broadband,2025-Q1,2025,1,66.69662989362793,26.354795945580253,23.144106193633633,7.07393920775806,76.95372222222221,76.08449999999999,72,2,0.0036697902358095074,False
141736,,"Wisepaq Business Solutions Provider Co., Ltd.",broadband,2025-Q1,2025,1,16.32398101405956,13.369829681029502,5.660747559313778,8.135649396525904,51.573685714285716,32.978,70,1,0.003567851618148132,False
55451,,Office of the National Broadcasting and,broadband,2025-Q1,2025,1,142.6056441591292,144.03959338516862,89.74412949820461,91.99286714212205,45.783338235294124,30.7905,68,22,0.003465913000486757,False
132493,,"Lampang-Meatha Rd., Thambon Chomphu Ampher Maung Lampang 52100",broadband,2025-Q1,2025,1,52.182797026938175,64.22797374292016,45.53085776339698,66.82304763369493,182.87645454545458,213.94299999999998,66,5,0.0033639743828253817,False
139702,,Central Investigation Bureau,broadband,2025-Q1,2025,1,134.53844108786484,114.02251693472917,99.67522804812528,65.24110393876002,33.11398461538461,26.826,65,9,0.003313005073994694,False
134089,,JasTel Network,broadband,2025-Q1,2025,1,195.9825803818779,255.80123243936842,110.83639103391111,93.34311982205011,33.87184615384616,27.299,65,1,0.003313005073994694,False
134509,,1-TO-ALL COMPANY LIMITED,broadband,2025-Q1,2025,1,96.99158881264468,39.70234733962021,101.03851251500461,20.328019382846822,37.475640625,35.4865,64,3,0.0032620357651640063,False
138003,,Royal Police Cadet Academy,broadband,2025-Q1,2025,1,110.69166104710017,80.48326505554559,62.35633493707114,71.17304464509904,38.41488888888888,30.903,63,5,0.003211066456333319,False
135063,,POP NIX COMPANY LIMITED,broadband,2025-Q1,2025,1,10.450217354639063,4.652262428131236,3.426638104574626,0.9433545502172018,108.4223870967742,93.2065,62,4,0.0031600971475026314,False
132838,,"United Information Highway Co.,Ltd.",broadband,2025-Q1,2025,1,52.68982957475046,37.22610907689172,49.40205207584073,23.81067538932461,37.10783050847458,29.89,59,17,0.0030071892210105683,False
45254,,"Internet Solution & Service Provider Co., Ltd.",broadband,2025-Q1,2025,1,179.2086572927548,83.3966239366632,132.74663591960578,46.11014304586465,33.73996363636363,32.611,55,5,0.002803311985687818,False
140326,,Symphony Communication Public Company Limited for TC,broadband,2025-Q1,2025,1,10.345644790318461,6.979379693713849,7.974515298559046,7.635871509080589,59.89798181818181,56.601,55,3,0.002803311985687818,False
23683,,"BoonRawd Brewery Co.,LT",broadband,2025-Q1,2025,1,18.075612810461966,12.055380033760212,14.979961041300434,3.6771757316234686,32.44670370370371,29.7075,54,3,0.0027523426768571303,False
55642,,Control Data (Thailand) Ltd,broadband,2025-Q1,2025,1,132.29991042571737,141.01475191513717,139.08708795885664,131.80180612604482,44.4704423076923,33.560500000000005,52,3,0.0026504040591957554,False
133581,,"Thailand Post Co,.Ltd.",broadband,2025-Q1,2025,1,129.15750815169537,105.98260011037921,84.4075355054787,63.828889754427024,34.755480769230765,30.3975,52,18,0.0026504040591957554,False
55498,,"Greenline Synergy Co.,Ltd.",broadband,2025-Q1,2025,1,59.37545628425558,43.087099407038274,40.79403835727102,35.57552241301483,52.28766,33.2475,50,2,0.00254846544153438,False
133042,,Office of the basic education commission,broadband,2025-Q1,2025,1,132.35488064485972,130.87438858791464,85.80836408618234,73.58291873524145,31.545880000000007,28.661499999999997,50,34,0.00254846544153438,False
17827,,Sukhothai Thammathirat Open University,broadband,2025-Q1,2025,1,161.49353484542726,132.15601189184738,122.66051890430722,72.38951532906114,43.12648,30.926000000000002,50,36,0.00254846544153438,False
137198,,Phranakorn Rajabhat University,broadband,2025-Q1,2025,1,77.2022408352251,91.99610815279031,53.5041664365013,35.03614616384068,34.60602083333333,28.9665,48,4,0.002446526823873005,False
141214,,Geo-Informatics and Space Technology Development Agency,broadband,2025-Q1,2025,1,341.2068194356947,237.35411058523775,350.1984663176607,259.5161525945416,63.64073333333334,29.0,46,2,0.0023445882062116297,False
45530,,Agoda Company Pte. Ltd.,broadband,2025-Q1,2025,1,57.82758318766084,34.98893961236862,63.730628894166244,34.74470121176014,41.82630434782608,30.0,46,4,0.0023445882062116297,False
151040,,"Urban Resort Hotel Co.,Ltd.",broadband,2025-Q1,2025,1,84.69143306705718,59.380185573555494,96.44638879891295,48.621917896711345,45.13304545454545,32.88549999999999,44,2,0.0022426495885502543,False
45800,,"Suan sunandha Rajabhat University, which is one university in Thailand",broadband,2025-Q1,2025,1,8.840313664020535,15.47679413216741,7.673570809494123,15.648749329948465,60.72881818181818,63.2375,44,4,0.0022426495885502543,False
10227,,Institute Rajabhat Suandusit,broadband,2025-Q1,2025,1,76.30339076323722,128.24372949486806,36.56831830365595,100.63246855401704,83.04013953488374,56.032,43,12,0.002191680279719567,False
7715,,GSB,broadband,2025-Q1,2025,1,64.60276425302254,57.54363706001102,33.50126630298032,66.53541159569193,27.42639534883721,27.0,43,2,0.002191680279719567,False
38296,,National Science and Technology Development Agency,broadband,2025-Q1,2025,1,167.11764320383568,166.1907549835202,110.00930700445231,88.11089304553477,32.68414634146341,30.068,41,12,0.0020897416620581917,False
131246,,"LOEI university network ,LOEI, Thailand",broadband,2025-Q1,2025,1,66.12776886684244,44.015751192801844,40.95722440658014,20.487033561669794,79.337975,77.40350000000001,40,6,0.002038772353227504,False
4776,,"A-Net Co., Ltd.",broadband,2025-Q1,2025,1,96.34652144435934,67.446568808645,44.1358066267074,33.43540142014637,45.93638461538461,28.72,39,7,0.0019878030443968163,False
24393,,The Secretariat of House of the Representive,broadband,2025-Q1,2025,1,60.121473745199026,58.82988290015878,58.87333604860775,54.85733633264164,29.926783783783783,27.797,37,3,0.0018858644267354412,False
38228,,"Ministry Of Defence, Thailand",broadband,2025-Q1,2025,1,136.05532691216678,123.69395057392455,98.47945436007087,50.06407612026976,37.13681081081081,31.84,37,2,0.0018858644267354412,False
134064,,The Chulabhorn Graduate Institute Campus Network Member of UniNet,broadband,2025-Q1,2025,1,68.49064175863766,72.0257514734667,18.977332057636293,14.1014016,28.064055555555555,28.778,36,10,0.0018348951179047537,False
38589,,Education Network,broadband,2025-Q1,2025,1,194.17685903632793,209.74420374601374,156.58019808745564,110.1929086785996,34.53541666666667,29.2465,36,11,0.0018348951179047537,False
55925,,"469 Nakronsawan.Rd, Chidrada Dusit",broadband,2025-Q1,2025,1,25.094253473635472,24.410337960034706,27.934822832588583,10.213418735149896,30.039199999999994,27.235,35,3,0.001783925809074066,False
132201,,Land and Houses Bank Public Company Limited,broadband,2025-Q1,2025,1,146.50501593440114,137.0505525948148,136.9044738001885,122.11190767567517,29.12442857142857,27.0,35,1,0.001783925809074066,False
138616,,"Sanuk Systems (Thailand) Co., Ltd",broadband,2025-Q1,2025,1,120.92561473374606,102.85521680650747,59.12862819676052,56.44524068085413,47.85154285714286,37.517,35,11,0.001783925809074066,False
55488,,Nakorn Ratchasima Rajabhat University,broadband,2025-Q1,2025,1,110.4411212926413,134.62479927035105,56.91353473640991,11.138805827863042,103.98324242424243,69.102,33,19,0.0016819871914126908,False
24344,,Chiangmai Rajabhat University,broadband,2025-Q1,2025,1,37.196635280984964,37.25693419541289,23.179607606438875,12.541653704469994,307.29966666666667,359.612,33,4,0.0016819871914126908,False
45455,,"Two S One N Co Ltd, Internet Service Provider and IT Solutions",broadband,2025-Q1,2025,1,77.5244076179154,59.30669895163763,47.99975612937776,37.52368643841526,33.49287878787879,32.035,33,5,0.0016819871914126908,False
9891,,CS LOXINFO Public Company Limited.,broadband,2025-Q1,2025,1,46.40386398149158,26.032908941938363,18.494113708016794,4.688904514043041,89.08909090909091,67.699,33,13,0.0016819871914126908,False
131221,,Petchaburi Rajabhat University,broadband,2025-Q1,2025,1,75.44096633879374,79.01393169378699,5.448503068567202,38.30520532385283,50.90065517241379,36.591,29,7,0.0014781099560899405,False
141730,,Pacific Technologies and Network Philippines Incorporation,broadband,2025-Q1,2025,1,70.44550781716651,97.39907389876613,42.68100535549945,82.72839809683788,59.068896551724144,28.546,29,1,0.0014781099560899405,False
139329,,Siam Piwat Company Limited,broadband,2025-Q1,2025,1,58.023964948032614,38.45958100438456,32.9345628761656,32.57198275040085,40.09437037037037,33.621,27,1,0.0013761713384285652,False
132300,,"NIPA TECHNOLOGY CO., LTD",broadband,2025-Q1,2025,1,16.163806577400308,21.856617229987943,5.011913132841435,11.760598658526694,37.44766666666666,26.615,27,10,0.0013761713384285652,False
140075,,Roi et Rajabhat University,broadband,2025-Q1,2025,1,70.02777693258038,101.82449412504694,50.586003461157226,77.398257858598,71.99648148148148,73.661,27,1,0.0013761713384285652,False
24042,,"Bangkok Airways Co., Ltd.",broadband,2025-Q1,2025,1,147.3733113789431,131.45308725906483,88.56965640808673,59.61988927425467,31.80330769230769,32.018,26,2,0.0013252020295978777,False
138353,,NIST INTERNATIONAL SCHOOL,broadband,2025-Q1,2025,1,165.0013586974748,60.112561244323125,102.56468645895715,29.302155482684157,44.016000000000005,32.094,25,1,0.00127423272076719,False
4827,,CSLOXINFO,broadband,2025-Q1,2025,1,72.81192679497249,38.24200299427863,45.4850132382498,20.620739477611963,84.76360000000001,73.387,25,2,0.00127423272076719,False
55938,,Expressway Authority of Thailand,broadband,2025-Q1,2025,1,133.07443620168547,247.50288009246586,93.22392208567516,137.82941158429418,40.39556,30.132,25,2,0.00127423272076719,False
152461,,Department of Lands,broadband,2025-Q1,2025,1,174.29763663690244,25.534848284084752,66.18684984265336,13.913388422658166,62.953680000000006,30.472,25,1,0.00127423272076719,False
132013,,True Internet assigned for ICS,broadband,2025-Q1,2025,1,128.528582005769,124.1586009570256,140.18545546283323,72.74636395781918,34.97917391304349,33.762,23,1,0.0011722941031058148,False
135528,,Muban Chombueng Rajabhat University,broadband,2025-Q1,2025,1,192.0358069285843,275.7647217057937,181.71264181272736,282.54164909602486,37.36849999999999,30.7055,22,5,0.0011213247942751272,False
24083,,Siam City Cement Public Company Limited,broadband,2025-Q1,2025,1,35.534846220876084,28.9360285161804,19.846237383703233,8.683754673207623,44.73159090909091,36.338499999999996,22,2,0.0011213247942751272,False
45959,,"Thai Reinsurance Public Co., Ltd.",broadband,2025-Q1,2025,1,85.93881750529883,63.61907859645988,67.01265857363781,54.01826324389172,85.76990476190475,67.247,21,2,0.0010703554854444397,False
136457,,THAIAIRASIA CSL,broadband,2025-Q1,2025,1,147.5048358482232,84.92321827416092,103.49838565533244,68.76039394223024,56.55714999999999,64.3455,20,3,0.001019386176613752,False
133328,,Bangkok Patana School,broadband,2025-Q1,2025,1,210.2021741372965,113.32251504000224,222.70853189602212,54.70698124941437,30.853550000000002,29.2045,20,2,0.001019386176613752,False
56118,,OCSC,broadband,2025-Q1,2025,1,55.123360362495376,25.573443618769105,17.56571920790697,24.121951780032997,30.445052631578942,24.98,19,1,0.0009684168677830644,False
152915,,The Office of the Securities and Exchange Commission (Head Office),broadband,2025-Q1,2025,1,78.16493168395388,93.06087439109021,17.645862703306676,15.902173697826303,47.19883333333334,35.519999999999996,18,3,0.0009174475589523768,False
63989,,DE-CORP,broadband,2025-Q1,2025,1,66.93434346223727,18.758068866408195,73.23003748850341,0.685541939475295,85.6563888888889,69.9135,18,7,0.0009174475589523768,False
32043,,NeoFiber Communications inc.,broadband,2025-Q1,2025,1,25.310536841081525,1.8249011633524668,13.201793419686249,1.0795104501540194,113.3894705882353,59.0,17,11,0.0008664782501216893,False
56554,,IETF Meeting Network,broadband,2025-Q1,2025,1,77.2827543529437,97.38608468219057,58.35716899221242,68.65026476449695,53.8821875,41.8455,16,12,0.0008155089412910016,False
140032,,United Overseas Bank (Thai) Public Company Limited,broadband,2025-Q1,2025,1,446.5755945801279,423.7529672582402,446.05802015528667,456.78630813028985,29.310000000000002,29.0,16,1,0.0008155089412910016,False
138427,,Thailand Institute of Nuclear Technology (Public Organization),broadband,2025-Q1,2025,1,130.33613272519563,154.19141734346059,134.7587390402737,179.82591958798122,32.485937500000006,30.3425,16,2,0.0008155089412910016,False
45229,,"United Nation - Property Management Sub-unit, Thailand",broadband,2025-Q1,2025,1,239.0157401669366,220.6262644661971,221.15745547806083,201.66279861624582,40.17246666666666,32.98,15,3,0.000764539632460314,False
135161,,"GMO-Z com NetDesign Holdings Co., Ltd.",broadband,2025-Q1,2025,1,40.938215062511176,7.540358247827343,31.25516792009122,1.740238942480943,126.86193333333334,127.872,15,2,0.000764539632460314,False
38328,,Ministry of Finance,broadband,2025-Q1,2025,1,139.91853860272346,58.68487025115439,152.84618093079902,48.05658342207413,30.962333333333337,29.0,15,2,0.000764539632460314,False
149762,,"Hakuhodo (Bangkok) Co., Ltd.",broadband,2025-Q1,2025,1,104.9848333169419,226.3190758766627,104.09850855916532,240.08764907030132,28.580357142857146,29.1815,14,3,0.0007135703236296264,False
136035,,Department of Tourism,broadband,2025-Q1,2025,1,47.78240706662559,64.30191411968661,24.3824037634348,21.154944461977784,37.89278571428571,28.7725,14,2,0.0007135703236296264,False
133909,,Siam E Business Limited Partnership,broadband,2025-Q1,2025,1,66.63717637367603,40.363686606758556,62.83361962112639,27.926448917681732,30.65657142857143,30.144,14,6,0.0007135703236296264,False
138962,,Bangkok Insurance Public Company Limited,broadband,2025-Q1,2025,1,49.78759901978595,40.19026980491014,28.68765898453639,7.556281419899456,52.764428571428574,27.4155,14,3,0.0007135703236296264,False
45752,,Provincial waterworks authority,broadband,2025-Q1,2025,1,149.1990888929117,99.009385546187,134.62959592692476,96.45726764415163,30.003214285714282,30.03,14,3,0.0007135703236296264,False
135381,,SiS Distribution (Thailand) Public Company Limited ,broadband,2025-Q1,2025,1,9.455721384006141,5.716389781240054,7.3172123345950055,6.766262090210006,30.840785714285712,27.891,14,7,0.0007135703236296264,False
45537,,C/o Cs Loxinfo Public Company Limited,broadband,2025-Q1,2025,1,123.40510811331822,16.084800573014917,81.54374318693155,12.860266906362316,39.110615384615386,29.543,13,3,0.0006626010147989388,False
45581,,INFONET THAILAND ISP,broadband,2025-Q1,2025,1,13.574396657569988,14.803317409066612,5.10804270089648,1.193417636916494,31.79323076923077,30.64,13,6,0.0006626010147989388,False
133761,,Mr. Naphat,broadband,2025-Q1,2025,1,76.8076808061967,31.166371025208818,22.477653258668532,5.481784311747055,30.574230769230773,29.796,13,3,0.0006626010147989388,False
151672,,government agency,broadband,2025-Q1,2025,1,29.506118130672633,20.22216801134243,35.65983899009517,14.659564406392034,28.318307692307695,25.689,13,2,0.0006626010147989388,False
150686,,State Railway of Thailand,broadband,2025-Q1,2025,1,112.455178681554,85.91713391260612,68.71001101537341,30.21960918347563,26.585333333333335,25.8995,12,2,0.0006116317059682513,False
137545,,KPN AWARD,broadband,2025-Q1,2025,1,118.67104058952309,16.51904860588782,129.31107945612598,14.883802881336154,59.33250000000001,65.251,12,2,0.0006116317059682513,False
149503,,Name: Mahamakut Buddhist University network.,broadband,2025-Q1,2025,1,108.99402638971233,123.91524816234961,88.32688942889003,92.20883468845136,30.253909090909087,29.669,11,1,0.0005606623971375636,False
151985,,"King Power Corporation Co., Ltd.",broadband,2025-Q1,2025,1,108.0464504597558,61.69072317038842,92.27787948372223,41.33670247734047,35.08345454545455,28.421,11,1,0.0005606623971375636,False
138906,,Ministry of Culture,broadband,2025-Q1,2025,1,98.39230001791952,84.54458479995688,94.80800041990658,77.29768304455973,28.68509090909091,29.137,11,1,0.0005606623971375636,False
149036,,Waterfront Hotel c/o Symphony Communication Public Company Limited,broadband,2025-Q1,2025,1,95.87466083938229,59.796441063644984,93.75982812665939,52.5561537450862,42.28918181818182,28.71,11,2,0.0005606623971375636,False
135141,,Rajamangala University of Technology Lanna,broadband,2025-Q1,2025,1,44.44373214333649,4.6656166419712575,41.669139940341914,4.6656166419712575,90.60981818181818,83.196,11,7,0.0005606623971375636,False
141162,,CIMB Thai Bank Public Company Limited,broadband,2025-Q1,2025,1,164.84465967088033,91.9486417830357,179.57599577455127,26.854914123341842,38.7541,30.262,10,6,0.000509693088306876,False
63972,,SOCIAL,broadband,2025-Q1,2025,1,88.7497259364919,29.010736612553714,31.120535489963274,14.541082635669458,31.343400000000003,27.678,10,1,0.000509693088306876,False
137394,,Dhonburi Rajabhat University,broadband,2025-Q1,2025,1,220.68219586471542,261.09768388864563,100.58576020127644,159.00819523732767,31.291500000000003,31.195500000000003,10,1,0.000509693088306876,False
139724,,Tobacco Authority of Thailand,broadband,2025-Q1,2025,1,26.439902962204556,3.445904398053973,5.271673906721127,4.4624108735482,53.11588888888889,27.992,9,2,0.0004587237794761884,False
45533,,Comptroller General's Department,broadband,2025-Q1,2025,1,31.536778703977898,57.65351326137482,16.57047705882953,7.792254959822037,34.12566666666666,26.0,9,3,0.0004587237794761884,False
56117,,KIATNAKIN,broadband,2025-Q1,2025,1,90.7074691313954,66.51192364246432,78.83652838780121,67.51673247056775,64.18088888888889,63.799,9,1,0.0004587237794761884,False
24455,,The Siam Cement Group,broadband,2025-Q1,2025,1,168.01325807758536,92.97745324717256,125.8323326228162,84.96161350076093,50.72422222222222,61.0,9,3,0.0004587237794761884,False
140660,,Satit Pattana School,broadband,2025-Q1,2025,1,239.42384187575868,183.93885269934904,278.55542900990656,37.27077914207852,32.352222222222224,27.763,9,1,0.0004587237794761884,False
45806,,Siam Commercial Bank,broadband,2025-Q1,2025,1,56.77940501204631,64.94429615781351,16.82687570230681,6.708692576113103,65.83677777777777,31.376,9,4,0.0004587237794761884,False
133376,,"LAZADA Co.,Ltd.",broadband,2025-Q1,2025,1,31.86592969246828,31.943707361105076,26.409504089639086,16.216803826556937,27.019125,26.61,8,1,0.0004077544706455008,False
17565,,"Advance Datanetwork Communications Co.,Ltd. BuddyB service. Bangkok",broadband,2025-Q1,2025,1,16.98420198007052,10.855664177109702,14.047004016804735,12.924253650110025,33.317125,33.3765,8,1,0.0004077544706455008,False
134695,,Mass Rapid Transit Authority of Thailand,broadband,2025-Q1,2025,1,90.13681046346412,51.40194583027687,61.357788423617095,56.93990990991736,35.57425,32.09,8,2,0.0004077544706455008,False
141207,,Thai Life Insurance PCL.,broadband,2025-Q1,2025,1,48.306533671457,39.92445063333529,59.11909267863638,41.3241275173808,36.973375,35.117000000000004,8,1,0.0004077544706455008,False
151808,,Hatyai University.,broadband,2025-Q1,2025,1,132.86218161509674,72.42357780905586,143.45528078518004,39.048848030228136,49.065000000000005,40.5,8,1,0.0004077544706455008,False
141715,,"Apex Circuit (Thailand) Co.,Ltd.",broadband,2025-Q1,2025,1,108.22584224790494,68.55996946942102,114.69374796445784,70.2297293283834,28.821571428571428,28.724,7,2,0.0003567851618148132,False
9339,,CSLOXINFO,broadband,2025-Q1,2025,1,29.335669407354462,19.47405881851733,36.72714723642638,14.58101678191826,47.89499999999999,60.0,7,3,0.0003567851618148132,False
134240,,Super Broadband Network Company Limited,broadband,2025-Q1,2025,1,45.03698239159538,39.564125142742355,33.620818192799796,25.42745177098071,34.05542857142857,35.118,7,5,0.0003567851618148132,False
139889,,Department of Fisheries,broadband,2025-Q1,2025,1,198.5137714213977,34.87187811800456,180.06161971478505,10.487656900964742,33.75466666666667,29.55,6,1,0.00030581585298412563,False
138215,,Royal Thai Police,broadband,2025-Q1,2025,1,172.5106399622891,83.71849477333764,87.96858078912183,24.75325566558479,37.983,28.746,6,2,0.00030581585298412563,False
135635,,Tourism authority of Thailand,broadband,2025-Q1,2025,1,51.86378148941995,34.50033299145298,45.235909246589756,43.0556086665392,30.349500000000003,30.878999999999998,6,1,0.00030581585298412563,False
147187,,Bualuang Securities,broadband,2025-Q1,2025,1,288.0514335960042,414.69124245119804,352.41820755536554,414.69124245119804,27.038400000000003,26.691,5,2,0.000254846544153438,False
134835,,Starry Network Limited,broadband,2025-Q1,2025,1,15.852005992281207,3.5425995165509905,18.471697429278976,3.5425995165509905,145.5168,143.313,5,2,0.000254846544153438,False
400031,,GigaPacket LLC,broadband,2025-Q1,2025,1,73.03907377526744,21.59770566832224,72.25448509102982,1.3952546707750226,172.9968,173.0,5,2,0.000254846544153438,False
38040,,TOT Public Company Limited,broadband,2025-Q1,2025,1,116.95394915759839,33.2903963159799,132.83698596385128,39.47917108338171,172.4604,74.418,5,3,0.000254846544153438,False
45248,,"United Information Highway Co.,Ltd",broadband,2025-Q1,2025,1,42.651180485446744,93.03205182367071,0.249188713049358,57.89367537011941,38.3666,31.955,5,2,0.000254846544153438,False
131447,,POPIDC powered by CSLoxinfo,broadband,2025-Q1,2025,1,116.95256016940553,19.591902931814815,55.60267901397608,19.591902931814815,74.81200000000001,70.488,5,3,0.000254846544153438,False
137919,,BTS,broadband,2025-Q1,2025,1,134.15869168434583,85.69095900589758,128.44491086701422,92.26322856771432,38.916399999999996,26.75,5,1,0.000254846544153438,False
23932,,Internet Service Provider,broadband,2025-Q1,2025,1,46.99078475858458,22.171447082949676,40.36791749292124,18.921740575535022,40.5628,35.024,5,4,0.000254846544153438,False
137977,,ONE TO ONE CONTACTS PUBLIC COMPANY LIMITED ,broadband,2025-Q1,2025,1,49.0320980399015,15.179404874277866,47.35977167432693,7.576951188716087,42.559999999999995,28.56,5,3,0.000254846544153438,False
136906,,NNCK,broadband,2025-Q1,2025,1,14.65522731628062,3.5352043528451436,10.241463734538796,1.1209691657737242,30.8525,28.572,4,4,0.0002038772353227504,False
9835,,Government Information Technology Services,broadband,2025-Q1,2025,1,38.49066341999076,18.64999772374648,37.643641745571486,18.64999772374648,45.920249999999996,44.7765,4,3,0.0002038772353227504,False
55325,,Eastern Water Resources Development and Management Company,broadband,2025-Q1,2025,1,166.1755319501505,70.84799659102853,180.95131826415647,70.84799659102853,39.423,29.1695,4,2,0.0002038772353227504,False
38886,,"The Government Lottery Office, Thailand",broadband,2025-Q1,2025,1,216.7205302226619,333.5432647693397,200.90699409692508,429.5104556880459,87.01725,25.6965,4,4,0.0002038772353227504,False
38820,,CSLOXINFO,broadband,2025-Q1,2025,1,95.3508686205229,70.97110505670848,105.91684634886367,67.33144613937236,31.72025,31.657000000000004,4,1,0.0002038772353227504,False
55514,,Electricity Generating Authority of Thailand (EGAT),broadband,2025-Q1,2025,1,93.40535852484916,97.60941547311927,86.05163228239206,77.35504113144331,47.4315,30.9215,4,4,0.0002038772353227504,False
142131,,AEON Thana Sinsap (Thailand) Public Company Limited,broadband,2025-Q1,2025,1,64.23122506303922,172.74800182035867,60.1118293387204,172.74800182035867,29.359499999999997,29.39,4,1,0.0002038772353227504,False
24214,,CSLOXINFO,broadband,2025-Q1,2025,1,115.21016016232406,100.32926178567268,77.2143780242928,38.430932357165055,64.82875,65.25999999999999,4,2,0.0002038772353227504,False
17823,,"T.H.NIC Co.,Ltd.",broadband,2025-Q1,2025,1,17.123792327783,4.066455205342914,5.325849206693288,4.066455205342914,161.7335,203.954,4,2,0.0002038772353227504,False
137566,,Data Zone Company Limited,broadband,2025-Q1,2025,1,45.76037528480482,46.45569417474946,45.918139465979436,46.45569417474946,31.984,32.468,4,1,0.0002038772353227504,False
135586,,INTERLINK COMMUNICATION PCL.,broadband,2025-Q1,2025,1,171.00685318870487,65.95369312787953,211.5523781105353,47.07364703176484,46.20033333333333,48.302,3,1,0.00015290792649206282,False
140983,,Dhipaya Insurance Public Co. Ltd.,broadband,2025-Q1,2025,1,83.9151606880715,,84.90217475528671,,38.63666666666666,27.0,3,2,0.00015290792649206282,False
135676,,National Institute for Emergency Medicine,broadband,2025-Q1,2025,1,24.10465385472284,1.340713701290178,17.978977681906365,1.340713701290178,30.549999999999997,28.785,3,2,0.00015290792649206282,False
24190,,The Stock Exchange of Thailand,broadband,2025-Q1,2025,1,114.0645084442189,172.68729414214627,118.70074934014987,174.64577481344213,29.587333333333333,29.105,3,1,0.00015290792649206282,False
200017,,Elisteka UAB,broadband,2025-Q1,2025,1,54.0170892802737,39.503491598697,65.4926811537658,53.50857150399519,186.90966666666668,192.593,3,2,0.00015290792649206282,False
37983,,CSLOXINFO,broadband,2025-Q1,2025,1,103.01816699444005,168.26819012872338,91.58378513565769,216.3681624,65.55,66.0,3,1,0.00015290792649206282,False
56223,,"Thai Summit Autopart Industry Co.,Ltd",broadband,2025-Q1,2025,1,57.14150664724505,5.305312617072256,63.51604256258639,5.730508867612144,65.81033333333333,65.095,3,1,0.00015290792649206282,False
45197,,"Boonthavorn Co., Ltd.",broadband,2025-Q1,2025,1,2.117313905817135,0.7362620936127285,2.1180187004948827,0.07674463116181145,25.577333333333332,26.0,3,1,0.00015290792649206282,False
150674,,MITSUBISHI MOTORS (THAILAND) COMPANY LIMITED,broadband,2025-Q1,2025,1,307.9533728668497,289.4647854408294,245.26882852638116,264.81030528618317,29.792,29.966,3,2,0.00015290792649206282,False
135375,,"Today Communication Co.,Ltd",broadband,2025-Q1,2025,1,0.33013376184822507,2.1625454897452574,0.33013376184822507,2.1625454897452574,390.618,390.618,2,1,0.0001019386176613752,False
24060,,KTB COMPUTER SERVICES COMPANY LIMITED,broadband,2025-Q1,2025,1,8.722891965263273,0.8334880067608027,8.722891965263273,0.8334880067608027,28.32,28.32,2,1,0.0001019386176613752,False
58690,,"Internet East Co., Ltd.",broadband,2025-Q1,2025,1,14.52600144297601,0.8301016187702396,14.52600144297601,0.8301016187702396,61.769499999999994,61.769499999999994,2,2,0.0001019386176613752,False
133760,,"Electronics Extreme Co., Ltd",broadband,2025-Q1,2025,1,17.363865023764863,23.42228462288857,17.363865023764863,23.42228462288857,33.055499999999995,33.055499999999995,2,1,0.0001019386176613752,False
138344,,"MSIG Insurance (Thailand) Co., Ltd., Installation Site MSIG Insurance (Thailand) Co., Ltd., Kwang, Khet , Province Bangkok",broadband,2025-Q1,2025,1,88.43979503095926,46.83270343051306,88.43979503095926,46.83270343051306,50.1525,50.1525,2,2,0.0001019386176613752,False
38184,,Thaivivat Insurance,broadband,2025-Q1,2025,1,40.07027942348242,22.736643928215827,40.07027942348242,22.736643928215827,32.652,32.652,2,1,0.0001019386176613752,False
59374,,Bangmod Enterprise,broadband,2025-Q1,2025,1,68.78641548107609,29.402930575085414,68.78641548107609,29.402930575085414,65.4085,65.4085,2,2,0.0001019386176613752,False
42861,,FOTONTELECOM ISP,broadband,2025-Q1,2025,1,27.549768872949993,2.0243351865427854,27.549768872949993,2.0243351865427854,116.747,116.747,2,1,0.0001019386176613752,False
133791,,Teledirect Telecommerce,broadband,2025-Q1,2025,1,378.01879078478953,,378.01879078478953,,29.322,29.322,2,2,0.0001019386176613752,False
24187,,KIRZ Service Provider,broadband,2025-Q1,2025,1,80.95668769619884,12.28393995977405,80.95668769619884,12.28393995977405,71.508,71.508,1,1,5.09693088306876e-05,False
133167,,"TMB Bank, Phahonyothin branch. ,",broadband,2025-Q1,2025,1,7.5886343574213795,7.613912375710937,7.5886343574213795,7.613912375710937,86.856,86.856,1,1,5.09693088306876e-05,False
17978,,SERVCORP AUSTRALIAN HOLDINGS LTD,broadband,2025-Q1,2025,1,138.40758893556855,,138.40758893556855,,23.856,23.856,1,1,5.09693088306876e-05,False
24097,,CSLOXINFO Project for Magnecomp Precision,broadband,2025-Q1,2025,1,49.88354404196976,25.884439032020694,49.88354404196976,14.459937480453249,28.071,28.071,1,1,5.09693088306876e-05,False
4637,,Telstra Global,broadband,2025-Q1,2025,1,17.565444808704257,0.08276200274238683,17.565444808704257,0.08276200274238683,30.1,30.1,1,1,5.09693088306876e-05,False
134095,,National ITMX Company Limited,broadband,2025-Q1,2025,1,93.12467830025736,40.0547937479544,93.12467830025736,40.0547937479544,29.94,29.94,1,1,5.09693088306876e-05,False
38231,,"CIMB Securities Co., Ltd.",broadband,2025-Q1,2025,1,87.71553093113951,,87.71553093113951,,57.21,57.21,1,1,5.09693088306876e-05,False
23687,,The Institute for the Promotion of Teaching Science,broadband,2025-Q1,2025,1,190.98586538207502,,190.98586538207502,,25.839,25.839,1,1,5.09693088306876e-05,False
55932,,The Thai Bond Market Association,broadband,2025-Q1,2025,1,105.90426899878386,,105.90426899878386,,27.288,27.288,1,1,5.09693088306876e-05,False
18408,,CSLOXINFO,broadband,2025-Q1,2025,1,38.47726588298143,0.09304972958659809,38.47726588298143,0.09304972958659809,65.185,65.185,1,1,5.09693088306876e-05,False
140918,,CMKL University,broadband,2025-Q1,2025,1,49.116364351254,72.12564189743242,49.116364351254,72.12564189743242,80.9,80.9,1,1,5.09693088306876e-05,False
219425,,Skyline App LLC,broadband,2025-Q1,2025,1,40.73426658792016,,40.73426658792016,,0.291,0.291,1,1,5.09693088306876e-05,False
17901,,One to One Contacts Public Company Limited.,broadband,2025-Q1,2025,1,7.428289255502079,,7.428289255502079,,49.306,49.306,1,1,5.09693088306876e-05,False
7485,,Samart - Advanced Metering Infrastructure(AMI),broadband,2025-Q1,2025,1,28.257497380248168,9.935593572877126,28.257497380248168,9.935593572877126,27.42,27.42,1,1,5.09693088306876e-05,False
55927,,"UOB Kay Hian Securities (Thailand) Co., Ltd.",broadband,2025-Q1,2025,1,8.333406097140383,7.876086143709713,8.333406097140383,7.876086143709713,60.223,60.223,1,1,5.09693088306876e-05,False
132172,,Fiscal Policy Office,broadband,2025-Q1,2025,1,82.33167694311211,0.08940622118755763,82.33167694311211,0.08940622118755763,30.274,30.274,1,1,5.09693088306876e-05,False
46071,,Pioneer Elabs Ltd.,broadband,2025-Q1,2025,1,8.16303521019625,9.643674523044893,8.16303521019625,9.643674523044893,56.344,56.344,1,1,5.09693088306876e-05,False
55808,,Triple T Broadband Public Company Limited,broadband,2025-Q1,2025,1,193.10416122740045,,193.10416122740045,,26.152,26.152,1,1,5.09693088306876e-05,False
45629,,JasTel Network International Gateway,broadband,2025-Q1,2025,1,440.79422199961255,415.84734759689627,440.79422199961255,415.84734759689627,53.934,53.934,1,1,5.09693088306876e-05,False
154731,,Krungthai XSpring Securities Company Limited,broadband,2025-Q1,2025,1,89.56128944001094,66.75160599243041,89.56128944001094,66.75160599243041,31.168,31.168,1,1,5.09693088306876e-05,False
17552,True,True Online,broadband,2025-Q2,2025,2,134.5463971082685,111.65626459487824,56.471222064174185,51.860285301078385,72.55551202898464,33.023,306189,194804,25.22962502750062,True
133481,AIS,AIS Fibre,broadband,2025-Q2,2025,2,143.0635548016987,112.14358228329935,78.80423258230462,48.89879797449653,67.253467308638,38.753,280712,147771,23.130349231095025,True
45758,3BB,Triple T Broadband Public Company Limited,broadband,2025-Q2,2025,2,86.97241587993123,64.51719639946916,36.67120887942602,26.97377595892072,140.78094224583072,74.409,276520,144181,22.78493320336286,True
23969,NT,TOT Public Company Limited,broadband,2025-Q2,2025,2,81.5598942713889,70.08993754667131,35.801503136291885,25.50200731491377,107.47210201513528,58.045,171747,63943,14.151757279321428,True
131090,NT,National Telecom Public Company Limited,broadband,2025-Q2,2025,2,81.573621353603,63.17771214032412,40.944006776925015,24.48823723270619,60.71776384231512,57.0,37885,13686,3.1216808708570882,True
7470,True,"TRUE INTERNET Co.,Ltd.",broadband,2025-Q2,2025,2,51.94816002204809,35.834443647569145,21.1429125716784,9.25190988145488,33.72848281801498,27.603,35423,6108,2.9188148736537056,True
136538,AIS,AIS SUPER WiFi,broadband,2025-Q2,2025,2,91.71536315772207,59.884507692039875,47.87505984853969,23.29776918098776,40.196580317982466,33.1295,14595,5471,1.2026113847211086,True
23974,,Ministry of education,broadband,2025-Q2,2025,2,70.41998166139682,56.97783922424209,34.69546286221579,19.650758161094263,125.5122428087986,66.0875,13008,3278,1.0718443913978883,True
56309,,"Siamdata Communication Co.,Ltd.",broadband,2025-Q2,2025,2,39.60475190136466,8.557896702904754,23.069930541169892,1.847684919510638,43.62512914585211,24.556,12215,461,1.006502094167067,True
9931,NT,National Telecom Public Company Limited,broadband,2025-Q2,2025,2,42.291167855466696,36.06551651457589,11.713798892675834,9.051082604498736,59.44058840451428,45.961,9039,2060,0.7448033097974719,True
132280,,Symphony Communication (Thailand) PCL.,broadband,2025-Q2,2025,2,77.61472039146258,63.775615178182996,46.614204854409515,29.8437769208547,47.36729059973048,35.2475,5939,1069,0.4893668389077537,True
4618,,Internet Thailand Company Limited,broadband,2025-Q2,2025,2,49.03324710002957,33.163218364436375,29.328209776237685,9.557701170573328,102.71865466714905,73.82,5532,1561,0.455830502245781,True
4621,,UNINET-TH,broadband,2025-Q2,2025,2,86.14031736691729,80.59225342215224,39.693140768464595,26.730009259092608,65.20456278855032,62.626999999999995,4337,790,0.3573638626608735,True
38794,United Information Highway,UIH,broadband,2025-Q2,2025,2,75.3685826368081,59.467213453130206,49.80188445581436,29.325293682004443,42.388781316916486,31.9715,3739,650,0.30808934343763106,True
45458,AIS,SBN-ISP/AWN-ISP and SBN-NIX/AWN-NIX,broadband,2025-Q2,2025,2,75.72992491496832,60.455178361609356,42.73779519313005,25.2014263831765,49.041999999999994,41.234,3087,499,0.2543652856892129,True
58955,,"Bangmod Enterprise Co., Ltd.",broadband,2025-Q2,2025,2,30.120591273022985,18.842320630251166,9.128121301524502,3.0034934695177835,69.0627172050099,57.884,3036,186,0.2501629437487692,True
4750,,CS LOXINFO PUBLIC COMPANY LIMITED,broadband,2025-Q2,2025,2,55.60322580734864,45.79839483148707,39.390444100487386,21.405209063837876,73.43927287993283,66.3245,2382,435,0.19627408827719636,True
55423,,JasTel Network,broadband,2025-Q2,2025,2,57.846334109039084,49.550173355094344,25.072168408923964,20.835965376922807,66.86485348631949,29.4385,2266,399,0.18671582033422626,True
131293,,TOT Public Company Limited,broadband,2025-Q2,2025,2,56.459789683213394,49.394452999647406,31.13556912376014,27.017931339267385,65.37446956977966,57.040499999999994,1907,404,0.15713462902796535,True
9546,,Ministry of University Affairs,broadband,2025-Q2,2025,2,52.02027994804041,60.11286707815449,30.795803188304063,51.414463125141424,66.3778476527901,66.492,1129,189,0.09302831472080382,True
135419,,"Cableconnect Co.,Ltd",broadband,2025-Q2,2025,2,107.76554874768557,55.390539805050395,68.85145828094088,31.55875794790078,58.16677338129496,28.861,1113,76,0.09170993293556656,True
17479,,Chiang Mai University,broadband,2025-Q2,2025,2,55.0242705923652,43.25054678058855,46.16539248426711,27.978035257533676,194.2355930232558,210.115,1032,52,0.08503562514780295,True
(unknown),,,broadband,2025-Q2,2025,2,45.548080656748944,37.46612921765771,21.699146537672988,8.922048562583527,78.72240703517588,68.14500000000001,796,133,0.06558949381555344,True
134100,,"Express Data Co.,Ltd",broadband,2025-Q2,2025,2,71.94052952564083,52.82100459846917,42.858329164660034,20.73491719390383,47.181665374676996,41.979,774,97,0.06377671886085222,True
56067,,453 Ladplacout Jorakhaebua,broadband,2025-Q2,2025,2,27.11550161131846,12.944904246833262,14.940279818580493,2.1247740874942123,108.27726284875182,66.875,682,29,0.056196023595738,True
3839,,Chulalongkorn University,broadband,2025-Q2,2025,2,128.26067205839593,89.50771629406472,77.65595909114074,23.29695227061773,40.04381649831651,27.6815,594,281,0.048944923776933096,True
147176,,"NZ Network Enterprise Co., Ltd.",broadband,2025-Q2,2025,2,42.34318110476209,18.52108121503795,40.683349715158556,7.224122253484429,48.2664556521739,24.53,575,37,0.047379345406963855,True
4762,,"Mahidol University, Thailand",broadband,2025-Q2,2025,2,182.59903330998145,105.04024774909003,93.43357279694618,22.115120626788922,39.839481611208406,27.816,572,137,0.04713214882223187,True
9464,,Prince of Songkla University (Sritrang'NET),broadband,2025-Q2,2025,2,94.36602179924813,104.16923642532912,55.906115566857686,60.741263062020565,52.805532142857146,42.438,562,326,0.04630816020645859,True
9562,,Mahasarakham University,broadband,2025-Q2,2025,2,63.13382878639526,70.36809729815005,47.723460494822056,33.34389769763684,95.30886915887851,73.451,535,100,0.04408339094387072,True
45430,AIS,SBN-IIG/AWN-IIG transit provider,broadband,2025-Q2,2025,2,46.87066443539475,35.25975375662107,21.449972435051293,8.896479719464619,61.30774719101123,61.295500000000004,534,143,0.04400099208229339,True
55545,,Suranaree University of Technology,broadband,2025-Q2,2025,2,87.91675150551444,98.35714343928295,68.69955339840931,53.65324112059515,69.33195384615387,67.7625,520,170,0.042847408020210795,True
7693,,KSC Commercial Internet Co. Ltd.,broadband,2025-Q2,2025,2,89.19269150972107,81.21653806925997,53.90435744631732,37.12463370218854,32.1045368852459,29.447499999999998,488,141,0.04021064444973628,True
9335,NT,National Telecom Public Company Limited,broadband,2025-Q2,2025,2,25.181283283611585,12.675467966372931,14.156871448933382,2.701100235269743,84.21818750000001,64.0145,480,24,0.03955145355711766,True
9486,,King Mongkut's Institute of Technology Ladkrabang,broadband,2025-Q2,2025,2,97.10666702776926,63.881449788698255,76.89843735527104,37.71905337685789,77.15726726057906,81.546,449,217,0.03699708884822047,True
37932,,Rajamangala University of Technology Isan,broadband,2025-Q2,2025,2,88.20018474214169,86.41866491111189,68.01301192181609,47.36926967012348,76.88672613065327,71.06649999999999,398,104,0.03279474690777672,True
9411,,"Kasetsart University, Thailand",broadband,2025-Q2,2025,2,112.2538518140868,104.15342209081818,74.20068559058817,43.542379910045355,73.86413492063491,32.437,379,234,0.03122916853780748,True
138003,,Royal Police Cadet Academy,broadband,2025-Q2,2025,2,40.014174130395915,54.859409118853435,6.263781489622774,22.780191978761167,121.79182228116711,34.415,378,4,0.031146769676230153,True
9649,,Information Technology Office,broadband,2025-Q2,2025,2,97.79172789557379,44.84897225798377,42.7381020312082,20.15465400591288,118.70346949602124,32.443,377,68,0.031064370814652825,True
135034,,Planet Communications Asia Public Company Limited,broadband,2025-Q2,2025,2,127.1052911276314,77.27053533939322,89.6975988993261,42.80760047429692,31.81991860465116,28.7835,344,40,0.028345208382600986,True
45847,,"university network ,Nakornsitammarat, Thailand",broadband,2025-Q2,2025,2,92.38358102373518,87.98845809447049,60.49620361786825,51.29627863430214,42.53884750733138,41.107,342,5,0.02818041065944633,True
9533,,King Mongkut's Institute of Technology North Bangkok,broadband,2025-Q2,2025,2,129.30297667879253,130.4871482960534,63.1755417376819,44.896160712088175,41.24493823529412,29.134,341,73,0.028098011797869,True
136393,,Symphony Communication (Thailand) PCL.,broadband,2025-Q2,2025,2,159.8500335436701,50.4029768412436,126.90521627239751,35.83205626385971,54.32353273809525,58.332499999999996,336,102,0.027686017489982357,True
7616,,JasTel Network,broadband,2025-Q2,2025,2,89.04420980138713,81.8466614486853,44.52029925786087,21.43704176882359,49.43392987804878,28.3445,328,86,0.02702682659736373,True
37992,,Thammasat University in thailand,broadband,2025-Q2,2025,2,95.7390211572137,114.82479060909108,47.30809279430649,30.298462093490286,27.96597419354839,26.7165,310,103,0.02554364708897182,True
17887,,"T.C.C. Technology Co., Ltd.",broadband,2025-Q2,2025,2,72.72073991799282,56.073153445760774,42.7569428646312,31.518825003847407,68.49960194174757,56.109,309,51,0.02546124822739449,True
133193,,Provincial Electricity Authority (PEA),broadband,2025-Q2,2025,2,50.174423205439304,42.91554997966869,29.35704315679618,23.907302347599547,34.93680592105263,32.0,304,18,0.02504925391950785,True
38082,,"True International Gateway Co., Ltd.",broadband,2025-Q2,2025,2,14.334072573021205,23.379391295467133,1.074982378764779,12.615184308614044,58.55770774647887,65.59,284,81,0.02340127668796128,True
147027,,Royal Thai Armed Force Headquarters,broadband,2025-Q2,2025,2,127.27390695400253,85.81046539387066,86.84344536601955,42.448992652638054,43.446424603174606,29.9255,252,58,0.02076451311748677,True
55403,,PTT Digital Solutions Company Limited,broadband,2025-Q2,2025,2,71.44523771644228,57.330447118771865,56.719109910058506,9.206843348030448,93.90556504065037,80.7525,246,14,0.0202701199480228,True
134690,,Chulachomklao Royal Military academy member of UniNet,broadband,2025-Q2,2025,2,7.083182850437808,5.009064919516653,6.671651231708141,5.1272098129538906,31.278952830188675,30.57,212,3,0.01746855865439363,True
137850,,Mae Fah Luang University,broadband,2025-Q2,2025,2,110.54795262947945,115.8316501809212,83.02599445974042,78.82193670876073,86.40023076923077,78.96000000000001,208,21,0.017138963208084317,True
9551,,King Mongkut's University of Technology,broadband,2025-Q2,2025,2,154.28746289430822,132.92717239557592,91.9234208011016,88.38849382080622,32.1235202020202,30.55,198,37,0.016314974592311033,True
132618,True,Real Future Company Limited,broadband,2025-Q2,2025,2,6.608746886501312,5.695384092700935,5.446857327542414,5.173665477652847,52.63440883977899,37.144,181,122,0.01491419394549645,True
137241,,PibulSongkramRajabhat University,broadband,2025-Q2,2025,2,90.58351029703788,110.84462475724143,69.55970238490266,75.11117412361325,72.70253107344632,72.316,177,32,0.014584598499187135,True
133947,,Metropolitan Electricity Authority,broadband,2025-Q2,2025,2,98.25926064727716,151.20600292369357,69.20420095861581,116.46394284436151,29.7726705882353,29.0,170,6,0.014007806468145836,True
38566,,NTTCTNET,broadband,2025-Q2,2025,2,39.13768979215289,18.336439368587477,22.729032306615593,8.775335617591505,43.67723376623376,31.819000000000003,155,37,0.01277182354448591,True
149766,,Y.U.T Corporate Company Limited,broadband,2025-Q2,2025,2,22.08367801117312,5.281732348423988,11.186556627900686,0.7598688943769327,63.17663333333334,29.0,150,32,0.012359829236599267,True
45575,,Rajamangala University of Technology Srivijaya,broadband,2025-Q2,2025,2,80.72887226351577,93.19542474910729,44.38690094008895,37.175697342708254,73.64056164383562,48.056,146,32,0.012030233790289953,True
133880,,The Thai Red Cross Society,broadband,2025-Q2,2025,2,59.11977541502628,63.18739090051557,18.162419114254675,18.194654212353626,30.62885384615384,30.2145,130,17,0.010711852005052699,True
9903,,Rajamangala Institute of Technology,broadband,2025-Q2,2025,2,158.58620654059055,196.31658551490008,79.77385419699965,73.71744972832482,44.87645384615386,29.9075,130,30,0.010711852005052699,True
38888,,"Milcom Co., Ltd. Internet Service Provider Bangkok",broadband,2025-Q2,2025,2,14.27119194864039,12.356978455495657,14.531352042233404,12.235569364103087,43.69110317460317,32.8095,126,9,0.010382256558743384,True
138524,3BB,Triple T Broadband Public Company Limited,broadband,2025-Q2,2025,2,114.22691077076642,72.43385078739578,39.784867657249826,39.99606165789363,82.50035245901641,30.9145,123,43,0.0101350599740114,True
4274,,Assumption University,broadband,2025-Q2,2025,2,120.45479271867251,123.08871609244764,101.50925076916255,88.25265365032105,36.76669672131148,30.1635,122,85,0.01005266111243407,True
153182,,Sripatum University,broadband,2025-Q2,2025,2,31.684187487944527,25.51508478781927,14.619160729100697,9.00881382615755,42.167233333333336,31.7275,120,10,0.009887863389279414,True
23884,,Proen Corp Public Company Limited.,broadband,2025-Q2,2025,2,44.445181525164614,48.45475060614038,16.92777776508141,20.475126257096306,50.98371428571428,36.098,120,31,0.009887863389279414,True
55760,,Mahanakorn University Of Technology,broadband,2025-Q2,2025,2,112.84720693575166,105.44551208661757,60.613404735894754,56.85999913436372,40.339169491525425,28.7735,118,68,0.009723065666124757,True
151825,,Rangsit University,broadband,2025-Q2,2025,2,205.17525624768166,156.98483631403866,129.07005330196725,89.65037314929081,35.27062831858408,27.935,113,29,0.009311071358238115,True
18256,,Bank of Ayudhya Public Company Limited.,broadband,2025-Q2,2025,2,76.11167676139529,47.3638173631726,50.00641896891712,13.007808781258925,28.36213274336283,28.249,113,2,0.009311071358238115,True
134073,,The Revenue Department,broadband,2025-Q2,2025,2,70.22803256974915,54.83405617211018,48.868667049216924,34.809045887434806,45.43328181818182,30.6025,110,16,0.009063874773506128,True
149800,,Org: Phramongkutklao College of Medicine.,broadband,2025-Q2,2025,2,68.32485903529188,85.59244778435153,47.755609651003105,42.20280490883272,48.53796226415095,30.238999999999997,106,33,0.008734279327196816,True
131257,,"Suratthani ratjabhat university, Thailand",broadband,2025-Q2,2025,2,129.35496167112862,158.85285220394783,29.5075878382442,121.93353717455744,71.5673173076923,40.339,104,5,0.008569481604042159,True
138204,,"Sophon Broadband Networks co.,ltd",broadband,2025-Q2,2025,2,79.46434519997761,57.823321723793946,54.76544437411391,41.25620072782385,31.35111538461538,28.5915,104,28,0.008569481604042159,True
135129,,Rajamangala University of Technology Tawan-ok(Bangpra Campus),broadband,2025-Q2,2025,2,156.79894616001124,91.64243404592474,82.51047441881917,20.18588540776082,51.71631067961166,31.709,103,32,0.008487082742464831,True
7862,,Chevron Corporation,broadband,2025-Q2,2025,2,47.64760341245229,36.186058056450534,32.7004142054596,12.120784531282826,100.18985858585857,104.363,99,27,0.008157487296155517,False
9475,,Walailak University,broadband,2025-Q2,2025,2,116.07124804821434,163.9188213815256,53.66291075984634,87.4631176,44.032673469387746,41.429,98,11,0.008075088434578187,False
138156,,"CSNE Co., Ltd.",broadband,2025-Q2,2025,2,13.022274240652314,2.699171784137761,1.0479621149802507,0.16500724722098198,158.9734895833333,144.00099999999998,96,25,0.007910290711423532,False
140618,,Silpakorn University,broadband,2025-Q2,2025,2,200.58427640263304,91.094294752418,164.16980687431328,35.853425443716354,36.16782291666668,31.976999999999997,96,27,0.007910290711423532,False
139657,,University of the Thai Chamber of Commerce,broadband,2025-Q2,2025,2,154.28782955119823,67.56669607049791,92.61472432882148,60.180127467641846,29.46691489361702,28.1355,95,60,0.007827891849846202,False
38265,,Sisaket Rajabhat University,broadband,2025-Q2,2025,2,68.61470448441314,88.77554145673331,55.67165699432124,58.27955455915426,72.05656043956043,72.139,91,5,0.007498296403536889,False
136624,,Sakon Nakhon Rajabhat University,broadband,2025-Q2,2025,2,111.31061415689362,71.39266328591242,82.03946939997479,32.59978589931188,87.63125555555557,73.618,90,11,0.00741589754195956,False
135012,,Suan Dusit University,broadband,2025-Q2,2025,2,94.65772999546381,98.70861108896987,62.32516063858658,51.93368946762889,68.20713333333333,57.63,90,22,0.00741589754195956,False
154088,,MI Squared Company Limited (Branch 00003)/JW Marriott Phuket Resort & Spa,broadband,2025-Q2,2025,2,41.391180404798114,34.5319698114829,37.048904338928565,17.61316057288108,57.188011235955045,44.541,89,2,0.007333498680382232,False
18197,,"TOYOTA MOTOR ASIA PACIFIC Engineering and Manufacturing,",broadband,2025-Q2,2025,2,117.78145844495194,67.69678444767548,71.49126071580385,31.97679428344251,30.698847058823535,29.948,85,13,0.007003903234072918,False
150107,,Surundra Rajabhat University,broadband,2025-Q2,2025,2,34.56203102735484,52.38466704489395,33.26658833258287,59.73747688431802,73.77577647058823,73.794,85,2,0.007003903234072918,False
152461,,Department of Lands,broadband,2025-Q2,2025,2,94.89482574188361,42.20592550744974,41.54756146645339,36.200848219814965,33.54566666666667,31.893,84,1,0.006921504372495589,False
4767,,Computer Science,broadband,2025-Q2,2025,2,216.66928978531968,159.32814959833593,179.5702956083658,109.0366918518754,35.520759036144575,30.519,83,46,0.0068391055109182615,False
55476,,"CP All Public Co., Ltd.",broadband,2025-Q2,2025,2,59.38700173258334,46.62774016553501,58.20758336548609,54.51485842729599,28.318207317073174,28.1725,82,3,0.006756706649340933,False
4741,,"Samart Infonet Co., Ltd.",broadband,2025-Q2,2025,2,75.37938552909388,80.55143810275284,59.96899890893055,57.96469234884398,45.53156410256409,29.9435,78,13,0.0064271112030316185,False
132838,,"United Information Highway Co.,Ltd.",broadband,2025-Q2,2025,2,54.547517779872045,47.61008651488419,27.438451216185754,47.81812765563412,39.48939743589743,30.006500000000003,78,16,0.0064271112030316185,False
141730,,Pacific Technologies and Network Philippines Incorporation,broadband,2025-Q2,2025,2,86.183166011921,89.3132784276861,82.95087547305504,77.14927341638051,30.27081333333333,28.426,75,1,0.006179914618299634,False
24328,,Yala Rajabhat University Education,broadband,2025-Q2,2025,2,109.79018179223986,112.22291598489117,108.14460547227078,93.90549863536376,46.14425333333333,43.651,75,26,0.006179914618299634,False
9891,,CS LOXINFO Public Company Limited.,broadband,2025-Q2,2025,2,28.67938707169042,12.237275993814002,19.472047603766093,0.1810931306194551,98.71222972972973,62.941,74,24,0.006097515756722305,False
132879,,Rajabhat Mahasarakham University,broadband,2025-Q2,2025,2,62.788449975497294,58.06965093844068,45.50126039071576,41.530307766790344,74.1528918918919,74.0735,74,11,0.006097515756722305,False
141714,,Nakhon Pathom Rajabhat University,broadband,2025-Q2,2025,2,32.34705511597558,270.9118730554425,10.405446905228526,181.88434437233363,52.26116438356164,28.667,73,16,0.006015116895144976,False
202036,,EXTREME COMMUNICATIONS TECHNOLOGY LIMITED,broadband,2025-Q2,2025,2,11.845125107630814,6.11214903668378,8.391222055143139,4.576048400208867,83.93202816901407,70.257,71,25,0.00585031917199032,False
133919,,"University campus network, Rajamangala University of Technology Phra Nakhon",broadband,2025-Q2,2025,2,136.74661331336068,132.46813530067354,89.8964546964547,76.10597809578782,49.95225352112675,54.067,71,54,0.00585031917199032,False
132482,,Rajamangala University of Technology Rattanakosin,broadband,2025-Q2,2025,2,112.5879909120926,115.1907437962012,76.46671510607571,37.36660642022048,32.7945671641791,30.876,67,19,0.005520723725681006,False
132117,,Ministry of Interior,broadband,2025-Q2,2025,2,35.691310106401495,29.851709221622247,37.87732731127183,24.314657041110475,66.3024393939394,27.511499999999998,66,4,0.005438324864103678,False
138670,,Ngern Tid Lor Company Limited,broadband,2025-Q2,2025,2,77.08540020959751,59.66794167961965,45.175841509176294,37.56017662107661,28.053246153846153,27.821,65,17,0.005355926002526349,False
138685,,Mahidol Wittayanusorn School,broadband,2025-Q2,2025,2,117.45518864226251,112.04276315019521,87.66356549266939,72.14980155663378,53.833406249999996,30.7915,64,32,0.005273527140949021,False
140725,,Thai Customs Department,broadband,2025-Q2,2025,2,18.23469232812301,13.98056883020464,7.835904424230366,5.673171448199405,34.846306451612904,26.512999999999998,62,1,0.0051087294177943636,False
45537,,C/o Cs Loxinfo Public Company Limited,broadband,2025-Q2,2025,2,132.82380923333773,28.375427556479075,88.15223313382016,15.23088906678495,35.80654098360656,30.738,61,6,0.005026330556217035,False
4765,,Pacific Internet Pte Ltd,broadband,2025-Q2,2025,2,54.326742008767205,44.26878385432823,45.53055150580664,32.30808477761834,31.590203389830506,31.621,59,27,0.004861532833062379,False
131246,,"LOEI university network ,LOEI, Thailand",broadband,2025-Q2,2025,2,80.02569187062379,77.54958199230849,60.49284075903459,40.51500075094961,105.40910344827586,99.46199999999999,58,5,0.00477913397148505,False
135616,,Name: Thaksin University,broadband,2025-Q2,2025,2,29.308041377831135,24.67295883731095,24.302138024694493,10.699424671690984,48.34831481481481,47.251999999999995,54,9,0.0044495385251757365,False
17827,,Sukhothai Thammathirat Open University,broadband,2025-Q2,2025,2,105.94702494214242,110.82647462922773,42.74294109349226,38.02091097281133,70.85864814814815,36.441,54,32,0.0044495385251757365,False
38228,,"Ministry Of Defence, Thailand",broadband,2025-Q2,2025,2,129.29322353405334,96.75210688461355,78.79816477164518,44.03339032919636,31.748537037037043,31.6895,54,4,0.0044495385251757365,False
23683,,"BoonRawd Brewery Co.,LT",broadband,2025-Q2,2025,2,26.66204884500178,18.514453966477138,14.21798218261965,14.351087662886977,33.88651923076923,30.022,52,6,0.004284740802021079,False
139702,,Central Investigation Bureau,broadband,2025-Q2,2025,2,177.11841690228144,225.4636744819254,126.07624192761723,93.36434479069656,26.767549019607838,25.895,51,9,0.004202341940443751,False
714,,Apple Inc.,broadband,2025-Q2,2025,2,170.83385272717996,142.1549148987664,66.42003049345637,65.3071239970981,36.00108695652174,29.1205,46,2,0.0037903476325571086,False
132250,,Princess of Naradhiwas University,broadband,2025-Q2,2025,2,104.31868014932806,51.95937230495397,75.63270927070388,22.217465349354182,56.136333333333326,46.613,45,4,0.00370794877097978,False
38450,,Ministry of Infomation Communication Technology,broadband,2025-Q2,2025,2,51.03384615982015,17.943906901564553,19.1827780122611,3.0406521982910872,58.482622222222226,57.996,45,20,0.00370794877097978,False
45254,,"Internet Solution & Service Provider Co., Ltd.",broadband,2025-Q2,2025,2,155.53420649349852,59.813541146222605,113.0903156729053,47.8307901449227,64.9230888888889,33.974,45,3,0.00370794877097978,False
137198,,Phranakorn Rajabhat University,broadband,2025-Q2,2025,2,79.01968801664306,89.58271147198023,22.31289623188161,46.48287822692107,40.60052380952381,29.619999999999997,42,5,0.0034607521862477946,False
136737,,Rajamangala University of Technology Krungtep,broadband,2025-Q2,2025,2,133.09162763827302,108.17850151461609,77.16346124896279,68.37559246563904,33.84153658536585,29.219,41,23,0.0033783533246704665,False
140699,,Royal Thai Army,broadband,2025-Q2,2025,2,32.640389080223976,31.52372406264819,25.1793092921524,23.040314456641713,155.45017073170732,36.449,41,12,0.0033783533246704665,False
138434,,"INEXT Broadband Co., Ltd",broadband,2025-Q2,2025,2,94.15633459946925,96.12369040175156,68.48912528973719,82.62689983415572,109.1820487804878,66.786,41,27,0.0033783533246704665,False
141692,,PTT Global Chemical Public Company Limited,broadband,2025-Q2,2025,2,230.21599878186822,172.45104758430904,217.52054243482127,132.96684724918737,34.64124390243902,34.021,41,6,0.0033783533246704665,False
45806,,Siam Commercial Bank,broadband,2025-Q2,2025,2,50.31021542734652,44.60791185301099,11.834210855728118,12.188516295830972,41.11519512195122,32.334,41,6,0.0033783533246704665,False
56112,,"Muang Thai Life Assurance Co., Ltd.",broadband,2025-Q2,2025,2,62.107213090032985,44.17647882245571,61.46609251055519,48.981769864862855,55.89752500000001,57.286500000000004,40,3,0.003295954463093138,False
7715,,GSB,broadband,2025-Q2,2025,2,62.12638722558187,44.00709958235631,35.9136869538961,44.53723245643595,27.72435897435898,28.0,39,2,0.0032135556015158093,False
136781,,Department of Alternative Energy Development and Efficiency,broadband,2025-Q2,2025,2,20.542015795291515,11.380706611641019,17.94987387130498,5.794827494859438,58.72092105263159,29.089,38,13,0.003131156739938481,False
140326,,Symphony Communication Public Company Limited for TC,broadband,2025-Q2,2025,2,11.216273513742035,7.549119442920227,8.009959248051869,7.922001655913893,47.32419444444444,57.4755,36,3,0.002966359016783824,False
132493,,"Lampang-Meatha Rd., Thambon Chomphu Ampher Maung Lampang 52100",broadband,2025-Q2,2025,2,26.184457427966954,30.47906166316817,19.350685946399796,15.956791543001128,199.60773529411767,216.737,34,5,0.002801561293629167,False
4827,,CSLOXINFO,broadband,2025-Q2,2025,2,63.31340422661145,7.076491895196949,10.636374855197591,5.012805384179025,83.49588235294118,77.155,34,2,0.002801561293629167,False
138427,,Thailand Institute of Nuclear Technology (Public Organization),broadband,2025-Q2,2025,2,99.03770242114702,143.5957208568184,74.9833332578426,89.8512763229563,31.905617647058822,31.7275,34,2,0.002801561293629167,False
24187,,KIRZ Service Provider,broadband,2025-Q2,2025,2,12.997275419481529,16.42793845218291,5.897558676223785,14.628802252397028,185.07582352941176,223.55,34,11,0.002801561293629167,False
10227,,Institute Rajabhat Suandusit,broadband,2025-Q2,2025,2,93.24086019615825,178.5093705963145,62.61604773096889,123.79757027287755,47.70023529411765,52.986999999999995,34,13,0.002801561293629167,False
63951,,THAICOM Public Company Limited,broadband,2025-Q2,2025,2,17.68399462092403,6.886912037423978,10.766710561929573,1.2078781881827176,70.77642424242426,63.304,33,6,0.002719162432051839,False
137058,,Aeronautical Radio of Thailand Ltd.,broadband,2025-Q2,2025,2,75.3959993875445,81.40480544022806,75.63587767282446,90.05447470817121,38.738484848484845,30.063,33,3,0.002719162432051839,False
48589,,Tiger Network Limited,broadband,2025-Q2,2025,2,64.03929444832488,23.6317550612068,67.84737173912913,17.739437007791146,77.30784848484849,68.155,33,16,0.002719162432051839,False
139753,,"Valaya Alongkorn Rajabhat University Under The Royal Patronage,",broadband,2025-Q2,2025,2,123.80844014931719,148.71755712384777,86.17307420779343,40.9719647401763,66.15515625,32.039500000000004,32,6,0.0026367635704745104,False
136457,,THAIAIRASIA CSL,broadband,2025-Q2,2025,2,195.83001755945233,33.49845726826146,193.4051114753088,29.503187111847556,62.86096875,61.933,32,1,0.0026367635704745104,False
138353,,NIST INTERNATIONAL SCHOOL,broadband,2025-Q2,2025,2,137.97066613327786,83.34178499336343,116.0212634957523,42.44154325849567,42.29084374999999,33.781499999999994,32,1,0.0026367635704745104,False
132866,,Rajamangala University of Technology Suvarnabhumi under UniNet Network,broadband,2025-Q2,2025,2,88.6486603211241,68.41916165153086,46.949403421581124,51.52315789831551,33.400935483870974,33.22,31,11,0.0025543647088971818,False
24344,,Chiangmai Rajabhat University,broadband,2025-Q2,2025,2,24.65054058333516,17.012740716345345,15.777258427285794,15.593536195397542,341.79976666666664,362.771,30,5,0.0024719658473198536,False
38296,,National Science and Technology Development Agency,broadband,2025-Q2,2025,2,188.8977884919273,125.7078205985884,92.44602849253737,87.56446435080257,30.315892857142853,29.808,28,9,0.0023071681241651964,False
38293,,Ministry of Foreign Affairs,broadband,2025-Q2,2025,2,48.05301643588855,40.52791155066718,27.43507148485712,33.06722452691794,28.96992857142857,28.893,28,10,0.0023071681241651964,False
55451,,Office of the National Broadcasting and,broadband,2025-Q2,2025,2,249.904621924657,206.91500180837303,191.67499972273384,88.0006671816525,31.86657692307692,29.697,26,12,0.0021423704010105397,False
140075,,Roi et Rajabhat University,broadband,2025-Q2,2025,2,138.653654138236,155.60689245297812,149.97831202643613,179.77729271533605,74.47292,74.215,25,1,0.002059971539433211,False
147312,,Songkhla Rajabhat University Network.,broadband,2025-Q2,2025,2,205.34401120955647,174.14154706372872,114.93192294461645,104.09904120786007,41.86424,41.313,25,3,0.002059971539433211,False
45530,,Agoda Company Pte. Ltd.,broadband,2025-Q2,2025,2,52.47600037393857,33.69131382688521,54.15080783776241,23.677806450523136,44.86016000000001,32.689,25,4,0.002059971539433211,False
133909,,Siam E Business Limited Partnership,broadband,2025-Q2,2025,2,60.60054720773425,28.674667936359235,15.663696198532048,11.553681309554676,33.091080000000005,33.315,25,3,0.002059971539433211,False
63989,,DE-CORP,broadband,2025-Q2,2025,2,41.10079125755423,48.20159489582932,14.675488674109868,47.55501254962351,187.23395999999997,169.827,25,4,0.002059971539433211,False
24393,,The Secretariat of House of the Representive,broadband,2025-Q2,2025,2,54.58429491188605,64.50535483351358,57.46936762910386,69.52445987018275,28.028125000000003,28.055999999999997,24,3,0.001977572677855883,False
132013,,True Internet assigned for ICS,broadband,2025-Q2,2025,2,107.42366169221482,176.26596743798532,115.33545673552402,175.87183794450902,33.60691666666667,31.918,24,2,0.001977572677855883,False
63972,,SOCIAL,broadband,2025-Q2,2025,2,97.60281895473311,35.234232587458266,54.114242768281485,26.466950950988696,27.908708333333337,28.0,24,2,0.001977572677855883,False
45800,,"Suan sunandha Rajabhat University, which is one university in Thailand",broadband,2025-Q2,2025,2,9.619694184277447,16.709262605929815,8.109302543323231,15.860018784561436,52.920478260869565,60.22,23,4,0.0018951738162785543,False
150300,,"The Permanent Secretary, Ministry of Transport of Thailand",broadband,2025-Q2,2025,2,54.68686748297891,16.946403051297935,20.06471103942058,4.06420686478756,151.2258181818182,63.0565,22,10,0.001812774954701226,False
141736,,"Wisepaq Business Solutions Provider Co., Ltd.",broadband,2025-Q2,2025,2,51.904345445718704,102.16966550204486,24.59679931307157,37.294444311116564,31.109714285714283,29.131,21,1,0.0017303760931238973,False
55938,,Expressway Authority of Thailand,broadband,2025-Q2,2025,2,141.0400459289655,181.1003676864391,83.17948417816108,93.1736573747553,39.240761904761904,30.041,21,2,0.0017303760931238973,False
55498,,"Greenline Synergy Co.,Ltd.",broadband,2025-Q2,2025,2,83.70846971325753,58.29280837422153,100.90563986246954,67.19015956941517,43.58414285714285,33.24,21,1,0.0017303760931238973,False
133581,,"Thailand Post Co,.Ltd.",broadband,2025-Q2,2025,2,165.0491510145227,47.173711287627945,85.38562110000674,38.90326342501129,32.304899999999996,31.544,20,12,0.001647977231546569,False
4776,,"A-Net Co., Ltd.",broadband,2025-Q2,2025,2,96.0786899216924,74.59268586659137,77.74033903110777,8.110316511024553,40.96085000000001,29.098,20,7,0.001647977231546569,False
138215,,Royal Thai Police,broadband,2025-Q2,2025,2,190.95306414724797,204.29773435697678,76.79102689646493,84.6925107561205,42.15495000000001,29.3765,20,3,0.001647977231546569,False
38328,,Ministry of Finance,broadband,2025-Q2,2025,2,160.03213690627925,138.31528280517955,189.10257104871448,75.67713680049631,29.05315789473684,28.841,19,3,0.0015655783699692406,False
32043,,NeoFiber Communications inc.,broadband,2025-Q2,2025,2,46.24774407233317,14.84112210944334,25.65810009788774,7.378085875423933,74.87873684210525,28.763,19,12,0.0015655783699692406,False
135676,,National Institute for Emergency Medicine,broadband,2025-Q2,2025,2,64.96245203612578,34.87996103203874,48.283569653108195,36.281622755623246,34.021157894736845,30.35,19,6,0.0015655783699692406,False
141214,,Geo-Informatics and Space Technology Development Agency,broadband,2025-Q2,2025,2,271.39560476180276,327.8066131166869,277.4049983182756,323.3425945805514,36.35477777777778,30.867,18,2,0.001483179508391912,False
135161,,"GMO-Z com NetDesign Holdings Co., Ltd.",broadband,2025-Q2,2025,2,43.603847162976,5.521554030265525,23.900445756007333,7.2598119092269435,97.90064705882352,121.4,17,2,0.0014007806468145836,False
56118,,OCSC,broadband,2025-Q2,2025,2,162.28115104398742,16.31817687706633,92.01830441107988,12.847897206448277,40.76535294117647,27.151,17,1,0.0014007806468145836,False
150686,,State Railway of Thailand,broadband,2025-Q2,2025,2,172.66485544312394,47.41597327717241,91.77392209576085,42.36999876202154,31.620062500000003,29.4995,16,2,0.0013183817852372552,False
23932,,Internet Service Provider,broadband,2025-Q2,2025,2,43.77251204225205,16.429635895664155,48.25053597357406,8.570256182987677,36.06925,31.329,16,5,0.0013183817852372552,False
136942,,Brothers Pictures Company Limited,broadband,2025-Q2,2025,2,391.89431959508227,264.30429362748777,390.62237731839616,298.18028815101354,63.02,63.244,16,9,0.0013183817852372552,False
134162,,ADVANCED WIRELESS NETWORK COMPANY LIMITED,broadband,2025-Q2,2025,2,357.38402820394117,343.08649136156316,336.0095790379,366.87618264738853,56.109624999999994,58.343500000000006,16,5,0.0013183817852372552,False
151040,,"Urban Resort Hotel Co.,Ltd.",broadband,2025-Q2,2025,2,119.1976150046643,96.91194001622554,127.36928010052158,116.08909391704759,36.629133333333336,30.013,15,2,0.0012359829236599268,False
38589,,Education Network,broadband,2025-Q2,2025,2,212.14009779725637,245.23451857498375,229.42089066984488,169.88119348936303,30.752600000000005,29.845,15,5,0.0012359829236599268,False
134089,,JasTel Network,broadband,2025-Q2,2025,2,302.4641009067058,461.52062030899344,325.9842963880007,643.9154955864096,28.94033333333333,28.023,15,2,0.0012359829236599268,False
151985,,"King Power Corporation Co., Ltd.",broadband,2025-Q2,2025,2,167.54537149513047,124.73845050863352,146.89956325997284,69.04870027162468,30.344642857142855,29.4745,14,1,0.0011535840620825982,False
24453,,Chandrakasem Rajabahat University,broadband,2025-Q2,2025,2,107.12061127146502,112.80634998765453,44.407311110675934,33.91296594329267,30.117428571428565,29.7085,14,6,0.0011535840620825982,False
138616,,"Sanuk Systems (Thailand) Co., Ltd",broadband,2025-Q2,2025,2,95.40109044502206,57.979536727861046,51.56425075063209,16.093378191272038,52.875714285714295,36.589,14,6,0.0011535840620825982,False
24083,,Siam City Cement Public Company Limited,broadband,2025-Q2,2025,2,24.878104990111645,14.884862483504243,23.4580152208768,16.597372428134147,110.78353846153846,139.478,13,2,0.0010711852005052698,False
134240,,Super Broadband Network Company Limited,broadband,2025-Q2,2025,2,686.8921984827213,895.0489336091708,945.1236764769556,885.3179891302228,35.83176923076924,27.86,13,2,0.0010711852005052698,False
134509,,1-TO-ALL COMPANY LIMITED,broadband,2025-Q2,2025,2,101.17839547466565,15.31235215045523,101.9442860725581,0.0641662075013775,42.90215384615385,36.08,13,2,0.0010711852005052698,False
45752,,Provincial waterworks authority,broadband,2025-Q2,2025,2,206.9251018875048,69.90045432250724,206.4907422197163,74.75235035828615,30.32592307692308,30.367,13,2,0.0010711852005052698,False
154177,,LIGHT NODE LIMITED,broadband,2025-Q2,2025,2,23.892225287203406,7.299467648590818,17.749931827686623,1.5676274249550026,45.713166666666666,27.274,12,9,0.0009887863389279414,False
134695,,Mass Rapid Transit Authority of Thailand,broadband,2025-Q2,2025,2,90.35003814942445,132.81829008027205,71.58472024789606,92.29881648473527,31.659416666666672,31.8505,12,2,0.0009887863389279414,False
149762,,"Hakuhodo (Bangkok) Co., Ltd.",broadband,2025-Q2,2025,2,223.72545453989767,227.91491474636467,168.7486328501421,151.36832701537446,28.193416666666664,27.371499999999997,12,3,0.0009887863389279414,False
142131,,AEON Thana Sinsap (Thailand) Public Company Limited,broadband,2025-Q2,2025,2,81.72958134783266,88.66265803370264,101.80474017333924,78.77911698362038,29.235083333333332,29.0,12,1,0.0009887863389279414,False
152915,,The Office of the Securities and Exchange Commission (Head Office),broadband,2025-Q2,2025,2,89.02371493001633,40.14960069146623,42.87201609325654,15.260723099933346,43.424727272727274,32.166,11,3,0.000906387477350613,False
139329,,Siam Piwat Company Limited,broadband,2025-Q2,2025,2,18.091644581068707,22.413298228932426,18.9444358822175,12.248711844520473,40.68272727272727,37.332,11,1,0.000906387477350613,False
132201,,Land and Houses Bank Public Company Limited,broadband,2025-Q2,2025,2,206.43411870119107,49.78597005708475,232.95592427439198,0.09649358595388083,27.083454545454547,27.0,11,1,0.000906387477350613,False
141715,,"Apex Circuit (Thailand) Co.,Ltd.",broadband,2025-Q2,2025,2,123.54641344992397,122.91037441052808,118.03822951046264,65.28891404488033,30.122727272727275,29.726,11,5,0.000906387477350613,False
153746,,T Net Network Company Limited,broadband,2025-Q2,2025,2,137.18842287486703,55.9100483160242,109.02553409275681,23.943997404060873,79.25327272727273,77.527,11,7,0.000906387477350613,False
55925,,"469 Nakronsawan.Rd, Chidrada Dusit",broadband,2025-Q2,2025,2,27.814142744858852,40.356080720050116,32.09498296682874,34.10072729178108,43.156363636363636,26.78,11,4,0.000906387477350613,False
55488,,Nakorn Ratchasima Rajabhat University,broadband,2025-Q2,2025,2,69.66831895346373,44.96172351440595,59.87129299778667,39.98908337181757,107.3670909090909,68.042,11,11,0.000906387477350613,False
141207,,Thai Life Insurance PCL.,broadband,2025-Q2,2025,2,128.36242878859412,77.4608536414151,61.736379205665976,40.620940111073146,36.84463636363636,32.751,11,1,0.000906387477350613,False
132172,,Fiscal Policy Office,broadband,2025-Q2,2025,2,423.1450063836184,330.0767930772929,454.83144239052365,312.7241294620893,29.0854,28.709,10,1,0.0008239886157732845,False
133042,,Office of the basic education commission,broadband,2025-Q2,2025,2,99.74500883472344,100.5135171804317,85.51188524126624,90.32318497530319,31.401300000000003,28.2885,10,9,0.0008239886157732845,False
45959,,"Thai Reinsurance Public Co., Ltd.",broadband,2025-Q2,2025,2,73.6618391548835,47.38206733473221,61.86704251340261,37.31244547702658,64.03490000000001,69.413,10,2,0.0008239886157732845,False
55642,,Control Data (Thailand) Ltd,broadband,2025-Q2,2025,2,138.56309542231656,107.724825261628,140.32651213950098,155.4479581530479,30.7951,30.84,10,1,0.0008239886157732845,False
131221,,Petchaburi Rajabhat University,broadband,2025-Q2,2025,2,50.27288125266699,54.20437736829784,41.706034486086565,62.87616363464002,59.858000000000004,33.714,10,6,0.0008239886157732845,False
136906,,NNCK,broadband,2025-Q2,2025,2,15.321757652465298,3.077274202674469,15.268459439756906,1.0145925179235438,155.1003333333333,241.635,9,3,0.000741589754195956,False
45255,,"Hi-tech Nittsu (Thailand) Co.,Ltd.",broadband,2025-Q2,2025,2,46.452661856024314,30.308641063507867,30.19524152397407,7.6268801739336824,109.69311111111112,70.571,9,1,0.000741589754195956,False
134064,,The Chulabhorn Graduate Institute Campus Network Member of UniNet,broadband,2025-Q2,2025,2,151.44053791355327,98.7085642594172,185.10328845429288,90.9119705415836,28.25477777777778,28.459,9,4,0.000741589754195956,False
133376,,"LAZADA Co.,Ltd.",broadband,2025-Q2,2025,2,51.11872238496171,16.3412346948891,54.247016588618976,6.657617710354791,27.178125,26.621000000000002,8,1,0.0006591908926186276,False
135528,,Muban Chombueng Rajabhat University,broadband,2025-Q2,2025,2,71.94896805813819,158.95982647348686,10.681019078242052,154.53984360008397,44.132000000000005,35.218,8,4,0.0006591908926186276,False
45581,,INFONET THAILAND ISP,broadband,2025-Q2,2025,2,2.2206961067288296,0.2673875380145857,1.4025323868694137,0.2289706417044306,104.725,30.020000000000003,8,3,0.0006591908926186276,False
17565,,"Advance Datanetwork Communications Co.,Ltd. BuddyB service. Bangkok",broadband,2025-Q2,2025,2,23.922878504674035,8.159669013947608,24.058128260153076,10.207284690379247,32.929625,32.799499999999995,8,1,0.0006591908926186276,False
134718,,OSD Internet Company Limited,broadband,2025-Q2,2025,2,48.62029025646624,30.64948922332716,51.57979150601388,12.559711443174125,51.302,25.388,7,2,0.0005767920310412991,False
59374,,Bangmod Enterprise,broadband,2025-Q2,2025,2,89.63537950669122,13.36256348290171,86.88156847012345,4.9141558494541595,62.75257142857142,61.808,7,3,0.0005767920310412991,False
135381,,SiS Distribution (Thailand) Public Company Limited ,broadband,2025-Q2,2025,2,50.401500002645,13.432198490443175,7.035050504998868,6.392345293745192,39.18371428571428,32.505,7,5,0.0005767920310412991,False
149503,,Name: Mahamakut Buddhist University network.,broadband,2025-Q2,2025,2,59.69447351259133,94.65075672165112,56.797572217023735,94.65075672165112,30.608714285714285,29.794,7,1,0.0005767920310412991,False
24042,,"Bangkok Airways Co., Ltd.",broadband,2025-Q2,2025,2,94.942289020394,95.15567748965088,89.10289149363513,81.71997237474716,31.574714285714283,31.613,7,2,0.0005767920310412991,False
138962,,Bangkok Insurance Public Company Limited,broadband,2025-Q2,2025,2,197.20313234403005,179.39798903422317,98.73492338083236,164.0527665931723,27.077714285714283,27.91,7,2,0.0005767920310412991,False
24214,,CSLOXINFO,broadband,2025-Q2,2025,2,150.5318553754747,64.40629974411395,75.38032035796014,66.1835277277452,51.60116666666667,60.97,6,2,0.0004943931694639707,False
1299,,Arelion Sweden AB,broadband,2025-Q2,2025,2,31.556263616336068,16.686102012398763,29.794632072325054,17.928312147607727,31.52916666666667,31.3335,6,1,0.0004943931694639707,False
132300,,"NIPA TECHNOLOGY CO., LTD",broadband,2025-Q2,2025,2,5.796300376868422,8.396416941431283,3.6123007206080087,10.299016531408236,27.316666666666666,27.0,6,4,0.0004943931694639707,False
45229,,"United Nation - Property Management Sub-unit, Thailand",broadband,2025-Q2,2025,2,274.8424866218459,214.98798531044847,274.7413773401525,212.30536788525717,38.826600000000006,34.081,5,3,0.00041199430788664223,False
133791,,Teledirect Telecommerce,broadband,2025-Q2,2025,2,286.20940981789346,134.95942953216354,317.2551946289887,123.64045162696125,40.541799999999995,28.895,5,2,0.00041199430788664223,False
58690,,"Internet East Co., Ltd.",broadband,2025-Q2,2025,2,42.27124606468266,31.705307434855808,47.53215349780956,39.731498803419626,40.3504,40.265,5,3,0.00041199430788664223,False
140660,,Satit Pattana School,broadband,2025-Q2,2025,2,176.51373986932438,322.20698926563733,181.88674083530913,302.80729983693095,40.129599999999996,27.457,5,1,0.00041199430788664223,False
149036,,Waterfront Hotel c/o Symphony Communication Public Company Limited,broadband,2025-Q2,2025,2,98.11906532192529,35.27175667737038,103.56506481544068,22.75878063785559,48.441,60.0,5,1,0.00041199430788664223,False
151808,,Hatyai University.,broadband,2025-Q2,2025,2,152.1082502078561,173.23157245198826,152.29250237087007,168.64271409082085,38.677,38.82,5,1,0.00041199430788664223,False
45796,,UIH / BB Connect,broadband,2025-Q2,2025,2,70.90901622290426,68.47904083527366,82.77941546512542,72.8261319477361,41.451,42.989,5,1,0.00041199430788664223,False
133328,,Bangkok Patana School,broadband,2025-Q2,2025,2,115.74186684498768,81.29703025280416,123.67305489336512,65.27162313412333,32.0942,30.008,5,2,0.00041199430788664223,False
137919,,BTS,broadband,2025-Q2,2025,2,100.4368300106276,135.19420505037712,74.89572887892747,146.7590775391387,33.488,25.85,4,1,0.0003295954463093138,False
150181,,FiberTech,broadband,2025-Q2,2025,2,11.095733584847148,16.75592837231162,5.307374613417866,10.433978280736465,41.786,35.355000000000004,4,1,0.0003295954463093138,False
137394,,Dhonburi Rajabhat University,broadband,2025-Q2,2025,2,43.252167574777204,14.930909142467996,47.358452512052764,14.930909142467996,32.0535,31.567500000000003,4,1,0.0003295954463093138,False
153657,,"METASMART CO., LTD.",broadband,2025-Q2,2025,2,125.36640278434345,95.63892302611579,60.647377928748284,41.64536024978053,244.37675,281.06,4,1,0.0003295954463093138,False
45455,,"Two S One N Co Ltd, Internet Service Provider and IT Solutions",broadband,2025-Q2,2025,2,62.22047027419042,157.057382512182,44.88458002059984,157.057382512182,31.829500000000003,31.522,4,3,0.0003295954463093138,False
56117,,KIATNAKIN,broadband,2025-Q2,2025,2,94.56581353292276,54.04276772309051,67.99192258515511,37.779052535906914,63.484750000000005,64.0,4,1,0.0003295954463093138,False
135635,,Tourism authority of Thailand,broadband,2025-Q2,2025,2,137.46152065246247,199.6904060168807,46.15182027558136,43.697980674975895,29.62525,29.8155,4,1,0.0003295954463093138,False
135141,,Rajamangala University of Technology Lanna,broadband,2025-Q2,2025,2,60.42341510813539,3.326942609826478,66.48477849741761,3.326942609826478,83.90950000000001,86.67699999999999,4,2,0.0003295954463093138,False
137566,,Data Zone Company Limited,broadband,2025-Q2,2025,2,33.6940721330354,32.77499607045787,37.209720027022954,25.66333614357365,30.072250000000004,29.8405,4,2,0.0003295954463093138,False
139889,,Department of Fisheries,broadband,2025-Q2,2025,2,286.207449012431,205.7505926954633,268.5323048236035,211.12404947747135,37.53675,31.7635,4,2,0.0003295954463093138,False
38820,,CSLOXINFO,broadband,2025-Q2,2025,2,39.75345374269068,54.07602304405421,34.36848405415828,56.24020552382787,29.608000000000004,29.6515,4,2,0.0003295954463093138,False
45533,,Comptroller General's Department,broadband,2025-Q2,2025,2,8.302334147493662,8.423268475243816,7.537269393972887,8.423268475243816,27.329666666666668,27.0,3,1,0.00024719658473198536,False
151672,,government agency,broadband,2025-Q2,2025,2,14.910225358440776,13.26258206858065,15.290753178334116,3.7217591683810562,59.60733333333334,58.905,3,1,0.00024719658473198536,False
139724,,Tobacco Authority of Thailand,broadband,2025-Q2,2025,2,11.644737310131474,3.903462229097991,5.225850649356947,4.460854955475111,29.079666666666668,28.153,3,1,0.00024719658473198536,False
141162,,CIMB Thai Bank Public Company Limited,broadband,2025-Q2,2025,2,105.6111896407927,49.203524262344715,85.6353433130501,49.203524262344715,33.18533333333333,31.818,3,2,0.00024719658473198536,False
18356,,Aware Corporation Autonomous System,broadband,2025-Q2,2025,2,158.17088494794618,8.637247305592489,162.77843810822742,8.637247305592489,62.50633333333334,72.954,3,2,0.00024719658473198536,False
9339,,CSLOXINFO,broadband,2025-Q2,2025,2,21.26205374117719,53.324791347972244,15.746826042455943,53.324791347972244,72.99766666666666,76.728,3,3,0.00024719658473198536,False
45197,,"Boonthavorn Co., Ltd.",broadband,2025-Q2,2025,2,2.077968904357784,2.089279853764826,2.092294165690343,2.089279853764826,27.391333333333332,26.965,3,1,0.00024719658473198536,False
133761,,Mr. Naphat,broadband,2025-Q2,2025,2,32.370885641232114,0.09923473439132548,3.726353009798953,0.09923473439132548,29.227333333333334,30.168,3,2,0.00024719658473198536,False
149481,,AXA Technology Services Asia (HK) Limited,broadband,2025-Q2,2025,2,39.45634733862414,,1.0513093829584879,,67.75366666666666,68.0,3,1,0.00024719658473198536,False
56120,,TOT Public Company Limited,broadband,2025-Q2,2025,2,37.75569744337837,1.5305789636078924,20.90275474023416,1.5484094951525509,156.56,204.925,3,2,0.00024719658473198536,False
140032,,United Overseas Bank (Thai) Public Company Limited,broadband,2025-Q2,2025,2,471.43833480528247,393.2762183867009,471.22581274969434,370.86945908027747,28.333333333333332,29.0,3,1,0.00024719658473198536,False
55325,,Eastern Water Resources Development and Management Company,broadband,2025-Q2,2025,2,212.777931696479,191.32472671409005,196.10322032808543,191.32472671409005,28.412666666666667,28.509,3,2,0.00024719658473198536,False
137885,,Capital Nomura Securities PLC,broadband,2025-Q2,2025,2,75.01356866413806,52.391368051175306,57.845932201745136,52.391368051175306,35.559333333333335,24.927,3,2,0.00024719658473198536,False
9835,,Government Information Technology Services,broadband,2025-Q2,2025,2,39.88072614244584,47.241198662519714,45.45330339975061,47.241198662519714,42.75733333333333,33.056,3,3,0.00024719658473198536,False
37983,,CSLOXINFO,broadband,2025-Q2,2025,2,95.73515318182103,93.49230906480526,95.73515318182103,93.49230906480526,48.194500000000005,48.194500000000005,2,1,0.0001647977231546569,False
152734,,Maxnito Company Limited,broadband,2025-Q2,2025,2,458.0591172329697,666.1977521716105,458.0591172329697,666.1977521716105,30.311500000000002,30.311500000000002,2,2,0.0001647977231546569,False
55790,,NETONE,broadband,2025-Q2,2025,2,189.84207818820977,293.6788013139179,189.84207818820977,293.6788013139179,29.331,29.331,2,1,0.0001647977231546569,False
7485,,Samart - Advanced Metering Infrastructure(AMI),broadband,2025-Q2,2025,2,47.54633398753312,14.65661801510295,47.54633398753312,14.65661801510295,30.663999999999998,30.663999999999998,2,1,0.0001647977231546569,False
24190,,The Stock Exchange of Thailand,broadband,2025-Q2,2025,2,298.2807259075319,82.2882373811675,298.2807259075319,82.2882373811675,28.500500000000002,28.500500000000002,2,1,0.0001647977231546569,False
137545,,KPN AWARD,broadband,2025-Q2,2025,2,92.37407331940807,18.50422671546569,92.37407331940807,18.50422671546569,50.0175,50.0175,2,2,0.0001647977231546569,False
134839,,PropertyGuru Pte Ltd,broadband,2025-Q2,2025,2,106.51307316678378,14.243879671817307,106.51307316678378,14.243879671817307,63.323499999999996,63.323499999999996,2,1,0.0001647977231546569,False
9304,,HGC Global Communications Limited,broadband,2025-Q2,2025,2,28.440857773918758,22.03319946302294,28.440857773918758,22.03319946302294,27.7945,27.7945,2,1,0.0001647977231546569,False
140918,,CMKL University,broadband,2025-Q2,2025,2,181.69997002407354,0.07653014797041911,181.69997002407354,0.07653014797041911,54.701499999999996,54.701499999999996,2,1,0.0001647977231546569,False
138906,,Ministry of Culture,broadband,2025-Q2,2025,2,80.22126098053116,21.839348807433264,80.22126098053116,21.839348807433264,29.8435,29.8435,2,1,0.0001647977231546569,False
131447,,POPIDC powered by CSLoxinfo,broadband,2025-Q2,2025,2,25.69504328996326,20.4854011518449,25.69504328996326,20.4854011518449,99.46449999999999,99.46449999999999,2,1,0.0001647977231546569,False
132821,,"Trinity Securities Co., Ltd.",broadband,2025-Q2,2025,2,33.48036908906797,,33.48036908906797,,28.6885,28.6885,2,1,0.0001647977231546569,False
18408,,CSLOXINFO,broadband,2025-Q2,2025,2,38.5758948180806,0.08956410427945853,38.5758948180806,0.08956410427945853,68.477,68.477,2,1,0.0001647977231546569,False
6453,,TATA COMMUNICATIONS (AMERICA) INC,broadband,2025-Q2,2025,2,30.079928742023853,91.2576057388389,30.079928742023853,91.2576057388389,25.2175,25.2175,2,1,0.0001647977231546569,False
38184,,Thaivivat Insurance,broadband,2025-Q2,2025,2,22.419414213756983,7.2291229798924315,22.419414213756983,7.2291229798924315,414.9535,414.9535,2,1,0.0001647977231546569,False
38886,,"The Government Lottery Office, Thailand",broadband,2025-Q2,2025,2,309.1050564781566,430.74799742288405,309.1050564781566,430.74799742288405,26.4985,26.4985,2,2,0.0001647977231546569,False
17901,,One to One Contacts Public Company Limited.,broadband,2025-Q2,2025,2,195.8882954262177,134.33932278949072,195.8882954262177,134.33932278949072,28.114,28.114,1,1,8.239886157732845e-05,False
23891,,Phatra Securities,broadband,2025-Q2,2025,2,168.18998300516245,224.27109696229914,168.18998300516245,224.27109696229914,29.361,29.361,1,1,8.239886157732845e-05,False
23883,,"Movaci Co., Ltd",broadband,2025-Q2,2025,2,14.606586078368748,,14.606586078368748,,94.88,94.88,1,1,8.239886157732845e-05,False
24097,,CSLOXINFO Project for Magnecomp Precision,broadband,2025-Q2,2025,2,100.95862935578147,,100.95862935578147,,64.154,64.154,1,1,8.239886157732845e-05,False
5580,,GTT Communications Netherlands B.V.,broadband,2025-Q2,2025,2,18.730489047732366,73.94688090722119,18.730489047732366,73.94688090722119,138.962,138.962,1,1,8.239886157732845e-05,False
38718,,CSLOXINFO,broadband,2025-Q2,2025,2,4.840022742206308,19.368056069068267,4.840022742206308,19.368056069068267,71.346,71.346,1,1,8.239886157732845e-05,False
4651,,National Telecom Public Company Limited,broadband,2025-Q2,2025,2,3.2269245844445753,3.3780222331611207,3.2269245844445753,3.3780222331611207,192.013,192.013,1,1,8.239886157732845e-05,False
140867,,"International gateway co., Ltd",broadband,2025-Q2,2025,2,10.326747146410401,,10.326747146410401,,177.741,177.741,1,1,8.239886157732845e-05,False
38326,,Chiva-Som international,broadband,2025-Q2,2025,2,113.58489542079234,97.64299556236168,113.58489542079234,97.64299556236168,59.626,59.626,1,1,8.239886157732845e-05,False
17978,,SERVCORP AUSTRALIAN HOLDINGS LTD,broadband,2025-Q2,2025,2,94.26408802354126,135.19220141225054,94.26408802354126,135.19220141225054,24.251,24.251,1,1,8.239886157732845e-05,False
23154,,Sanmina-SCI Corporation,broadband,2025-Q2,2025,2,74.45969349980061,57.8062842881997,74.45969349980061,57.8062842881997,218.002,218.002,1,1,8.239886157732845e-05,False
135670,,"Thai Insurers Datanet Co., Ltd.",broadband,2025-Q2,2025,2,97.95185898962578,,97.95185898962578,,26.5,26.5,1,1,8.239886157732845e-05,False
133529,,Land and Houses Bank Public Company Limited,broadband,2025-Q2,2025,2,4.269716060849535,0.08829830998765835,4.269716060849535,0.08829830998765835,30.856,30.856,1,1,8.239886157732845e-05,False
208185,,Net Gate Telecom S.R.L.,broadband,2025-Q2,2025,2,24.53635390727492,8.67195510817494,24.53635390727492,8.67195510817494,174.589,174.589,1,1,8.239886157732845e-05,False
24455,,The Siam Cement Group,broadband,2025-Q2,2025,2,10.119308029204277,16.022183615394937,10.119308029204277,16.022183615394937,28.54,28.54,1,1,8.239886157732845e-05,False
136035,,Department of Tourism,broadband,2025-Q2,2025,2,0.15818467212967993,,0.15818467212967993,,135.794,135.794,1,1,8.239886157732845e-05,False
15695,,Expereo International BV,broadband,2025-Q2,2025,2,58.71938227974297,15.06530282017128,58.71938227974297,15.06530282017128,250.784,250.784,1,1,8.239886157732845e-05,False
135375,,"Today Communication Co.,Ltd",broadband,2025-Q2,2025,2,0.5764859064051648,,0.5764859064051648,,456.986,456.986,1,1,8.239886157732845e-05,False
140983,,Dhipaya Insurance Public Co. Ltd.,broadband,2025-Q2,2025,2,70.45639665799861,,70.45639665799861,,29.0,29.0,1,1,8.239886157732845e-05,False
18252,,National Telecom Public Company Limited,broadband,2025-Q2,2025,2,47.89453427208196,45.7724927063047,47.89453427208196,45.7724927063047,27.589,27.589,1,1,8.239886157732845e-05,False
401783,,TOKALA COMMUNICATIONS INC.,broadband,2025-Q2,2025,2,75.68402073682272,62.57571416700092,75.68402073682272,62.57571416700092,27.0,27.0,1,1,8.239886157732845e-05,False
17552,True,True Online,broadband,2025-Q3,2025,3,109.42358320337338,91.75766174189256,39.34479929480218,41.76912281059639,102.71408132622508,56.062,339280,219510,25.76658788648363,True
133481,AIS,AIS Fibre,broadband,2025-Q3,2025,3,134.10857329500996,112.54863103869494,70.98977021786672,53.74179800767117,81.12719146535308,64.809,329818,204149,25.04799718092507,True
45758,3BB,Triple T Broadband Public Company Limited,broadband,2025-Q3,2025,3,87.55597349026682,66.98145347721821,32.153161839823014,26.465920772325433,135.4699457462935,60.433,287170,155898,21.809098807361188,True
23969,NT,TOT Public Company Limited,broadband,2025-Q3,2025,3,90.05522635548697,75.50325553699801,42.67818762158007,30.445104510319045,107.58389835016827,58.474,176409,88824,13.397365015523139,True
131090,NT,National Telecom Public Company Limited,broadband,2025-Q3,2025,3,87.2055170605287,66.63440255295112,42.97432134100396,27.887199770115956,59.86808122748046,54.689,41376,15626,3.1422964524615264,True
7470,True,"TRUE INTERNET Co.,Ltd.",broadband,2025-Q3,2025,3,83.09639101002743,59.957887873735345,38.88714516416767,23.145226737702572,44.90456227313302,31.939,16809,3413,1.276557933812495,True
136538,AIS,AIS SUPER WiFi,broadband,2025-Q3,2025,3,96.35862286107348,61.0237011894015,53.466596802235344,24.65465510382037,39.75332947905011,33.159,16088,5271,1.2218016562065215,True
56309,,"Siamdata Communication Co.,Ltd.",broadband,2025-Q3,2025,3,37.86039838272736,7.39059572243862,22.194637002015813,2.124357723211398,45.99515542091834,24.147,15685,666,1.1911958588761369,True
23974,,Ministry of education,broadband,2025-Q3,2025,3,67.96244788762996,52.98233940775055,32.20710890842541,16.05102838527331,129.17212571055208,93.382,15318,4023,1.1633240781807246,True
9931,NT,National Telecom Public Company Limited,broadband,2025-Q3,2025,3,49.67820840286908,46.05797675250947,17.85331933749981,15.503503275854303,66.52696582667487,51.875,8139,1771,0.6181155942233266,True
4621,,UNINET-TH,broadband,2025-Q3,2025,3,85.55396113734704,86.14107347160049,38.26070066979497,29.390832214058644,58.640355336128756,42.603,7398,993,0.5618404184868129,True
132280,,Symphony Communication (Thailand) PCL.,broadband,2025-Q3,2025,3,82.47170175800497,67.90583458708726,46.28102992180942,29.695932997365638,35.85459760602926,27.674,6768,981,0.5139951273747972,True
4618,,Internet Thailand Company Limited,broadband,2025-Q3,2025,3,50.37426111757308,32.402853065777485,32.40927966244806,13.073140039721098,112.99013436420955,76.308,6663,2266,0.5060209121894613,True
38794,United Information Highway,UIH,broadband,2025-Q3,2025,3,71.95652349218038,61.52552853074118,44.72051151847221,29.824893185328694,40.96277783075089,32.184,4198,700,0.318816717600384,True
45458,AIS,SBN-ISP/AWN-ISP and SBN-NIX/AWN-NIX,broadband,2025-Q3,2025,3,77.16490807568731,63.18318222556168,44.20613596210913,27.893568063019107,50.35078935511123,39.0,3553,596,0.26983225289046314,True
4750,,CS LOXINFO PUBLIC COMPANY LIMITED,broadband,2025-Q3,2025,3,63.17771001554068,47.60254509071489,46.11063512540017,23.739577172242445,71.17794578313253,66.522,2492,401,0.18925470706530653,True
55423,,JasTel Network,broadband,2025-Q3,2025,3,69.10835700807188,54.34843811944595,30.230126197547058,21.312430173342264,40.80043621399177,27.528,2430,364,0.184546122860632,True
58955,,"Bangmod Enterprise Co., Ltd.",broadband,2025-Q3,2025,3,20.082035590244626,8.48367683662388,8.524301029220613,3.321302113877719,87.99865476797551,73.535,1962,152,0.14900390660599175,True
131293,,TOT Public Company Limited,broadband,2025-Q3,2025,3,58.86032750233099,46.888244575089495,29.51263124428508,24.73453606031087,68.90493864708966,56.212,1907,359,0.14482693674700625,True
9546,,Ministry of University Affairs,broadband,2025-Q3,2025,3,79.40442798199341,75.49370912812039,41.52499716641901,52.819282043323156,78.3162201689546,70.0695,1895,200,0.14391559786868213,True
17479,,Chiang Mai University,broadband,2025-Q3,2025,3,48.92660246651074,44.05692964491134,39.99371869975772,27.566931905358825,193.23625972120328,211.028,1363,58,0.10351290759631333,True
9562,,Mahasarakham University,broadband,2025-Q3,2025,3,51.505050776215825,55.443400848467505,23.719986367697206,12.102695311976607,89.17323394833949,73.833,1356,166,0.10298129325062427,True
135419,,"Cableconnect Co.,Ltd",broadband,2025-Q3,2025,3,94.99156241466281,54.66405091362762,49.639042962491274,37.945332324720624,53.783127511591964,28.990499999999997,1294,75,0.0982727090459497,True
9464,,Prince of Songkla University (Sritrang'NET),broadband,2025-Q3,2025,3,76.92396253297218,82.53622837291397,48.121904066015915,45.737385474425295,61.607848459616996,43.366,1204,573,0.09143766745851889,True
9486,,King Mongkut's Institute of Technology Ladkrabang,broadband,2025-Q3,2025,3,90.38682171215046,78.9070507094938,71.87549545719881,45.13339520706937,86.17229963898917,83.43,1109,500,0.08422290133845303,True
9411,,"Kasetsart University, Thailand",broadband,2025-Q3,2025,3,93.7281858238204,100.19894309264296,49.26566797295999,31.692688502025568,81.99887764932564,31.637,1038,567,0.07883081297503539,True
55545,,Suranaree University of Technology,broadband,2025-Q3,2025,3,61.35175731614252,80.2682601316162,19.051931256726164,31.388931481250566,74.8382027972028,68.285,1001,272,0.07602085143353605,True
9533,,King Mongkut's Institute of Technology North Bangkok,broadband,2025-Q3,2025,3,98.82981190484234,116.80149175002602,36.35232739636932,54.47815366192611,44.8334,30.451999999999998,851,69,0.0646291154544847,True
3839,,Chulalongkorn University,broadband,2025-Q3,2025,3,141.24330166896715,98.94458544567398,89.37460373972273,41.04310285517716,35.72294897959184,27.436999999999998,785,435,0.0596167516237021,True
4762,,"Mahidol University, Thailand",broadband,2025-Q3,2025,3,166.20454405058737,134.14070784084174,90.56756890861558,40.71032897698137,32.71787220026351,28.249,761,243,0.05779407386705388,True
37932,,Rajamangala University of Technology Isan,broadband,2025-Q3,2025,3,83.84188232653972,69.11452778346282,43.70243450043062,17.63746520749191,75.61498936170213,71.2765,658,155,0.049971748494771956,True
134100,,"Express Data Co.,Ltd",broadband,2025-Q3,2025,3,74.39457479283682,62.33541428995901,43.6300422368444,25.68377852669379,48.518601538461546,42.332499999999996,650,87,0.04936418924255588,True
(unknown),,,broadband,2025-Q3,2025,3,50.514995789067825,43.691042590390474,20.41082031850429,13.221120107004083,110.61554489164088,72.016,646,194,0.04906040961644784,True
137850,,Mae Fah Luang University,broadband,2025-Q3,2025,3,101.62641387005223,114.868005148494,82.79974810453461,89.03054518458549,80.98199197431781,77.489,623,22,0.04731367676632663,True
7616,,JasTel Network,broadband,2025-Q3,2025,3,50.056004747743366,37.49363326634715,30.870652534663776,21.051490602718438,88.89014411247804,42.042,569,101,0.043212651813868144,True
37992,,Thammasat University in thailand,broadband,2025-Q3,2025,3,84.18258428268639,100.39186312366543,55.257895410512866,53.17624692218748,31.37838503649635,28.2395,548,234,0.041617808776800956,True
38082,,"True International Gateway Co., Ltd.",broadband,2025-Q3,2025,3,6.863061310753478,30.10424739590473,1.0718558875400266,12.343512127447266,81.72559767891681,69.709,518,83,0.039339461580990685,True
45430,AIS,SBN-IIG/AWN-IIG transit provider,broadband,2025-Q3,2025,3,56.2858571324608,55.05275309511671,20.710534809861766,11.668643003769581,64.90597494780793,68.667,479,139,0.03637761022643733,True
45575,,Rajamangala University of Technology Srivijaya,broadband,2025-Q3,2025,3,66.90460266090129,89.45198577151739,45.19828634576405,49.03817940688473,66.51849156118145,51.712,474,48,0.03599788569380229,True
7693,,KSC Commercial Internet Co. Ltd.,broadband,2025-Q3,2025,3,102.50458897974836,63.18619906556201,80.16457431137566,24.614713116958985,40.705685267857135,31.9035,448,143,0.03402331812410005,True
9903,,Rajamangala Institute of Technology,broadband,2025-Q3,2025,3,142.4254141851914,161.30546142953906,84.41345944243123,67.87552543921214,39.542542141230065,30.79,439,47,0.03333981396535697,True
140618,,Silpakorn University,broadband,2025-Q3,2025,3,106.62037209845244,71.63082798256949,72.79184685287296,28.664975253951706,42.91824018475751,32.885,435,33,0.03303603433924893,True
9551,,King Mongkut's University of Technology,broadband,2025-Q3,2025,3,136.89247499038882,144.85138671463952,90.15236112804953,80.65152431512219,36.697937185929646,29.5935,400,41,0.030377962610803617,True
147176,,"NZ Network Enterprise Co., Ltd.",broadband,2025-Q3,2025,3,45.10497310376855,20.757025651118575,43.824664016525524,6.860295372714946,35.02415617128464,23.123,397,49,0.03015012789122259,True
9649,,Information Technology Office,broadband,2025-Q3,2025,3,58.37942874294648,42.83478269802526,23.78395692314838,18.492467683121358,98.75503157894735,41.962500000000006,380,94,0.028859064480263437,True
56067,,453 Ladplacout Jorakhaebua,broadband,2025-Q3,2025,3,37.61472138213749,24.671796544432983,20.1398610135216,3.556040097093173,90.89341160949867,66.891,379,27,0.02878311957373643,True
9335,NT,National Telecom Public Company Limited,broadband,2025-Q3,2025,3,37.73017234133614,28.933556171277356,16.49341722158256,3.8573219616036463,67.62326453488373,61.92,344,21,0.026125047845291113,True
17887,,"T.C.C. Technology Co., Ltd.",broadband,2025-Q3,2025,3,69.20119534271515,53.658378927328776,50.9016896995528,30.952276631262915,77.34102173913044,80.0315,322,55,0.024454259901696914,True
131257,,"Suratthani ratjabhat university, Thailand",broadband,2025-Q3,2025,3,74.57697202397937,95.94370148902848,37.603242629469925,47.848578128510326,51.33238834951456,39.327,309,5,0.023466976116845794,True
134073,,The Revenue Department,broadband,2025-Q3,2025,3,83.69471583004587,66.70022073457645,44.77742418573828,28.94426461832017,47.61003010033445,32.229,299,16,0.022707527051575704,True
133193,,Provincial Electricity Authority (PEA),broadband,2025-Q3,2025,3,50.44575029461124,35.24081100699865,29.12917783981153,14.63739514507466,35.09098639455783,31.7665,294,18,0.02232780251894066,True
137241,,PibulSongkramRajabhat University,broadband,2025-Q3,2025,3,91.88797214893054,110.7860220356563,55.30883591358019,38.58808513182938,76.87454137931034,72.256,290,32,0.022024022892832625,True
153996,,"VP InfoTech Co., Ltd.",broadband,2025-Q3,2025,3,25.459528206221027,10.108661582825958,17.128263729006328,2.667156219571677,220.7397661870503,210.66500000000002,278,25,0.021112684014508516,True
135034,,Planet Communications Asia Public Company Limited,broadband,2025-Q3,2025,3,141.44071277428816,86.93019953160233,110.55240226905602,52.29448851486684,34.42174264705882,27.2285,272,36,0.02065701457534646,True
136393,,Symphony Communication (Thailand) PCL.,broadband,2025-Q3,2025,3,109.36732786056096,43.56979777502365,60.15932758273849,29.17695882098379,39.13284269662922,30.332,267,142,0.020277290042711414,True
132618,True,Real Future Company Limited,broadband,2025-Q3,2025,3,9.901959928480073,5.919025471983564,6.8336190737846545,4.536127033311205,53.2832440944882,39.1625,254,140,0.019290006257860298,True
147027,,Royal Thai Armed Force Headquarters,broadband,2025-Q3,2025,3,128.4906173401208,105.3289862310669,90.93513670782839,40.841427818792866,43.09156846473029,30.0,242,47,0.01837866737953619,True
55403,,PTT Digital Solutions Company Limited,broadband,2025-Q3,2025,3,72.75092909875372,49.76428629392888,57.99894711086557,5.503081248668272,85.2056711111111,81.699,225,18,0.017087603968577034,True
153182,,Sripatum University,broadband,2025-Q3,2025,3,14.952293337971225,14.7489622528904,14.497699387167382,15.382440497766583,34.99037668161436,28.933,223,10,0.01693571415552302,True
138204,,"Sophon Broadband Networks co.,ltd",broadband,2025-Q3,2025,3,115.61937068820056,58.79653565303019,68.66406377266658,42.74653306933861,37.121707070707075,28.79,198,38,0.015037091492347792,True
55760,,Mahanakorn University Of Technology,broadband,2025-Q3,2025,3,49.70294631472891,51.740616668725636,13.751626417614254,19.085440061366405,41.57380729166666,29.2455,192,109,0.014581422053185737,True
149766,,Y.U.T Corporate Company Limited,broadband,2025-Q3,2025,3,16.755977771079277,17.496813193363085,10.919714177708554,4.450011164751026,75.48253968253968,51.275,189,23,0.014353587333604709,True
132866,,Rajamangala University of Technology Suvarnabhumi under UniNet Network,broadband,2025-Q3,2025,3,116.4695505333148,115.5309662616831,56.892025801946616,65.56549811743122,55.71775956284153,33.907,183,35,0.013897917894442656,True
4274,,Assumption University,broadband,2025-Q3,2025,3,106.31253593051746,114.7693943426933,69.77452499947864,102.18734842795043,49.431754098360656,33.988,183,98,0.013897917894442656,True
138685,,Mahidol Wittayanusorn School,broadband,2025-Q3,2025,3,134.08506061776066,73.30945115272188,52.51110287269064,13.17157815869172,50.22936196319018,31.513,163,56,0.012379019763902474,True
45847,,"university network ,Nakornsitammarat, Thailand",broadband,2025-Q3,2025,3,86.97565169006427,83.29248596132699,55.358550844102595,42.550744621570914,53.04568987341773,43.3505,158,4,0.011999295231267429,True
136737,,Rajamangala University of Technology Krungtep,broadband,2025-Q3,2025,3,110.86462587034164,74.70177032841364,49.18628201764586,22.374453317602143,48.99003311258277,30.784,151,48,0.011467680885578367,True
132879,,Rajabhat Mahasarakham University,broadband,2025-Q3,2025,3,61.66998835230383,63.780890152456514,38.320883085559664,27.027312898746658,89.64745637583894,75.989,149,20,0.011315791072524348,True
23884,,Proen Corp Public Company Limited.,broadband,2025-Q3,2025,3,34.471943048867594,26.399946276080936,19.32296607381584,18.188825492044387,64.54278378378378,34.369,148,33,0.011239846165997339,True
136624,,Sakon Nakhon Rajabhat University,broadband,2025-Q3,2025,3,96.14372442644215,102.44509847341051,79.06006246240096,77.66841333465331,92.4464693877551,73.824,147,11,0.01116390125947033,True
132482,,Rajamangala University of Technology Rattanakosin,broadband,2025-Q3,2025,3,115.31310126481374,85.75312819474523,54.951731454753066,27.736221498596155,45.76484246575342,31.7165,146,29,0.011087956352943322,True
38265,,Sisaket Rajabhat University,broadband,2025-Q3,2025,3,63.33553938359431,79.92787764199676,55.59392904039283,44.743113889970864,70.70558333333332,70.4165,144,5,0.010936066539889303,True
134690,,Chulachomklao Royal Military academy member of UniNet,broadband,2025-Q3,2025,3,8.353526603266426,4.56370452592635,9.454760895191248,4.456906249740856,34.36021428571428,30.439,140,3,0.010632286913781267,True
18256,,Bank of Ayudhya Public Company Limited.,broadband,2025-Q3,2025,3,50.35623207986147,29.683023480882113,26.94108555140304,8.998055142686571,29.985962406015034,29.355,133,2,0.010100672568092203,True
4767,,Computer Science,broadband,2025-Q3,2025,3,244.28288550022933,230.86530076589582,250.38776553485727,207.55113945101513,37.6779465648855,30.027,131,60,0.009948782755038185,True
18197,,"TOYOTA MOTOR ASIA PACIFIC Engineering and Manufacturing,",broadband,2025-Q3,2025,3,72.46451365710881,31.266760475900316,53.62955789616,14.31542418481369,29.606635658914726,29.465,129,13,0.009796892941984168,True
150107,,Surundra Rajabhat University,broadband,2025-Q3,2025,3,47.04223490581764,55.445494204005264,39.99851795323414,56.469622731014354,74.0859765625,73.0,128,1,0.009720948035457158,True
133880,,The Thai Red Cross Society,broadband,2025-Q3,2025,3,76.30215659767735,64.90796379499564,20.36579941363505,18.358597137107566,36.01905555555556,30.684,126,16,0.00956905822240314,True
151825,,Rangsit University,broadband,2025-Q3,2025,3,251.79224532294558,169.41273018449417,222.9772401461409,85.70349054457735,30.53529032258065,29.256,124,28,0.009417168409349122,True
24328,,Yala Rajabhat University Education,broadband,2025-Q3,2025,3,115.697343718948,102.96241653907501,106.03814809585501,96.13833317448126,47.896081300813016,44.504,123,20,0.009341223502822113,True
141714,,Nakhon Pathom Rajabhat University,broadband,2025-Q3,2025,3,58.08168728036587,120.60695179690165,16.948213673568052,28.064874611322697,31.98998347107439,29.795,121,18,0.009189333689768094,True
138003,,Royal Police Cadet Academy,broadband,2025-Q3,2025,3,71.22404182364235,112.6989610586263,16.62629439124593,53.30766651550068,50.967743801652894,32.449,121,4,0.009189333689768094,True
38566,,NTTCTNET,broadband,2025-Q3,2025,3,51.59772276543034,27.5263927833266,30.134276822668177,14.569945670683188,44.639578947368435,31.349,114,35,0.008657719344079032,True
24453,,Chandrakasem Rajabahat University,broadband,2025-Q3,2025,3,104.17262485333613,69.90742829342153,55.08133917548402,16.612721886414967,45.18372321428571,30.6985,112,9,0.008505829531025013,True
9475,,Walailak University,broadband,2025-Q3,2025,3,126.79785420971525,140.59739885770838,69.37631860729579,75.09736773153475,50.50492792792793,48.969,111,20,0.008429884624498004,True
139657,,University of the Thai Chamber of Commerce,broadband,2025-Q3,2025,3,155.35193211967632,49.733882386080374,110.80015391899107,18.69256082751062,30.19783783783784,29.873,111,69,0.008429884624498004,True
55476,,"CP All Public Co., Ltd.",broadband,2025-Q3,2025,3,65.17744835666265,45.8325227323363,46.40818421002775,36.15367537303918,28.505128440366974,28.358,109,3,0.008277994811443985,True
38888,,"Milcom Co., Ltd. Internet Service Provider Bangkok",broadband,2025-Q3,2025,3,27.900916331943062,20.498021047744103,20.93384320947568,16.573149739430693,29.725416666666664,29.0,108,11,0.008202049904916978,True
135616,,Name: Thaksin University,broadband,2025-Q3,2025,3,32.4342937115453,32.887084796830244,22.173755111192264,15.519849063574188,48.356222222222215,44.6205,108,18,0.008202049904916978,True
45800,,"Suan sunandha Rajabhat University, which is one university in Thailand",broadband,2025-Q3,2025,3,7.852888434462844,12.32890703194663,7.570679359025124,15.3485353198393,65.25844444444445,63.338,99,4,0.007518545746173896,False
132838,,"United Information Highway Co.,Ltd.",broadband,2025-Q3,2025,3,57.82932165481946,65.20882292268738,47.20426270395341,62.346687790874924,32.66640206185567,29.963,98,13,0.0074426008396468865,False
132250,,Princess of Naradhiwas University,broadband,2025-Q3,2025,3,80.32601734927198,40.002699968948164,35.10183168028722,11.80545470984824,54.33822680412372,46.119,97,4,0.007366655933119877,False
133919,,"University campus network, Rajamangala University of Technology Phra Nakhon",broadband,2025-Q3,2025,3,151.7514957351584,146.01714891387812,106.19072545349404,87.82106601154817,48.7829255319149,52.864000000000004,94,65,0.007138821213538851,False
45806,,Siam Commercial Bank,broadband,2025-Q3,2025,3,51.42648286305011,48.38263415668322,17.58208239409141,14.850388079265233,31.537096774193547,30.941,93,5,0.007062876307011841,False
135129,,Rajamangala University of Technology Tawan-ok(Bangpra Campus),broadband,2025-Q3,2025,3,116.28419851270267,111.71929017908936,29.022566593850293,46.4939230892633,41.209456521739135,32.3405,92,27,0.006986931400484832,False
4765,,Pacific Internet Pte Ltd,broadband,2025-Q3,2025,3,69.62885199044206,52.11080669836892,33.71230464639481,23.78940117359688,33.50703296703298,31.807,91,24,0.0069109864939578235,False
132117,,Ministry of Interior,broadband,2025-Q3,2025,3,44.218408521105154,37.87292958724746,37.659183268589565,22.866138372937122,109.28911235955056,28.404,89,4,0.006759096680903805,False
154088,,MI Squared Company Limited (Branch 00003)/JW Marriott Phuket Resort & Spa,broadband,2025-Q3,2025,3,24.263159267147813,32.58911833236875,17.64512495507364,25.26523532257642,54.280670588235296,42.646,85,3,0.006455317054795769,False
147312,,Songkhla Rajabhat University Network.,broadband,2025-Q3,2025,3,197.83248803129112,218.74168943382702,151.89707493611382,144.05826282563595,57.397564705882345,40.278,85,2,0.006455317054795769,False
153746,,T Net Network Company Limited,broadband,2025-Q3,2025,3,90.1007436429182,58.77122369470933,71.3746711804584,39.450662597449906,87.42216867469881,76.523,83,24,0.006303427241741751,False
140075,,Roi et Rajabhat University,broadband,2025-Q3,2025,3,98.66460969148271,83.14173138074973,70.29085943378,65.34242886326207,75.88297590361447,76.015,83,7,0.006303427241741751,False
24344,,Chiangmai Rajabhat University,broadband,2025-Q3,2025,3,20.07659217692023,17.432203597607113,8.22222567681506,8.318938601631766,333.5850602409638,365.793,83,11,0.006303427241741751,False
133947,,Metropolitan Electricity Authority,broadband,2025-Q3,2025,3,179.16024021137207,214.5982204633874,101.07058508625606,117.8779163354382,33.33502469135802,28.508,81,7,0.006151537428687732,False
137198,,Phranakorn Rajabhat University,broadband,2025-Q3,2025,3,63.99982613245178,121.98741785976988,28.135748825975345,82.35490790141299,34.80987012987013,29.749,77,6,0.005847757802579697,False
138434,,"INEXT Broadband Co., Ltd",broadband,2025-Q3,2025,3,77.83939511673485,72.71321519717223,30.081704041285498,39.255859980654314,54.61111842105263,33.893,76,42,0.005771812896052687,False
152461,,Department of Lands,broadband,2025-Q3,2025,3,132.935717634232,41.241221723827,88.89522208550335,37.09970850615499,29.772200000000005,29.623,75,1,0.005695867989525679,False
55488,,Nakorn Ratchasima Rajabhat University,broadband,2025-Q3,2025,3,121.67365606636626,102.00271908173671,121.49822145909798,69.61438584026507,81.80704054054054,69.83,74,44,0.005619923082998669,False
48589,,Tiger Network Limited,broadband,2025-Q3,2025,3,26.773074269700103,11.200664055424049,17.8203397647983,0.7189364742330321,92.83747297297298,68.92599999999999,74,34,0.005619923082998669,False
38450,,Ministry of Infomation Communication Technology,broadband,2025-Q3,2025,3,67.38638185735064,27.019747465247814,33.05081436110221,4.345800399742891,53.273972602739725,35.247,73,20,0.005543978176471661,False
138156,,"CSNE Co., Ltd.",broadband,2025-Q3,2025,3,11.575137859207672,9.799873376357365,3.200477333476878,1.4472595715092347,113.005397260274,60.0,73,18,0.005543978176471661,False
63951,,THAICOM Public Company Limited,broadband,2025-Q3,2025,3,13.988715325923247,1.5086513918991562,8.489387260195905,1.2692567983701584,67.92377142857143,63.075,70,16,0.005316143456890634,False
136457,,THAIAIRASIA CSL,broadband,2025-Q3,2025,3,165.95040594606218,36.097698017542236,166.16112356600027,30.484902626978702,51.49195652173913,60.244,69,2,0.005240198550363624,False
131246,,"LOEI university network ,LOEI, Thailand",broadband,2025-Q3,2025,3,69.71243168061643,30.722431325381418,54.652033980625724,7.781149368291652,99.98107246376811,94.821,69,1,0.005240198550363624,False
7862,,Chevron Corporation,broadband,2025-Q3,2025,3,47.738563285336554,30.256096940691826,21.2727158850068,12.65135758994836,66.41668656716416,43.482,67,20,0.005088308737309606,False
135012,,Suan Dusit University,broadband,2025-Q3,2025,3,84.60646054021112,101.841259744267,25.757204032866436,71.44683824377245,62.34110937499999,56.1335,65,18,0.0049364189242555884,False
149800,,Org: Phramongkutklao College of Medicine.,broadband,2025-Q3,2025,3,85.04568188171065,94.49377848239536,101.92732632580115,84.19760057558187,31.0764,29.643,65,23,0.0049364189242555884,False
139753,,"Valaya Alongkorn Rajabhat University Under The Royal Patronage,",broadband,2025-Q3,2025,3,106.18571361102268,65.09076490349065,69.78117929796151,29.44700712614314,47.17850000000001,33.9565,64,6,0.004860474017728579,False
38228,,"Ministry Of Defence, Thailand",broadband,2025-Q3,2025,3,105.11123482522324,105.23080406501973,89.65375632542444,75.33980198026002,32.03890625,32.139,64,5,0.004860474017728579,False
154177,,LIGHT NODE LIMITED,broadband,2025-Q3,2025,3,11.99659415834047,3.538891787966903,6.228116703448285,0.6811934621520355,111.84760317460317,114.425,63,9,0.00478452911120157,False
45254,,"Internet Solution & Service Provider Co., Ltd.",broadband,2025-Q3,2025,3,122.63845822091442,48.404480622589,52.516460705406985,22.395509735908405,54.665451612903226,32.7705,62,4,0.004708584204674561,False
139702,,Central Investigation Bureau,broadband,2025-Q3,2025,3,156.07805882084617,181.4663393835111,122.35078320668173,106.93327178960845,26.272836065573767,26.041,61,9,0.004632639298147552,False
4741,,"Samart Infonet Co., Ltd.",broadband,2025-Q3,2025,3,111.69604941373447,86.54256376963308,67.38352369388105,87.59954108399256,46.09481967213115,30.514,61,12,0.004632639298147552,False
714,,Apple Inc.,broadband,2025-Q3,2025,3,117.65939070604082,110.97888781488948,70.54481934930453,82.67980740020482,32.62256140350877,29.299,57,2,0.004328859672039516,False
136781,,Department of Alternative Energy Development and Efficiency,broadband,2025-Q3,2025,3,18.321531621028747,12.294272610306562,17.752887942245785,6.747393805294806,89.81628846153846,34.087,52,24,0.00394913513940447,False
202036,,EXTREME COMMUNICATIONS TECHNOLOGY LIMITED,broadband,2025-Q3,2025,3,11.967142848927143,6.182292761366146,8.90981671004576,4.002804893099798,89.43890384615385,94.49199999999999,52,20,0.00394913513940447,False
17827,,Sukhothai Thammathirat Open University,broadband,2025-Q3,2025,3,93.19166944322335,123.29396336331573,21.019190485799044,19.16850494487681,49.31164,36.364999999999995,50,21,0.003797245326350452,False
141692,,PTT Global Chemical Public Company Limited,broadband,2025-Q3,2025,3,244.9607568428361,267.03637186709665,230.77985412244496,226.04411321617812,33.06748936170213,32.727,47,7,0.0035694106067694254,False
38589,,Education Network,broadband,2025-Q3,2025,3,181.1940566174269,129.63974964419137,98.02241340113211,59.059271623708646,33.54336956521739,29.87,46,12,0.003493465700242416,False
24187,,KIRZ Service Provider,broadband,2025-Q3,2025,3,35.957916643888716,32.13885755403907,16.43914466045937,18.014801686770312,83.51893181818183,69.20349999999999,44,15,0.003341575887188398,False
138524,3BB,Triple T Broadband Public Company Limited,broadband,2025-Q3,2025,3,229.57326177720975,93.551616173885,85.6497412654916,30.917961418378255,41.98041463414634,31.296,41,13,0.003113741167607371,False
140699,,Royal Thai Army,broadband,2025-Q3,2025,3,67.65251861255368,54.94479929682252,75.54791392337675,68.95557853365183,31.616725000000002,29.246499999999997,40,10,0.003037796261080362,False
138670,,Ngern Tid Lor Company Limited,broadband,2025-Q3,2025,3,61.656404074688055,42.40476906686422,51.03585303332674,21.41862647149733,28.97665,28.758499999999998,40,17,0.003037796261080362,False
138427,,Thailand Institute of Nuclear Technology (Public Organization),broadband,2025-Q3,2025,3,170.92425989285897,137.28366569039295,150.6301959715705,90.32441596152987,30.51305128205129,30.805,39,2,0.002961851354553353,False
137394,,Dhonburi Rajabhat University,broadband,2025-Q3,2025,3,142.42245821913923,136.76418025362827,70.83048054522985,36.085855450525116,74.01953846153846,32.854,39,2,0.002961851354553353,False
133581,,"Thailand Post Co,.Ltd.",broadband,2025-Q3,2025,3,137.63513450427968,31.109455320726358,91.51655905410388,21.22307002914239,32.284789473684214,30.602,38,20,0.0028859064480263436,False
140725,,Thai Customs Department,broadband,2025-Q3,2025,3,27.841808336459287,18.16274002201811,8.744334287737239,6.382484143240669,27.187864864864867,26.247,37,1,0.0028099615414993347,False
55642,,Control Data (Thailand) Ltd,broadband,2025-Q3,2025,3,86.33152353190796,105.30515810760254,59.87134398250481,58.627687398794265,35.52383783783783,29.769,37,5,0.0028099615414993347,False
150300,,"The Permanent Secretary, Ministry of Transport of Thailand",broadband,2025-Q3,2025,3,44.039156285891046,26.087031764905614,13.355754801046674,3.665263456205664,82.49856756756758,55.933,37,13,0.0028099615414993347,False
24393,,The Secretariat of House of the Representive,broadband,2025-Q3,2025,3,54.98080364475402,56.94625777908151,56.48466355147009,66.214588285545,28.066342857142857,27.927,35,2,0.002658071728445317,False
55451,,Office of the National Broadcasting and,broadband,2025-Q3,2025,3,147.73732061230288,171.87045803259744,89.20707035354567,84.773482276143,32.17825714285714,29.28,35,17,0.002658071728445317,False
45530,,Agoda Company Pte. Ltd.,broadband,2025-Q3,2025,3,50.72241783990339,47.536106748291985,55.78991145135332,57.99511674762908,43.01568571428572,32.532,35,4,0.002658071728445317,False
9835,,Government Information Technology Services,broadband,2025-Q3,2025,3,49.618970716942336,41.60878571860371,24.175769159388537,41.43061406247985,34.21994117647059,32.289500000000004,34,4,0.0025821268219183074,False
55498,,"Greenline Synergy Co.,Ltd.",broadband,2025-Q3,2025,3,59.162354529867024,23.580899415614258,29.28398908717866,3.6124751802195503,38.121,35.674,34,3,0.0025821268219183074,False
135161,,"GMO-Z com NetDesign Holdings Co., Ltd.",broadband,2025-Q3,2025,3,35.48582102727402,10.039156083490369,30.421116252427993,5.140180288170226,215.96436363636366,178.947,33,2,0.0025061819153912985,False
45255,,"Hi-tech Nittsu (Thailand) Co.,Ltd.",broadband,2025-Q3,2025,3,37.395307339583056,14.753789920371148,22.90712079071054,6.92680104068594,186.3955806451613,138.407,31,1,0.0023542921023372806,False
55938,,Expressway Authority of Thailand,broadband,2025-Q3,2025,3,171.48035354678015,253.29319982053718,150.4588279350496,263.0878945555324,32.387741935483874,28.836,31,2,0.0023542921023372806,False
23683,,"BoonRawd Brewery Co.,LT",broadband,2025-Q3,2025,3,38.699434962461375,44.022452086292375,11.999037562984045,20.700004579988093,29.71454838709678,29.111,31,2,0.0023542921023372806,False
38296,,National Science and Technology Development Agency,broadband,2025-Q3,2025,3,185.35024976887803,208.25533669585585,91.30184922873387,93.04812546312176,53.06674193548387,29.198,31,7,0.0023542921023372806,False
132013,,True Internet assigned for ICS,broadband,2025-Q3,2025,3,108.12973415697549,111.91821982614724,84.19478169527422,84.91863737105908,34.813321428571435,32.5025,28,2,0.0021264573827562533,False
133376,,"LAZADA Co.,Ltd.",broadband,2025-Q3,2025,3,73.14113708146441,53.437410973233,32.58908877888162,39.84549283954503,37.79132142857143,29.1475,28,1,0.0021264573827562533,False
132493,,"Lampang-Meatha Rd., Thambon Chomphu Ampher Maung Lampang 52100",broadband,2025-Q3,2025,3,62.76590067160074,52.09084341102248,66.37541317918618,50.02667804954209,195.2693214285714,216.32150000000001,28,5,0.0021264573827562533,False
140326,,Symphony Communication Public Company Limited for TC,broadband,2025-Q3,2025,3,12.209145365553775,7.838003764922448,11.514170809613354,5.0936450155797095,34.10992592592592,29.429,27,2,0.0020505124762292444,False
4827,,CSLOXINFO,broadband,2025-Q3,2025,3,38.86895212805215,26.935094105553247,25.655988530485637,11.183429380145597,75.11746153846153,73.449,26,2,0.001974567569702235,False
141214,,Geo-Informatics and Space Technology Development Agency,broadband,2025-Q3,2025,3,321.6561160529252,207.39820399111312,327.6690074623069,176.28850637114937,40.849192307692306,33.436499999999995,26,3,0.001974567569702235,False
135141,,Rajamangala University of Technology Lanna,broadband,2025-Q3,2025,3,52.488855517697054,32.902953701231525,14.77760050450267,1.983886692325839,102.17980000000001,104.129,25,10,0.001898622663175226,False
63989,,DE-CORP,broadband,2025-Q3,2025,3,39.66077485972133,53.97450581906758,23.48542932549591,25.41119990976814,160.3694,64.845,25,11,0.001898622663175226,False
134509,,1-TO-ALL COMPANY LIMITED,broadband,2025-Q3,2025,3,92.96081942760117,31.500915573683272,95.9394014921543,38.13822772258347,35.870333333333335,35.480999999999995,24,2,0.0018226777566482171,False
10227,,Institute Rajabhat Suandusit,broadband,2025-Q3,2025,3,106.05970765041765,191.2731683466461,86.62320203885304,91.57411933857657,55.46687500000001,54.019999999999996,24,10,0.0018226777566482171,False
134089,,JasTel Network,broadband,2025-Q3,2025,3,233.45313991687271,246.92454296509376,218.37066005496274,205.1111383326555,27.83820833333333,27.799999999999997,24,2,0.0018226777566482171,False
55925,,"469 Nakronsawan.Rd, Chidrada Dusit",broadband,2025-Q3,2025,3,24.42973253126147,20.86086758701186,27.45614393082327,15.717321905019602,44.87539130434783,28.207,23,3,0.001746732850121208,False
131221,,Petchaburi Rajabhat University,broadband,2025-Q3,2025,3,149.61981761006334,191.51787587452412,34.69369020816022,47.969226788223025,48.085181818181816,31.6575,22,15,0.001670787943594199,False
7715,,GSB,broadband,2025-Q3,2025,3,51.34914356113066,42.75481949917927,20.468194498381813,39.11370387004243,27.6095,27.573,22,2,0.001670787943594199,False
134064,,The Chulabhorn Graduate Institute Campus Network Member of UniNet,broadband,2025-Q3,2025,3,122.13325234770569,99.16200690204695,98.42388098989588,105.42892968689108,28.730090909090908,28.445999999999998,22,11,0.001670787943594199,False
135528,,Muban Chombueng Rajabhat University,broadband,2025-Q3,2025,3,96.7377086548305,106.3109740949887,68.57905631779595,72.62576533989751,37.248238095238094,31.104,21,6,0.00159484303706719,False
139329,,Siam Piwat Company Limited,broadband,2025-Q3,2025,3,118.46260994771438,148.3911122900577,54.007670788845715,139.90512928271747,29.76442857142857,28.671,21,3,0.00159484303706719,False
9891,,CS LOXINFO Public Company Limited.,broadband,2025-Q3,2025,3,30.149754397194936,14.86956980097266,13.004461312964215,0.2526211209140321,89.54728571428572,61.489,21,12,0.00159484303706719,False
151040,,"Urban Resort Hotel Co.,Ltd.",broadband,2025-Q3,2025,3,96.58859859914665,84.62797440538166,120.84924448712395,95.99109976795218,30.827500000000004,28.4755,20,2,0.001518898130540181,False
45959,,"Thai Reinsurance Public Co., Ltd.",broadband,2025-Q3,2025,3,43.85690235183113,40.93953083363732,33.05827870407359,1.4752583151415188,211.87905882352945,68.809,19,2,0.0014429532240131718,False
132201,,Land and Houses Bank Public Company Limited,broadband,2025-Q3,2025,3,113.9147020332565,67.87132501742111,98.14392842512805,2.2933745428568226,27.720105263157894,28.0,19,1,0.0014429532240131718,False
45752,,Provincial waterworks authority,broadband,2025-Q3,2025,3,223.46366217135866,116.63386111866733,257.1168642279873,89.61513374600733,29.28322222222222,28.8745,18,3,0.0013670083174861629,False
56112,,"Muang Thai Life Assurance Co., Ltd.",broadband,2025-Q3,2025,3,57.634647648303726,33.362882793775285,46.7740179316996,11.181924840494917,76.19200000000001,49.385999999999996,18,2,0.0013670083174861629,False
24042,,"Bangkok Airways Co., Ltd.",broadband,2025-Q3,2025,3,130.0537828088392,109.00205773955938,66.79807162121217,47.28595996855633,37.74058823529412,34.047,17,3,0.0012910634109591537,False
151985,,"King Power Corporation Co., Ltd.",broadband,2025-Q3,2025,3,197.78563918187743,133.59961849484702,223.92758472813185,91.78475271206719,29.334588235294117,29.727,17,1,0.0012910634109591537,False
45533,,Comptroller General's Department,broadband,2025-Q3,2025,3,31.320262982756937,46.40233223523244,13.884099985856514,8.9445323146557,30.383470588235294,26.751,17,3,0.0012910634109591537,False
137545,,KPN AWARD,broadband,2025-Q3,2025,3,98.24325639759904,17.335742816297373,86.93842842467103,17.784423831124393,44.66794117647059,37.478,17,2,0.0012910634109591537,False
149503,,Name: Mahamakut Buddhist University network.,broadband,2025-Q3,2025,3,37.17894202829331,46.869770698025384,9.579411675565252,41.353461075698235,123.53270588235294,29.319,17,1,0.0012910634109591537,False
38328,,Ministry of Finance,broadband,2025-Q3,2025,3,128.19303484627832,138.62839473539862,140.83848035123398,97.05904696551127,28.76275,28.7455,16,5,0.0012151185044321448,False
137058,,Aeronautical Radio of Thailand Ltd.,broadband,2025-Q3,2025,3,94.1945949174747,80.73389808418037,100.11738037292305,43.574530634007075,50.200937499999995,30.061500000000002,16,3,0.0012151185044321448,False
132300,,"NIPA TECHNOLOGY CO., LTD",broadband,2025-Q3,2025,3,129.28313815473348,40.23542681039552,53.70095263465459,16.508989979558752,39.66906666666667,30.648,15,5,0.0011391735979051356,False
150686,,State Railway of Thailand,broadband,2025-Q3,2025,3,100.73770812611062,70.57031664892232,98.40927752798858,80.87783494705204,61.776066666666665,26.415,15,2,0.0011391735979051356,False
4776,,"A-Net Co., Ltd.",broadband,2025-Q3,2025,3,154.1223736644561,76.61606078355369,81.40557720518845,38.96044017441726,46.18892857142857,27.7145,14,7,0.0010632286913781267,False
63972,,SOCIAL,broadband,2025-Q3,2025,3,148.92749370467797,56.67704435651265,190.63254608191994,58.499943251742174,27.993428571428574,28.378,14,1,0.0010632286913781267,False
140660,,Satit Pattana School,broadband,2025-Q3,2025,3,182.75023051706373,162.598630549748,105.75295095860344,90.81023602259876,26.32338461538461,26.996,13,1,0.0009872837848511175,False
151066,,Imperial network inc,broadband,2025-Q3,2025,3,42.966548213863874,4.712132446191111,51.88353631075186,4.712132446191111,82.26846153846154,83.665,13,1,0.0009872837848511175,False
141730,,Pacific Technologies and Network Philippines Incorporation,broadband,2025-Q3,2025,3,90.77519619726196,111.12562603099602,77.84461840306062,115.77736318550467,27.433833333333336,26.97,12,1,0.0009113388783241086,False
135381,,SiS Distribution (Thailand) Public Company Limited ,broadband,2025-Q3,2025,3,52.78952571490672,24.616394091428646,14.63480722500819,12.288805535170438,28.521636363636365,29.088,11,9,0.0008353939717970995,False
137919,,BTS,broadband,2025-Q3,2025,3,181.89223707795136,121.67355912133604,222.15950315554363,47.588130215799715,25.908090909090905,26.069,11,1,0.0008353939717970995,False
133909,,Siam E Business Limited Partnership,broadband,2025-Q3,2025,3,73.50671105696914,25.252583557801636,47.491539816410864,26.415591844081558,54.71927272727273,31.238,11,4,0.0008353939717970995,False
133328,,Bangkok Patana School,broadband,2025-Q3,2025,3,198.02167566134816,74.8464258694888,260.47806240153324,23.464453859061976,29.453909090909097,29.593,11,2,0.0008353939717970995,False
140983,,Dhipaya Insurance Public Co. Ltd.,broadband,2025-Q3,2025,3,123.17732486601808,145.35658582179678,95.04929001547862,93.48408972728218,34.0,29.0,10,2,0.0007594490652700905,False
38820,,CSLOXINFO,broadband,2025-Q3,2025,3,75.32899947700491,44.66568768908822,88.51281197137703,34.04067927523735,33.2405,30.8685,10,2,0.0007594490652700905,False
131447,,POPIDC powered by CSLoxinfo,broadband,2025-Q3,2025,3,6.072082885787377,1.797400434768072,5.10362327132624,1.0450000559075197,93.34270000000001,90.18,10,1,0.0007594490652700905,False
38184,,Thaivivat Insurance,broadband,2025-Q3,2025,3,69.05711295799186,34.025391432166955,67.67911033015082,34.74309169489824,35.5014,35.966499999999996,10,1,0.0007594490652700905,False
141715,,"Apex Circuit (Thailand) Co.,Ltd.",broadband,2025-Q3,2025,3,152.65425760161776,177.92371010658644,116.33211791075948,123.25855435286513,29.911199999999997,29.3765,10,4,0.0007594490652700905,False
23932,,Internet Service Provider,broadband,2025-Q3,2025,3,44.57321938290276,11.819218786650454,26.503556628206965,6.1921892324750525,50.96677777777777,58.551,9,3,0.0006835041587430814,False
38293,,Ministry of Foreign Affairs,broadband,2025-Q3,2025,3,120.67492179818636,30.598389604123117,91.24907677069984,20.458515989479007,30.522,31.0,9,6,0.0006835041587430814,False
45796,,UIH / BB Connect,broadband,2025-Q3,2025,3,295.52567410864873,35.21540125609231,326.4393584725509,0.08297265067878137,47.15588888888889,54.0,9,4,0.0006835041587430814,False
5065,,Bunny Communications,broadband,2025-Q3,2025,3,20.895056190462455,3.214456892393025,20.22998131919782,2.416274303633739,226.7243333333333,233.091,9,4,0.0006835041587430814,False
134162,,ADVANCED WIRELESS NETWORK COMPANY LIMITED,broadband,2025-Q3,2025,3,537.3322403037445,655.6643972600676,567.4369866452632,731.337930918621,29.40666666666667,26.894,9,4,0.0006835041587430814,False
17565,,"Advance Datanetwork Communications Co.,Ltd. BuddyB service. Bangkok",broadband,2025-Q3,2025,3,20.943952010362825,11.603281366316349,21.662836332239593,9.603787981866132,32.726333333333336,32.784,9,1,0.0006835041587430814,False
133042,,Office of the basic education commission,broadband,2025-Q3,2025,3,156.82756381737715,113.48394745265772,115.95019675186106,106.7938390120494,44.508,30.442500000000003,8,6,0.0006075592522160724,False
24083,,Siam City Cement Public Company Limited,broadband,2025-Q3,2025,3,28.195549193187013,38.43557439965844,26.534542670822688,24.675972878929468,78.89762499999999,66.9575,8,3,0.0006075592522160724,False
45581,,INFONET THAILAND ISP,broadband,2025-Q3,2025,3,12.03279925540048,8.117271412598162,4.4147238893735326,1.4188520878765722,136.310875,31.709,8,4,0.0006075592522160724,False
136942,,Brothers Pictures Company Limited,broadband,2025-Q3,2025,3,388.21831315271277,323.4334862860857,405.6340032445273,368.6838854111116,61.68225000000001,60.102000000000004,8,6,0.0006075592522160724,False
55325,,Eastern Water Resources Development and Management Company,broadband,2025-Q3,2025,3,118.8819476122247,102.66470919850676,112.05811546587987,121.88232696078991,29.6385,28.548000000000002,8,2,0.0006075592522160724,False
149762,,"Hakuhodo (Bangkok) Co., Ltd.",broadband,2025-Q3,2025,3,303.0133188875087,188.0075142284501,222.94204066683173,59.155379060276516,27.607374999999998,26.707,8,2,0.0006075592522160724,False
134718,,OSD Internet Company Limited,broadband,2025-Q3,2025,3,49.14165873110341,47.60059466775818,49.86648122854398,49.292494131701204,26.420749999999998,26.231,8,1,0.0006075592522160724,False
138215,,Royal Thai Police,broadband,2025-Q3,2025,3,60.53993743280172,60.952769399797546,50.89528597646039,79.91591690930802,26.813125,26.8735,8,2,0.0006075592522160724,False
18356,,Aware Corporation Autonomous System,broadband,2025-Q3,2025,3,151.19057501941313,12.899897583950304,154.77868636665218,1.1835056498821985,71.7195,70.22999999999999,8,6,0.0006075592522160724,False
151808,,Hatyai University.,broadband,2025-Q3,2025,3,55.0882761318326,12.83130034121444,50.689720960874524,2.8654760043830536,42.323750000000004,43.4845,8,4,0.0006075592522160724,False
136035,,Department of Tourism,broadband,2025-Q3,2025,3,43.99216362240786,80.61478528137043,45.843582465972055,98.2025780582068,29.295142857142856,29.529,7,2,0.0005316143456890633,False
138616,,"Sanuk Systems (Thailand) Co., Ltd",broadband,2025-Q3,2025,3,82.82113809209686,68.38047891510215,26.487369626983213,26.550697291114,39.139428571428574,39.92,7,3,0.0005316143456890633,False
45455,,"Two S One N Co Ltd, Internet Service Provider and IT Solutions",broadband,2025-Q3,2025,3,51.00927895125442,89.17175089940432,43.06141306467338,92.18487560326477,30.587142857142858,30.239,7,4,0.0005316143456890633,False
141207,,Thai Life Insurance PCL.,broadband,2025-Q3,2025,3,258.22877501453166,127.72859824644321,323.48503596741415,90.05866910970926,29.592857142857138,29.988,7,1,0.0005316143456890633,False
140918,,CMKL University,broadband,2025-Q3,2025,3,135.25879026203154,109.73806430750903,150.56873312426376,69.95289153661454,70.82666666666667,78.75649999999999,6,1,0.0004556694391620543,False
38886,,"The Government Lottery Office, Thailand",broadband,2025-Q3,2025,3,160.12499881979056,117.09669584906956,94.67076660928879,83.55812856611334,160.44583333333333,26.439500000000002,6,6,0.0004556694391620543,False
136906,,NNCK,broadband,2025-Q3,2025,3,9.804298923166812,9.75918195517338,5.768022497826497,11.193752338188549,156.3083333333333,156.55100000000002,6,3,0.0004556694391620543,False
151672,,government agency,broadband,2025-Q3,2025,3,36.02377206656873,31.285315868668093,36.2968488853293,31.437086596994455,24.656333333333333,24.7145,6,2,0.0004556694391620543,False
18408,,CSLOXINFO,broadband,2025-Q3,2025,3,38.31821237435573,0.5725907451876675,38.930520210206126,0.5725907451876675,61.6985,66.574,6,1,0.0004556694391620543,False
135676,,National Institute for Emergency Medicine,broadband,2025-Q3,2025,3,56.96748991177628,45.49607393883036,48.02707098827349,31.53019038146892,29.50533333333333,28.9645,6,3,0.0004556694391620543,False
137566,,Data Zone Company Limited,broadband,2025-Q3,2025,3,54.956229807432386,0.06282234149018466,44.340678777285305,0.06282234149018466,29.5644,29.782,5,2,0.00037972453263504524,False
138906,,Ministry of Culture,broadband,2025-Q3,2025,3,100.55181696154253,84.33824499102104,94.28963703851619,84.33824499102104,28.7044,28.708,5,1,0.00037972453263504524,False
5580,,GTT Communications Netherlands B.V.,broadband,2025-Q3,2025,3,9.88925907695354,35.12711006258367,3.8449892272633748,36.635903581715326,97.84360000000001,62.905,5,1,0.00037972453263504524,False
150181,,FiberTech,broadband,2025-Q3,2025,3,30.747577343443993,46.49318460146148,21.979476359040547,46.49318460146148,41.741200000000006,34.107,5,2,0.00037972453263504524,False
138962,,Bangkok Insurance Public Company Limited,broadband,2025-Q3,2025,3,213.3277625839511,129.67133435018008,131.67505669733612,104.97534699241906,25.968799999999998,26.0,5,2,0.00037972453263504524,False
56117,,KIATNAKIN,broadband,2025-Q3,2025,3,33.47825923116722,87.20656129150288,20.488392046471304,54.05819670395313,69.08850000000001,70.7365,4,1,0.0003037796261080362,False
45537,,C/o Cs Loxinfo Public Company Limited,broadband,2025-Q3,2025,3,254.61332382627432,13.305404319959802,238.96645113430537,10.102758635600958,34.680499999999995,30.41,4,3,0.0003037796261080362,False
24455,,The Siam Cement Group,broadband,2025-Q3,2025,3,151.2580740929709,209.22217781118047,120.17202592399185,209.22217781118047,53.36175,59.799499999999995,4,2,0.0003037796261080362,False
18409,,"Bank of Thailand, Bangkok, Thailand",broadband,2025-Q3,2025,3,306.2225486885227,103.8089148524613,297.0630787726454,103.8089148524613,30.33325,30.3405,4,2,0.0003037796261080362,False
149036,,Waterfront Hotel c/o Symphony Communication Public Company Limited,broadband,2025-Q3,2025,3,99.56661604170813,55.58735903224808,104.4458333260664,55.58735903224808,27.11025,27.2085,4,1,0.0003037796261080362,False
133791,,Teledirect Telecommerce,broadband,2025-Q3,2025,3,398.6097221831899,263.0845884936158,434.21482204516246,218.71380681553188,29.29825,29.918,4,2,0.0003037796261080362,False
152915,,The Office of the Securities and Exchange Commission (Head Office),broadband,2025-Q3,2025,3,104.6352898907983,51.399075861668926,73.12182298911414,26.863009505061353,31.425,32.0985,4,3,0.0003037796261080362,False
141736,,"Wisepaq Business Solutions Provider Co., Ltd.",broadband,2025-Q3,2025,3,73.84340975603249,102.88301208870736,68.98805815467595,92.23869217362365,30.029249999999998,29.747,4,1,0.0003037796261080362,False
135586,,INTERLINK COMMUNICATION PCL.,broadband,2025-Q3,2025,3,273.05789186134245,162.5985526304181,295.4305796272589,156.72038646018126,36.88225,29.2455,4,1,0.0003037796261080362,False
135635,,Tourism authority of Thailand,broadband,2025-Q3,2025,3,38.318593216463874,28.36273452062511,36.070544621802085,34.263411384674264,31.62025,29.951500000000003,4,1,0.0003037796261080362,False
138353,,NIST INTERNATIONAL SCHOOL,broadband,2025-Q3,2025,3,128.01081846413857,40.25823087379299,82.46594000307502,22.292457914953644,28.166999999999998,27.153,4,1,0.0003037796261080362,False
141162,,CIMB Thai Bank Public Company Limited,broadband,2025-Q3,2025,3,80.77128546992306,17.390748552753827,15.627956614314034,14.625387327545683,172.85075,123.06400000000001,4,3,0.0003037796261080362,False
23687,,The Institute for the Promotion of Teaching Science,broadband,2025-Q3,2025,3,136.34362527639055,171.19442850667087,134.29677771345723,162.51193778567466,25.851333333333333,25.792,3,1,0.00022783471958102714,False
133761,,Mr. Naphat,broadband,2025-Q3,2025,3,211.34055914263948,176.4503192360896,276.9692041124317,216.32729728771318,27.742666666666665,27.58,3,1,0.00022783471958102714,False
134695,,Mass Rapid Transit Authority of Thailand,broadband,2025-Q3,2025,3,210.47972153999976,49.45040524832411,282.1425568914191,49.45040524832411,37.85466666666667,31.824,3,2,0.00022783471958102714,False
142131,,AEON Thana Sinsap (Thailand) Public Company Limited,broadband,2025-Q3,2025,3,106.23790516283873,80.35597069416853,107.76392720661875,80.35597069416853,31.333333333333332,32.0,3,1,0.00022783471958102714,False
17478,,Bangkok Metropolitan Administration,broadband,2025-Q3,2025,3,287.52314454138104,205.57800020985883,369.2215293905404,263.8489413921817,27.558999999999997,26.708,3,1,0.00022783471958102714,False
9339,,CSLOXINFO,broadband,2025-Q3,2025,3,28.050329464753414,16.737803601868702,28.050329464753414,16.737803601868702,64.5,64.5,2,2,0.0001518898130540181,False
134240,,Super Broadband Network Company Limited,broadband,2025-Q3,2025,3,188.05060165018273,158.7539843540025,188.05060165018273,158.7539843540025,80.8395,80.8395,2,2,0.0001518898130540181,False
134565,,National Telecom Public Company Limited,broadband,2025-Q3,2025,3,341.18002565221445,414.5865659323781,341.18002565221445,414.5865659323781,52.097,52.097,2,1,0.0001518898130540181,False
149481,,AXA Technology Services Asia (HK) Limited,broadband,2025-Q3,2025,3,263.3559525858049,76.56089345789758,263.3559525858049,76.56089345789758,36.307500000000005,36.307500000000005,2,1,0.0001518898130540181,False
1299,,Arelion Sweden AB,broadband,2025-Q3,2025,3,73.99621140892285,91.52205232655115,73.99621140892285,91.52205232655115,37.680499999999995,37.680499999999995,2,1,0.0001518898130540181,False
401783,,TOKALA COMMUNICATIONS INC.,broadband,2025-Q3,2025,3,82.23795707557093,31.320914239134325,82.23795707557093,31.320914239134325,23.972,23.972,2,2,0.0001518898130540181,False
38040,,TOT Public Company Limited,broadband,2025-Q3,2025,3,48.945583566976254,46.06242954494069,48.945583566976254,46.06242954494069,337.32050000000004,337.32050000000004,2,2,0.0001518898130540181,False
133529,,Land and Houses Bank Public Company Limited,broadband,2025-Q3,2025,3,46.533734661851014,23.79746405947911,46.533734661851014,23.79746405947911,31.4735,31.4735,2,1,0.0001518898130540181,False
45197,,"Boonthavorn Co., Ltd.",broadband,2025-Q3,2025,3,1.698741147539924,2.1057619784837582,1.698741147539924,2.1057619784837582,152.3545,152.3545,2,1,0.0001518898130540181,False
139889,,Department of Fisheries,broadband,2025-Q3,2025,3,161.60118091435635,199.10045584156694,161.60118091435635,199.10045584156694,28.211,28.211,2,1,0.0001518898130540181,False
132821,,"Trinity Securities Co., Ltd.",broadband,2025-Q3,2025,3,36.99592476530002,36.20697261827074,36.99592476530002,36.20697261827074,29.0835,29.0835,2,2,0.0001518898130540181,False
45229,,"United Nation - Property Management Sub-unit, Thailand",broadband,2025-Q3,2025,3,45.09402787985915,62.46072171218864,45.09402787985915,62.46072171218864,46.8925,46.8925,2,2,0.0001518898130540181,False
55790,,NETONE,broadband,2025-Q3,2025,3,173.7394327863694,104.0299999669376,173.7394327863694,104.0299999669376,30.1265,30.1265,2,1,0.0001518898130540181,False
131089,,National Telecom Public Company Limited,broadband,2025-Q3,2025,3,49.77899523797686,11.439403352467808,49.77899523797686,11.439403352467808,30.5,30.5,2,1,0.0001518898130540181,False
55514,,Electricity Generating Authority of Thailand (EGAT),broadband,2025-Q3,2025,3,640.6053073928808,30.921769811894713,640.6053073928808,30.921769811894713,30.167,30.167,1,1,7.594490652700905e-05,False
215540,,GLOBAL CONNECTIVITY SOLUTIONS LLP,broadband,2025-Q3,2025,3,5.15862084515239,4.861323711797497,5.15862084515239,4.861323711797497,133.417,133.417,1,1,7.594490652700905e-05,False
55538,,"CIMB Securities (Thailand) Co.,Ltd.",broadband,2025-Q3,2025,3,563.4851904289127,0.0895110075328145,563.4851904289127,0.0895110075328145,27.0,27.0,1,1,7.594490652700905e-05,False
984,,OCTOPUS WEB SOLUTION INC,broadband,2025-Q3,2025,3,129.6075281582397,,129.6075281582397,,50.0,50.0,1,1,7.594490652700905e-05,False
151780,,Metro Systems Corporation Public Company Limited,broadband,2025-Q3,2025,3,335.266663875712,160.21183426531996,335.266663875712,160.21183426531996,55.258,55.258,1,1,7.594490652700905e-05,False
58690,,"Internet East Co., Ltd.",broadband,2025-Q3,2025,3,69.45617345341213,31.484503518405003,69.45617345341213,31.484503518405003,44.751,44.751,1,1,7.594490652700905e-05,False
140662,,AEON Thana Sinsap (Thailand) Public Company Limited,broadband,2025-Q3,2025,3,162.47727032436015,,162.47727032436015,,28.1,28.1,1,1,7.594490652700905e-05,False
24465,,"Kasikorn Securities PCL,",broadband,2025-Q3,2025,3,102.52692241808015,117.24555820400438,102.52692241808015,117.24555820400438,61.0,61.0,1,1,7.594490652700905e-05,False
153657,,"METASMART CO., LTD.",broadband,2025-Q3,2025,3,84.41980458605784,86.24914380471178,84.41980458605784,86.24914380471178,211.008,211.008,1,1,7.594490652700905e-05,False
56223,,"Thai Summit Autopart Industry Co.,Ltd",broadband,2025-Q3,2025,3,68.89088214386308,,68.89088214386308,,59.675,59.675,1,1,7.594490652700905e-05,False
4651,,National Telecom Public Company Limited,broadband,2025-Q3,2025,3,17.087238694933784,11.548623574326987,17.087238694933784,11.548623574326987,103.011,103.011,1,1,7.594490652700905e-05,False
32043,,NeoFiber Communications inc.,broadband,2025-Q3,2025,3,63.49071811016265,1.8774843526271017,63.49071811016265,1.8774843526271017,28.171,28.171,1,1,7.594490652700905e-05,False
139892,,Metropolitan Waterworks Authority,broadband,2025-Q3,2025,3,33.50467340042258,,33.50467340042258,,53.751,53.751,1,1,7.594490652700905e-05,False
26937,,The Midland Company,broadband,2025-Q3,2025,3,126.1326948911089,76.90535864974262,126.1326948911089,76.90535864974262,28.777,28.777,1,1,7.594490652700905e-05,False
139724,,Tobacco Authority of Thailand,broadband,2025-Q3,2025,3,63.4517298289081,2.1601157171099654,63.4517298289081,2.1601157171099654,30.482,30.482,1,1,7.594490652700905e-05,False
147187,,Bualuang Securities,broadband,2025-Q3,2025,3,383.20517088431023,419.69928352124873,383.20517088431023,419.69928352124873,23.334,23.334,1,1,7.594490652700905e-05,False
154731,,Krungthai XSpring Securities Company Limited,broadband,2025-Q3,2025,3,38.31283552282712,29.363771707791607,38.31283552282712,29.363771707791607,61.947,61.947,1,1,7.594490652700905e-05,False
152734,,Maxnito Company Limited,broadband,2025-Q3,2025,3,72.43116870650348,46.619401293315555,72.43116870650348,46.619401293315555,30.0,30.0,1,1,7.594490652700905e-05,False
15695,,Expereo International BV,broadband,2025-Q3,2025,3,27.80958467685575,,27.80958467685575,,252.551,252.551,1,1,7.594490652700905e-05,False
56118,,OCSC,broadband,2025-Q3,2025,3,8.946531383627486,,8.946531383627486,,26.465,26.465,1,1,7.594490652700905e-05,False
56120,,TOT Public Company Limited,broadband,2025-Q3,2025,3,77.93605842023332,31.90900337520448,77.93605842023332,31.90900337520448,203.256,203.256,1,1,7.594490652700905e-05,False
17823,,"T.H.NIC Co.,Ltd.",broadband,2025-Q3,2025,3,26.200059837319287,58.98581923225754,26.200059837319287,58.98581923225754,200.224,200.224,1,1,7.594490652700905e-05,False
37983,,CSLOXINFO,broadband,2025-Q3,2025,3,115.57631425249123,,115.57631425249123,,62.078,62.078,1,1,7.594490652700905e-05,False
136581,,Apple Wealth Securities,broadband,2025-Q3,2025,3,42.04253280508532,,42.04253280508532,,69.353,69.353,1,1,7.594490652700905e-05,False
17901,,One to One Contacts Public Company Limited.,broadband,2025-Q3,2025,3,201.75173739865403,0.07517395526841669,201.75173739865403,0.07517395526841669,28.666,28.666,1,1,7.594490652700905e-05,False
40051,,"Disney Worldwide Services, Inc.",broadband,2025-Q3,2025,3,183.2122795273677,0.0963062435193527,183.2122795273677,0.0963062435193527,99.203,99.203,1,1,7.594490652700905e-05,False
18252,,National Telecom Public Company Limited,broadband,2025-Q3,2025,3,185.74302003560842,218.45164630894584,185.74302003560842,218.45164630894584,26.835,26.835,1,1,7.594490652700905e-05,False
23927,,Telecommunication Inc.,broadband,2025-Q3,2025,3,10.075917616977076,,10.075917616977076,,27.558,27.558,1,1,7.594490652700905e-05,False
55932,,The Thai Bond Market Association,broadband,2025-Q3,2025,3,54.11302542095523,0.014702716280634368,54.11302542095523,0.014702716280634368,27.62,27.62,1,1,7.594490652700905e-05,False
17552,True,True Online,broadband,2025-Q4,2025,4,112.20084017851464,97.32476848869416,58.30778022290844,50.841339363012025,101.83947779558136,63.579,188518,122081,27.01326317720155,True
133481,AIS,AIS Fibre,broadband,2025-Q4,2025,4,141.35300868017546,101.14086620177494,80.99541679241139,41.1067099322517,70.79419490077056,63.064,164496,102982,23.57108466882179,True
45758,3BB,Triple T Broadband Public Company Limited,broadband,2025-Q4,2025,4,93.27741682795137,71.2728909402926,40.53980807152561,29.46712306438468,106.94084984246425,66.228,163557,82079,23.436532773918426,True
23969,NT,TOT Public Company Limited,broadband,2025-Q4,2025,4,90.32406440480976,77.48903499100285,42.65643636106829,32.1136958776152,118.24743753377923,58.323,94401,48379,13.526979159502028,True
131090,NT,National Telecom Public Company Limited,broadband,2025-Q4,2025,4,86.74629045711967,65.34300581373788,46.78898128297438,28.516558657823975,61.007952906640185,57.031,24199,13122,3.467541325629915,True
23974,,Ministry of education,broadband,2025-Q4,2025,4,57.39696661696296,44.58033275948674,27.722436933295945,12.337972356088915,153.70701158854166,205.39,7686,2859,1.1013480982185846,True
56309,,"Siamdata Communication Co.,Ltd.",broadband,2025-Q4,2025,4,35.58750322539503,9.661146449785512,20.346502535651577,3.2011669827502534,68.31276867572156,25.616500000000002,7070,639,1.0130797624779329,True
7470,True,"TRUE INTERNET Co.,Ltd.",broadband,2025-Q4,2025,4,81.77144225726381,69.03841523309238,43.55617424636061,34.268654447782744,47.96145661358465,33.540499999999994,6155,1878,0.8819668936423871,True
136538,AIS,AIS SUPER WiFi,broadband,2025-Q4,2025,4,91.03555323391112,61.266774265742185,47.41376309318884,24.982899187635557,41.339013888888886,33.9215,5472,3291,0.7840979434624115,True
9931,NT,National Telecom Public Company Limited,broadband,2025-Q4,2025,4,59.48149071904136,56.208747887722865,26.555985493436765,18.810625958660125,58.801041244751794,52.858,4054,920,0.5809088199555219,True
4621,,UNINET-TH,broadband,2025-Q4,2025,4,80.20887612909405,83.50137299042306,41.29752966711956,33.50442405666056,57.98662693214566,50.797,3820,707,0.5473783157943004,True
4618,,Internet Thailand Company Limited,broadband,2025-Q4,2025,4,49.8892882305497,42.47225938274982,26.148945912170177,18.525208141746333,122.22169675398635,78.67150000000001,3513,1415,0.5033874406768003,True
132280,,Symphony Communication (Thailand) PCL.,broadband,2025-Q4,2025,4,83.0301359162718,67.51841053265045,47.264986704779666,36.34025518338756,33.28030556579432,28.565,2713,665,0.38875323841621384,True
45458,AIS,SBN-ISP/AWN-ISP and SBN-NIX/AWN-NIX,broadband,2025-Q4,2025,4,71.80454616551339,60.75289498922905,38.68534975506892,24.835553499440465,57.99402209944751,43.0,2173,376,0.311375151890318,True
38794,United Information Highway,UIH,broadband,2025-Q4,2025,4,63.933300189077265,54.36810300659363,39.16250260767071,24.7972109994167,42.660545801526716,34.3275,1834,478,0.26279890868239447,True
55423,,JasTel Network,broadband,2025-Q4,2025,4,69.74358686867573,55.93461814286079,34.94824203460908,22.326027608766868,37.0582267493357,27.359,1129,226,0.16177751794025266,True
4750,,CS LOXINFO PUBLIC COMPANY LIMITED,broadband,2025-Q4,2025,4,66.71794508509677,53.684799814980884,45.65605070424849,27.449526199935477,57.113596412556056,61.979,1115,271,0.1597714194006924,True
131293,,TOT Public Company Limited,broadband,2025-Q4,2025,4,52.8458772863479,45.014379260560354,28.840596468107275,21.977910589165933,68.63205988023952,59.823,1005,284,0.14400921658986174,True
9546,,Ministry of University Affairs,broadband,2025-Q4,2025,4,64.39057129519746,65.42642549356725,20.73050921826173,26.038641145902396,97.11136304347828,71.78200000000001,922,181,0.1321159181053259,True
58955,,"Bangmod Enterprise Co., Ltd.",broadband,2025-Q4,2025,4,23.973140557082157,7.141053810358358,11.887137352812285,3.7632318077275375,90.42259903961583,70.192,833,108,0.11936286310383566,True
9562,,Mahasarakham University,broadband,2025-Q4,2025,4,37.956859237706134,38.97719102812222,18.676837383807715,10.594392670653926,226.2639740437158,222.8245,732,116,0.10489029506843661,True
7693,,KSC Commercial Internet Co. Ltd.,broadband,2025-Q4,2025,4,57.15096670551688,45.723047838558955,48.3245831711394,39.2008582221422,167.39589877300614,200.1655,652,65,0.09342687484237797,True
9464,,Prince of Songkla University (Sritrang'NET),broadband,2025-Q4,2025,4,84.00955550241433,89.63435856211336,48.14640508653878,37.352221777079265,51.204858784893275,42.803,611,450,0.08755187197652292,True
134100,,"Express Data Co.,Ltd",broadband,2025-Q4,2025,4,70.10700200084948,55.15346025947962,41.68460076317179,25.037824235677586,48.010864864864864,42.016,592,83,0.08482930967283399,True
135419,,"Cableconnect Co.,Ltd",broadband,2025-Q4,2025,4,94.93997295265592,49.08518316383698,41.29351709319003,24.47924228943965,42.256121621621624,28.6445,518,72,0.07422564596372974,True
(unknown),,,broadband,2025-Q4,2025,4,44.06072622252849,39.77457725610373,25.278375138592065,25.695750673769275,114.98374736842105,74.103,475,142,0.06806405759222321,True
45430,AIS,SBN-IIG/AWN-IIG transit provider,broadband,2025-Q4,2025,4,82.33564479690715,82.70378329479867,35.09904204728044,32.298282652364904,74.99016709511568,72.264,389,176,0.05574088084921017,True
45575,,Rajamangala University of Technology Srivijaya,broadband,2025-Q4,2025,4,54.54212256119407,78.63120290591364,30.712405784223073,11.48431526056713,63.03415979381443,48.7515,388,24,0.05559758809638444,True
55545,,Suranaree University of Technology,broadband,2025-Q4,2025,4,34.47336835293216,69.5729777268842,5.57922194570696,52.729348253290226,77.66923280423282,66.04650000000001,378,128,0.054164660568127104,True
37932,,Rajamangala University of Technology Isan,broadband,2025-Q4,2025,4,88.54952005199706,70.72274046412402,53.10836870541562,20.981242293055896,78.20239384615385,74.189,325,129,0.046570144668363254,True
17479,,Chiang Mai University,broadband,2025-Q4,2025,4,39.83209415091322,42.616146936460986,26.64501067010414,30.77635013160004,197.54229467084636,217.0,319,36,0.045710388151408855,True
9486,,King Mongkut's Institute of Technology Ladkrabang,broadband,2025-Q4,2025,4,84.4642946607367,71.08493417348616,63.10494069612755,43.00807526918064,93.04066077738516,84.055,283,165,0.04055184904968246,True
153996,,"VP InfoTech Co., Ltd.",broadband,2025-Q4,2025,4,22.270734441998727,10.282713249506926,15.266591438507579,4.385201957072106,120.46697318007662,65.0,261,18,0.037399408487516335,True
4762,,"Mahidol University, Thailand",broadband,2025-Q4,2025,4,307.3395199869499,206.15538874142214,178.49937830857934,85.0334870886308,36.75284860557769,28.4,251,93,0.03596648095925901,True
56067,,453 Ladplacout Jorakhaebua,broadband,2025-Q4,2025,4,37.11483071992814,10.929316219572424,21.19528954426858,4.440565828126502,95.57987804878051,64.34649999999999,246,21,0.03525001719513034,True
9411,,"Kasetsart University, Thailand",broadband,2025-Q4,2025,4,107.79360202528657,119.80795914362338,41.135216412886805,38.632451144719155,110.5651386554622,32.051500000000004,239,192,0.03424696792535021,True
132618,True,Real Future Company Limited,broadband,2025-Q4,2025,4,9.195917576970785,5.732395407221224,7.582527908278771,4.109612235229046,50.417116883116876,42.639,231,153,0.033100625902744346,True
9335,NT,National Telecom Public Company Limited,broadband,2025-Q4,2025,4,32.52606496919497,13.7226796828573,18.80829617267028,3.5722025631415626,58.02182648401826,42.75,219,10,0.03138111286883555,True
3839,,Chulalongkorn University,broadband,2025-Q4,2025,4,124.69158871191776,120.70224762166256,65.51151168366998,78.1739820334221,48.975562189054735,29.337,201,150,0.02880184331797235,True
9903,,Rajamangala Institute of Technology,broadband,2025-Q4,2025,4,137.96301069325017,149.69815643823824,78.90413990130621,82.75329007513442,43.14080662983426,29.49,181,30,0.02593598826145769,True
136457,,THAIAIRASIA CSL,broadband,2025-Q4,2025,4,134.8838871444564,54.82808176044765,140.00886670916964,58.768424336658555,31.788114942528733,30.527,174,3,0.024932938991677558,True
136393,,Symphony Communication (Thailand) PCL.,broadband,2025-Q4,2025,4,103.48679791262805,45.881139341605646,58.82415756806774,22.65337600541407,42.41223214285714,31.7055,168,101,0.02407318247472316,True
9533,,King Mongkut's Institute of Technology North Bangkok,broadband,2025-Q4,2025,4,129.30333564435256,145.01436335916412,66.49495401198305,52.5594932192434,33.50495679012345,29.3355,162,47,0.02321342595776876,True
139657,,University of the Thai Chamber of Commerce,broadband,2025-Q4,2025,4,300.32209452460125,252.44731368021627,98.91227399688078,93.52700840636624,38.3807284768212,29.504,151,32,0.021637205676685697,True
7616,,JasTel Network,broadband,2025-Q4,2025,4,63.832280979245816,54.05344787317906,46.937012489581306,23.05768561502824,65.37671034482759,32.967,145,61,0.020777449159731298,True
37992,,Thammasat University in thailand,broadband,2025-Q4,2025,4,88.02785639286299,90.59506409598883,55.38246986488732,43.55201617201404,29.01654676258993,27.115,139,100,0.0199176926427769,True
137241,,PibulSongkramRajabhat University,broadband,2025-Q4,2025,4,61.098407348000094,60.43095583614829,19.6835200569515,4.609093457940188,81.78429230769231,77.07,130,27,0.0186280578673453,True
9649,,Information Technology Office,broadband,2025-Q4,2025,4,62.92332452647974,58.3766710811672,27.9019697777935,17.46478795499923,135.66444715447153,43.723,123,51,0.01762500859756517,True
132879,,Rajabhat Mahasarakham University,broadband,2025-Q4,2025,4,74.12217088878553,50.61719293750431,27.681458362581942,12.093765032018382,84.62921487603307,80.735,121,17,0.017338423091913704,True
153746,,T Net Network Company Limited,broadband,2025-Q4,2025,4,91.3641190348604,75.1124531525681,66.34562753612116,38.71019995464394,83.8659298245614,78.775,114,22,0.016335373822133573,True
147176,,"NZ Network Enterprise Co., Ltd.",broadband,2025-Q4,2025,4,40.23394684069762,22.91595048086758,21.250004943395695,3.6971041467506662,30.164403508771926,24.0,114,20,0.016335373822133573,True
135034,,Planet Communications Asia Public Company Limited,broadband,2025-Q4,2025,4,140.54692839660922,91.14022535348917,98.31387030836409,43.068671685313014,39.96589908256881,27.209,109,29,0.015618910058004906,True
9551,,King Mongkut's University of Technology,broadband,2025-Q4,2025,4,144.50059952758912,113.71839811109263,86.37159959957833,62.078936840188554,30.76616513761468,30.359,109,26,0.015618910058004906,True
17887,,"T.C.C. Technology Co., Ltd.",broadband,2025-Q4,2025,4,69.19744015699585,56.51862755794428,43.42688779755768,27.446014215084233,85.3751359223301,79.736,103,29,0.014759153541050507,True
136624,,Sakon Nakhon Rajabhat University,broadband,2025-Q4,2025,4,111.85914568326677,87.41013565454496,82.86157860698765,30.176716394985544,75.47904901960784,76.63300000000001,102,12,0.014615860788224775,True
138685,,Mahidol Wittayanusorn School,broadband,2025-Q4,2025,4,77.14798510447935,55.04346462315834,21.392867286806375,6.573924739649654,65.078125,31.7515,96,46,0.013756104271270376,False
134073,,The Revenue Department,broadband,2025-Q4,2025,4,54.85996702453028,54.640579040137006,37.80795427268852,26.135324397373296,58.905117021276595,41.437,94,12,0.01346951876561891,False
150107,,Surundra Rajabhat University,broadband,2025-Q4,2025,4,83.79542712629042,71.75845472178338,66.30195515530868,72.96847006852303,74.84241304347826,71.775,92,1,0.013182933259967444,False
132250,,Princess of Naradhiwas University,broadband,2025-Q4,2025,4,142.02689069062092,39.475126661772244,88.80377189294998,26.27126579853313,45.09379310344828,44.947,87,4,0.012466469495838779,False
38888,,"Milcom Co., Ltd. Internet Service Provider Bangkok",broadband,2025-Q4,2025,4,23.958134529992453,25.634989545819618,20.991209132132578,20.143068358544284,33.324034883720934,28.607999999999997,86,12,0.012323176743013045,False
134690,,Chulachomklao Royal Military academy member of UniNet,broadband,2025-Q4,2025,4,94.35184503749603,28.670158402682745,67.48759558005662,12.848789700847984,45.85351219512196,31.3485,82,3,0.011750005731710114,False
137850,,Mae Fah Luang University,broadband,2025-Q4,2025,4,155.20999552361744,153.05562022455746,174.85968667815726,155.2237672251356,82.2285243902439,77.952,82,18,0.011750005731710114,False
4274,,Assumption University,broadband,2025-Q4,2025,4,133.95377898912324,118.80594205145644,132.66466657327163,91.6086825222625,36.30914814814815,31.623,81,48,0.01160671297888438,False
147027,,Royal Thai Armed Force Headquarters,broadband,2025-Q4,2025,4,102.47792583580602,83.26780735901598,80.54747239690307,39.84906534313317,38.96977777777777,31.136,81,32,0.01160671297888438,False
133193,,Provincial Electricity Authority (PEA),broadband,2025-Q4,2025,4,44.564070491342804,37.64450565417666,29.36139327643856,28.128061247448773,33.74142499999999,31.0,80,17,0.011463420226058648,False
24328,,Yala Rajabhat University Education,broadband,2025-Q4,2025,4,98.90209517349128,97.86250390746882,46.13795490842865,80.15971968196223,59.91660273972602,44.429,73,23,0.010460370956278515,False
133880,,The Thai Red Cross Society,broadband,2025-Q4,2025,4,140.96120350818958,99.36995079263475,86.52344975522627,31.37996751605847,33.44871232876712,28.681,73,17,0.010460370956278515,False
63989,,DE-CORP,broadband,2025-Q4,2025,4,23.75716147734031,11.385540057865937,11.62583403054579,3.4649176338620356,156.71610606060608,167.603,66,6,0.009457321686498384,False
135616,,Name: Thaksin University,broadband,2025-Q4,2025,4,41.539513633007466,32.83646713231625,25.852494373460075,15.123472272097699,48.175672131147536,43.728,61,16,0.008740857922369718,False
138003,,Royal Police Cadet Academy,broadband,2025-Q4,2025,4,85.9274389848741,109.22326466283809,21.11410366383008,50.13039754485385,103.8522,34.456,60,4,0.008597565169543984,False
55403,,PTT Digital Solutions Company Limited,broadband,2025-Q4,2025,4,82.7266404068438,50.321028677607615,68.7879339765722,5.0777931688827325,80.29181034482757,80.59649999999999,58,10,0.008310979663892519,False
132482,,Rajamangala University of Technology Rattanakosin,broadband,2025-Q4,2025,4,128.777145736547,166.29513700491844,86.299048019412,59.178395252402794,31.596122807017544,31.722,57,20,0.008167686911066787,False
38566,,NTTCTNET,broadband,2025-Q4,2025,4,46.983847386856226,27.50301813296469,31.16492427013242,16.019666370079182,33.86587719298246,30.099,57,24,0.008167686911066787,False
154088,,MI Squared Company Limited (Branch 00003)/JW Marriott Phuket Resort & Spa,broadband,2025-Q4,2025,4,44.804482724208135,53.42639382270301,36.35655868705909,42.7515642089951,58.13342592592593,59.86,54,2,0.007737808652589586,False
140618,,Silpakorn University,broadband,2025-Q4,2025,4,74.91667524778093,57.89427292604802,42.14500177806869,40.59908224886001,40.16318867924529,30.014,53,27,0.007594515899763853,False
45254,,"Internet Solution & Service Provider Co., Ltd.",broadband,2025-Q4,2025,4,70.35221943569424,30.331421966987627,5.4077321363845625,3.2039962885433875,43.92235849056605,34.489,53,4,0.007594515899763853,False
4767,,Computer Science,broadband,2025-Q4,2025,4,246.2440239330817,191.34438163480203,223.3104906579251,93.69604196474964,34.97353846153846,28.543,52,32,0.00745122314693812,False
153182,,Sripatum University,broadband,2025-Q4,2025,4,36.789427228496535,27.274217147021353,9.244714279223071,4.595818945720319,32.012470588235296,30.013,51,10,0.0073079303941123875,False
45806,,Siam Commercial Bank,broadband,2025-Q4,2025,4,110.34343622483644,134.9393498391115,22.159347182564197,20.238171322165467,28.88038,28.636,50,5,0.007164637641286655,False
38228,,"Ministry Of Defence, Thailand",broadband,2025-Q4,2025,4,66.22378134413641,78.69394064053827,17.051886246636318,45.579827179996855,31.875533333333337,31.307,45,3,0.006448173877157989,False
131257,,"Suratthani ratjabhat university, Thailand",broadband,2025-Q4,2025,4,152.61209350263996,62.9494592276133,88.41316224063021,8.031811136177428,48.961255813953485,38.697,43,5,0.0061615883715065226,False
135129,,Rajamangala University of Technology Tawan-ok(Bangpra Campus),broadband,2025-Q4,2025,4,158.12784310589126,108.46555306687887,33.98193603280211,9.184295647789526,46.2577619047619,32.3605,42,16,0.00601829561868079,False
149766,,Y.U.T Corporate Company Limited,broadband,2025-Q4,2025,4,22.128978968684617,31.54379940368677,10.791977472254734,5.536347075432705,57.91309523809524,28.5095,42,15,0.00601829561868079,False
18256,,Bank of Ayudhya Public Company Limited.,broadband,2025-Q4,2025,4,61.49997861851268,33.67282402629428,31.09228676235152,8.181381136361818,29.376073170731697,28.895,41,2,0.005875002865855057,False
138204,,"Sophon Broadband Networks co.,ltd",broadband,2025-Q4,2025,4,120.76593877590848,62.214753998770234,84.5401153244134,38.93017607477794,28.44423076923077,28.023,39,16,0.00558841736020359,False
63951,,THAICOM Public Company Limited,broadband,2025-Q4,2025,4,17.605956363003234,1.6075316979280763,15.12985756436195,0.9736639875236205,46.8591081081081,58.744,37,10,0.005301831854552124,False
9475,,Walailak University,broadband,2025-Q4,2025,4,116.62139343986402,91.06688330877469,93.99847250478618,68.3194623234949,51.64067567567568,39.274,37,9,0.005301831854552124,False
18197,,"TOYOTA MOTOR ASIA PACIFIC Engineering and Manufacturing,",broadband,2025-Q4,2025,4,126.57225743520155,97.66901893985185,107.37649991745386,47.70649240522592,29.006594594594585,28.911,37,13,0.005301831854552124,False
138524,3BB,Triple T Broadband Public Company Limited,broadband,2025-Q4,2025,4,138.78823990664299,145.72653402822138,28.96982322881703,111.54702101743618,43.88197297297299,31.228,37,11,0.005301831854552124,False
23884,,Proen Corp Public Company Limited.,broadband,2025-Q4,2025,4,35.08094932148613,15.99410880539969,24.422988194117305,7.673994908141574,45.66977777777778,34.2195,36,14,0.005158539101726391,False
133919,,"University campus network, Rajamangala University of Technology Phra Nakhon",broadband,2025-Q4,2025,4,181.8710993310252,220.60899431767078,113.48509892653625,130.36667828044386,30.63888235294118,29.208,34,30,0.004871953596074925,False
38450,,Ministry of Infomation Communication Technology,broadband,2025-Q4,2025,4,51.24480098022265,28.519206669221248,20.55634131183104,13.483468567555166,78.04026470588235,74.3125,34,11,0.004871953596074925,False
714,,Apple Inc.,broadband,2025-Q4,2025,4,251.7816274798434,113.48686381544825,97.33395204871383,72.80983499116162,38.418058823529414,27.466,34,5,0.004871953596074925,False
38265,,Sisaket Rajabhat University,broadband,2025-Q4,2025,4,63.06580215414221,80.10802026679654,39.41861455951245,37.064112547600764,75.75926470588236,71.465,34,5,0.004871953596074925,False
55760,,Mahanakorn University Of Technology,broadband,2025-Q4,2025,4,48.429780456848775,73.62748966656682,15.184818359890642,33.31827214580512,51.55515625,43.938500000000005,32,20,0.004585368090423459,False
55476,,"CP All Public Co., Ltd.",broadband,2025-Q4,2025,4,53.837848792160514,51.57509027419862,33.27203717372568,41.58659041187832,29.2973125,28.761000000000003,32,3,0.004585368090423459,False
4765,,Pacific Internet Pte Ltd,broadband,2025-Q4,2025,4,46.29404051751045,27.86606374940836,34.198924221435,18.823550986736784,42.437,31.929000000000002,32,16,0.004585368090423459,False
134565,,National Telecom Public Company Limited,broadband,2025-Q4,2025,4,31.308897602216472,26.294681742694767,22.932449884686516,11.81461436454498,54.43667741935486,53.849,31,1,0.004442075337597726,False
4827,,CSLOXINFO,broadband,2025-Q4,2025,4,16.1801369192428,8.850259711855394,9.76670385153779,2.9619155266591313,81.08441935483869,54.813,31,2,0.004442075337597726,False
38082,,"True International Gateway Co., Ltd.",broadband,2025-Q4,2025,4,37.7413021912392,23.4835588693576,32.78458269051381,15.771383475918173,121.54570967741937,106.781,31,16,0.004442075337597726,False
132866,,Rajamangala University of Technology Suvarnabhumi under UniNet Network,broadband,2025-Q4,2025,4,198.44018219681843,137.5728392967408,71.15421051578969,50.85051544278014,31.84338709677419,31.718,31,15,0.004442075337597726,False
4741,,"Samart Infonet Co., Ltd.",broadband,2025-Q4,2025,4,46.25000446922214,74.00206504112083,7.026474729004283,9.96407491711673,84.45793333333332,30.502499999999998,30,7,0.004298782584771992,False
147312,,Songkhla Rajabhat University Network.,broadband,2025-Q4,2025,4,186.5086178954973,113.49096501928283,159.949810573903,44.803410810419464,41.92189655172413,39.863,29,2,0.004155489831946259,False
45847,,"university network ,Nakornsitammarat, Thailand",broadband,2025-Q4,2025,4,65.45741884404077,39.75579640839082,51.51488108969975,18.297261369450684,42.601000000000006,40.45,29,3,0.004155489831946259,False
132838,,"United Information Highway Co.,Ltd.",broadband,2025-Q4,2025,4,57.744335533876935,59.85680793180486,55.37725944263042,30.92779629069474,32.99389655172414,30.759,29,9,0.004155489831946259,False
137198,,Phranakorn Rajabhat University,broadband,2025-Q4,2025,4,83.88191933399709,78.35947166042824,55.05146216555747,78.06283968060461,31.37513793103448,30.811,29,5,0.004155489831946259,False
151825,,Rangsit University,broadband,2025-Q4,2025,4,166.298373554311,127.72206882356815,163.07781252858814,85.65245780627772,29.040750000000003,28.6785,28,13,0.0040121970791205264,False
138434,,"INEXT Broadband Co., Ltd",broadband,2025-Q4,2025,4,46.73654413099014,48.65181650464013,14.287455068159863,12.638771243170469,204.33623076923078,224.84750000000003,26,12,0.00372561157346906,False
133947,,Metropolitan Electricity Authority,broadband,2025-Q4,2025,4,301.5134543805224,356.0938895937467,196.74038861292797,142.94319093701478,27.285730769230767,26.9435,26,6,0.00372561157346906,False
136737,,Rajamangala University of Technology Krungtep,broadband,2025-Q4,2025,4,133.4916745531844,132.4055600128878,46.11606633210074,59.801993105096614,36.242124999999994,29.71,24,13,0.003439026067817594,False
135141,,Rajamangala University of Technology Lanna,broadband,2025-Q4,2025,4,62.18015853447387,41.32478202346577,41.412306365637946,39.209946567390055,82.78220833333332,83.6605,24,14,0.003439026067817594,False
133042,,Office of the basic education commission,broadband,2025-Q4,2025,4,219.5252107320372,226.93709178218415,95.77896552941375,74.84960741227198,27.758043478260873,28.0,23,12,0.003295733314991861,False
55488,,Nakorn Ratchasima Rajabhat University,broadband,2025-Q4,2025,4,148.93096585575464,241.41790869616145,135.49755697029002,301.788984370546,68.10168181818182,67.06049999999999,22,12,0.0031524405621661277,False
203724,,Musarubra Germany GmbH,broadband,2025-Q4,2025,4,90.98825168536287,45.734079003778255,99.1029265444893,14.892407374447806,38.88131818181818,40.894000000000005,22,2,0.0031524405621661277,False
149800,,Org: Phramongkutklao College of Medicine.,broadband,2025-Q4,2025,4,61.05228123361655,47.504822179177424,13.194590715140963,10.313626774322866,50.071285714285715,29.771,21,5,0.003009147809340395,False
138670,,Ngern Tid Lor Company Limited,broadband,2025-Q4,2025,4,86.22813141729782,96.61143882816215,46.60972298559359,82.15965516189279,28.724428571428568,28.506,21,10,0.003009147809340395,False
141692,,PTT Global Chemical Public Company Limited,broadband,2025-Q4,2025,4,233.18182426737468,306.56828578910705,195.80270531890415,261.41414312235156,32.73369999999999,32.337,20,3,0.002865855056514662,False
152461,,Department of Lands,broadband,2025-Q4,2025,4,210.3175234141874,41.647159057763346,235.12286396187318,33.362712457595975,32.11555,30.908,20,1,0.002865855056514662,False
38296,,National Science and Technology Development Agency,broadband,2025-Q4,2025,4,223.85577114850707,210.25362816009954,171.2083870588702,113.45903918994833,29.63805263157895,28.0,19,9,0.0027225623036889286,False
24344,,Chiangmai Rajabhat University,broadband,2025-Q4,2025,4,34.24884312161727,38.790947512115885,29.883865819700375,40.68961922775155,261.7878421052632,352.687,19,7,0.0027225623036889286,False
150300,,"The Permanent Secretary, Ministry of Transport of Thailand",broadband,2025-Q4,2025,4,45.49845765753462,29.358678467444747,11.7929068739248,14.883266889153614,36.62684210526315,29.0,19,11,0.0027225623036889286,False
45255,,"Hi-tech Nittsu (Thailand) Co.,Ltd.",broadband,2025-Q4,2025,4,23.024849246742928,13.768256701783464,25.172689835124977,3.0276066199891787,205.38738888888886,131.811,18,1,0.0025792695508631957,False
17827,,Sukhothai Thammathirat Open University,broadband,2025-Q4,2025,4,223.1314819563496,311.2119528856775,182.69901296885212,96.72430980597039,35.53044444444444,28.892000000000003,18,13,0.0025792695508631957,False
5065,,Bunny Communications,broadband,2025-Q4,2025,4,28.64811613643855,15.013400454104064,19.180583639652845,15.93154496983519,187.39187499999997,228.56,16,3,0.0022926840452117295,False
55325,,Eastern Water Resources Development and Management Company,broadband,2025-Q4,2025,4,95.8881789939262,56.738011873540536,86.16698890147157,47.53697053275282,32.168499999999995,30.4385,16,3,0.0022926840452117295,False
45959,,"Thai Reinsurance Public Co., Ltd.",broadband,2025-Q4,2025,4,42.236019005227504,32.352783202316715,43.49357033548479,6.109267920988805,60.263062500000004,65.53,16,2,0.0022926840452117295,False
55938,,Expressway Authority of Thailand,broadband,2025-Q4,2025,4,119.42510662677,268.00570122179755,104.50839929548229,143.95040561371624,28.470437500000003,28.9925,16,2,0.0022926840452117295,False
135012,,Suan Dusit University,broadband,2025-Q4,2025,4,109.80954400651659,105.36836006942838,91.46816327687728,60.1821441620096,35.51646666666667,31.168,15,6,0.002149391292385996,False
7862,,Chevron Corporation,broadband,2025-Q4,2025,4,33.25497726186136,20.032671131586362,22.439876488355274,6.779647486890669,113.24033333333333,49.412,15,13,0.002149391292385996,False
136781,,Department of Alternative Energy Development and Efficiency,broadband,2025-Q4,2025,4,27.6959059588255,20.143903907038226,31.998995069674788,25.40867347522368,48.691933333333324,27.918,15,10,0.002149391292385996,False
135528,,Muban Chombueng Rajabhat University,broadband,2025-Q4,2025,4,239.93590789794243,360.3464341965738,74.87025237425104,216.61771309674845,29.836533333333332,30.0,15,4,0.002149391292385996,False
140075,,Roi et Rajabhat University,broadband,2025-Q4,2025,4,157.9336190274447,188.09368919884756,156.70652024122393,214.88911924125284,78.28999999999999,76.057,15,3,0.002149391292385996,False
132493,,"Lampang-Meatha Rd., Thambon Chomphu Ampher Maung Lampang 52100",broadband,2025-Q4,2025,4,46.52052595086024,41.12267804456945,39.59062125743709,13.806847597383868,166.06393333333332,209.797,15,4,0.002149391292385996,False
134509,,1-TO-ALL COMPANY LIMITED,broadband,2025-Q4,2025,4,43.48295011236777,40.390055800915015,39.46201863135353,50.50701329691409,35.121599999999994,35.573,15,1,0.002149391292385996,False
139702,,Central Investigation Bureau,broadband,2025-Q4,2025,4,211.4687617625064,147.66386101233792,203.67047757210673,130.81255305945137,26.999142857142857,26.991999999999997,14,6,0.0020060985395602632,False
131246,,"LOEI university network ,LOEI, Thailand",broadband,2025-Q4,2025,4,67.23904940926727,62.05006013820481,57.69676785679548,6.258524655319585,86.40585714285714,87.78800000000001,14,3,0.0020060985395602632,False
141714,,Nakhon Pathom Rajabhat University,broadband,2025-Q4,2025,4,89.56314960623084,114.27066023329482,38.548752999293576,18.310869980639588,40.017214285714296,32.944,14,9,0.0020060985395602632,False
131221,,Petchaburi Rajabhat University,broadband,2025-Q4,2025,4,189.11838974028393,300.84535231862515,81.5506829706855,323.59934630137593,105.86692857142855,31.2455,14,6,0.0020060985395602632,False
55642,,Control Data (Thailand) Ltd,broadband,2025-Q4,2025,4,56.786434364858565,22.06002698314333,48.758739339595124,22.725849624620878,33.502923076923075,32.679,13,3,0.00186280578673453,False
132117,,Ministry of Interior,broadband,2025-Q4,2025,4,119.24124145171731,45.70411274879464,89.56827294525151,33.76105870983646,35.34776923076924,32.773,13,1,0.00186280578673453,False
135161,,"GMO-Z com NetDesign Holdings Co., Ltd.",broadband,2025-Q4,2025,4,35.46532268438956,21.27951427292264,26.536498990358357,16.819049391102226,204.71676923076924,178.749,13,2,0.00186280578673453,False
133909,,Siam E Business Limited Partnership,broadband,2025-Q4,2025,4,108.32589729300695,98.80079317474956,98.26074620501917,79.87350071928678,31.2005,31.0265,12,3,0.001719513033908797,False
55451,,Office of the National Broadcasting and,broadband,2025-Q4,2025,4,263.8129848843971,159.9894810000796,260.11754228398775,141.13289700781553,42.522333333333336,32.2905,12,6,0.001719513033908797,False
45800,,"Suan sunandha Rajabhat University, which is one university in Thailand",broadband,2025-Q4,2025,4,10.829100393513711,16.999386926781444,11.118575146630661,14.718834695507585,48.900666666666666,31.5055,12,4,0.001719513033908797,False
9891,,CS LOXINFO Public Company Limited.,broadband,2025-Q4,2025,4,37.85657201830647,38.02463151900956,18.685724941526527,20.72690634374245,99.45333333333333,64.31200000000001,12,5,0.001719513033908797,False
48589,,Tiger Network Limited,broadband,2025-Q4,2025,4,21.129345727674288,16.998579462588886,11.929794945467929,2.334353911504005,175.02924999999996,169.0,12,7,0.001719513033908797,False
140725,,Thai Customs Department,broadband,2025-Q4,2025,4,13.283868360021932,22.170764737742953,2.4830966531674776,2.8662006900251367,77.64400000000002,27.114,11,1,0.0015762202810830639,False
24453,,Chandrakasem Rajabahat University,broadband,2025-Q4,2025,4,100.5973849103565,69.99407428810918,58.3741821206573,50.94407269521269,29.093727272727268,29.391,11,2,0.0015762202810830639,False
23683,,"BoonRawd Brewery Co.,LT",broadband,2025-Q4,2025,4,14.20822187264413,13.579074882384427,11.57576945855017,11.574973398423865,29.639,29.395,11,2,0.0015762202810830639,False
138156,,"CSNE Co., Ltd.",broadband,2025-Q4,2025,4,2.9679530175927997,3.1081558522128314,1.951786350915878,1.4276494625471008,209.49645454545455,272.324,11,6,0.0015762202810830639,False
138616,,"Sanuk Systems (Thailand) Co., Ltd",broadband,2025-Q4,2025,4,53.38473038824276,96.41663137118233,53.58133289578055,83.48010226309852,109.11749999999999,37.5195,10,6,0.001432927528257331,False
141214,,Geo-Informatics and Space Technology Development Agency,broadband,2025-Q4,2025,4,173.52071679297228,276.4094528783218,56.26204077124359,362.25156341192826,37.754000000000005,31.224,10,2,0.001432927528257331,False
152734,,Maxnito Company Limited,broadband,2025-Q4,2025,4,50.660323240749555,46.542654506647374,46.671504199565334,47.84504081993772,208.0314,170.0385,10,6,0.001432927528257331,False
38589,,Education Network,broadband,2025-Q4,2025,4,214.50324981673674,211.47165714801446,232.31831375863374,164.913111253672,30.9777,30.3485,10,6,0.001432927528257331,False
4776,,"A-Net Co., Ltd.",broadband,2025-Q4,2025,4,173.45894794368172,119.46484307290613,232.04393080394297,78.57621302983387,26.7956,25.4725,10,5,0.001432927528257331,False
4637,,Telstra Global,broadband,2025-Q4,2025,4,70.73819952452595,21.94477253368337,72.2750116683052,15.198931746872645,135.4611111111111,147.388,9,5,0.0012896347754315978,False
139329,,Siam Piwat Company Limited,broadband,2025-Q4,2025,4,34.41357775026279,30.459692503488622,26.034820294464097,23.929822000467546,28.214,28.1,9,1,0.0012896347754315978,False
56112,,"Muang Thai Life Assurance Co., Ltd.",broadband,2025-Q4,2025,4,13.795529735666555,4.075253220755909,13.227904306487238,1.6420925812149605,58.64188888888888,59.843,9,1,0.0012896347754315978,False
139753,,"Valaya Alongkorn Rajabhat University Under The Royal Patronage,",broadband,2025-Q4,2025,4,211.33397696690466,357.4089436752195,125.88400930944226,457.0724925680238,28.12725,27.1645,8,5,0.0011463420226058647,False
10227,,Institute Rajabhat Suandusit,broadband,2025-Q4,2025,4,224.42010960376,244.44838593006153,241.54870509685216,60.152661456104,37.4065,26.787,8,3,0.0011463420226058647,False
149036,,Waterfront Hotel c/o Symphony Communication Public Company Limited,broadband,2025-Q4,2025,4,135.64297875633125,113.1447110967287,105.32852380929265,53.44558967056527,26.884375000000002,26.8345,8,1,0.0011463420226058647,False
23932,,Internet Service Provider,broadband,2025-Q4,2025,4,47.05836427133676,18.97717238178414,47.99846354393894,7.096661723873822,35.111,33.694500000000005,8,4,0.0011463420226058647,False
45530,,Agoda Company Pte. Ltd.,broadband,2025-Q4,2025,4,31.997538331732642,8.268430995399079,35.77680411916043,0.10338201571852523,93.923,48.928,8,4,0.0011463420226058647,False
134089,,JasTel Network,broadband,2025-Q4,2025,4,132.63810836018817,243.1010717186006,86.41351423497056,107.33941409347564,28.567375,28.8645,8,2,0.0011463420226058647,False
58690,,"Internet East Co., Ltd.",broadband,2025-Q4,2025,4,20.8603148119296,19.230273764078134,16.178033482449106,19.114183818820063,39.624375,34.090500000000006,8,3,0.0011463420226058647,False
140699,,Royal Thai Army,broadband,2025-Q4,2025,4,75.06487047393807,37.849615559827875,95.73000524866457,46.46504466720018,29.747875,29.8675,8,2,0.0011463420226058647,False
138962,,Bangkok Insurance Public Company Limited,broadband,2025-Q4,2025,4,163.20170937510542,78.23708975107687,76.72744595895911,75.10607158845055,26.811571428571426,26.926,7,2,0.0010030492697801316,False
151040,,"Urban Resort Hotel Co.,Ltd.",broadband,2025-Q4,2025,4,81.04364090511653,40.62749470294428,92.24916392759278,5.454016402786194,28.366857142857146,28.648,7,2,0.0010030492697801316,False
141730,,Pacific Technologies and Network Philippines Incorporation,broadband,2025-Q4,2025,4,89.97082710206658,98.80568539064362,84.22562419738756,120.75555084011235,26.560142857142857,26.265,7,1,0.0010030492697801316,False
137058,,Aeronautical Radio of Thailand Ltd.,broadband,2025-Q4,2025,4,124.70423532704253,84.74115497978066,134.6724026812645,76.62968603651586,29.228142857142853,29.342,7,2,0.0010030492697801316,False
55925,,"469 Nakronsawan.Rd, Chidrada Dusit",broadband,2025-Q4,2025,4,13.529879947276582,30.91532843354888,9.458818427237365,16.705545086804854,91.29050000000001,102.2935,6,3,0.0008597565169543985,False
138427,,Thailand Institute of Nuclear Technology (Public Organization),broadband,2025-Q4,2025,4,145.74968703731204,81.05624066089713,139.65209507519475,31.834785026918073,30.627333333333336,30.7145,6,1,0.0008597565169543985,False
138215,,Royal Thai Police,broadband,2025-Q4,2025,4,76.75730037362904,60.6572075004443,37.532214198800375,38.92328991858272,25.74116666666667,25.351,6,1,0.0008597565169543985,False
45581,,INFONET THAILAND ISP,broadband,2025-Q4,2025,4,2.0775021984679243,1.233481002289079,1.4804773598282153,1.0856425020058198,221.51933333333332,60.441500000000005,6,3,0.0008597565169543985,False
140326,,Symphony Communication Public Company Limited for TC,broadband,2025-Q4,2025,4,17.29937046626665,15.282246483043494,17.627997577455076,17.706159212733457,27.43416666666667,27.4075,6,2,0.0008597565169543985,False
55498,,"Greenline Synergy Co.,Ltd.",broadband,2025-Q4,2025,4,3.851268632609648,13.93329488483546,0.11545798765028059,0.07903274031245344,37.5225,37.3545,6,1,0.0008597565169543985,False
45455,,"Two S One N Co Ltd, Internet Service Provider and IT Solutions",broadband,2025-Q4,2025,4,61.06813717901298,78.7215544018721,55.50276419661905,56.10616365720507,35.986399999999996,33.073,5,4,0.0007164637641286655,False
154177,,LIGHT NODE LIMITED,broadband,2025-Q4,2025,4,29.851849369414943,5.67521763465462,25.71206262412525,0.9064721769918973,76.9234,84.229,5,2,0.0007164637641286655,False
136906,,NNCK,broadband,2025-Q4,2025,4,6.728928110131339,1.6213733502296885,1.5982639427303367,1.5239116034864282,216.48179999999996,214.092,5,2,0.0007164637641286655,False
151985,,"King Power Corporation Co., Ltd.",broadband,2025-Q4,2025,4,195.2099128924481,48.19233672913263,204.08024846526223,48.12145721194698,35.1088,30.345,5,1,0.0007164637641286655,False
24042,,"Bangkok Airways Co., Ltd.",broadband,2025-Q4,2025,4,160.61175838443768,100.38714569019868,90.13966399728186,82.2226728466249,29.933600000000002,26.616,5,2,0.0007164637641286655,False
45796,,UIH / BB Connect,broadband,2025-Q4,2025,4,292.1875048168637,16.789879870545427,315.0650049177401,0.09501347648248057,52.71040000000001,56.0,5,3,0.0007164637641286655,False
45537,,C/o Cs Loxinfo Public Company Limited,broadband,2025-Q4,2025,4,32.16231953727194,14.985502548407144,14.511130348256051,14.985502548407144,70.804,33.771,5,3,0.0007164637641286655,False
137546,,"Faculty of Engineering , Rajamangala University of",broadband,2025-Q4,2025,4,77.18921795316346,84.1061318419159,77.1213872785095,87.74175929805108,64.34759999999999,64.578,5,1,0.0007164637641286655,False
137394,,Dhonburi Rajabhat University,broadband,2025-Q4,2025,4,167.80354441535616,164.5563884667008,98.02765744684865,117.58639099488154,31.248,33.064,5,1,0.0007164637641286655,False
7715,,GSB,broadband,2025-Q4,2025,4,99.66118097261958,59.38661265729045,108.43165995917813,60.86715579299094,25.8622,26.0,5,2,0.0007164637641286655,False
38328,,Ministry of Finance,broadband,2025-Q4,2025,4,170.3172806253797,188.38055744813207,164.02203819607817,188.38055744813207,28.340600000000002,27.934,5,3,0.0007164637641286655,False
141207,,Thai Life Insurance PCL.,broadband,2025-Q4,2025,4,256.6685640272073,496.16666345021133,264.5922717051008,496.16666345021133,43.3795,43.913,4,1,0.0005731710113029324,False
17565,,"Advance Datanetwork Communications Co.,Ltd. BuddyB service. Bangkok",broadband,2025-Q4,2025,4,20.9120575207612,18.62275662507904,20.539178368165377,18.62275662507904,38.77675,39.7605,4,1,0.0005731710113029324,False
140662,,AEON Thana Sinsap (Thailand) Public Company Limited,broadband,2025-Q4,2025,4,156.94688851580418,100.60230996779798,169.09035972366974,98.00060910745833,29.885,29.909,4,1,0.0005731710113029324,False
138353,,NIST INTERNATIONAL SCHOOL,broadband,2025-Q4,2025,4,134.71885814415424,18.918157156531326,141.31813252468868,25.847494804340837,31.74575,31.275,4,1,0.0005731710113029324,False
45752,,Provincial waterworks authority,broadband,2025-Q4,2025,4,275.3459082795512,82.03135581183598,286.26343268611487,82.03135581183598,28.823666666666668,28.201,3,2,0.00042987825847719925,False
133581,,"Thailand Post Co,.Ltd.",broadband,2025-Q4,2025,4,229.37488392559342,52.37345303155125,301.92158817230666,52.37345303155125,29.421333333333333,29.178,3,2,0.00042987825847719925,False
18409,,"Bank of Thailand, Bangkok, Thailand",broadband,2025-Q4,2025,4,198.922763083566,197.9892454277017,243.72438418189074,130.64151266413415,30.987333333333336,30.645,3,1,0.00042987825847719925,False
9835,,Government Information Technology Services,broadband,2025-Q4,2025,4,30.259532274884307,15.780344691924268,23.88520400633045,23.461711530405786,38.582,38.0,3,2,0.00042987825847719925,False
45533,,Comptroller General's Department,broadband,2025-Q4,2025,4,23.472165134147655,8.513076585048601,25.705264002631946,8.513076585048601,24.33,24.0,3,1,0.00042987825847719925,False
63972,,SOCIAL,broadband,2025-Q4,2025,4,162.25917794683082,34.37721534090048,232.98198625766673,34.37721534090048,25.666666666666668,26.0,3,1,0.00042987825847719925,False
24393,,The Secretariat of House of the Representive,broadband,2025-Q4,2025,4,38.524698023106055,58.027045322204756,37.98405121275903,58.027045322204756,24.610666666666663,24.0,3,2,0.00042987825847719925,False
138344,,"MSIG Insurance (Thailand) Co., Ltd., Installation Site MSIG Insurance (Thailand) Co., Ltd., Kwang, Khet , Province Bangkok",broadband,2025-Q4,2025,4,9.179676741207963,10.667354317019075,9.667787228071166,10.667354317019075,63.96366666666666,31.0,3,1,0.00042987825847719925,False
137566,,Data Zone Company Limited,broadband,2025-Q4,2025,4,30.779529865758366,,25.495333223344083,,75.44566666666667,31.661,3,2,0.00042987825847719925,False
132201,,Land and Houses Bank Public Company Limited,broadband,2025-Q4,2025,4,139.63425279326864,0.08306551634106141,101.52848240864269,0.08306551634106141,28.666666666666668,28.0,3,1,0.00042987825847719925,False
45229,,"United Nation - Property Management Sub-unit, Thailand",broadband,2025-Q4,2025,4,250.11652054919145,30.820057227691567,240.48636126627633,30.820057227691567,30.483333333333334,30.428,3,3,0.00042987825847719925,False
202036,,EXTREME COMMUNICATIONS TECHNOLOGY LIMITED,broadband,2025-Q4,2025,4,3.5685166779290003,3.8828533795181555,4.200014521933209,3.8828533795181555,27.764666666666667,27.922,3,3,0.00042987825847719925,False
1299,,Arelion Sweden AB,broadband,2025-Q4,2025,4,107.86484681700551,65.04470788090401,108.01831696607319,57.98045212253998,38.13333333333333,38.153,3,1,0.00042987825847719925,False
38820,,CSLOXINFO,broadband,2025-Q4,2025,4,53.20604144390412,65.44280566599832,56.91760470546116,88.89603624770062,29.656000000000002,29.551,3,3,0.00042987825847719925,False
135635,,Tourism authority of Thailand,broadband,2025-Q4,2025,4,56.980488356696846,41.796663610828574,68.34653738490405,41.796663610828574,29.359333333333336,29.499,3,1,0.00042987825847719925,False
133791,,Teledirect Telecommerce,broadband,2025-Q4,2025,4,160.47906497244648,0.09636211246939462,202.91575739948695,0.09636211246939462,41.447,32.1,3,2,0.00042987825847719925,False
149503,,Name: Mahamakut Buddhist University network.,broadband,2025-Q4,2025,4,64.17015172866672,108.02615276127851,18.232004556007016,46.773412151804294,42.68666666666667,31.173,3,1,0.00042987825847719925,False
59374,,Bangmod Enterprise,broadband,2025-Q4,2025,4,29.83411492670027,89.78307983843841,6.402049930603306,89.78307983843841,74.476,60.957,3,3,0.00042987825847719925,False
132300,,"NIPA TECHNOLOGY CO., LTD",broadband,2025-Q4,2025,4,6.608389444582871,2.512040705189164,6.608389444582871,2.512040705189164,41.847,41.847,2,2,0.0002865855056514662,False
134162,,ADVANCED WIRELESS NETWORK COMPANY LIMITED,broadband,2025-Q4,2025,4,598.6582550513331,706.0194974291231,598.6582550513331,706.0194974291231,27.55,27.55,2,2,0.0002865855056514662,False
152915,,The Office of the Securities and Exchange Commission (Head Office),broadband,2025-Q4,2025,4,5.732187771149603,3.0262228014009085,5.732187771149603,3.0262228014009085,33.572,33.572,2,2,0.0002865855056514662,False
141715,,"Apex Circuit (Thailand) Co.,Ltd.",broadband,2025-Q4,2025,4,25.704300035848767,18.777002211816104,25.704300035848767,18.777002211816104,77.636,77.636,2,2,0.0002865855056514662,False
142131,,AEON Thana Sinsap (Thailand) Public Company Limited,broadband,2025-Q4,2025,4,102.07457650984398,25.583450391325332,102.07457650984398,25.583450391325332,28.374499999999998,28.374499999999998,2,1,0.0002865855056514662,False
151808,,Hatyai University.,broadband,2025-Q4,2025,4,125.69636657868861,160.11970890143158,125.69636657868861,160.11970890143158,39.238,39.238,2,1,0.0002865855056514662,False
38293,,Ministry of Foreign Affairs,broadband,2025-Q4,2025,4,96.93482011565636,134.2814799261369,96.93482011565636,134.2814799261369,113.2195,113.2195,2,2,0.0002865855056514662,False
45197,,"Boonthavorn Co., Ltd.",broadband,2025-Q4,2025,4,52.30225761409121,75.137183406524,52.30225761409121,75.137183406524,27.0395,27.0395,2,1,0.0002865855056514662,False
5580,,GTT Communications Netherlands B.V.,broadband,2025-Q4,2025,4,22.920748441984486,,22.920748441984486,,45.679,45.679,2,1,0.0002865855056514662,False
132013,,True Internet assigned for ICS,broadband,2025-Q4,2025,4,140.933599801814,24.651439315206176,140.933599801814,24.651439315206176,34.3845,34.3845,2,1,0.0002865855056514662,False
24455,,The Siam Cement Group,broadband,2025-Q4,2025,4,72.96471321422963,104.28255699605543,72.96471321422963,104.28255699605543,60.8935,60.8935,2,2,0.0002865855056514662,False
150686,,State Railway of Thailand,broadband,2025-Q4,2025,4,138.6098202492706,68.01993904292594,138.6098202492706,68.01993904292594,28.450499999999998,28.450499999999998,2,1,0.0002865855056514662,False
134695,,Mass Rapid Transit Authority of Thailand,broadband,2025-Q4,2025,4,44.37162698862639,91.11746474638932,44.37162698862639,91.11746474638932,31.34,31.34,2,2,0.0002865855056514662,False
38886,,"The Government Lottery Office, Thailand",broadband,2025-Q4,2025,4,273.52983152089996,353.15012854115395,273.52983152089996,353.15012854115395,27.551499999999997,27.551499999999997,2,2,0.0002865855056514662,False
137919,,BTS,broadband,2025-Q4,2025,4,285.64890161285183,258.79361490112166,285.64890161285183,258.79361490112166,26.073,26.073,2,1,0.0002865855056514662,False
137545,,KPN AWARD,broadband,2025-Q4,2025,4,104.2629912519404,,104.2629912519404,,36.6345,36.6345,2,1,0.0002865855056514662,False
24083,,Siam City Cement Public Company Limited,broadband,2025-Q4,2025,4,100.42032010518923,99.88776761855948,100.42032010518923,99.88776761855948,31.685,31.685,2,1,0.0002865855056514662,False
134240,,Super Broadband Network Company Limited,broadband,2025-Q4,2025,4,22.789007061718987,7.825900588343815,22.789007061718987,7.825900588343815,80.425,80.425,2,2,0.0002865855056514662,False
24465,,"Kasikorn Securities PCL,",broadband,2025-Q4,2025,4,163.16530744818647,171.18251182528124,163.16530744818647,171.18251182528124,61.298500000000004,61.298500000000004,2,1,0.0002865855056514662,False
139889,,Department of Fisheries,broadband,2025-Q4,2025,4,278.5302225222599,138.15701672070637,278.5302225222599,138.15701672070637,29.164,29.164,1,1,0.0001432927528257331,False
139892,,Metropolitan Waterworks Authority,broadband,2025-Q4,2025,4,34.54267247086136,28.539656365663046,34.54267247086136,28.539656365663046,51.0,51.0,1,1,0.0001432927528257331,False
133328,,Bangkok Patana School,broadband,2025-Q4,2025,4,260.63420453704737,113.42822549775268,260.63420453704737,113.42822549775268,29.736,29.736,1,1,0.0001432927528257331,False
37983,,CSLOXINFO,broadband,2025-Q4,2025,4,668.1692990054305,0.09514063857048267,668.1692990054305,0.09514063857048267,31.371,31.371,1,1,0.0001432927528257331,False
141736,,"Wisepaq Business Solutions Provider Co., Ltd.",broadband,2025-Q4,2025,4,26.89448367389223,27.564924018893183,26.89448367389223,27.564924018893183,27.851,27.851,1,1,0.0001432927528257331,False
56118,,OCSC,broadband,2025-Q4,2025,4,16.22887039358847,4.920859231939687,16.22887039358847,4.920859231939687,29.045,29.045,1,1,0.0001432927528257331,False
134064,,The Chulabhorn Graduate Institute Campus Network Member of UniNet,broadband,2025-Q4,2025,4,53.76497576508211,,53.76497576508211,,25.726,25.726,1,1,0.0001432927528257331,False
137885,,Capital Nomura Securities PLC,broadband,2025-Q4,2025,4,41.60928247935864,,41.60928247935864,,106.351,106.351,1,1,0.0001432927528257331,False
24040,,"DataOne Asia (Thailand) Co.,Ltd.",broadband,2025-Q4,2025,4,9.272186159448065,18.855713706734377,9.272186159448065,18.855713706734377,27.096,27.096,1,1,0.0001432927528257331,False
215294,,Lumina broadband UAB,broadband,2025-Q4,2025,4,1.8712472137608671,,1.8712472137608671,,171.833,171.833,1,1,0.0001432927528257331,False
147187,,Bualuang Securities,broadband,2025-Q4,2025,4,342.3512152849131,434.01095533439826,342.3512152849131,434.01095533439826,23.977,23.977,1,1,0.0001432927528257331,False
55790,,NETONE,broadband,2025-Q4,2025,4,7.325635365968411,,7.325635365968411,,27.105,27.105,1,1,0.0001432927528257331,False
135381,,SiS Distribution (Thailand) Public Company Limited ,broadband,2025-Q4,2025,4,304.70380701921476,41.17404918264091,304.70380701921476,41.17404918264091,28.987,28.987,1,1,0.0001432927528257331,False
136035,,Department of Tourism,broadband,2025-Q4,2025,4,186.57838140167794,139.80696065095114,186.57838140167794,139.80696065095114,30.262,30.262,1,1,0.0001432927528257331,False
135676,,National Institute for Emergency Medicine,broadband,2025-Q4,2025,4,82.63823420980033,0.09605222921961963,82.63823420980033,0.09605222921961963,29.218,29.218,1,1,0.0001432927528257331,False
23687,,The Institute for the Promotion of Teaching Science,broadband,2025-Q4,2025,4,19.28078009463082,,19.28078009463082,,26.811,26.811,1,1,0.0001432927528257331,False
24214,,CSLOXINFO,broadband,2025-Q4,2025,4,96.17217058610701,229.48745237353825,96.17217058610701,229.48745237353825,32.107,32.107,1,1,0.0001432927528257331,False
140918,,CMKL University,broadband,2025-Q4,2025,4,230.13994342074523,222.0498930966316,230.13994342074523,222.0498930966316,79.732,79.732,1,1,0.0001432927528257331,False
141162,,CIMB Thai Bank Public Company Limited,broadband,2025-Q4,2025,4,411.7959959969525,67.49799980240024,411.7959959969525,67.49799980240024,26.594,26.594,1,1,0.0001432927528257331,False
140983,,Dhipaya Insurance Public Co. Ltd.,broadband,2025-Q4,2025,4,92.13719732986083,42.043999195640296,92.13719732986083,42.043999195640296,28.74,28.74,1,1,0.0001432927528257331,False
132172,,Fiscal Policy Office,broadband,2025-Q4,2025,4,218.45709155615538,352.71381708815113,218.45709155615538,352.71381708815113,35.276,35.276,1,1,0.0001432927528257331,False
56117,,KIATNAKIN,broadband,2025-Q4,2025,4,270.65017839515366,,270.65017839515366,,32.857,32.857,1,1,0.0001432927528257331,False
140660,,Satit Pattana School,broadband,2025-Q4,2025,4,313.5486111207173,283.4487236443837,313.5486111207173,283.4487236443837,26.689,26.689,1,1,0.0001432927528257331,False
219425,,Skyline App LLC,broadband,2025-Q4,2025,4,57.950775129682945,70.36321164332905,57.950775129682945,70.36321164332905,1.102,1.102,1,1,0.0001432927528257331,False
208185,,Net Gate Telecom S.R.L.,broadband,2025-Q4,2025,4,153.57003701336464,1.4160656607804987,153.57003701336464,1.4160656607804987,139.203,139.203,1,1,0.0001432927528257331,False
133761,,Mr. Naphat,broadband,2025-Q4,2025,4,40.28734075131431,33.18352497371541,40.28734075131431,33.18352497371541,28.0,28.0,1,1,0.0001432927528257331,False
3836,,"Thai Social/Scientific, Academic and Research Network",broadband,2025-Q4,2025,4,0.6039589743763002,68.43659468060969,0.6039589743763002,68.43659468060969,34.53,34.53,1,1,0.0001432927528257331,False
206614,,Taboola.com ltd,broadband,2025-Q4,2025,4,358.9729023313757,312.4384202291184,358.9729023313757,312.4384202291184,29.725,29.725,1,1,0.0001432927528257331,False
133167,,"TMB Bank, Phahonyothin branch. ,",broadband,2025-Q4,2025,4,0.5070155971711702,0.09598517213119016,0.5070155971711702,0.09598517213119016,150.316,150.316,1,1,0.0001432927528257331,False
132618,True,Real Future Company Limited,cellular,2023-Q1,2023,1,18.369760798814507,8.335590571123198,11.661332438281907,5.0724822773613205,73.61940876311236,28.381,442902,18712,32.68806252698469,True
131445,AIS,Advance Wireless Network,cellular,2023-Q1,2023,1,19.841554714162,8.848012340742201,8.4429753158415,4.320280147905962,105.49212191166521,76.675,344359,184042,25.415167517260976,True
24378,dtac,Total Access Communication PLC.,cellular,2023-Q1,2023,1,14.981858916525129,5.150816310760798,8.280326195107074,3.3369452416765704,96.03455246709451,56.389,275247,53314,20.314406226128927,True
45430,AIS,SBN-IIG/AWN-IIG transit provider,cellular,2023-Q1,2023,1,31.313561453791117,12.119966246808895,10.358778093925318,5.2568920642250605,97.39824411908077,66.617,166255,94684,12.27033031104813,True
132061,True,Realmove Company Limited,cellular,2023-Q1,2023,1,14.38376624804676,6.821256813760412,10.254366645208165,4.3037830126481085,73.70190425869485,28.333,103999,5692,7.675571152859732,True
45458,AIS,SBN-ISP/AWN-ISP and SBN-NIX/AWN-NIX,cellular,2023-Q1,2023,1,53.18254615375089,38.199068637047574,25.918354718887816,12.760922880152023,78.99797036891681,62.108999999999995,20391,2479,1.5049430415481186,True
132032,,Total Access Communication PLC.,cellular,2023-Q1,2023,1,62.64267704386272,48.81277354156083,42.53626894229002,25.349743360913717,83.11981796116505,39.964,412,111,0.030407362714816578,True
38444,,Super Broadband Network,cellular,2023-Q1,2023,1,59.84768963562362,81.28454696578041,24.819607127346288,19.416159602857178,55.593528409090915,45.147,352,56,0.02597910600877533,True
17724,,Total Access Communication PLC.,cellular,2023-Q1,2023,1,18.204593559002152,6.598965197559445,9.925998618963945,1.4274520049464847,169.5263407643312,136.4195,314,11,0.023174543428282537,True
17552,True,True Online,cellular,2023-Q1,2023,1,117.24071867754942,84.73862905687578,34.15489466827642,17.025106949302216,95.41228373702421,33.539,293,80,0.0216246535811681,True
9587,,DTACNETWORK,cellular,2023-Q1,2023,1,46.92718207612953,25.566046848790297,24.049506112844043,6.916220210206477,74.21710638297873,34.263999999999996,188,17,0.013875204345595913,True
38794,United Information Highway,UIH,cellular,2023-Q1,2023,1,57.449012015906725,69.83971197704244,28.356362559937907,25.449516596794037,51.142079207920794,33.333,101,5,0.007454232121836103,True
136040,,"Mitr Phol Sugar Corp., Ltd.",cellular,2023-Q1,2023,1,52.68061058213052,29.623654961743835,53.3269095823375,20.007921612236764,72.48814666666667,66.754,75,9,0.005535320882551561,False
1273,,Vodafone Group PLC,cellular,2023-Q1,2023,1,4.043390318486605,2.85632890653418,4.081691247899554,2.8851797551721097,121.70829411764707,92.516,34,20,0.002509345466756708,False
55490,,True Move Company Limited,cellular,2023-Q1,2023,1,4.370312928487088,1.4097088671278128,3.781470033317868,1.1768698690454529,172.94233333333332,211.59050000000002,6,2,0.0004428256706041249,False
140032,,United Overseas Bank (Thai) Public Company Limited,cellular,2023-Q1,2023,1,412.5196099088256,95.2672035039218,422.1892160770333,92.84537264932017,46.0,46.5,4,1,0.0002952171137360833,False
135329,,Small And Medium Enterprise Development Bank Of Thailand c/o Symphony Communication Public Company Limited,cellular,2023-Q1,2023,1,8.84705929075604,8.82950029294417,8.84705929075604,8.82950029294417,59.6315,59.6315,2,1,0.00014760855686804164,False
133848,,Internet Datacenter Network,cellular,2023-Q1,2023,1,110.39153864106841,0.06859090505910824,110.39153864106841,0.06859090505910824,26.184,26.184,1,1,7.380427843402082e-05,False
132618,True,Real Future Company Limited,cellular,2023-Q2,2023,2,17.20763710782168,7.9434849083541295,11.32141026497012,4.884591481237251,72.35046163484097,53.133,295307,18947,32.51005112532972,True
131445,AIS,Advance Wireless Network,cellular,2023-Q2,2023,2,19.141226359325128,8.716334610885324,7.0158864101748,3.9909616393221548,103.94285705368561,78.136,226033,154046,24.883746020282796,True
24378,dtac,Total Access Communication PLC.,cellular,2023-Q2,2023,2,15.905259439229168,5.278434132020487,8.155452383730449,3.3588569625197318,89.61024419083701,73.851,186959,49196,20.582128592754383,True
45430,AIS,SBN-IIG/AWN-IIG transit provider,cellular,2023-Q2,2023,2,27.434208032029787,11.340941758020058,8.921001328420694,4.640999166642079,99.55126684927109,74.2495,112136,68266,12.344939649212423,True
132061,True,Realmove Company Limited,cellular,2023-Q2,2023,2,13.998688304924386,6.670781094158307,10.131483404745026,4.335038256227363,72.36401466312026,52.675,72563,5868,7.988387812707793,True
45458,AIS,SBN-ISP/AWN-ISP and SBN-NIX/AWN-NIX,cellular,2023-Q2,2023,2,57.22130928717707,44.53869895805853,31.48813791275333,20.30229921047643,73.02160060807074,63.0305,14474,2318,1.593428127298108,True
132032,,Total Access Communication PLC.,cellular,2023-Q2,2023,2,74.74717221204878,38.82479038885298,48.809207796585994,18.36625347804257,74.61487003610107,60.001,277,102,0.030494651876577024,True
38444,,Super Broadband Network,cellular,2023-Q2,2023,2,71.36138524228758,95.81714295552693,27.08943997907173,25.734615822270847,53.40438922155688,55.732,167,35,0.018384862322701673,True
17724,,Total Access Communication PLC.,cellular,2023-Q2,2023,2,26.839416716490213,7.624923485340144,13.326297980781142,1.9990769499333598,134.78036363636366,92.257,165,11,0.01816468433081303,True
17552,True,True Online,cellular,2023-Q2,2023,2,136.10188693472526,107.98073095814658,69.1723264204706,40.33850229117925,86.22477037037036,58.611,135,63,0.014862014452483387,True
9587,,DTACNETWORK,cellular,2023-Q2,2023,2,31.63683020081092,17.502821052537065,22.040955650282584,6.181547964582124,72.52282500000001,53.1605,80,15,0.008807119675545712,False
136040,,"Mitr Phol Sugar Corp., Ltd.",cellular,2023-Q2,2023,2,69.08015055558805,45.71082363534697,76.61212243963314,45.99480836518597,72.22716666666666,70.265,24,6,0.002642135902663713,False
38794,United Information Highway,UIH,cellular,2023-Q2,2023,2,50.19858281080189,27.82589826613129,27.998895709876866,24.357565557815256,46.18714285714285,48.797,21,4,0.0023118689148307493,False
1273,,Vodafone Group PLC,cellular,2023-Q2,2023,2,3.6732752576696357,2.6200340523028736,3.329502945251007,2.6954648438677364,76.4639,61.376000000000005,10,9,0.001100889959443214,False
140032,,United Overseas Bank (Thai) Public Company Limited,cellular,2023-Q2,2023,2,348.80760168972887,84.63476676026119,310.32737207819207,90.29679368769514,58.519000000000005,49.0,3,1,0.00033026698783296415,False
137919,,BTS,cellular,2023-Q2,2023,2,156.13586167489126,,156.13586167489126,,32.295,32.295,1,1,0.00011008899594432139,False
153459,,"Thai Suzuki Motor Co., Ltd.",cellular,2023-Q2,2023,2,55.95556814172885,92.8446597640784,55.95556814172885,92.8446597640784,30.765,30.765,1,1,0.00011008899594432139,False
132618,True,Real Future Company Limited,cellular,2023-Q3,2023,3,18.227555704345033,7.896415012142266,11.99741884583448,4.816971033794686,47.268770296478905,28.376,395475,19946,33.369306397692775,True
24378,dtac,Total Access Communication PLC.,cellular,2023-Q3,2023,3,15.686792700726668,5.086977980140592,7.646686739487068,2.9759322518943714,77.28596190479502,58.128,287336,63114,24.244776592926105,True
131445,AIS,Advance Wireless Network,cellular,2023-Q3,2023,3,20.796683670410108,8.919441089570334,7.19529318004309,4.130921081841276,101.2172178543865,73.853,272265,134703,22.973118923744416,True
45430,AIS,SBN-IIG/AWN-IIG transit provider,cellular,2023-Q3,2023,3,28.978145441627344,11.414583366240176,9.139481066401185,4.914213909583875,85.47799185223174,51.8875,120956,89315,10.20599993587288,True
132061,True,Realmove Company Limited,cellular,2023-Q3,2023,3,14.883109057783745,6.923071973913533,10.383767676753536,4.4041474428522625,47.13726922770839,28.152,87959,5692,7.4217860077998825,True
45458,AIS,SBN-ISP/AWN-ISP and SBN-NIX/AWN-NIX,cellular,2023-Q3,2023,3,58.09156687193877,46.29621552429267,29.689826815719986,19.02510651914874,62.66337034251041,52.232,19951,2423,1.683421283116173,True
132032,,Total Access Communication PLC.,cellular,2023-Q3,2023,3,57.732919931225055,13.209395020605482,44.71143125551882,3.110044465420062,79.87853768844222,62.28,398,112,0.033582360316787976,True
17552,True,True Online,cellular,2023-Q3,2023,3,80.94382610006386,54.742754966464375,15.604033157744865,7.519226882739544,55.6451206225681,32.027,257,88,0.02168509196335304,True
38444,,Super Broadband Network,cellular,2023-Q3,2023,3,97.75462312068986,134.77260323141215,47.197766506629776,30.861134788771388,39.01060638297872,28.925,188,34,0.01586302447124658,True
17724,,Total Access Communication PLC.,cellular,2023-Q3,2023,3,28.419125214999767,6.99052036534401,15.545106890364051,1.5361835450677193,114.54622754491018,109.681,167,11,0.01409109088669244,True
9587,,DTACNETWORK,cellular,2023-Q3,2023,3,46.416240432667784,42.62393863223138,21.700122913012393,10.7004896,71.08361428571428,63.355999999999995,70,13,0.005906445281847131,False
136040,,"Mitr Phol Sugar Corp., Ltd.",cellular,2023-Q3,2023,3,66.17456014288581,50.45889601169211,66.44128732136127,41.36551422483151,72.12879310344827,75.449,58,10,0.004893911804959052,False
38794,United Information Highway,UIH,cellular,2023-Q3,2023,3,39.91963370519747,23.62905009062891,33.097492179028976,23.294212384766734,35.65065853658537,29.801,41,3,0.0034594893793676055,False
140032,,United Overseas Bank (Thai) Public Company Limited,cellular,2023-Q3,2023,3,376.09334651641836,69.99163688229038,393.4629846812286,86.31883495058679,39.369375000000005,29.502000000000002,8,2,0.0006750223179253864,False
1273,,Vodafone Group PLC,cellular,2023-Q3,2023,3,4.68075471267671,2.932932918508545,5.41564130620539,3.308692213315148,68.04957142857143,73.29,7,6,0.0005906445281847131,False
55490,,True Move Company Limited,cellular,2023-Q3,2023,3,14.191073516428453,20.241429554162504,13.660952464784428,18.742810195234057,104.25266666666666,63.605,3,1,0.0002531333692220199,False
133848,,Internet Datacenter Network,cellular,2023-Q3,2023,3,88.89579151139567,29.66048441173906,109.48228706594163,0.07524397203359975,28.177333333333333,28.456,3,2,0.0002531333692220199,False
137919,,BTS,cellular,2023-Q3,2023,3,150.85919799674286,21.061574136428945,150.85919799674286,21.061574136428945,33.1205,33.1205,2,1,0.0001687555794813466,False
154177,,LIGHT NODE LIMITED,cellular,2023-Q3,2023,3,22.200966520547833,13.440558447448629,22.200966520547833,13.440558447448629,72.88499999999999,72.88499999999999,2,1,0.0001687555794813466,False
132618,True,Real Future Company Limited,cellular,2023-Q4,2023,4,18.879024859247384,8.21548051504669,12.304770944927915,4.84600049888911,37.89325672980765,27.761,510973,19946,33.9659352193511,True
24378,dtac,Total Access Communication PLC.,cellular,2023-Q4,2023,4,15.387644472875163,5.631337896176866,6.930978336812549,3.1003823155867023,68.12501084321227,50.579,418350,62869,27.809001647866978,True
131445,AIS,Advance Wireless Network,cellular,2023-Q4,2023,4,26.79992080425034,10.012978279466985,8.53018261060846,4.288235322422722,86.44760450984488,50.5,335911,236863,22.32902964631683,True
132061,True,Realmove Company Limited,cellular,2023-Q4,2023,4,15.152626407878447,6.823558736209588,10.2343097093459,3.9994172061193356,37.755789086919265,27.5,108457,5730,7.20946788985947,True
45430,AIS,SBN-IIG/AWN-IIG transit provider,cellular,2023-Q4,2023,4,29.883998763791386,11.0524018714962,9.34881882162965,4.474081558126354,80.01199297012298,49.6035,103614,67616,6.887538895045032,True
45458,AIS,SBN-ISP/AWN-ISP and SBN-NIX/AWN-NIX,cellular,2023-Q4,2023,4,58.76711130363058,45.71709479817729,29.02005855913103,16.272463038847434,64.09206115948186,40.41,18845,2571,1.2526846804208276,True
9931,NT,National Telecom Public Company Limited,cellular,2023-Q4,2023,4,8.23665224364901,7.628464592945643,5.3999622169625745,6.114099855116435,137.94182636845204,81.112,6796,473,0.45175086697479144,True
132032,,Total Access Communication PLC.,cellular,2023-Q4,2023,4,70.68450825012525,3.5783270703702468,58.214843486358,2.6317823753918734,60.81857297297298,60.3045,370,123,0.024595029543948325,True
38444,,Super Broadband Network,cellular,2023-Q4,2023,4,148.5423190410189,214.42893037008628,51.958163852356236,162.087949213209,45.787032128514056,29.274,249,34,0.01655179015254901,True
17724,,Total Access Communication PLC.,cellular,2023-Q4,2023,4,24.704636859751357,9.851349982439487,10.138334073193544,2.4822647463799634,105.61935789473684,78.452,191,11,0.012696353088903056,True
9587,,DTACNETWORK,cellular,2023-Q4,2023,4,141.41415772874112,52.50985916565299,120.99076511464635,3.6921445566847138,68.76560732984294,56.868,191,17,0.012696353088903056,True
17552,True,True Online,cellular,2023-Q4,2023,4,88.74775023952573,60.780885409078486,53.32521804634982,27.79266786953177,41.533350000000006,31.269,180,65,0.011965149507866753,True
154177,,LIGHT NODE LIMITED,cellular,2023-Q4,2023,4,23.87852440906318,6.4348433755906855,11.878589746346142,3.2821725024682893,47.859477477477476,42.787,111,10,0.007378508863184498,True
136040,,"Mitr Phol Sugar Corp., Ltd.",cellular,2023-Q4,2023,4,65.6350448645165,37.12045974827128,73.54108520885833,23.541280930035438,86.27423636363636,75.336,55,11,0.003656017905181508,False
38794,United Information Highway,UIH,cellular,2023-Q4,2023,4,35.4867025684522,34.77049960258727,32.90270755574956,19.166147481854132,34.52077777777778,29.4105,36,4,0.0023930299015733508,False
55490,,True Move Company Limited,cellular,2023-Q4,2023,4,65.5505765787323,15.628960933978522,83.5612619128781,3.1089215689912075,67.45491666666668,40.39,12,5,0.0007976766338577835,False
137919,,BTS,cellular,2023-Q4,2023,4,113.70740452548647,111.61356888035083,100.72474132951908,122.16326739179064,34.36572727272727,31.068,11,1,0.0007312035810363016,False
1273,,Vodafone Group PLC,cellular,2023-Q4,2023,4,104.59661656095918,27.219392350047418,6.964647870284595,15.568661351877788,52.359222222222215,55.268,9,7,0.0005982574753933377,False
133848,,Internet Datacenter Network,cellular,2023-Q4,2023,4,95.7209251710684,63.97482529003872,104.0794862387735,60.15122988003205,120.19716666666666,65.9805,6,3,0.00039883831692889176,False
140032,,United Overseas Bank (Thai) Public Company Limited,cellular,2023-Q4,2023,4,512.4072962643902,100.58871896827277,512.4072962643902,100.58871896827277,32.0,32.0,2,1,0.00013294610564296394,False
132618,True,Real Future Company Limited,cellular,2024-Q1,2024,1,21.020561522668377,8.638680029272908,14.151765930774172,5.245818341731431,27.71020404828542,27.23,451648,19946,30.259307298980566,True
24378,dtac,Total Access Communication PLC.,cellular,2024-Q1,2024,1,16.015346897667087,5.77574590093389,7.610939428584686,3.2784578410022025,64.59898080857538,49.052,388265,64935,26.012801890938714,True
131445,AIS,Advance Wireless Network,cellular,2024-Q1,2024,1,30.15897122625122,10.83542300014236,9.626338294198959,4.915417495412116,63.12277173556189,47.323,368764,175992,24.706282761799606,True
9931,NT,National Telecom Public Company Limited,cellular,2024-Q1,2024,1,10.753341896268418,6.529478624304125,8.744826677577496,4.449784278365591,111.90080452590502,62.543,95125,1585,6.373141488095876,True
132061,True,Realmove Company Limited,cellular,2024-Q1,2024,1,17.040665535007435,7.022911808661201,11.857794531258563,4.31738584412217,27.549618470402173,27.002,88520,5692,5.930622701984199,True
45430,AIS,SBN-IIG/AWN-IIG transit provider,cellular,2024-Q1,2024,1,37.47293627541505,12.970450816032082,10.877756429854609,5.810247546550284,59.963425546282764,46.99,78515,57111,5.260312262158714,True
45458,AIS,SBN-ISP/AWN-ISP and SBN-NIX/AWN-NIX,cellular,2024-Q1,2024,1,66.93781833634414,52.854182837368036,30.20498734839194,18.348361686201315,51.60319478710706,36.0,20115,3135,1.3476556218980136,True
132032,,Total Access Communication PLC.,cellular,2024-Q1,2024,1,73.34586114438032,4.47979382454885,56.12840525892887,2.6977190365651564,53.736915887850465,58.0,535,131,0.03584368668731978,True
17724,,Total Access Communication PLC.,cellular,2024-Q1,2024,1,34.03157461599375,10.654608927007736,12.46238219533524,2.0891851091903653,83.11492631578946,63.422,285,11,0.0190943003848339,True
17552,True,True Online,cellular,2024-Q1,2024,1,112.57353554735309,83.92332358413232,66.33619544056019,32.02664948007734,36.231866171003716,30.32,269,73,0.018022339661474804,True
38444,,Super Broadband Network,cellular,2024-Q1,2024,1,83.84931308612525,118.74314937296143,38.405324681219426,26.187744940185993,30.72976595744681,28.789,235,41,0.015744423124336725,True
9587,,DTACNETWORK,cellular,2024-Q1,2024,1,44.267007270681724,29.413526528252252,36.960965078178084,19.171932836349974,54.120403846153835,56.315,104,15,0.006967744701834125,True
38794,United Information Highway,UIH,cellular,2024-Q1,2024,1,41.703444143760315,36.477366974828755,31.59075788129169,32.943086433059335,34.817851851851856,29.301,81,9,0.005426801162005424,False
154177,,LIGHT NODE LIMITED,cellular,2024-Q1,2024,1,20.35083935320715,13.31192580181292,4.128587159343719,2.7564172680831582,31.347957446808515,25.271,47,7,0.0031488846248673447,False
136040,,"Mitr Phol Sugar Corp., Ltd.",cellular,2024-Q1,2024,1,99.47234202188517,36.77899166874701,82.32590923919616,23.20753261442648,58.663199999999996,71.222,35,12,0.002344914082348023,False
140032,,United Overseas Bank (Thai) Public Company Limited,cellular,2024-Q1,2024,1,458.4933124621207,158.0109520423298,482.54803264798386,100.43020652694423,29.067,29.0,20,2,0.0013399509041988702,False
55490,,True Move Company Limited,cellular,2024-Q1,2024,1,12.340416553346454,12.819046871371633,7.444019393115936,11.2976445927192,87.05826666666665,35.62,15,6,0.0010049631781491525,False
137919,,BTS,cellular,2024-Q1,2024,1,31.125393541425243,92.01722861737666,14.571572077043378,92.01722861737666,30.127666666666666,30.082,6,1,0.00040198527125966105,False
1273,,Vodafone Group PLC,cellular,2024-Q1,2024,1,148.10276973345935,5.47955533476738,158.937703354524,5.711523907808737,78.721,75.123,5,4,0.00033498772604971755,False
141419,,CHINA MOBILE INTERNATIONAL (THAILAND) LTD.,cellular,2024-Q1,2024,1,39.682440580347766,0.9032246838939801,39.682440580347766,0.9032246838939801,63.0,63.0,1,1,6.699754520994351e-05,False
153459,,"Thai Suzuki Motor Co., Ltd.",cellular,2024-Q1,2024,1,45.91559651668418,0.08864606302208541,45.91559651668418,0.08864606302208541,63.202,63.202,1,1,6.699754520994351e-05,False
133848,,Internet Datacenter Network,cellular,2024-Q1,2024,1,182.34791626605724,0.07539444605553944,182.34791626605724,0.07539444605553944,72.753,72.753,1,1,6.699754520994351e-05,False
132618,True,Real Future Company Limited,cellular,2024-Q2,2024,2,21.125874641390773,8.607568406372863,14.126635853903252,5.213452409484335,33.341317914147,26.813,479728,19946,31.057954632266018,True
24378,dtac,Total Access Communication PLC.,cellular,2024-Q2,2024,2,17.387918551686973,5.758683800339374,7.83656674191278,3.1666255105709826,70.06214668389082,53.76,411208,63696,26.621917854335884,True
131445,AIS,Advance Wireless Network,cellular,2024-Q2,2024,2,28.942706410654107,10.215106385138903,9.372195300210674,4.694476469219996,94.2335997245444,70.894,406097,206544,26.291027837231375,True
132061,True,Realmove Company Limited,cellular,2024-Q2,2024,2,17.08951834363056,6.672018875011442,11.565102553924046,4.052398180090996,33.001914379277,26.653,91917,5692,5.950776306436138,True
45430,AIS,SBN-IIG/AWN-IIG transit provider,cellular,2024-Q2,2024,2,37.22730941691631,13.323216760711984,10.794902813991218,6.011235533268042,84.83566886484586,69.462,73879,48726,4.782982503162586,True
9931,NT,National Telecom Public Company Limited,cellular,2024-Q2,2024,2,9.660993616741392,6.113973443410619,7.642411755703483,4.218604699064924,115.18181773667025,56.8525,58842,1585,3.809475716388864,True
45458,AIS,SBN-ISP/AWN-ISP and SBN-NIX/AWN-NIX,cellular,2024-Q2,2024,2,65.43828643071075,49.8947955994879,32.61772705553281,17.236061332239167,52.35574058458479,38.192,21113,1835,1.3668716359083322,True
132032,,Total Access Communication PLC.,cellular,2024-Q2,2024,2,49.99060548054811,3.325616269012131,39.78203169237483,2.1377895697398186,65.7697098765432,64.12700000000001,648,132,0.04195201156010985,True
17724,,Total Access Communication PLC.,cellular,2024-Q2,2024,2,37.32879703756177,8.205856447839354,15.30266556380252,2.7073568994042656,127.45000263157894,89.9575,380,10,0.024601488260558246,True
17552,True,True Online,cellular,2024-Q2,2024,2,151.13913964060256,130.62697614410644,61.55576706775875,46.51777862309319,36.55407394366197,29.5745,284,98,0.018386375436838267,True
38444,,Super Broadband Network,cellular,2024-Q2,2024,2,116.01139326692328,167.9844985732249,38.30351528985024,26.022497847689365,35.18621524663677,29.0,225,34,0.014566670680593698,True
154177,,LIGHT NODE LIMITED,cellular,2024-Q2,2024,2,25.57219227769126,10.944523909143262,12.950338186310379,3.071702248275836,89.28185365853659,26.277,82,5,0.005308742203594148,False
9587,,DTACNETWORK,cellular,2024-Q2,2024,2,49.24300928386459,28.848209666942566,34.995072891124124,15.601299051389226,65.91094444444444,64.33099999999999,72,11,0.004661334617789984,False
38794,United Information Highway,UIH,cellular,2024-Q2,2024,2,59.454128274045985,43.96015712625656,47.5892038430172,23.2656128943283,32.0541320754717,30.327,53,9,0.0034312602047620712,False
136040,,"Mitr Phol Sugar Corp., Ltd.",cellular,2024-Q2,2024,2,72.49030932455376,40.69147142113903,60.221100183064436,33.20160140532038,67.65620689655172,78.349,29,11,0.0018774819988320768,False
140032,,United Overseas Bank (Thai) Public Company Limited,cellular,2024-Q2,2024,2,369.9221284997062,400.7937480886401,391.1640303069288,469.34938251124,29.262714285714285,28.932499999999997,28,2,0.0018127412402516602,False
55490,,True Move Company Limited,cellular,2024-Q2,2024,2,8.136612159388452,7.298690357726112,2.802942841829948,2.084722643452551,59.06527272727272,44.5355,22,10,0.0014242966887691617,False
137919,,BTS,cellular,2024-Q2,2024,2,44.15763956392626,89.46074767492016,14.997903674141948,83.42785264364193,30.81508333333333,30.756999999999998,12,1,0.0007768891029649972,False
141419,,CHINA MOBILE INTERNATIONAL (THAILAND) LTD.,cellular,2024-Q2,2024,2,72.41881993404253,78.12217033229702,72.41881993404253,78.12217033229702,60.3,60.3,2,1,0.00012948151716083288,False
133848,,Internet Datacenter Network,cellular,2024-Q2,2024,2,110.1725788184123,100.68580483349795,110.1725788184123,100.68580483349795,28.353,28.353,1,1,6.474075858041644e-05,False
132618,True,Real Future Company Limited,cellular,2024-Q3,2024,3,20.568254693717904,8.153537613519104,13.8172855900087,4.572867862253846,30.523607461493683,26.917,505503,20276,32.003401013846535,True
131445,AIS,Advance Wireless Network,cellular,2024-Q3,2024,3,28.98683685006185,10.664546116249154,9.493892151492748,5.084346995054365,88.2904038936299,78.726,422332,232037,26.737844002864144,True
24378,dtac,Total Access Communication PLC.,cellular,2024-Q3,2024,3,18.001665420743556,5.9160354283244345,7.403520785741608,3.2201407246044695,58.000431106168115,46.357,367942,62828,23.294412448267806,True
132061,True,Realmove Company Limited,cellular,2024-Q3,2024,3,16.352931494982506,6.345283012808069,10.940908350476779,3.831925792623345,30.42089532684538,26.75,108920,5863,6.895726510877609,True
9931,NT,National Telecom Public Company Limited,cellular,2024-Q3,2024,3,11.640241736379178,4.641944730319604,8.0351353654765,2.7179390147969213,71.20434667611728,54.658,107280,2043,6.791898091139827,True
45430,AIS,SBN-IIG/AWN-IIG transit provider,cellular,2024-Q3,2024,3,37.1766663999323,15.019727076608708,11.19362491691312,7.144636117521456,83.38542042914617,77.10849999999999,44766,35136,2.8341359987692534,True
45458,AIS,SBN-ISP/AWN-ISP and SBN-NIX/AWN-NIX,cellular,2024-Q3,2024,3,65.86568063283441,52.863847307735675,33.32490886013723,19.056214908317145,54.42495378051673,39.133,21098,2271,1.335714633919352,True
132032,,Total Access Communication PLC.,cellular,2024-Q3,2024,3,67.78138337981397,3.648356762982173,55.84779415232308,2.8353361274923605,41.412194594594595,32.543,555,128,0.035137056679554475,True
17552,True,True Online,cellular,2024-Q3,2024,3,80.02979198861415,37.97713374383299,24.080219037013578,4.249384588032459,69.43747619047619,30.687,359,71,0.02272829432064875,True
17724,,Total Access Communication PLC.,cellular,2024-Q3,2024,3,33.18079348407673,15.802520247360608,10.962734224868312,1.330288427814923,91.87582456140349,81.651,285,10,0.018043353430041487,True
38444,,Super Broadband Network,cellular,2024-Q3,2024,3,135.9525044224661,207.78356443995463,44.19022989453693,35.81416422879143,31.212745967741938,29.053,248,27,0.015700882984737857,True
9587,,DTACNETWORK,cellular,2024-Q3,2024,3,33.06798235285055,13.467252360432333,26.10762963882177,3.86183042487818,61.03239393939394,32.188500000000005,66,11,0.004178460794325397,False
154177,,LIGHT NODE LIMITED,cellular,2024-Q3,2024,3,24.607255821283054,7.406143737541851,4.8483024945286965,2.4820095858746942,68.14077551020408,55.33,49,10,0.003102190589726431,False
136040,,"Mitr Phol Sugar Corp., Ltd.",cellular,2024-Q3,2024,3,66.86412635249643,27.903173728287264,60.22213842467981,15.578912180626727,77.048675,79.6625,40,12,0.0025324004814093314,False
38794,United Information Highway,UIH,cellular,2024-Q3,2024,3,39.02448781449363,39.21826849683467,29.06662132045881,37.510280021679364,31.795131578947373,29.628999999999998,38,4,0.002405780457338865,False
55490,,True Move Company Limited,cellular,2024-Q3,2024,3,5.078150559572764,4.292608850741346,4.698803617070175,4.3130800127475935,39.56694736842105,38.957,19,12,0.0012028902286694324,False
140032,,United Overseas Bank (Thai) Public Company Limited,cellular,2024-Q3,2024,3,341.4449709814336,397.0258197382839,359.31080506804585,454.3712053327013,35.612857142857145,29.3385,14,1,0.000886340168493266,False
137919,,BTS,cellular,2024-Q3,2024,3,66.83724352024973,49.56217032036714,87.06244288457039,41.733621534566836,35.013285714285715,34.415,7,1,0.000443170084246633,False
141419,,CHINA MOBILE INTERNATIONAL (THAILAND) LTD.,cellular,2024-Q3,2024,3,62.132784951856934,77.58796002692398,61.90608479994269,86.6467730600605,67.5685,65.72200000000001,4,2,0.00025324004814093314,False
153459,,"Thai Suzuki Motor Co., Ltd.",cellular,2024-Q3,2024,3,63.36009754789753,0.08194591717953156,63.36009754789753,0.08194591717953156,44.0495,44.0495,2,1,0.00012662002407046657,False
133848,,Internet Datacenter Network,cellular,2024-Q3,2024,3,51.255114086616835,,51.255114086616835,,84.368,84.368,1,1,6.331001203523329e-05,False
23602,,DTAC (CRIE Project),cellular,2024-Q3,2024,3,653.8893599077553,116.98217004646601,653.8893599077553,116.98217004646601,28.205,28.205,1,1,6.331001203523329e-05,False
132618,True,Real Future Company Limited,cellular,2024-Q4,2024,4,21.129500763946034,8.210291267805456,14.16521313753838,4.729761748772587,31.62720671026502,26.88,477390,19946,31.82931024826582,True
131445,AIS,Advance Wireless Network,cellular,2024-Q4,2024,4,28.746163710998637,10.575444067375527,9.662442854773056,5.105063455057591,117.23067688349143,83.971,451108,293276,30.076994674112775,True
24378,dtac,Total Access Communication PLC.,cellular,2024-Q4,2024,4,22.275131227909004,6.610600254376959,9.081618318643851,3.444307858047008,57.35812593116471,45.263,321145,69753,21.411893503591042,True
9931,NT,National Telecom Public Company Limited,cellular,2024-Q4,2024,4,12.611279998711941,5.298934222593623,8.620114736769837,3.4533465379483355,60.42676297955711,51.007,106742,2060,7.116873488176104,True
132061,True,Realmove Company Limited,cellular,2024-Q4,2024,4,16.85745617491424,6.384758136315702,11.940831050350644,3.8865692315245726,31.328996364034822,26.665,100386,5692,6.693096081992527,True
45430,AIS,SBN-IIG/AWN-IIG transit provider,cellular,2024-Q4,2024,4,33.18166780470486,15.008568138711455,12.547106150365327,7.341289973844906,167.38212970849895,211.74650000000003,21138,12327,1.4093465720434926,True
45458,AIS,SBN-ISP/AWN-ISP and SBN-NIX/AWN-NIX,cellular,2024-Q4,2024,4,62.61589810495349,50.68997650393438,29.641619754877315,16.859924130341412,52.67942508795935,39.3815,20471,2240,1.364875280362491,True
132032,,Total Access Communication PLC.,cellular,2024-Q4,2024,4,69.54512936512779,4.442435997610386,54.417905163819526,3.2971963663451973,41.94986329588016,33.778999999999996,534,138,0.03560370278508965,True
38444,,Super Broadband Network,cellular,2024-Q4,2024,4,123.75047416927302,162.20831311735517,41.0821536940952,26.407396407515208,34.40456088560886,29.182,271,32,0.01806854579542939,True
17552,True,True Online,cellular,2024-Q4,2024,4,164.2867373229526,104.26528158807376,87.08059793923323,39.9553135635171,40.108875,29.4785,184,86,0.012267942532690066,True
17724,,Total Access Communication PLC.,cellular,2024-Q4,2024,4,60.624995543567415,15.434037468379213,37.07455572639754,2.2515200821770494,89.20590066225165,63.158,151,10,0.010067713708892392,True
154177,,LIGHT NODE LIMITED,cellular,2024-Q4,2024,4,4.852600135485017,4.090562236995422,2.913891083484067,3.403036729275186,100.50795180722893,56.43,83,7,0.005533908859854758,False
55490,,True Move Company Limited,cellular,2024-Q4,2024,4,6.6141640118132745,3.762239465253521,5.2476484354448285,3.3031882040967373,47.281161764705885,43.843,68,23,0.004533804849037633,False
9587,,DTACNETWORK,cellular,2024-Q4,2024,4,69.97478653022927,62.14508794801202,43.59383551290168,19.45357864736771,48.2098125,36.094,64,9,0.004267110446153067,False
136040,,"Mitr Phol Sugar Corp., Ltd.",cellular,2024-Q4,2024,4,74.19482053948803,35.330099498630545,67.16692993085462,31.80348189768563,70.86562068965517,80.3865,58,13,0.003867068841826217,False
38794,United Information Highway,UIH,cellular,2024-Q4,2024,4,69.59774178526946,60.40915752735917,48.96443627341913,38.725492311882306,40.482243902439016,29.538,41,11,0.0027336176295668082,False
133848,,Internet Datacenter Network,cellular,2024-Q4,2024,4,307.04387253653425,230.04824186305652,194.65272781237476,230.04824186305652,102.14600000000002,26.737,3,3,0.00020002080216342498,False
137919,,BTS,cellular,2024-Q4,2024,4,79.56798683873033,249.11818690928337,47.282117599482724,283.5663463611531,31.578,30.925,3,1,0.00020002080216342498,False
140032,,United Overseas Bank (Thai) Public Company Limited,cellular,2024-Q4,2024,4,227.63488284384252,289.77667491022424,227.63488284384252,289.77667491022424,27.1955,27.1955,2,2,0.00013334720144228334,False
147187,,Bualuang Securities,cellular,2024-Q4,2024,4,275.9701757921505,272.15736080431594,275.9701757921505,272.15736080431594,45.519999999999996,45.519999999999996,2,1,0.00013334720144228334,False
132618,True,Real Future Company Limited,cellular,2025-Q1,2025,1,21.13824808629261,8.756945073127067,14.272569419016593,5.2072008,29.491274316882482,26.759,475764,19946,33.823279542334554,True
131445,AIS,Advance Wireless Network,cellular,2025-Q1,2025,1,31.588783358920683,10.432711158571516,10.318416940767271,4.971275910485423,101.80333824238379,68.89699999999999,427553,304548,30.395836251090383,True
24378,dtac,Total Access Communication PLC.,cellular,2025-Q1,2025,1,24.21885123522483,7.280482291026771,9.88631481500749,3.8609314038893454,50.82738077376668,42.449,286745,65595,20.385435409923243,True
9931,NT,National Telecom Public Company Limited,cellular,2025-Q1,2025,1,11.4610913420159,3.812635689052625,6.198870289033572,1.6751218872237161,63.69106174700269,52.415,102211,2094,7.266441398049363,True
132061,True,Realmove Company Limited,cellular,2025-Q1,2025,1,17.31265300375442,6.608167515159054,12.242136738084714,4.02313613367935,29.418034250240787,26.456,84088,5692,5.978030977871019,True
45458,AIS,SBN-ISP/AWN-ISP and SBN-NIX/AWN-NIX,cellular,2025-Q1,2025,1,75.5951551500872,59.92431175627204,35.339223431677716,20.08499028319628,53.62483124128313,40.4645,20083,2325,1.4277518329438645,True
45430,AIS,SBN-IIG/AWN-IIG transit provider,cellular,2025-Q1,2025,1,44.25989457681268,15.541985382125025,14.232952020262772,6.86373960931037,111.71459077875903,51.149,8720,5420,0.6199271016915052,True
132032,,Total Access Communication PLC.,cellular,2025-Q1,2025,1,69.39411815127875,3.9623237329672953,62.26082701200808,3.1321715650671926,37.135072429906536,33.0225,428,124,0.030427614624307826,True
17724,,Total Access Communication PLC.,cellular,2025-Q1,2025,1,55.354991874780126,21.556346740686397,32.64562883892043,3.2070279503294135,67.1157052238806,40.286500000000004,268,17,0.019052805418959106,True
38444,,Super Broadband Network,cellular,2025-Q1,2025,1,100.9302933224392,126.38069992601278,33.95665542146852,26.758955997287778,32.63448669201521,29.072,263,34,0.01869734263129196,True
17552,True,True Online,cellular,2025-Q1,2025,1,156.37989284093794,110.09848639297314,62.50497232638365,28.180674646998895,51.78452941176471,29.6055,204,89,0.014502881736819618,True
9587,,DTACNETWORK,cellular,2025-Q1,2025,1,57.85786317388906,39.933077069495575,28.036561735008913,12.704967754456916,42.33665957446808,33.087,94,11,0.006682700408142373,False
38794,United Information Highway,UIH,cellular,2025-Q1,2025,1,53.25410834769736,39.27510360325897,50.697980612116325,44.66342374111143,30.97032876712329,28.639,73,11,0.005189756699940353,False
136040,,"Mitr Phol Sugar Corp., Ltd.",cellular,2025-Q1,2025,1,69.2762913268806,41.83058626752133,61.71524322071161,19.154330209985176,74.03129629629629,73.80799999999999,54,9,0.003838998106805193,False
55490,,True Move Company Limited,cellular,2025-Q1,2025,1,22.069370455349187,13.66822463771429,6.919628969882165,5.890460287579493,54.65405555555556,38.233000000000004,36,13,0.002559332071203462,False
154177,,LIGHT NODE LIMITED,cellular,2025-Q1,2025,1,9.20737775100057,2.5247057406730344,0.5978527422213658,0.27480187098289227,40.36204166666667,35.643,24,5,0.001706221380802308,False
140032,,United Overseas Bank (Thai) Public Company Limited,cellular,2025-Q1,2025,1,478.99265582051993,486.0833742470886,480.90215227721643,497.73871251807304,26.4,26.0,5,1,0.0003554627876671475,False
133848,,Internet Datacenter Network,cellular,2025-Q1,2025,1,16.55661464766673,2.2793292692743883,16.55661464766673,2.2793292692743883,49.873,49.873,2,2,0.000142185115066859,False
137919,,BTS,cellular,2025-Q1,2025,1,165.93252196027888,88.6816357982409,165.93252196027888,88.6816357982409,32.588,32.588,1,1,7.10925575334295e-05,False
141419,,CHINA MOBILE INTERNATIONAL (THAILAND) LTD.,cellular,2025-Q1,2025,1,81.91575975981412,187.22015677984322,81.91575975981412,187.22015677984322,59.419,59.419,1,1,7.10925575334295e-05,False
132618,True,Real Future Company Limited,cellular,2025-Q2,2025,2,21.59487895028205,9.429679142614924,12.198954800850384,5.081178471691975,34.34954917782259,27.301,343564,29437,36.449319951622144,True
131445,AIS,Advance Wireless Network,cellular,2025-Q2,2025,2,28.511570759484005,9.64472982675579,9.60961028277677,4.954057449037773,110.61258079530938,83.394,312961,244981,33.20259288336268,True
24378,dtac,Total Access Communication PLC.,cellular,2025-Q2,2025,2,26.117719268437106,7.814555043958974,10.044859533460851,4.123284486754461,48.52161090625403,41.341,164153,55771,17.415285705192133,True
132061,True,Realmove Company Limited,cellular,2025-Q2,2025,2,16.180115924309334,6.249239470487477,11.30493778121486,3.528090645888939,26.986404663248805,26.541,56956,5692,6.042564026395637,True
9931,NT,National Telecom Public Company Limited,cellular,2025-Q2,2025,2,12.792863512737211,3.5070471199753595,6.71620692741568,1.764161984737832,61.330493360886365,52.7345,45502,2040,4.827388656665748,True
45458,AIS,SBN-ISP/AWN-ISP and SBN-NIX/AWN-NIX,cellular,2025-Q2,2025,2,69.46866173499463,55.46691133538827,32.83711876440655,18.831644138488155,58.65880266249024,41.0205,12775,2206,1.355322625135267,True
45430,AIS,SBN-IIG/AWN-IIG transit provider,cellular,2025-Q2,2025,2,29.93724986573132,11.731887737939305,12.048441177279933,4.9321086987971,191.08187942150204,212.737,5741,4506,0.6090729699335865,True
132032,,Total Access Communication PLC.,cellular,2025-Q2,2025,2,67.23780818818149,3.52261108690183,54.92363243286043,2.9842484968220253,34.6565278810409,33.0,269,111,0.02853869167603811,True
17552,True,True Online,cellular,2025-Q2,2025,2,114.18888959496287,103.46113527267308,81.7654568551742,49.027512968349214,34.78583720930232,29.994999999999997,172,48,0.01824778798616563,True
38444,,Super Broadband Network,cellular,2025-Q2,2025,2,108.66300935718338,167.27592036999204,46.10925880831438,28.487924965982323,31.718389221556894,29.108,167,33,0.01771732903307942,True
17724,,Total Access Communication PLC.,cellular,2025-Q2,2025,2,56.97148245796956,27.551656826284578,21.399185307908642,4.028807688023242,52.61874846625767,35.025,163,12,0.01729296187061045,True
9587,,DTACNETWORK,cellular,2025-Q2,2025,2,52.28570247235294,30.15109981771961,26.973609019851175,16.448490023639756,47.81467346938776,35.979,49,12,0.00519849774024486,False
136040,,"Mitr Phol Sugar Corp., Ltd.",cellular,2025-Q2,2025,2,76.4168462448928,55.80440297694282,64.80586272669738,60.16987775446453,81.09241666666668,91.899,36,7,0.0038193044622207135,False
38794,United Information Highway,UIH,cellular,2025-Q2,2025,2,76.55001317383068,63.13329697368798,62.553243154820805,61.11124601969943,29.604037037037035,29.723,27,10,0.002864478346665535,False
55490,,True Move Company Limited,cellular,2025-Q2,2025,2,14.37436784661159,7.719458915765946,2.18162396656949,1.4903590695629827,34.73988235294117,32.873,17,11,0.0018035604404931147,False
154177,,LIGHT NODE LIMITED,cellular,2025-Q2,2025,2,41.893688876527044,13.708645741405368,34.61906146213927,8.66340360462199,34.8275625,27.374000000000002,16,4,0.0016974686498758727,False
140032,,United Overseas Bank (Thai) Public Company Limited,cellular,2025-Q2,2025,2,382.90347859934326,397.89817825533976,481.4908004358178,468.6103401624217,29.244600000000002,28.0,5,2,0.0005304589530862101,False
137919,,BTS,cellular,2025-Q2,2025,2,116.10248503880075,,20.84080461495641,,93.53633333333335,36.389,3,1,0.00031827537185172614,False
153459,,"Thai Suzuki Motor Co., Ltd.",cellular,2025-Q2,2025,2,25.443569810527144,57.07460373792169,25.443569810527144,57.07460373792169,31.240499999999997,31.240499999999997,2,1,0.00021218358123448408,False
133848,,Internet Datacenter Network,cellular,2025-Q2,2025,2,24.432275407095464,4.614384366845421,24.432275407095464,4.614384366845421,39.09,39.09,2,1,0.00021218358123448408,False
132618,True,Real Future Company Limited,cellular,2025-Q3,2025,3,25.292821364997017,9.864815610803012,13.859850809525792,5.091080883314311,35.82774856442838,28.876,365733,39566,37.093724961205716,True
131445,AIS,Advance Wireless Network,cellular,2025-Q3,2025,3,27.313284790430778,9.95077154702593,9.316091175991051,5.359621859932656,108.95437629077703,81.625,350755,223179,35.57461180360457,True
24378,dtac,Total Access Communication PLC.,cellular,2025-Q3,2025,3,26.928597397454645,8.375411108989573,11.629731281888468,4.337775496216561,58.47544332548021,50.733,185572,55803,18.82126231021228,True
132061,True,Realmove Company Limited,cellular,2025-Q3,2025,3,15.694837912497976,6.063422322540227,10.8798486934797,3.369636881284383,28.523097139024433,27.428,43237,3610,4.385224702577157,True
9931,NT,National Telecom Public Company Limited,cellular,2025-Q3,2025,3,10.52741903289435,4.812428814299502,6.097415600081405,3.0848518592292695,59.395728722639994,50.299,20894,1478,2.119131413734698,True
45458,AIS,SBN-ISP/AWN-ISP and SBN-NIX/AWN-NIX,cellular,2025-Q3,2025,3,69.03161920632391,56.89667644841759,34.34581243533347,18.69398094758511,58.48788565422346,41.8885,15710,2141,1.5933547673864317,True
45430,AIS,SBN-IIG/AWN-IIG transit provider,cellular,2025-Q3,2025,3,27.709571817280658,11.892638835478861,9.406346094953523,5.280191316120764,174.96670783322807,212.326,3168,2383,0.3213079505461627,True
132032,,Total Access Communication PLC.,cellular,2025-Q3,2025,3,56.118080513206564,2.733890568133986,44.51356746516715,2.2046838626414713,52.38544128113879,39.163,281,98,0.028499852936701927,True
17724,,Total Access Communication PLC.,cellular,2025-Q3,2025,3,44.452484291994935,23.28264851661597,18.815334692033716,3.644599501043792,75.73439,55.858999999999995,200,13,0.02028459283751027,True
38444,,Super Broadband Network,cellular,2025-Q3,2025,3,91.28991476528427,202.49915815490536,58.739541662058514,96.94960156820898,46.73940425531916,30.042,141,30,0.01430063795044474,True
17552,True,True Online,cellular,2025-Q3,2025,3,172.05743442341992,113.49845784194056,82.26567660916903,57.88970922935018,41.859152671755716,30.095,131,56,0.013286408308569227,True
38794,United Information Highway,UIH,cellular,2025-Q3,2025,3,85.28408869248028,56.34459614885326,66.88067036449343,49.160627759542905,31.901780487804878,28.948,41,7,0.004158341531689605,False
9587,,DTACNETWORK,cellular,2025-Q3,2025,3,62.42644700317617,69.11566489237195,38.433705758226594,41.29668993750481,48.18820588235294,41.093,34,9,0.003448380782376746,False
154177,,LIGHT NODE LIMITED,cellular,2025-Q3,2025,3,37.6610020700898,5.442559049336215,37.124102595945054,0.2793972980057363,42.946571428571424,27.851999999999997,28,7,0.0028398429972514377,False
55490,,True Move Company Limited,cellular,2025-Q3,2025,3,44.33578262661961,18.802829356448942,9.742998523311796,9.084198051675003,41.374857142857145,38.383,21,10,0.002129882247938578,False
136040,,"Mitr Phol Sugar Corp., Ltd.",cellular,2025-Q3,2025,3,92.84676446891794,57.85451741264295,81.37154518387797,60.07677432407857,49.013888888888886,39.182,18,5,0.0018256133553759242,False
137919,,BTS,cellular,2025-Q3,2025,3,169.55430915125,71.48189588455567,74.9147922835668,71.48189588455567,29.149999999999995,28.766,3,1,0.00030426889256265406,False
140032,,United Overseas Bank (Thai) Public Company Limited,cellular,2025-Q3,2025,3,24.538644551899388,85.29739370293285,24.538644551899388,85.29739370293285,29.002499999999998,29.002499999999998,2,1,0.00020284592837510268,False
133848,,Internet Datacenter Network,cellular,2025-Q3,2025,3,101.86723520736996,,101.86723520736996,,24.28,24.28,1,1,0.00010142296418755134,False
131445,AIS,Advance Wireless Network,cellular,2025-Q4,2025,4,28.845415365611924,8.821087690832709,9.517240080560356,4.466220066605038,84.84867719305765,74.94,186807,157451,45.57491034179902,True
132618,True,Real Future Company Limited,cellular,2025-Q4,2025,4,23.97130341283816,10.02202079124615,12.926695208032701,5.200949217731317,46.16951016528568,29.134,137834,41077,33.62707067749884,True
24378,dtac,Total Access Communication PLC.,cellular,2025-Q4,2025,4,29.119085694366554,9.565156325676144,12.333565810289091,5.013788206965103,61.58608672463393,56.950500000000005,61910,38177,15.104052306716437,True
132061,True,Realmove Company Limited,cellular,2025-Q4,2025,4,15.95233744710605,6.755297736541921,10.911696276475059,3.8406358518434964,29.022677273474756,27.564500000000002,12162,2488,2.9671375247017493,True
45458,AIS,SBN-ISP/AWN-ISP and SBN-NIX/AWN-NIX,cellular,2025-Q4,2025,4,70.89885357474124,53.64154520500731,39.784645662437875,18.966569406621545,59.95589641327626,44.7935,7477,1621,1.8241479421308155,True
9931,NT,National Telecom Public Company Limited,cellular,2025-Q4,2025,4,7.5428037130572925,5.172389020760843,4.7966384141416345,3.096295306093233,62.672763183125596,50.437,3129,1069,0.7633755397789651,True
45430,AIS,SBN-IIG/AWN-IIG transit provider,cellular,2025-Q4,2025,4,31.14264587119593,11.121947631061708,8.781333053066863,3.8677043168104723,164.38036744186047,205.619,215,181,0.05245309717241211,True
132032,,Total Access Communication PLC.,cellular,2025-Q4,2025,4,56.86881540262722,3.89360656239883,45.3382705057742,2.8219013026490445,59.8311214953271,59.151,107,51,0.02610456463929347,True
38444,,Super Broadband Network,cellular,2025-Q4,2025,4,70.79734516024513,50.35235117143296,30.752096279526015,10.841723968418473,124.88166666666665,175.5,90,21,0.021957110444265536,False
17724,,Total Access Communication PLC.,cellular,2025-Q4,2025,4,35.21572229880689,30.563787208159432,10.631963278315627,3.0669798794484757,61.270478260869574,54.7425,46,10,0.01122252311595794,False
17552,True,True Online,cellular,2025-Q4,2025,4,136.2145699028257,125.6028986759204,39.794736832459435,48.0944495551941,53.10195555555555,32.509,45,21,0.010978555222132768,False
38794,United Information Highway,UIH,cellular,2025-Q4,2025,4,49.91798647480244,37.01340470747866,26.912568845049798,17.067173110276283,72.11483783783783,78.434,37,9,0.009026812071531387,False
9587,,DTACNETWORK,cellular,2025-Q4,2025,4,28.61471798281197,27.084672771686762,38.13570087305972,38.01730902712774,52.4207,58.1055,10,5,0.002439678938251726,False
154177,,LIGHT NODE LIMITED,cellular,2025-Q4,2025,4,16.731142723704355,4.545314159642637,9.004597849203085,4.707209608819877,73.83330000000001,83.72800000000001,10,3,0.002439678938251726,False
55490,,True Move Company Limited,cellular,2025-Q4,2025,4,2.834768765482646,3.0998309873297543,1.4214999302518483,1.0833297917732676,39.740142857142864,33.929,7,4,0.0017077752567762083,False
136040,,"Mitr Phol Sugar Corp., Ltd.",cellular,2025-Q4,2025,4,26.120251209018864,0.7698260062312321,25.5632420708806,0.7698260062312321,75.53633333333333,77.192,3,1,0.0007319036814755178,False
137919,,BTS,cellular,2025-Q4,2025,4,92.14350984217971,,92.14350984217971,,29.303,29.303,1,1,0.0002439678938251726,False
