province,quarter,year,quarter.1,avg_d_mbps,avg_u_mbps,avg_lat_ms_wt,total_tests,n_tiles,is_reliable,region,internet_tier,pop_2024,gdp_per_capita_raw_2021,density_per_km2,gdp_per_capita_usd_ppp_2021,gdp_per_capita_thb_2021
Amnat Charoen,2023-Q1,2023,1,64.42626776853518,35.01462511701199,160.03542265529842,822,5,True,Northeastern,4,372000,77048,113,7939.27,253897.82
Ang Thong,2023-Q1,2023,1,75.61112310047419,47.99705627180227,127.25315245843647,2827,7,True,Central,3,269000,142287,283,14661.7,468881.2
Bangkok Metropolis,2023-Q1,2023,1,88.9340563455198,58.772441364311064,100.9290369557283,811120,49,True,Bangkok & Vicinity,1,5456000,593927,3488,61200.11,1957179.52
Bueng Kan,2023-Q1,2023,1,52.880630965643235,33.569459651758386,182.76467741935485,373,5,True,Northeastern,4,419000,80159,105,8259.84,264149.56
Buri Ram,2023-Q1,2023,1,65.52857937340625,41.378570804276514,139.44571155778894,3982,14,True,Northeastern,4,1566000,80684,155,8313.93,265879.6
Chachoengsao,2023-Q1,2023,1,119.68246951195938,77.23177165022175,100.48185024638127,12991,12,True,Eastern,2,733000,400385,142,41256.93,1319396.7
Chai Nat,2023-Q1,2023,1,58.44776915063618,43.41433922248115,173.2096623164763,613,5,True,Central,3,314000,135667,131,13979.56,447066.18
Chaiyaphum,2023-Q1,2023,1,49.89971188954624,31.84873805772748,176.24468571428574,805,5,True,Northeastern,4,1106000,73134,88,7535.96,240999.93
Chanthaburi,2023-Q1,2023,1,72.01071843999763,55.141491064975824,111.48071618920719,4504,7,True,Eastern,2,536000,243317,83,25072.15,801807.38
Chiang Mai,2023-Q1,2023,1,56.33424307142972,43.391324458122604,164.05953234157275,97573,21,True,Northern,2,1799000,133306,79,13736.27,439285.93
Chiang Rai,2023-Q1,2023,1,51.652588967889535,41.52059315106902,161.55541173454426,13657,10,True,Northern,3,1298000,90203,112,9294.8,297247.75
Chon Buri,2023-Q1,2023,1,91.18822665038674,60.64960276366293,104.37755076072881,113678,12,True,Eastern,1,1636000,524002,363,53994.82,1726754.27
Chumphon,2023-Q1,2023,1,58.75291166339281,50.06643891073986,109.99632273641855,4976,6,True,Southern,2,508000,259853,84,26776.07,856298.79
Kalasin,2023-Q1,2023,1,55.51046010580184,42.80521666214813,137.5568835777126,3411,12,True,Northeastern,4,962000,77397,139,7975.23,255047.88
Kamphaeng Phet,2023-Q1,2023,1,69.65834536178758,52.95850853227681,148.37546410812186,7847,10,True,Northern,3,701000,141987,82,14630.79,467892.6
Kanchanaburi,2023-Q1,2023,1,64.36023047701288,43.36442083812149,97.12087421383647,2385,6,True,Western,3,896000,127365,46,13124.09,419708.43
Khon Kaen,2023-Q1,2023,1,58.32424427010182,44.500196674363124,178.37467268279636,48670,13,True,Northeastern,3,1772000,124489,166,12827.74,410231.09
Krabi,2023-Q1,2023,1,60.21082362284571,57.877633713447445,100.80321877869608,4357,6,True,Southern,2,484000,168552,91,17368.13,555432.78
Lampang,2023-Q1,2023,1,49.9075621390876,32.43940235000825,157.07266350446432,7184,13,True,Northern,3,704000,104754,56,10794.18,345197.95
Lamphun,2023-Q1,2023,1,63.72098285669216,52.26654844530296,147.54712121212125,2412,7,True,Northern,2,397000,226464,89,23335.56,746271.35
Loei,2023-Q1,2023,1,56.87197575411943,47.64877375032851,133.500083064144,2168,7,True,Northeastern,4,632000,105205,60,10840.65,346684.14
Lop Buri,2023-Q1,2023,1,115.59734033375709,70.47869191164284,104.62124750923537,8934,12,True,Central,3,725000,142287,111,14661.7,468881.2
Mae Hong Son,2023-Q1,2023,1,45.92130794613478,43.13029857995306,146.40338073394497,218,3,True,Northern,4,288000,65653,23,6765.09,216347.64
Maha Sarakham,2023-Q1,2023,1,40.61137329132189,33.43834058002289,127.59601998873873,3556,11,True,Northeastern,4,930000,85228,165,8782.16,280853.53
Mukdahan,2023-Q1,2023,1,50.469491408527915,29.716219788994334,144.00516853932584,1336,3,True,Northeastern,4,351000,67203,85,6924.81,221455.39
Nakhon Nayok,2023-Q1,2023,1,71.8265161073241,63.07462117640045,100.46308901651113,1394,4,True,Eastern,3,260000,115666,121,11918.59,381156.48
Nakhon Pathom,2023-Q1,2023,1,111.33110871290366,69.1205040573328,100.66703427953688,57369,8,True,Bangkok & Vicinity,2,926000,297901,432,30696.66,981679.12
Nakhon Phanom,2023-Q1,2023,1,56.251688450293855,42.10164803077865,162.8296133666459,1601,8,True,Northeastern,4,711000,87122,125,8977.33,287094.87
Nakhon Ratchasima,2023-Q1,2023,1,62.08211475865737,48.087792249032766,173.60292491449334,56164,28,True,Northeastern,3,2620000,126119,126,12995.7,415602.46
Nakhon Sawan,2023-Q1,2023,1,67.61645963097664,55.56401789784079,162.28426823953004,10560,10,True,Northern,3,1014000,119856,106,12350.34,394963.87
Nakhon Si Thammarat,2023-Q1,2023,1,59.34271955004056,57.82969748145681,99.52315244273262,4933,16,True,Southern,3,1535000,122494,154,12622.17,403656.93
Nan,2023-Q1,2023,1,117.23432284358171,65.10798515152716,95.18061560871764,17856,7,True,Northern,4,471000,81233,39,8370.5,267688.73
Narathiwat,2023-Q1,2023,1,47.67774730489419,47.93871579766906,100.99427246283128,3095,10,True,Southern,4,824000,61787,183,6366.73,203607.94
Nong Bua Lam Phu,2023-Q1,2023,1,57.06222377390298,51.553385306868456,186.62069396551723,232,5,True,Northeastern,4,504000,63568,123,6550.25,209476.9
Nong Khai,2023-Q1,2023,1,45.6172508721454,35.35184160808527,183.15012207031245,2049,12,True,Northeastern,4,512000,97617,156,10058.76,321679.25
Nonthaburi,2023-Q1,2023,1,90.96729701655887,58.49641072376087,103.98186227974499,69722,9,True,Bangkok & Vicinity,1,1318000,193641,2069,19953.38,638109.06
Pathum Thani,2023-Q1,2023,1,89.806808418974,59.089988610699194,103.27586483443154,23992,13,True,Bangkok & Vicinity,1,1236000,230401,813,23741.25,759245.02
Pattani,2023-Q1,2023,1,60.38655715006536,50.517836722709376,102.82166049971389,5246,8,True,Southern,4,741000,78131,375,8050.86,257466.65
Phangnga,2023-Q1,2023,1,39.829900229862346,36.19227497449007,103.87750338439615,2807,5,True,Southern,2,266000,194282,49,20019.43,640221.36
Phatthalung,2023-Q1,2023,1,69.22810237829218,63.574730753849245,72.46024160870881,3308,5,True,Southern,3,519000,81529,135,8401.01,268664.14
Phayao,2023-Q1,2023,1,55.72077116896923,42.56519173236085,176.25176082715575,2565,6,True,Northern,3,455000,96550,74,9948.82,318163.15
Phetchabun,2023-Q1,2023,1,66.19764250087081,53.845279061111796,145.6322324675325,2311,10,True,Northern,3,961000,88485,75,9117.77,291586.39
Phetchaburi,2023-Q1,2023,1,88.87283624519421,57.22091526469701,93.85485072020951,2292,11,True,Western,3,484100,144370,76,14876.34,475745.35
Phichit,2023-Q1,2023,1,63.32068315265777,49.13252085825418,169.3409377128954,2055,8,True,Northern,3,517000,93950,120,9680.9,309595.31
Phitsanulok,2023-Q1,2023,1,65.16052493632306,49.27990316488699,149.2758151208746,19492,6,True,Northern,3,839000,113013,78,11645.22,372414.0
Phra Nakhon Si Ayutthaya,2023-Q1,2023,1,85.64548358220564,62.07506560495373,116.92991937241725,44065,26,True,Central,1,823000,468579,323,48283.86,1544117.75
Phrae,2023-Q1,2023,1,58.32886376604541,38.52859255997496,131.2460104640582,2198,5,True,Northern,3,422000,82755,65,8527.34,272704.21
Phuket,2023-Q1,2023,1,79.27562226776782,52.654867430981454,88.77340011360648,45798,11,True,Southern,1,430000,165343,786,17037.46,544858.1
Prachin Buri,2023-Q1,2023,1,81.09275617928196,62.49826095176458,96.19286243386242,3213,12,True,Eastern,1,501000,490499,100,50542.56,1616351.17
Prachuap Khiri Khan,2023-Q1,2023,1,89.9965793741171,58.93411267740502,98.49626343173853,8846,8,True,Western,2,552000,192326,87,19817.88,633775.72
Ranong,2023-Q1,2023,1,59.053202936150285,62.93013340739561,105.8802655462185,595,3,True,Southern,3,193000,105256,59,10845.91,346852.2
Ratchaburi,2023-Q1,2023,1,74.30347893524504,49.160974552905756,99.57971532235558,3584,7,True,Western,2,864000,221383,167,22812.0,729527.83
Rayong,2023-Q1,2023,1,103.86119295317881,69.26831031479642,87.91533883272574,26618,10,True,Eastern,1,782000,955119,213,98418.47,3147422.75
Roi Et,2023-Q1,2023,1,56.45268644222993,36.75196659684852,152.60823903818954,708,7,True,Northeastern,4,1276000,78688,162,8108.26,259302.14
Sa Kaeo,2023-Q1,2023,1,65.57120977143586,47.767171373770715,100.93171325568494,1803,9,True,Eastern,4,562000,73744,80,7598.81,243010.08
Sakon Nakhon,2023-Q1,2023,1,57.30446219853286,37.30722036985153,155.54935636889,4155,12,True,Northeastern,4,1138000,72117,118,7431.16,237648.59
Samut Prakan,2023-Q1,2023,1,86.20661170513975,59.67465794171429,105.21822584259347,54472,12,True,Bangkok & Vicinity,1,1381000,283160,1458,29177.7,933102.81
Samut Sakhon,2023-Q1,2023,1,124.00595830570063,74.82827998394775,85.2094546747245,2813,6,True,Bangkok & Vicinity,1,591000,391442,682,40335.42,1289926.65
Samut Songkhram,2023-Q1,2023,1,69.47870917190531,45.30175040552297,111.11591230893,1243,3,True,Western,2,187000,160089,452,16496.08,527544.48
Saraburi,2023-Q1,2023,1,116.82434296259724,75.60317349488616,94.2018143015521,9025,13,True,Central,1,639000,323556,182,33340.23,1066220.56
Satun,2023-Q1,2023,1,52.48616829295476,44.5097351698769,111.0777283311772,1546,7,True,Southern,3,325000,113481,108,11693.44,373956.21
Si Sa Ket,2023-Q1,2023,1,60.90158628518663,49.32905641842577,184.45947066180295,9600,15,True,Northeastern,4,1442000,83332,161,8586.79,274605.61
Sing Buri,2023-Q1,2023,1,74.34282934495589,50.87325097104389,110.15973357664235,1370,7,True,Central,3,200000,142428,245,14676.23,469345.84
Songkhla,2023-Q1,2023,1,80.2985695562109,59.08790439421564,108.37694530689045,40409,17,True,Southern,2,1431000,145123,185,14953.93,478226.73
Sukhothai,2023-Q1,2023,1,59.44522527517652,48.45207574833193,158.52397423580783,2290,11,True,Northern,3,573000,80170,86,8260.97,264185.8
Suphan Buri,2023-Q1,2023,1,73.6281575827095,51.93000796986451,102.73094305148037,7503,11,True,Western,3,822000,107792,152,11107.23,355209.13
Surat Thani,2023-Q1,2023,1,72.84440191600528,54.32049029041464,117.77999137081704,29443,15,True,Southern,2,1077000,154835,81,15954.69,510230.87
Surin,2023-Q1,2023,1,59.626504771900784,41.47471309558355,132.07732833557955,5940,16,True,Northeastern,4,1360000,81675,153,8416.05,269145.26
Tak,2023-Q1,2023,1,67.74537823252184,54.09736514981216,163.3429725174057,2732,6,True,Northern,3,699000,114952,40,11845.02,378803.63
Trang,2023-Q1,2023,1,68.3159003648477,55.107310835946976,97.06781482792181,11311,8,True,Southern,3,635000,109656,134,11299.3,361351.61
Trat,2023-Q1,2023,1,61.47456615696132,47.94730728284078,104.68930890642613,887,4,True,Eastern,2,227000,160025,77,16489.48,527333.58
Ubon Ratchathani,2023-Q1,2023,1,78.97684451888212,46.88177059784529,134.59612407211026,2829,9,True,Northeastern,4,1868000,78275,119,8065.7,257941.17
Udon Thani,2023-Q1,2023,1,53.99175835073869,40.37070349272409,156.95866510218403,27069,15,True,Northeastern,4,1552000,90818,140,9358.17,299274.37
Uthai Thani,2023-Q1,2023,1,61.65227981003673,49.99167207152103,152.74187192118225,406,3,True,Northern,3,320000,101640,48,10473.31,334936.33
Uttaradit,2023-Q1,2023,1,63.505687383835976,47.6903896664909,159.5368076923077,1430,5,True,Northern,3,436000,103567,55,10671.87,341286.41
Yala,2023-Q1,2023,1,83.6499530496437,58.38513096944042,102.46030271643541,5122,3,True,Southern,4,553000,105453,124,10866.21,347501.38
Yasothon,2023-Q1,2023,1,55.43073852091986,36.917728759210995,181.7384438396833,2023,4,True,Northeastern,4,525000,70327,127,7246.72,231749.97
Amnat Charoen,2023-Q2,2023,2,45.264882963254564,32.9560463615707,152.05109595202399,668,8,True,Northeastern,4,372000,77048,113,7939.27,253897.82
Ang Thong,2023-Q2,2023,2,55.749969439658635,42.0580720133448,131.80446201966038,2242,8,True,Central,3,269000,142287,283,14661.7,468881.2
Bangkok Metropolis,2023-Q2,2023,2,81.16509529135482,56.230774270326535,102.01015004870065,539240,54,True,Bangkok & Vicinity,1,5456000,593927,3488,61200.11,1957179.52
Bueng Kan,2023-Q2,2023,2,71.34529879549906,51.92522960224044,165.11877848101264,316,5,True,Northeastern,4,419000,80159,105,8259.84,264149.56
Buri Ram,2023-Q2,2023,2,46.51971864731659,42.47450920518837,116.61264221969826,6163,16,True,Northeastern,4,1566000,80684,155,8313.93,265879.6
Chachoengsao,2023-Q2,2023,2,101.81799221248338,68.82773681281634,112.58190982300877,11304,8,True,Eastern,2,733000,400385,142,41256.93,1319396.7
Chai Nat,2023-Q2,2023,2,50.32674980680354,40.8989215025734,134.65619444444442,360,4,True,Central,3,314000,135667,131,13979.56,447066.18
Chaiyaphum,2023-Q2,2023,2,69.09214020137762,44.994780512866875,148.7378861454047,730,12,True,Northeastern,4,1106000,73134,88,7535.96,240999.93
Chanthaburi,2023-Q2,2023,2,76.18442909606999,53.5413362727767,100.52066389290884,2766,11,True,Eastern,2,536000,243317,83,25072.15,801807.38
Chiang Mai,2023-Q2,2023,2,60.14481980395559,45.293552411846704,162.05408827877199,64986,20,True,Northern,2,1799000,133306,79,13736.27,439285.93
Chiang Rai,2023-Q2,2023,2,48.81922778561276,38.073978128750646,145.6626844868735,8383,15,True,Northern,3,1298000,90203,112,9294.8,297247.75
Chon Buri,2023-Q2,2023,2,89.52885612529177,61.02881706194285,111.09298210482031,73727,15,True,Eastern,1,1636000,524002,363,53994.82,1726754.27
Chumphon,2023-Q2,2023,2,60.38175408180671,54.36767498377454,108.27642528735633,2960,7,True,Southern,2,508000,259853,84,26776.07,856298.79
Kalasin,2023-Q2,2023,2,69.271636008886,48.60868663160199,122.68975120841625,3522,10,True,Northeastern,4,962000,77397,139,7975.23,255047.88
Kamphaeng Phet,2023-Q2,2023,2,71.61335003097831,55.4541707601912,151.2892075042638,3521,9,True,Northern,3,701000,141987,82,14630.79,467892.6
Kanchanaburi,2023-Q2,2023,2,74.73486347471805,49.93933525229584,98.92346708286037,1763,9,True,Western,3,896000,127365,46,13124.09,419708.43
Khon Kaen,2023-Q2,2023,2,57.580261096143346,44.13530442682984,176.7205860771703,31115,19,True,Northeastern,3,1772000,124489,166,12827.74,410231.09
Krabi,2023-Q2,2023,2,63.69290769772905,57.646565560682255,84.00259145850121,2484,6,True,Southern,2,484000,168552,91,17368.13,555432.78
Lampang,2023-Q2,2023,2,58.76974275805038,41.35882020297319,156.6073852290273,3888,11,True,Northern,3,704000,104754,56,10794.18,345197.95
Lamphun,2023-Q2,2023,2,74.46938799781073,50.814483751867904,115.3412047177759,1188,5,True,Northern,2,397000,226464,89,23335.56,746271.35
Loei,2023-Q2,2023,2,77.13637702923346,62.139892855919335,136.73035028748345,2262,7,True,Northeastern,4,632000,105205,60,10840.65,346684.14
Lop Buri,2023-Q2,2023,2,108.19190291158662,75.50089161178965,110.51579938218637,5831,12,True,Central,3,725000,142287,111,14661.7,468881.2
Mae Hong Son,2023-Q2,2023,2,84.93313159570498,61.10288866747356,166.7057804878049,123,3,True,Northern,4,288000,65653,23,6765.09,216347.64
Maha Sarakham,2023-Q2,2023,2,54.245244730937486,44.818882491753925,136.89185733976566,1453,8,True,Northeastern,4,930000,85228,165,8782.16,280853.53
Mukdahan,2023-Q2,2023,2,51.12885084888108,33.32168077889237,122.28252234993612,783,7,True,Northeastern,4,351000,67203,85,6924.81,221455.39
Nakhon Nayok,2023-Q2,2023,2,64.39094727505558,48.454675478456906,87.57105816135085,1066,5,True,Eastern,3,260000,115666,121,11918.59,381156.48
Nakhon Pathom,2023-Q2,2023,2,107.14699534276004,71.6977307472671,111.55482637665368,31230,9,True,Bangkok & Vicinity,2,926000,297901,432,30696.66,981679.12
Nakhon Phanom,2023-Q2,2023,2,63.52253975807012,44.93616142425254,137.54364969271288,2279,9,True,Northeastern,4,711000,87122,125,8977.33,287094.87
Nakhon Ratchasima,2023-Q2,2023,2,63.328687927049025,46.95220382495103,160.78444040953872,38616,28,True,Northeastern,3,2620000,126119,126,12995.7,415602.46
Nakhon Sawan,2023-Q2,2023,2,66.77725994270317,55.76927388305144,164.96940349075973,8773,9,True,Northern,3,1014000,119856,106,12350.34,394963.87
Nakhon Si Thammarat,2023-Q2,2023,2,65.34110692229478,65.52591189955048,88.45989582637729,2995,15,True,Southern,3,1535000,122494,154,12622.17,403656.93
Nan,2023-Q2,2023,2,99.51822469746591,68.09085346826274,110.91607822878235,6779,7,True,Northern,4,471000,81233,39,8370.5,267688.73
Narathiwat,2023-Q2,2023,2,56.79490973721421,46.65610721703773,99.91313298153032,1896,11,True,Southern,4,824000,61787,183,6366.73,203607.94
Nong Bua Lam Phu,2023-Q2,2023,2,59.991150304980316,52.58010046354789,199.99603678474116,734,7,True,Northeastern,4,504000,63568,123,6550.25,209476.9
Nong Khai,2023-Q2,2023,2,57.20949572633337,45.966022633438655,165.21306109324755,934,12,True,Northeastern,4,512000,97617,156,10058.76,321679.25
Nonthaburi,2023-Q2,2023,2,84.17801123879732,62.95063485201083,111.24798912062023,45426,10,True,Bangkok & Vicinity,1,1318000,193641,2069,19953.38,638109.06
Pathum Thani,2023-Q2,2023,2,63.77370523744608,53.10593501769644,114.54206798168369,22721,11,True,Bangkok & Vicinity,1,1236000,230401,813,23741.25,759245.02
Pattani,2023-Q2,2023,2,70.2488129080948,54.10759450304352,113.1659975838115,3314,7,True,Southern,4,741000,78131,375,8050.86,257466.65
Phangnga,2023-Q2,2023,2,63.429501871320845,47.72893826298648,96.03397424892704,466,7,True,Southern,2,266000,194282,49,20019.43,640221.36
Phatthalung,2023-Q2,2023,2,79.35130375810459,68.52540357991191,101.4646770126091,1031,5,True,Southern,3,519000,81529,135,8401.01,268664.14
Phayao,2023-Q2,2023,2,59.52317433365077,37.77565382304181,159.9951286089239,1143,6,True,Northern,3,455000,96550,74,9948.82,318163.15
Phetchabun,2023-Q2,2023,2,71.06103468188896,64.91139513225251,116.86000977995108,3682,8,True,Northern,3,961000,88485,75,9117.77,291586.39
Phetchaburi,2023-Q2,2023,2,83.49514146342624,59.42447932885075,101.80048432601883,1276,9,True,Western,3,484100,144370,76,14876.34,475745.35
Phichit,2023-Q2,2023,2,55.44914100060772,39.21277142225347,148.43487770562768,924,7,True,Northern,3,517000,93950,120,9680.9,309595.31
Phitsanulok,2023-Q2,2023,2,68.65823163391109,52.988199961261586,133.53172579915565,13270,6,True,Northern,3,839000,113013,78,11645.22,372414.0
Phra Nakhon Si Ayutthaya,2023-Q2,2023,2,72.30038252779637,64.24758520454436,113.04778860432135,35978,21,True,Central,1,823000,468579,323,48283.86,1544117.75
Phrae,2023-Q2,2023,2,64.45520807139869,45.29706822814176,120.6032883018868,1325,7,True,Northern,3,422000,82755,65,8527.34,272704.21
Phuket,2023-Q2,2023,2,83.65271996690475,57.68970902440163,101.30788551519845,29730,10,True,Southern,1,430000,165343,786,17037.46,544858.1
Prachin Buri,2023-Q2,2023,2,68.72822439402681,49.194099144398756,94.07479503407984,2055,11,True,Eastern,1,501000,490499,100,50542.56,1616351.17
Prachuap Khiri Khan,2023-Q2,2023,2,92.72171973336492,65.90566437922465,100.7137808526552,5350,7,True,Western,2,552000,192326,87,19817.88,633775.72
Ranong,2023-Q2,2023,2,55.558597390952485,66.47879738526174,96.43922932330827,266,4,True,Southern,3,193000,105256,59,10845.91,346852.2
Ratchaburi,2023-Q2,2023,2,85.51652069914083,56.577712585100684,96.1765612664474,2432,7,True,Western,2,864000,221383,167,22812.0,729527.83
Rayong,2023-Q2,2023,2,96.93867482048712,67.00988182061103,97.13841123392736,13308,10,True,Eastern,1,782000,955119,213,98418.47,3147422.75
Roi Et,2023-Q2,2023,2,29.479481434447077,16.36959853729783,129.37466313559318,2832,13,True,Northeastern,4,1276000,78688,162,8108.26,259302.14
Sa Kaeo,2023-Q2,2023,2,59.08532132694481,42.59600415418464,126.44563317384372,1255,9,True,Eastern,4,562000,73744,80,7598.81,243010.08
Sakon Nakhon,2023-Q2,2023,2,53.78576525631372,38.28636369650633,167.96342246949027,2787,14,True,Northeastern,4,1138000,72117,118,7431.16,237648.59
Samut Prakan,2023-Q2,2023,2,78.1562278034422,58.29836478172878,108.21943600051534,38835,11,True,Bangkok & Vicinity,1,1381000,283160,1458,29177.7,933102.81
Samut Sakhon,2023-Q2,2023,2,102.11781174185745,70.2284468080194,106.75101515547425,3832,4,True,Bangkok & Vicinity,1,591000,391442,682,40335.42,1289926.65
Samut Songkhram,2023-Q2,2023,2,78.44067824882028,64.3487348117134,106.84151622418878,678,3,True,Western,2,187000,160089,452,16496.08,527544.48
Saraburi,2023-Q2,2023,2,58.58578482941067,56.6265176935139,103.13135212305428,10859,15,True,Central,1,639000,323556,182,33340.23,1066220.56
Satun,2023-Q2,2023,2,74.6537434163824,55.79399139062522,96.15265291262136,412,5,True,Southern,3,325000,113481,108,11693.44,373956.21
Si Sa Ket,2023-Q2,2023,2,59.31455264109341,44.89899799742995,175.10715769051683,6444,20,True,Northeastern,4,1442000,83332,161,8586.79,274605.61
Sing Buri,2023-Q2,2023,2,71.54073760294891,49.112984321054086,116.68489541547277,698,6,True,Central,3,200000,142428,245,14676.23,469345.84
Songkhla,2023-Q2,2023,2,72.1028862617819,51.74009905509309,112.9150175837666,27722,14,True,Southern,2,1431000,145123,185,14953.93,478226.73
Sukhothai,2023-Q2,2023,2,50.21731157099308,39.52286915961895,153.7988476977568,847,9,True,Northern,3,573000,80170,86,8260.97,264185.8
Suphan Buri,2023-Q2,2023,2,72.75133100718101,59.22916415691284,104.70854892601427,5040,11,True,Western,3,822000,107792,152,11107.23,355209.13
Surat Thani,2023-Q2,2023,2,65.43752508582047,50.354912853604816,122.00845104919152,14543,18,True,Southern,2,1077000,154835,81,15954.69,510230.87
Surin,2023-Q2,2023,2,62.120567106096466,41.94978746961211,130.39157723577233,3076,11,True,Northeastern,4,1360000,81675,153,8416.05,269145.26
Tak,2023-Q2,2023,2,54.86314175761949,40.25630618055022,175.20776580310883,1932,7,True,Northern,3,699000,114952,40,11845.02,378803.63
Trang,2023-Q2,2023,2,71.62881642094669,61.82055464312821,102.85733129533676,9651,7,True,Southern,3,635000,109656,134,11299.3,361351.61
Trat,2023-Q2,2023,2,80.020513610488,57.347293594435044,110.59913465553235,958,3,True,Eastern,2,227000,160025,77,16489.48,527333.58
Ubon Ratchathani,2023-Q2,2023,2,62.324667341979065,48.61560095812151,140.88449344569284,2136,14,True,Northeastern,4,1868000,78275,119,8065.7,257941.17
Udon Thani,2023-Q2,2023,2,58.13300611907925,44.33918722335841,144.59169521318339,19126,12,True,Northeastern,4,1552000,90818,140,9358.17,299274.37
Uthai Thani,2023-Q2,2023,2,68.43578565331464,53.41050403843301,128.3396566037736,530,2,True,Northern,3,320000,101640,48,10473.31,334936.33
Uttaradit,2023-Q2,2023,2,57.68094983844056,45.73824655236699,163.01929711602955,1492,9,True,Northern,3,436000,103567,55,10671.87,341286.41
Yala,2023-Q2,2023,2,74.0572007337451,51.42334345618765,107.68274185051035,3040,3,True,Southern,4,553000,105453,124,10866.21,347501.38
Yasothon,2023-Q2,2023,2,46.564036264858586,33.56128692798194,169.13018098859314,1315,5,True,Northeastern,4,525000,70327,127,7246.72,231749.97
Amnat Charoen,2023-Q3,2023,3,66.27141968680984,41.392193986087,133.44235917312662,388,2,True,Northeastern,4,372000,77048,113,7939.27,253897.82
Ang Thong,2023-Q3,2023,3,51.40657803694725,35.51440579875188,98.82846573836565,2729,4,True,Central,3,269000,142287,283,14661.7,468881.2
Bangkok Metropolis,2023-Q3,2023,3,90.71301331160878,61.373298442613404,81.5793106492548,781310,55,True,Bangkok & Vicinity,1,5456000,593927,3488,61200.11,1957179.52
Bueng Kan,2023-Q3,2023,3,89.42551859308243,69.72014374668919,116.88009266409267,3108,5,True,Northeastern,4,419000,80159,105,8259.84,264149.56
Buri Ram,2023-Q3,2023,3,59.715937052216454,43.987325471394655,132.29229088050323,3816,14,True,Northeastern,4,1566000,80684,155,8313.93,265879.6
Chachoengsao,2023-Q3,2023,3,122.54756321250214,78.15152052601874,69.18255666758697,14492,9,True,Eastern,2,733000,400385,142,41256.93,1319396.7
Chai Nat,2023-Q3,2023,3,74.99392581931066,62.93461222769346,93.58869409282697,474,5,True,Central,3,314000,135667,131,13979.56,447066.18
Chaiyaphum,2023-Q3,2023,3,62.716632894935195,39.66133683057405,141.85243604395606,2276,12,True,Northeastern,4,1106000,73134,88,7535.96,240999.93
Chanthaburi,2023-Q3,2023,3,95.88708400942318,72.03633017229241,76.71245585215605,2925,11,True,Eastern,2,536000,243317,83,25072.15,801807.38
Chiang Mai,2023-Q3,2023,3,64.11369849009901,49.563314783029504,136.56228014978603,84433,20,True,Northern,2,1799000,133306,79,13736.27,439285.93
Chiang Rai,2023-Q3,2023,3,52.75529513972688,43.804446227900435,113.858391588785,7493,11,True,Northern,3,1298000,90203,112,9294.8,297247.75
Chon Buri,2023-Q3,2023,3,101.0136198040096,73.19817513749513,83.2637397152839,84183,16,True,Eastern,1,1636000,524002,363,53994.82,1726754.27
Chumphon,2023-Q3,2023,3,30.144866716352904,17.195954995215054,127.8303237589759,6408,6,True,Southern,2,508000,259853,84,26776.07,856298.79
Kalasin,2023-Q3,2023,3,65.86359957225996,44.35927819325796,109.11080833333335,2041,9,True,Northeastern,4,962000,77397,139,7975.23,255047.88
Kamphaeng Phet,2023-Q3,2023,3,61.69794834217111,51.48111451268554,124.93315345181136,2926,6,True,Northern,3,701000,141987,82,14630.79,467892.6
Kanchanaburi,2023-Q3,2023,3,92.45426813547675,61.74496724911254,73.2851037607612,2207,7,True,Western,3,896000,127365,46,13124.09,419708.43
Khon Kaen,2023-Q3,2023,3,63.274837981072196,47.410389743803066,138.3407282267468,33467,15,True,Northeastern,3,1772000,124489,166,12827.74,410231.09
Krabi,2023-Q3,2023,3,77.9428740934714,72.4349305750974,56.67899689327485,5472,6,True,Southern,2,484000,168552,91,17368.13,555432.78
Lampang,2023-Q3,2023,3,70.95748491762427,53.04664981090938,111.40312218865394,2981,10,True,Northern,3,704000,104754,56,10794.18,345197.95
Lamphun,2023-Q3,2023,3,64.80395388179488,41.73760789627312,98.01219620253161,2686,5,True,Northern,2,397000,226464,89,23335.56,746271.35
Loei,2023-Q3,2023,3,84.63023979271618,75.72886126843659,122.66049578102484,4865,5,True,Northeastern,4,632000,105205,60,10840.65,346684.14
Lop Buri,2023-Q3,2023,3,118.53515262354813,76.77879587830064,76.13817896024464,8177,8,True,Central,3,725000,142287,111,14661.7,468881.2
Mae Hong Son,2023-Q3,2023,3,94.75796319616,66.47150144965825,112.16143545611015,581,4,True,Northern,4,288000,65653,23,6765.09,216347.64
Maha Sarakham,2023-Q3,2023,3,65.19086895655225,52.49176056597704,155.3774346543779,5428,6,True,Northeastern,4,930000,85228,165,8782.16,280853.53
Mukdahan,2023-Q3,2023,3,54.94587070665019,40.61545150601022,94.73775406871607,1106,5,True,Northeastern,4,351000,67203,85,6924.81,221455.39
Nakhon Nayok,2023-Q3,2023,3,78.12712559578898,61.941554136193865,62.18489025893958,812,4,True,Eastern,3,260000,115666,121,11918.59,381156.48
Nakhon Pathom,2023-Q3,2023,3,123.73833566879433,83.05020051615499,78.18463225806444,35355,7,True,Bangkok & Vicinity,2,926000,297901,432,30696.66,981679.12
Nakhon Phanom,2023-Q3,2023,3,62.741126471950544,41.004791646993276,116.20155435915247,2881,10,True,Northeastern,4,711000,87122,125,8977.33,287094.87
Nakhon Ratchasima,2023-Q3,2023,3,68.27935372031264,50.43785880476231,132.98991609325014,43482,27,True,Northeastern,3,2620000,126119,126,12995.7,415602.46
Nakhon Sawan,2023-Q3,2023,3,69.63899035803587,55.0444347079873,122.88917571277719,9481,9,True,Northern,3,1014000,119856,106,12350.34,394963.87
Nakhon Si Thammarat,2023-Q3,2023,3,53.6399384552949,50.34690948121113,87.7042487087803,2517,13,True,Southern,3,1535000,122494,154,12622.17,403656.93
Nan,2023-Q3,2023,3,67.39886451776275,47.478491640025936,98.78042857142856,1233,6,True,Northern,4,471000,81233,39,8370.5,267688.73
Narathiwat,2023-Q3,2023,3,55.01724825419792,52.358814692977944,89.32397690086621,2079,11,True,Southern,4,824000,61787,183,6366.73,203607.94
Nong Bua Lam Phu,2023-Q3,2023,3,62.669743069145845,59.835929786831,181.8609616666667,1800,4,True,Northeastern,4,504000,63568,123,6550.25,209476.9
Nong Khai,2023-Q3,2023,3,52.00102266777752,40.14989677695115,127.94138102643855,643,6,True,Northeastern,4,512000,97617,156,10058.76,321679.25
Nonthaburi,2023-Q3,2023,3,77.66891197466417,63.957640361878774,81.48863875455568,57085,11,True,Bangkok & Vicinity,1,1318000,193641,2069,19953.38,638109.06
Pathum Thani,2023-Q3,2023,3,88.1776635062365,64.46593646770279,92.48530145448858,25589,10,True,Bangkok & Vicinity,1,1236000,230401,813,23741.25,759245.02
Pattani,2023-Q3,2023,3,64.6822558200913,56.37660098059644,76.50666332916144,3198,7,True,Southern,4,741000,78131,375,8050.86,257466.65
Phangnga,2023-Q3,2023,3,66.69126889771768,58.29369766588662,85.14800546448087,732,6,True,Southern,2,266000,194282,49,20019.43,640221.36
Phatthalung,2023-Q3,2023,3,47.63294808582584,40.805619969540935,107.57801711711711,1110,6,True,Southern,3,519000,81529,135,8401.01,268664.14
Phayao,2023-Q3,2023,3,35.047251632029635,24.074701605612315,136.4910943197756,2854,7,True,Northern,3,455000,96550,74,9948.82,318163.15
Phetchabun,2023-Q3,2023,3,72.27112439232496,58.590571111646135,93.68168300110746,3614,10,True,Northern,3,961000,88485,75,9117.77,291586.39
Phetchaburi,2023-Q3,2023,3,53.91051735047753,46.751178118454995,76.08012932790224,2947,10,True,Western,3,484100,144370,76,14876.34,475745.35
Phichit,2023-Q3,2023,3,82.87734818337658,62.01539619189949,141.8041199165798,2877,7,True,Northern,3,517000,93950,120,9680.9,309595.31
Phitsanulok,2023-Q3,2023,3,70.49723283220135,58.57949781151508,122.33277801384963,12716,7,True,Northern,3,839000,113013,78,11645.22,372414.0
Phra Nakhon Si Ayutthaya,2023-Q3,2023,3,88.67086321622567,73.97820143882466,80.0742335904068,41373,15,True,Central,1,823000,468579,323,48283.86,1544117.75
Phrae,2023-Q3,2023,3,46.65595610027619,35.400952608165774,157.17452626970228,1143,7,True,Northern,3,422000,82755,65,8527.34,272704.21
Phuket,2023-Q3,2023,3,93.92175609135126,66.80375931431634,75.57140142187195,46712,11,True,Southern,1,430000,165343,786,17037.46,544858.1
Prachin Buri,2023-Q3,2023,3,58.968871513117975,49.00005881970512,77.1103516858728,2344,9,True,Eastern,1,501000,490499,100,50542.56,1616351.17
Prachuap Khiri Khan,2023-Q3,2023,3,87.71341287633167,58.4718298387142,68.52651858143976,4712,8,True,Western,2,552000,192326,87,19817.88,633775.72
Ranong,2023-Q3,2023,3,96.33055768110117,81.26929726830416,67.88260655737704,244,3,True,Southern,3,193000,105256,59,10845.91,346852.2
Ratchaburi,2023-Q3,2023,3,80.55967260534591,55.4870064492329,82.79639850399792,3879,6,True,Western,2,864000,221383,167,22812.0,729527.83
Rayong,2023-Q3,2023,3,114.01401731965441,79.2353669685621,67.87267059980337,14245,11,True,Eastern,1,782000,955119,213,98418.47,3147422.75
Roi Et,2023-Q3,2023,3,65.28259403102724,49.81582744077823,153.27587570850196,2470,8,True,Northeastern,4,1276000,78688,162,8108.26,259302.14
Sa Kaeo,2023-Q3,2023,3,80.26377507958752,70.54881878610152,80.67145205479451,365,8,True,Eastern,4,562000,73744,80,7598.81,243010.08
Sakon Nakhon,2023-Q3,2023,3,57.39412398262851,41.263316142436814,123.83456344772543,2507,16,True,Northeastern,4,1138000,72117,118,7431.16,237648.59
Samut Prakan,2023-Q3,2023,3,102.86773979840683,73.75290167647259,87.71121654914052,45398,13,True,Bangkok & Vicinity,1,1381000,283160,1458,29177.7,933102.81
Samut Sakhon,2023-Q3,2023,3,128.06624459345102,81.64805770599068,69.77002394618836,11162,5,True,Bangkok & Vicinity,1,591000,391442,682,40335.42,1289926.65
Samut Songkhram,2023-Q3,2023,3,106.82708235138483,69.40577652443672,78.48784129213483,712,2,True,Western,2,187000,160089,452,16496.08,527544.48
Saraburi,2023-Q3,2023,3,70.24942852615874,64.2948735578657,80.27524023377428,9757,14,True,Central,1,639000,323556,182,33340.23,1066220.56
Satun,2023-Q3,2023,3,32.32919112186984,15.429783531720899,146.46936545550287,1900,5,True,Southern,3,325000,113481,108,11693.44,373956.21
Si Sa Ket,2023-Q3,2023,3,63.14855047422843,47.49169561364326,148.590211514393,4796,15,True,Northeastern,4,1442000,83332,161,8586.79,274605.61
Sing Buri,2023-Q3,2023,3,101.48013892332273,76.23980857354323,79.74928586497889,948,7,True,Central,3,200000,142428,245,14676.23,469345.84
Songkhla,2023-Q3,2023,3,83.25019626028873,62.935532394275675,88.37278407319747,34665,13,True,Southern,2,1431000,145123,185,14953.93,478226.73
Sukhothai,2023-Q3,2023,3,49.623824116908644,33.3394067629339,97.63647280966767,1324,9,True,Northern,3,573000,80170,86,8260.97,264185.8
Suphan Buri,2023-Q3,2023,3,59.62847181074329,63.961907835956325,73.32538584498897,9512,13,True,Western,3,822000,107792,152,11107.23,355209.13
Surat Thani,2023-Q3,2023,3,70.52652599319869,52.586740663005735,70.77015062330118,10674,17,True,Southern,2,1077000,154835,81,15954.69,510230.87
Surin,2023-Q3,2023,3,68.52692229849832,49.09709426288478,113.05030366726295,4473,9,True,Northeastern,4,1360000,81675,153,8416.05,269145.26
Tak,2023-Q3,2023,3,61.72618858308631,50.33225870312545,162.19030782723087,4564,6,True,Northern,3,699000,114952,40,11845.02,378803.63
Trang,2023-Q3,2023,3,80.22158684235555,61.60360714866061,66.25131679707005,6012,9,True,Southern,3,635000,109656,134,11299.3,361351.61
Trat,2023-Q3,2023,3,91.16066333360492,60.617534707379036,86.80149591280656,1101,3,True,Eastern,2,227000,160025,77,16489.48,527333.58
Ubon Ratchathani,2023-Q3,2023,3,57.529893510585936,38.10422626606972,101.44153937535924,5220,10,True,Northeastern,4,1868000,78275,119,8065.7,257941.17
Udon Thani,2023-Q3,2023,3,55.031823923043156,41.00833792544892,119.22211498512442,19163,7,True,Northeastern,4,1552000,90818,140,9358.17,299274.37
Uthai Thani,2023-Q3,2023,3,58.663255618805984,48.65853598514363,122.82580148883373,403,3,True,Northern,3,320000,101640,48,10473.31,334936.33
Uttaradit,2023-Q3,2023,3,65.80672158724259,52.04042593067556,122.8416398140976,1292,4,True,Northern,3,436000,103567,55,10671.87,341286.41
Yala,2023-Q3,2023,3,64.05837279206622,52.239123031100064,88.25790653314257,2098,4,True,Southern,4,553000,105453,124,10866.21,347501.38
Yasothon,2023-Q3,2023,3,61.953649636771615,46.86090204738192,164.02907708246994,2414,5,True,Northeastern,4,525000,70327,127,7246.72,231749.97
Amnat Charoen,2023-Q4,2023,4,57.215471047821126,34.818645248029625,120.8317667638484,343,5,True,Northeastern,4,372000,77048,113,7939.27,253897.82
Ang Thong,2023-Q4,2023,4,54.960891146218835,52.73047389188372,73.09586429840144,2815,4,True,Central,3,269000,142287,283,14661.7,468881.2
Bangkok Metropolis,2023-Q4,2023,4,95.79797100894714,64.6732362280062,70.84993223048973,885344,50,True,Bangkok & Vicinity,1,5456000,593927,3488,61200.11,1957179.52
Bueng Kan,2023-Q4,2023,4,88.77355609236342,77.6782002787062,132.49945820668688,1317,7,True,Northeastern,4,419000,80159,105,8259.84,264149.56
Buri Ram,2023-Q4,2023,4,67.97195305754546,53.52378167529177,136.63302366733026,4522,13,True,Northeastern,4,1566000,80684,155,8313.93,265879.6
Chachoengsao,2023-Q4,2023,4,117.79400012526044,78.75517583542673,63.486063007469994,18485,9,True,Eastern,2,733000,400385,142,41256.93,1319396.7
Chai Nat,2023-Q4,2023,4,71.55073849957711,67.11376178430824,96.71431366208569,1237,6,True,Central,3,314000,135667,131,13979.56,447066.18
Chaiyaphum,2023-Q4,2023,4,63.4657703617986,39.60688643364526,128.21347062245488,1719,13,True,Northeastern,4,1106000,73134,88,7535.96,240999.93
Chanthaburi,2023-Q4,2023,4,91.61844511229181,78.51451713529546,72.86624040596257,3155,8,True,Eastern,2,536000,243317,83,25072.15,801807.38
Chiang Mai,2023-Q4,2023,4,65.79785289330113,53.2020791506803,137.82995177681408,92730,23,True,Northern,2,1799000,133306,79,13736.27,439285.93
Chiang Rai,2023-Q4,2023,4,53.83986589156996,42.266431079136055,121.60327070239273,9074,13,True,Northern,3,1298000,90203,112,9294.8,297247.75
Chon Buri,2023-Q4,2023,4,108.29123803116958,79.0472492033327,61.278459037061545,130111,16,True,Eastern,1,1636000,524002,363,53994.82,1726754.27
Chumphon,2023-Q4,2023,4,41.40096381520403,29.340958999591482,127.02985907859073,4060,7,True,Southern,2,508000,259853,84,26776.07,856298.79
Kalasin,2023-Q4,2023,4,55.07590058856727,39.821669719607584,119.15289926289924,1221,11,True,Northeastern,4,962000,77397,139,7975.23,255047.88
Kamphaeng Phet,2023-Q4,2023,4,69.32658649479265,62.96422859446223,108.4397737272156,3183,6,True,Northern,3,701000,141987,82,14630.79,467892.6
Kanchanaburi,2023-Q4,2023,4,102.52118996341024,72.17239405736694,63.55049429937477,2719,6,True,Western,3,896000,127365,46,13124.09,419708.43
Khon Kaen,2023-Q4,2023,4,65.33891757639306,46.327114990483025,155.34938378949593,47333,20,True,Northeastern,3,1772000,124489,166,12827.74,410231.09
Krabi,2023-Q4,2023,4,105.52916963791215,89.41741876925941,55.77998220953219,4554,6,True,Southern,2,484000,168552,91,17368.13,555432.78
Lampang,2023-Q4,2023,4,72.41248805826177,53.25067563731506,122.22785825027688,4518,10,True,Northern,3,704000,104754,56,10794.18,345197.95
Lamphun,2023-Q4,2023,4,62.845320985611515,51.54043227240697,112.47934978843446,6384,5,True,Northern,2,397000,226464,89,23335.56,746271.35
Loei,2023-Q4,2023,4,67.39959011565429,48.216522877286465,106.56662401574799,1524,6,True,Northeastern,4,632000,105205,60,10840.65,346684.14
Lop Buri,2023-Q4,2023,4,126.2061832463726,76.38586853694484,59.27608369707552,9168,8,True,Central,3,725000,142287,111,14661.7,468881.2
Mae Hong Son,2023-Q4,2023,4,84.28771914135345,61.7401828379236,76.04654954954954,222,3,True,Northern,4,288000,65653,23,6765.09,216347.64
Maha Sarakham,2023-Q4,2023,4,64.220145368456,51.21870423830936,121.85744308231173,2857,11,True,Northeastern,4,930000,85228,165,8782.16,280853.53
Mukdahan,2023-Q4,2023,4,58.729904880237726,41.12932661149735,108.75723182957393,799,4,True,Northeastern,4,351000,67203,85,6924.81,221455.39
Nakhon Nayok,2023-Q4,2023,4,81.1763509160247,60.78725207908501,59.568479690522246,1034,5,True,Eastern,3,260000,115666,121,11918.59,381156.48
Nakhon Pathom,2023-Q4,2023,4,131.93190225445994,86.57198983577904,61.18179023571085,48855,7,True,Bangkok & Vicinity,2,926000,297901,432,30696.66,981679.12
Nakhon Phanom,2023-Q4,2023,4,64.95601314755164,47.12645742232804,111.90270502225044,3148,12,True,Northeastern,4,711000,87122,125,8977.33,287094.87
Nakhon Ratchasima,2023-Q4,2023,4,69.85384841000628,53.592654469519935,138.5818470301058,52865,23,True,Northeastern,3,2620000,126119,126,12995.7,415602.46
Nakhon Sawan,2023-Q4,2023,4,73.222607508088,63.547206365239646,129.65920592716733,13135,9,True,Northern,3,1014000,119856,106,12350.34,394963.87
Nakhon Si Thammarat,2023-Q4,2023,4,86.91014895924746,81.71082173788737,53.369140160284964,5616,15,True,Southern,3,1535000,122494,154,12622.17,403656.93
Nan,2023-Q4,2023,4,69.93354275682003,53.84057603998744,116.22523996265173,1072,6,True,Northern,4,471000,81233,39,8370.5,267688.73
Narathiwat,2023-Q4,2023,4,114.6520848542227,77.04301061157786,67.27877448222961,3912,11,True,Southern,4,824000,61787,183,6366.73,203607.94
Nong Bua Lam Phu,2023-Q4,2023,4,37.68715474671578,30.803720151460123,165.269750101916,2453,4,True,Northeastern,4,504000,63568,123,6550.25,209476.9
Nong Khai,2023-Q4,2023,4,64.9670465662785,51.82936159411047,120.30017048710602,698,6,True,Northeastern,4,512000,97617,156,10058.76,321679.25
Nonthaburi,2023-Q4,2023,4,121.51782425126214,85.37527200779749,67.20747496968353,58579,10,True,Bangkok & Vicinity,1,1318000,193641,2069,19953.38,638109.06
Pathum Thani,2023-Q4,2023,4,136.0928874443172,93.18896657686534,61.50842695826826,22412,9,True,Bangkok & Vicinity,1,1236000,230401,813,23741.25,759245.02
Pattani,2023-Q4,2023,4,87.89775664391512,63.16284194411844,79.07869946380697,3730,8,True,Southern,4,741000,78131,375,8050.86,257466.65
Phangnga,2023-Q4,2023,4,62.308236019948694,56.46577213375687,87.96149432404539,969,8,True,Southern,2,266000,194282,49,20019.43,640221.36
Phatthalung,2023-Q4,2023,4,55.83521591866067,47.69539126048311,91.92636185243327,1275,5,True,Southern,3,519000,81529,135,8401.01,268664.14
Phayao,2023-Q4,2023,4,40.37496547706832,31.069481112029525,155.10237494965767,4970,5,True,Northern,3,455000,96550,74,9948.82,318163.15
Phetchabun,2023-Q4,2023,4,80.21135143462219,61.31187958177307,98.02655814614728,3519,9,True,Northern,3,961000,88485,75,9117.77,291586.39
Phetchaburi,2023-Q4,2023,4,102.4243355505857,90.54998747803906,64.24857356459331,1673,8,True,Western,3,484100,144370,76,14876.34,475745.35
Phichit,2023-Q4,2023,4,70.71397926287801,54.69774480775838,160.33448851094627,5530,7,True,Northern,3,517000,93950,120,9680.9,309595.31
Phitsanulok,2023-Q4,2023,4,77.22624143416537,60.99126040040553,123.51305942723098,10239,7,True,Northern,3,839000,113013,78,11645.22,372414.0
Phra Nakhon Si Ayutthaya,2023-Q4,2023,4,112.7000573984477,80.44508769604008,63.39135532373942,44987,16,True,Central,1,823000,468579,323,48283.86,1544117.75
Phrae,2023-Q4,2023,4,61.422083606330446,49.38728999205293,177.98990966519267,1584,6,True,Northern,3,422000,82755,65,8527.34,272704.21
Phuket,2023-Q4,2023,4,102.07927446279916,72.15439033933107,59.0451082714805,48650,12,True,Southern,1,430000,165343,786,17037.46,544858.1
Prachin Buri,2023-Q4,2023,4,78.15060823634856,61.54752690708434,76.76770580296895,2229,7,True,Eastern,1,501000,490499,100,50542.56,1616351.17
Prachuap Khiri Khan,2023-Q4,2023,4,107.97633372815824,83.08624603213548,58.52369073834196,6181,9,True,Western,2,552000,192326,87,19817.88,633775.72
Ranong,2023-Q4,2023,4,78.05528436076443,64.77982620167047,105.78257575757576,891,4,True,Southern,3,193000,105256,59,10845.91,346852.2
Ratchaburi,2023-Q4,2023,4,96.73327439572188,72.02383117988313,65.21605036157025,3874,7,True,Western,2,864000,221383,167,22812.0,729527.83
Rayong,2023-Q4,2023,4,106.8226341210676,67.85596031763984,64.68747125984248,15253,11,True,Eastern,1,782000,955119,213,98418.47,3147422.75
Roi Et,2023-Q4,2023,4,67.96505819121677,51.359819928477435,127.82803588516745,1255,16,True,Northeastern,4,1276000,78688,162,8108.26,259302.14
Sa Kaeo,2023-Q4,2023,4,103.28692684319425,73.03951417541553,69.38400218340611,459,5,True,Eastern,4,562000,73744,80,7598.81,243010.08
Sakon Nakhon,2023-Q4,2023,4,65.71108608807043,48.32090278923051,119.26785325956217,4158,14,True,Northeastern,4,1138000,72117,118,7431.16,237648.59
Samut Prakan,2023-Q4,2023,4,123.18226695434132,85.94972520524743,63.18482212202751,55033,13,True,Bangkok & Vicinity,1,1381000,283160,1458,29177.7,933102.81
Samut Sakhon,2023-Q4,2023,4,138.34420778229895,83.70184150263097,54.3774020718966,11299,6,True,Bangkok & Vicinity,1,591000,391442,682,40335.42,1289926.65
Samut Songkhram,2023-Q4,2023,4,98.93566750588705,75.30281899737045,78.46701408450706,426,3,True,Western,2,187000,160089,452,16496.08,527544.48
Saraburi,2023-Q4,2023,4,121.06590514035877,99.41636538805045,61.4598769457299,4757,13,True,Central,1,639000,323556,182,33340.23,1066220.56
Satun,2023-Q4,2023,4,48.88381981315044,36.79470698798077,113.58954179566565,1292,6,True,Southern,3,325000,113481,108,11693.44,373956.21
Si Sa Ket,2023-Q4,2023,4,70.93873269607896,57.246453947379486,136.60095599498683,7183,16,True,Northeastern,4,1442000,83332,161,8586.79,274605.61
Sing Buri,2023-Q4,2023,4,83.7922032266608,56.01983545061526,85.44289832089551,1072,6,True,Central,3,200000,142428,245,14676.23,469345.84
Songkhla,2023-Q4,2023,4,101.46810175938575,72.34345506812356,65.3215192855013,36907,20,True,Southern,2,1431000,145123,185,14953.93,478226.73
Sukhothai,2023-Q4,2023,4,83.82968803368905,65.45439356958208,97.55529055912007,1091,7,True,Northern,3,573000,80170,86,8260.97,264185.8
Suphan Buri,2023-Q4,2023,4,64.10042427447829,54.58781560271631,72.60735641938129,10962,14,True,Western,3,822000,107792,152,11107.23,355209.13
Surat Thani,2023-Q4,2023,4,108.40043702024853,81.33867463440978,59.46340139661191,15466,21,True,Southern,2,1077000,154835,81,15954.69,510230.87
Surin,2023-Q4,2023,4,63.191243982927254,44.10531008299382,113.21581657178999,4746,8,True,Northeastern,4,1360000,81675,153,8416.05,269145.26
Tak,2023-Q4,2023,4,70.61276529619002,58.29875800596076,141.99326710526316,3040,8,True,Northern,3,699000,114952,40,11845.02,378803.63
Trang,2023-Q4,2023,4,91.35605314252749,67.10827240372252,73.29196380281691,7102,9,True,Southern,3,635000,109656,134,11299.3,361351.61
Trat,2023-Q4,2023,4,87.7823213781825,64.89648441280617,87.41586681715576,886,2,True,Eastern,2,227000,160025,77,16489.48,527333.58
Ubon Ratchathani,2023-Q4,2023,4,64.1497284372184,50.815522756589026,147.2730397734756,7600,14,True,Northeastern,4,1868000,78275,119,8065.7,257941.17
Udon Thani,2023-Q4,2023,4,62.05057593247509,45.947339620938976,116.81614684171183,21413,7,True,Northeastern,4,1552000,90818,140,9358.17,299274.37
Uthai Thani,2023-Q4,2023,4,62.88662304781977,60.716691676293664,110.61112336448598,536,4,True,Northern,3,320000,101640,48,10473.31,334936.33
Uttaradit,2023-Q4,2023,4,72.74200560388735,58.55774079847589,115.78883233132932,1498,4,True,Northern,3,436000,103567,55,10671.87,341286.41
Yala,2023-Q4,2023,4,80.57162741306006,67.88912482993875,70.54118584070797,1472,5,True,Southern,4,553000,105453,124,10866.21,347501.38
Yasothon,2023-Q4,2023,4,62.17004952048704,48.413295440741365,108.46009807208718,1193,5,True,Northeastern,4,525000,70327,127,7246.72,231749.97
Amnat Charoen,2024-Q1,2024,1,71.29439824443863,46.58999254129307,112.7279644808743,366,5,True,Northeastern,4,372000,77048,113,7939.27,253897.82
Ang Thong,2024-Q1,2024,1,112.67395945587904,64.91799869587206,57.123871444823656,879,5,True,Central,3,269000,142287,283,14661.7,468881.2
Bangkok Metropolis,2024-Q1,2024,1,102.32069397056055,71.91358127441936,54.40707586933051,1060358,51,True,Bangkok & Vicinity,1,5456000,593927,3488,61200.11,1957179.52
Bueng Kan,2024-Q1,2024,1,90.58535375424017,81.74256485917961,111.78215469613258,1086,5,True,Northeastern,4,419000,80159,105,8259.84,264149.56
Buri Ram,2024-Q1,2024,1,52.17436537971811,42.03998769293558,109.61962085497404,2504,10,True,Northeastern,4,1566000,80684,155,8313.93,265879.6
Chachoengsao,2024-Q1,2024,1,107.51071976637836,83.45215309607019,43.03175171110432,19589,8,True,Eastern,2,733000,400385,142,41256.93,1319396.7
Chai Nat,2024-Q1,2024,1,66.35965427918127,53.02196065613013,72.61653356890459,1416,5,True,Central,3,314000,135667,131,13979.56,447066.18
Chaiyaphum,2024-Q1,2024,1,53.573279358768715,41.66737245439103,136.3323689268553,1874,15,True,Northeastern,4,1106000,73134,88,7535.96,240999.93
Chanthaburi,2024-Q1,2024,1,86.03056300049376,61.99606714853879,59.2221620727674,2721,11,True,Eastern,2,536000,243317,83,25072.15,801807.38
Chiang Mai,2024-Q1,2024,1,71.13911051795195,57.58368706761131,130.04181549297175,101854,21,True,Northern,2,1799000,133306,79,13736.27,439285.93
Chiang Rai,2024-Q1,2024,1,58.5058201170077,46.71835654645687,133.74257446587848,9644,13,True,Northern,3,1298000,90203,112,9294.8,297247.75
Chon Buri,2024-Q1,2024,1,124.72499463569515,90.00320277562614,41.62725697236713,140321,16,True,Eastern,1,1636000,524002,363,53994.82,1726754.27
Chumphon,2024-Q1,2024,1,74.53850240273516,70.98686830713578,63.38431463414633,1640,8,True,Southern,2,508000,259853,84,26776.07,856298.79
Kalasin,2024-Q1,2024,1,54.721647694106785,47.164073932481145,154.32902495009978,1003,9,True,Northeastern,4,962000,77397,139,7975.23,255047.88
Kamphaeng Phet,2024-Q1,2024,1,69.81630453316886,57.53004716587862,96.9277503987241,1254,6,True,Northern,3,701000,141987,82,14630.79,467892.6
Kanchanaburi,2024-Q1,2024,1,116.51097965125017,73.32367594403912,52.37795611285266,3830,5,True,Western,3,896000,127365,46,13124.09,419708.43
Khon Kaen,2024-Q1,2024,1,73.9272772116571,54.56554870643002,144.85302741287362,51777,19,True,Northeastern,3,1772000,124489,166,12827.74,410231.09
Krabi,2024-Q1,2024,1,88.95655275957834,71.2027078859408,58.562439256788934,2100,7,True,Southern,2,484000,168552,91,17368.13,555432.78
Lampang,2024-Q1,2024,1,69.51638736955897,55.53650758334905,89.14311732633281,4955,11,True,Northern,3,704000,104754,56,10794.18,345197.95
Lamphun,2024-Q1,2024,1,69.73660462907891,60.008301904661884,102.15191776421456,3113,4,True,Northern,2,397000,226464,89,23335.56,746271.35
Loei,2024-Q1,2024,1,74.38082391933033,57.06929258060398,99.38975213675211,469,6,True,Northeastern,4,632000,105205,60,10840.65,346684.14
Lop Buri,2024-Q1,2024,1,125.64193935021851,80.55711974729329,46.874607093963895,8039,5,True,Central,3,725000,142287,111,14661.7,468881.2
Mae Hong Son,2024-Q1,2024,1,214.04246812283506,133.8529414444154,80.34230515191544,759,3,True,Northern,4,288000,65653,23,6765.09,216347.64
Maha Sarakham,2024-Q1,2024,1,82.83408256834042,62.442321376732004,99.88763757273482,1206,10,True,Northeastern,4,930000,85228,165,8782.16,280853.53
Mukdahan,2024-Q1,2024,1,68.02058685588526,46.32451721205381,118.37051229508197,488,5,True,Northeastern,4,351000,67203,85,6924.81,221455.39
Nakhon Nayok,2024-Q1,2024,1,70.18259040963775,49.642269013045635,63.88235705209657,1575,4,True,Eastern,3,260000,115666,121,11918.59,381156.48
Nakhon Pathom,2024-Q1,2024,1,148.97965938376024,97.16188345288198,42.251740031492886,39382,6,True,Bangkok & Vicinity,2,926000,297901,432,30696.66,981679.12
Nakhon Phanom,2024-Q1,2024,1,64.59853267595673,52.68015452881182,128.64485439031105,3636,14,True,Northeastern,4,711000,87122,125,8977.33,287094.87
Nakhon Ratchasima,2024-Q1,2024,1,71.94999954136739,55.77841546958664,131.83726449838355,56017,25,True,Northeastern,3,2620000,126119,126,12995.7,415602.46
Nakhon Sawan,2024-Q1,2024,1,79.76342184600632,68.54967170994398,109.84298530327557,8035,9,True,Northern,3,1014000,119856,106,12350.34,394963.87
Nakhon Si Thammarat,2024-Q1,2024,1,81.97293644074816,70.96975401589624,57.20359632516702,3594,15,True,Southern,3,1535000,122494,154,12622.17,403656.93
Nan,2024-Q1,2024,1,56.78656340513428,54.0363995362526,119.49108512396695,1210,5,True,Northern,4,471000,81233,39,8370.5,267688.73
Narathiwat,2024-Q1,2024,1,83.82551544219115,71.67637146350445,66.46245803357314,1671,12,True,Southern,4,824000,61787,183,6366.73,203607.94
Nong Bua Lam Phu,2024-Q1,2024,1,93.92305772793112,81.82011177437552,110.38261122047243,3050,6,True,Northeastern,4,504000,63568,123,6550.25,209476.9
Nong Khai,2024-Q1,2024,1,56.22858273696314,39.141354457772614,130.46694520547948,439,6,True,Northeastern,4,512000,97617,156,10058.76,321679.25
Nonthaburi,2024-Q1,2024,1,144.7743232967544,99.54725226648152,44.408468547114694,77352,10,True,Bangkok & Vicinity,1,1318000,193641,2069,19953.38,638109.06
Pathum Thani,2024-Q1,2024,1,149.8732310403221,100.87786546213417,42.28216985112164,24667,10,True,Bangkok & Vicinity,1,1236000,230401,813,23741.25,759245.02
Pattani,2024-Q1,2024,1,82.21590511576387,58.82130742569026,60.20230447414295,1722,6,True,Southern,4,741000,78131,375,8050.86,257466.65
Phangnga,2024-Q1,2024,1,50.8371600876099,38.00803120557982,67.1698095952024,668,8,True,Southern,2,266000,194282,49,20019.43,640221.36
Phatthalung,2024-Q1,2024,1,64.69103700427048,56.58277254270421,62.68145567206863,1049,3,True,Southern,3,519000,81529,135,8401.01,268664.14
Phayao,2024-Q1,2024,1,66.64547117593312,57.239808951174936,137.53677272727273,1123,5,True,Northern,3,455000,96550,74,9948.82,318163.15
Phetchabun,2024-Q1,2024,1,84.40611394775958,64.25659016174781,131.2226041857904,5448,8,True,Northern,3,961000,88485,75,9117.77,291586.39
Phetchaburi,2024-Q1,2024,1,120.94896983213181,85.02242771643955,53.17555383822773,1944,8,True,Western,3,484100,144370,76,14876.34,475745.35
Phichit,2024-Q1,2024,1,65.81391979800061,67.41440680260644,122.02256213872835,693,6,True,Northern,3,517000,93950,120,9680.9,309595.31
Phitsanulok,2024-Q1,2024,1,70.18865948825083,56.887008086559604,84.18111392405062,10748,7,True,Northern,3,839000,113013,78,11645.22,372414.0
Phra Nakhon Si Ayutthaya,2024-Q1,2024,1,142.5001786886489,91.66409749940337,46.66302082781537,41543,16,True,Central,1,823000,468579,323,48283.86,1544117.75
Phrae,2024-Q1,2024,1,72.31071286832947,55.2902451716934,134.270393081761,636,6,True,Northern,3,422000,82755,65,8527.34,272704.21
Phuket,2024-Q1,2024,1,110.64486934339013,77.23109545924774,49.294411001983654,62029,7,True,Southern,1,430000,165343,786,17037.46,544858.1
Prachin Buri,2024-Q1,2024,1,93.70403705547069,69.9514546340568,65.97961269146609,1371,7,True,Eastern,1,501000,490499,100,50542.56,1616351.17
Prachuap Khiri Khan,2024-Q1,2024,1,126.60021756264024,93.25450287748416,44.801286415711935,7338,8,True,Western,2,552000,192326,87,19817.88,633775.72
Ranong,2024-Q1,2024,1,100.6214646510362,74.91985017033866,63.066451882845186,478,4,True,Southern,3,193000,105256,59,10845.91,346852.2
Ratchaburi,2024-Q1,2024,1,113.87805072252002,80.96899759087229,54.328116486314435,1571,6,True,Western,2,864000,221383,167,22812.0,729527.83
Rayong,2024-Q1,2024,1,106.82210451837649,69.83574885649375,55.50069886498926,12612,9,True,Eastern,1,782000,955119,213,98418.47,3147422.75
Roi Et,2024-Q1,2024,1,61.55533519585485,45.487863415634266,116.3396010928962,916,7,True,Northeastern,4,1276000,78688,162,8108.26,259302.14
Sa Kaeo,2024-Q1,2024,1,103.02780366649615,72.65769293389089,53.99625806451613,248,2,True,Eastern,4,562000,73744,80,7598.81,243010.08
Sakon Nakhon,2024-Q1,2024,1,62.07359765195723,53.874760419571814,119.80409389802175,3592,13,True,Northeastern,4,1138000,72117,118,7431.16,237648.59
Samut Prakan,2024-Q1,2024,1,143.6505732600429,98.84047125123263,41.7500574282807,75713,12,True,Bangkok & Vicinity,1,1381000,283160,1458,29177.7,933102.81
Samut Sakhon,2024-Q1,2024,1,143.4288605905021,99.91355805110992,44.27104126105208,11201,3,True,Bangkok & Vicinity,1,591000,391442,682,40335.42,1289926.65
Samut Songkhram,2024-Q1,2024,1,81.687829777526,62.03972294934744,95.6354872881356,236,2,True,Western,2,187000,160089,452,16496.08,527544.48
Saraburi,2024-Q1,2024,1,66.75117427776802,45.17050675242878,61.74760987936095,6136,14,True,Central,1,639000,323556,182,33340.23,1066220.56
Satun,2024-Q1,2024,1,76.27659516388191,64.66784896217588,69.52136258437801,1038,6,True,Southern,3,325000,113481,108,11693.44,373956.21
Si Sa Ket,2024-Q1,2024,1,73.953319931328,59.096517816176096,116.86320063587685,5977,20,True,Northeastern,4,1442000,83332,161,8586.79,274605.61
Sing Buri,2024-Q1,2024,1,90.2723594894764,69.60918727888183,59.35373524544953,1814,5,True,Central,3,200000,142428,245,14676.23,469345.84
Songkhla,2024-Q1,2024,1,111.45849854720664,76.85815078511916,52.682217140408554,35022,14,True,Southern,2,1431000,145123,185,14953.93,478226.73
Sukhothai,2024-Q1,2024,1,77.65803207944066,57.200028761717086,106.7487609090909,1100,9,True,Northern,3,573000,80170,86,8260.97,264185.8
Suphan Buri,2024-Q1,2024,1,81.2721622155006,57.65042564118055,66.31269872091231,6492,11,True,Western,3,822000,107792,152,11107.23,355209.13
Surat Thani,2024-Q1,2024,1,106.90085512519245,80.8391869619266,49.372770656334644,21441,18,True,Southern,2,1077000,154835,81,15954.69,510230.87
Surin,2024-Q1,2024,1,65.89317424811658,48.78379366245149,119.01052720450285,5334,4,True,Northeastern,4,1360000,81675,153,8416.05,269145.26
Tak,2024-Q1,2024,1,62.68215270880673,47.44721821873354,114.44344437086093,1511,6,True,Northern,3,699000,114952,40,11845.02,378803.63
Trang,2024-Q1,2024,1,95.88604255782985,62.86961828590841,55.47999732038182,5975,10,True,Southern,3,635000,109656,134,11299.3,361351.61
Trat,2024-Q1,2024,1,98.82690180049833,69.2171247805797,52.459961002785505,359,2,True,Eastern,2,227000,160025,77,16489.48,527333.58
Ubon Ratchathani,2024-Q1,2024,1,72.60727168748804,61.70658682042309,140.91407530795075,7145,10,True,Northeastern,4,1868000,78275,119,8065.7,257941.17
Udon Thani,2024-Q1,2024,1,64.05146607209203,54.96566454639544,114.40255614108074,21650,8,True,Northeastern,4,1552000,90818,140,9358.17,299274.37
Uthai Thani,2024-Q1,2024,1,88.67246476246837,68.32490228866962,122.48454428571428,700,3,True,Northern,3,320000,101640,48,10473.31,334936.33
Uttaradit,2024-Q1,2024,1,76.71314529274406,66.61818718300728,106.35963535439795,1171,3,True,Northern,3,436000,103567,55,10671.87,341286.41
Yala,2024-Q1,2024,1,78.27131988287394,69.86955660750114,53.30003983516483,728,8,True,Southern,4,553000,105453,124,10866.21,347501.38
Yasothon,2024-Q1,2024,1,62.31264494867295,52.69665364762621,126.06170449438204,890,4,True,Northeastern,4,525000,70327,127,7246.72,231749.97
Amnat Charoen,2024-Q2,2024,2,112.30893387592647,62.886033749280195,97.11431142410017,641,1,True,Northeastern,4,372000,77048,113,7939.27,253897.82
Ang Thong,2024-Q2,2024,2,158.24594848680908,106.84844660453544,56.29446422628951,1203,4,True,Central,3,269000,142287,283,14661.7,468881.2
Bangkok Metropolis,2024-Q2,2024,2,108.794197889462,78.45139689392347,73.23284971699375,1194759,42,True,Bangkok & Vicinity,1,5456000,593927,3488,61200.11,1957179.52
Bueng Kan,2024-Q2,2024,2,63.67187341803897,59.7512970763428,156.06522115384618,208,3,True,Northeastern,4,419000,80159,105,8259.84,264149.56
Buri Ram,2024-Q2,2024,2,41.39904078166006,33.33426588301466,127.97064827078736,1359,9,True,Northeastern,4,1566000,80684,155,8313.93,265879.6
Chachoengsao,2024-Q2,2024,2,142.48385308973022,91.43195993697304,54.67718905184619,15552,7,True,Eastern,2,733000,400385,142,41256.93,1319396.7
Chai Nat,2024-Q2,2024,2,51.57740735537051,43.360281033076525,166.65779587155959,436,2,True,Central,3,314000,135667,131,13979.56,447066.18
Chaiyaphum,2024-Q2,2024,2,54.14749506499502,40.98059553174959,165.59155294117645,765,6,True,Northeastern,4,1106000,73134,88,7535.96,240999.93
Chanthaburi,2024-Q2,2024,2,84.78121896979918,80.88039495843357,86.16971325648416,694,2,True,Eastern,2,536000,243317,83,25072.15,801807.38
Chiang Mai,2024-Q2,2024,2,67.21805672804058,53.45503776877257,174.0371840407892,120678,15,True,Northern,2,1799000,133306,79,13736.27,439285.93
Chiang Rai,2024-Q2,2024,2,53.59449711872229,42.84977067808487,192.27962511237638,6679,6,True,Northern,3,1298000,90203,112,9294.8,297247.75
Chon Buri,2024-Q2,2024,2,118.37989554535135,85.38678091107312,73.61729441712795,178029,16,True,Eastern,1,1636000,524002,363,53994.82,1726754.27
Chumphon,2024-Q2,2024,2,82.66979668462322,82.51183661607958,62.891831764705884,850,4,True,Southern,2,508000,259853,84,26776.07,856298.79
Kalasin,2024-Q2,2024,2,53.31765946477516,39.827062835160696,156.77985534591193,955,4,True,Northeastern,4,962000,77397,139,7975.23,255047.88
Kamphaeng Phet,2024-Q2,2024,2,65.68625244620061,53.89506116290437,171.30078917700118,4439,6,True,Northern,3,701000,141987,82,14630.79,467892.6
Kanchanaburi,2024-Q2,2024,2,82.61029535263894,72.39925868336813,84.35768731563421,340,4,True,Western,3,896000,127365,46,13124.09,419708.43
Khon Kaen,2024-Q2,2024,2,64.43292501392435,45.72854777290009,210.84375263060994,70633,10,True,Northeastern,3,1772000,124489,166,12827.74,410231.09
Krabi,2024-Q2,2024,2,71.46951222511449,73.04299428136339,69.3476169950739,813,6,True,Southern,2,484000,168552,91,17368.13,555432.78
Lampang,2024-Q2,2024,2,59.4822040211784,51.49461126039601,192.03114707341274,4034,6,True,Northern,3,704000,104754,56,10794.18,345197.95
Lamphun,2024-Q2,2024,2,60.49169316418255,54.41072324959072,94.0540407692308,3900,2,True,Northern,2,397000,226464,89,23335.56,746271.35
Loei,2024-Q2,2024,2,64.79103057758884,49.46527304810977,183.71281372549018,102,2,True,Northeastern,4,632000,105205,60,10840.65,346684.14
Lop Buri,2024-Q2,2024,2,133.60655993709295,81.14364258435057,61.7408816817896,11136,4,True,Central,3,725000,142287,111,14661.7,468881.2
Mae Hong Son,2024-Q2,2024,2,64.43536401810235,26.622914737769783,262.01232,25,1,False,Northern,4,288000,65653,23,6765.09,216347.64
Maha Sarakham,2024-Q2,2024,2,79.63095508585118,64.85482463045066,101.61746506386177,1331,5,True,Northeastern,4,930000,85228,165,8782.16,280853.53
Mukdahan,2024-Q2,2024,2,44.92760391835075,33.46956458889054,171.80732653061222,833,4,True,Northeastern,4,351000,67203,85,6924.81,221455.39
Nakhon Nayok,2024-Q2,2024,2,57.77238778076348,29.185803300790315,61.90226902307315,2038,5,True,Eastern,3,260000,115666,121,11918.59,381156.48
Nakhon Pathom,2024-Q2,2024,2,129.66871200748443,90.53750503054364,81.17626707002168,66635,6,True,Bangkok & Vicinity,2,926000,297901,432,30696.66,981679.12
Nakhon Phanom,2024-Q2,2024,2,46.82549607734723,44.46507956810814,226.61409848831886,2183,9,True,Northeastern,4,711000,87122,125,8977.33,287094.87
Nakhon Ratchasima,2024-Q2,2024,2,68.61597217347298,51.3216701551004,184.1532874067948,82246,14,True,Northeastern,3,2620000,126119,126,12995.7,415602.46
Nakhon Sawan,2024-Q2,2024,2,56.710871947348,46.68441088471879,214.80540142412107,8992,6,True,Northern,3,1014000,119856,106,12350.34,394963.87
Nakhon Si Thammarat,2024-Q2,2024,2,72.83467043712336,82.84441232491407,62.65089635535307,878,9,True,Southern,3,1535000,122494,154,12622.17,403656.93
Nan,2024-Q2,2024,2,55.42106272720588,41.1209649012213,101.47780924170615,844,2,True,Northern,4,471000,81233,39,8370.5,267688.73
Narathiwat,2024-Q2,2024,2,74.8698177847245,58.28863092001379,69.99685119047619,672,6,True,Southern,4,824000,61787,183,6366.73,203607.94
Nong Bua Lam Phu,2024-Q2,2024,2,50.832507064483536,35.165895078023674,130.6988099547511,221,5,True,Northeastern,4,504000,63568,123,6550.25,209476.9
Nong Khai,2024-Q2,2024,2,36.2325154942491,29.217678027161586,204.3483175182482,274,3,True,Northeastern,4,512000,97617,156,10058.76,321679.25
Nonthaburi,2024-Q2,2024,2,133.18883078598412,97.35236966623599,51.19650416994981,97757,10,True,Bangkok & Vicinity,1,1318000,193641,2069,19953.38,638109.06
Pathum Thani,2024-Q2,2024,2,160.8726191159982,115.37978020457875,45.975610934805054,29003,9,True,Bangkok & Vicinity,1,1236000,230401,813,23741.25,759245.02
Pattani,2024-Q2,2024,2,87.57174586193771,77.30146799327113,55.638450724637686,690,5,True,Southern,4,741000,78131,375,8050.86,257466.65
Phangnga,2024-Q2,2024,2,87.76784944811628,45.88291152105068,39.16383870967742,31,1,False,Southern,2,266000,194282,49,20019.43,640221.36
Phatthalung,2024-Q2,2024,2,70.56739147089722,81.17592046921075,66.0595011061947,904,4,True,Southern,3,519000,81529,135,8401.01,268664.14
Phayao,2024-Q2,2024,2,94.70468486421032,84.2920858267,85.20307692307694,416,4,True,Northern,3,455000,96550,74,9948.82,318163.15
Phetchabun,2024-Q2,2024,2,52.02110229654937,38.724798670226264,262.12446187050364,695,3,True,Northern,3,961000,88485,75,9117.77,291586.39
Phetchaburi,2024-Q2,2024,2,77.65494327322838,65.88712002499554,78.8517168367347,784,5,True,Western,3,484100,144370,76,14876.34,475745.35
Phichit,2024-Q2,2024,2,55.148216980575114,48.10324035819728,192.92572438162543,283,4,True,Northern,3,517000,93950,120,9680.9,309595.31
Phitsanulok,2024-Q2,2024,2,77.55248528965696,61.069609336421124,161.70367256825935,14069,5,True,Northern,3,839000,113013,78,11645.22,372414.0
Phra Nakhon Si Ayutthaya,2024-Q2,2024,2,144.5147182529825,95.2774433872189,53.41725085463126,43016,11,True,Central,1,823000,468579,323,48283.86,1544117.75
Phrae,2024-Q2,2024,2,47.26899540734111,41.96428553744173,109.6185,4,1,False,Northern,3,422000,82755,65,8527.34,272704.21
Phuket,2024-Q2,2024,2,117.93460097115394,97.70850646923716,80.89375944343567,83190,3,True,Southern,1,430000,165343,786,17037.46,544858.1
Prachin Buri,2024-Q2,2024,2,62.459258282037595,49.964665985902045,72.70938407821228,717,3,True,Eastern,1,501000,490499,100,50542.56,1616351.17
Prachuap Khiri Khan,2024-Q2,2024,2,135.52818816571983,95.97959289785543,54.20444718928414,9111,5,True,Western,2,552000,192326,87,19817.88,633775.72
Ranong,2024-Q2,2024,2,69.33356957127832,66.80138907294787,83.50721927710843,415,1,True,Southern,3,193000,105256,59,10845.91,346852.2
Ratchaburi,2024-Q2,2024,2,99.86966687842626,133.30779881591042,47.910116915422876,1206,4,True,Western,2,864000,221383,167,22812.0,729527.83
Rayong,2024-Q2,2024,2,102.30410931424196,66.79509160178968,69.75909982902736,10535,8,True,Eastern,1,782000,955119,213,98418.47,3147422.75
Roi Et,2024-Q2,2024,2,56.292609509703226,51.331327793599996,185.13987832047985,1167,3,True,Northeastern,4,1276000,78688,162,8108.26,259302.14
Sakon Nakhon,2024-Q2,2024,2,67.07373851943164,55.6666191469396,135.60452761959,3514,11,True,Northeastern,4,1138000,72117,118,7431.16,237648.59
Samut Prakan,2024-Q2,2024,2,149.33684735605138,108.43735755900423,53.67871081649151,92827,11,True,Bangkok & Vicinity,1,1381000,283160,1458,29177.7,933102.81
Samut Sakhon,2024-Q2,2024,2,151.0641645097622,104.64157348413079,49.29234382457274,15509,3,True,Bangkok & Vicinity,1,591000,391442,682,40335.42,1289926.65
Samut Songkhram,2024-Q2,2024,2,78.35202974232217,62.11573512094097,112.18566935483871,124,1,True,Western,2,187000,160089,452,16496.08,527544.48
Saraburi,2024-Q2,2024,2,94.93551941829708,60.35606171676719,76.98080559646537,3398,9,True,Central,1,639000,323556,182,33340.23,1066220.56
Satun,2024-Q2,2024,2,79.89388406232217,103.04249999737189,63.08134782608695,138,3,True,Southern,3,325000,113481,108,11693.44,373956.21
Si Sa Ket,2024-Q2,2024,2,69.86150904917385,54.184270510829684,181.36937779913498,10410,9,True,Northeastern,4,1442000,83332,161,8586.79,274605.61
Sing Buri,2024-Q2,2024,2,59.780756474416265,49.63987520736536,84.83099912854031,2298,3,True,Central,3,200000,142428,245,14676.23,469345.84
Songkhla,2024-Q2,2024,2,109.73233037280895,78.66809061259546,72.36056040932337,43997,8,True,Southern,2,1431000,145123,185,14953.93,478226.73
Sukhothai,2024-Q2,2024,2,50.30832193945058,40.62453658936936,185.8351381653454,883,5,True,Northern,3,573000,80170,86,8260.97,264185.8
Suphan Buri,2024-Q2,2024,2,80.30887597031679,65.89541900794538,73.57761176012461,2568,6,True,Western,3,822000,107792,152,11107.23,355209.13
Surat Thani,2024-Q2,2024,2,111.99584553016447,86.04938775732374,57.005588685110354,16094,14,True,Southern,2,1077000,154835,81,15954.69,510230.87
Surin,2024-Q2,2024,2,61.91168186586008,36.79158722881379,179.85588137321554,2946,1,True,Northeastern,4,1360000,81675,153,8416.05,269145.26
Tak,2024-Q2,2024,2,58.39263307049259,42.00983541130567,135.96811182108627,940,4,True,Northern,3,699000,114952,40,11845.02,378803.63
Trang,2024-Q2,2024,2,69.87784901365579,60.83238222525448,71.35738630556975,1957,7,True,Southern,3,635000,109656,134,11299.3,361351.61
Trat,2024-Q2,2024,2,62.664109173245784,40.70606499720186,85.479,63,1,False,Eastern,2,227000,160025,77,16489.48,527333.58
Ubon Ratchathani,2024-Q2,2024,2,64.01893902473483,41.3728476855046,138.4445493612079,1723,3,True,Northeastern,4,1868000,78275,119,8065.7,257941.17
Udon Thani,2024-Q2,2024,2,72.96512848085798,56.765046822082546,150.34436389816074,30578,4,True,Northeastern,4,1552000,90818,140,9358.17,299274.37
Uthai Thani,2024-Q2,2024,2,119.00351324109154,59.06718836739529,80.62725407478428,1043,3,True,Northern,3,320000,101640,48,10473.31,334936.33
Uttaradit,2024-Q2,2024,2,64.55004290345789,57.70879893887236,135.4016762589928,695,2,True,Northern,3,436000,103567,55,10671.87,341286.41
Yala,2024-Q2,2024,2,82.71322306249213,69.14454175571085,56.055676680972816,699,3,True,Southern,4,553000,105453,124,10866.21,347501.38
Yasothon,2024-Q2,2024,2,42.0786478024874,37.33313106203924,118.73602325581398,301,3,True,Northeastern,4,525000,70327,127,7246.72,231749.97
Amnat Charoen,2024-Q3,2024,3,48.80418517983159,34.968001326543344,258.1110332871012,721,2,True,Northeastern,4,372000,77048,113,7939.27,253897.82
Ang Thong,2024-Q3,2024,3,106.01716373021128,81.58395286160987,71.27845608465609,945,2,True,Central,3,269000,142287,283,14661.7,468881.2
Bangkok Metropolis,2024-Q3,2024,3,102.63676378047236,78.48801153938537,62.28289324795409,1043727,38,True,Bangkok & Vicinity,1,5456000,593927,3488,61200.11,1957179.52
Bueng Kan,2024-Q3,2024,3,42.41602983486904,24.30938688653149,191.88453987730063,163,1,True,Northeastern,4,419000,80159,105,8259.84,264149.56
Buri Ram,2024-Q3,2024,3,37.71340727321249,29.093179179267864,126.9084800420168,952,7,True,Northeastern,4,1566000,80684,155,8313.93,265879.6
Chachoengsao,2024-Q3,2024,3,131.1224959055156,95.29669516787675,44.97225980457771,14948,6,True,Eastern,2,733000,400385,142,41256.93,1319396.7
Chai Nat,2024-Q3,2024,3,56.56516861838339,54.601114565149025,190.6723674911661,283,2,True,Central,3,314000,135667,131,13979.56,447066.18
Chaiyaphum,2024-Q3,2024,3,113.8938902167021,105.70814370376806,85.20694136807818,308,2,True,Northeastern,4,1106000,73134,88,7535.96,240999.93
Chanthaburi,2024-Q3,2024,3,105.5869545360109,94.6486714212566,65.8175681492109,698,1,True,Eastern,2,536000,243317,83,25072.15,801807.38
Chiang Mai,2024-Q3,2024,3,64.60195427553518,54.067349516373724,151.95576667722244,110585,8,True,Northern,2,1799000,133306,79,13736.27,439285.93
Chiang Rai,2024-Q3,2024,3,48.408796702943924,41.08078015412929,195.2837326958106,6591,7,True,Northern,3,1298000,90203,112,9294.8,297247.75
Chon Buri,2024-Q3,2024,3,115.06387867520678,86.56520033418724,68.50590276717743,158598,11,True,Eastern,1,1636000,524002,363,53994.82,1726754.27
Chumphon,2024-Q3,2024,3,108.90329073607647,109.64282032970416,60.21721153846154,573,3,True,Southern,2,508000,259853,84,26776.07,856298.79
Kalasin,2024-Q3,2024,3,73.40479847397204,74.48037941825764,146.1822012578616,636,4,True,Northeastern,4,962000,77397,139,7975.23,255047.88
Kamphaeng Phet,2024-Q3,2024,3,57.54166514207951,44.48605143289259,165.81792843419788,2084,3,True,Northern,3,701000,141987,82,14630.79,467892.6
Kanchanaburi,2024-Q3,2024,3,98.50405732910392,86.81327367295121,51.61281930415264,891,2,True,Western,3,896000,127365,46,13124.09,419708.43
Khon Kaen,2024-Q3,2024,3,61.81554331338187,50.1420941609725,181.5716559561384,61487,9,True,Northeastern,3,1772000,124489,166,12827.74,410231.09
Krabi,2024-Q3,2024,3,82.57240883701802,75.52707948393709,52.41644377729257,1833,4,True,Southern,2,484000,168552,91,17368.13,555432.78
Lampang,2024-Q3,2024,3,47.449547210374924,41.48388571291522,171.2785081455032,4486,2,True,Northern,3,704000,104754,56,10794.18,345197.95
Lamphun,2024-Q3,2024,3,55.01011999792079,49.26934278353175,131.12815580597749,2042,2,True,Northern,2,397000,226464,89,23335.56,746271.35
Loei,2024-Q3,2024,3,35.561938522593756,30.835572565505817,273.7918793103448,464,1,True,Northeastern,4,632000,105205,60,10840.65,346684.14
Lop Buri,2024-Q3,2024,3,148.57485845977007,73.73591292290179,55.63423626018365,7741,3,True,Central,3,725000,142287,111,14661.7,468881.2
Mae Hong Son,2024-Q3,2024,3,39.45819463679412,39.23014162740922,273.4095138888889,72,1,False,Northern,4,288000,65653,23,6765.09,216347.64
Maha Sarakham,2024-Q3,2024,3,53.4999049030649,53.02591624133346,127.21100707651482,2264,3,True,Northeastern,4,930000,85228,165,8782.16,280853.53
Mukdahan,2024-Q3,2024,3,45.1529395864737,30.18693502331348,162.37236428571427,1261,2,True,Northeastern,4,351000,67203,85,6924.81,221455.39
Nakhon Nayok,2024-Q3,2024,3,46.85980506861992,11.182621140163356,33.968953588774966,1853,2,True,Eastern,3,260000,115666,121,11918.59,381156.48
Nakhon Pathom,2024-Q3,2024,3,121.27936519794244,87.15789924105698,76.79386034621285,54786,4,True,Bangkok & Vicinity,2,926000,297901,432,30696.66,981679.12
Nakhon Phanom,2024-Q3,2024,3,47.64139205999107,43.92390960263085,171.93786732673266,1518,3,True,Northeastern,4,711000,87122,125,8977.33,287094.87
Nakhon Ratchasima,2024-Q3,2024,3,68.67762224988222,55.9992853481821,177.87329437352685,63244,9,True,Northeastern,3,2620000,126119,126,12995.7,415602.46
Nakhon Sawan,2024-Q3,2024,3,52.53289444650192,46.78384423475152,177.0366309068973,9952,6,True,Northern,3,1014000,119856,106,12350.34,394963.87
Nakhon Si Thammarat,2024-Q3,2024,3,63.46937916712893,68.08261127390183,63.254753267973854,614,3,True,Southern,3,1535000,122494,154,12622.17,403656.93
Nan,2024-Q3,2024,3,43.1310656200565,35.709054901889765,115.23198362892224,734,3,True,Northern,4,471000,81233,39,8370.5,267688.73
Narathiwat,2024-Q3,2024,3,73.20617269772202,56.83344079281755,62.97492638731597,884,3,True,Southern,4,824000,61787,183,6366.73,203607.94
Nong Bua Lam Phu,2024-Q3,2024,3,61.12985685563436,50.07823772796438,133.91629279279277,222,3,True,Northeastern,4,504000,63568,123,6550.25,209476.9
Nong Khai,2024-Q3,2024,3,68.15626614269868,64.82562493054603,157.92394594594595,37,1,False,Northeastern,4,512000,97617,156,10058.76,321679.25
Nonthaburi,2024-Q3,2024,3,119.41087818143059,90.1557795874351,49.48048096539245,113874,8,True,Bangkok & Vicinity,1,1318000,193641,2069,19953.38,638109.06
Pathum Thani,2024-Q3,2024,3,145.6337074748227,112.01856262871141,57.34133838326743,35394,6,True,Bangkok & Vicinity,1,1236000,230401,813,23741.25,759245.02
Pattani,2024-Q3,2024,3,86.77958416736357,73.69565370267007,61.61516717325225,1974,4,True,Southern,4,741000,78131,375,8050.86,257466.65
Phangnga,2024-Q3,2024,3,100.65497726208997,70.88180653274772,39.004018749999986,160,2,True,Southern,2,266000,194282,49,20019.43,640221.36
Phatthalung,2024-Q3,2024,3,74.60334571983566,69.97646944093576,66.24299577167018,1420,2,True,Southern,3,519000,81529,135,8401.01,268664.14
Phayao,2024-Q3,2024,3,82.7037949943084,95.92133400245989,98.00811354961832,1050,2,True,Northern,3,455000,96550,74,9948.82,318163.15
Phetchabun,2024-Q3,2024,3,40.52415352453942,22.48170897840207,192.78794736842104,38,1,False,Northern,3,961000,88485,75,9117.77,291586.39
Phetchaburi,2024-Q3,2024,3,97.46634828171098,76.70526302729213,49.50020914214153,1598,4,True,Western,3,484100,144370,76,14876.34,475745.35
Phichit,2024-Q3,2024,3,40.56861567857322,38.327504704686596,208.41476318407953,1005,2,True,Northern,3,517000,93950,120,9680.9,309595.31
Phitsanulok,2024-Q3,2024,3,75.77569902464086,65.02881116934789,145.7932011933619,16099,2,True,Northern,3,839000,113013,78,11645.22,372414.0
Phra Nakhon Si Ayutthaya,2024-Q3,2024,3,150.1528378096053,109.60858688859761,48.98895735500702,39873,10,True,Central,1,823000,468579,323,48283.86,1544117.75
Phuket,2024-Q3,2024,3,103.94472850957071,82.48400950000614,79.24708294268993,63382,4,True,Southern,1,430000,165343,786,17037.46,544858.1
Prachin Buri,2024-Q3,2024,3,89.23533940913325,68.25879141029807,67.8705513733469,985,3,True,Eastern,1,501000,490499,100,50542.56,1616351.17
Prachuap Khiri Khan,2024-Q3,2024,3,123.32126876198575,84.07806228374817,48.60712922973428,14871,4,True,Western,2,552000,192326,87,19817.88,633775.72
Ratchaburi,2024-Q3,2024,3,111.60215492849652,122.93709114912728,43.71231832395247,1599,5,True,Western,2,864000,221383,167,22812.0,729527.83
Rayong,2024-Q3,2024,3,109.96030071976767,83.03248350799653,54.44038104013108,14661,8,True,Eastern,1,782000,955119,213,98418.47,3147422.75
Roi Et,2024-Q3,2024,3,63.98163686739164,54.899037810860655,215.91371525096525,1036,3,True,Northeastern,4,1276000,78688,162,8108.26,259302.14
Sa Kaeo,2024-Q3,2024,3,75.79591541062527,67.42628205360417,152.71539558573855,589,3,True,Eastern,4,562000,73744,80,7598.81,243010.08
Sakon Nakhon,2024-Q3,2024,3,54.814910147882614,40.79320453376089,153.6075807692308,2081,7,True,Northeastern,4,1138000,72117,118,7431.16,237648.59
Samut Prakan,2024-Q3,2024,3,137.45022118166622,106.36947816410897,46.60956435177737,80803,11,True,Bangkok & Vicinity,1,1381000,283160,1458,29177.7,933102.81
Samut Sakhon,2024-Q3,2024,3,130.16022882986445,99.38673037830003,78.10452412055136,19451,3,True,Bangkok & Vicinity,1,591000,391442,682,40335.42,1289926.65
Samut Songkhram,2024-Q3,2024,3,47.365744639929005,50.99989012798376,82.60766019417476,103,1,True,Western,2,187000,160089,452,16496.08,527544.48
Saraburi,2024-Q3,2024,3,91.01868789508332,59.68989220667358,52.51816605705928,5472,5,True,Central,1,639000,323556,182,33340.23,1066220.56
Satun,2024-Q3,2024,3,64.67562821679415,54.314019283465484,65.04892028985506,138,1,True,Southern,3,325000,113481,108,11693.44,373956.21
Si Sa Ket,2024-Q3,2024,3,63.85650159722098,53.222536114643475,157.36797403955885,10521,6,True,Northeastern,4,1442000,83332,161,8586.79,274605.61
Sing Buri,2024-Q3,2024,3,78.75281802106191,57.7488481327696,68.89354567307694,2502,3,True,Central,3,200000,142428,245,14676.23,469345.84
Songkhla,2024-Q3,2024,3,106.91353196612661,82.80964194024517,75.18089909661236,39877,5,True,Southern,2,1431000,145123,185,14953.93,478226.73
Sukhothai,2024-Q3,2024,3,46.56179098809353,38.53986158579694,165.29366937119678,987,4,True,Northern,3,573000,80170,86,8260.97,264185.8
Suphan Buri,2024-Q3,2024,3,85.23491692642898,63.51838048721188,63.36677506991608,5007,4,True,Western,3,822000,107792,152,11107.23,355209.13
Surat Thani,2024-Q3,2024,3,100.39886063902,76.70901231251376,56.35039424162589,21269,13,True,Southern,2,1077000,154835,81,15954.69,510230.87
Surin,2024-Q3,2024,3,54.6238860750293,41.626206637106684,168.32210583742497,5503,2,True,Northeastern,4,1360000,81675,153,8416.05,269145.26
Tak,2024-Q3,2024,3,44.769089416493145,32.93527183421031,195.10456390977447,133,2,True,Northern,3,699000,114952,40,11845.02,378803.63
Trang,2024-Q3,2024,3,78.67062029542147,60.624384592495645,68.52584538878843,1107,8,True,Southern,3,635000,109656,134,11299.3,361351.61
Ubon Ratchathani,2024-Q3,2024,3,71.22798402470929,55.31669759255809,139.23156067172263,1846,4,True,Northeastern,4,1868000,78275,119,8065.7,257941.17
Udon Thani,2024-Q3,2024,3,62.495794627317075,51.71965276997739,174.4857763019514,25682,4,True,Northeastern,4,1552000,90818,140,9358.17,299274.37
Uthai Thani,2024-Q3,2024,3,56.429844180120114,43.482899505969264,148.0703846153846,703,2,True,Northern,3,320000,101640,48,10473.31,334936.33
Uttaradit,2024-Q3,2024,3,48.736694595769315,34.506337920270575,84.72367327409434,1464,4,True,Northern,3,436000,103567,55,10671.87,341286.41
Yala,2024-Q3,2024,3,96.13714660431403,93.04637965001538,51.82676363636364,495,3,True,Southern,4,553000,105453,124,10866.21,347501.38
Yasothon,2024-Q3,2024,3,38.813307523284266,33.76456856875305,140.86277011494255,87,2,False,Northeastern,4,525000,70327,127,7246.72,231749.97
Amnat Charoen,2024-Q4,2024,4,38.874574351110134,32.993036763323936,263.1590586666667,752,3,True,Northeastern,4,372000,77048,113,7939.27,253897.82
Ang Thong,2024-Q4,2024,4,95.93198117280136,76.20356936231762,44.61404207119741,309,2,True,Central,3,269000,142287,283,14661.7,468881.2
Bangkok Metropolis,2024-Q4,2024,4,108.07109761671082,77.92208223628542,59.552101138103765,942175,37,True,Bangkok & Vicinity,1,5456000,593927,3488,61200.11,1957179.52
Bueng Kan,2024-Q4,2024,4,28.099909901628443,21.48340753821873,265.53981355932206,59,1,False,Northeastern,4,419000,80159,105,8259.84,264149.56
Buri Ram,2024-Q4,2024,4,44.952530672944604,34.79437257864876,173.34460770818995,1455,6,True,Northeastern,4,1566000,80684,155,8313.93,265879.6
Chachoengsao,2024-Q4,2024,4,135.16890279643226,96.88779161461638,55.27726627486437,8852,4,True,Eastern,2,733000,400385,142,41256.93,1319396.7
Chai Nat,2024-Q4,2024,4,58.2948213395614,32.16505961247392,101.43870802919709,137,1,True,Central,3,314000,135667,131,13979.56,447066.18
Chaiyaphum,2024-Q4,2024,4,42.98775482355088,34.779492753842845,265.29569677419363,1395,4,True,Northeastern,4,1106000,73134,88,7535.96,240999.93
Chanthaburi,2024-Q4,2024,4,82.55321806853705,77.67157605880031,61.42546267281105,1086,3,True,Eastern,2,536000,243317,83,25072.15,801807.38
Chiang Mai,2024-Q4,2024,4,60.65184196177295,52.25816001960906,155.34927065480397,103804,8,True,Northern,2,1799000,133306,79,13736.27,439285.93
Chiang Rai,2024-Q4,2024,4,51.30537300365973,43.89290494603936,188.19070390666434,5663,5,True,Northern,3,1298000,90203,112,9294.8,297247.75
Chon Buri,2024-Q4,2024,4,122.96795756254579,84.7961699969155,60.23753738424343,153507,13,True,Eastern,1,1636000,524002,363,53994.82,1726754.27
Chumphon,2024-Q4,2024,4,91.88668616221617,73.16325748434882,57.5462744014733,543,1,True,Southern,2,508000,259853,84,26776.07,856298.79
Kalasin,2024-Q4,2024,4,43.53529511316089,42.42922950638804,196.62556776947704,938,3,True,Northeastern,4,962000,77397,139,7975.23,255047.88
Kamphaeng Phet,2024-Q4,2024,4,56.8614698295598,43.72699892892224,154.79367030567684,458,3,True,Northern,3,701000,141987,82,14630.79,467892.6
Kanchanaburi,2024-Q4,2024,4,89.73219662799801,72.92432100476437,88.5428506469501,2710,3,True,Western,3,896000,127365,46,13124.09,419708.43
Khon Kaen,2024-Q4,2024,4,63.28006095927725,52.86145416002288,191.222036169303,58516,7,True,Northeastern,3,1772000,124489,166,12827.74,410231.09
Krabi,2024-Q4,2024,4,94.34461483759345,81.72439543554374,54.50533013273086,3545,2,True,Southern,2,484000,168552,91,17368.13,555432.78
Lampang,2024-Q4,2024,4,46.36302384199564,42.81756184623118,197.91029259068256,5826,4,True,Northern,3,704000,104754,56,10794.18,345197.95
Lamphun,2024-Q4,2024,4,55.28200308828791,44.939375224104666,157.3572789203085,779,3,True,Northern,2,397000,226464,89,23335.56,746271.35
Loei,2024-Q4,2024,4,39.78152579732963,34.93806269408252,286.7325695970696,548,1,True,Northeastern,4,632000,105205,60,10840.65,346684.14
Lop Buri,2024-Q4,2024,4,127.23624643668701,67.32067749657485,53.59332921265637,6798,1,True,Central,3,725000,142287,111,14661.7,468881.2
Mae Hong Son,2024-Q4,2024,4,52.21595889149429,54.69202931330886,169.31334273318868,461,2,True,Northern,4,288000,65653,23,6765.09,216347.64
Maha Sarakham,2024-Q4,2024,4,48.55059205542624,47.511699993805166,143.33538282387192,2062,4,True,Northeastern,4,930000,85228,165,8782.16,280853.53
Mukdahan,2024-Q4,2024,4,45.80390191044165,31.905926859075738,159.39834670116431,773,3,True,Northeastern,4,351000,67203,85,6924.81,221455.39
Nakhon Nayok,2024-Q4,2024,4,50.0545515859571,9.91905918233424,34.872041334300214,1379,1,True,Eastern,3,260000,115666,121,11918.59,381156.48
Nakhon Pathom,2024-Q4,2024,4,122.31247854292279,83.88135334033885,73.74047600129548,46335,5,True,Bangkok & Vicinity,2,926000,297901,432,30696.66,981679.12
Nakhon Phanom,2024-Q4,2024,4,46.28365751221046,40.95279333508119,148.839863574352,733,6,True,Northeastern,4,711000,87122,125,8977.33,287094.87
Nakhon Ratchasima,2024-Q4,2024,4,63.376779997416705,52.473973155712216,188.95514879741305,55074,9,True,Northeastern,3,2620000,126119,126,12995.7,415602.46
Nakhon Sawan,2024-Q4,2024,4,52.731604414876784,51.09737592654292,172.5822711254497,8063,4,True,Northern,3,1014000,119856,106,12350.34,394963.87
Nakhon Si Thammarat,2024-Q4,2024,4,68.34660850320924,63.758928200412015,71.20333680555554,2020,4,True,Southern,3,1535000,122494,154,12622.17,403656.93
Nan,2024-Q4,2024,4,54.414876853651634,48.406501336364094,139.59050466497033,1179,2,True,Northern,4,471000,81233,39,8370.5,267688.73
Narathiwat,2024-Q4,2024,4,59.328981810075,47.79040819240416,79.3433747300216,927,4,True,Southern,4,824000,61787,183,6366.73,203607.94
Nong Bua Lam Phu,2024-Q4,2024,4,58.39712973233947,62.30106867475729,161.156,30,1,False,Northeastern,4,504000,63568,123,6550.25,209476.9
Nong Khai,2024-Q4,2024,4,43.928640315964536,50.35080814094471,176.13464285714286,42,1,False,Northeastern,4,512000,97617,156,10058.76,321679.25
Nonthaburi,2024-Q4,2024,4,126.39996515942791,84.51679837254248,53.464502963166446,101961,10,True,Bangkok & Vicinity,1,1318000,193641,2069,19953.38,638109.06
Pathum Thani,2024-Q4,2024,4,153.38216202381832,105.77338075391157,46.53014351578537,35589,5,True,Bangkok & Vicinity,1,1236000,230401,813,23741.25,759245.02
Pattani,2024-Q4,2024,4,77.58446163951109,69.24785144499492,70.96710224719104,2672,4,True,Southern,4,741000,78131,375,8050.86,257466.65
Phangnga,2024-Q4,2024,4,165.58733692464696,218.01155272606255,35.961,1,1,False,Southern,2,266000,194282,49,20019.43,640221.36
Phatthalung,2024-Q4,2024,4,71.77009046528995,69.98639523089867,78.38176285714285,700,3,True,Southern,3,519000,81529,135,8401.01,268664.14
Phayao,2024-Q4,2024,4,98.80541573889435,85.31503764893809,79.43338970588233,408,3,True,Northern,3,455000,96550,74,9948.82,318163.15
Phetchabun,2024-Q4,2024,4,61.35065063444491,52.36468201068385,152.82244714285716,703,3,True,Northern,3,961000,88485,75,9117.77,291586.39
Phetchaburi,2024-Q4,2024,4,84.17939122792316,74.03888553641825,65.7419321880651,2212,4,True,Western,3,484100,144370,76,14876.34,475745.35
Phichit,2024-Q4,2024,4,68.39215615224025,61.88192269874742,162.64508680555556,289,2,True,Northern,3,517000,93950,120,9680.9,309595.31
Phitsanulok,2024-Q4,2024,4,62.54335242261658,54.63015339922565,161.58541890871052,17221,1,True,Northern,3,839000,113013,78,11645.22,372414.0
Phra Nakhon Si Ayutthaya,2024-Q4,2024,4,141.73718230810803,97.7037316039554,54.9831523408139,37267,13,True,Central,1,823000,468579,323,48283.86,1544117.75
Phrae,2024-Q4,2024,4,44.2049621221522,32.55964993610846,169.81514634146342,369,2,True,Northern,3,422000,82755,65,8527.34,272704.21
Phuket,2024-Q4,2024,4,97.30405908704638,77.33564151550362,74.86239392078598,71700,6,True,Southern,1,430000,165343,786,17037.46,544858.1
Prachin Buri,2024-Q4,2024,4,74.08741304750605,63.16166761151584,98.47433273703041,2795,7,True,Eastern,1,501000,490499,100,50542.56,1616351.17
Prachuap Khiri Khan,2024-Q4,2024,4,115.54840246621181,89.08837661458759,54.17382139097481,14257,3,True,Western,2,552000,192326,87,19817.88,633775.72
Ranong,2024-Q4,2024,4,78.81769377075348,73.87125872662598,74.48750986842104,608,1,True,Southern,3,193000,105256,59,10845.91,346852.2
Ratchaburi,2024-Q4,2024,4,106.92258897354658,90.37072036537339,60.10005878693624,3220,5,True,Western,2,864000,221383,167,22812.0,729527.83
Rayong,2024-Q4,2024,4,129.39308684247226,95.64164471490584,52.69972752891446,17043,9,True,Eastern,1,782000,955119,213,98418.47,3147422.75
Roi Et,2024-Q4,2024,4,62.51568186224542,54.77428766948198,200.5458157596372,1765,5,True,Northeastern,4,1276000,78688,162,8108.26,259302.14
Sa Kaeo,2024-Q4,2024,4,55.01022620432902,45.371793080498286,194.57110901045857,2486,4,True,Eastern,4,562000,73744,80,7598.81,243010.08
Sakon Nakhon,2024-Q4,2024,4,62.924302924961864,56.98349483029098,155.66853285420945,3899,9,True,Northeastern,4,1138000,72117,118,7431.16,237648.59
Samut Prakan,2024-Q4,2024,4,124.87828421327517,86.84635560853951,47.77209045196848,103051,10,True,Bangkok & Vicinity,1,1381000,283160,1458,29177.7,933102.81
Samut Sakhon,2024-Q4,2024,4,123.0851307892301,93.79653547451333,85.42920128904318,20186,4,True,Bangkok & Vicinity,1,591000,391442,682,40335.42,1289926.65
Samut Songkhram,2024-Q4,2024,4,121.80092292339452,71.246126229886,54.026278280542996,885,3,True,Western,2,187000,160089,452,16496.08,527544.48
Saraburi,2024-Q4,2024,4,104.15934149525103,69.7486240309005,63.246671745462706,4466,6,True,Central,1,639000,323556,182,33340.23,1066220.56
Satun,2024-Q4,2024,4,72.46503406139512,51.37127616678757,57.01742450142449,702,2,True,Southern,3,325000,113481,108,11693.44,373956.21
Si Sa Ket,2024-Q4,2024,4,62.37270153216228,56.32549280598651,159.54127558336586,7676,6,True,Northeastern,4,1442000,83332,161,8586.79,274605.61
Sing Buri,2024-Q4,2024,4,69.7598071595337,55.337129625478575,75.16718165249088,1646,5,True,Central,3,200000,142428,245,14676.23,469345.84
Songkhla,2024-Q4,2024,4,105.85437709260714,75.41503283149711,73.49646622257248,39354,5,True,Southern,2,1431000,145123,185,14953.93,478226.73
Sukhothai,2024-Q4,2024,4,55.82812346708171,51.79211670428041,145.06861835106383,753,5,True,Northern,3,573000,80170,86,8260.97,264185.8
Suphan Buri,2024-Q4,2024,4,95.23069655859962,62.00482744632225,76.99914506480555,6022,5,True,Western,3,822000,107792,152,11107.23,355209.13
Surat Thani,2024-Q4,2024,4,112.2990219740564,77.21148585773743,57.63406077568968,25023,8,True,Southern,2,1077000,154835,81,15954.69,510230.87
Surin,2024-Q4,2024,4,47.32026805385613,40.642371815103125,185.20039136941887,4013,4,True,Northeastern,4,1360000,81675,153,8416.05,269145.26
Tak,2024-Q4,2024,4,47.45043975417366,31.623983704280622,175.04481704781705,482,3,True,Northern,3,699000,114952,40,11845.02,378803.63
Trang,2024-Q4,2024,4,77.23671127610996,66.62993964777525,95.46211741236822,3509,6,True,Southern,3,635000,109656,134,11299.3,361351.61
Ubon Ratchathani,2024-Q4,2024,4,85.88008250889764,75.49383428274669,135.67758762886595,1067,3,True,Northeastern,4,1868000,78275,119,8065.7,257941.17
Udon Thani,2024-Q4,2024,4,74.48822963215694,69.54559037997647,155.4131711374195,20027,3,True,Northeastern,4,1552000,90818,140,9358.17,299274.37
Uthai Thani,2024-Q4,2024,4,45.71057760010753,38.19749572101704,168.79893142857142,350,1,True,Northern,3,320000,101640,48,10473.31,334936.33
Uttaradit,2024-Q4,2024,4,28.855170009103006,21.81419239689682,91.5689657142857,1226,2,True,Northern,3,436000,103567,55,10671.87,341286.41
Yala,2024-Q4,2024,4,89.40253814266086,82.48944626463894,61.45572597864769,281,3,True,Southern,4,553000,105453,124,10866.21,347501.38
Yasothon,2024-Q4,2024,4,46.83519698585214,47.899623717958555,182.80843722943726,693,2,True,Northeastern,4,525000,70327,127,7246.72,231749.97
Ang Thong,2025-Q1,2025,1,100.56062590903535,61.16935173122138,64.85957692307692,1534,3,True,Central,3,269000,142287,283,14661.7,468881.2
Bangkok Metropolis,2025-Q1,2025,1,122.1161204346807,90.8070129354296,54.566242876422315,873234,34,True,Bangkok & Vicinity,1,5456000,593927,3488,61200.11,1957179.52
Bueng Kan,2025-Q1,2025,1,24.53634408907324,17.281477372978927,137.20972413793103,29,1,False,Northeastern,4,419000,80159,105,8259.84,264149.56
Buri Ram,2025-Q1,2025,1,52.320697261157285,44.43632156266959,185.21033383685796,2649,5,True,Northeastern,4,1566000,80684,155,8313.93,265879.6
Chachoengsao,2025-Q1,2025,1,155.04989275936046,103.5805688806772,46.182026554267644,9494,6,True,Eastern,2,733000,400385,142,41256.93,1319396.7
Chai Nat,2025-Q1,2025,1,56.4860130356313,53.09579018624071,181.958281598513,1076,3,True,Central,3,314000,135667,131,13979.56,447066.18
Chaiyaphum,2025-Q1,2025,1,47.12752260230917,39.65105536028621,168.3119709401709,585,4,True,Northeastern,4,1106000,73134,88,7535.96,240999.93
Chanthaburi,2025-Q1,2025,1,100.35940594777806,80.11610415927466,76.15456492842537,1958,5,True,Eastern,2,536000,243317,83,25072.15,801807.38
Chiang Mai,2025-Q1,2025,1,71.98803662299046,66.19606697943976,143.81467991316512,117536,11,True,Northern,2,1799000,133306,79,13736.27,439285.93
Chiang Rai,2025-Q1,2025,1,52.021718714305365,44.72349199221734,175.24216963325773,8375,6,True,Northern,3,1298000,90203,112,9294.8,297247.75
Chon Buri,2025-Q1,2025,1,123.80555321440873,86.19047782084303,65.18954413138502,173473,12,True,Eastern,1,1636000,524002,363,53994.82,1726754.27
Chumphon,2025-Q1,2025,1,46.28951881183176,37.244877771196144,232.98309433962262,265,1,True,Southern,2,508000,259853,84,26776.07,856298.79
Kalasin,2025-Q1,2025,1,63.28027050096047,46.830435995564315,155.3977416762342,872,4,True,Northeastern,4,962000,77397,139,7975.23,255047.88
Kamphaeng Phet,2025-Q1,2025,1,67.74992801545922,51.78923542766346,162.37319817073174,656,2,True,Northern,3,701000,141987,82,14630.79,467892.6
Kanchanaburi,2025-Q1,2025,1,80.25280278102345,60.81178628621716,112.34033866995071,812,4,True,Western,3,896000,127365,46,13124.09,419708.43
Khon Kaen,2025-Q1,2025,1,65.30288597284463,58.96287415606614,168.26920147989352,57868,8,True,Northeastern,3,1772000,124489,166,12827.74,410231.09
Krabi,2025-Q1,2025,1,113.38190824614834,98.10754774646828,50.751894984326036,5105,4,True,Southern,2,484000,168552,91,17368.13,555432.78
Lampang,2025-Q1,2025,1,49.52860911741736,42.435302391308944,169.01225277435267,5686,3,True,Northern,3,704000,104754,56,10794.18,345197.95
Lamphun,2025-Q1,2025,1,54.88769992192411,46.3057732339805,183.92153620531624,1092,2,True,Northern,2,397000,226464,89,23335.56,746271.35
Loei,2025-Q1,2025,1,45.09936829632624,38.818629501631065,224.0429674267101,308,2,True,Northeastern,4,632000,105205,60,10840.65,346684.14
Lop Buri,2025-Q1,2025,1,131.89289416920977,70.85374594325432,64.11107179567047,6424,5,True,Central,3,725000,142287,111,14661.7,468881.2
Mae Hong Son,2025-Q1,2025,1,65.87288721034916,63.40065006675422,187.1391736526946,167,1,True,Northern,4,288000,65653,23,6765.09,216347.64
Maha Sarakham,2025-Q1,2025,1,48.984469984619324,43.99146933066887,172.4742338658147,3130,6,True,Northeastern,4,930000,85228,165,8782.16,280853.53
Mukdahan,2025-Q1,2025,1,96.48101471998183,53.463691145686106,113.28371751886,1194,3,True,Northeastern,4,351000,67203,85,6924.81,221455.39
Nakhon Nayok,2025-Q1,2025,1,270.90502339377707,236.44259049359817,47.13185496183206,131,1,True,Eastern,3,260000,115666,121,11918.59,381156.48
Nakhon Pathom,2025-Q1,2025,1,133.7971680753447,97.50255520373504,84.83017397708984,51605,4,True,Bangkok & Vicinity,2,926000,297901,432,30696.66,981679.12
Nakhon Phanom,2025-Q1,2025,1,42.120222496351374,32.494587910890615,209.703444549763,1055,2,True,Northeastern,4,711000,87122,125,8977.33,287094.87
Nakhon Ratchasima,2025-Q1,2025,1,81.32159588084288,74.04872825796315,160.10565924353799,65985,5,True,Northeastern,3,2620000,126119,126,12995.7,415602.46
Nakhon Sawan,2025-Q1,2025,1,57.808577010442164,50.31924277238994,172.6836524516575,5792,3,True,Northern,3,1014000,119856,106,12350.34,394963.87
Nakhon Si Thammarat,2025-Q1,2025,1,124.4900165714906,103.87641929832449,50.40348296593186,998,4,True,Southern,3,1535000,122494,154,12622.17,403656.93
Nan,2025-Q1,2025,1,53.205128660870706,48.042900896781774,158.6634171779141,328,1,True,Northern,4,471000,81233,39,8370.5,267688.73
Narathiwat,2025-Q1,2025,1,88.21211880803331,70.65641266085517,66.12655439330543,478,3,True,Southern,4,824000,61787,183,6366.73,203607.94
Nong Bua Lam Phu,2025-Q1,2025,1,44.67280764407534,34.760005315370464,228.47809677419352,310,3,True,Northeastern,4,504000,63568,123,6550.25,209476.9
Nong Khai,2025-Q1,2025,1,41.67386894226246,32.8292792266607,193.90049446494464,272,1,True,Northeastern,4,512000,97617,156,10058.76,321679.25
Nonthaburi,2025-Q1,2025,1,135.59228452571278,100.14433023815036,49.68242650568711,107305,12,True,Bangkok & Vicinity,1,1318000,193641,2069,19953.38,638109.06
Pathum Thani,2025-Q1,2025,1,157.39070990982566,111.28487506240748,50.43762314707097,26661,5,True,Bangkok & Vicinity,1,1236000,230401,813,23741.25,759245.02
Pattani,2025-Q1,2025,1,91.96416884336601,81.04421552205815,69.36839846743294,1044,2,True,Southern,4,741000,78131,375,8050.86,257466.65
Phangnga,2025-Q1,2025,1,66.0604559828657,63.96421231050058,83.735303125,320,2,True,Southern,2,266000,194282,49,20019.43,640221.36
Phatthalung,2025-Q1,2025,1,103.15705845251969,93.11118290910777,61.70237121212121,132,2,True,Southern,3,519000,81529,135,8401.01,268664.14
Phayao,2025-Q1,2025,1,99.87511705185592,92.20037986157044,91.56864373897704,567,4,True,Northern,3,455000,96550,74,9948.82,318163.15
Phetchabun,2025-Q1,2025,1,42.245246792080046,33.33797306280168,108.70823465473144,1564,4,True,Northern,3,961000,88485,75,9117.77,291586.39
Phetchaburi,2025-Q1,2025,1,72.3169315187565,63.61317829056652,95.00031671554254,682,2,True,Western,3,484100,144370,76,14876.34,475745.35
Phichit,2025-Q1,2025,1,83.4442000024163,77.22389522209969,147.19536800000003,250,4,True,Northern,3,517000,93950,120,9680.9,309595.31
Phitsanulok,2025-Q1,2025,1,69.35805546257292,41.80288642012763,187.76540770752072,36425,2,True,Northern,3,839000,113013,78,11645.22,372414.0
Phra Nakhon Si Ayutthaya,2025-Q1,2025,1,150.81394638126912,112.72889343638472,55.92901005566525,38999,14,True,Central,1,823000,468579,323,48283.86,1544117.75
Phrae,2025-Q1,2025,1,123.48235400147277,66.38326912560822,53.687000000000005,88,1,False,Northern,3,422000,82755,65,8527.34,272704.21
Phuket,2025-Q1,2025,1,113.3720497623019,88.05247661908544,76.64084251716775,78227,5,True,Southern,1,430000,165343,786,17037.46,544858.1
Prachin Buri,2025-Q1,2025,1,109.42018428545416,94.87917856037474,71.52838786154575,2111,8,True,Eastern,1,501000,490499,100,50542.56,1616351.17
Prachuap Khiri Khan,2025-Q1,2025,1,138.67879255164544,110.56574437928563,62.36474607482074,15485,3,True,Western,2,552000,192326,87,19817.88,633775.72
Ranong,2025-Q1,2025,1,75.09344645480024,62.850872188822976,123.64742124542124,274,1,True,Southern,3,193000,105256,59,10845.91,346852.2
Ratchaburi,2025-Q1,2025,1,131.9458403659844,108.92208470366452,54.69765713210387,2658,4,True,Western,2,864000,221383,167,22812.0,729527.83
Rayong,2025-Q1,2025,1,147.41779998191515,102.76737973568773,65.46149744376278,13699,10,True,Eastern,1,782000,955119,213,98418.47,3147422.75
Roi Et,2025-Q1,2025,1,52.583272448679836,43.62508470124061,164.96483457123563,1483,6,True,Northeastern,4,1276000,78688,162,8108.26,259302.14
Sa Kaeo,2025-Q1,2025,1,117.39770041203447,87.70285723406919,109.06988059701493,1073,1,True,Eastern,4,562000,73744,80,7598.81,243010.08
Sakon Nakhon,2025-Q1,2025,1,72.03293531291582,63.46977173024047,132.14735579631633,4619,9,True,Northeastern,4,1138000,72117,118,7431.16,237648.59
Samut Prakan,2025-Q1,2025,1,175.76955945654635,122.9987592415256,44.507998583037825,106591,7,True,Bangkok & Vicinity,1,1381000,283160,1458,29177.7,933102.81
Samut Sakhon,2025-Q1,2025,1,142.28892446340427,109.89887531466026,56.36471418711654,13048,4,True,Bangkok & Vicinity,1,591000,391442,682,40335.42,1289926.65
Samut Songkhram,2025-Q1,2025,1,88.93536707440228,64.46295178327414,63.816104408352665,863,2,True,Western,2,187000,160089,452,16496.08,527544.48
Saraburi,2025-Q1,2025,1,150.71658862099517,101.91235457807382,66.31469213085768,5661,7,True,Central,1,639000,323556,182,33340.23,1066220.56
Satun,2025-Q1,2025,1,86.1437242203092,76.81403092431846,55.343546109510086,694,4,True,Southern,3,325000,113481,108,11693.44,373956.21
Si Sa Ket,2025-Q1,2025,1,79.19110916172973,79.90683660056587,131.98673281841107,6347,6,True,Northeastern,4,1442000,83332,161,8586.79,274605.61
Sing Buri,2025-Q1,2025,1,69.02536539588914,44.566849447858324,69.99826785714286,112,1,True,Central,3,200000,142428,245,14676.23,469345.84
Songkhla,2025-Q1,2025,1,107.26196792936918,78.8370135125591,73.32545639787284,36870,7,True,Southern,2,1431000,145123,185,14953.93,478226.73
Sukhothai,2025-Q1,2025,1,67.64262408499677,52.1515400239821,133.86866035634742,898,6,True,Northern,3,573000,80170,86,8260.97,264185.8
Suphan Buri,2025-Q1,2025,1,89.03213314756597,75.69373148610974,79.36308200036771,5445,8,True,Western,3,822000,107792,152,11107.23,355209.13
Surat Thani,2025-Q1,2025,1,95.53984301422733,72.43434910795818,59.02682263845531,17308,9,True,Southern,2,1077000,154835,81,15954.69,510230.87
Surin,2025-Q1,2025,1,56.10689956743509,45.62424446175696,169.4344020710587,5603,5,True,Northeastern,4,1360000,81675,153,8416.05,269145.26
Tak,2025-Q1,2025,1,37.012218029854516,38.216387618609446,197.68415497553016,614,3,True,Northern,3,699000,114952,40,11845.02,378803.63
Trang,2025-Q1,2025,1,95.64194039715504,92.06274208168217,77.84934344473011,1945,4,True,Southern,3,635000,109656,134,11299.3,361351.61
Ubon Ratchathani,2025-Q1,2025,1,61.77458391574218,56.69537930015515,170.74744632768363,177,1,True,Northeastern,4,1868000,78275,119,8065.7,257941.17
Udon Thani,2025-Q1,2025,1,60.75422534999336,60.94182958125645,175.43185604478234,23949,2,True,Northeastern,4,1552000,90818,140,9358.17,299274.37
Uthai Thani,2025-Q1,2025,1,49.604341426224046,42.13126355466044,183.45613414634144,82,1,False,Northern,3,320000,101640,48,10473.31,334936.33
Uttaradit,2025-Q1,2025,1,48.06996773333222,37.99793633085534,151.88741056910567,985,2,True,Northern,3,436000,103567,55,10671.87,341286.41
Yala,2025-Q1,2025,1,149.64320667927066,85.32931859812165,49.50229635499206,631,1,True,Southern,4,553000,105453,124,10866.21,347501.38
Amnat Charoen,2025-Q2,2025,2,137.18842287486706,55.9100483160242,79.25327272727273,11,1,False,Northeastern,4,372000,77048,113,7939.27,253897.82
Ang Thong,2025-Q2,2025,2,89.00541141206483,85.75146801076326,110.64918571428574,70,2,False,Central,3,269000,142287,283,14661.7,468881.2
Bangkok Metropolis,2025-Q2,2025,2,121.58701689558688,96.39608383152013,59.22584049948442,491751,25,True,Bangkok & Vicinity,1,5456000,593927,3488,61200.11,1957179.52
Bueng Kan,2025-Q2,2025,2,97.35598323639415,93.84343739817325,102.89393124999998,800,3,True,Northeastern,4,419000,80159,105,8259.84,264149.56
Chachoengsao,2025-Q2,2025,2,116.55703435512825,91.44733618836229,90.37885541220895,6356,5,True,Eastern,2,733000,400385,142,41256.93,1319396.7
Chai Nat,2025-Q2,2025,2,53.378105417057164,48.6328457238269,177.22539819819818,1110,4,True,Central,3,314000,135667,131,13979.56,447066.18
Chaiyaphum,2025-Q2,2025,2,47.26386587958293,35.01048004265401,176.66079911209766,901,2,True,Northeastern,4,1106000,73134,88,7535.96,240999.93
Chanthaburi,2025-Q2,2025,2,106.18446514272505,78.24735361038029,82.0600522696011,732,2,True,Eastern,2,536000,243317,83,25072.15,801807.38
Chiang Mai,2025-Q2,2025,2,64.0417263499998,61.6647997512024,152.7203343448656,94643,10,True,Northern,2,1799000,133306,79,13736.27,439285.93
Chiang Rai,2025-Q2,2025,2,39.58924834086787,36.55903211922729,250.56183743937913,5163,7,True,Northern,3,1298000,90203,112,9294.8,297247.75
Chon Buri,2025-Q2,2025,2,117.67060438211288,88.85880847727546,73.18447979837451,102402,10,True,Eastern,1,1636000,524002,363,53994.82,1726754.27
Kalasin,2025-Q2,2025,2,56.2088420518249,50.82585555617643,165.92761774193548,621,3,True,Northeastern,4,962000,77397,139,7975.23,255047.88
Kamphaeng Phet,2025-Q2,2025,2,61.593285378238264,51.746814818213835,160.34039721254356,574,1,True,Northern,3,701000,141987,82,14630.79,467892.6
Kanchanaburi,2025-Q2,2025,2,127.50117127286298,93.609317660657,44.385247041420115,677,3,True,Western,3,896000,127365,46,13124.09,419708.43
Khon Kaen,2025-Q2,2025,2,59.1569866613087,59.11081030614383,164.45761866052493,44316,4,True,Northeastern,3,1772000,124489,166,12827.74,410231.09
Krabi,2025-Q2,2025,2,90.91107535484265,73.74677526224917,107.8587673730902,2031,4,True,Southern,2,484000,168552,91,17368.13,555432.78
Lampang,2025-Q2,2025,2,41.07980346874295,44.2543196878135,195.4751031286211,2590,3,True,Northern,3,704000,104754,56,10794.18,345197.95
Lamphun,2025-Q2,2025,2,59.50706707711937,50.30100086995369,171.87308695652175,989,2,True,Northern,2,397000,226464,89,23335.56,746271.35
Loei,2025-Q2,2025,2,43.940243914369276,45.22663772988535,193.15160481099653,291,2,True,Northeastern,4,632000,105205,60,10840.65,346684.14
Lop Buri,2025-Q2,2025,2,121.65475617362797,75.63675371324491,86.66354026792746,6347,4,True,Central,3,725000,142287,111,14661.7,468881.2
Mae Hong Son,2025-Q2,2025,2,42.677542693375834,48.76086639985205,205.09571264367813,87,2,False,Northern,4,288000,65653,23,6765.09,216347.64
Maha Sarakham,2025-Q2,2025,2,37.40998041427248,49.739342680117296,151.48036844569282,2136,5,True,Northeastern,4,930000,85228,165,8782.16,280853.53
Mukdahan,2025-Q2,2025,2,50.81645634044108,34.60504765385201,171.78526598702504,1080,3,True,Northeastern,4,351000,67203,85,6924.81,221455.39
Nakhon Nayok,2025-Q2,2025,2,191.54581945008715,181.98308721232283,35.296070175438594,57,2,False,Eastern,3,260000,115666,121,11918.59,381156.48
Nakhon Pathom,2025-Q2,2025,2,113.07123333179999,86.34784726294917,97.45273609789258,22079,6,True,Bangkok & Vicinity,2,926000,297901,432,30696.66,981679.12
Nakhon Phanom,2025-Q2,2025,2,43.5381921760958,40.698777414146356,193.95614265635982,1424,3,True,Northeastern,4,711000,87122,125,8977.33,287094.87
Nakhon Ratchasima,2025-Q2,2025,2,60.328089513813545,59.762803761034824,174.1421029950286,56559,9,True,Northeastern,3,2620000,126119,126,12995.7,415602.46
Nakhon Sawan,2025-Q2,2025,2,43.63287027465004,40.61175432261045,201.97068160621762,3861,5,True,Northern,3,1014000,119856,106,12350.34,394963.87
Nakhon Si Thammarat,2025-Q2,2025,2,120.12569985023673,119.23519025716836,48.055911764705876,340,3,True,Southern,3,1535000,122494,154,12622.17,403656.93
Nan,2025-Q2,2025,2,38.439749653638266,30.060581453663794,225.65120716112537,392,1,True,Northern,4,471000,81233,39,8370.5,267688.73
Narathiwat,2025-Q2,2025,2,89.16320797536304,73.50467157309308,47.88658536585365,41,1,False,Southern,4,824000,61787,183,6366.73,203607.94
Nong Bua Lam Phu,2025-Q2,2025,2,38.17087681731713,28.110173944288213,198.5037777777778,396,1,True,Northeastern,4,504000,63568,123,6550.25,209476.9
Nong Khai,2025-Q2,2025,2,49.84851187708677,54.59634625379021,187.24971785451874,1362,4,True,Northeastern,4,512000,97617,156,10058.76,321679.25
Nonthaburi,2025-Q2,2025,2,134.57035318060832,107.55777257739491,51.568945533399976,59045,11,True,Bangkok & Vicinity,1,1318000,193641,2069,19953.38,638109.06
Pathum Thani,2025-Q2,2025,2,163.87755398117932,119.75187201606052,49.661882909951764,21973,4,True,Bangkok & Vicinity,1,1236000,230401,813,23741.25,759245.02
Pattani,2025-Q2,2025,2,93.50687732638019,72.73217804552871,58.592864498644985,738,1,True,Southern,4,741000,78131,375,8050.86,257466.65
Phangnga,2025-Q2,2025,2,99.33473847174649,96.94284316802953,52.075972789115646,148,2,True,Southern,2,266000,194282,49,20019.43,640221.36
Phatthalung,2025-Q2,2025,2,121.80849387549405,91.13798391259428,52.827017123287675,292,3,True,Southern,3,519000,81529,135,8401.01,268664.14
Phayao,2025-Q2,2025,2,41.9649166858675,35.0137225238571,262.7733106457242,2295,3,True,Northern,3,455000,96550,74,9948.82,318163.15
Phetchabun,2025-Q2,2025,2,46.085556303881006,46.151061991418786,179.4674022191401,1444,2,True,Northern,3,961000,88485,75,9117.77,291586.39
Phetchaburi,2025-Q2,2025,2,72.27893684091079,60.61633673983768,77.34852277327936,1978,2,True,Western,3,484100,144370,76,14876.34,475745.35
Phichit,2025-Q2,2025,2,43.34485546145969,42.92875081427096,190.35025416364954,2762,2,True,Northern,3,517000,93950,120,9680.9,309595.31
Phitsanulok,2025-Q2,2025,2,79.02864356564052,67.96181650913901,169.12852755532754,25365,1,True,Northern,3,839000,113013,78,11645.22,372414.0
Phra Nakhon Si Ayutthaya,2025-Q2,2025,2,131.56316973076665,92.9541381812124,67.69369219647213,24211,9,True,Central,1,823000,468579,323,48283.86,1544117.75
Phrae,2025-Q2,2025,2,64.6884440993374,48.36573767862467,160.07292307692308,494,2,True,Northern,3,422000,82755,65,8527.34,272704.21
Phuket,2025-Q2,2025,2,107.33681675093031,86.18271130791291,87.88147092092079,39979,6,True,Southern,1,430000,165343,786,17037.46,544858.1
Prachin Buri,2025-Q2,2025,2,99.11024578371078,74.32536858556759,70.48456718528995,707,5,True,Eastern,1,501000,490499,100,50542.56,1616351.17
Prachuap Khiri Khan,2025-Q2,2025,2,117.81332823164,91.82311371243557,72.57396407841418,9135,4,True,Western,2,552000,192326,87,19817.88,633775.72
Ratchaburi,2025-Q2,2025,2,113.93246912134002,82.36687209735148,68.43360821716801,1365,6,True,Western,2,864000,221383,167,22812.0,729527.83
Rayong,2025-Q2,2025,2,115.34544199546036,83.35400320698743,84.1842518865767,8750,10,True,Eastern,1,782000,955119,213,98418.47,3147422.75
Roi Et,2025-Q2,2025,2,87.7474253540133,77.14076933368405,92.89669662921347,803,2,True,Northeastern,4,1276000,78688,162,8108.26,259302.14
Sa Kaeo,2025-Q2,2025,2,51.1793732135168,45.07302183134825,154.23700268817205,372,1,True,Eastern,4,562000,73744,80,7598.81,243010.08
Sakon Nakhon,2025-Q2,2025,2,43.55582612360918,37.70309667163238,184.2299242902208,951,6,True,Northeastern,4,1138000,72117,118,7431.16,237648.59
Samut Prakan,2025-Q2,2025,2,165.68345119894093,123.18679015630553,43.95920166200741,52237,4,True,Bangkok & Vicinity,1,1381000,283160,1458,29177.7,933102.81
Samut Sakhon,2025-Q2,2025,2,135.860760318672,107.37206144730187,87.22170679854486,17595,5,True,Bangkok & Vicinity,1,591000,391442,682,40335.42,1289926.65
Samut Songkhram,2025-Q2,2025,2,89.71857348549598,71.16216015276333,55.713697406340046,347,1,True,Western,2,187000,160089,452,16496.08,527544.48
Saraburi,2025-Q2,2025,2,108.13041937074772,93.8439325538276,70.2503557919622,1694,5,True,Central,1,639000,323556,182,33340.23,1066220.56
Satun,2025-Q2,2025,2,79.3998218133232,73.99066603242913,52.94863184931508,584,2,True,Southern,3,325000,113481,108,11693.44,373956.21
Si Sa Ket,2025-Q2,2025,2,87.94084878585362,85.05366326470394,126.56208350071739,3486,4,True,Northeastern,4,1442000,83332,161,8586.79,274605.61
Sing Buri,2025-Q2,2025,2,113.582553129974,96.67674693986353,71.30277248677248,189,2,True,Central,3,200000,142428,245,14676.23,469345.84
Songkhla,2025-Q2,2025,2,101.13311398950704,79.04306567338928,84.5016760777986,22319,5,True,Southern,2,1431000,145123,185,14953.93,478226.73
Sukhothai,2025-Q2,2025,2,80.15817023636882,72.70962221578705,98.50461523046091,500,3,True,Northern,3,573000,80170,86,8260.97,264185.8
Suphan Buri,2025-Q2,2025,2,97.80150083291443,80.01015442287334,99.01706976342595,5795,5,True,Western,3,822000,107792,152,11107.23,355209.13
Surat Thani,2025-Q2,2025,2,91.87774493471325,72.76334678065714,86.14526824817519,13156,10,True,Southern,2,1077000,154835,81,15954.69,510230.87
Surin,2025-Q2,2025,2,45.381650278278855,50.50254137766619,182.7806381065323,10122,3,True,Northeastern,4,1360000,81675,153,8416.05,269145.26
Tak,2025-Q2,2025,2,50.23939880500627,39.186196845874,172.1225732265446,874,3,True,Northern,3,699000,114952,40,11845.02,378803.63
Trang,2025-Q2,2025,2,59.06662511671119,53.70376790024637,155.4860750798722,627,3,True,Southern,3,635000,109656,134,11299.3,361351.61
Ubon Ratchathani,2025-Q2,2025,2,60.60117142449749,56.9517702221882,249.74297839721262,1436,3,True,Northeastern,4,1868000,78275,119,8065.7,257941.17
Udon Thani,2025-Q2,2025,2,62.24586434909037,61.30613354231417,174.91275499847367,26215,2,True,Northeastern,4,1552000,90818,140,9358.17,299274.37
Uttaradit,2025-Q2,2025,2,53.623893582518185,51.39786032896946,184.54207244655584,842,3,True,Northern,3,436000,103567,55,10671.87,341286.41
Yala,2025-Q2,2025,2,100.24597659381297,73.01242918570986,55.465543408360126,311,1,True,Southern,4,553000,105453,124,10866.21,347501.38
Yasothon,2025-Q2,2025,2,48.982410543190035,36.057082515893754,189.66731690140844,284,1,True,Northeastern,4,525000,70327,127,7246.72,231749.97
Amnat Charoen,2025-Q3,2025,3,51.44145960703632,43.1297706554078,197.58876164383562,736,2,True,Northeastern,4,372000,77048,113,7939.27,253897.82
Bangkok Metropolis,2025-Q3,2025,3,121.53789360991843,97.41655439919441,70.44335042078906,519972,30,True,Bangkok & Vicinity,1,5456000,593927,3488,61200.11,1957179.52
Buri Ram,2025-Q3,2025,3,111.70313208968587,86.68438391074666,131.27672527472527,91,2,False,Northeastern,4,1566000,80684,155,8313.93,265879.6
Chachoengsao,2025-Q3,2025,3,112.50777396079857,91.98262448186671,81.38607933828496,5927,5,True,Eastern,2,733000,400385,142,41256.93,1319396.7
Chai Nat,2025-Q3,2025,3,61.94993811920189,49.72533683102846,152.55035,520,3,True,Central,3,314000,135667,131,13979.56,447066.18
Chaiyaphum,2025-Q3,2025,3,35.69194155543407,78.09634765962116,79.17331109185443,1154,2,True,Northeastern,4,1106000,73134,88,7535.96,240999.93
Chanthaburi,2025-Q3,2025,3,96.33650915666131,80.87746885256855,88.56593990584327,3611,6,True,Eastern,2,536000,243317,83,25072.15,801807.38
Chiang Mai,2025-Q3,2025,3,65.87208559833253,65.0969529659664,152.2395987470009,95518,12,True,Northern,2,1799000,133306,79,13736.27,439285.93
Chiang Rai,2025-Q3,2025,3,34.82543871246615,36.400649587272795,260.3548617511521,8474,6,True,Northern,3,1298000,90203,112,9294.8,297247.75
Chon Buri,2025-Q3,2025,3,108.5510258511551,86.8575438540056,85.05883633975706,111978,8,True,Eastern,1,1636000,524002,363,53994.82,1726754.27
Chumphon,2025-Q3,2025,3,98.28322634442644,105.92877394064453,57.25858181818182,495,3,True,Southern,2,508000,259853,84,26776.07,856298.79
Kalasin,2025-Q3,2025,3,24.669690695903792,72.96849201978918,70.93008256880734,109,4,True,Northeastern,4,962000,77397,139,7975.23,255047.88
Kamphaeng Phet,2025-Q3,2025,3,69.49235468559661,47.45135666695224,154.0147042253521,355,1,True,Northern,3,701000,141987,82,14630.79,467892.6
Kanchanaburi,2025-Q3,2025,3,106.42162234376183,82.62381313110895,93.35123138832999,497,4,True,Western,3,896000,127365,46,13124.09,419708.43
Khon Kaen,2025-Q3,2025,3,54.5097408046203,57.2344806714582,170.04247479951903,49921,6,True,Northeastern,3,1772000,124489,166,12827.74,410231.09
Krabi,2025-Q3,2025,3,107.76663071981544,84.84049690870481,73.42082464065707,2439,5,True,Southern,2,484000,168552,91,17368.13,555432.78
Lampang,2025-Q3,2025,3,40.9293710373762,41.57440302733566,192.38957652120465,4890,6,True,Northern,3,704000,104754,56,10794.18,345197.95
Lamphun,2025-Q3,2025,3,47.829022610374544,39.926936055929126,133.278626474443,1526,1,True,Northern,2,397000,226464,89,23335.56,746271.35
Loei,2025-Q3,2025,3,45.25370478096033,40.57621692570274,195.63462763713085,948,3,True,Northeastern,4,632000,105205,60,10840.65,346684.14
Lop Buri,2025-Q3,2025,3,127.04561072608648,78.68534497037724,76.86960153466701,3650,3,True,Central,3,725000,142287,111,14661.7,468881.2
Mae Hong Son,2025-Q3,2025,3,43.3314265853216,23.745939294544353,202.55829999999997,20,1,False,Northern,4,288000,65653,23,6765.09,216347.64
Maha Sarakham,2025-Q3,2025,3,40.56422713104922,41.978327962863716,170.94064438398755,5147,5,True,Northeastern,4,930000,85228,165,8782.16,280853.53
Mukdahan,2025-Q3,2025,3,40.287516145112555,35.1048443591526,199.72060286458336,769,3,True,Northeastern,4,351000,67203,85,6924.81,221455.39
Nakhon Nayok,2025-Q3,2025,3,100.52041459410931,85.20231129993265,101.51832338308459,603,1,True,Eastern,3,260000,115666,121,11918.59,381156.48
Nakhon Pathom,2025-Q3,2025,3,109.888947926037,83.14096546819286,96.06271964584025,29942,6,True,Bangkok & Vicinity,2,926000,297901,432,30696.66,981679.12
Nakhon Phanom,2025-Q3,2025,3,50.27283379611722,44.89613312098625,183.17146339563863,1285,4,True,Northeastern,4,711000,87122,125,8977.33,287094.87
Nakhon Ratchasima,2025-Q3,2025,3,52.941090111364325,60.64349063942353,172.71975345183978,60499,8,True,Northeastern,3,2620000,126119,126,12995.7,415602.46
Nakhon Sawan,2025-Q3,2025,3,75.2696010880508,68.5012105262007,147.04717820811373,8164,5,True,Northern,3,1014000,119856,106,12350.34,394963.87
Nakhon Si Thammarat,2025-Q3,2025,3,109.29033158349266,107.27646489188315,42.30423846153846,130,2,True,Southern,3,1535000,122494,154,12622.17,403656.93
Nan,2025-Q3,2025,3,70.14236788562226,73.13233287011556,137.53748704663212,965,1,True,Northern,4,471000,81233,39,8370.5,267688.73
Narathiwat,2025-Q3,2025,3,111.7037149408031,85.72511826006969,57.317632575757585,793,2,True,Southern,4,824000,61787,183,6366.73,203607.94
Nong Bua Lam Phu,2025-Q3,2025,3,37.36042330406225,28.87581008924498,211.02359591836733,490,3,True,Northeastern,4,504000,63568,123,6550.25,209476.9
Nong Khai,2025-Q3,2025,3,52.690019096785456,50.975929890697536,169.61893227990973,444,2,True,Northeastern,4,512000,97617,156,10058.76,321679.25
Nonthaburi,2025-Q3,2025,3,115.19107996128064,90.72556459448127,69.39866873787017,63918,10,True,Bangkok & Vicinity,1,1318000,193641,2069,19953.38,638109.06
Pathum Thani,2025-Q3,2025,3,121.59698443731183,97.35510335916094,95.84150368058143,21474,4,True,Bangkok & Vicinity,1,1236000,230401,813,23741.25,759245.02
Pattani,2025-Q3,2025,3,91.24174977663303,79.7662698554497,57.70884894259818,331,2,True,Southern,4,741000,78131,375,8050.86,257466.65
Phangnga,2025-Q3,2025,3,103.94971062801851,91.79907295639657,89.5248,10,1,False,Southern,2,266000,194282,49,20019.43,640221.36
Phatthalung,2025-Q3,2025,3,94.72980670886066,81.95443000481247,56.65931818181818,286,1,True,Southern,3,519000,81529,135,8401.01,268664.14
Phayao,2025-Q3,2025,3,72.87447921852143,49.363432411893456,69.34989655172414,581,1,True,Northern,3,455000,96550,74,9948.82,318163.15
Phetchabun,2025-Q3,2025,3,43.61322668661531,43.88528403213751,198.5924362745098,816,3,True,Northern,3,961000,88485,75,9117.77,291586.39
Phetchaburi,2025-Q3,2025,3,70.46635715866974,57.70782960558836,73.95662642465173,2369,2,True,Western,3,484100,144370,76,14876.34,475745.35
Phichit,2025-Q3,2025,3,45.93518983939196,43.164103468719084,191.41351034752049,2563,2,True,Northern,3,517000,93950,120,9680.9,309595.31
Phitsanulok,2025-Q3,2025,3,65.62831144404146,62.68025484052359,187.43265507536728,20979,1,True,Northern,3,839000,113013,78,11645.22,372414.0
Phra Nakhon Si Ayutthaya,2025-Q3,2025,3,120.21767895624917,87.33015889383259,87.12439899592759,28494,13,True,Central,1,823000,468579,323,48283.86,1544117.75
Phrae,2025-Q3,2025,3,78.365581829973,76.84316019595806,168.75345548654244,483,1,True,Northern,3,422000,82755,65,8527.34,272704.21
Phuket,2025-Q3,2025,3,102.3700615737302,83.66761801284167,100.36574939816525,46133,7,True,Southern,1,430000,165343,786,17037.46,544858.1
Prachin Buri,2025-Q3,2025,3,81.49759915174332,73.58681661786693,78.40198451612905,775,6,True,Eastern,1,501000,490499,100,50542.56,1616351.17
Prachuap Khiri Khan,2025-Q3,2025,3,118.9364195063145,95.4430816708828,68.00382874475036,8576,5,True,Western,2,552000,192326,87,19817.88,633775.72
Ratchaburi,2025-Q3,2025,3,110.78884061005276,82.01858022371346,84.66259337157427,1569,4,True,Western,2,864000,221383,167,22812.0,729527.83
Rayong,2025-Q3,2025,3,120.98359051454464,91.37483247025911,64.8718786593819,12274,9,True,Eastern,1,782000,955119,213,98418.47,3147422.75
Sa Kaeo,2025-Q3,2025,3,186.6867794783915,119.5494856768502,40.82519905213271,211,2,True,Eastern,4,562000,73744,80,7598.81,243010.08
Sakon Nakhon,2025-Q3,2025,3,46.72762558941919,38.78100411961905,185.37601443695866,1039,1,True,Northeastern,4,1138000,72117,118,7431.16,237648.59
Samut Prakan,2025-Q3,2025,3,143.06745236180146,111.9528854202242,75.30456090342678,64230,7,True,Bangkok & Vicinity,1,1381000,283160,1458,29177.7,933102.81
Samut Sakhon,2025-Q3,2025,3,119.54945684193434,96.14621397306946,107.91260063061137,18715,4,True,Bangkok & Vicinity,1,591000,391442,682,40335.42,1289926.65
Samut Songkhram,2025-Q3,2025,3,143.20742695808028,101.95936607189375,55.1344650455927,330,1,True,Western,2,187000,160089,452,16496.08,527544.48
Saraburi,2025-Q3,2025,3,64.63515204362346,53.79438236684809,89.32162455197134,3350,5,True,Central,1,639000,323556,182,33340.23,1066220.56
Satun,2025-Q3,2025,3,89.0423456790677,64.16244323645158,56.6312224576271,473,2,True,Southern,3,325000,113481,108,11693.44,373956.21
Si Sa Ket,2025-Q3,2025,3,60.98484333488221,62.54973878628605,185.52192829827908,7325,7,True,Northeastern,4,1442000,83332,161,8586.79,274605.61
Sing Buri,2025-Q3,2025,3,103.63872554982603,87.60612324361827,89.02650471698112,424,2,True,Central,3,200000,142428,245,14676.23,469345.84
Songkhla,2025-Q3,2025,3,94.62521326721397,70.11493906952337,102.27093491722482,23748,5,True,Southern,2,1431000,145123,185,14953.93,478226.73
Sukhothai,2025-Q3,2025,3,63.22810955232753,49.94192674831637,171.28580281690137,284,2,True,Northern,3,573000,80170,86,8260.97,264185.8
Suphan Buri,2025-Q3,2025,3,102.19686287525286,75.25689328231937,94.2933470749434,8396,7,True,Western,3,822000,107792,152,11107.23,355209.13
Surat Thani,2025-Q3,2025,3,102.34409629851606,81.75291876751979,74.32633247220915,12774,9,True,Southern,2,1077000,154835,81,15954.69,510230.87
Surin,2025-Q3,2025,3,56.370511713285886,48.50694207909949,184.1350203964925,5250,4,True,Northeastern,4,1360000,81675,153,8416.05,269145.26
Tak,2025-Q3,2025,3,46.29280154279955,33.27987921025178,192.77277799607072,511,3,True,Northern,3,699000,114952,40,11845.02,378803.63
Trang,2025-Q3,2025,3,73.1801469856146,45.876302254586165,39.844625,48,2,False,Southern,3,635000,109656,134,11299.3,361351.61
Ubon Ratchathani,2025-Q3,2025,3,51.29221917371445,52.24812883674661,256.8432026544155,1959,5,True,Northeastern,4,1868000,78275,119,8065.7,257941.17
Udon Thani,2025-Q3,2025,3,53.01051733166824,55.78332795784562,174.31317007903428,32166,3,True,Northeastern,4,1552000,90818,140,9358.17,299274.37
Uthai Thani,2025-Q3,2025,3,44.15941759159894,41.859915082202605,200.63358108108113,370,1,True,Northern,3,320000,101640,48,10473.31,334936.33
Uttaradit,2025-Q3,2025,3,45.86522550593226,37.533663812987996,175.93134497816595,916,3,True,Northern,3,436000,103567,55,10671.87,341286.41
Yala,2025-Q3,2025,3,63.43855717028073,54.9530027510358,113.85922474747474,396,1,True,Southern,4,553000,105453,124,10866.21,347501.38
Yasothon,2025-Q3,2025,3,32.974412915046535,26.548431432001273,198.30174264705883,136,1,True,Northeastern,4,525000,70327,127,7246.72,231749.97
Amnat Charoen,2025-Q4,2025,4,85.01467675831051,68.57756220619439,97.39226356589148,129,2,True,Northeastern,4,372000,77048,113,7939.27,253897.82
Bangkok Metropolis,2025-Q4,2025,4,119.87284002293728,91.25924951267173,76.09667859834724,218972,31,True,Bangkok & Vicinity,1,5456000,593927,3488,61200.11,1957179.52
Bueng Kan,2025-Q4,2025,4,40.78556282148486,31.178853521705992,223.0146538461539,26,1,False,Northeastern,4,419000,80159,105,8259.84,264149.56
Buri Ram,2025-Q4,2025,4,123.53236501161292,120.70662416480252,86.0888530612245,1470,3,True,Northeastern,4,1566000,80684,155,8313.93,265879.6
Chachoengsao,2025-Q4,2025,4,103.75612273095174,81.88154883951421,100.40861900173445,5193,4,True,Eastern,2,733000,400385,142,41256.93,1319396.7
Chai Nat,2025-Q4,2025,4,57.104142223681556,50.91162975233718,172.6561091340451,843,3,True,Central,3,314000,135667,131,13979.56,447066.18
Chaiyaphum,2025-Q4,2025,4,13.991827667189774,50.16486392848336,122.81780575539565,278,2,True,Northeastern,4,1106000,73134,88,7535.96,240999.93
Chanthaburi,2025-Q4,2025,4,115.46360302917044,94.5795570135426,72.37009902067464,920,5,True,Eastern,2,536000,243317,83,25072.15,801807.38
Chiang Mai,2025-Q4,2025,4,84.77383586364417,84.7604450415973,109.44955772727272,46222,10,True,Northern,2,1799000,133306,79,13736.27,439285.93
Chiang Rai,2025-Q4,2025,4,64.866334244394,67.79556253387169,106.08163821892396,2698,7,True,Northern,3,1298000,90203,112,9294.8,297247.75
Chon Buri,2025-Q4,2025,4,118.14027874852357,83.91942051009444,89.67889277476121,69824,8,True,Eastern,1,1636000,524002,363,53994.82,1726754.27
Chumphon,2025-Q4,2025,4,80.99608338019543,80.52172877609603,42.17748255813954,172,2,True,Southern,2,508000,259853,84,26776.07,856298.79
Kalasin,2025-Q4,2025,4,111.44665111081653,117.49357398119395,75.86549230769232,65,4,False,Northeastern,4,962000,77397,139,7975.23,255047.88
Kamphaeng Phet,2025-Q4,2025,4,43.681052755019955,37.444225071775044,198.9990111524164,807,2,True,Northern,3,701000,141987,82,14630.79,467892.6
Kanchanaburi,2025-Q4,2025,4,95.05602440926867,68.98332604508398,94.34340974212034,349,4,True,Western,3,896000,127365,46,13124.09,419708.43
Khon Kaen,2025-Q4,2025,4,74.54173270168916,73.02177439386858,124.7649776535164,48682,5,True,Northeastern,3,1772000,124489,166,12827.74,410231.09
Krabi,2025-Q4,2025,4,94.98533832547301,73.76833376954323,72.9119791363416,2064,5,True,Southern,2,484000,168552,91,17368.13,555432.78
Lampang,2025-Q4,2025,4,74.6275891977292,69.49844799599799,129.16000400572247,3498,5,True,Northern,3,704000,104754,56,10794.18,345197.95
Lamphun,2025-Q4,2025,4,55.54143280741842,44.73547220043943,68.18164080682698,1289,1,True,Northern,2,397000,226464,89,23335.56,746271.35
Loei,2025-Q4,2025,4,93.61584249583584,81.58410069715514,108.99185532746823,1023,3,True,Northeastern,4,632000,105205,60,10840.65,346684.14
Lop Buri,2025-Q4,2025,4,141.94746072299364,93.2481857403523,70.44802910958904,584,2,True,Central,3,725000,142287,111,14661.7,468881.2
Mae Hong Son,2025-Q4,2025,4,47.301156973254244,40.97580395615968,149.954875,56,1,False,Northern,4,288000,65653,23,6765.09,216347.64
Maha Sarakham,2025-Q4,2025,4,52.07452859288503,47.23552939413382,188.95674035747885,2126,5,True,Northeastern,4,930000,85228,165,8782.16,280853.53
Mukdahan,2025-Q4,2025,4,41.45365962043264,37.985042116376405,197.76021664464992,758,2,True,Northeastern,4,351000,67203,85,6924.81,221455.39
Nakhon Nayok,2025-Q4,2025,4,126.42996067522313,121.39063232978548,83.6840306122449,196,1,True,Eastern,3,260000,115666,121,11918.59,381156.48
Nakhon Pathom,2025-Q4,2025,4,126.29117215495262,84.64966709094428,98.48540320178707,13435,7,True,Bangkok & Vicinity,2,926000,297901,432,30696.66,981679.12
Nakhon Phanom,2025-Q4,2025,4,107.23650066368644,98.35357991680097,85.63818001586043,1261,3,True,Northeastern,4,711000,87122,125,8977.33,287094.87
Nakhon Ratchasima,2025-Q4,2025,4,83.14253763976357,82.38791167618969,115.97569722461719,42938,8,True,Northeastern,3,2620000,126119,126,12995.7,415602.46
Nakhon Sawan,2025-Q4,2025,4,71.33152916073237,71.90325270526648,130.338714568662,4548,2,True,Northern,3,1014000,119856,106,12350.34,394963.87
Nakhon Si Thammarat,2025-Q4,2025,4,82.42550326162942,72.97294300925915,140.6801503131524,479,3,True,Southern,3,1535000,122494,154,12622.17,403656.93
Nan,2025-Q4,2025,4,85.28503359940883,76.08263950584215,154.77149822064055,281,2,True,Northern,4,471000,81233,39,8370.5,267688.73
Narathiwat,2025-Q4,2025,4,118.87436285786852,104.80302523034173,56.71301912568305,735,3,True,Southern,4,824000,61787,183,6366.73,203607.94
Nong Bua Lam Phu,2025-Q4,2025,4,36.31529227848992,37.33765054431132,203.8625888888889,90,2,False,Northeastern,4,504000,63568,123,6550.25,209476.9
Nong Khai,2025-Q4,2025,4,58.80049123793016,53.00469223967272,140.0651876430206,437,3,True,Northeastern,4,512000,97617,156,10058.76,321679.25
Nonthaburi,2025-Q4,2025,4,121.47469308085384,93.87622636970397,76.45548318302383,28290,9,True,Bangkok & Vicinity,1,1318000,193641,2069,19953.38,638109.06
Pathum Thani,2025-Q4,2025,4,136.1168127117141,95.00808027157922,88.31251310374705,9236,4,True,Bangkok & Vicinity,1,1236000,230401,813,23741.25,759245.02
Pattani,2025-Q4,2025,4,98.83348096106853,81.14499814771975,90.99608666666667,750,1,True,Southern,4,741000,78131,375,8050.86,257466.65
Phangnga,2025-Q4,2025,4,115.78394352798666,118.13728215255931,46.00278645833333,192,3,True,Southern,2,266000,194282,49,20019.43,640221.36
Phatthalung,2025-Q4,2025,4,58.44044023544167,65.17586004184379,46.00855000000001,20,1,False,Southern,3,519000,81529,135,8401.01,268664.14
Phayao,2025-Q4,2025,4,68.60842045710218,54.14268360880454,100.52748453608247,291,2,True,Northern,3,455000,96550,74,9948.82,318163.15
Phetchabun,2025-Q4,2025,4,52.992985844384464,43.80776456248046,154.41383202099738,381,3,True,Northern,3,961000,88485,75,9117.77,291586.39
Phetchaburi,2025-Q4,2025,4,70.05358714207291,60.26243891448361,65.39143014705884,1633,3,True,Western,3,484100,144370,76,14876.34,475745.35
Phichit,2025-Q4,2025,4,59.54879506557334,61.81812544222385,84.69047752808989,178,3,True,Northern,3,517000,93950,120,9680.9,309595.31
Phitsanulok,2025-Q4,2025,4,96.64533468851769,89.296569186654,101.52808827361567,9212,2,True,Northern,3,839000,113013,78,11645.22,372414.0
Phra Nakhon Si Ayutthaya,2025-Q4,2025,4,117.79217862367342,78.49959920604057,90.66283246073299,11466,16,True,Central,1,823000,468579,323,48283.86,1544117.75
Phrae,2025-Q4,2025,4,83.20189933760581,62.28742219782234,108.9874358974359,117,1,True,Northern,3,422000,82755,65,8527.34,272704.21
Phuket,2025-Q4,2025,4,116.23472079213991,85.65868724850195,82.7823546066436,36712,6,True,Southern,1,430000,165343,786,17037.46,544858.1
Prachin Buri,2025-Q4,2025,4,78.13047378606879,64.66268488101854,130.7844948335247,1743,5,True,Eastern,1,501000,490499,100,50542.56,1616351.17
Prachuap Khiri Khan,2025-Q4,2025,4,148.95978038747845,117.78431446304813,61.74301097147415,5014,5,True,Western,2,552000,192326,87,19817.88,633775.72
Ratchaburi,2025-Q4,2025,4,97.2886298407302,73.46201088747154,113.0610956937799,1045,5,True,Western,2,864000,221383,167,22812.0,729527.83
Rayong,2025-Q4,2025,4,122.06643109008648,89.93125878980672,82.19209263157893,9026,7,True,Eastern,1,782000,955119,213,98418.47,3147422.75
Roi Et,2025-Q4,2025,4,75.99481160403896,58.95053566518334,123.3736794425087,288,3,True,Northeastern,4,1276000,78688,162,8108.26,259302.14
Sakon Nakhon,2025-Q4,2025,4,46.488390130529964,41.2119815215651,204.88969166666672,2520,1,True,Northeastern,4,1138000,72117,118,7431.16,237648.59
Samut Prakan,2025-Q4,2025,4,155.83658321240898,107.8288172832876,73.7598843167702,25767,7,True,Bangkok & Vicinity,1,1381000,283160,1458,29177.7,933102.81
Samut Sakhon,2025-Q4,2025,4,122.65933374576305,87.00905376289285,108.192274864087,6258,5,True,Bangkok & Vicinity,1,591000,391442,682,40335.42,1289926.65
Samut Songkhram,2025-Q4,2025,4,176.17559449404826,122.42502684679077,37.238817567567565,148,3,True,Western,2,187000,160089,452,16496.08,527544.48
Saraburi,2025-Q4,2025,4,78.14624996190567,58.55192952979459,138.98748236226712,2523,5,True,Central,1,639000,323556,182,33340.23,1066220.56
Satun,2025-Q4,2025,4,116.19500726995989,92.38820632810217,56.36152325581396,172,2,True,Southern,3,325000,113481,108,11693.44,373956.21
Si Sa Ket,2025-Q4,2025,4,73.50975549602273,67.36379143069065,139.39266498045527,8705,5,True,Northeastern,4,1442000,83332,161,8586.79,274605.61
Sing Buri,2025-Q4,2025,4,59.25514064417913,47.47262208598093,75.96304288499026,1029,3,True,Central,3,200000,142428,245,14676.23,469345.84
Songkhla,2025-Q4,2025,4,96.80466089293277,67.45847089771073,112.21568707978489,17857,6,True,Southern,2,1431000,145123,185,14953.93,478226.73
Sukhothai,2025-Q4,2025,4,71.37138719355482,68.34602661775249,77.20125345622121,217,3,True,Northern,3,573000,80170,86,8260.97,264185.8
Suphan Buri,2025-Q4,2025,4,113.34008538983821,91.25964562408599,82.37552972972973,1853,5,True,Western,3,822000,107792,152,11107.23,355209.13
Surat Thani,2025-Q4,2025,4,103.10802619344209,79.15939017212752,71.69669278856887,8960,8,True,Southern,2,1077000,154835,81,15954.69,510230.87
Surin,2025-Q4,2025,4,62.13878358803556,59.35390095397181,155.93186703255574,8023,4,True,Northeastern,4,1360000,81675,153,8416.05,269145.26
Tak,2025-Q4,2025,4,66.01762105206683,56.925848224338544,126.03975799835928,1219,4,True,Northern,3,699000,114952,40,11845.02,378803.63
Trang,2025-Q4,2025,4,98.07555436878765,70.70367178405621,96.95797427652734,311,2,True,Southern,3,635000,109656,134,11299.3,361351.61
Trat,2025-Q4,2025,4,79.57952355278213,102.44939113724973,66.62725352112678,71,1,False,Eastern,2,227000,160025,77,16489.48,527333.58
Ubon Ratchathani,2025-Q4,2025,4,61.810893624714204,68.1284822574943,131.4442861212861,2460,4,True,Northeastern,4,1868000,78275,119,8065.7,257941.17
Udon Thani,2025-Q4,2025,4,71.31458332422933,75.39537843105889,118.8425788588945,20238,4,True,Northeastern,4,1552000,90818,140,9358.17,299274.37
Uthai Thani,2025-Q4,2025,4,52.064795655916306,54.284886808397935,178.30157204301076,465,2,True,Northern,3,320000,101640,48,10473.31,334936.33
Uttaradit,2025-Q4,2025,4,65.27863138525761,50.59804780296226,130.72462836185818,409,2,True,Northern,3,436000,103567,55,10671.87,341286.41
Yala,2025-Q4,2025,4,84.75703860702545,85.71848263571023,57.7021875,625,1,True,Southern,4,553000,105453,124,10866.21,347501.38
