asn,operator,as_name,network_type,quarter,year,quarter_num,avg_d_mbps,avg_u_mbps,med_d_mbps,med_u_mbps,avg_lat_ms,med_lat_ms,total_tests,n_ips_approx,market_share_pct,is_reliable
9299,PLDT,Philippine Long Distance Telephone Company,broadband,2023-Q1,2023,1,47.35098443335594,33.29487290419199,20.475078386632244,12.360937949212362,101.26209097724045,77.41,4122818,1223362,51.39642894363771,True
17639,Converge,Converge ICT Solutions Inc.,broadband,2023-Q1,2023,1,77.8604620602871,58.43539694578531,41.9615818303923,31.127434557143207,31.433998783169304,7.268,1521095,34261,18.96247932458396,True
132199,Globe,Globe Telecom Inc.,broadband,2023-Q1,2023,1,74.80097905235799,53.52153021790544,43.70829170509498,32.6475557259792,52.657929006818826,32.0,691655,103965,8.622402701504587,True
23944,Sky Cable,SKYBroadband SKYCable Corporation,broadband,2023-Q1,2023,1,48.17074453588789,5.089175209894251,29.126978520613235,3.5390321635815805,57.68764604602479,41.274,329684,65120,4.109951077116247,True
4775,Globe,Globe Telecoms,broadband,2023-Q1,2023,1,54.89659932552258,38.04367668286806,25.102672856258,13.664249701815082,53.54603864922533,30.166,215723,33652,2.6892751125585357,True
139831,DITO,DITO TELECOMMUNITY CORP.,broadband,2023-Q1,2023,1,15.413185927363708,6.092498517128542,4.379120223851963,2.179675965832615,69.72313474074784,35.589,176358,115912,2.1985378485400178,True
134707,RoyalCable,RoyalCable Flash,broadband,2023-Q1,2023,1,39.46457091556554,33.72412369951074,31.263591491957552,28.434068499516947,41.87066597710417,7.0,114133,1960,1.4228201741197894,True
9658,Eastern Communications,"Eastern Telecoms Phils., Inc.",broadband,2023-Q1,2023,1,55.22180198539461,37.98934440339514,21.701665374500074,11.859988707639298,50.49331016579779,19.702,46822,5558,0.583698721602313,True
55821,,"RADIUS TELECOMS, INC.",broadband,2023-Q1,2023,1,49.89803070380523,38.46402890729336,32.58028231196178,24.995086401219027,33.181845254529776,5.376,46367,10304,0.5780265393305379,True
136515,Dasca,"Dasca Cable Services, Inc.",broadband,2023-Q1,2023,1,59.80510228076078,48.8882765169637,39.85078788979535,37.58682279625597,32.060852543728785,4.611,46258,963,0.5766677088522445,True
134788,Parasat,"Parasat Cable TV, Inc",broadband,2023-Q1,2023,1,28.527134608745353,13.270539269024313,16.9810614449006,6.460481206869035,74.34341466895609,56.656,44855,287,0.5591774413197161,True
17970,,SKYBroadband SKYCable Corporation,broadband,2023-Q1,2023,1,44.03780082100411,3.837514633701747,28.057672103851022,3.1392509465900527,73.77934760916942,75.709,38094,2202,0.4748925526615375,True
(unknown),,,broadband,2023-Q1,2023,1,53.730157563407204,31.755947862382637,29.970133457698932,10.55440903409631,88.47020466091446,73.137,37223,6730,0.4640343751698538,True
137226,,"ANGELES CITY CABLE TELEVISION NETWORK, INC.",broadband,2023-Q1,2023,1,7.06216495861026,1.8538682270170477,6.586730481322498,1.1553268386284463,56.524912733822916,11.671,36106,3876,0.4501094793510126,True
133334,,DCTV Cable Network Broadband Services Inc,broadband,2023-Q1,2023,1,49.867416376276495,37.46143728565978,30.985167500998358,18.40113835480149,65.60530734115095,49.465,35079,272,0.43730655365186316,True
133623,,Planet Cable Inc.,broadband,2023-Q1,2023,1,28.233261709729724,14.365824442007249,18.410099747429832,8.014453162948602,60.8010872047755,34.675,34694,225,0.432507014806515,True
56099,,Asian Vision Cable,broadband,2023-Q1,2023,1,34.529785421088654,27.236740860129423,22.062207517976628,17.613762348313852,41.72263351260506,20.0,29757,3147,0.3709607205740897,True
45754,,Clear Path Networks Inc,broadband,2023-Q1,2023,1,69.05431420945898,36.473081833514556,45.821556938987314,28.556567153582932,54.43456943924282,39.237,29378,3429,0.366235979736721,True
141686,,LizardBear Tasking Inc.,broadband,2023-Q1,2023,1,44.98885075692492,19.951004086046108,24.97701775399495,6.8129849592925975,53.387137538426515,49.269,26350,2,0.3284879183764245,True
138965,,Streamtech Systems Technologies Inc.,broadband,2023-Q1,2023,1,24.552073805250462,12.49805820953452,17.927681849751586,4.180517199121252,77.39461279368578,61.928,21807,166,0.27185336000131644,True
56262,,Dagupan Urban Satellite Vision Inc.,broadband,2023-Q1,2023,1,40.54637115162886,11.25680049534578,30.793052873408516,7.26521049362203,57.66683394151705,37.308,20556,1035,0.2562579753376008,True
137074,,Responsible Internet Sustainability Effort,broadband,2023-Q1,2023,1,89.85670905256275,81.75398846026691,55.351118392600775,33.42933725224159,38.4308321116706,18.701,15691,601,0.1956092572009289,True
134497,,Cine Cebu,broadband,2023-Q1,2023,1,22.83504074747054,17.16660157934537,18.938169164938554,13.498619576066233,82.61219627882603,71.292,15290,69,0.1906102570009689,True
137239,,Fil Products Service Television Incorporated,broadband,2023-Q1,2023,1,23.781532917335902,22.972724109736266,19.35885347818344,16.959885626787543,84.71203350898527,61.0,14819,282,0.18473861337458194,True
56207,Converge,ComClark Network & Technology Corp,broadband,2023-Q1,2023,1,25.911452042492883,16.168582161272212,29.37666485903091,20.237110280905256,28.24347795503988,9.1345,13799,653,0.1720229520180752,True
9927,,Philippine Global Communications Corporation,broadband,2023-Q1,2023,1,50.043315175446196,33.686125936010605,23.866783170210333,11.188517142544317,42.31318089190787,8.504,13548,590,0.16889390201760146,True
45499,,Cablelink & Holdings Corp. Transit AS Internet Service Provider Philippines,broadband,2023-Q1,2023,1,32.16232277603529,23.901576678869905,17.020053850610978,7.482454650709782,43.462177684400075,11.042,13331,1202,0.16618870739567798,True
11404,,Wave Broadband,broadband,2023-Q1,2023,1,18.242080291414972,15.270644720276533,8.148501769450114,6.161633797870453,83.80427966700698,77.931,12756,204,0.15902056496431388,True
132400,,COMMUNITY CABLE VISION CORPORATION,broadband,2023-Q1,2023,1,33.96016232020807,17.86797187800425,25.597136427421063,9.39884244912012,57.75232362715619,62.9745,12642,247,0.1575994028127043,True
132021,,Kalibo Cable Television Network Inc,broadband,2023-Q1,2023,1,17.24074312031117,13.799135686736484,9.73330880977769,8.676132151484287,82.34888218677301,59.6505,12046,96,0.1501694673534121,True
135345,,NewMountainView Satellite Corporation,broadband,2023-Q1,2023,1,46.89379577444244,37.746909439229235,24.401498862022606,19.970973328285424,51.35346569343066,9.912,11654,356,0.1452826641654213,True
18233,,"Philippine Telegraph and Telephone Corporation,",broadband,2023-Q1,2023,1,29.291421590858775,16.997720309190928,15.33543106357333,5.803377442701954,30.25101771672194,4.573,10564,536,0.13169435938248758,True
135607,Infinivan,Infinivan Incorporated,broadband,2023-Q1,2023,1,30.527585224284472,23.313264701592743,16.05491783792673,12.256457658199551,81.78224641316343,79.69,9975,299,0.1243516882658381,True
142629,,GigaFiber Corp.,broadband,2023-Q1,2023,1,21.15828911315386,16.58822788000261,9.15615018137702,5.6898156711497005,91.56623349030774,84.361,9139,93,0.11392983248736786,True
136929,,"Meridian Cable TV, INC",broadband,2023-Q1,2023,1,70.82837081695757,55.96331137739156,44.42181251463528,39.24810574305598,24.08457911429578,4.677,8514,246,0.10613837332284166,True
9821,,Department of Science and Technology,broadband,2023-Q1,2023,1,93.23224354121658,77.03475245233018,36.83332335351861,20.263001413051434,62.53802873411017,29.0,7556,220,0.09419562471545591,True
140243,,"CMD Cable Vision, Inc",broadband,2023-Q1,2023,1,17.279083841145873,19.264323021087442,11.241704137706062,16.24299798311674,74.6465255057168,58.0,6836,45,0.08521986375792173,True
138958,,Tandag Electric & Telephone Company Inc.,broadband,2023-Q1,2023,1,20.978144657037156,13.778337182589853,15.782222334351221,7.401358635481944,87.45230560214695,57.524,5982,125,0.07457361395551314,True
139798,,LizardBear Tasking Inc,broadband,2023-Q1,2023,1,98.38303657217719,51.43636921802341,60.12314584091609,10.379595038510196,56.127945573544594,28.070500000000003,5807,4,0.0723920053894458,True
174,Cogent,"Cogent Communications, LLC",broadband,2023-Q1,2023,1,27.072366913059053,21.318738094747026,11.494550922311959,7.955017770673974,78.91640516643551,80.95400000000001,5774,210,0.07198061634555881,True
139034,,Sattelite Plus Incorporated,broadband,2023-Q1,2023,1,16.488714966675044,5.068388261965884,12.16458337445527,3.7970570277127855,53.39483847197983,11.683,5161,725,0.06433875319699152,True
135025,,"Nexlogic Telecommunications Network, Inc.",broadband,2023-Q1,2023,1,22.72924726353351,18.48254596391354,12.628010764411023,11.615016917406955,46.30611113463166,32.782,4725,143,0.05890343128381805,True
14593,Starlink,Space Exploration Technologies Corporation,broadband,2023-Q1,2023,1,35.346690383348815,3.1858520089724225,29.65881733993526,2.9873006467515983,197.8397640905209,163.937,4686,1357,0.05841724423195162,True
135594,,Kabayan Cable Tv Systems Inc.,broadband,2023-Q1,2023,1,26.99739424086511,20.38724151420078,23.758981323965127,16.122902674916336,49.00390670139711,33.505,4225,24,0.052670263952197094,True
23862,,University of the Philippines Diliman,broadband,2023-Q1,2023,1,66.78119171189886,52.4206872275435,24.9671754088835,12.327468337047081,61.66667285033842,27.532,3994,184,0.04979054064498821,True
150000,,Data-Beam Business Solution,broadband,2023-Q1,2023,1,13.276595500024962,9.750126689677531,4.457184356157673,2.6261759842831465,99.83327986525006,60.317,3866,21,0.04819484980809324,True
15084,,Concentrix CVG Corporation,broadband,2023-Q1,2023,1,14.394384833891337,9.674707725706027,8.065995115462242,3.9412644713192533,51.100390414647265,31.496000000000002,3714,113,0.04629996693928047,True
137996,,"HGC Global Communications (Philippines), Inc.",broadband,2023-Q1,2023,1,18.79941115210093,14.993326996956851,9.483379010619167,6.391603602475902,89.1658308783415,67.625,3668,47,0.04572651554477135,True
141152,,BATAAN SPACE CABLE NETWORK INC,broadband,2023-Q1,2023,1,43.84583736618615,28.476806380372786,20.580722820487,8.937953875907752,224.7959795361528,34.28,3665,100,0.045689116540781616,True
135582,,Galaxy Cable Corp.,broadband,2023-Q1,2023,1,37.07048138222271,18.508215423696008,28.143540157381643,9.501485399957673,34.21976482383271,10.427,3494,239,0.04355737331336725,True
137404,,KCAT,broadband,2023-Q1,2023,1,17.035368902709916,10.593882089837459,12.989401570323825,6.56594051237462,70.05914010400734,24.562,3298,17,0.04111397171937184,True
18187,,Ignite Telecommunications Inc,broadband,2023-Q1,2023,1,27.084430948816753,22.31022896832681,16.350662985519307,16.369621051773564,38.42145699257427,28.0,3233,137,0.04030365996626111,True
138543,,Cablevision Systems Corporation,broadband,2023-Q1,2023,1,29.629781978947676,23.562426686326575,26.443535521345908,19.024918813564547,37.63558119925046,8.976500000000001,3204,143,0.0399421362610271,True
131306,,CITI Cableworld Inc.,broadband,2023-Q1,2023,1,22.954901710810095,18.22618545631259,16.982744759585515,11.109962541264583,71.32674607417307,50.61,2994,96,0.037324205981746295,True
139752,,"Multinetwork Cable Television, Inc",broadband,2023-Q1,2023,1,19.75187986730063,5.79224560331727,17.565825044500645,4.585148166022487,52.104525367647064,44.319500000000005,2721,117,0.03392089661868125,True
138987,,CHARLES CATV SYSTEMS INC,broadband,2023-Q1,2023,1,35.00748740358047,24.15983150900345,11.833133692025482,8.519152014430222,65.46786485466215,40.845,2652,10,0.03306071952691756,True
137818,,Panay Telephone Corporation,broadband,2023-Q1,2023,1,12.05836703229727,7.500846040142106,7.782835071968693,1.6264992703275825,83.06409173962695,66.737,2630,12,0.03278646016432624,True
139900,,RELIANCE CATV AND ENTERTAINMENT SERVICES,broadband,2023-Q1,2023,1,17.562858108503796,19.29731566034127,11.352236040484676,11.964376518068832,106.73771817812118,98.832,2462,5,0.030692115940901595,True
135423,,Total Information Management Corporation,broadband,2023-Q1,2023,1,42.590548074656844,22.739282624961625,24.860872062420906,9.271478231786471,54.846555555555554,32.458,2415,48,0.030106198211729225,True
136803,,TELMARC CORPORATION,broadband,2023-Q1,2023,1,11.675883738620984,9.511182938688137,8.181664991704391,6.989600976976399,17.377245755138517,4.488,2238,19,0.027899656976335407,True
149170,,TOLEDO CABLE TV,broadband,2023-Q1,2023,1,16.248080066719147,15.68270742843333,14.835957917517339,14.42534157757013,96.08762459546926,78.906,2164,11,0.026977148211255506,True
140927,,SKY MOVIE PHILIPPINES CATV,broadband,2023-Q1,2023,1,17.624074053388604,18.327185204499948,7.002583584417988,10.674823313072437,82.16410376919498,68.819,2149,132,0.026790153191306877,True
132505,,Concentrix Daksh Services Philippines Corporation,broadband,2023-Q1,2023,1,15.824408864818817,8.09235621686026,11.383568307026884,3.7392976521404697,53.76373684210528,49.008,2147,6,0.026765220521980392,True
142424,,"Unique Cable Network, Inc.",broadband,2023-Q1,2023,1,17.727705767048068,16.458610305625548,14.218618047196593,13.388424158851075,93.61581264637005,59.879,2142,4,0.02670288884866418,True
132464,,Barbaza Multi-Purpose Cooperative,broadband,2023-Q1,2023,1,14.798958661841073,12.085817578920974,9.24876032765069,8.445828532041826,102.5732166988417,72.985,2081,105,0.025942442434206424,True
149848,,CELEBRITY CABLE NETWORK INC,broadband,2023-Q1,2023,1,15.180598229828304,14.813461230303394,12.161401482091968,12.07963793303441,56.52050422675286,35.678,2015,60,0.02511966434643246,True
135549,,"NEW WORLD CATV, INC.",broadband,2023-Q1,2023,1,24.693785242848094,20.483310034054913,21.37476954766172,17.482890730012166,46.51560144927536,41.361999999999995,1932,21,0.02408495856938338,True
18188,,Ateneo de Manila University,broadband,2023-Q1,2023,1,97.97669322355743,84.9188593366521,62.11925607624562,43.70774476765697,27.202421216848677,2.414,1923,17,0.023972761557414204,True
18360,,Santo Tomas E-Service Providers,broadband,2023-Q1,2023,1,61.75276144875389,57.75984350958229,22.107331566243936,18.72517324196514,35.62592883500264,15.997,1897,9,0.023648636856169913,True
132792,,"University of the Philippines Visayas, Miagao",broadband,2023-Q1,2023,1,42.879760471041365,33.56119994147831,23.18280227071144,14.419776069030082,54.620598200105874,36.473,1889,2,0.023548906178863977,True
139464,,KMC Mag Solutions,broadband,2023-Q1,2023,1,117.52531615483966,64.90608604258948,62.70634328268659,30.3040633385891,30.886364025695933,10.4575,1871,75,0.023324512154925623,True
139846,,StarCable,broadband,2023-Q1,2023,1,22.60134861308826,21.479712668524723,16.702313668061038,15.695530051688827,115.57697855227882,94.628,1866,98,0.023262180481609412,True
138929,,Cebu Cable TV Management Corporation,broadband,2023-Q1,2023,1,37.32688440135297,33.93836978666735,26.94023913509796,23.781138336633106,55.61401721355568,25.379,1862,3,0.023212315142956446,True
142414,,MALASIMBU CATV CORP,broadband,2023-Q1,2023,1,15.459733067762222,18.52132529662995,8.897605046989067,12.168898301949243,138.16841689225774,100.859,1847,112,0.023025320123007818,True
142271,,EWS DS Networks Inc,broadband,2023-Q1,2023,1,36.45589933396137,25.59154920148367,29.108297501282777,18.837235930096757,28.235249173098115,4.189,1814,12,0.022613931079120835,True
45209,,"University of the Philippines, Los Banos Campus",broadband,2023-Q1,2023,1,166.91161086925155,80.44911055417357,78.67794891774655,41.005325509540285,31.975764253683543,8.701,1561,15,0.01945994840932063,True
141676,,St. Joseph Cable TV System,broadband,2023-Q1,2023,1,29.073411854803823,10.320730541681714,18.341424359691587,12.132903476118253,115.22778674540685,64.399,1526,81,0.019023626696107163,True
142581,,Mambulao Cable Television,broadband,2023-Q1,2023,1,19.142007785426156,15.340993138007414,9.311871721544845,6.991064610058031,99.33892498325518,75.148,1494,17,0.01862470398688342,True
134802,,Naic Cable TV Corp.,broadband,2023-Q1,2023,1,22.129727837861697,16.016356017308237,14.169377392140436,6.617390711330559,55.00470810439561,9.707,1458,3,0.018175915939006713,True
63927,,RISE,broadband,2023-Q1,2023,1,35.3710896324888,24.751193760652093,16.227856985993895,5.144229173138211,49.74250596491227,32.487,1428,56,0.017801925899109453,True
138025,,RBC Cable Master System,broadband,2023-Q1,2023,1,32.16476172953398,27.376925206897138,23.45787478585408,18.487519425010177,53.41076562500001,39.986999999999995,1346,98,0.01677968645672362,True
134966,,Southern CableVision Inc.,broadband,2023-Q1,2023,1,21.14103361717234,13.472157542274974,20.268190418904457,7.244661910765813,103.86300989345511,102.05799999999999,1317,16,0.016418162751489603,True
132054,,Rising Star Cable TV Services,broadband,2023-Q1,2023,1,31.591242954704057,19.77825800677527,21.81372092332694,12.865576072528555,57.17761075441414,42.977000000000004,1247,32,0.015545519325062668,True
133064,,SLMC INFRASTRUCTURE,broadband,2023-Q1,2023,1,75.45125323013144,65.84790528387008,42.99057774762209,31.009757625717604,30.8462410041841,4.751,1195,17,0.01489726992257409,True
136244,,Panay Broadband / Buenavista Cable TV Inc.,broadband,2023-Q1,2023,1,9.198567858467877,8.731613248913833,4.268706693118976,3.4505357134107983,63.58900882612532,47.113,1133,18,0.01412435717345309,True
6648,,"Bayan Telecommunications, Inc.",broadband,2023-Q1,2023,1,35.75543806886301,27.607256657360313,8.008961994296646,2.971234382424798,127.4187342781222,166.485,1129,41,0.014074491834800123,True
134431,,News and Entertainment Network Corp,broadband,2023-Q1,2023,1,21.88427296818922,15.922325518891748,12.830054940215167,6.483893614491672,89.94967458866545,82.122,1095,96,0.013650636456249898,True
150450,,"Kinahugan Bojol Communications, Inc.",broadband,2023-Q1,2023,1,15.057099626556255,13.346883774398448,7.757100419190295,5.250997027957494,109.78977520814063,76.893,1083,118,0.013501040440290994,True
142009,,Misamis Cable Management and Development Corp,broadband,2023-Q1,2023,1,16.148736529133885,15.34262161771097,12.782997435329033,11.91688620176868,102.99212621359223,85.0455,1032,65,0.012865257372465657,True
141709,,Clare Cable TeleVision,broadband,2023-Q1,2023,1,42.17233464131681,17.739395836348393,30.58725212746961,6.230246259314217,45.6956269379845,21.4315,1032,5,0.012865257372465657,True
139213,,"Hillview Cable Systems, inc.",broadband,2023-Q1,2023,1,26.537531220747194,10.99415632747576,22.261598821258616,1.2314298928274114,45.9045924075924,30.341,1002,64,0.012491267332568399,True
138961,,Paradise Cable Television Network,broadband,2023-Q1,2023,1,11.969816678231139,14.048847093062149,6.11677429548677,4.363778609645193,93.84630753353973,76.259,969,44,0.012079878288681416,True
45600,,"University of the Philippines, Manila",broadband,2023-Q1,2023,1,78.8079788427721,54.67994448711461,59.6577757581217,28.745438285255936,33.97833786610878,18.3415,956,389,0.011917815938059271,True
150704,,DEARBC Connect,broadband,2023-Q1,2023,1,24.50784121564031,20.59038958637228,17.114922349881112,10.93177237024144,121.02948085106381,110.55250000000001,941,130,0.011730820918110643,True
147042,,Panabo Satellite Cable Television Inc.,broadband,2023-Q1,2023,1,20.26825194193782,17.475679137087532,15.645675472985708,12.395117210248042,100.30928,84.707,926,40,0.011543825898162014,True
147174,,POLARIS CABLE VISION INC.,broadband,2023-Q1,2023,1,28.335907480972296,19.620183477495534,18.805875296844732,12.661595649079675,78.29831202600216,48.0,923,26,0.011506426894172288,True
132615,,Pipol Broadband,broadband,2023-Q1,2023,1,11.362930705968383,8.914675839242717,8.451068003152272,6.597932816537468,38.80558175750834,12.198,900,208,0.011219701196917724,True
141016,,SM Investments Corporation,broadband,2023-Q1,2023,1,62.57814486445487,25.953640630930472,27.26984805976836,5.254763358082449,28.177110311750596,2.1624999999999996,834,14,0.010396923109143757,True
140549,,SHIFT DATA SERVICES INC,broadband,2023-Q1,2023,1,48.82109440885938,27.51548888388918,20.11103210785339,7.867463002148482,71.57163892288862,56.813,817,172,0.010184995419868646,True
149825,,RFi Fiber,broadband,2023-Q1,2023,1,20.900651428630468,12.631588807387798,13.298444377817459,7.096791315565718,36.64426889714994,4.466,809,7,0.01008526474256271,True
17895,,"Globalreach eBusiness Networks, Inc.",broadband,2023-Q1,2023,1,35.820952686823475,28.086293380341353,18.938077970478552,9.857570317264305,46.412055276381906,32.176500000000004,796,89,0.009923202391940564,True
132454,,"Philippine Telegraph and Telephone Corporation,",broadband,2023-Q1,2023,1,43.87216411543807,23.93993070700297,14.958091606118014,7.850782511187088,33.97281056701031,6.3245000000000005,776,32,0.009673875698675727,True
131276,,Mega Speed ICT Solutions Inc.,broadband,2023-Q1,2023,1,24.381341882991972,19.91629960051409,9.922512100970277,8.21048812832445,72.29668010403121,45.0,770,23,0.009599077690696275,True
22351,,INTELSAT GLOBAL SERVICE CORPORATION,broadband,2023-Q1,2023,1,1.8862435648916156,0.5345772765218991,1.2238593431539075,0.39991428825404113,121.94733714285714,126.2375,700,25,0.00872643426426934,True
142555,,"Z-ENERGY CATV NETWORK, INC.",broadband,2023-Q1,2023,1,16.056136883093487,13.594629098311795,15.717298335075027,12.606939031796355,104.48953679653681,99.0,693,188,0.008639169921626647,True
135366,,Zafra Cable TV Network Inc.,broadband,2023-Q1,2023,1,15.94427151628537,11.729281644636279,10.90242769752261,6.073191526808473,90.42507424960506,56.526,634,4,0.007903656176495374,True
15347,,IBEX Global Solutions,broadband,2023-Q1,2023,1,66.99186196576368,26.74609947555722,43.35269543655686,12.361485786885119,105.44018403908797,75.569,614,9,0.007654329483230536,True
140878,,Philippine National Police,broadband,2023-Q1,2023,1,68.44897974011302,42.27764249348906,43.85872695283538,9.771545509315853,43.39907131011609,33.943,603,5,0.007517199801934875,True
134241,,M7 Telecommunications Corporation,broadband,2023-Q1,2023,1,13.373674720084383,9.742565249572332,8.560458834746946,6.952904083206087,83.40644522968198,79.1575,567,70,0.007068411754058166,True
59322,,Black Fiber Solutions Corporation,broadband,2023-Q1,2023,1,26.512883530939227,17.843529935116095,11.042332834957415,9.527659858715786,46.36321119133575,28.9665,554,76,0.006906349403436021,True
147178,,TierOne Communications International Inc,broadband,2023-Q1,2023,1,5.879117747353251,1.8770193687200085,4.307636479005113,0.5462036479333854,88.25947928994083,77.187,507,4,0.006320431674263651,True
214049,,Netera LLC,broadband,2023-Q1,2023,1,14.735843050703869,15.460640104129713,16.417043998368207,15.632635711573474,83.51862226640161,76.168,504,4,0.006283032670273925,True
141754,,Emapta Versatile Services Inc,broadband,2023-Q1,2023,1,79.11552751601093,35.155426874549114,70.036086665182,27.182275354827915,52.58876518218623,30.924999999999997,495,11,0.006170835658304748,True
138915,,Kaopu Cloud HK Limited,broadband,2023-Q1,2023,1,8.127918273697018,3.615555940012666,1.3866865064065355,0.4980424443112797,101.12055000000002,46.8825,480,26,0.0059838406383561195,True
132905,,AS number of Ateneo de Davao University,broadband,2023-Q1,2023,1,47.242673373615006,27.23430725559453,37.505959858280995,10.161829466681542,92.07877589852008,63.86,473,37,0.005896576295713426,True
138970,,Wesfardell Cable Services,broadband,2023-Q1,2023,1,18.353142808523778,13.895158743299596,9.826126873916131,9.161887305084855,97.93598268398269,51.908500000000004,462,4,0.005759446614417765,True
58437,,MAPUAEDU,broadband,2023-Q1,2023,1,31.907061884326076,28.719085084713576,11.972527843435836,7.722997312210404,43.60332325581395,4.4905,430,9,0.005360523905194024,True
135409,,Kacific Broadband Satellites Pte Ltd,broadband,2023-Q1,2023,1,4.690498475122147,1.3666669820160535,3.3776715020745387,1.3597194495991374,64.32967056074766,57.0025,428,24,0.00533559123586754,True
137184,,Suniway Group of Companies Inc.,broadband,2023-Q1,2023,1,44.26781216876698,33.38500859471048,20.685441157809063,16.42169935480405,64.89755447941889,62.259,413,92,0.005148596215918911,True
137406,,Airlive Communications Inc.,broadband,2023-Q1,2023,1,19.892674777560565,19.74573664235051,10.164418541700089,10.994063914146928,63.06165679012345,35.012,405,44,0.005048865538612976,True
150431,,ADS Cable TV Network,broadband,2023-Q1,2023,1,11.716264443026096,9.61022148176072,7.957275227534159,6.219860837290896,92.22751637279598,76.618,399,1,0.0049740675306335245,True
138496,,"Inspiro Relia, Inc",broadband,2023-Q1,2023,1,62.46974787540228,49.2705626736024,28.8285961808532,7.455736061024869,82.35111082474226,51.555,388,2,0.004836937849337863,True
138969,,"Marbel Services and Television System, Inc.",broadband,2023-Q1,2023,1,9.849115603488622,3.7243533897313905,10.759395308570712,0.5134769403767375,113.59333333333333,106.512,388,31,0.004836937849337863,True
150707,,Romblon Cable Corporation,broadband,2023-Q1,2023,1,26.791517307205552,22.307546082521213,18.644636927354348,15.500425090222924,85.15265183246073,63.964,384,29,0.004787072510684895,True
132141,,Penthouse,broadband,2023-Q1,2023,1,37.25569295075419,19.20890462351162,19.440388397408725,2.3981078536990306,153.3827,136.8385,381,1,0.00474967350669517,True
139204,,RACITELCOM Inc.,broadband,2023-Q1,2023,1,15.274182927412996,4.479138085942289,9.350790015887403,1.7626717435805181,81.02009418282549,54.454,361,10,0.0045003468134303315,True
137487,,Manila Electric Company,broadband,2023-Q1,2023,1,68.76221406568447,52.060664290640666,44.44585263452156,19.336975561676198,38.20998603351955,12.504000000000001,358,22,0.004462947809440606,True
135499,,"Tiger Resort Leisure & Entertainment, Inc. (TRLEI)",broadband,2023-Q1,2023,1,12.76060639882255,9.616488902273048,9.027970680639733,8.630540618761836,53.89642816901407,49.873,355,10,0.00442554880545088,True
38722,,Conduent Business Services Philippines Inc.,broadband,2023-Q1,2023,1,31.564089813326245,14.343812999958816,8.840790799563637,1.961416815696876,94.96127335640138,77.909,289,5,0.0036027707176769135,True
131253,,De La Salle-Lipa,broadband,2023-Q1,2023,1,8.259556059621286,6.962623597845284,9.066591421921718,8.460273078368058,37.01447916666667,31.473,288,13,0.0035903043830136715,True
136216,,Channel Information Technology Support and Leasing Services Inc.,broadband,2023-Q1,2023,1,154.06146313634642,83.39189105218361,153.95851881104335,59.923905154618154,35.18872661870504,31.237000000000002,278,52,0.0034656410363812524,True
4759,,TEXTRON CORPORATION,broadband,2023-Q1,2023,1,5.5843255571921,5.708684295791357,4.291656950005624,4.469917636606086,58.43301459854014,15.8095,274,26,0.0034157756977282847,True
58757,,Ace Wireless Network Phils. Inc.,broadband,2023-Q1,2023,1,5.192024667259833,4.368928916210892,2.4995809265290947,3.0383846577768763,86.75743173431732,73.0,271,9,0.003378376693738559,True
141238,,Qualfon is a business process outsourcing company providing contact center services for various companies around thew world.,broadband,2023-Q1,2023,1,36.04256372160113,24.327628426737203,15.051093554984668,2.597990776826176,150.2110977443609,123.2375,266,6,0.0033160450204223492,True
58907,,Acquire BPO Pty Ltd,broadband,2023-Q1,2023,1,67.43527489602072,45.26757899638131,38.096802657014244,9.85399589252076,68.83151063829787,57.662,236,20,0.002942054980525092,True
29736,,"Disney Worldwide Services, Inc.",broadband,2023-Q1,2023,1,158.4234999613886,97.33854635990303,56.608234310483674,10.934599801246081,98.48838723404256,36.504,235,5,0.00292958864586185,True
395793,,Arisk Communications inc.,broadband,2023-Q1,2023,1,28.27953666245544,27.052635109865044,6.922169191607133,6.399531718348629,99.39375319148935,93.324,235,17,0.00292958864586185,True
19197,,"Stefanini, Inc.",broadband,2023-Q1,2023,1,21.260439864572106,13.46384848523809,13.23496298177965,3.603885707063253,71.09919913419914,59.0,231,1,0.0028797233072088823,True
45166,,Pacific Internet Pte Ltd,broadband,2023-Q1,2023,1,40.98396998194384,32.14315476078711,44.981750264848344,40.4163175275617,31.67605777777778,22.817,225,6,0.002804925299229431,True
45865,,INFORPSSC,broadband,2023-Q1,2023,1,102.27827122943538,77.32010216563475,60.347610737907395,21.972327858694747,60.63193023255815,49.944,215,4,0.002680261952597012,True
14499,,ALORICA INC,broadband,2023-Q1,2023,1,200.19793544524833,162.5010296821758,139.00241376089707,88.11786572398883,55.828399061032876,45.381,213,2,0.002655329283270528,True
136982,,Integranet Network Services,broadband,2023-Q1,2023,1,15.005721917058226,12.194081453025213,8.234018877378107,3.776099385103965,42.527306220095696,9.091,209,60,0.00260546394461756,True
63938,,Pulo Diezmo Rd.,broadband,2023-Q1,2023,1,21.44296260618654,21.485663493590298,6.986451683115815,6.3752040998254005,26.734826732673273,5.593500000000001,202,2,0.0025181996019748667,True
141196,,DEPARTMENT OF INFORMATION AND COMMUNICATION TECHNOLOGY,broadband,2023-Q1,2023,1,5.614224889744764,3.4704243815348055,4.948628133625811,2.7583942106561032,137.50288557213932,85.0,201,21,0.002505733267311625,True
138689,,"CONCEPCION PAY-TV NETWORK, INC.",broadband,2023-Q1,2023,1,17.507175663241984,4.9279481795256235,7.524044242881439,0.8854068954168087,100.0260447761194,75.251,201,24,0.002505733267311625,True
4637,,Telstra Global,broadband,2023-Q1,2023,1,47.54688023293349,24.13974339750944,32.10575716946234,8.872636378309071,83.0677889447236,46.083,199,15,0.002480800597985141,True
149509,,Xfiniti Internet Communication Services,broadband,2023-Q1,2023,1,23.926086778919892,20.23533057245672,17.668321346157345,10.31747472197839,98.3236701030928,96.2955,194,14,0.0024184689246689317,True
38609,,"American Data Exchange Corporation Ltd.,",broadband,2023-Q1,2023,1,88.7834339801838,43.65272800196012,91.83881073427119,19.869032692009842,60.76497409326426,32.39,193,11,0.0024060025900056897,True
149802,,MT Cable Television Network,broadband,2023-Q1,2023,1,27.071465587206696,11.662537469101439,29.243824271625932,3.4942723865835856,69.01177419354838,56.5095,186,12,0.0023187382473629963,True
7629,,EPLDT,broadband,2023-Q1,2023,1,30.995752969887334,17.963570474041486,23.778347551851013,7.699514180721791,52.678063218390804,34.152,174,22,0.002169142231404093,True
137941,,Mabuhay Cable TV Inc,broadband,2023-Q1,2023,1,33.11103844451301,22.360686925804114,9.321707179889104,4.177550820578828,293.5087687861272,69.73,173,1,0.0021566758967408515,True
58706,,Xavier School,broadband,2023-Q1,2023,1,44.795117791361015,32.848557544355096,40.5459599867293,33.35269001195543,26.308303030303023,3.5,165,1,0.002056945219434916,True
5377,,Marlink AS,broadband,2023-Q1,2023,1,1.750496384126055,0.40250948403255443,1.197472482918787,0.3286061672106303,79.23568902439025,76.09200000000001,164,5,0.002044478884771674,True
32043,,NeoFiber Communications inc.,broadband,2023-Q1,2023,1,37.91983535857703,28.277064200293562,30.856755812995054,20.571328466032217,88.43681097560977,83.16149999999999,164,20,0.002044478884771674,True
64008,,Department of Social Welfare and Development,broadband,2023-Q1,2023,1,90.70022512304512,28.583311388785788,78.51896874412222,14.750362532286271,52.74189570552147,31.184,163,4,0.002032012550108432,True
153174,,Aioni Digital and Data Solutions Inc.,broadband,2023-Q1,2023,1,17.483403339457595,6.669640729853129,17.79177328570917,0.08833086658839476,27.873455696202534,4.6295,158,12,0.0019696808767922227,True
134414,,De La Salle-Greenhills,broadband,2023-Q1,2023,1,25.262360403391845,27.608624028605686,12.635023822564705,11.403260412183426,112.79770469798657,55.939,149,1,0.0018574838648230453,True
140593,,ULAP Networks Inc.,broadband,2023-Q1,2023,1,244.5532169777797,216.67219973888646,171.48805206168214,93.69974280102879,33.219314685314686,28.81,143,10,0.001782685856843594,True
134996,,"BSITC PHILS., INC.",broadband,2023-Q1,2023,1,42.148445304205666,17.673943390547795,35.96056947733249,12.008256532046557,64.21958992805756,56.058,139,24,0.0017328205181906262,True
138569,,Tech2go Strategic IT Solutions,broadband,2023-Q1,2023,1,14.496192824225385,5.9423773971845,10.8477246699503,4.484000295998224,63.132572463768106,42.7755,138,13,0.0017203541835273844,True
131245,,University of the Philippines,broadband,2023-Q1,2023,1,29.435428838514934,28.015028866018614,6.737202286720528,5.039768788365848,66.9687686567164,16.197499999999998,134,2,0.0016704888448744167,True
12684,,SES ASTRA S.A.,broadband,2023-Q1,2023,1,3.9726983133806715,1.7225018943244323,2.2789634707522066,0.9257159059341433,240.65583969465655,213.248,131,10,0.001633089840884691,True
38445,,WiPro BPO Philippines LTD Inc.,broadband,2023-Q1,2023,1,98.97168547211736,120.11377197838286,15.598832486357207,26.347302768880617,26.449187500000004,3.0,112,6,0.0013962294822830945,True
136404,,BICOLANDIA CABLE TV INCORPORATED,broadband,2023-Q1,2023,1,37.54113060748842,33.13227707592283,25.70113334603389,17.023011247594567,83.72051785714287,63.4585,112,5,0.0013962294822830945,True
137846,,Sharp Viewing Entertainment Corporation,broadband,2023-Q1,2023,1,11.03125737858497,11.770302953608155,6.384899292928381,6.499607627593337,215.44885714285712,230.449,105,1,0.001308965139640401,True
203101,,Navarino Single Member S.A.,broadband,2023-Q1,2023,1,73.60950513105976,1.816321616803022,14.198850033579733,0.6846039561991338,12.031920792079209,0.562,101,50,0.0012590998009874334,True
150447,,Woofy Incorporated,broadband,2023-Q1,2023,1,42.00365110871674,29.38471147652764,28.156557055439112,26.70625973974782,60.69463,51.818,100,10,0.0012466334663241915,True
133498,,De La Salle University,broadband,2023-Q1,2023,1,74.78960567104023,50.29162869630619,83.57723771137373,57.20717354149155,51.77461224489795,1.0,98,5,0.0012217007969977077,False
131281,,"University of the Philippines, Visayas Cebu Campus",broadband,2023-Q1,2023,1,41.884191053890135,39.67767355010126,9.234031819392243,4.097921407814479,50.46577419354838,32.718,93,5,0.0011593691236814981,False
63848,,De La Salle-College of Saint Benilde,broadband,2023-Q1,2023,1,77.89492497385534,39.63230900767188,70.65286270553618,7.484287918905631,60.182053763440855,50.499,93,1,0.0011593691236814981,False
18190,,SunValley New Oriental,broadband,2023-Q1,2023,1,30.31091800885127,32.892061341497204,18.371572641329657,30.416109520485627,44.426122222222226,22.060499999999998,90,33,0.0011219701196917725,False
21433,,Accenture UK Limited,broadband,2023-Q1,2023,1,12.788716925053388,4.957112158271304,8.61527482531409,2.882913021349722,70.77553409090909,71.99,88,6,0.0010970374503652886,False
135162,,eUP-University of the Philippines System,broadband,2023-Q1,2023,1,65.33574436700171,43.52565382535659,24.29918962246642,19.084721093663582,33.55453488372093,3.6915,86,33,0.0010721047810388048,False
45351,,ABS CBN,broadband,2023-Q1,2023,1,88.77801268647912,78.26342102132594,70.96065165687239,11.385911020370695,67.64047619047618,57.1835,84,4,0.001047172111712321,False
17721,,"International Rice Research Institute,",broadband,2023-Q1,2023,1,67.34225416417173,59.18027541702248,43.00710271848885,28.811648311117107,58.64728947368422,48.120000000000005,76,3,0.0009474414344063856,False
17452,,Bitstop Inc,broadband,2023-Q1,2023,1,12.58398710799886,11.930153042456862,7.426348597520935,8.595471344572678,45.231402985074624,21.76,67,10,0.0008352444224372083,False
132059,,"762 Quirino Highway, San Bartolome",broadband,2023-Q1,2023,1,19.01980090980887,9.960609764302637,14.85374199106805,5.267277425811604,56.81947761194031,57.435,67,7,0.0008352444224372083,False
134416,,De La Salle-Zobel,broadband,2023-Q1,2023,1,96.08160585579955,84.61821100573093,84.32869601746071,78.20979729881267,19.193061538461542,3.505,65,1,0.0008103117531107245,False
136513,,Corporate Technologies Incorporated,broadband,2023-Q1,2023,1,47.81518762985471,26.554490866829635,34.94729966506931,4.446154763626854,58.69636923076923,33.591,65,4,0.0008103117531107245,False
154735,,AXA Philippines Life and General Insurance Company,broadband,2023-Q1,2023,1,4.502537602081583,4.475298216609324,4.801355085082941,4.660468133628822,28.69,5.604,64,13,0.0007978454184474825,False
58677,,DOFAIMPNET,broadband,2023-Q1,2023,1,71.43023582581851,53.119087820001006,68.74372508124547,57.57766226844808,24.37030158730159,18.682,63,1,0.0007853790837842406,False
133198,,"iOne Resources, Inc.",broadband,2023-Q1,2023,1,37.6936549334658,7.0888270072240305,26.51350466925082,1.8889396954816782,88.25226666666667,68.435,61,4,0.0007604464144577569,False
38334,,"World Health Organization, Western Pacific Regional Office,",broadband,2023-Q1,2023,1,30.763094032808457,33.77218073680319,20.015183135270085,34.8608445889629,44.79350847457627,28.835,59,1,0.000735513745131273,False
38553,,DC Tech Micro Services Inc.,broadband,2023-Q1,2023,1,33.43378689432428,21.426452082816823,14.301884250521192,11.659302124017714,99.37434545454545,83.0,55,3,0.0006856484064783053,False
45218,,"Coca-Cola FEMSA Philippines, Inc.",broadband,2023-Q1,2023,1,30.471749350015408,14.269745033388668,22.968270582008977,6.928007822077367,25.813711538461536,17.880000000000003,52,2,0.0006482494024885796,False
38596,,"Innodata-ISOGEN, Inc",broadband,2023-Q1,2023,1,21.987738780267424,13.07778788943788,22.481865102751048,4.845781327342407,123.13993749999999,62.5895,48,2,0.0005983840638356119,False
135132,,Dreamscape Networks Inc.,broadband,2023-Q1,2023,1,258.77509961520497,109.42091406808137,304.88690798476415,69.43808277868584,21.3699347826087,15.816500000000001,46,30,0.000573451394509128,False
23887,,PRODATANET INC.,broadband,2023-Q1,2023,1,13.100879014928081,3.3319331466989195,13.902297796617226,1.2396336870525868,70.97238636363637,9.8435,46,5,0.000573451394509128,False
38483,,"RCG INFORMATION TECHNOLOGY, AS CONTENT PROVIDER MANILA",broadband,2023-Q1,2023,1,42.71255690795891,32.47377266493857,49.69773269666727,31.12211704666063,47.682021739130434,40.765,46,1,0.000573451394509128,False
203724,,Musarubra Germany GmbH,broadband,2023-Q1,2023,1,86.0037478728814,12.023276086819697,68.47110266967763,1.0856864063304201,99.18321428571429,59.460499999999996,42,2,0.0005235860558561604,False
17445,,Universal Robina Corporation,broadband,2023-Q1,2023,1,93.40786037347719,120.45277453056262,91.92016399344027,115.27264560179675,24.829153846153847,3.928,39,6,0.0004861870518664347,False
135122,,MILLAWAVE,broadband,2023-Q1,2023,1,7.899845133676205,2.2769817899559355,4.310848496890569,1.4657764544118193,201.50557894736843,186.90449999999998,38,2,0.0004737207172031928,False
137417,,Cambridge University Press is the publishing business of the University of Cambridge in UK,broadband,2023-Q1,2023,1,117.30954185260919,57.77277352453019,132.60447295599704,25.784839918626446,47.84097368421053,48.5965,38,1,0.0004737207172031928,False
18214,,TELUS INTERNATIONAL,broadband,2023-Q1,2023,1,49.46363981593867,28.95968877982148,9.204493858920763,2.413085563745225,178.64940540540542,107.239,37,4,0.00046125438253995086,False
23689,,Makati Shangri-La,broadband,2023-Q1,2023,1,17.558276675604805,30.099168103220126,14.911189639538987,12.08667402839176,51.59802702702702,21.537,37,3,0.00046125438253995086,False
132716,,"1 Solaire Boulevard,",broadband,2023-Q1,2023,1,107.71484655754945,102.15456260115765,101.34641608328674,56.005287141312735,43.02918918918919,31.542,37,2,0.00046125438253995086,False
17550,,San Miguel Corporation,broadband,2023-Q1,2023,1,48.358312114945626,55.0617955979966,33.435086229011844,26.24554912906396,29.49419444444445,10.767,36,3,0.00044878804787670893,False
38301,,Trec Global Pacific Transit AS,broadband,2023-Q1,2023,1,53.418147695355074,41.21512432894177,60.589834798716424,36.269300631657345,57.327714285714286,57.234,35,3,0.00043632171321346706,False
136777,,247 Customer Philippiness inc,broadband,2023-Q1,2023,1,192.3005477259402,70.23740054918296,135.60383386961257,41.77548787397405,29.128375,29.0,32,5,0.00039892270922374127,False
141210,,Grand Unicom Corp,broadband,2023-Q1,2023,1,32.721760039075896,17.748632170359887,15.184113441566794,10.910967550834975,33.53574193548387,20.427,31,7,0.0003864563745604994,False
140734,,Watch Tower Bible and Tract Society of the Philippines,broadband,2023-Q1,2023,1,40.40893304941772,18.094894125955364,36.256705735740056,7.963355669202743,81.09370370370371,69.049,27,12,0.0003365910359075317,False
38291,,BPS Corporation,broadband,2023-Q1,2023,1,13.051626675821431,2.8636500342117928,14.921242373834744,2.502332762675797,55.189346153846145,4.368,26,1,0.0003241247012442898,False
139614,,BANGKO SENTRAL NG PILIPINAS,broadband,2023-Q1,2023,1,12.87468109259383,15.428287170164245,7.737584340336142,9.065287902758978,105.31264000000002,86.094,26,3,0.0003241247012442898,False
132554,,Ateneo de Manila University,broadband,2023-Q1,2023,1,47.147829532293784,42.5513186195809,44.987716495172215,43.61655008111922,63.72288000000001,58.213,25,5,0.0003116583665810479,False
139040,,"CANON BUSINESS PROCESS SERVICES PHILIPPINES,",broadband,2023-Q1,2023,1,12.90711741375685,10.807650248814413,6.895659395303049,7.12124472970505,52.16220833333333,35.991,24,2,0.00029919203191780595,False
38577,,LEEKIE-EN,broadband,2023-Q1,2023,1,34.66599039859902,30.666862238338624,29.50642677834273,36.05777167905473,30.508208333333332,3.6585,24,4,0.00029919203191780595,False
133778,,GY Consultancy Group Inc.,broadband,2023-Q1,2023,1,23.924813972078308,8.94526012647959,6.804488227050177,1.9256343488387302,50.69334782608695,54.0,23,5,0.000286725697254564,False
206804,,EstNOC OU,broadband,2023-Q1,2023,1,83.21029775128352,5.15850179504497,41.898071243086804,0.4094068867921321,50.562695652173915,19.739,23,11,0.000286725697254564,False
55391,,INTERNET MULTIFEED CO.,broadband,2023-Q1,2023,1,88.34411017691532,37.4546072181444,75.95244726073895,8.65211186484065,18.17942857142857,5.61,21,5,0.0002617930279280802,False
55413,,Development Bank of the Philippines,broadband,2023-Q1,2023,1,76.12760383690977,48.76574145562438,87.21166402471235,22.27583673320829,43.31452380952381,32.338,21,1,0.0002617930279280802,False
139630,,Telectronic Systems Inc.,broadband,2023-Q1,2023,1,10.637641872806931,16.601051589636224,8.027676231352826,12.038277917734515,85.94885000000001,73.18299999999999,20,2,0.0002493266932648383,False
23732,,Sagility Philippines B.V. Branch Office,broadband,2023-Q1,2023,1,142.1848281205176,90.66484348236465,91.16776429325319,82.42951760265507,68.21438888888889,32.3255,18,7,0.00022439402393835447,False
10141,,DFNN Group of Companies,broadband,2023-Q1,2023,1,13.563896922795092,6.4408884233434565,16.14708947215293,8.786250826681393,40.44716666666667,19.3675,18,3,0.00022439402393835447,False
134213,,Netify Communications Corp.,broadband,2023-Q1,2023,1,56.57551557895559,32.49437770938088,63.407852677315056,29.96620511152313,191.11166666666665,202.5565,18,10,0.00022439402393835447,False
139333,,"Global Agility Solutions, LLC",broadband,2023-Q1,2023,1,72.28317911922727,92.65055309084956,73.97236762614392,86.99552633176305,44.69377777777778,34.134,18,1,0.00022439402393835447,False
136260,,IPOINTEAST INC.,broadband,2023-Q1,2023,1,25.010551850102445,7.9001047344033175,4.317532541747119,2.8323988381274043,95.66511764705882,6.565,17,4,0.00021192768927511256,False
63846,,SGS ASIA PACIFIC LIMITED,broadband,2023-Q1,2023,1,149.2842428569907,82.7339679790037,73.22960932396923,1.6725196265085946,52.481235294117646,32.431,17,1,0.00021192768927511256,False
133585,,Bee Information Technology PH Inc.,broadband,2023-Q1,2023,1,67.93137989087846,29.661228569491158,78.72950094099812,11.485047518549594,55.333333333333336,48.104,15,3,0.00018699501994862873,False
140619,,JSLINK INTERNATIONAL CORPORATION,broadband,2023-Q1,2023,1,12.86224558339656,7.333504432749968,5.494453648336094,2.130542851222909,31.245599999999992,18.01,15,3,0.00018699501994862873,False
136462,,Mootech Asia,broadband,2023-Q1,2023,1,21.633674434243147,33.50213480564612,22.237523878441515,28.618760353702374,141.55578571428572,34.4715,14,3,0.0001745286852853868,False
149027,,Neo-Tech Asia Distribution Inc.,broadband,2023-Q1,2023,1,74.73170967423138,23.076694044852065,64.57678014648582,17.73700336635691,136.0572857142857,38.7015,14,1,0.0001745286852853868,False
55437,,"WIT Phils., Inc.",broadband,2023-Q1,2023,1,1.5056707040992257,0.2802577537958418,1.3941070561385391,0.16114280098157024,108.5776923076923,71.447,13,2,0.0001620623506221449,False
1449,,"PayPal, Inc.",broadband,2023-Q1,2023,1,106.08149919038604,93.14017252929351,75.98661026457542,84.43386046262698,114.00315384615386,125.527,13,1,0.0001620623506221449,False
140708,,VITRO INC.,broadband,2023-Q1,2023,1,74.88545291466036,29.526257824390797,45.91417067983895,25.58350308776811,65.21307692307693,37.357,13,1,0.0001620623506221449,False
63966,,RIZAL1,broadband,2023-Q1,2023,1,6.634300702063949,9.449683081254063,6.10304247725502,9.87427999549205,45.147,28.9285,12,2,0.00014959601595890298,False
139626,,"2GO Group, Inc.",broadband,2023-Q1,2023,1,17.968449858348595,10.77482970974063,7.387214567400619,1.224465230976156,61.96583333333333,5.083,12,1,0.00014959601595890298,False
132844,,Ateneo de Manila University,broadband,2023-Q1,2023,1,75.2916151357128,41.07855284625015,82.44498896238308,28.051875837889657,30.703909090909086,2.429,11,3,0.00013712968129566108,False
2687,,"AT&T Enterprises, LLC",broadband,2023-Q1,2023,1,74.1086312693905,13.096537983437246,12.739706330321937,5.843366583281801,115.23218181818183,125.656,11,1,0.00013712968129566108,False
152173,,Robinsons Bank Corporation,broadband,2023-Q1,2023,1,75.4194480449638,39.37463269982769,84.07313697102205,30.96055818523716,53.181727272727265,30.7,11,3,0.00013712968129566108,False
140722,,Bureau of the Treasury,broadband,2023-Q1,2023,1,19.424599031006714,18.745940974639126,15.14559474456965,18.80569036482666,98.8135,44.579499999999996,10,1,0.00012466334663241915,False
24222,,OFFICETIGER DATABASE SYSTEMS INDIA PVT LTD,broadband,2023-Q1,2023,1,18.007733562994623,12.521836947567866,12.584363407439561,13.617217278113301,66.1079,31.959000000000003,10,4,0.00012466334663241915,False
23665,,GSNET,broadband,2023-Q1,2023,1,55.55586192144155,41.98142060502251,74.4506762834986,51.66936411930658,29.0405,28.704,10,4,0.00012466334663241915,False
59348,,Skycable Corporation,broadband,2023-Q1,2023,1,33.579565297676844,17.51476303548287,36.14245000696561,14.542388180560634,43.086,28.286,8,1,9.973067730593532e-05,False
24081,,SPI Technologies Inc.,broadband,2023-Q1,2023,1,73.86097164740447,67.8773128233255,59.301339385934206,84.13446044499942,72.13142857142857,31.825,7,3,8.72643426426934e-05,False
149645,,"Spectrum Cable network and broadband, Inc.",broadband,2023-Q1,2023,1,10.751500178143955,10.166381960102417,11.037083042827035,10.143201997103224,12.481428571428571,3.718,7,1,8.72643426426934e-05,False
146948,,"Rural Bank of Guinobatan, Inc.",broadband,2023-Q1,2023,1,5.498326547519631,0.571751727065811,5.15557228183781,0.3392713424209467,187.87357142857144,133.248,7,2,8.72643426426934e-05,False
24179,,"IMI, Manufacturing Semiconductors and Electronics",broadband,2023-Q1,2023,1,53.8124873165494,28.319667588162776,19.075349516262094,14.292489890918516,15.118142857142857,6.988,7,4,8.72643426426934e-05,False
17802,,Macquarie Bank,broadband,2023-Q1,2023,1,66.07026961159826,9.24299657288448,65.2940992750951,10.112937089683536,53.327666666666666,62.5715,6,2,7.479800797945149e-05,False
36776,,Five9 Inc.,broadband,2023-Q1,2023,1,91.11353927321962,59.583779417220946,93.62965909692986,70.72187416774803,19.795166666666667,18.6225,6,1,7.479800797945149e-05,False
136773,,BDO Unibank Inc,broadband,2023-Q1,2023,1,42.56093810954723,0.08208682617342633,30.290779770414126,0.08208682617342633,31.66633333333333,20.6135,6,2,7.479800797945149e-05,False
138218,,ABOITIZ EQUITY VENTURES INC.,broadband,2023-Q1,2023,1,89.43313605003887,16.46921024502958,93.6128056320865,2.770259440432384,107.51133333333333,63.012,6,2,7.479800797945149e-05,False
138540,,"The Insular Life Assurance Company, Ltd.",broadband,2023-Q1,2023,1,121.97087333858458,57.58284752862025,92.6448046244,68.36580597466688,36.1392,40.131,5,2,6.233167331620957e-05,False
140984,,WTW HIGHTECH COMPANY INC,broadband,2023-Q1,2023,1,67.79277772172122,52.865303074380805,43.425891412374305,51.90689516521359,42.306,54.473,5,2,6.233167331620957e-05,False
132193,,Social Security System,broadband,2023-Q1,2023,1,350.9114505517149,223.32223481093973,246.95411690059646,223.32223481093973,9.8136,0.681,5,2,6.233167331620957e-05,False
132843,,Digital Advantage Corp.,broadband,2023-Q1,2023,1,56.329248391080455,82.23565294985148,47.683751828760336,91.92926748293007,76.66999999999999,30.0,5,1,6.233167331620957e-05,False
209980,,Marlink AS,broadband,2023-Q1,2023,1,1.603537248268522,0.3257869435564854,1.6826516171757337,0.3257869435564854,187.76024999999998,183.01,4,3,4.986533865296766e-05,False
134716,,Savant Technologies Inc.,broadband,2023-Q1,2023,1,9.077956547026742,8.865242893339412,9.959591902920343,9.056252136868803,111.45925,110.985,4,2,4.986533865296766e-05,False
59342,,ABSATELLITE BBS-PH,broadband,2023-Q1,2023,1,45.765535593227895,77.75590533004122,25.201891072670627,77.75590533004122,31.585500000000003,33.6125,4,4,4.986533865296766e-05,False
133377,,"IBM Business Services, Inc",broadband,2023-Q1,2023,1,123.6161666183193,338.1887209697187,122.68079413907043,338.1887209697187,91.21175,71.106,4,4,4.986533865296766e-05,False
45343,,AYALA LAND,broadband,2023-Q1,2023,1,33.24787233948173,35.412806513194475,25.135059887607675,39.21144742124548,10.912666666666667,7.738,3,1,3.7399003989725744e-05,False
55343,,Conduent Business Services Philippines Inc.,broadband,2023-Q1,2023,1,132.81489488977647,57.283323874367454,138.84849697575152,11.208981302219227,81.28466666666667,73.428,3,2,3.7399003989725744e-05,False
17978,,SERVCORP AUSTRALIAN HOLDINGS LTD,broadband,2023-Q1,2023,1,46.17932037516986,20.376729289038412,67.62060356859534,20.376729289038412,84.55666666666667,62.182,3,1,3.7399003989725744e-05,False
24451,,"Philippine Dealing System,",broadband,2023-Q1,2023,1,7.287608811284778,10.234018242529332,7.287608811284778,10.234018242529332,90.8235,90.8235,2,1,2.493266932648383e-05,False
136503,,"Personal Collection Direct Selling, Inc.",broadband,2023-Q1,2023,1,69.77337128314915,,69.77337128314915,,3.0004999999999997,3.0004999999999997,2,1,2.493266932648383e-05,False
58604,,PACKETWORX INC.,broadband,2023-Q1,2023,1,25.63418228189004,26.183654641121258,25.63418228189004,26.183654641121258,40.543,40.543,2,1,2.493266932648383e-05,False
133195,,PERFETTI VAN MELLE ASIA PACIFIC PTE LTD - ROHQ,broadband,2023-Q1,2023,1,54.62414691249893,73.07710140981536,54.62414691249893,73.07710140981536,16.246,16.246,2,1,2.493266932648383e-05,False
401783,,TOKALA COMMUNICATIONS INC.,broadband,2023-Q1,2023,1,43.56263681680167,0.05637998514926825,43.56263681680167,0.05637998514926825,247.03199999999998,247.03199999999998,2,2,2.493266932648383e-05,False
394869,,Asia Pacific Network Corporation,broadband,2023-Q1,2023,1,42.2075044872746,20.376939434614936,42.2075044872746,20.376939434614936,99.347,99.347,2,1,2.493266932648383e-05,False
18396,,PLDT-PhilCom Inc.,broadband,2023-Q1,2023,1,52.23713156038196,11.425886796894932,52.23713156038196,11.425886796894932,64.717,64.717,2,1,2.493266932648383e-05,False
24041,,VCustomer Services India Pvt Ltd. Transit AS.,broadband,2023-Q1,2023,1,8.866978081092348,8.560336883721577,8.866978081092348,8.560336883721577,84.731,84.731,1,1,1.2466334663241915e-05,False
3257,,GTT Communications Inc.,broadband,2023-Q1,2023,1,25.35975310821802,,25.35975310821802,,137.12,137.12,1,1,1.2466334663241915e-05,False
6453,,TATA COMMUNICATIONS (AMERICA) INC,broadband,2023-Q1,2023,1,10.451363366811584,19.104833754048613,10.451363366811584,19.104833754048613,13.228,13.228,1,1,1.2466334663241915e-05,False
18018,,Gamebuilders Inc.,broadband,2023-Q1,2023,1,76.0536410550784,,76.0536410550784,,45.837,45.837,1,1,1.2466334663241915e-05,False
17448,,Web.com.ph Inc.,broadband,2023-Q1,2023,1,7.945865543223528,3.2753680431777332,7.945865543223528,3.2753680431777332,241.351,241.351,1,1,1.2466334663241915e-05,False
9299,PLDT,Philippine Long Distance Telephone Company,broadband,2023-Q2,2023,2,53.42062346291402,39.04276887744661,22.394167288181162,16.193363520379428,99.73353717106193,76.603,4147431,1220230,51.37213890514273,True
17639,Converge,Converge ICT Solutions Inc.,broadband,2023-Q2,2023,2,79.26574189158795,61.34177120400196,43.11475338164861,33.425973727425315,31.783052656712446,15.538,1640244,32893,20.3168763039884,True
132199,Globe,Globe Telecom Inc.,broadband,2023-Q2,2023,2,77.11814001079613,58.18220960646805,43.17085479641427,34.15913962215484,50.719123958322626,22.549,684892,110051,8.483412251830353,True
23944,Sky Cable,SKYBroadband SKYCable Corporation,broadband,2023-Q2,2023,2,49.04345796228511,5.647820032404065,28.87181494401831,3.801480243273251,45.01046679092491,23.489,283346,62473,3.5096641921750042,True
4775,Globe,Globe Telecoms,broadband,2023-Q2,2023,2,55.95685090635242,40.19391375891967,24.17303964121627,13.276998598394888,56.85042276407045,24.798,207014,29937,2.5641781534904897,True
139831,DITO,DITO TELECOMMUNITY CORP.,broadband,2023-Q2,2023,2,19.062057787035382,6.596042419711294,5.124386372000884,2.353963587195774,70.46939964435312,51.004,144053,71913,1.7843119573785615,True
134707,RoyalCable,RoyalCable Flash,broadband,2023-Q2,2023,2,41.06942949343637,39.41389264651962,31.308902202160798,33.343412290924235,31.508253225552227,7.2235,88865,1939,1.100725997323526,True
9658,Eastern Communications,"Eastern Telecoms Phils., Inc.",broadband,2023-Q2,2023,2,52.012980924169135,36.13585177536804,17.71626870819399,9.46640002423901,77.13162102366537,37.511,45487,4933,0.5634245590531167,True
134788,Parasat,"Parasat Cable TV, Inc",broadband,2023-Q2,2023,2,33.3634068595035,13.72477593601351,21.936917976286942,6.655411439982945,76.0755203459583,60.041,45466,378,0.5631644426299603,True
55821,,"RADIUS TELECOMS, INC.",broadband,2023-Q2,2023,2,53.60066438268868,41.43086575617111,32.602394811329404,25.351813936409854,41.43945843767311,6.384,45137,12448,0.5590892853338433,True
14593,Starlink,Space Exploration Technologies Corporation,broadband,2023-Q2,2023,2,41.153098066009875,4.143151589128676,27.604314128816874,3.0503719491703785,141.79265327117483,143.606,44627,10628,0.5527721722000449,True
136515,Dasca,"Dasca Cable Services, Inc.",broadband,2023-Q2,2023,2,60.549958611361156,49.79516437990296,38.58043336519292,35.823823418109825,47.084261071101196,17.0,38202,956,0.47318893321052535,True
(unknown),,,broadband,2023-Q2,2023,2,54.049999841097744,34.90805997468365,28.77094170280965,10.341754240940308,92.8224789211179,74.571,35913,7324,0.44483624308647707,True
141686,,LizardBear Tasking Inc.,broadband,2023-Q2,2023,2,65.47697833049413,40.756320089609964,30.812134383690417,9.821356235489922,31.35759833450953,30.271,35431,3,0.4388659518502205,True
133334,,DCTV Cable Network Broadband Services Inc,broadband,2023-Q2,2023,2,46.013039975962386,36.164743693360215,26.8618292213328,15.458648745836555,78.4059142159002,49.174,34408,289,0.4261945660936013,True
45754,,Clear Path Networks Inc,broadband,2023-Q2,2023,2,77.21442482425391,38.19971871880035,53.557012635342964,29.045419997179252,64.63142536669544,45.75,30147,3873,0.37341570518553235,True
17970,,SKYBroadband SKYCable Corporation,broadband,2023-Q2,2023,2,43.88914878590298,4.065736822591011,27.908826898590235,3.5385583763008617,58.7307346170649,24.0,29763,2247,0.3686592905906724,True
133623,,Planet Cable Inc.,broadband,2023-Q2,2023,2,33.66686991292401,20.693949258726764,21.539059116086523,15.974350766784035,62.31835693877552,54.832499999999996,29409,246,0.3642744708860358,True
137226,,"ANGELES CITY CABLE TELEVISION NETWORK, INC.",broadband,2023-Q2,2023,2,6.961192885793863,1.9630128607982849,6.248006661509987,1.4925635796888164,49.0934566190876,15.1785,28590,3687,0.35412993038293594,True
56207,Converge,ComClark Network & Technology Corp,broadband,2023-Q2,2023,2,25.769622134931897,15.771119322074618,29.345499042796295,20.184171427619987,27.36639091493142,12.669,26465,964,0.32780862565877583,True
56099,,Asian Vision Cable,broadband,2023-Q2,2023,2,28.708456711991744,28.32762756801707,17.755648798486295,19.209730207890313,64.15470602596396,39.0,25814,3173,0.31974501654092724,True
56262,,Dagupan Urban Satellite Vision Inc.,broadband,2023-Q2,2023,2,45.14357668536684,13.19324712087696,35.6705582030941,8.213851962087633,67.26189206049996,37.968,22282,956,0.27599591146528785,True
137074,,Responsible Internet Sustainability Effort,broadband,2023-Q2,2023,2,106.00391390611824,116.1064254697128,79.8144060538928,57.8998364434607,27.175127672429827,14.8705,21523,664,0.2665945607426349,True
137239,,Fil Products Service Television Incorporated,broadband,2023-Q2,2023,2,24.723609414205487,21.915369181175787,20.000919726989586,17.003582244159887,80.71081077047447,51.613,16097,290,0.19938543159755578,True
138965,,Streamtech Systems Technologies Inc.,broadband,2023-Q2,2023,2,28.928718201176554,18.947790005138646,19.788622874106935,15.487945814458415,71.80765684103991,53.211,15817,146,0.19591721262213704,True
134497,,Cine Cebu,broadband,2023-Q2,2023,2,21.471368625677552,17.828807989780792,17.81187835216042,14.633782794606464,83.45648162177324,73.5895,14271,100,0.17676768927928924,True
9927,,Philippine Global Communications Corporation,broadband,2023-Q2,2023,2,47.24359794560915,32.24522513910609,20.433585669601264,10.378958961854677,43.069504022410584,28.8675,13928,719,0.17251912103440126,True
11404,,Wave Broadband,broadband,2023-Q2,2023,2,20.99161849818044,15.509777444231808,8.961295286130069,6.760115189906454,78.35662752277953,62.618,11753,236,0.14557849149320204,True
45499,,Cablelink & Holdings Corp. Transit AS Internet Service Provider Philippines,broadband,2023-Q2,2023,2,32.715582429510384,22.587804527735393,18.53842510023685,8.02479784308754,48.22012407454685,29.91,11753,1362,0.14557849149320204,True
135345,,NewMountainView Satellite Corporation,broadband,2023-Q2,2023,2,49.781322123790964,39.6876305336786,28.57339008622823,22.348400629344518,37.1870461273666,10.999500000000001,11629,307,0.14404256594694517,True
132021,,Kalibo Cable Television Network Inc,broadband,2023-Q2,2023,2,22.92760016341878,15.052203379997218,13.84368746452615,9.066203573934818,78.50505740975873,56.913,11033,106,0.13666021412783955,True
135607,Infinivan,Infinivan Incorporated,broadband,2023-Q2,2023,2,31.8684289726397,23.847655276230057,16.44076169108088,11.75434607272056,83.22865954255722,61.692499999999995,10678,293,0.13226300792686219,True
18233,,"Philippine Telegraph and Telephone Corporation,",broadband,2023-Q2,2023,2,33.89502326814142,19.67074047936216,18.339327395798502,7.133669356370951,32.31395483193278,5.435,10479,620,0.12979809515504673,True
132400,,COMMUNITY CABLE VISION CORPORATION,broadband,2023-Q2,2023,2,35.97500905941916,21.674525426173645,26.901748157287827,12.284852524778037,42.140145424357854,10.0,10243,243,0.12687488201862235,True
142629,,GigaFiber Corp.,broadband,2023-Q2,2023,2,19.000628249941354,14.54560167465708,9.350949661983138,5.670481901507845,86.59343350369109,75.703,8812,108,0.10914980575496439,True
174,Cogent,"Cogent Communications, LLC",broadband,2023-Q2,2023,2,27.673339726607665,22.72504456464718,14.575052236644638,10.608073432173867,84.33259298109299,61.716499999999996,7728,200,0.09572284372155751,True
136929,,"Meridian Cable TV, INC",broadband,2023-Q2,2023,2,68.29290833287004,58.15105602724994,41.97173519216505,40.229118926807466,44.60055189906347,17.149500000000003,7689,256,0.09523977036426703,True
9821,,Department of Science and Technology,broadband,2023-Q2,2023,2,106.9495295333764,80.69204911822388,49.49838014113906,22.361717743512784,43.60797851842208,7.531,7682,238,0.09515306488988157,True
150000,,Data-Beam Business Solution,broadband,2023-Q2,2023,2,10.872545805755333,7.666023620964801,4.5958520569255,3.3454136276207906,79.12683211192538,53.0,6007,22,0.07440568351907298,True
139798,,LizardBear Tasking Inc,broadband,2023-Q2,2023,2,89.03749157648588,54.915270041439946,49.08290227303249,14.573094931332685,63.64302037169407,29.234,5599,4,0.06935199301203422,True
135594,,Kabayan Cable Tv Systems Inc.,broadband,2023-Q2,2023,2,33.412416357721845,26.341033505969285,28.240729604323974,20.93979428663771,56.494816267247636,36.709,5511,30,0.06826198133404547,True
140243,,"CMD Cable Vision, Inc",broadband,2023-Q2,2023,2,19.986256988233773,18.869041621412105,14.857088116896824,14.312437772817884,78.82971380090497,69.24799999999999,5305,47,0.06571036308784453,True
139034,,Sattelite Plus Incorporated,broadband,2023-Q2,2023,2,19.701127684486174,6.4186779520392285,16.450341040941613,5.536237915586772,42.6491833976834,12.3205,4663,702,0.057758232437062976,True
150431,,ADS Cable TV Network,broadband,2023-Q2,2023,2,29.545554069764634,15.649194213869553,11.118063274889751,5.674933453195404,59.56884407762659,48.0,4486,6,0.05556582258474469,True
23862,,University of the Philippines Diliman,broadband,2023-Q2,2023,2,73.77642945490526,53.441633127352944,23.043886952922517,10.201274384707384,38.50152978056427,4.784000000000001,4468,128,0.05534286565061063,True
135025,,"Nexlogic Telecommunications Network, Inc.",broadband,2023-Q2,2023,2,19.887656546409378,18.411441275116808,9.491567599680769,9.877357467851363,60.30776147426981,43.5325,4316,168,0.05346011820681188,True
138958,,Tandag Electric & Telephone Company Inc.,broadband,2023-Q2,2023,2,18.513998601793947,17.045879129751484,10.653939839393335,10.886170491063607,95.0384124734231,70.055,4242,148,0.052543517477594066,True
137818,,Panay Telephone Corporation,broadband,2023-Q2,2023,2,11.361598512188868,11.163659506529893,6.390263626125559,7.032176583060529,95.95041041347629,69.434,3268,17,0.04047907004167313,True
141152,,BATAAN SPACE CABLE NETWORK INC,broadband,2023-Q2,2023,2,56.07549775567907,36.05746479665131,31.398594418182814,13.628017820150653,133.19605658018133,11.988,3201,100,0.03964917478684078,True
18187,,Ignite Telecommunications Inc,broadband,2023-Q2,2023,2,24.810569407653425,20.56388574650655,16.330526110062916,15.155943090523479,42.91079690585912,28.689500000000002,3041,124,0.037667335372315786,True
142424,,"Unique Cable Network, Inc.",broadband,2023-Q2,2023,2,20.529066577161874,23.497718398255074,13.052434124986986,18.217548265551933,100.83075196715706,69.988,2926,5,0.03624288829312594,True
137996,,"HGC Global Communications (Philippines), Inc.",broadband,2023-Q2,2023,2,50.55636950279509,32.43050197985653,11.346129148592091,9.10183336373207,75.4017159051872,46.975,2914,45,0.03609425033703657,True
135582,,Galaxy Cable Corp.,broadband,2023-Q2,2023,2,39.790406566372106,23.181868061384225,30.207184911613613,15.223907248975564,36.080787666433075,9.0535,2855,232,0.03536344705293047,True
132464,,Barbaza Multi-Purpose Cooperative,broadband,2023-Q2,2023,2,14.383388243029934,10.783384970226821,9.954710872899534,4.347848258769894,98.13923917672108,60.423500000000004,2833,87,0.035090944133433284,True
139752,,"Multinetwork Cable Television, Inc",broadband,2023-Q2,2023,2,22.212372423274203,6.366528914005106,20.250334142749015,5.004004973871591,60.9633179916318,49.15,2629,133,0.03256409887991391,True
138987,,CHARLES CATV SYSTEMS INC,broadband,2023-Q2,2023,2,58.436216182557686,31.55400604969661,22.320741705679314,10.076766439604992,52.164998095963455,42.3465,2629,13,0.03256409887991391,True
138543,,Cablevision Systems Corporation,broadband,2023-Q2,2023,2,26.50421344497472,21.711239870788717,20.745498385594836,16.03866132092639,46.78386276758408,10.173,2617,171,0.03241546092382453,True
15084,,Concentrix CVG Corporation,broadband,2023-Q2,2023,2,15.870809562612573,11.11940400902778,8.699805576843623,3.9485941427494238,61.820436625194404,55.0,2572,128,0.03185806858848938,True
139464,,KMC Mag Solutions,broadband,2023-Q2,2023,2,132.26670864242192,66.19064961187077,65.41247965228115,15.575694597609793,42.56129097387172,15.6005,2532,58,0.031362608734858126,True
137404,,KCAT,broadband,2023-Q2,2023,2,16.48487024945966,11.688582741958685,9.90119348912119,7.155735282059282,55.755053333333336,23.079,2478,16,0.03069373793245594,True
136803,,TELMARC CORPORATION,broadband,2023-Q2,2023,2,12.83450119096635,12.430727704170595,8.284807941370856,7.459894187682416,30.013279624893432,6.0,2346,21,0.029058720415472816,True
150450,,"Kinahugan Bojol Communications, Inc.",broadband,2023-Q2,2023,2,18.961507254897555,14.71195752629353,9.108944790146962,5.078798966871471,98.89502730819244,73.33,2313,139,0.028649966036227034,True
138929,,Cebu Cable TV Management Corporation,broadband,2023-Q2,2023,2,47.854662072502315,34.478161788137044,28.844245765937124,25.926534617767203,58.380074673864144,44.0,2224,71,0.027547567861897503,True
135423,,Total Information Management Corporation,broadband,2023-Q2,2023,2,35.59561248044842,25.554955204590087,20.06071952403578,12.529943175375156,79.63367508337305,48.72,2101,47,0.026024028811981407,True
139846,,StarCable,broadband,2023-Q2,2023,2,32.10607611391565,26.585413067857772,23.877606111894742,19.12273195176297,101.82869598373156,87.696,1971,98,0.024413784287679846,True
135549,,"NEW WORLD CATV, INC.",broadband,2023-Q2,2023,2,23.187304050278367,21.805908960270035,20.48350383288632,18.109240787496518,56.0348540071465,41.984,1961,25,0.024289919324272033,True
149848,,CELEBRITY CABLE NETWORK INC,broadband,2023-Q2,2023,2,13.067144614000956,14.631161039630806,7.762114365022025,11.914766348727191,69.93786632124353,46.988,1934,60,0.02395548392307094,True
139900,,RELIANCE CATV AND ENTERTAINMENT SERVICES,broadband,2023-Q2,2023,2,29.284921341327777,26.99684931560519,18.836126367846294,18.60327542900378,107.53596428571429,101.768,1933,10,0.023943097426730158,True
149170,,TOLEDO CABLE TV,broadband,2023-Q2,2023,2,16.636020706975007,15.455715946210663,15.013341735896649,13.580332450967923,90.63315825091097,79.252,1921,12,0.023794459470640784,True
142009,,Misamis Cable Management and Development Corp,broadband,2023-Q2,2023,2,19.84121939163261,19.140639690912227,14.758578883765505,12.765783873919748,101.3692621204049,76.72,1877,150,0.02324945363164641,True
141676,,St. Joseph Cable TV System,broadband,2023-Q2,2023,2,20.89058294126375,9.495733029063011,10.730630268882612,9.532924340776734,153.62416388140164,71.013,1857,124,0.023001723704830782,True
132505,,Concentrix Daksh Services Philippines Corporation,broadband,2023-Q2,2023,2,19.94429814781926,11.567973187425846,12.476944260664236,4.77710597983131,52.16246289537713,43.122,1644,5,0.020363399984244378,True
132054,,Rising Star Cable TV Services,broadband,2023-Q2,2023,2,23.633716919160996,14.518522004993526,15.523575022196194,9.750921298157404,67.36650221940393,61.101,1578,18,0.019545891225752815,True
142271,,EWS DS Networks Inc,broadband,2023-Q2,2023,2,41.579944522405675,25.04989676698498,33.07630168608557,19.17842052003243,31.895861804222648,5.05,1563,9,0.019360093780641095,True
15347,,IBEX Global Solutions,broadband,2023-Q2,2023,2,61.02050322610042,34.91535808052446,48.18914012581912,15.288646535923775,90.1228025974026,73.388,1540,4,0.019075204364803127,True
45209,,"University of the Philippines, Los Banos Campus",broadband,2023-Q2,2023,2,148.18009007897217,97.43729476641295,64.03013907601465,33.514897195737014,44.27352142386289,5.82,1518,13,0.01880270144530594,True
18188,,Ateneo de Manila University,broadband,2023-Q2,2023,2,112.10260743941154,84.3902023613508,51.60210565532703,40.768574091530276,30.958444074567243,3.947,1506,18,0.018654063489216565,True
131306,,CITI Cableworld Inc.,broadband,2023-Q2,2023,2,29.5198745819776,19.671941279040816,25.676903414949273,13.440811071535514,68.2084148199446,48.801,1446,41,0.01791087370876969,True
134802,,Naic Cable TV Corp.,broadband,2023-Q2,2023,2,23.273402765771625,18.51400734448443,14.958322819806726,9.30574550807187,42.60313430656934,8.048,1371,4,0.016981886483211094,True
140927,,SKY MOVIE PHILIPPINES CATV,broadband,2023-Q2,2023,2,19.270166740246975,20.382729266242965,9.800273918120642,10.787644258696622,88.66606927710842,80.3415,1329,130,0.016461653636898284,True
150704,,DEARBC Connect,broadband,2023-Q2,2023,2,29.47102377666798,19.52982444729848,17.876313306708404,7.592871581741705,112.10807110438729,103.5455,1322,143,0.016374948162512813,True
132792,,"University of the Philippines Visayas, Miagao",broadband,2023-Q2,2023,2,42.50434014600466,33.5692141482346,20.704525840332312,12.501303043763285,47.543652414885194,32.653,1264,4,0.0156565313747475,True
142581,,Mambulao Cable Television,broadband,2023-Q2,2023,2,19.428574939141352,18.690358611783573,11.639030019373312,11.034457368837462,115.18237931034483,84.207,1218,20,0.015086752543071564,True
138025,,RBC Cable Master System,broadband,2023-Q2,2023,2,31.17159864632439,28.596112274220314,20.186854791104935,17.6610250810949,76.20927036104113,64.927,1192,98,0.014764703638211252,True
141709,,Clare Cable TeleVision,broadband,2023-Q2,2023,2,30.04529537024873,19.826718735955833,26.072627319013478,12.655468007631786,72.17391062394603,50.5245,1186,6,0.014690384660166565,True
141016,,SM Investments Corporation,broadband,2023-Q2,2023,2,65.85367980658555,30.056955359102663,26.009101672755023,9.291469995893777,30.055492814877432,3.0,1183,11,0.01465322517114422,True
18360,,Santo Tomas E-Service Providers,broadband,2023-Q2,2023,2,49.12879544347335,42.97762281998165,17.24565249650716,9.332725921941103,49.8068586118252,28.973,1167,9,0.01445504122969172,True
138961,,Paradise Cable Television Network,broadband,2023-Q2,2023,2,11.62285654782708,13.252682493026043,5.473067176530066,4.786023652498239,96.79036291739895,86.81299999999999,1138,43,0.014095832835809063,True
140549,,SHIFT DATA SERVICES INC,broadband,2023-Q2,2023,2,36.729149689881595,24.411834749483287,15.390841930736148,6.630055892535616,65.49174051191528,54.598,1133,165,0.014033900354105157,True
134431,,News and Entertainment Network Corp,broadband,2023-Q2,2023,2,24.11465500062743,18.679443671251928,13.237770040198553,5.004311605743715,103.11925287356321,79.0,1132,94,0.014021513857764376,True
134966,,Southern CableVision Inc.,broadband,2023-Q2,2023,2,23.911025415137402,13.716209229073947,23.74060715384661,8.530919660967292,99.56908333333334,90.2125,1129,13,0.013984354368742033,True
131465,,"Marbel Telephone System, Inc.",broadband,2023-Q2,2023,2,44.06115495662068,27.688731837641356,20.17002310666559,11.899139937963248,53.25259838274933,29.019,1113,2,0.013786170427289532,True
149645,,"Spectrum Cable network and broadband, Inc.",broadband,2023-Q2,2023,2,63.36750603594213,57.58479438916371,48.86632137865432,45.2155696747906,76.24156859205776,49.6935,1108,113,0.013724237945585626,True
6648,,"Bayan Telecommunications, Inc.",broadband,2023-Q2,2023,2,42.55971057766547,31.63930748804337,8.711650493480626,2.6495117483765775,87.77188857677903,33.293,1069,39,0.013241164588295157,True
150447,,Woofy Incorporated,broadband,2023-Q2,2023,2,40.24760000844134,36.80945507005672,29.07457057857522,28.304675243993454,59.7543194980695,64.0,1036,34,0.012832410209049376,True
142555,,"Z-ENERGY CATV NETWORK, INC.",broadband,2023-Q2,2023,2,13.415443759748491,12.11456219685669,13.608378042735357,10.195182487211625,113.18078400000003,99.071,1003,199,0.012423655829803594,True
22351,,INTELSAT GLOBAL SERVICE CORPORATION,broadband,2023-Q2,2023,2,2.137398588750747,0.7825354076515765,1.597380218046382,0.48206284909623565,128.12913494461228,125.813,993,27,0.012299790866395783,True
132615,,Pipol Broadband,broadband,2023-Q2,2023,2,9.953218497526045,8.458644667642151,8.455931278654003,7.095783521489682,39.906377032520325,11.0945,984,250,0.01218831239932875,True
63927,,RISE,broadband,2023-Q2,2023,2,45.05670174119694,42.33856514421711,16.363017191622937,14.615423715840816,35.296441908713696,17.7065,965,55,0.011952968968853906,True
134241,,M7 Telecommunications Corporation,broadband,2023-Q2,2023,2,11.798592697890808,12.61358549059985,8.219713465079176,7.950204285902301,97.85251811196488,81.987,914,73,0.011321257655474063,True
214049,,Netera LLC,broadband,2023-Q2,2023,2,13.6334030030532,11.247131990369889,9.274445406751221,9.295544748783644,89.84707464324916,78.823,912,4,0.0112964846627925,True
142414,,MALASIMBU CATV CORP,broadband,2023-Q2,2023,2,27.714871249277515,25.513358233025674,22.357152826661522,21.68109313150195,91.40558324145536,89.703,907,102,0.011234552181088594,True
132454,,"Philippine Telegraph and Telephone Corporation,",broadband,2023-Q2,2023,2,38.8652298104639,23.327286194172345,19.262227804951067,16.652788405828137,30.210254966887415,5.4195,906,32,0.011222165684747813,True
133064,,SLMC INFRASTRUCTURE,broadband,2023-Q2,2023,2,70.72242591577896,84.26238290374354,44.997724622827604,43.94493355775061,27.355670022371363,21.982,894,13,0.011073527728658439,True
45600,,"University of the Philippines, Manila",broadband,2023-Q2,2023,2,82.82817728359585,53.46992258636976,66.95958866262681,25.200844731456524,25.82083428571428,18.048,875,340,0.010838184298183595,True
149825,,RFi Fiber,broadband,2023-Q2,2023,2,19.611802441564873,14.469655126839884,15.360950388123381,9.79838686489906,29.274800915331806,7.569,874,9,0.010825797801842814,True
38722,,Conduent Business Services Philippines Inc.,broadband,2023-Q2,2023,2,15.650292737572927,8.131790234802283,2.9134126824902644,1.0178827300395907,151.1052806603774,90.56700000000001,850,5,0.010528521889664064,True
59322,,Black Fiber Solutions Corporation,broadband,2023-Q2,2023,2,34.19434084242467,30.13343922588265,21.04343706355975,18.005801079343442,24.352678953626633,5.0,841,79,0.010417043422597033,True
139213,,"Hillview Cable Systems, inc.",broadband,2023-Q2,2023,2,29.888077370162783,14.708526217123458,22.09020530804506,4.374494999186937,56.404203907203915,42.213,819,64,0.010144540503099845,True
147174,,POLARIS CABLE VISION INC.,broadband,2023-Q2,2023,2,31.891307371239854,21.190533864033622,18.759640991602666,13.02791142548492,71.16771573604062,44.0535,788,26,0.009760559116535625,True
131276,,Mega Speed ICT Solutions Inc.,broadband,2023-Q2,2023,2,31.896455967025453,25.96980998208064,18.473352122862078,10.695182708223317,70.1048367071525,45.287,741,29,0.009178393788518906,True
147042,,Panabo Satellite Cable Television Inc.,broadband,2023-Q2,2023,2,20.19934050312452,19.192013767607545,14.996491192232892,16.073372675012855,104.74799593495933,95.328,738,55,0.009141234299496563,True
137184,,Suniway Group of Companies Inc.,broadband,2023-Q2,2023,2,38.36809045998929,37.23734619237878,15.223617824061364,16.141423026850454,71.33903835616437,41.257,730,108,0.009042142328770313,True
17895,,"Globalreach eBusiness Networks, Inc.",broadband,2023-Q2,2023,2,29.743717670080134,20.98970572944454,15.30794776924872,8.716238722907704,43.66925633383011,32.961,671,62,0.00831133904466422,True
135366,,Zafra Cable TV Network Inc.,broadband,2023-Q2,2023,2,27.351301127422108,16.49324130679396,19.732687013113356,11.25337619813681,70.5686396946565,61.157,655,5,0.008113155103211719,True
138969,,"Marbel Services and Television System, Inc.",broadband,2023-Q2,2023,2,9.241074955909797,2.7663110861703646,9.551608462005756,0.34558331725041913,120.4355546357616,103.8215,604,31,0.007481443789831875,True
138970,,Wesfardell Cable Services,broadband,2023-Q2,2023,2,17.615620492975484,14.535735283698854,12.48693998255171,9.342359665262633,75.51296511627908,28.944000000000003,604,3,0.007481443789831875,True
149509,,Xfiniti Internet Communication Services,broadband,2023-Q2,2023,2,21.209164816145766,17.414400500080514,15.741149510788551,11.024061893312433,104.82388640275389,62.74,581,134,0.007196554373993907,True
136244,,Panay Broadband / Buenavista Cable TV Inc.,broadband,2023-Q2,2023,2,12.353954813141085,12.779814286279679,5.199124599572919,3.7524362862463008,60.63406086956522,42.943,575,17,0.007122235395949219,True
395793,,Arisk Communications inc.,broadband,2023-Q2,2023,2,33.7014257605161,26.94552318082642,11.202686937520896,7.489338944990348,72.53616396396399,61.217,556,29,0.006886891965474376,True
33680,,TELEPERFORMANCE USA,broadband,2023-Q2,2023,2,206.05203313248592,148.96843122023566,93.46119092567113,90.25286750217005,42.466811900191935,35.572,521,4,0.0064533645935470315,True
150707,,Romblon Cable Corporation,broadband,2023-Q2,2023,2,20.636799415905266,17.425662787533827,16.46624477927712,12.195450431009483,85.48956730769231,78.67349999999999,520,29,0.006440978097206251,True
45166,,Pacific Internet Pte Ltd,broadband,2023-Q2,2023,2,41.22862198589023,31.618094093886913,44.92910140610303,36.40476308321537,37.528398734177216,29.0865,474,16,0.005871199265530313,True
141754,,Emapta Versatile Services Inc,broadband,2023-Q2,2023,2,52.91189800500693,35.90490107619324,41.77914069387152,23.364336975391485,35.51364559819413,12.548,443,10,0.005487217878966094,True
131245,,University of the Philippines,broadband,2023-Q2,2023,2,30.13330059148538,24.71862590014348,9.30311468722714,7.429221009007099,24.05194688221709,4.922,433,4,0.005363352915558282,True
137406,,Airlive Communications Inc.,broadband,2023-Q2,2023,2,26.124439931237177,19.717882537243618,15.57878529328116,10.727871949904989,56.93779118329467,41.869,431,64,0.005338579922876719,True
135499,,"Tiger Resort Leisure & Entertainment, Inc. (TRLEI)",broadband,2023-Q2,2023,2,13.400069652261983,9.099908458235456,11.703075354483806,8.866658260653148,50.08425178147269,48.993,421,10,0.005214714959468907,True
147178,,TierOne Communications International Inc,broadband,2023-Q2,2023,2,5.597315690364189,2.8644830489770317,3.9824931001762818,0.9486599301166325,81.55954591836736,72.821,392,5,0.0048555065655862505,True
131253,,De La Salle-Lipa,broadband,2023-Q2,2023,2,7.69659229844314,8.062276856398064,8.832691755684571,9.21591593605019,22.26992187500001,4.716,384,13,0.00475641459486,True
58437,,MAPUAEDU,broadband,2023-Q2,2023,2,19.116027698864094,10.746277471434682,13.106830889005757,6.168574007084841,39.3857579787234,4.503,376,9,0.00465732262413375,True
141196,,DEPARTMENT OF INFORMATION AND COMMUNICATION TECHNOLOGY,broadband,2023-Q2,2023,2,5.734814062336034,2.9724507391568817,4.521323067360149,2.3381165370719845,145.07611014492753,127.81,345,20,0.004273341237569532,True
29736,,"Disney Worldwide Services, Inc.",broadband,2023-Q2,2023,2,128.02464368054729,64.10396123412643,32.564249528728375,5.715855523371675,130.44313213213212,53.281,333,9,0.004124703281480156,True
137487,,Manila Electric Company,broadband,2023-Q2,2023,2,58.79084610998223,64.27847937699657,32.554951638709106,20.170053203674104,33.872884848484844,8.0855,330,21,0.004087543792457813,True
138689,,"CONCEPCION PAY-TV NETWORK, INC.",broadband,2023-Q2,2023,2,18.040529484928,9.97753340046694,9.086122080604621,2.3431392046788218,73.28810769230768,47.838,325,27,0.004025611310753906,True
140878,,Philippine National Police,broadband,2023-Q2,2023,2,98.90517192628579,56.00087330157782,65.19194020253175,12.38781473376979,36.56248923076924,36.31,325,5,0.004025611310753906,True
7629,,EPLDT,broadband,2023-Q2,2023,2,27.191342159603742,12.71181962642894,11.496913019970108,4.8179293971226365,192.8658107142857,223.154,280,18,0.0034682189754187505,True
19197,,"Stefanini, Inc.",broadband,2023-Q2,2023,2,28.71099914163359,14.38858964080443,14.231845155815016,5.120938358806592,63.96342264150944,58.945,265,2,0.0032824215303070316,True
136216,,Channel Information Technology Support and Leasing Services Inc.,broadband,2023-Q2,2023,2,184.05483024824375,105.19827403968267,201.83391171790714,80.24134162500846,27.22356818181818,14.4955,264,68,0.00327003503396625,True
149802,,MT Cable Television Network,broadband,2023-Q2,2023,2,29.160708587895343,22.028388339445513,26.926384352573866,21.471194358783602,96.47110687022901,61.980000000000004,263,11,0.003257648537625469,True
137941,,Mabuhay Cable TV Inc,broadband,2023-Q2,2023,2,40.618177796427396,24.842231068804914,28.721493254629507,7.519085279016956,154.68433992094867,21.494,253,1,0.0031337835742176563,True
151405,,WISE CABLE TV,broadband,2023-Q2,2023,2,21.98099179758849,19.408697310720136,22.99415780048428,18.855324300808302,140.5257379032258,128.976,248,3,0.00307185109251375,True
138915,,Kaopu Cloud HK Limited,broadband,2023-Q2,2023,2,6.007778680215627,4.511309785378275,0.5891882255998365,0.18949965126830842,114.1920254237288,71.5975,237,27,0.0029355996327651564,True
38609,,"American Data Exchange Corporation Ltd.,",broadband,2023-Q2,2023,2,51.09727023498299,23.982901451968274,35.62558377364979,6.97600053656268,91.1514861111111,56.9985,216,6,0.0026754832096087503,True
18214,,TELUS INTERNATIONAL,broadband,2023-Q2,2023,2,81.98143712870038,54.215740450126894,84.4358376575765,5.948252041398367,97.26693137254901,61.212,205,4,0.0025392317498601565,True
132141,,Penthouse,broadband,2023-Q2,2023,2,56.13010249068731,25.465544361067195,35.13584190510018,4.371874419460077,135.24933497536944,108.016,203,1,0.002514458757178594,True
64008,,Department of Social Welfare and Development,broadband,2023-Q2,2023,2,75.9314847086238,24.54435603105542,55.43623158657391,12.533680637957183,62.098942105263156,58.396,190,3,0.0023534343047484376,True
139204,,RACITELCOM Inc.,broadband,2023-Q2,2023,2,18.159184954070135,11.96596673105491,11.965960795602024,8.426359224776682,67.81392349726775,45.748,183,17,0.002266728830362969,True
132905,,AS number of Ateneo de Davao University,broadband,2023-Q2,2023,2,50.173490949794754,45.24944032208128,44.34451747292876,18.698057621660766,92.52515384615386,70.2595,182,19,0.002254342334022188,True
58757,,Ace Wireless Network Phils. Inc.,broadband,2023-Q2,2023,2,17.61828667031463,20.911821871176958,4.884554523601944,4.7626897359717395,84.3020994475138,63.659,181,10,0.0022419558376814063,True
134996,,"BSITC PHILS., INC.",broadband,2023-Q2,2023,2,42.2924985947861,17.419041408911543,35.14032321419,9.328358547760212,64.20153631284917,56.613,179,16,0.002217182844999844,True
138496,,"Inspiro Relia, Inc",broadband,2023-Q2,2023,2,100.06105923424481,73.67665568714006,84.98421221489386,53.69040513529234,53.85038068181818,39.9725,176,2,0.0021800233559775,True
135409,,Kacific Broadband Satellites Pte Ltd,broadband,2023-Q2,2023,2,5.803131392904693,1.4857040421482681,5.054565544417967,1.524516476976401,57.19201190476189,55.331,168,17,0.00208093138525125,True
4759,,TEXTRON CORPORATION,broadband,2023-Q2,2023,2,7.942090209753306,7.530369177229509,5.027694780479314,4.194495387095616,59.12343558282209,29.173,163,43,0.002018998903547344,True
45865,,INFORPSSC,broadband,2023-Q2,2023,2,84.20441732752025,80.22697167878594,55.632852956260315,51.53843035424843,57.58049044585988,56.068,157,4,0.0019446799255026564,True
141238,,Qualfon is a business process outsourcing company providing contact center services for various companies around thew world.,broadband,2023-Q2,2023,2,57.69882001378419,42.574732003086545,42.85549503615042,20.619379230401854,92.1494331210191,73.357,157,7,0.0019446799255026564,True
32043,,NeoFiber Communications inc.,broadband,2023-Q2,2023,2,42.542859950056425,26.040809267931476,27.53992920902,16.64033274172143,52.577403973509945,54.604,151,17,0.0018703609474579688,True
4637,,Telstra Global,broadband,2023-Q2,2023,2,68.60911778566894,44.37430177256316,25.9442750207929,9.948688349380975,70.84042857142857,47.257,147,31,0.001820814962094844,True
58907,,Acquire BPO Pty Ltd,broadband,2023-Q2,2023,2,99.29559978717296,92.62847430947969,32.772078782414454,13.257216677659791,73.47706617647059,57.753,136,15,0.0016845635023462501,True
137846,,Sharp Viewing Entertainment Corporation,broadband,2023-Q2,2023,2,9.812002152655197,10.416898967277051,5.908327905096488,4.033259819038043,187.32212878787874,211.273,132,1,0.001635017516983125,True
135132,,Dreamscape Networks Inc.,broadband,2023-Q2,2023,2,214.02009215665313,88.71110208575935,157.31007739379876,41.97210068326017,42.964914728682174,16.161,129,17,0.0015978580279607814,True
274879,,DYNAMIC NETWORKS SOLUTIONS SAS ZOMAC,broadband,2023-Q2,2023,2,6.756232104940268,8.770604343216542,7.269255214280671,10.719906452299405,94.3241370967742,105.926,124,4,0.001535925546256875,True
203101,,Navarino Single Member S.A.,broadband,2023-Q2,2023,2,117.58853417307728,0.5582705334949585,45.3461799727921,0.3725052736207963,22.409258064516127,0.615,124,13,0.001535925546256875,True
133198,,"iOne Resources, Inc.",broadband,2023-Q2,2023,2,41.85635572206063,26.175506592907475,31.413344255916115,6.433324990593169,71.81315447154472,27.032,123,2,0.0015235390499160938,True
22773,,Cox Communications Inc.,broadband,2023-Q2,2023,2,70.75287067576527,77.02159035216796,52.33946475603994,29.20894654360996,66.50648717948717,41.99,117,7,0.0014492200718714064,True
5377,,Marlink AS,broadband,2023-Q2,2023,2,1.7659072922994667,0.2906904490561068,0.9154509967378021,0.17522390522308026,74.80755652173913,73.944,115,5,0.0014244470791898438,True
18190,,SunValley New Oriental,broadband,2023-Q2,2023,2,24.90673824675015,29.960383384687916,18.921774763530742,26.239162683937515,55.64742105263159,32.3595,114,26,0.0014120605828490626,True
136982,,Integranet Network Services,broadband,2023-Q2,2023,2,13.88234181096914,7.676145230698381,8.436642349511105,3.0534020645154323,93.84982300884954,90.0,113,32,0.0013996740865082813,True
63938,,Pulo Diezmo Rd.,broadband,2023-Q2,2023,2,18.497612877162936,7.906093033001508,12.164334341732395,7.332898921720795,52.771575471698114,7.253,106,2,0.0013129686121228126,True
63848,,De La Salle-College of Saint Benilde,broadband,2023-Q2,2023,2,126.69156437186844,44.96998851281465,73.54570950577643,5.366422186878291,57.11176923076924,55.882,105,3,0.0013005821157820313,True
132059,,"762 Quirino Highway, San Bartolome",broadband,2023-Q2,2023,2,9.918376596046809,8.765165700947222,5.9213239569614595,4.759550043168161,64.03594285714286,60.974,105,9,0.0013005821157820313,True
131281,,"University of the Philippines, Visayas Cebu Campus",broadband,2023-Q2,2023,2,38.018939080334675,39.199731479097935,9.127762202448325,7.835756689821903,35.55933980582524,18.711,103,7,0.0012758091231004688,True
32806,,MTNSAT Holdings LLC,broadband,2023-Q2,2023,2,1.9082211831809346,1.0530949572480945,1.3955596924705158,0.9890595291978379,651.8041359223301,675.967,103,4,0.0012758091231004688,True
45351,,ABS CBN,broadband,2023-Q2,2023,2,99.89030401275363,103.67042712053085,40.00654781715623,24.43729885119921,53.7004411764706,45.364000000000004,102,5,0.0012634226267596877,True
153174,,Aioni Digital and Data Solutions Inc.,broadband,2023-Q2,2023,2,23.257542372332814,13.059017035873147,19.22021978439796,7.003453101931905,32.30937373737375,21.24,99,12,0.0012262631377373439,False
136513,,Corporate Technologies Incorporated,broadband,2023-Q2,2023,2,46.68161392518982,35.644408105816055,24.1331093985759,9.334863728850294,20.232711340206183,24.0,97,4,0.0012014901450557813,False
140593,,ULAP Networks Inc.,broadband,2023-Q2,2023,2,136.381203257043,68.97662956622294,76.34386568926404,61.75693798889922,22.771515463917524,4.318,97,9,0.0012014901450557813,False
135162,,eUP-University of the Philippines System,broadband,2023-Q2,2023,2,59.555406444568355,54.900996588380934,40.41089461670294,58.89486840088225,13.946644444444443,3.482,90,30,0.0011147846706703126,False
58706,,Xavier School,broadband,2023-Q2,2023,2,48.18671806538141,37.36212963360606,45.88246715026868,35.09202970482293,21.918588235294116,3.78,85,1,0.0010528521889664063,False
203724,,Musarubra Germany GmbH,broadband,2023-Q2,2023,2,91.12323520835915,11.522811191460407,59.91421061762675,2.1314139938702654,124.39684146341463,116.301,82,1,0.0010156926999440627,False
140984,,WTW HIGHTECH COMPANY INC,broadband,2023-Q2,2023,2,45.1961337112757,41.99922041711189,34.13700786689165,15.14182227049271,63.73108641975308,41.563,81,21,0.0010033062036032814,False
138569,,Tech2go Strategic IT Solutions,broadband,2023-Q2,2023,2,19.164473234815635,5.587271591412391,12.400729549794537,2.373648395073679,102.31025,97.32249999999999,80,11,0.0009909197072625001,False
25222,,Inmarsat Solutions B.V.,broadband,2023-Q2,2023,2,1.1868385766964307,0.6203891593199791,1.05863733743577,0.6381603400623762,409.42756756756756,493.69100000000003,74,5,0.0009166007292178126,False
38445,,WiPro BPO Philippines LTD Inc.,broadband,2023-Q2,2023,2,31.00655147992296,27.024618267507094,4.458516396262545,2.484198901326927,60.3145,5.0,74,7,0.0009166007292178126,False
17452,,Bitstop Inc,broadband,2023-Q2,2023,2,15.13103381134447,10.217238724140888,9.388476720480421,6.942480427861561,34.432,17.823,69,6,0.0008546682475139063,False
14499,,ALORICA INC,broadband,2023-Q2,2023,2,169.62190578656885,136.71120270597464,84.32053910134888,88.22338748620878,40.955828125000004,29.652,64,2,0.0007927357658100001,False
38301,,Trec Global Pacific Transit AS,broadband,2023-Q2,2023,2,34.41525350141284,33.68204409710804,19.962429918508967,19.98227397817236,60.393683333333335,57.492999999999995,60,2,0.0007431897804468751,False
23732,,Sagility Philippines B.V. Branch Office,broadband,2023-Q2,2023,2,53.89968677854761,21.239440322166406,9.986495741745067,2.5115912778970735,112.70132758620689,61.882000000000005,58,6,0.0007184167877653126,False
134414,,De La Salle-Greenhills,broadband,2023-Q2,2023,2,50.90963200026687,52.12515702507806,37.2876123724197,28.70692133271372,73.25108928571429,33.283500000000004,56,1,0.00069364379508375,False
136462,,Mootech Asia,broadband,2023-Q2,2023,2,38.121966542507096,37.196472214590145,35.57788439808083,27.7504002942096,56.89739622641509,43.107,53,4,0.0006564843060614063,False
17550,,San Miguel Corporation,broadband,2023-Q2,2023,2,20.91405966725225,11.615836561868822,9.539053311684153,3.5347254844201426,65.48645833333332,24.4985,48,4,0.0005945518243575,False
206804,,EstNOC OU,broadband,2023-Q2,2023,2,26.365250450434182,12.778202531383888,14.435896194816928,9.307739129358342,54.73362222222223,19.0,45,16,0.0005573923353351563,False
132716,,"1 Solaire Boulevard,",broadband,2023-Q2,2023,2,58.238198735719195,37.72591776309579,9.924805831314522,3.440313378846928,55.26961363636362,34.116,44,2,0.000545005838994375,False
17721,,"International Rice Research Institute,",broadband,2023-Q2,2023,2,149.64016000155536,79.92227928182866,88.67160464396787,35.56160534198742,53.89300000000001,30.238,43,4,0.0005326193426535938,False
151324,,BONGAO CABLE TV - ISABELA,broadband,2023-Q2,2023,2,4.025079921806178,23.90064993524286,3.97737068848268,5.709162009223192,32.52956097560976,24.0,41,2,0.0005078463499720313,False
45218,,"Coca-Cola FEMSA Philippines, Inc.",broadband,2023-Q2,2023,2,23.97250390541348,7.472063888174573,21.12235283177067,4.224092983684536,59.39504878048782,54.697,41,2,0.0005078463499720313,False
132844,,Ateneo de Manila University,broadband,2023-Q2,2023,2,63.816989147785485,30.01801376556697,43.19486154419975,18.438902202406616,28.82091891891892,31.0,37,4,0.0004583003646089063,False
137417,,Cambridge University Press is the publishing business of the University of Cambridge in UK,broadband,2023-Q2,2023,2,110.55126876759547,66.39982790252225,121.96905582999236,65.49568700921094,56.12008823529412,49.7395,34,1,0.00042114087558656253,False
23689,,Makati Shangri-La,broadband,2023-Q2,2023,2,31.59703528800481,22.030967855408704,9.554814068568705,9.211122292000562,47.607218749999994,28.687,32,3,0.00039636788290500004,False
136404,,BICOLANDIA CABLE TV INCORPORATED,broadband,2023-Q2,2023,2,52.06291056582112,39.719231644543896,46.798319810551654,35.27168479600291,51.02238709677418,48.17,31,4,0.00038398138656421877,False
134416,,De La Salle-Zobel,broadband,2023-Q2,2023,2,52.28344808183946,21.671177643397627,16.828551802937607,1.5525373606530761,11.557096774193548,3.439,31,1,0.00038398138656421877,False
136777,,247 Customer Philippiness inc,broadband,2023-Q2,2023,2,180.93745270943242,97.07704463052117,124.82901021809059,4.547392677510878,38.15141935483871,17.0,31,5,0.00038398138656421877,False
133778,,GY Consultancy Group Inc.,broadband,2023-Q2,2023,2,33.88857488117517,11.62918298631865,19.164467401089546,1.2213764212208313,86.02706896551722,47.16,29,9,0.0003592083938826563,False
38577,,LEEKIE-EN,broadband,2023-Q2,2023,2,23.53070822198651,16.670192541161487,18.434948310560717,9.886792230519056,32.31882758620689,5.0,29,3,0.0003592083938826563,False
134213,,Netify Communications Corp.,broadband,2023-Q2,2023,2,101.19475710914261,33.61027120050544,94.90544847436638,7.87807386823749,51.21862068965517,41.386,29,21,0.0003592083938826563,False
135122,,MILLAWAVE,broadband,2023-Q2,2023,2,8.322061824418792,2.0454826771067918,3.363948110878479,0.39877620285106696,159.21876923076928,172.649,27,2,0.0003344354012010938,False
154735,,AXA Philippines Life and General Insurance Company,broadband,2023-Q2,2023,2,15.870937174426285,19.5003007487949,5.198298738147826,5.12660229493434,30.596111111111114,4.217,27,10,0.0003344354012010938,False
23887,,PRODATANET INC.,broadband,2023-Q2,2023,2,12.518672547402657,9.775707163031983,5.24264192978988,3.8988032713958445,30.08984,9.605,25,7,0.0003096624085195313,False
139333,,"Global Agility Solutions, LLC",broadband,2023-Q2,2023,2,97.29129462179985,75.89667532483652,98.99491382610847,76.2580707266066,43.75808333333333,35.658,24,1,0.00029727591217875,False
149027,,Neo-Tech Asia Distribution Inc.,broadband,2023-Q2,2023,2,68.61129264078687,41.8512388157292,4.465915657974289,4.207895797684307,110.78995833333335,43.7685,24,2,0.00029727591217875,False
55437,,"WIT Phils., Inc.",broadband,2023-Q2,2023,2,12.777621956927424,2.0371910470436276,16.745482447374837,3.0353875045083427,142.66878260869566,86.593,23,4,0.0002848894158379688,False
17445,,Universal Robina Corporation,broadband,2023-Q2,2023,2,127.45021357355677,111.77926532352173,118.78189782473999,132.02923357133463,14.126699999999996,3.7225,20,6,0.00024772992681562503,False
38483,,"RCG INFORMATION TECHNOLOGY, AS CONTENT PROVIDER MANILA",broadband,2023-Q2,2023,2,30.159089274215376,30.40509437166839,33.552448668133785,22.833370330950686,84.36599999999999,76.837,20,1,0.00024772992681562503,False
140619,,JSLINK INTERNATIONAL CORPORATION,broadband,2023-Q2,2023,2,10.638532292571572,2.5284026376903075,4.769705484728686,0.3012931911351813,48.178549999999994,30.534,20,5,0.00024772992681562503,False
139614,,BANGKO SENTRAL NG PILIPINAS,broadband,2023-Q2,2023,2,10.357650726971501,16.04457976370573,6.194527448919535,2.074737156830983,75.78215789473684,67.744,19,4,0.00023534343047484376,False
10141,,DFNN Group of Companies,broadband,2023-Q2,2023,2,10.362706507770433,8.318347074200503,10.341988101888436,8.72844534534976,40.35233333333334,31.9095,18,1,0.0002229569341340625,False
59342,,ABSATELLITE BBS-PH,broadband,2023-Q2,2023,2,38.033726529782534,22.38175187902284,23.363316349008777,16.404923669602507,60.85727777777777,35.7675,18,5,0.0002229569341340625,False
63846,,SGS ASIA PACIFIC LIMITED,broadband,2023-Q2,2023,2,449.5597879268754,196.58753322889635,547.8877767721963,113.58790599468571,68.86733333333333,5.298,18,1,0.0002229569341340625,False
58677,,DOFAIMPNET,broadband,2023-Q2,2023,2,62.263643165584426,64.02518601515428,52.20269036400304,48.638946502132455,23.272111111111112,3.7305,18,1,0.0002229569341340625,False
141210,,Grand Unicom Corp,broadband,2023-Q2,2023,2,48.798640912900595,24.337545222769343,16.215802449671674,19.299633225548718,33.17916666666666,20.0625,18,5,0.0002229569341340625,False
140734,,Watch Tower Bible and Tract Society of the Philippines,broadband,2023-Q2,2023,2,41.03613967421484,30.77244520678581,34.0898495902035,29.463752507745372,82.98961111111112,52.195,18,12,0.0002229569341340625,False
146948,,"Rural Bank of Guinobatan, Inc.",broadband,2023-Q2,2023,2,6.181107711146059,2.71111640818019,5.192368688827984,0.7159970129726482,90.11858823529411,78.99,17,3,0.00021057043779328127,False
142416,,"Itiviti Philippines, Inc",broadband,2023-Q2,2023,2,90.53055621809109,48.76782094646632,93.17244088126336,38.95101814708245,13.443666666666667,13.344,15,1,0.00018579744511171877,False
21433,,Accenture UK Limited,broadband,2023-Q2,2023,2,21.787648103802464,6.138518833391004,17.426999725316435,4.616312756200562,55.267357142857136,37.847,14,4,0.0001734109487709375,False
38334,,"World Health Organization, Western Pacific Regional Office,",broadband,2023-Q2,2023,2,48.62329648702545,45.82021208699041,49.70435980293642,46.42675880277588,28.035571428571426,16.774,14,1,0.0001734109487709375,False
24109,,WNS Global Services,broadband,2023-Q2,2023,2,192.95162878640684,100.71250249569567,149.37423091328498,89.65676855426548,60.82807142857143,60.7415,14,1,0.0001734109487709375,False
23665,,GSNET,broadband,2023-Q2,2023,2,50.14698620565415,23.26691028421047,50.56103757375382,25.089947568251674,51.26971428571428,30.7785,14,2,0.0001734109487709375,False
55343,,Conduent Business Services Philippines Inc.,broadband,2023-Q2,2023,2,121.68931060032519,147.86282943590984,115.27921372255261,106.81715021642421,114.64691666666668,84.5925,12,2,0.000148637956089375,False
36776,,Five9 Inc.,broadband,2023-Q2,2023,2,71.42788124535078,31.9224549432957,78.63041015328147,8.425317514936497,35.69475,35.071,12,1,0.000148637956089375,False
138540,,"The Insular Life Assurance Company, Ltd.",broadband,2023-Q2,2023,2,109.65088725028177,38.30914580667398,109.5280819869988,25.25898034733012,86.0811818181818,29.007,11,2,0.00013625145974859376,False
152173,,Robinsons Bank Corporation,broadband,2023-Q2,2023,2,99.27074007697111,108.83578112762893,85.61387362755,93.1736067800088,31.572636363636374,34.118,11,3,0.00013625145974859376,False
38596,,"Innodata-ISOGEN, Inc",broadband,2023-Q2,2023,2,8.085499912756736,11.222236395468993,2.6583263422315824,2.4722749246808586,154.69054545454543,118.956,11,2,0.00013625145974859376,False
139040,,"CANON BUSINESS PROCESS SERVICES PHILIPPINES,",broadband,2023-Q2,2023,2,36.783255135880694,8.287767930747798,27.67065820721653,7.205323145250574,76.0289090909091,30.955,11,1,0.00013625145974859376,False
140708,,VITRO INC.,broadband,2023-Q2,2023,2,45.14492343473579,20.223222911927056,54.13126552645041,0.24587488398915897,72.4867272727273,10.831,11,1,0.00013625145974859376,False
139630,,Telectronic Systems Inc.,broadband,2023-Q2,2023,2,25.22601258225888,22.32169668589125,8.32753692876269,21.86515744045277,92.33336363636363,76.065,11,4,0.00013625145974859376,False
132843,,Digital Advantage Corp.,broadband,2023-Q2,2023,2,88.71125041221434,44.92930341315659,85.40693896137029,38.697364536149884,22.761374999999997,24.137,8,1,9.909197072625001e-05,False
136260,,IPOINTEAST INC.,broadband,2023-Q2,2023,2,21.312109366601806,16.690887367077128,19.58190587431888,10.712625801850962,110.393,6.226,7,2,8.670547438546875e-05,False
138218,,ABOITIZ EQUITY VENTURES INC.,broadband,2023-Q2,2023,2,41.85371478606305,8.333566512102538,25.38426325740069,8.333566512102538,43.438428571428574,37.114,7,2,8.670547438546875e-05,False
24179,,"IMI, Manufacturing Semiconductors and Electronics",broadband,2023-Q2,2023,2,47.50054520827414,23.77608093382478,24.947030183971844,14.761666867832348,42.13814285714285,6.942,7,2,8.670547438546875e-05,False
17448,,Web.com.ph Inc.,broadband,2023-Q2,2023,2,25.229448257733715,20.607678975817404,17.91120069526046,15.899942782963842,39.36342857142857,32.318,7,2,8.670547438546875e-05,False
7611,,"W NETWORK Inc,",broadband,2023-Q2,2023,2,91.94091611823421,46.5448656188175,91.05980167442439,46.5448656188175,8.415714285714285,2.072,7,2,8.670547438546875e-05,False
63966,,RIZAL1,broadband,2023-Q2,2023,2,20.66096306585299,12.744948556947561,21.23187163857791,14.336427305785417,40.706,47.96,7,2,8.670547438546875e-05,False
17978,,SERVCORP AUSTRALIAN HOLDINGS LTD,broadband,2023-Q2,2023,2,37.53966178273519,56.77744180503439,40.77934281491342,42.6520619309275,109.08514285714286,110.418,7,1,8.670547438546875e-05,False
133585,,Bee Information Technology PH Inc.,broadband,2023-Q2,2023,2,56.27697937168758,43.29514280995611,48.152621656666035,24.292792663063477,91.502,97.38300000000001,6,2,7.43189780446875e-05,False
9304,,HGC Global Communications Limited,broadband,2023-Q2,2023,2,56.22566748712862,37.8007639304408,60.94171735786753,36.781340052278594,75.69283333333333,68.559,6,1,7.43189780446875e-05,False
1828,,Unitas Global,broadband,2023-Q2,2023,2,216.20560626733823,173.46646273865935,237.618017086161,185.12189509664694,27.416599999999995,32.696,5,1,6.193248170390626e-05,False
132554,,Ateneo de Manila University,broadband,2023-Q2,2023,2,64.97483300779187,58.494075638782434,67.40533037505207,70.98103539456409,43.791799999999995,39.268,5,3,6.193248170390626e-05,False
26344,,"Real Page, Inc.",broadband,2023-Q2,2023,2,156.71367636536914,10.5873888593112,179.39073608433762,8.533482338828978,40.18,43.995,5,2,6.193248170390626e-05,False
12684,,SES ASTRA S.A.,broadband,2023-Q2,2023,2,2.9748414607058007,0.873237493196931,3.2193534073148937,0.873237493196931,231.3755,220.196,4,1,4.9545985363125005e-05,False
45343,,AYALA LAND,broadband,2023-Q2,2023,2,29.398042041943448,31.682819391426676,21.95967762295571,2.6108759566900788,95.78575,18.027,4,1,4.9545985363125005e-05,False
132193,,Social Security System,broadband,2023-Q2,2023,2,50.26559682400224,25.141007192482377,42.727415518291,12.175681712069391,15.80825,11.923,4,2,4.9545985363125005e-05,False
136503,,"Personal Collection Direct Selling, Inc.",broadband,2023-Q2,2023,2,69.11564930077999,27.127546059497465,79.76151305077082,28.08812594517833,3.8002499999999997,3.7265,4,1,4.9545985363125005e-05,False
3257,,GTT Communications Inc.,broadband,2023-Q2,2023,2,61.50141383506558,21.62248681153902,59.16007411792489,3.2040659271211402,80.5925,88.8175,4,2,4.9545985363125005e-05,False
139626,,"2GO Group, Inc.",broadband,2023-Q2,2023,2,17.457538446508032,10.94926840889507,16.317480625720773,15.290252311054703,14.29625,12.1525,4,1,4.9545985363125005e-05,False
24081,,SPI Technologies Inc.,broadband,2023-Q2,2023,2,51.0624568859277,23.61195473613462,51.656968564738236,15.040473025606405,46.58425,35.668499999999995,4,3,4.9545985363125005e-05,False
209980,,Marlink AS,broadband,2023-Q2,2023,2,14.723234562870623,5.02039148629798,2.2555641104177897,5.02039148629798,156.112,196.655,3,2,3.715948902234375e-05,False
55413,,Development Bank of the Philippines,broadband,2023-Q2,2023,2,46.42510680867702,8.259274701733323,38.27779430754789,6.575123387068145,62.314666666666675,61.671,3,1,3.715948902234375e-05,False
45250,,Vocom International Telecommunications AP Area,broadband,2023-Q2,2023,2,104.24218626232359,69.73377351875708,46.35828616436629,27.558957847540807,38.74266666666667,44.023,3,2,3.715948902234375e-05,False
59348,,Skycable Corporation,broadband,2023-Q2,2023,2,11.849006633803851,9.94941253871257,12.054924827453858,4.077865944339069,41.24666666666667,38.786,3,1,3.715948902234375e-05,False
133498,,De La Salle University,broadband,2023-Q2,2023,2,63.38013309599271,47.17466653701549,75.95243636205105,48.04707328882447,17.066,1.0,3,1,3.715948902234375e-05,False
38291,,BPS Corporation,broadband,2023-Q2,2023,2,17.120090240960508,4.111947974739549,16.699976826869165,4.569991823295179,4.0906666666666665,4.011,3,1,3.715948902234375e-05,False
136773,,BDO Unibank Inc,broadband,2023-Q2,2023,2,18.195618300048785,0.7648396376751787,21.111915220057163,0.7958790768719429,120.699,29.182,3,1,3.715948902234375e-05,False
24222,,OFFICETIGER DATABASE SYSTEMS INDIA PVT LTD,broadband,2023-Q2,2023,2,30.207790652699032,3.471829724885311,31.795847616310645,3.471829724885311,39.89566666666667,30.344,3,3,3.715948902234375e-05,False
40051,,"Disney Worldwide Services, Inc.",broadband,2023-Q2,2023,2,18.21161370918166,0.1827322840174031,24.656899138476668,0.1827322840174031,58.946,45.5,3,1,3.715948902234375e-05,False
394869,,Asia Pacific Network Corporation,broadband,2023-Q2,2023,2,65.89936871234055,35.224322169405816,67.36216344529467,35.7870228627061,11.858666666666666,2.813,3,3,3.715948902234375e-05,False
5580,,GTT Communications Netherlands B.V.,broadband,2023-Q2,2023,2,118.24787928006936,58.32627984377433,125.20737213738607,67.93039370488184,45.64566666666667,19.505,3,1,3.715948902234375e-05,False
151360,,SONIC NETWORKS PHL INC.,broadband,2023-Q2,2023,2,38.35235663178001,9.705268427285692,38.35235663178001,9.705268427285692,125.2595,125.2595,2,1,2.4772992681562503e-05,False
1449,,"PayPal, Inc.",broadband,2023-Q2,2023,2,40.929816314283826,134.3452734306485,40.929816314283826,134.3452734306485,77.5835,77.5835,2,1,2.4772992681562503e-05,False
142285,,KEITH.NET INCORPORATED,broadband,2023-Q2,2023,2,26.520700392753618,7.1182995842100825,26.520700392753618,7.1182995842100825,45.7565,45.7565,2,1,2.4772992681562503e-05,False
133195,,PERFETTI VAN MELLE ASIA PACIFIC PTE LTD - ROHQ,broadband,2023-Q2,2023,2,83.74140391592005,,83.74140391592005,,38.227,38.227,2,1,2.4772992681562503e-05,False
138916,,"Personal Collection Direct Selling, Inc.",broadband,2023-Q2,2023,2,9.579248983871503,0.07538715350220268,9.579248983871503,0.07538715350220268,400.462,400.462,1,1,1.2386496340781251e-05,False
134974,,Oakleigh Networks,broadband,2023-Q2,2023,2,20.720040350986153,15.933368338981335,20.720040350986153,15.933368338981335,1.305,1.305,1,1,1.2386496340781251e-05,False
134716,,Savant Technologies Inc.,broadband,2023-Q2,2023,2,10.413060285432325,23.247637033270383,10.413060285432325,23.247637033270383,57.848,57.848,1,1,1.2386496340781251e-05,False
133377,,"IBM Business Services, Inc",broadband,2023-Q2,2023,2,131.57302076902323,109.95978649060481,131.57302076902323,109.95978649060481,57.069,57.069,1,1,1.2386496340781251e-05,False
6453,,TATA COMMUNICATIONS (AMERICA) INC,broadband,2023-Q2,2023,2,1.5509217747811463,,1.5509217747811463,,247.859,247.859,1,1,1.2386496340781251e-05,False
139855,,"BIT(Brother Internet Technology),INC.",broadband,2023-Q2,2023,2,14.029151450075737,,14.029151450075737,,59.153,59.153,1,1,1.2386496340781251e-05,False
401783,,TOKALA COMMUNICATIONS INC.,broadband,2023-Q2,2023,2,43.05682269333708,37.84774796747723,43.05682269333708,37.84774796747723,17.688,17.688,1,1,1.2386496340781251e-05,False
140715,,KF Network Limited Corp.,broadband,2023-Q2,2023,2,56.88193998158935,20.765205691057236,56.88193998158935,20.765205691057236,73.931,73.931,1,1,1.2386496340781251e-05,False
9299,PLDT,Philippine Long Distance Telephone Company,broadband,2023-Q3,2023,3,57.75320154887312,37.060490799273225,25.5505173015637,14.56081923125574,105.67888540920647,75.331,4577015,1073887,52.202929011548704,True
17639,Converge,Converge ICT Solutions Inc.,broadband,2023-Q3,2023,3,77.52083819721675,57.291639860509534,41.95149229163792,31.208422216417794,32.74459894486837,19.538,1647155,32023,18.78654877382257,True
132199,Globe,Globe Telecom Inc.,broadband,2023-Q3,2023,3,78.1515116774878,59.1396968018212,43.326167331635915,34.43133439930472,45.69132724572549,22.964,767832,95729,8.757471712195715,True
23944,Sky Cable,SKYBroadband SKYCable Corporation,broadband,2023-Q3,2023,3,46.22403356366774,5.712537891122418,28.04243897806279,3.666763697176412,46.39888097355146,32.603,256588,62604,2.9265023490670794,True
4775,Globe,Globe Telecoms,broadband,2023-Q3,2023,3,53.8801929096236,39.019487605296916,21.957194272897254,12.263461181583429,55.86019279580181,26.228,222928,38207,2.5425948044056073,True
139831,DITO,DITO TELECOMMUNITY CORP.,broadband,2023-Q3,2023,3,22.373494771147158,6.690799009137537,4.798748611949825,2.1766985036356097,71.6966095597552,63.273,147729,82413,1.68491615167245,True
14593,Starlink,Space Exploration Technologies Corporation,broadband,2023-Q3,2023,3,35.47834954584806,4.51606129543,18.28042799900897,3.264134818173442,109.84235673064858,59.085,111646,33793,1.2733731946308602,True
134707,RoyalCable,RoyalCable Flash,broadband,2023-Q3,2023,3,42.973097882223136,40.70733693881137,31.335426449417618,32.860753904629746,31.163227744963013,7.6445,85692,2064,0.9773560700276559,True
136515,Dasca,"Dasca Cable Services, Inc.",broadband,2023-Q3,2023,3,59.10602232552163,55.436112424116395,34.773531484076614,35.79412659345924,65.71400533901787,50.504,51147,956,0.5833546995484353,True
133623,,Planet Cable Inc.,broadband,2023-Q3,2023,3,46.516622843083276,19.180280466960404,33.59648269532896,10.888768423761897,66.23130634250754,59.97,49534,208,0.5649577040184605,True
134788,Parasat,"Parasat Cable TV, Inc",broadband,2023-Q3,2023,3,34.784186555555095,12.587221379153974,23.429351650229517,5.8655770015309745,73.68225318494959,56.197,47209,382,0.5384400260226814,True
9658,Eastern Communications,"Eastern Telecoms Phils., Inc.",broadband,2023-Q3,2023,3,35.41937076978505,25.0779034252047,18.265788486441984,9.815330290150296,65.46630860886384,42.431,45520,4745,0.5191762160721992,True
55821,,"RADIUS TELECOMS, INC.",broadband,2023-Q3,2023,3,57.87046101457135,44.301270749605955,35.273011694187225,28.488957260839836,32.65571060037523,15.9555,44783,7914,0.5107703972838599,True
133334,,DCTV Cable Network Broadband Services Inc,broadband,2023-Q3,2023,3,45.02220323983608,34.133830524228365,26.734241902044456,11.496887288917705,92.47350184629582,54.361,43357,426,0.4945062214464487,True
(unknown),,,broadband,2023-Q3,2023,3,60.46434714660437,33.19621912093322,33.56729534874935,8.285480368403935,84.2286652148236,72.95949999999999,40651,7450,0.46364306589523224,True
56207,Converge,ComClark Network & Technology Corp,broadband,2023-Q3,2023,3,24.208341199642913,15.216905349152166,26.41659834949449,19.473652958260388,30.905944214463837,19.59,40110,921,0.45747271587556926,True
17970,,SKYBroadband SKYCable Corporation,broadband,2023-Q3,2023,3,42.89788565340109,3.706555477954345,27.24747179176382,3.1606994986129444,50.17888790457809,34.083,31621,2265,0.36065182619549674,True
56099,,Asian Vision Cable,broadband,2023-Q3,2023,3,32.53765989921743,30.008692245937425,21.225964535924717,21.96200495949177,73.58530752653589,43.427499999999995,31133,2922,0.3550859651796085,True
56262,,Dagupan Urban Satellite Vision Inc.,broadband,2023-Q3,2023,3,38.292590366551586,12.468975520222061,28.801608153889017,6.149415071117882,73.98473669506433,42.099,29001,976,0.3307695395938016,True
137226,,"ANGELES CITY CABLE TELEVISION NETWORK, INC.",broadband,2023-Q3,2023,3,6.840233882249848,2.02947330372646,6.062703548904414,1.577970901173077,54.573369804446436,24.450000000000003,26916,3574,0.30698917029436107,True
45754,,Clear Path Networks Inc,broadband,2023-Q3,2023,3,92.92366794279069,50.07340370670003,60.47430365785919,36.70772113160439,52.35464282947236,43.421,25820,3809,0.2944887939144153,True
137239,,Fil Products Service Television Incorporated,broadband,2023-Q3,2023,3,23.873739260917112,20.35487886282991,17.170020641112824,13.6347480975328,81.75056895697006,57.274,20185,300,0.23021906681496798,True
132400,,COMMUNITY CABLE VISION CORPORATION,broadband,2023-Q3,2023,3,30.487965163506654,14.130324256195056,19.15319780307468,3.075013886474372,46.79702599549211,36.876,19967,247,0.2277326780824605,True
134497,,Cine Cebu,broadband,2023-Q3,2023,3,20.20934960822449,15.786061266513073,16.951032619324334,11.964370307629807,78.90240965669545,73.675,19941,80,0.22743613630702383,True
137074,,Responsible Internet Sustainability Effort,broadband,2023-Q3,2023,3,110.30252132137129,112.7350691879218,53.32646716292268,40.929040153003555,37.24599122945224,16.195,19053,643,0.21730809413057145,True
132021,,Kalibo Cable Television Network Inc,broadband,2023-Q3,2023,3,17.496299309275997,15.743773284157442,8.103969064621749,10.550701095837319,77.33868313953488,62.088499999999996,15492,103,0.17669327634864918,True
135345,,NewMountainView Satellite Corporation,broadband,2023-Q3,2023,3,50.666591786904874,37.610641430509695,24.420207069118174,18.67301751671658,34.60717248539909,13.428999999999998,15421,372,0.17588348919264904,True
9927,,Philippine Global Communications Corporation,broadband,2023-Q3,2023,3,48.832613059529066,33.72931127407213,21.15412780885398,13.670108391225913,37.79259126014917,19.93,15153,711,0.17282682781507108,True
142629,,GigaFiber Corp.,broadband,2023-Q3,2023,3,18.937610715761455,14.36208705563817,7.637323207092635,4.2213125959066815,98.142206676696,81.759,13975,100,0.15939120429720968,True
45499,,Cablelink & Holdings Corp. Transit AS Internet Service Provider Philippines,broadband,2023-Q3,2023,3,33.149376353932475,19.286226160301645,18.887195321979412,5.365649005242023,40.95063234650721,24.807,13714,1348,0.15641438108994157,True
135607,Infinivan,Infinivan Incorporated,broadband,2023-Q3,2023,3,31.165673888184582,21.162568284787998,14.813171045935004,9.233681712038926,88.7292468197456,66.445,12510,369,0.1426822157966435,True
141686,,LizardBear Tasking Inc.,broadband,2023-Q3,2023,3,84.47559907586881,64.47489019408248,51.98533452960698,26.544247423010308,23.59623873314407,6.5765,11275,3,0.12859648146340172,True
11404,,Wave Broadband,broadband,2023-Q3,2023,3,25.505087737798007,17.44746238006478,10.687419703046672,6.4978876845544935,85.07714795737121,73.006,11264,235,0.1284710214814862,True
138965,,Streamtech Systems Technologies Inc.,broadband,2023-Q3,2023,3,38.60063389345682,17.937962747702784,26.013441918194726,9.295493855029596,75.08646878617863,48.765,11236,116,0.12815166880024673,True
18233,,"Philippine Telegraph and Telephone Corporation,",broadband,2023-Q3,2023,3,31.190912842251553,15.109806564381367,19.164207855613782,5.141590477561077,30.93015437641722,5.211,11030,524,0.1258021455025562,True
136929,,"Meridian Cable TV, INC",broadband,2023-Q3,2023,3,76.9035736998065,62.357969077153186,45.11118481061337,40.81738907444716,57.05635832549389,41.221999999999994,10635,261,0.12129699160649911,True
174,Cogent,"Cogent Communications, LLC",broadband,2023-Q3,2023,3,29.334011014947485,24.114556116342925,15.301829738808358,12.77837909801343,82.21672666513024,63.474999999999994,8684,275,0.09904495299584751,True
9821,,Department of Science and Technology,broadband,2023-Q3,2023,3,98.15383029508595,69.74201073180129,41.99643426574279,16.595836929580702,42.17886443960302,9.8565,8262,221,0.09423185187145233,True
139798,,LizardBear Tasking Inc,broadband,2023-Q3,2023,3,65.1802578753471,41.20551938613478,39.85547281772218,4.428734124366791,66.19617413666423,41.302,6811,4,0.07768253971150592,True
139034,,Sattelite Plus Incorporated,broadband,2023-Q3,2023,3,19.39146242872365,6.867516930086785,14.830876755234943,5.429843937398793,35.594728840883455,13.982,6207,783,0.07079364615905406,True
149645,,"Spectrum Cable network and broadband, Inc.",broadband,2023-Q3,2023,3,65.05930558291041,60.17260519709305,43.570525754954886,42.52493252817118,67.14282959722982,44.694,5489,122,0.06260453097584143,True
150000,,Data-Beam Business Solution,broadband,2023-Q3,2023,3,14.22081277208656,7.768662638401452,5.172155098419674,3.1052786170838744,66.66469513822689,53.754,5251,28,0.05989003318530576,True
135025,,"Nexlogic Telecommunications Network, Inc.",broadband,2023-Q3,2023,3,20.738310078012315,14.777702088988693,8.699509479312486,8.166379553531492,51.43293171979536,34.8435,5082,184,0.057962511644967414,True
140243,,"CMD Cable Vision, Inc",broadband,2023-Q3,2023,3,25.412211172841612,21.480500775838433,18.562156509057267,17.308742001878088,69.07679394930497,46.845,4900,72,0.05588671921691073,True
135594,,Kabayan Cable Tv Systems Inc.,broadband,2023-Q3,2023,3,30.01105596033189,22.98896635409771,24.38767531765663,17.28528209496317,58.78021795665635,36.547,4850,25,0.05531644657184021,True
137404,,KCAT,broadband,2023-Q3,2023,3,16.060898516023812,12.766089171979562,8.756208087583826,6.004419199620514,73.4820131380573,24.002,4647,16,0.05300113963285391,True
150431,,ADS Cable TV Network,broadband,2023-Q3,2023,3,15.594392492594134,10.673160572808802,11.242158268831918,4.661781030323895,49.41800704225353,40.7625,4550,9,0.051894810701417105,True
138958,,Tandag Electric & Telephone Company Inc.,broadband,2023-Q3,2023,3,25.913431253827067,16.830495099591634,17.170543598182082,8.95344361452825,93.67970204178539,82.0,4217,183,0.04809679488524746,True
139752,,"Multinetwork Cable Television, Inc",broadband,2023-Q3,2023,3,49.12393101103628,25.32401473740262,29.616815549847818,9.543728203468556,41.540819500594516,37.701,4205,235,0.04795992945043053,True
137996,,"HGC Global Communications (Philippines), Inc.",broadband,2023-Q3,2023,3,100.3269284302564,83.33356722372864,13.723639399466963,12.543219121445954,62.16648551592052,40.08,4181,48,0.04768619858079669,True
132505,,Concentrix Daksh Services Philippines Corporation,broadband,2023-Q3,2023,3,43.73825016021355,25.503989815830913,19.77378078445851,5.488093751253072,38.92243272994129,37.592,4088,6,0.04662549146096552,True
141676,,St. Joseph Cable TV System,broadband,2023-Q3,2023,3,17.31957542801029,9.207614201954602,4.935623838875818,10.09154193452839,221.33379622933887,168.70499999999998,3876,155,0.04420753544586653,True
139238,,Infinity Broadband INC.,broadband,2023-Q3,2023,3,81.65029957871802,65.99797481554722,57.66345607683704,47.26768643097492,63.71747466307278,59.4975,3710,127,0.04231423026423241,True
18187,,Ignite Telecommunications Inc,broadband,2023-Q3,2023,3,25.756508224196146,20.61759180916464,16.37519998155648,14.213537928266312,36.12274318429663,29.115000000000002,3668,152,0.04183520124237317,True
131465,,"Marbel Telephone System, Inc.",broadband,2023-Q3,2023,3,46.30370969576819,30.12399709836046,23.53681729795818,16.797433530522525,56.50421565315313,32.099000000000004,3554,5,0.04053497961161239,True
135423,,Total Information Management Corporation,broadband,2023-Q3,2023,3,36.11919751259739,25.700934321910335,20.552623416400017,9.975114976155055,70.67476443812234,38.778,3516,45,0.0401015724013588,True
141152,,BATAAN SPACE CABLE NETWORK INC,broadband,2023-Q3,2023,3,44.187306243884,34.693288052090764,22.870270944530986,17.87928805592132,105.27440856814262,31.0,3478,100,0.039668165191105206,True
149170,,TOLEDO CABLE TV,broadband,2023-Q3,2023,3,19.478543406819266,20.80786826529268,11.902211985096702,14.419390921765167,89.18090842383327,70.288,3411,12,0.03890399984671071,True
23862,,University of the Philippines Diliman,broadband,2023-Q3,2023,3,95.16139351904907,75.25218074412753,38.98389409793151,20.02449329834871,29.691688168846614,3.8515,3366,106,0.038390754466147245,True
138543,,Cablevision Systems Corporation,broadband,2023-Q3,2023,3,22.30432899590227,18.159402602825867,15.957936021316362,9.128409307824706,49.74846884361893,14.6875,3343,148,0.03812842904941481,True
135582,,Galaxy Cable Corp.,broadband,2023-Q3,2023,3,44.94849449334835,23.777874566379246,32.653045419260465,14.763592204758,45.065856341539416,19.878,3210,235,0.036611503813527235,True
142009,,Misamis Cable Management and Development Corp,broadband,2023-Q3,2023,3,32.409524089862494,20.3687749733334,24.387793843532265,6.273646566589748,90.82609666246852,66.7705,3181,115,0.036280745679386335,True
132054,,Rising Star Cable TV Services,broadband,2023-Q3,2023,3,49.568339306924734,15.72592321403047,42.21692939511939,5.3899798406937816,64.76896517571885,60.0,3131,22,0.035710473034315814,True
15084,,Concentrix CVG Corporation,broadband,2023-Q3,2023,3,22.213204605546117,15.680664171260638,11.007757276978287,3.925850666937599,53.575270109235355,53.0,3021,146,0.03445587321516068,True
132464,,Barbaza Multi-Purpose Cooperative,broadband,2023-Q3,2023,3,13.574429928512032,11.066323001675666,10.013129971646215,3.0422997642065357,91.0976196189132,57.188,2840,10,0.0323914862400054,True
137818,,Panay Telephone Corporation,broadband,2023-Q3,2023,3,13.353655338795942,9.296549116207926,9.417635787852664,3.244976202578023,89.35589180560483,70.8,2824,16,0.03220899899358284,True
138929,,Cebu Cable TV Management Corporation,broadband,2023-Q3,2023,3,43.10987835091878,27.432897928090302,24.258052619436924,17.964880254286747,52.5612591539282,36.831,2813,90,0.03208353901166732,True
142424,,"Unique Cable Network, Inc.",broadband,2023-Q3,2023,3,29.043775309124364,23.83420284767325,23.329893682318016,16.84442088494509,93.44942904656318,57.8675,2710,5,0.030908777362822056,True
138987,,CHARLES CATV SYSTEMS INC,broadband,2023-Q3,2023,3,53.965461701498505,30.253532228986007,20.385159716007546,9.273053387613963,70.41064000000001,56.044,2578,13,0.02940325757983589,True
149848,,CELEBRITY CABLE NETWORK INC,broadband,2023-Q3,2023,3,18.945203199016564,15.854863810539003,10.179105708017302,11.969877853026034,48.04456345381526,35.5145,2491,58,0.02841098317741319,True
139846,,StarCable,broadband,2023-Q3,2023,3,31.504674553451693,27.584728771407935,23.13866063593467,17.081164243092413,79.62751567196223,59.953,2333,102,0.026608921618990353,True
139464,,KMC Mag Solutions,broadband,2023-Q3,2023,3,99.16290253930534,62.32817723895819,32.69460636556878,5.998182961716407,55.30464814814814,19.125999999999998,2273,70,0.025924594444905733,True
142271,,EWS DS Networks Inc,broadband,2023-Q3,2023,3,35.22796718348461,25.15094637135216,27.469909878761335,18.423938010065786,58.700999537892784,30.359,2164,7,0.024681400078652004,True
18360,,Santo Tomas E-Service Providers,broadband,2023-Q3,2023,3,56.1160720495444,67.06694809376748,26.318859977541223,23.78060238949066,47.35119685438863,30.473,1971,17,0.022480147668679805,True
150450,,"Kinahugan Bojol Communications, Inc.",broadband,2023-Q3,2023,3,23.925775240249582,19.625440730306867,12.015285640761482,8.655662180789259,107.1808430769231,56.0005,1952,134,0.022263444063553007,True
131306,,CITI Cableworld Inc.,broadband,2023-Q3,2023,3,25.82050865682388,18.64011561810099,21.22284289095184,12.106595208265258,64.80896842105264,46.322,1806,35,0.020598247939947096,True
136803,,TELMARC CORPORATION,broadband,2023-Q3,2023,3,22.962654680765187,16.72794426188109,12.475130137434597,8.956162374523963,28.376657986111113,4.217499999999999,1730,39,0.01973143351943991,True
138025,,RBC Cable Master System,broadband,2023-Q3,2023,3,28.81449569849324,27.43025423647879,17.866005146879306,20.41086497183559,62.852299465240634,61.595,1683,90,0.019195377233073622,True
134802,,Naic Cable TV Corp.,broadband,2023-Q3,2023,3,35.05629580625922,28.963743502771884,18.471256879344043,15.133228670061571,30.10592998204668,7.495,1677,5,0.01912694451566516,True
135549,,"NEW WORLD CATV, INC.",broadband,2023-Q3,2023,3,27.519761379666246,17.970217229890416,21.561436267780156,10.459087330731588,51.355097488038275,30.58,1672,22,0.01906991725115811,True
150447,,Woofy Incorporated,broadband,2023-Q3,2023,3,52.97557561081163,42.42613117626721,37.934312017613166,31.506407257712098,43.606279686558175,38.95,1659,41,0.018921646363439775,True
45209,,"University of the Philippines, Los Banos Campus",broadband,2023-Q3,2023,3,166.91047034881967,123.70331132388598,75.82078933222077,36.627458801403165,33.33323583180987,5.126,1650,13,0.018818997287327083,True
142555,,"Z-ENERGY CATV NETWORK, INC.",broadband,2023-Q3,2023,3,11.245726305396238,10.780478774608985,9.715178611784474,8.126940584475324,107.70810189139719,97.953,1640,219,0.018704942758312977,True
18188,,Ateneo de Manila University,broadband,2023-Q3,2023,3,90.00989532926705,63.405860531596396,57.85002884204714,32.78360710724533,26.67051805728518,6.199,1606,37,0.018317157359665028,True
22351,,INTELSAT GLOBAL SERVICE CORPORATION,broadband,2023-Q3,2023,3,2.603604725457343,1.0686531154227261,2.005140148102598,0.6277797166017951,117.71509592641263,115.7815,1522,20,0.017359099315946556,True
150704,,DEARBC Connect,broadband,2023-Q3,2023,3,29.790325048126522,23.873266303136905,19.417522025758622,17.28869252727636,107.81928118811882,105.117,1518,139,0.017313477504340917,True
136244,,Panay Broadband / Buenavista Cable TV Inc.,broadband,2023-Q3,2023,3,17.782074804175963,11.861356019585962,8.859592232432533,4.783041694385494,55.12309939959974,40.0,1499,29,0.01709677389921412,True
139900,,RELIANCE CATV AND ENTERTAINMENT SERVICES,broadband,2023-Q3,2023,3,20.923517849125492,17.210564361188275,16.007522330605077,11.647090680811049,93.38162985685071,78.723,1468,6,0.0167432048592704,True
6648,,"Bayan Telecommunications, Inc.",broadband,2023-Q3,2023,3,30.96083808237245,24.91370874093155,9.41475146178167,5.791287750308786,77.8666544428773,40.2855,1418,39,0.01617293221419988,True
151405,,WISE CABLE TV,broadband,2023-Q3,2023,3,18.499598992273246,18.69682080963002,17.407765709393423,16.701327117247054,118.7864667609618,111.88900000000001,1414,7,0.016127310402594238,True
151066,,Imperial network inc,broadband,2023-Q3,2023,3,55.858418291143195,38.504280583840014,34.31524523825975,23.926738720936157,66.41153812636166,30.853,1377,37,0.015705308645242055,True
15347,,IBEX Global Solutions,broadband,2023-Q3,2023,3,53.74181150930291,29.05596189316054,24.599631435590275,7.373065363456079,100.84548609077599,74.48,1367,5,0.015591254116227951,True
140927,,SKY MOVIE PHILIPPINES CATV,broadband,2023-Q3,2023,3,14.407261290114564,13.708108244265162,8.827325501207604,10.816569237881815,74.44201904761904,64.0,1366,129,0.015579848663326542,True
142414,,MALASIMBU CATV CORP,broadband,2023-Q3,2023,3,27.438673205387275,29.216651544916207,21.21258593047857,24.736651158179686,71.18148816568048,44.144000000000005,1352,106,0.015420172322706796,True
141709,,Clare Cable TeleVision,broadband,2023-Q3,2023,3,32.07555613550316,21.697583579552138,27.268459018924748,15.599140864031547,57.58989838337182,37.258,1300,4,0.014827088771833459,True
134966,,Southern CableVision Inc.,broadband,2023-Q3,2023,3,21.428766873049923,16.19784269923579,17.16597196797973,9.748378283965923,100.73589588581024,81.186,1194,18,0.013618110764283962,True
134431,,News and Entertainment Network Corp,broadband,2023-Q3,2023,3,26.406069683275,16.995850273850817,13.473505152955497,6.7525130762156715,89.02311008403362,75.23849999999999,1190,136,0.01357248895267832,True
132615,,Pipol Broadband,broadband,2023-Q3,2023,3,11.499728374698645,8.33113517049357,8.38514885973056,3.1906502010535416,34.29563383838383,8.4155,1188,296,0.013549678046875499,True
45600,,"University of the Philippines, Manila",broadband,2023-Q3,2023,3,79.61494536940296,45.0165465976269,56.41997072828593,16.832886679580547,34.00195819112629,20.899,1173,319,0.013378596253354344,True
141016,,SM Investments Corporation,broadband,2023-Q3,2023,3,70.27960904564453,29.597052964162877,44.991981699846995,8.706028560366697,28.946691703056768,2.965,1145,11,0.013059243572114854,True
138961,,Paradise Cable Television Network,broadband,2023-Q3,2023,3,19.64334237043273,19.533460600456923,9.226027788601787,7.097882649533395,68.07960625,50.909000000000006,1121,50,0.012785512702481005,True
135366,,Zafra Cable TV Network Inc.,broadband,2023-Q3,2023,3,27.863688261827363,23.15981385079162,18.334000641565137,17.586258095302476,67.96235452103849,56.988,1117,4,0.012739890890875363,True
147174,,POLARIS CABLE VISION INC.,broadband,2023-Q3,2023,3,31.236643486454376,23.380883332303277,18.855209846986078,13.544227995800847,65.29641219290264,40.398,1099,26,0.012534592738649977,True
131276,,Mega Speed ICT Solutions Inc.,broadband,2023-Q3,2023,3,29.2424213340657,24.160507778208718,13.361696008968929,10.41083122259452,75.71950914076781,39.867999999999995,1097,26,0.012511781832847157,True
63927,,RISE,broadband,2023-Q3,2023,3,54.06156607964862,42.86155187258705,33.807397311663294,17.420458228864494,42.74671023302939,18.893,988,60,0.011268587466593429,True
17895,,"Globalreach eBusiness Networks, Inc.",broadband,2023-Q3,2023,3,35.010451158054344,18.38981010236666,24.14310653793438,6.6460312498937615,72.1330488301119,44.359,984,70,0.011222965654987788,True
142581,,Mambulao Cable Television,broadband,2023-Q3,2023,3,20.59843324495914,16.658630297128862,13.199099250325077,9.165049801940238,78.23532676348549,72.0,964,10,0.01099485659695958,True
134241,,M7 Telecommunications Corporation,broadband,2023-Q3,2023,3,10.534352785041657,10.876996414384278,7.763083652408925,7.810237844062701,88.99179647964796,81.0,910,71,0.01037896214028342,True
140549,,SHIFT DATA SERVICES INC,broadband,2023-Q3,2023,3,47.99608368090079,29.806528307154956,20.312911461919413,8.933210861444634,57.06704761904762,45.445,882,164,0.01005960945904393,True
139213,,"Hillview Cable Systems, inc.",broadband,2023-Q3,2023,3,27.74155476717635,10.570500902824381,22.100761006454086,1.4765629115931755,60.49804702970297,47.2685,809,64,0.009227011397240975,True
395793,,Arisk Communications inc.,broadband,2023-Q3,2023,3,29.317947834809367,22.613919858188794,8.702527410741771,6.510245553514068,74.99840688775511,63.314,785,49,0.008953280527607127,True
133064,,SLMC INFRASTRUCTURE,broadband,2023-Q3,2023,3,57.98939165645507,65.9274256796393,40.9509635522092,42.927195418667466,20.21507583547558,4.7135,778,14,0.008873442357297255,True
147042,,Panabo Satellite Cable Television Inc.,broadband,2023-Q3,2023,3,19.181047784500716,17.661944495140055,12.89250843412242,12.783648499463172,108.30287021857926,97.2295,733,38,0.008360196976733788,True
150707,,Romblon Cable Corporation,broadband,2023-Q3,2023,3,18.70915060156161,17.099541354703405,12.076148195287772,13.04714994369853,112.51255708390644,93.988,727,30,0.008291764259325327,True
138969,,"Marbel Services and Television System, Inc.",broadband,2023-Q3,2023,3,9.704378040504603,4.102571951491087,9.527398044637938,0.7147819943579377,120.9124648729447,112.0,672,31,0.007664464349747757,True
58437,,MAPUAEDU,broadband,2023-Q3,2023,3,20.98473166099235,15.190947419480617,14.917638022746624,8.264505135835654,32.19452647503782,3.976,662,12,0.007550409820733654,True
149825,,RFi Fiber,broadband,2023-Q3,2023,3,17.625563912405035,15.825003349891617,10.947451266421385,9.349263069455919,34.494996965098636,18.0,659,9,0.0075161934620294225,True
138970,,Wesfardell Cable Services,broadband,2023-Q3,2023,3,13.902758710129312,13.246955112531705,11.330817205571478,9.540318574215984,67.01051459293394,33.335,652,3,0.00743635529171955,True
151354,,MCBROAD IT SOLUTIONS,broadband,2023-Q3,2023,3,22.175399276446026,23.171803197745316,17.537905944930994,21.666512300179072,78.2676850393701,62.763,635,7,0.007242462592395574,True
132905,,AS number of Ateneo de Davao University,broadband,2023-Q3,2023,3,60.003756117598265,40.179432850895616,54.578679930963844,13.522268943988642,85.04387319422153,67.585,623,46,0.00710559715757865,True
59322,,Black Fiber Solutions Corporation,broadband,2023-Q3,2023,3,44.33742717774596,33.55573597534465,25.810018876654556,19.63313169485319,33.601254575707145,18.317,601,70,0.006854677193747622,True
137406,,Airlive Communications Inc.,broadband,2023-Q3,2023,3,26.930241754655334,22.776870406873837,14.624259563928405,10.686793467136237,66.39521694915254,48.5215,590,64,0.006729217211832108,True
137184,,Suniway Group of Companies Inc.,broadband,2023-Q3,2023,3,51.382758729606756,54.67973785000897,27.326089818512937,25.285451276978055,48.389729390681005,34.141,559,125,0.0063756481718883875,True
18214,,TELUS INTERNATIONAL,broadband,2023-Q3,2023,3,58.35955829011326,44.35248479115407,14.860327362439083,4.930148138294122,131.06542831541216,82.0335,558,5,0.006364242718986977,True
4637,,Telstra Global,broadband,2023-Q3,2023,3,137.62326839030328,61.76362612232938,47.578194297836525,33.57534409175367,64.68072447013486,44.22,519,32,0.005919430055831973,True
132454,,"Philippine Telegraph and Telephone Corporation,",broadband,2023-Q3,2023,3,73.1048139586302,32.00132500412001,41.2310915276011,13.97192641306172,28.95916274509804,5.0009999999999994,510,37,0.00581678097971928,True
132792,,"University of the Philippines Visayas, Miagao",broadband,2023-Q3,2023,3,36.464582300247514,24.14676707123965,21.680274036176613,3.6435120839385053,50.98519591836735,40.436499999999995,491,2,0.005600077374592483,True
151324,,BONGAO CABLE TV - ISABELA,broadband,2023-Q3,2023,3,6.770416822052798,19.92890959602293,4.707858585715159,8.873961758519734,32.111333333333334,17.305,487,2,0.005554455562986842,True
64008,,Department of Social Welfare and Development,broadband,2023-Q3,2023,3,64.01182765136878,12.401734640155418,37.856891346748796,2.9564956553871893,77.00312831858407,66.59649999999999,452,2,0.00515526471143748,True
274879,,DYNAMIC NETWORKS SOLUTIONS SAS ZOMAC,broadband,2023-Q3,2023,3,8.8980270901654,7.968834529416215,8.945220476579308,9.529243222487112,85.82545861297541,64.414,449,4,0.005121048352733248,True
149509,,Xfiniti Internet Communication Services,broadband,2023-Q3,2023,3,33.156216032043275,21.68917215966084,23.17452974453792,9.750489856206276,66.2127534562212,52.682,434,165,0.004949966559212093,True
140878,,Philippine National Police,broadband,2023-Q3,2023,3,94.3716377861076,58.97673919698121,56.1941326209094,19.918231368714753,39.207743842364536,27.776,406,9,0.004630613877972603,True
147178,,TierOne Communications International Inc,broadband,2023-Q3,2023,3,6.772859824561138,4.211747544963848,4.344252261336239,2.8905317866925277,76.69859374999999,54.8855,385,10,0.004391099367042986,True
139204,,RACITELCOM Inc.,broadband,2023-Q3,2023,3,28.32068558635679,20.808093918115954,14.76975206369698,14.449504131894656,61.14060106382979,39.731,377,15,0.004299855743831703,True
135499,,"Tiger Resort Leisure & Entertainment, Inc. (TRLEI)",broadband,2023-Q3,2023,3,24.632088640379138,15.384683912337728,24.647622148482125,12.415897344359294,45.46556056338027,48.53,355,11,0.004048935780000675,True
38722,,Conduent Business Services Philippines Inc.,broadband,2023-Q3,2023,3,62.74657379791285,51.83690700237582,25.94087416016813,6.561461040879829,161.06537499999996,67.3035,336,6,0.0038322321748738785,True
45166,,Pacific Internet Pte Ltd,broadband,2023-Q3,2023,3,42.0843205737578,32.54646847938818,44.76469142928219,38.53715726623384,29.978927492447134,28.928,331,11,0.003775204910366827,True
149802,,MT Cable Television Network,broadband,2023-Q3,2023,3,26.93664640481633,23.546140723152007,20.62430686989565,16.10934810119688,97.8484090909091,84.9195,309,10,0.003524284946535799,True
141754,,Emapta Versatile Services Inc,broadband,2023-Q3,2023,3,61.79626399155876,25.839009716960497,39.83999096436612,15.109541142025183,47.00509459459459,40.0215,296,10,0.0033760140588174645,True
136216,,Channel Information Technology Support and Leasing Services Inc.,broadband,2023-Q3,2023,3,185.29721501014754,102.84292936233152,185.53306061082282,68.13857151771244,23.974857142857143,15.957,294,68,0.003353203153014644,True
137941,,Mabuhay Cable TV Inc,broadband,2023-Q3,2023,3,41.2215224587782,33.726197904246675,28.49799767811707,17.99866150277346,107.83179999999999,23.473,265,1,0.0030224450188737436,True
38609,,"American Data Exchange Corporation Ltd.,",broadband,2023-Q3,2023,3,55.95273934050979,19.42137416839475,42.093198506500556,3.1084445692394613,155.38873983739836,49.8685,246,9,0.002805741413746947,True
131253,,De La Salle-Lipa,broadband,2023-Q3,2023,3,8.660587704916205,7.781510100872446,9.449374528665432,8.92545385492442,23.344668141592923,4.2829999999999995,226,17,0.00257763235571874,True
18229,,CtrlS,broadband,2023-Q3,2023,3,38.7130766445455,28.779714682034946,22.658909762265672,18.590229911352807,59.424923766816136,44.0,223,17,0.0025434159970145085,True
136982,,Integranet Network Services,broadband,2023-Q3,2023,3,11.233674099676525,7.0545635435410565,7.31052108590087,3.547869714081391,73.43723720930231,58.0,215,32,0.0024521723738032256,True
4759,,TEXTRON CORPORATION,broadband,2023-Q3,2023,3,6.503035947023756,7.285474650830167,3.814253624905197,4.198604056154946,53.154112149532715,30.432,215,23,0.0024521723738032256,True
58907,,Acquire BPO Pty Ltd,broadband,2023-Q3,2023,3,69.06655831925943,58.4165485313933,40.939090539913366,11.746539062603897,58.48081690140845,47.457,213,11,0.002429361468000405,True
63938,,Pulo Diezmo Rd.,broadband,2023-Q3,2023,3,23.296582642745143,20.097035551183826,10.868060695841287,7.498371241047625,38.04643203883494,7.4704999999999995,206,10,0.0023495232976905324,True
137846,,Sharp Viewing Entertainment Corporation,broadband,2023-Q3,2023,3,12.577017837688969,11.29505064386724,6.898503959431958,4.212970883064605,147.5117474226804,178.7875,194,1,0.0022126578628736083,True
23732,,Sagility Philippines B.V. Branch Office,broadband,2023-Q3,2023,3,67.49275556960298,30.170281676120112,59.08053351090123,6.75587429310244,68.88501041666666,60.0985,192,9,0.0021898469570707877,True
18190,,SunValley New Oriental,broadband,2023-Q3,2023,3,20.45807941953257,22.854518929360662,12.826776884016812,16.30002903700338,31.748202127659567,9.911999999999999,188,25,0.0021442251454651465,True
135409,,Kacific Broadband Satellites Pte Ltd,broadband,2023-Q3,2023,3,6.9692362542241275,1.6660097796752615,6.915759890847259,1.6967341609107667,48.87476881720431,45.159,186,15,0.0021214142396623254,True
132141,,Penthouse,broadband,2023-Q3,2023,3,43.82169489846282,29.75134467171779,22.206542674021904,4.075809783333279,144.20714364640884,104.0,181,2,0.002064386975155274,True
138689,,"CONCEPCION PAY-TV NETWORK, INC.",broadband,2023-Q3,2023,3,20.913274620858687,14.821026274692352,10.185036570540063,2.7891067999009698,82.36612222222223,38.5655,180,24,0.0020529815222538636,True
21433,,Accenture UK Limited,broadband,2023-Q3,2023,3,27.23537851262021,9.448632720815493,7.055222579361459,0.08863197649391574,48.251130681818175,46.4725,176,3,0.002007359710648222,True
58757,,Ace Wireless Network Phils. Inc.,broadband,2023-Q3,2023,3,21.44379334138974,26.369799796171822,13.34159094481127,10.852408913402874,88.84352694610777,63.0,168,10,0.0019161160874369392,True
136513,,Corporate Technologies Incorporated,broadband,2023-Q3,2023,3,28.278007776384626,16.17289219535025,17.08554028627924,4.043778966478615,30.29198192771085,20.338,166,4,0.0018933051816341186,True
58706,,Xavier School,broadband,2023-Q3,2023,3,54.1538147543032,33.62666679806119,45.701263690244296,32.37659005091463,23.601924528301883,3.293,159,1,0.001813467011324246,True
134415,,De La Salle - College of Saint Benilde,broadband,2023-Q3,2023,3,41.80134340393225,46.072619143869176,14.906226111517796,19.755910913823875,48.43424203821657,43.248,157,1,0.0017906561055214254,True
7629,,EPLDT,broadband,2023-Q3,2023,3,34.27006116339555,15.354420717861439,14.091761652844491,4.099667949817594,90.0891644736842,37.307,152,18,0.0017336288410143737,True
23689,,Makati Shangri-La,broadband,2023-Q3,2023,3,12.029962913005612,11.29037433900448,8.021673424695889,7.484753713760752,40.16631724137931,22.0,145,5,0.001653790670704501,True
63848,,De La Salle-College of Saint Benilde,broadband,2023-Q3,2023,3,93.16611254660663,67.62979613336134,65.32407807496759,9.4999326051826,53.9875390070922,54.437,141,2,0.0016081688590988596,True
22773,,Cox Communications Inc.,broadband,2023-Q3,2023,3,70.1222831313524,68.43986009574328,53.97953998460293,33.96037371409831,51.0554696969697,45.462500000000006,132,23,0.0015055197829861667,True
140593,,ULAP Networks Inc.,broadband,2023-Q3,2023,3,118.83484352609293,66.26154863615766,72.29802284424832,44.12480199639036,19.15920610687023,4.102,131,7,0.0014941143300847561,True
38483,,"RCG INFORMATION TECHNOLOGY, AS CONTENT PROVIDER MANILA",broadband,2023-Q3,2023,3,36.12498489851918,15.617444361658698,31.989612027849695,7.7200606929171744,82.49667213114755,71.8455,122,1,0.001391465253972063,True
153174,,Aioni Digital and Data Solutions Inc.,broadband,2023-Q3,2023,3,24.28832964720378,16.416370483599337,18.13001983225661,10.00412686587686,39.627725000000005,4.753500000000001,120,13,0.0013686543481692423,True
38334,,"World Health Organization, Western Pacific Regional Office,",broadband,2023-Q3,2023,3,23.08230688245011,32.12366893426364,8.100073581911236,29.42365558453807,33.94065546218488,28.565,119,3,0.001357248895267832,True
45351,,ABS CBN,broadband,2023-Q3,2023,3,174.37572378886298,142.96858965231556,113.4193735729476,61.53315331700248,63.4621680672269,66.903,119,5,0.001357248895267832,True
134996,,"BSITC PHILS., INC.",broadband,2023-Q3,2023,3,38.77372238927582,14.758901419899292,37.10374193252186,7.914271923617009,57.67036440677966,37.311499999999995,118,20,0.0013458434423664217,True
45218,,"Coca-Cola FEMSA Philippines, Inc.",broadband,2023-Q3,2023,3,42.26009884404459,11.794761605030404,24.634243046370344,3.8896501327852135,48.90704424778762,31.669,114,2,0.0013002216307607803,True
134414,,De La Salle-Greenhills,broadband,2023-Q3,2023,3,109.32287999454071,68.56324777084963,78.6167683153942,9.640569429178926,23.50999099099099,5.07,111,1,0.0012660052720565491,True
133198,,"iOne Resources, Inc.",broadband,2023-Q3,2023,3,22.502099842740343,18.89767161519582,5.002412628565992,4.027435716786898,81.48717142857143,30.566,105,2,0.001197572554648087,True
45865,,INFORPSSC,broadband,2023-Q3,2023,3,84.69878483463151,54.63018714353141,60.0612124515833,8.409240376241405,51.562466666666666,49.786,105,4,0.001197572554648087,True
137487,,Manila Electric Company,broadband,2023-Q3,2023,3,71.09618220934102,81.36581010687861,31.433569193310678,29.79872967435468,41.03632673267327,7.358,101,22,0.0011519507430424456,True
138496,,"Inspiro Relia, Inc",broadband,2023-Q3,2023,3,85.6134121050791,63.147888791485634,60.51936362455493,38.04518523992428,50.76686315789475,40.696,95,2,0.0010835180256339835,False
32043,,NeoFiber Communications inc.,broadband,2023-Q3,2023,3,53.291667696435475,21.410947196550886,26.27653354810697,9.745256595451973,79.3930108695652,62.79,92,16,0.0010493016669297524,False
141238,,Qualfon is a business process outsourcing company providing contact center services for various companies around thew world.,broadband,2023-Q3,2023,3,99.24190294204068,52.04882291782989,77.12808228967295,17.79750539068013,77.58964444444446,58.917,90,7,0.0010264907611269318,False
38553,,DC Tech Micro Services Inc.,broadband,2023-Q3,2023,3,44.79597259987413,19.80058584196173,25.23146330384707,14.492857434992434,111.9692247191011,89.761,89,10,0.0010150853082255215,False
138569,,Tech2go Strategic IT Solutions,broadband,2023-Q3,2023,3,14.307435612063738,8.372369409715901,14.394413969072232,5.298128304274728,74.23933333333332,58.057,87,9,0.0009922744024227007,False
131281,,"University of the Philippines, Visayas Cebu Campus",broadband,2023-Q3,2023,3,48.82311434614619,49.54671648678676,9.92274648559546,9.758989761667957,34.14998837209302,16.6345,86,10,0.0009808689495212903,False
131245,,University of the Philippines,broadband,2023-Q3,2023,3,64.94874014078836,46.4006368404542,58.50424778500091,38.28608202066355,18.239536585365855,3.5695,82,3,0.0009352471379156489,False
135162,,eUP-University of the Philippines System,broadband,2023-Q3,2023,3,74.95186676514184,51.04703974713632,49.66372213013446,15.198826773810335,16.084935064935063,3.682,77,13,0.0008782198734085971,False
203101,,Navarino Single Member S.A.,broadband,2023-Q3,2023,3,83.20084247796963,1.1375082769595535,28.307832590459256,0.36272874075098765,12.368105263157895,0.5925,76,11,0.0008668144205071868,False
38445,,WiPro BPO Philippines LTD Inc.,broadband,2023-Q3,2023,3,27.55300204626794,37.871393284661984,5.661512334320285,4.116457663730966,30.896802816901413,3.563,71,6,0.0008097871560001351,False
63846,,SGS ASIA PACIFIC LIMITED,broadband,2023-Q3,2023,3,350.216301973695,209.8967535646876,307.954091955882,86.12294800171665,32.770544117647056,20.986,68,1,0.0007755707972959039,False
14499,,ALORICA INC,broadband,2023-Q3,2023,3,141.8177893235515,132.2526598269371,84.43378617436233,91.36284668232236,45.759102941176465,28.323,68,2,0.0007755707972959039,False
135132,,Dreamscape Networks Inc.,broadband,2023-Q3,2023,3,241.8778928137846,125.0951873179419,236.53126876249854,84.52877986791714,29.022432835820897,17.333,67,11,0.0007641653443944936,False
26344,,"Real Page, Inc.",broadband,2023-Q3,2023,3,119.68607810584164,67.66578328602196,98.20598553714396,27.735641675514675,34.171299999999995,18.302999999999997,60,4,0.0006843271740846212,False
23887,,PRODATANET INC.,broadband,2023-Q3,2023,3,19.51233127260284,20.641583312282606,17.37914420692547,23.756983068450587,27.930192982456134,8.696,57,5,0.0006501108153803901,False
17452,,Bitstop Inc,broadband,2023-Q3,2023,3,15.13055803919506,14.008528839185956,8.57977732917563,6.5395048854215485,26.053037735849056,15.887,53,10,0.0006044890037747487,False
214049,,Netera LLC,broadband,2023-Q3,2023,3,28.48338946817837,32.20659416434994,9.783116589470898,28.038310157276833,86.4816862745098,86.539,51,2,0.000581678097971928,False
132059,,"762 Quirino Highway, San Bartolome",broadband,2023-Q3,2023,3,30.176766685468326,15.681361149236789,26.55836120629574,9.116739906608075,46.442,32.938,51,4,0.000581678097971928,False
132844,,Ateneo de Manila University,broadband,2023-Q3,2023,3,61.267247160800274,39.230467216859665,49.964847725347894,10.853886249739377,22.6778431372549,30.987,51,5,0.000581678097971928,False
136462,,Mootech Asia,broadband,2023-Q3,2023,3,30.249484388392794,41.18101137562591,31.00641993855746,27.16824692546823,53.390294117647045,32.888,51,4,0.000581678097971928,False
134416,,De La Salle-Zobel,broadband,2023-Q3,2023,3,134.40608964436558,111.84440609634801,110.6882065253281,78.21870036576894,12.87902,3.2560000000000002,50,2,0.0005702726450705176,False
142416,,"Itiviti Philippines, Inc",broadband,2023-Q3,2023,3,33.81151628833843,13.375801262791263,29.63487594666545,9.382123367176787,80.37248979591837,100.235,49,1,0.0005588671921691072,False
17721,,"International Rice Research Institute,",broadband,2023-Q3,2023,3,192.24840203442673,70.9168513181563,91.30248909084295,51.608003983992035,35.660999999999994,33.314499999999995,48,4,0.0005474617392676969,False
33680,,TELEPERFORMANCE USA,broadband,2023-Q3,2023,3,43.99512450160742,40.9335296135673,42.52218348608809,38.12673369029133,150.4117234042553,141.549,47,4,0.0005360562863662866,False
1828,,Unitas Global,broadband,2023-Q3,2023,3,182.55814629201507,148.18351328211278,199.47578953415896,162.262595704234,23.14345454545455,23.689,44,3,0.0005018399276620555,False
138915,,Kaopu Cloud HK Limited,broadband,2023-Q3,2023,3,10.071761464730724,5.842003843845731,3.4059515035347148,1.381881324096613,59.21502325581395,43.228,43,17,0.0004904344747606452,False
55437,,"WIT Phils., Inc.",broadband,2023-Q3,2023,3,16.425787341691848,2.438445138103144,14.50137556088995,2.6050764785746092,80.64692857142856,85.8545,42,4,0.0004790290218592348,False
45250,,Vocom International Telecommunications AP Area,broadband,2023-Q3,2023,3,62.564533406190336,53.55881482719729,48.50415752490392,39.47638426180787,64.06459523809524,69.606,42,4,0.0004790290218592348,False
133778,,GY Consultancy Group Inc.,broadband,2023-Q3,2023,3,46.02067189560372,28.883080439441873,19.49157205758515,8.453022851105098,62.835268292682926,48.922,41,10,0.00046762356895782445,False
206804,,EstNOC OU,broadband,2023-Q3,2023,3,32.9220155707934,5.227537828975839,14.767310564933293,2.8041671557999743,151.74565,238.4235,40,17,0.0004562181160564141,False
134213,,Netify Communications Corp.,broadband,2023-Q3,2023,3,73.54709671777333,54.332949367036875,85.43554303281374,65.87698960550186,38.301526315789474,20.2115,38,18,0.0004334072102535934,False
55343,,Conduent Business Services Philippines Inc.,broadband,2023-Q3,2023,3,309.6777186468246,436.0471501339282,327.5539235309495,491.2240981725251,41.19858333333334,35.0245,36,2,0.0004105963044507727,False
38301,,Trec Global Pacific Transit AS,broadband,2023-Q3,2023,3,46.6910567000534,52.990458040532204,49.23251491347816,64.94054953502439,49.682558823529405,50.33,34,2,0.00038778539864795197,False
139630,,Telectronic Systems Inc.,broadband,2023-Q3,2023,3,26.612035773775382,19.071872094711235,13.755915198844734,10.699155340220383,75.37790322580646,61.573,31,3,0.00035356903994372094,False
151653,,General Telephone System Inc.,broadband,2023-Q3,2023,3,33.1003433325404,17.68752085296198,16.873744551217754,13.18054965192671,207.84436666666664,192.344,30,5,0.0003421635870423106,False
135122,,MILLAWAVE,broadband,2023-Q3,2023,3,24.954374607292706,6.568598126522317,21.07219819925264,1.2225908453237124,131.29646666666665,123.30199999999999,30,1,0.0003421635870423106,False
151465,,CULASI CATV INC.,broadband,2023-Q3,2023,3,65.00783337905635,36.535231766713586,68.97446518644358,25.901804345373193,72.12462068965517,54.535,29,1,0.0003307581341409002,False
136777,,247 Customer Philippiness inc,broadband,2023-Q3,2023,3,179.67642841434025,41.00877688890391,182.36190646005664,0.6924995125268111,22.21651724137931,15.0,29,4,0.0003307581341409002,False
17978,,SERVCORP AUSTRALIAN HOLDINGS LTD,broadband,2023-Q3,2023,3,58.611878686754366,60.76573900765424,44.71452186269253,30.06250759328739,75.29480769230769,62.2065,26,1,0.0002965417754366692,False
38291,,BPS Corporation,broadband,2023-Q3,2023,3,17.56544538882362,17.689148415602983,18.92303072748522,7.089939640523026,32.828916666666665,27.8005,24,2,0.00027373086963384846,False
139614,,BANGKO SENTRAL NG PILIPINAS,broadband,2023-Q3,2023,3,15.151371077397448,24.528078837615684,5.772552173624897,7.2232883730080815,146.25520833333331,52.653999999999996,24,4,0.00027373086963384846,False
2687,,"AT&T Enterprises, LLC",broadband,2023-Q3,2023,3,16.383388693706543,9.293215906919777,16.86252597203557,4.389265907030856,82.72539130434781,61.119,23,2,0.0002623254167324381,False
203724,,Musarubra Germany GmbH,broadband,2023-Q3,2023,3,117.2847141492978,17.329056040068032,77.48853411510323,0.7675942279556945,103.56856521739131,54.387,23,1,0.0002623254167324381,False
137417,,Cambridge University Press is the publishing business of the University of Cambridge in UK,broadband,2023-Q3,2023,3,137.70204999812836,41.61357485208676,151.15893863189436,11.426310725135169,41.92826086956522,44.822,23,1,0.0002623254167324381,False
394869,,Asia Pacific Network Corporation,broadband,2023-Q3,2023,3,28.26910452103865,11.621426597535661,6.750204868275141,2.479167408896249,63.5384347826087,30.953,23,2,0.0002623254167324381,False
136404,,BICOLANDIA CABLE TV INCORPORATED,broadband,2023-Q3,2023,3,64.82767714873405,97.09688950924891,54.15243665040127,47.37575330790867,50.73040909090909,48.870000000000005,22,6,0.00025091996383102774,False
12684,,SES ASTRA S.A.,broadband,2023-Q3,2023,3,3.004604172944553,1.4282458591725435,2.1359086849859006,1.3640598855579025,251.01200000000006,234.124,22,2,0.00025091996383102774,False
132193,,Social Security System,broadband,2023-Q3,2023,3,41.85023393543494,6.126571710882148,9.617632803854121,4.157806620012263,44.96272727272728,48.444,22,4,0.00025091996383102774,False
17550,,San Miguel Corporation,broadband,2023-Q3,2023,3,46.121110534994564,36.9505633412472,15.637535234524375,3.2126960267819062,73.66559090909091,49.288,22,4,0.00025091996383102774,False
38577,,LEEKIE-EN,broadband,2023-Q3,2023,3,30.915556920572858,20.171607624441606,27.520756721777076,20.283647342503038,25.198571428571434,4.657,21,4,0.0002395145109296174,False
58677,,DOFAIMPNET,broadband,2023-Q3,2023,3,87.28527335276358,53.302683368178734,82.81198345735683,45.26091882196065,31.609850000000005,25.9805,20,1,0.00022810905802820704,False
140619,,JSLINK INTERNATIONAL CORPORATION,broadband,2023-Q3,2023,3,46.4655808010047,23.526867016673357,44.99594605154199,11.9012796499985,31.492166666666662,38.146,18,7,0.00020529815222538635,False
63966,,RIZAL1,broadband,2023-Q3,2023,3,67.54304348939395,8.644510897025187,18.334323229680837,7.975501397181569,19.68970588235294,12.498,17,2,0.00019389269932397599,False
17448,,Web.com.ph Inc.,broadband,2023-Q3,2023,3,13.305650452820023,7.984501162140834,10.881642713264604,5.801772369120901,98.95105882352942,41.225,17,2,0.00019389269932397599,False
149027,,Neo-Tech Asia Distribution Inc.,broadband,2023-Q3,2023,3,77.2237469351716,44.60467197145819,63.75747491063387,23.97769285799857,105.75617647058823,10.807,17,1,0.00019389269932397599,False
132716,,"1 Solaire Boulevard,",broadband,2023-Q3,2023,3,66.82001068516043,42.00132441459022,11.388016972018011,5.883671703830895,32.268882352941176,30.876,17,2,0.00019389269932397599,False
3257,,GTT Communications Inc.,broadband,2023-Q3,2023,3,65.53842840587313,55.575873773075806,76.73226438296095,44.01527430934715,73.45775,77.06450000000001,16,4,0.00018248724642256565,False
146948,,"Rural Bank of Guinobatan, Inc.",broadband,2023-Q3,2023,3,7.971653575780138,3.3617200422182227,8.199990996555641,0.6283628707858746,127.03925,115.9565,16,2,0.00018248724642256565,False
138540,,"The Insular Life Assurance Company, Ltd.",broadband,2023-Q3,2023,3,147.25562268956213,85.16240178307221,161.093159663995,90.94806909480691,40.47366666666667,21.434,15,2,0.0001710817935211553,False
24109,,WNS Global Services,broadband,2023-Q3,2023,3,125.28304010914026,33.12488101613969,112.0382862774839,20.291911296443743,47.981666666666676,44.7,15,5,0.0001710817935211553,False
132829,,Nevigate Communications (S) Pte Ltd,broadband,2023-Q3,2023,3,82.41284536582491,87.43858305696153,98.56924052659286,60.80422958096688,27.070785714285712,31.215,14,1,0.00015967634061974493,False
24179,,"IMI, Manufacturing Semiconductors and Electronics",broadband,2023-Q3,2023,3,77.0287301631974,61.984140193944974,74.36755040675787,23.11686673303769,28.77130769230769,6.381,13,2,0.0001482708877183346,False
152173,,Robinsons Bank Corporation,broadband,2023-Q3,2023,3,124.97477152008778,91.64779942994207,157.59993177990492,43.96715921618696,23.891615384615385,21.241,13,3,0.0001482708877183346,False
140734,,Watch Tower Bible and Tract Society of the Philippines,broadband,2023-Q3,2023,3,33.41099371109976,45.866233613267326,25.126080952045363,44.279257881339404,62.79266666666667,46.575,12,12,0.00013686543481692423,False
142285,,KEITH.NET INCORPORATED,broadband,2023-Q3,2023,3,22.932805369768815,10.84223669891518,17.073430823892107,11.83020896979103,64.40890909090909,57.0,11,1,0.00012545998191551387,False
132843,,Digital Advantage Corp.,broadband,2023-Q3,2023,3,65.50288804971723,42.48258809109537,69.80731601565375,27.4277437739943,25.989636363636365,30.487,11,1,0.00012545998191551387,False
9254,,"Del Monte Philippines, Inc.",broadband,2023-Q3,2023,3,33.145710774370734,11.721773471992865,28.731331062427536,3.0016202262797043,62.299699999999994,36.1085,10,1,0.00011405452901410352,False
17445,,Universal Robina Corporation,broadband,2023-Q3,2023,3,149.01360583287308,129.1060744616614,142.7002206103793,142.70513824063627,7.167699999999999,3.444,10,3,0.00011405452901410352,False
136503,,"Personal Collection Direct Selling, Inc.",broadband,2023-Q3,2023,3,9.489349266967263,6.720469315809786,8.002092977261178,6.92716882028112,10.191666666666666,10.299,9,1,0.00010264907611269317,False
24081,,SPI Technologies Inc.,broadband,2023-Q3,2023,3,84.22676457468093,117.03361680447183,65.65912728340571,140.46561206546804,29.049666666666667,27.577,9,3,0.00010264907611269317,False
139333,,"Global Agility Solutions, LLC",broadband,2023-Q3,2023,3,103.80010536634752,75.56451276605674,108.53950634418686,105.7511796825407,35.778125,34.037000000000006,8,1,9.124362321128283e-05,False
7611,,"W NETWORK Inc,",broadband,2023-Q3,2023,3,51.190966708418365,104.37804849298587,35.38852532891197,105.40905292445007,29.103125,3.893,8,3,9.124362321128283e-05,False
24222,,OFFICETIGER DATABASE SYSTEMS INDIA PVT LTD,broadband,2023-Q3,2023,3,20.274360643709,7.8596037222846755,17.006808394133937,6.551885659079993,105.342625,62.275999999999996,8,5,9.124362321128283e-05,False
140984,,WTW HIGHTECH COMPANY INC,broadband,2023-Q3,2023,3,82.9828183771948,101.56020482761579,86.13323211100557,91.37221347786522,37.49071428571428,34.0,7,4,7.983817030987246e-05,False
23665,,GSNET,broadband,2023-Q3,2023,3,71.85601312466076,41.63238648320941,81.51250776125698,44.784835996758865,61.936428571428564,22.0,7,2,7.983817030987246e-05,False
138218,,ABOITIZ EQUITY VENTURES INC.,broadband,2023-Q3,2023,3,44.06688836701928,23.88948364938104,42.146735276056575,21.46839868328764,171.71283333333335,57.442,6,2,6.843271740846212e-05,False
59342,,ABSATELLITE BBS-PH,broadband,2023-Q3,2023,3,35.05315171157478,7.761951763735377,37.16365924789791,3.6211064991618795,38.197833333333335,35.4175,6,1,6.843271740846212e-05,False
38596,,"Innodata-ISOGEN, Inc",broadband,2023-Q3,2023,3,7.399903785857539,7.695879239841948,8.467445785511797,8.948789125605437,31.710166666666666,15.6615,6,3,6.843271740846212e-05,False
132046,,Sunbridge worldwide LTD,broadband,2023-Q3,2023,3,428.02995827131747,199.71699367250736,472.5473464389213,167.25790711729553,5.5584,6.066,5,1,5.702726450705176e-05,False
132554,,Ateneo de Manila University,broadband,2023-Q3,2023,3,74.60292235654462,51.790722196276405,78.10228710584907,49.42614868445949,8.2714,2.979,5,3,5.702726450705176e-05,False
140708,,VITRO INC.,broadband,2023-Q3,2023,3,27.391229309018886,3.0086036940832255,12.54902915734662,3.614461619261199,96.779,105.37899999999999,4,1,4.562181160564141e-05,False
40051,,"Disney Worldwide Services, Inc.",broadband,2023-Q3,2023,3,31.681849122067018,0.40403236300659967,29.240941990200135,0.4824511833992608,83.46675,87.0,4,1,4.562181160564141e-05,False
139626,,"2GO Group, Inc.",broadband,2023-Q3,2023,3,60.28631632680981,34.12454809867539,67.70362652079561,30.828097521161343,13.27225,3.8234999999999997,4,2,4.562181160564141e-05,False
10141,,DFNN Group of Companies,broadband,2023-Q3,2023,3,11.172404492643668,11.422193281089141,11.010120062037767,14.04347939120533,50.286,45.842,4,2,4.562181160564141e-05,False
133436,,"KONTAK ONE MANAGEMENT EXCHANGE, INC.",broadband,2023-Q3,2023,3,4.897185430233761,1.751310376298767,5.024839107196402,1.751310376298767,91.5005,61.574,4,2,4.562181160564141e-05,False
209980,,Marlink AS,broadband,2023-Q3,2023,3,18.742361814308993,0.5313321815881187,16.118116067396123,0.4888509682478847,88.43925,93.753,4,2,4.562181160564141e-05,False
135592,,Solaire Resort & Casino,broadband,2023-Q3,2023,3,29.550760373343515,27.931965575650775,29.753694837854255,27.931965575650775,15.695500000000001,15.7,4,3,4.562181160564141e-05,False
45343,,AYALA LAND,broadband,2023-Q3,2023,3,45.20735573673884,56.79989799757848,36.247899025046024,45.37233608090146,16.224,6.443499999999999,4,1,4.562181160564141e-05,False
24451,,"Philippine Dealing System,",broadband,2023-Q3,2023,3,19.128255467772824,19.549942828905245,19.07556158368273,20.432780269469642,54.25875,22.025000000000002,4,2,4.562181160564141e-05,False
64078,,FLAT/RM 101A 1F,broadband,2023-Q3,2023,3,88.39855161164638,77.51265307759836,89.07826850756334,71.28864339921336,3.4203333333333332,3.413,3,2,3.421635870423106e-05,False
6453,,TATA COMMUNICATIONS (AMERICA) INC,broadband,2023-Q3,2023,3,14.33960086018124,27.275848190490695,13.56578996884822,27.275848190490695,26.975666666666665,14.024,3,1,3.421635870423106e-05,False
139855,,"BIT(Brother Internet Technology),INC.",broadband,2023-Q3,2023,3,6.159559278607681,17.978542994516786,7.19003604596548,17.978542994516786,36.455333333333336,20.442,3,3,3.421635870423106e-05,False
139040,,"CANON BUSINESS PROCESS SERVICES PHILIPPINES,",broadband,2023-Q3,2023,3,44.751147773816356,2.033592793274012,44.751147773816356,2.033592793274012,40.021,40.021,2,1,2.2810905802820706e-05,False
36776,,Five9 Inc.,broadband,2023-Q3,2023,3,82.72220935523504,53.318493666410376,82.72220935523504,77.33645696046334,49.634,49.634,2,1,2.2810905802820706e-05,False
18396,,PLDT-PhilCom Inc.,broadband,2023-Q3,2023,3,78.81866161356945,10.131449020947183,78.81866161356945,10.131449020947183,72.5745,72.5745,2,2,2.2810905802820706e-05,False
9334,,iManila,broadband,2023-Q3,2023,3,42.452546088388175,21.350969859354265,42.452546088388175,21.350969859354265,62.97,62.97,2,1,2.2810905802820706e-05,False
141210,,Grand Unicom Corp,broadband,2023-Q3,2023,3,5.593997831592284,4.0950454351364405,5.593997831592284,4.0950454351364405,29.272,29.272,2,1,2.2810905802820706e-05,False
147044,,TECH MAHINDRA,broadband,2023-Q3,2023,3,56.42821000000294,44.074934831016634,56.42821000000294,44.074934831016634,20.304000000000002,20.304000000000002,2,1,2.2810905802820706e-05,False
140722,,Bureau of the Treasury,broadband,2023-Q3,2023,3,15.903662541850753,12.957355626949532,15.903662541850753,12.957355626949532,72.993,72.993,2,1,2.2810905802820706e-05,False
136773,,BDO Unibank Inc,broadband,2023-Q3,2023,3,20.470469747100264,15.481672866074199,20.470469747100264,15.481672866074199,38.993,38.993,1,1,1.1405452901410353e-05,False
137872,,China Mobile Hong Kong Company Limited,broadband,2023-Q3,2023,3,146.732469277765,181.4962506751911,146.732469277765,181.4962506751911,6.171,6.171,1,1,1.1405452901410353e-05,False
19197,,"Stefanini, Inc.",broadband,2023-Q3,2023,3,139.3680732704613,0.07537970238180948,139.3680732704613,0.07537970238180948,30.778,30.778,1,1,1.1405452901410353e-05,False
134716,,Savant Technologies Inc.,broadband,2023-Q3,2023,3,9.955276984891928,1.5949112101775798,9.955276984891928,1.5949112101775798,91.0,91.0,1,1,1.1405452901410353e-05,False
135158,,Softnet Limited,broadband,2023-Q3,2023,3,33.731063263196624,3.1239229750881696,33.731063263196624,3.1239229750881696,164.538,164.538,1,1,1.1405452901410353e-05,False
24079,,"DATAONE ASIA PHILIPPINES, INTERNET DATA",broadband,2023-Q3,2023,3,83.11377455121034,70.67657217553598,83.11377455121034,70.67657217553598,31.495,31.495,1,1,1.1405452901410353e-05,False
133195,,PERFETTI VAN MELLE ASIA PACIFIC PTE LTD - ROHQ,broadband,2023-Q3,2023,3,34.13550459485046,43.16919721009835,34.13550459485046,43.16919721009835,297.776,297.776,1,1,1.1405452901410353e-05,False
24041,,VCustomer Services India Pvt Ltd. Transit AS.,broadband,2023-Q3,2023,3,2.5251098328796733,,2.5251098328796733,,62.029,62.029,1,1,1.1405452901410353e-05,False
151360,,SONIC NETWORKS PHL INC.,broadband,2023-Q3,2023,3,100.8762361394593,,100.8762361394593,,48.705,48.705,1,1,1.1405452901410353e-05,False
1449,,"PayPal, Inc.",broadband,2023-Q3,2023,3,195.0814525601403,236.73590993945217,195.0814525601403,236.73590993945217,62.33,62.33,1,1,1.1405452901410353e-05,False
59348,,Skycable Corporation,broadband,2023-Q3,2023,3,42.67953422591911,0.07515654029278188,42.67953422591911,0.07515654029278188,28.058,28.058,1,1,1.1405452901410353e-05,False
55413,,Development Bank of the Philippines,broadband,2023-Q3,2023,3,84.77037687427678,,84.77037687427678,,30.366,30.366,1,1,1.1405452901410353e-05,False
58604,,PACKETWORX INC.,broadband,2023-Q3,2023,3,10.718899528519,,10.718899528519,,25.12,25.12,1,1,1.1405452901410353e-05,False
400318,,"Versa Networks, Inc.",broadband,2023-Q3,2023,3,408.8868784162588,9.36491215614552,408.8868784162588,9.36491215614552,18.773,18.773,1,1,1.1405452901410353e-05,False
9299,PLDT,Philippine Long Distance Telephone Company,broadband,2023-Q4,2023,4,54.76561253537196,37.169202348825706,23.071215376037514,11.898915588554862,94.0604945284012,63.061,3420320,928706,46.88669273158386,True
17639,Converge,Converge ICT Solutions Inc.,broadband,2023-Q4,2023,4,75.15769839889225,60.10393042349968,37.52875586795778,31.098862717187053,31.051250196906075,17.0,1513945,33907,20.75357686635102,True
132199,Globe,Globe Telecom Inc.,broadband,2023-Q4,2023,4,71.01568688114206,58.552380963127376,37.77925576154156,33.129809110237375,59.85742107683792,32.182,770057,96312,10.556154378773117,True
23944,Sky Cable,SKYBroadband SKYCable Corporation,broadband,2023-Q4,2023,4,44.3961322652056,5.744020307679125,26.9728254402274,3.6362738594016513,46.156784465423144,23.302,231347,52042,3.1713686740929883,True
4775,Globe,Globe Telecoms,broadband,2023-Q4,2023,4,36.97936446329295,28.083961009579838,12.014773174179563,6.1797175170788545,69.61728471178691,39.626,135219,30503,1.853619457966517,True
14593,Starlink,Space Exploration Technologies Corporation,broadband,2023-Q4,2023,4,30.92641354527531,4.432883014409528,11.180146419149542,3.5271804304036554,78.9265712171914,41.378,131829,28109,1.8071484001824298,True
139831,DITO,DITO TELECOMMUNITY CORP.,broadband,2023-Q4,2023,4,27.58679300934944,7.323455811756871,5.0003282236530335,2.277813025243485,60.8961228354252,48.419,119230,83212,1.6344378228898884,True
134707,RoyalCable,RoyalCable Flash,broadband,2023-Q4,2023,4,48.72065055183198,42.38215198224481,35.3116303740398,32.884538550573424,33.98798768555456,8.873,92539,2608,1.2685502112925218,True
55821,,"RADIUS TELECOMS, INC.",broadband,2023-Q4,2023,4,61.6454520464417,48.4207521170677,36.52399088609543,31.72198066323015,25.504384075407526,18.753,55287,12936,0.7578894901795963,True
56207,Converge,ComClark Network & Technology Corp,broadband,2023-Q4,2023,4,23.38378070014698,15.51380421032662,24.352069384662904,19.57967767851411,31.6958335330708,18.99,52583,979,0.7208223101653862,True
134788,Parasat,"Parasat Cable TV, Inc",broadband,2023-Q4,2023,4,48.87549841792113,22.894923798234576,28.43968848704467,10.879881729111746,58.55256259924268,49.0,40962,424,0.5615184274194046,True
9658,Eastern Communications,"Eastern Telecoms Phils., Inc.",broadband,2023-Q4,2023,4,41.52117434685317,32.14596048664006,18.64488041385084,11.836858926453369,52.45521627073065,28.448,40177,5423,0.5507574302629125,True
133623,,Planet Cable Inc.,broadband,2023-Q4,2023,4,40.870513113542444,20.901887536779878,21.844006765943206,12.72308754447943,77.54862016734717,48.170500000000004,39730,186,0.5446298306081965,True
136515,Dasca,"Dasca Cable Services, Inc.",broadband,2023-Q4,2023,4,69.67222923849914,64.03231613274849,35.07199092431362,37.443094134799416,47.28740658618709,8.755,36541,956,0.5009141364272366,True
133334,,DCTV Cable Network Broadband Services Inc,broadband,2023-Q4,2023,4,46.74075694769583,38.07639518570622,27.016058853197002,15.684447642657442,59.466273277888256,49.667,33220,348,0.45538894973079,True
(unknown),,,broadband,2023-Q4,2023,4,61.61701996827119,36.57042391455254,33.822020294441906,6.266303469927243,70.35313320379966,59.588,32433,5823,0.4446005360210329,True
45754,,Clear Path Networks Inc,broadband,2023-Q4,2023,4,77.77283130265083,46.960644124986715,41.98336355403563,30.002462176674186,69.30522407512615,47.525,29927,3622,0.41024759478005274,True
56099,,Asian Vision Cable,broadband,2023-Q4,2023,4,37.62894871226004,34.23451322946404,23.529202397707802,23.464312608298098,56.31254458621684,44.507999999999996,27750,3476,0.3804046765511566,True
17970,,SKYBroadband SKYCable Corporation,broadband,2023-Q4,2023,4,40.9164570467592,3.813738790257262,26.38600618350827,3.0914559527553838,53.24983954765221,11.209,24415,2181,0.33468757398185545,True
56262,,Dagupan Urban Satellite Vision Inc.,broadband,2023-Q4,2023,4,40.50653595055113,13.9898155038316,29.975683255599467,8.109903915103704,67.69405850139081,46.221000000000004,23017,907,0.31552340324965666,True
135607,Infinivan,Infinivan Incorporated,broadband,2023-Q4,2023,4,28.79575562616609,24.237468858120373,13.519151762410623,11.110021371889836,82.62994247093556,82.862,21692,565,0.29735993671162847,True
137226,,"ANGELES CITY CABLE TELEVISION NETWORK, INC.",broadband,2023-Q4,2023,4,6.937921742484543,1.854594817297973,6.3343553723303145,1.129320726271732,45.18057006353978,14.583,20621,3308,0.28267837243824867,True
134497,,Cine Cebu,broadband,2023-Q4,2023,4,19.60536515778444,14.286023774809284,16.409092559899126,9.498413330350841,76.99449300174207,69.253,16662,89,0.22840730525028366,True
132400,,COMMUNITY CABLE VISION CORPORATION,broadband,2023-Q4,2023,4,44.05283990509265,33.85357193466353,24.077380107877694,15.504046312067802,35.81174535021765,31.5015,15164,243,0.20787230685483743,True
9927,,Philippine Global Communications Corporation,broadband,2023-Q4,2023,4,52.39458467373132,40.840786837823984,23.707865432343148,15.347763694642337,34.00401273611905,7.629,13979,687,0.1916279990453556,True
137239,,Fil Products Service Television Incorporated,broadband,2023-Q4,2023,4,27.620880918204122,23.546865849165037,18.82736359703199,14.453921161983393,68.41898132674562,49.56,13773,273,0.18880409405906595,True
138965,,Streamtech Systems Technologies Inc.,broadband,2023-Q4,2023,4,36.517087330398624,23.67491146384569,20.75967198411173,16.212439741657825,74.15296806328743,57.0,13663,118,0.1872961836294938,True
174,Cogent,"Cogent Communications, LLC",broadband,2023-Q4,2023,4,27.848807217233343,22.177369980979055,11.56770114838564,9.686587200789253,84.82756014782409,77.293,13279,241,0.18203220540262374,True
141686,,LizardBear Tasking Inc.,broadband,2023-Q4,2023,4,72.9335542752655,63.068060232804655,36.220800871771765,30.63199720186918,23.436706196078433,3.8975,12773,2,0.17509581742659183,True
45499,,Cablelink & Holdings Corp. Transit AS Internet Service Provider Philippines,broadband,2023-Q4,2023,4,37.91492308366347,24.701904703859263,19.35310017874868,8.99770091264498,40.309633280127706,20.4865,12531,1457,0.1717784144815331,True
132021,,Kalibo Cable Television Network Inc,broadband,2023-Q4,2023,4,20.232730627078542,15.389391199333362,11.348753470830921,9.006883877283204,71.90381249495519,57.749,12401,100,0.16999633851931148,True
135345,,NewMountainView Satellite Corporation,broadband,2023-Q4,2023,4,49.154802101740636,41.91833584032946,20.51501800762446,17.502281512950805,38.26874651696443,11.129,12218,334,0.1674877238955687,True
137074,,Responsible Internet Sustainability Effort,broadband,2023-Q4,2023,4,110.93306407905462,106.38199905544828,41.42912764501553,22.93794716728668,27.90435317526114,14.602,12066,576,0.16540406584743264,True
142629,,GigaFiber Corp.,broadband,2023-Q4,2023,4,17.762195861346434,14.746548573531356,7.129107318296575,5.1947296022084695,94.60735012034809,93.0,10810,100,0.14818647039704516,True
136929,,"Meridian Cable TV, INC",broadband,2023-Q4,2023,4,77.97358122249659,67.49955951891408,40.69962128103548,39.39925634462104,41.93925663270453,7.517,9914,260,0.13590385453434836,True
139798,,LizardBear Tasking Inc,broadband,2023-Q4,2023,4,51.45881581574222,55.89348284997202,19.08316269853075,13.73268212776437,82.47718024417316,63.6855,9014,3,0.12356640556512165,True
18233,,"Philippine Telegraph and Telephone Corporation,",broadband,2023-Q4,2023,4,32.19083259411686,20.190179210874135,13.958352984269142,8.10482089423332,24.479238976656454,5.442500000000001,8486,531,0.11632843550317531,True
9821,,Department of Science and Technology,broadband,2023-Q4,2023,4,115.18706117606965,102.06011043802195,47.779024890087314,22.577906379726393,27.157987369657807,4.951,6810,238,0.09335336386714871,True
11404,,Wave Broadband,broadband,2023-Q4,2023,4,25.529934921922322,20.808084073409898,12.005437776773679,8.546323537557633,84.68097688203912,81.481,6757,211,0.09262682520562758,True
139238,,Infinity Broadband INC.,broadband,2023-Q4,2023,4,82.56775036598003,74.24387473456926,59.661303454379194,55.98963771605758,58.18956836024292,48.104,6752,127,0.09255828382246521,True
150431,,ADS Cable TV Network,broadband,2023-Q4,2023,4,23.166929526893735,18.837876362500545,10.515022713983718,10.304870022013828,98.76104878048778,47.905,6287,6,0.08618393518836474,True
136244,,Panay Broadband / Buenavista Cable TV Inc.,broadband,2023-Q4,2023,4,9.275373596941453,6.448511805118138,4.866461669717922,1.6612442459550816,48.41981944444444,21.72,5765,39,0.07902821478621326,True
135025,,"Nexlogic Telecommunications Network, Inc.",broadband,2023-Q4,2023,4,24.53768493088682,17.964524600788195,7.726529863449299,9.777286586128035,46.336482583581315,25.0,5713,238,0.0783153844013246,True
132505,,Concentrix Daksh Services Philippines Corporation,broadband,2023-Q4,2023,4,46.55788981909901,21.812631781224287,27.583454871244477,4.53057366623201,46.348169631155216,43.558,5341,6,0.07321590549404423,True
138958,,Tandag Electric & Telephone Company Inc.,broadband,2023-Q4,2023,4,23.400818318738352,15.867337529496124,13.126316407406696,5.494195067226457,107.90593181818183,88.9755,5284,202,0.0724345337259932,True
149645,,"Spectrum Cable network and broadband, Inc.",broadband,2023-Q4,2023,4,69.71897640506866,65.52957712659325,43.99004954628403,46.721178770028004,63.73505003805174,45.5545,5259,122,0.07209182681018135,True
140243,,"CMD Cable Vision, Inc",broadband,2023-Q4,2023,4,34.65378614211495,31.794381571994855,26.434014184853467,26.371149777310134,68.72538018741633,66.096,5234,101,0.07174911989436951,True
139752,,"Multinetwork Cable Television, Inc",broadband,2023-Q4,2023,4,61.06616666531249,38.89711218084274,32.87334957513816,22.652600986932068,46.42279938152299,39.566,5175,270,0.07094033157305353,True
135594,,Kabayan Cable Tv Systems Inc.,broadband,2023-Q4,2023,4,26.53629353897774,21.80144032539381,18.28877610976987,14.178721312416359,54.83151567805075,40.374,5021,24,0.06882925697165251,True
139034,,Sattelite Plus Incorporated,broadband,2023-Q4,2023,4,18.941905343228967,6.402411621715681,13.69608346652971,5.458994085727748,43.273979657387585,10.572,4673,741,0.06405877670355152,True
23862,,University of the Philippines Diliman,broadband,2023-Q4,2023,4,75.90726936038145,62.70016681221826,29.982489451057866,15.811708132061618,21.460085569731632,3.5965,4546,91,0.062317825571227316,True
138987,,CHARLES CATV SYSTEMS INC,broadband,2023-Q4,2023,4,45.28653295962024,39.69567432389757,12.937859287151467,12.065402487073106,48.07730653043091,41.0145,4504,20,0.0617420779526634,True
135582,,Galaxy Cable Corp.,broadband,2023-Q4,2023,4,35.294263611895104,24.29256837695689,25.727007177484136,17.848010580877325,40.99447143499775,30.871000000000002,4447,207,0.06096070618461238,True
141152,,BATAAN SPACE CABLE NETWORK INC,broadband,2023-Q4,2023,4,55.887630710115666,27.365147104807654,26.2180978393135,5.141331820962429,204.328339710686,35.6245,4288,100,0.05878109020004899,True
131465,,"Marbel Telephone System, Inc.",broadband,2023-Q4,2023,4,38.84084515881527,29.88840117333115,21.701854656059663,16.700651612558453,69.81765850211964,52.3235,4249,10,0.0582464674113825,True
137404,,KCAT,broadband,2023-Q4,2023,4,15.115195749087642,9.051559893909724,8.677465947255849,2.1537384631753596,69.3448858932462,23.5395,3685,13,0.0505149993906671,True
137996,,"HGC Global Communications (Philippines), Inc.",broadband,2023-Q4,2023,4,47.196900856064374,42.68226006495424,11.813878629558221,11.372589347801696,69.52139490624127,51.673,3576,46,0.049020797237727426,True
133064,,SLMC INFRASTRUCTURE,broadband,2023-Q4,2023,4,56.279803677329724,76.2286763605371,41.75278671411981,60.27844811775674,17.320627685696746,3.9295,3258,16,0.044661565268600656,True
142424,,"Unique Cable Network, Inc.",broadband,2023-Q4,2023,4,26.4584408243415,27.38387976007441,18.01803865815294,19.60974822080404,75.4420200317965,56.0,3147,10,0.04313994656239603,True
138543,,Cablevision Systems Corporation,broadband,2023-Q4,2023,4,20.828216036896695,22.122241190641294,13.45220380308922,17.472604265501182,38.35125143629605,10.962,2961,139,0.04059020710875585,True
132054,,Rising Star Cable TV Services,broadband,2023-Q4,2023,4,34.293583763150444,16.065050244580384,21.55074321868264,0.21255493535455372,60.9680953038674,60.705,2897,20,0.0397128774042775,True
139846,,StarCable,broadband,2023-Q4,2023,4,30.15393144946541,27.177093795755493,16.08906251617027,11.870535282328342,97.92734966979494,86.34,2878,210,0.039452420148260496,True
151408,,Fil Products Service Television of Calbayog Inc.,broadband,2023-Q4,2023,4,15.718474093475994,12.91795724869005,9.761227018824323,5.306820120289776,94.07510934470724,79.422,2581,21,0.03538106198841568,True
134802,,Naic Cable TV Corp.,broadband,2023-Q4,2023,4,39.351516583429145,29.46929896977424,20.02201715651043,15.604198881917158,28.263845418326696,8.019,2512,5,0.03443519090077497,True
142009,,Misamis Cable Management and Development Corp,broadband,2023-Q4,2023,4,31.39406388919977,24.517497166258924,20.15932075355324,10.48687009389725,90.86177714977795,62.122,2480,115,0.0339965260485358,True
137818,,Panay Telephone Corporation,broadband,2023-Q4,2023,4,13.450922416685344,12.040162281702738,6.508618595375167,4.771264602643983,95.08845450768591,72.763,2407,20,0.03299582185436519,True
15084,,Concentrix CVG Corporation,broadband,2023-Q4,2023,4,31.588354726513913,35.214788948183646,12.145275627670074,4.631400612209104,56.36988737201364,53.9745,2344,120,0.03213220042651932,True
150447,,Woofy Incorporated,broadband,2023-Q4,2023,4,43.76737193745726,38.510802899358204,30.912806438741313,29.782165908239143,68.77820790378006,49.942499999999995,2328,65,0.03191286800039973,True
135423,,Total Information Management Corporation,broadband,2023-Q4,2023,4,37.9056388634911,32.465456731048725,19.67126586777647,14.49750932273189,33.05452611940299,5.3485,2145,54,0.02940425337665697,True
150704,,DEARBC Connect,broadband,2023-Q4,2023,4,27.750005184691766,26.946073340532372,14.006832019063955,18.739906652513476,112.2048793755913,101.9515,2115,133,0.028993005077682748,True
139900,,RELIANCE CATV AND ENTERTAINMENT SERVICES,broadband,2023-Q4,2023,4,24.79167219071927,23.09404620728811,18.848398689389068,18.921360146277927,78.27197912524849,58.46,2015,5,0.027622177414435335,True
149848,,CELEBRITY CABLE NETWORK INC,broadband,2023-Q4,2023,4,20.45512909009771,16.385951651256896,12.691111151166588,11.47559482119491,50.94267316341829,35.0,2004,73,0.02747138637147812,True
149170,,TOLEDO CABLE TV,broadband,2023-Q4,2023,4,23.53536764333173,23.27210135953352,22.264218656209124,15.139680243226502,82.64348666331152,69.379,1988,13,0.027252053945358536,True
135549,,"NEW WORLD CATV, INC.",broadband,2023-Q4,2023,4,28.146110427907182,23.27345688651591,17.095618611259454,12.019960521264,57.07617880794701,52.758,1966,18,0.026950471859444106,True
18187,,Ignite Telecommunications Inc,broadband,2023-Q4,2023,4,30.16354142482472,27.64535136285326,18.306859919293416,14.33369527774042,38.7099557840617,30.588,1945,156,0.026662598050162148,True
142271,,EWS DS Networks Inc,broadband,2023-Q4,2023,4,35.07755973615744,24.250770897091254,27.978209644761584,20.581302385660855,33.09406798715204,18.948999999999998,1868,7,0.025607060749461643,True
141676,,St. Joseph Cable TV System,broadband,2023-Q4,2023,4,23.344466766207102,10.37148666755921,12.041310874197782,13.132233857189455,104.03146037946428,70.7445,1795,150,0.02460635655529103,True
141709,,Clare Cable TeleVision,broadband,2023-Q4,2023,4,36.241605564550916,31.44607229424362,26.45820473731439,18.401224136070848,69.38297813578826,33.481,1738,4,0.023824984787240006,True
139464,,KMC Mag Solutions,broadband,2023-Q4,2023,4,133.98652478463396,87.42142586145981,74.19291569369464,23.95573405664787,30.890681790683615,5.276,1654,62,0.022673489550112183,True
138929,,Cebu Cable TV Management Corporation,broadband,2023-Q4,2023,4,44.613118222821726,24.930708230350863,29.255063817202277,15.888293659999071,41.64296200980393,19.707500000000003,1634,86,0.0223993240174627,True
131306,,CITI Cableworld Inc.,broadband,2023-Q4,2023,4,27.66579014244857,19.889293401432756,24.58754327745956,13.991034489380958,57.254750153468386,44.025,1630,37,0.022344490910932803,True
142555,,"Z-ENERGY CATV NETWORK, INC.",broadband,2023-Q4,2023,4,10.726686547124075,11.883862506609507,7.529542241407654,7.371591891242712,120.41064484249534,107.771,1623,224,0.022248532974505485,True
132464,,Barbaza Multi-Purpose Cooperative,broadband,2023-Q4,2023,4,12.779864421468574,9.322348262281576,9.245591353162652,6.023242912946825,76.82463829787235,54.0,1600,16,0.02193324261195858,True
138025,,RBC Cable Master System,broadband,2023-Q4,2023,4,29.636341151273957,29.782325741118754,22.153114811876804,26.707604462403452,74.64724842767295,70.199,1590,102,0.02179615984563384,True
134431,,News and Entertainment Network Corp,broadband,2023-Q4,2023,4,19.453628806509137,13.898678977818399,12.030660017492178,5.895498356752465,103.26182152061858,85.143,1552,119,0.021275245333599823,True
150450,,"Kinahugan Bojol Communications, Inc.",broadband,2023-Q4,2023,4,30.14202243125018,22.717982239814173,17.439934879280457,10.20906348977471,84.0881666666667,57.254999999999995,1549,106,0.0212341205037024,True
18360,,Santo Tomas E-Service Providers,broadband,2023-Q4,2023,4,55.0010914848299,76.8248924767173,18.83101135245887,30.09171004782617,32.67374074074075,25.436,1431,21,0.019616543861070455,True
45209,,"University of the Philippines, Los Banos Campus",broadband,2023-Q4,2023,4,121.91079025113252,95.45193336175933,59.820338546369534,26.565619372271353,29.571917261055635,5.257999999999999,1422,15,0.019493169371378186,True
136803,,TELMARC CORPORATION,broadband,2023-Q4,2023,4,17.795714320593817,14.661713376106164,9.868807521080504,10.274965747864805,30.106163250366027,5.0,1367,42,0.01873921415659211,True
150000,,Data-Beam Business Solution,broadband,2023-Q4,2023,4,8.158538575408464,4.480519645747024,3.680445603508835,1.4435408242101868,113.48557602996253,99.528,1337,26,0.018327965857617888,True
18188,,Ateneo de Manila University,broadband,2023-Q4,2023,4,86.7044977164639,65.4732920843932,56.55253671958644,37.64596706036788,24.685922433460078,3.789,1315,30,0.018026383771703458,True
15347,,IBEX Global Solutions,broadband,2023-Q4,2023,4,61.47956215628637,34.37888136569201,34.947632926535675,4.725872366562145,94.63035543130991,61.177,1252,5,0.01716276234385759,True
134966,,Southern CableVision Inc.,broadband,2023-Q4,2023,4,19.61310776141285,17.130357326254664,15.90429656173349,12.720783892233017,112.66432954545455,109.4605,1233,17,0.01690230508784058,True
142581,,Mambulao Cable Television,broadband,2023-Q4,2023,4,18.687401981396995,14.890963073554337,13.283169386178582,11.422673139944742,94.42570717781402,90.8005,1226,10,0.016806347151413263,True
137184,,Suniway Group of Companies Inc.,broadband,2023-Q4,2023,4,26.830927067378834,29.060997566736454,13.7504096974656,11.452276016889197,55.211739168110924,48.7765,1155,127,0.015833059510507598,True
132792,,"University of the Philippines Visayas, Miagao",broadband,2023-Q4,2023,4,42.373849419389344,17.179915653449783,17.85488651993982,0.8871554182058018,44.021755926251096,27.914,1141,5,0.01564114363765296,True
140549,,SHIFT DATA SERVICES INC,broadband,2023-Q4,2023,4,38.60203771740714,25.73502966592579,14.089320513121523,3.776618801480531,57.194040816326535,48.6795,1081,194,0.014818647039704515,True
147174,,POLARIS CABLE VISION INC.,broadband,2023-Q4,2023,4,25.028852299925425,19.644763297559873,16.612001746656446,9.419459445112329,87.84382285714285,65.0,1051,27,0.014407398740730291,True
151354,,MCBROAD IT SOLUTIONS,broadband,2023-Q4,2023,4,39.19399803240114,23.931509538157943,32.078528360311914,16.755948420390972,65.34412511938874,58.0,1047,207,0.014352565634200395,True
138961,,Paradise Cable Television Network,broadband,2023-Q4,2023,4,13.115484149382096,12.899302145859423,6.184758946462587,4.920720204736664,71.56400097465887,53.0,1026,39,0.01406469182491844,True
45600,,"University of the Philippines, Manila",broadband,2023-Q4,2023,4,76.32823700945606,53.05920313153976,50.92322587913286,25.376013705505432,31.45285849056604,18.323999999999998,954,223,0.013077695907380303,True
21433,,Accenture UK Limited,broadband,2023-Q4,2023,4,19.937136651113143,9.381688931627709,8.47342838497894,0.8081755334613865,47.989006309148266,50.03,951,3,0.013036571077482881,True
142414,,MALASIMBU CATV CORP,broadband,2023-Q4,2023,4,37.77243283945489,30.856554294355245,30.643191632306326,25.657820936871627,70.56710805084745,64.3245,944,108,0.012940613141055561,True
6648,,"Bayan Telecommunications, Inc.",broadband,2023-Q4,2023,4,35.223789544671675,30.24470387114679,10.344525814843928,6.064018079457616,66.8894363057325,37.0,942,28,0.012913196587790613,True
140927,,SKY MOVIE PHILIPPINES CATV,broadband,2023-Q4,2023,4,13.596007097779522,15.398696697534124,7.95558756046788,12.362497128910682,82.79800427350426,69.85499999999999,936,130,0.01283094692799577,True
18229,,CtrlS,broadband,2023-Q4,2023,4,28.284618000220366,21.691736354417575,25.275005062471543,11.922137463049033,77.40955291576675,81.717,927,24,0.012707572438303501,True
131276,,Mega Speed ICT Solutions Inc.,broadband,2023-Q4,2023,4,27.569179169636396,22.45824227856544,17.355394861881102,10.450778663465751,77.85177198697069,53.463,921,26,0.012625322778508658,True
141016,,SM Investments Corporation,broadband,2023-Q4,2023,4,76.82224769146654,34.18898409628118,41.942174030032774,11.565869800456477,31.858269751693005,6.0794999999999995,886,7,0.012145533096372063,True
63927,,RISE,broadband,2023-Q4,2023,4,55.31259493190031,42.37818331396512,23.830844451121955,11.66632989671291,42.59172032902469,17.454,851,54,0.01166574341423547,True
139213,,"Hillview Cable Systems, inc.",broadband,2023-Q4,2023,4,28.99685774307189,16.16780490810028,20.669148331308527,6.224874013207201,56.10953427895981,43.826,847,64,0.011610910307705573,True
134241,,M7 Telecommunications Corporation,broadband,2023-Q4,2023,4,12.388886891218304,11.854520954354067,8.627711776164361,8.731073345234513,99.05428,80.9355,800,71,0.01096662130597929,True
135366,,Zafra Cable TV Network Inc.,broadband,2023-Q4,2023,4,29.518108821150758,19.00778247971348,19.140306686182814,11.024333264225245,63.103346508563895,50.932,759,5,0.010404581964047852,True
55402,,PNB Financial Center,broadband,2023-Q4,2023,4,18.00834023258168,9.467105298248507,16.053617071421073,12.459105622580037,56.12238140161726,55.0,742,3,0.010171541261295792,True
59322,,Black Fiber Solutions Corporation,broadband,2023-Q4,2023,4,50.86694446214853,37.64753418328472,26.82835673361676,19.759845809636897,42.26332905982907,30.0465,703,71,0.009636918472629302,True
132615,,Pipol Broadband,broadband,2023-Q4,2023,4,11.028090731260823,7.468854643081298,5.025909805181961,1.3643205156255187,32.30006772334294,12.746,695,180,0.009527252259569508,True
151405,,WISE CABLE TV,broadband,2023-Q4,2023,4,20.850624130527446,21.33777300640817,15.395016426748018,13.485228685388998,107.20749705882352,102.925,680,9,0.009321628110082397,True
147042,,Panabo Satellite Cable Television Inc.,broadband,2023-Q4,2023,4,25.816190013204643,25.62075372837596,14.435013999403564,17.739748651706968,108.2492615844544,103.976,669,35,0.009170837067125182,True
17895,,"Globalreach eBusiness Networks, Inc.",broadband,2023-Q4,2023,4,35.00275034816689,23.67134304122065,14.495721971265324,7.742591777089555,68.07971802773498,32.517,654,73,0.00896521291763807,True
137406,,Airlive Communications Inc.,broadband,2023-Q4,2023,4,35.60711513904456,31.91278132051841,18.236025443873075,14.390668442465529,52.36672463768116,41.556,623,50,0.008540256342031372,True
149825,,RFi Fiber,broadband,2023-Q4,2023,4,26.24088515131717,26.18775534999914,17.142274710278887,20.685196805182553,25.39761979166667,30.0,576,21,0.007895967340305088,True
138969,,"Marbel Services and Television System, Inc.",broadband,2023-Q4,2023,4,13.51380512967372,1.006176359951427,9.130271406793472,0.2636079472784105,138.08345708582834,111.993,504,31,0.006908971422766952,True
135409,,Kacific Broadband Satellites Pte Ltd,broadband,2023-Q4,2023,4,5.268309041268376,1.6608889184042295,5.396489321606776,1.7960450605020095,60.73388690476192,64.241,504,75,0.006908971422766952,True
138970,,Wesfardell Cable Services,broadband,2023-Q4,2023,4,14.340751113813957,15.047918592341551,10.019832177556312,9.32222559868664,74.6689799196787,51.933499999999995,498,4,0.006826721762972108,True
151066,,Imperial network inc,broadband,2023-Q4,2023,4,50.02646117361923,25.485178078233435,33.36375119898945,13.853353328996402,55.810716129032265,56.538,465,178,0.006374348634100462,True
151324,,BONGAO CABLE TV - ISABELA,broadband,2023-Q4,2023,4,9.15771648904513,39.77872329706123,6.568417995144384,22.288621830881176,31.624394335511983,14.55,459,2,0.006292098974305617,True
274879,,DYNAMIC NETWORKS SOLUTIONS SAS ZOMAC,broadband,2023-Q4,2023,4,9.145407427509076,7.994982709761194,8.367547333874128,6.225627744879679,94.60650896860987,97.8785,446,5,0.006113891378083454,True
395793,,Arisk Communications inc.,broadband,2023-Q4,2023,4,16.456887976316995,19.10292868842738,6.547481036279085,6.625924791507233,76.5459675925926,73.45349999999999,432,27,0.005921975505228817,True
132905,,AS number of Ateneo de Davao University,broadband,2023-Q4,2023,4,44.933234837788994,32.34174845958578,36.11249034232287,8.831091753639958,80.20072196261681,64.4215,428,29,0.00586714239869892,True
4637,,Telstra Global,broadband,2023-Q4,2023,4,161.31516550583967,76.11786299262609,86.36979695631389,39.2610056103906,58.62658215962442,44.9135,426,28,0.0058397258454339716,True
132454,,"Philippine Telegraph and Telephone Corporation,",broadband,2023-Q4,2023,4,105.1786807591375,57.81817761412995,56.24482004935459,24.85747922303583,15.629285714285718,3.083,378,34,0.005181728567075214,True
135499,,"Tiger Resort Leisure & Entertainment, Inc. (TRLEI)",broadband,2023-Q4,2023,4,38.42031103808807,30.973917415108367,24.41444474357817,10.639426183322383,47.267072192513375,50.5795,374,12,0.005126895460545318,True
150707,,Romblon Cable Corporation,broadband,2023-Q4,2023,4,15.32609627081092,10.819794983776413,11.2639518018381,3.597643681936458,90.7664723756906,77.22149999999999,363,29,0.004976104417588102,True
38609,,"American Data Exchange Corporation Ltd.,",broadband,2023-Q4,2023,4,40.03524117874705,20.751487305413963,2.7645868525395496,4.4962254275897156,142.12386111111113,90.917,360,7,0.004934979587690681,True
151653,,General Telephone System Inc.,broadband,2023-Q4,2023,4,20.847560861463784,25.787351505824173,14.549477301681202,16.382023262928826,244.114404494382,228.9495,357,53,0.004893854757793258,True
18214,,TELUS INTERNATIONAL,broadband,2023-Q4,2023,4,69.8421217853603,57.41289472524678,41.97359287264375,5.7962627783298775,100.17343323442137,80.158,337,4,0.004619689225143776,True
38722,,Conduent Business Services Philippines Inc.,broadband,2023-Q4,2023,4,49.32499161897107,41.75000115070522,16.707680101235454,17.02143056238459,83.7605391566265,61.144000000000005,332,6,0.004551147841981405,True
149509,,Xfiniti Internet Communication Services,broadband,2023-Q4,2023,4,42.38440679747083,40.84731974398253,28.938525706489887,14.772864112584752,111.84377203647418,85.981,330,101,0.0045237312887164574,True
55437,,"WIT Phils., Inc.",broadband,2023-Q4,2023,4,31.261719141371096,2.456267704030509,16.822600138956552,1.7032224828973799,66.73280877742947,53.586,319,5,0.004372940245759242,True
147178,,TierOne Communications International Inc,broadband,2023-Q4,2023,4,7.380496935659891,4.177438692461769,3.805299409693131,2.3076068283274687,81.61079,83.255,300,6,0.004112482989742233,True
137941,,Mabuhay Cable TV Inc,broadband,2023-Q4,2023,4,46.50230229912932,19.461998740881935,27.18711320922306,0.3414955350287734,244.43763666666672,36.657,300,1,0.004112482989742233,True
136982,,Integranet Network Services,broadband,2023-Q4,2023,4,8.83349303837322,7.936118433450163,6.506338043985727,5.283979490564009,66.77442033898303,10.914,296,31,0.0040576498832123374,True
141754,,Emapta Versatile Services Inc,broadband,2023-Q4,2023,4,69.00668449740802,31.66432084029555,63.49847990407505,20.348168666048718,40.79219011406843,7.675,263,12,0.0036052767543406916,True
18190,,SunValley New Oriental,broadband,2023-Q4,2023,4,24.40186017768273,28.74805913152491,18.250475043448,28.356268071253613,31.059526923076923,4.146,260,32,0.003564151924443269,True
140878,,Philippine National Police,broadband,2023-Q4,2023,4,82.11871442562463,53.592937709622305,63.6683951275362,28.140749203964265,30.977492307692305,30.8845,260,7,0.003564151924443269,True
131253,,De La Salle-Lipa,broadband,2023-Q4,2023,4,9.61390866550962,9.10383063273259,7.900130471640882,9.010630696922831,41.43228235294118,34.43,255,2,0.0034956105412808987,True
58437,,MAPUAEDU,broadband,2023-Q4,2023,4,33.076775489373496,24.228857997818373,21.386123182483576,14.987413971405697,29.61591497975709,3.308,247,9,0.0033859443282211058,True
45166,,Pacific Internet Pte Ltd,broadband,2023-Q4,2023,4,34.01717957840289,25.657179660339693,39.95332442736019,30.258991289635745,35.848983739837394,28.930500000000002,246,10,0.0033722360515886316,True
136216,,Channel Information Technology Support and Leasing Services Inc.,broadband,2023-Q4,2023,4,200.3031565891205,90.75404884844475,173.51445476150639,48.13978053180901,20.278771551724137,14.59,232,54,0.003180320178733994,True
149802,,MT Cable Television Network,broadband,2023-Q4,2023,4,33.719868201528136,28.386241337756434,27.757470350824573,20.984588080674406,72.50838938053097,53.3765,227,10,0.0031117787955716233,True
206804,,EstNOC OU,broadband,2023-Q4,2023,4,23.27626948519793,1.888520480208333,14.12043772940474,0.5618194666839728,148.11908450704226,200.0,213,24,0.0029198629227169858,True
4759,,TEXTRON CORPORATION,broadband,2023-Q4,2023,4,8.567882995684803,7.817380788536075,6.300787922844839,4.943817457261316,55.23587192118225,24.744,204,18,0.0027964884330247187,True
58757,,Ace Wireless Network Phils. Inc.,broadband,2023-Q4,2023,4,21.276951988778254,28.809490629306747,9.726875606656709,10.043556569183222,86.0787794117647,57.3745,204,11,0.0027964884330247187,True
63848,,De La Salle-College of Saint Benilde,broadband,2023-Q4,2023,4,102.63095010655424,80.02448348717614,76.98424259926352,26.819034952986556,52.854761363636364,48.808,176,3,0.0024126566873154437,True
136513,,Corporate Technologies Incorporated,broadband,2023-Q4,2023,4,28.73773295618945,7.7379176874032,12.762907153085331,1.0030393589152231,41.169497142857146,20.679,175,4,0.0023989484106829695,True
22351,,INTELSAT GLOBAL SERVICE CORPORATION,broadband,2023-Q4,2023,4,2.038149171329768,0.4716122444717094,1.464669230303271,0.4161539877811395,151.94134319526628,115.429,169,15,0.002316698750888125,True
22773,,Cox Communications Inc.,broadband,2023-Q4,2023,4,37.50712687890473,63.04191887710988,12.961911411805279,28.54371257077846,41.3635,23.563000000000002,160,27,0.002193324261195858,True
137846,,Sharp Viewing Entertainment Corporation,broadband,2023-Q4,2023,4,12.492460237040104,10.31698566480669,6.532848103468035,4.411706533616403,161.9292465753425,191.99450000000002,146,1,0.0020014083883412204,True
134996,,"BSITC PHILS., INC.",broadband,2023-Q4,2023,4,39.37454491849964,16.559760254814137,38.089338738510406,3.399715505547602,64.0890142857143,55.6075,140,21,0.0019191587285463758,True
138569,,Tech2go Strategic IT Solutions,broadband,2023-Q4,2023,4,17.139415409375406,10.742886896702899,15.869406192373113,2.491822136812929,57.621164179104476,38.6525,134,10,0.001836909068751531,True
139204,,RACITELCOM Inc.,broadband,2023-Q4,2023,4,25.963903545972478,22.097507946917936,16.28689265569448,14.850435305721973,55.318361538461545,50.4595,130,12,0.0017820759622216346,True
138689,,"CONCEPCION PAY-TV NETWORK, INC.",broadband,2023-Q4,2023,4,20.108084237667732,12.32801253834199,13.199683550538966,3.5905130615688683,79.16129457364342,60.34,129,28,0.0017683676855891604,True
151465,,CULASI CATV INC.,broadband,2023-Q4,2023,4,71.08188182886475,34.374680327078345,89.83956348121686,16.77739968195155,70.7451507936508,50.7805,126,3,0.001727242855691738,True
138915,,Kaopu Cloud HK Limited,broadband,2023-Q4,2023,4,12.085603831228346,5.660020437619018,4.472478594170166,1.7104159883913936,75.25606451612903,43.4715,124,19,0.00169982630242679,True
142416,,"Itiviti Philippines, Inc",broadband,2023-Q4,2023,4,40.80276143967171,14.361566391013595,39.842170787619786,2.7996589991504996,129.62741463414633,126.792,123,1,0.0016861180257943158,True
58907,,Acquire BPO Pty Ltd,broadband,2023-Q4,2023,4,135.902627155677,117.94048919225072,92.54324564034312,57.6497248266755,55.530270491803265,58.0,122,10,0.0016724097491618416,True
45865,,INFORPSSC,broadband,2023-Q4,2023,4,75.6731133387589,45.088181207379705,55.87337263556027,5.746445882455527,58.962333333333326,49.7795,120,5,0.0016449931958968935,True
58706,,Xavier School,broadband,2023-Q4,2023,4,44.75824359374476,31.353768594603515,40.990655433627296,27.896300991084352,13.505596491228069,3.223,115,1,0.0015764518127345229,True
140593,,ULAP Networks Inc.,broadband,2023-Q4,2023,4,142.81518075190246,75.69850820292454,74.83551863229908,58.931657827151625,14.6132,4.531,115,10,0.0015764518127345229,True
141238,,Qualfon is a business process outsourcing company providing contact center services for various companies around thew world.,broadband,2023-Q4,2023,4,78.78555255462254,82.92470428895874,72.91070183613758,88.39924126181816,76.2074695652174,73.518,115,9,0.0015764518127345229,True
64008,,Department of Social Welfare and Development,broadband,2023-Q4,2023,4,86.34941762016629,21.173051419742272,56.027761475779286,3.9747996680408963,47.59736842105263,40.447500000000005,114,1,0.0015627435361020487,True
7629,,EPLDT,broadband,2023-Q4,2023,4,44.046846810665215,26.401065521044373,13.166552232497242,2.0983282737407567,63.214045454545456,58.488,111,14,0.0015216187062046264,True
134564,,NETFACTORY,broadband,2023-Q4,2023,4,33.015862379808965,30.666979027769376,28.209085445011254,30.082840890944123,107.52276470588237,95.17949999999999,102,3,0.0013982442165123593,True
17721,,"International Rice Research Institute,",broadband,2023-Q4,2023,4,63.194543709913056,31.801252176981055,25.468171821113383,22.189353595650047,30.395382978723408,9.0635,94,5,0.0012885780034525667,False
153174,,Aioni Digital and Data Solutions Inc.,broadband,2023-Q4,2023,4,22.163461696427817,16.852269006049116,19.247496119646595,15.574957481460562,12.976543478260869,3.2015000000000002,92,10,0.0012611614501876183,False
138496,,"Inspiro Relia, Inc",broadband,2023-Q4,2023,4,68.76219509381593,87.40347692797717,35.54141086903377,34.50536976341503,53.5365,61.805,90,2,0.0012337448969226702,False
131245,,University of the Philippines,broadband,2023-Q4,2023,4,33.070997175751586,34.63285819295383,22.102665621874895,9.960721999706589,18.47641573033708,4.031,89,2,0.001220036620290196,False
133198,,"iOne Resources, Inc.",broadband,2023-Q4,2023,4,52.236573161545785,48.854993153185504,21.597824146368293,8.103678144636948,87.04718181818181,8.372,88,1,0.0012063283436577219,False
38334,,"World Health Organization, Western Pacific Regional Office,",broadband,2023-Q4,2023,4,58.28342329144749,64.22495105324985,44.58241095842543,53.214374547699215,15.94965882352941,3.61,85,2,0.0011652035137602996,False
23732,,Sagility Philippines B.V. Branch Office,broadband,2023-Q4,2023,4,79.8708361995252,56.15175088085038,62.34842488939054,23.098875871035744,56.50636585365854,46.025,82,10,0.0011240786838628773,False
26344,,"Real Page, Inc.",broadband,2023-Q4,2023,4,114.15275733690048,73.00008645780406,108.52413631798716,32.15871958171078,43.27674390243903,21.65,82,4,0.0011240786838628773,False
134213,,Netify Communications Corp.,broadband,2023-Q4,2023,4,75.76225077038933,48.91639887926719,85.00291331418046,16.43771814672516,37.0091375,31.608,80,37,0.001096662130597929,False
137487,,Manila Electric Company,broadband,2023-Q4,2023,4,103.9403185525643,91.9883198261337,60.487821169368125,70.42303426515218,40.15450666666666,4.428,75,24,0.0010281207474355583,False
132141,,Penthouse,broadband,2023-Q4,2023,4,89.80279412310033,113.03493543530098,86.61308177634672,74.55795904404894,98.04420270270269,61.817,74,2,0.0010144124708030844,False
23689,,Makati Shangri-La,broadband,2023-Q4,2023,4,11.144363156520004,9.702911273315873,9.425655924997859,7.203849948813778,44.307805555555554,30.9525,72,2,0.000986995917538136,False
134415,,De La Salle - College of Saint Benilde,broadband,2023-Q4,2023,4,87.44769934452529,55.917631266281724,48.50097885371649,21.1936289304862,51.97420895522388,46.613,67,1,0.0009184545343757655,False
134414,,De La Salle-Greenhills,broadband,2023-Q4,2023,4,47.76967965640475,45.59154700079884,41.81861052178734,39.43805894392122,35.14580303030302,8.2165,66,1,0.0009047462577432914,False
32043,,NeoFiber Communications inc.,broadband,2023-Q4,2023,4,54.577347896585295,36.49028699541946,35.88298936923046,17.744473281825414,67.87442424242424,65.22749999999999,66,16,0.0009047462577432914,False
45351,,ABS CBN,broadband,2023-Q4,2023,4,117.48814142788387,113.35378258178994,56.86629836375669,76.76437267431524,75.77549230769229,68.504,65,3,0.0008910379811108173,False
45218,,"Coca-Cola FEMSA Philippines, Inc.",broadband,2023-Q4,2023,4,37.75399350634816,11.84437538381013,19.667231294710465,3.9340693493392114,36.112015873015864,23.913,63,2,0.000863621427845869,False
132843,,Digital Advantage Corp.,broadband,2023-Q4,2023,4,32.05241528145827,9.57334806924736,24.245995673457312,0.20034232065290777,80.16732758620688,50.2115,58,1,0.0007950800446834985,False
133778,,GY Consultancy Group Inc.,broadband,2023-Q4,2023,4,25.145826425712777,12.0486231893083,17.53984379968979,6.500553438279237,69.89552631578948,49.684,57,7,0.0007813717680510244,False
5377,,Marlink AS,broadband,2023-Q4,2023,4,1.153130805934123,0.2884761110940418,1.0941624423005734,0.21280892526197037,197.66587719298246,203.795,57,3,0.0007813717680510244,False
131281,,"University of the Philippines, Visayas Cebu Campus",broadband,2023-Q4,2023,4,72.84757505344837,61.26964184561175,19.152318682777434,15.76134781109247,32.89805357142857,14.970500000000001,56,4,0.0007676634914185503,False
135132,,Dreamscape Networks Inc.,broadband,2023-Q4,2023,4,223.47677059057773,111.31355640980367,175.5611494593744,78.88837424026948,30.073267857142863,17.889,56,12,0.0007676634914185503,False
135122,,MILLAWAVE,broadband,2023-Q4,2023,4,23.81439570842889,19.566675901168725,13.12539450661014,8.583361385523808,144.56975,137.7445,52,3,0.0007128303848886538,False
135162,,eUP-University of the Philippines System,broadband,2023-Q4,2023,4,78.41768699754,64.8735639568186,58.01782828129528,30.024353451392273,17.208807692307694,4.0600000000000005,52,20,0.0007128303848886538,False
1828,,Unitas Global,broadband,2023-Q4,2023,4,137.16168301055902,130.2718047130585,135.87849523085367,106.7878275415053,27.12760416666667,23.6915,48,4,0.0006579972783587574,False
24081,,SPI Technologies Inc.,broadband,2023-Q4,2023,4,114.5699776520745,84.65577037413539,97.4068249595538,82.08760267438396,36.62597777777778,31.0,45,4,0.0006168724484613351,False
139630,,Telectronic Systems Inc.,broadband,2023-Q4,2023,4,44.93083089214708,25.786564179236848,38.085127780959084,16.66877996171837,78.30613636363637,72.9205,44,3,0.0006031641718288609,False
24179,,"IMI, Manufacturing Semiconductors and Electronics",broadband,2023-Q4,2023,4,139.6450192291725,114.46323758367014,123.46421490928259,48.771001428073006,27.572619047619046,31.7055,42,1,0.0005757476185639127,False
38577,,LEEKIE-EN,broadband,2023-Q4,2023,4,21.829390661873312,19.619545232384954,21.72135738741177,12.437453200898542,73.90242105263158,31.6405,38,3,0.0005209145120340162,False
132059,,"762 Quirino Highway, San Bartolome",broadband,2023-Q4,2023,4,26.462114090591548,12.111144916396494,26.390602213355272,7.915640371182366,50.47168421052631,53.6655,38,10,0.0005209145120340162,False
151652,,ZSG Internet Communication Services,broadband,2023-Q4,2023,4,15.487018169052304,2.847844898166603,2.434039062097212,0.686619716197312,134.82562162162162,162.186,37,3,0.0005072062354015422,False
38445,,WiPro BPO Philippines LTD Inc.,broadband,2023-Q4,2023,4,325.85826378339095,266.3128939920798,235.83305914437747,269.71113510209744,39.82021621621622,6.0,37,7,0.0005072062354015422,False
33680,,TELEPERFORMANCE USA,broadband,2023-Q4,2023,4,57.50999157422322,69.5602457537644,32.693912567603995,65.53312685950097,160.097972972973,142.396,37,4,0.0005072062354015422,False
63938,,Pulo Diezmo Rd.,broadband,2023-Q4,2023,4,113.81886889539209,81.73736163723929,145.52086155207283,93.55866532243073,17.472057142857143,4.406,35,12,0.00047978968213659395,False
22764,,"Fluor Enterprises, Inc.",broadband,2023-Q4,2023,4,20.12669857870334,16.207118384972947,1.7340128956140324,1.7963027702823242,57.36063636363636,46.564,33,2,0.0004523731288716457,False
38301,,Trec Global Pacific Transit AS,broadband,2023-Q4,2023,4,49.384266726130505,60.03504691846337,56.89219837908028,79.24143739221171,59.062125,56.960499999999996,32,2,0.0004386648522391716,False
134416,,De La Salle-Zobel,broadband,2023-Q4,2023,4,94.29529068013328,90.99137834657408,87.19326635312527,45.050027328212735,3.9660322580645166,3.455,31,1,0.0004249565756066975,False
394869,,Asia Pacific Network Corporation,broadband,2023-Q4,2023,4,118.97036882558419,20.55107374812945,55.85020515187284,11.454669561824398,96.34241379310346,85.725,29,7,0.00039754002234174927,False
55343,,Conduent Business Services Philippines Inc.,broadband,2023-Q4,2023,4,230.24509295914876,356.35020076585135,261.6577554079836,427.3510155876366,81.02492857142859,50.7115,28,2,0.00038383174570927515,False
203724,,Musarubra Germany GmbH,broadband,2023-Q4,2023,4,116.37561526381815,21.380735205605124,103.75486611721922,0.3915937701996878,74.47828571428572,81.304,28,1,0.00038383174570927515,False
139333,,"Global Agility Solutions, LLC",broadband,2023-Q4,2023,4,104.33969399514659,68.80507835982644,105.12460466109468,69.50627170045357,35.14689285714285,34.1185,28,1,0.00038383174570927515,False
136777,,247 Customer Philippiness inc,broadband,2023-Q4,2023,4,103.59834973674313,40.7945607174168,75.74619392265956,12.30326641150733,37.2838,42.738,25,5,0.0003427069158118528,False
63846,,SGS ASIA PACIFIC LIMITED,broadband,2023-Q4,2023,4,172.5620438090394,126.03225961258866,90.29125731391436,91.53686981178507,50.984541666666665,32.4465,24,1,0.0003289986391793787,False
140734,,Watch Tower Bible and Tract Society of the Philippines,broadband,2023-Q4,2023,4,30.08583005161584,29.379547258786875,10.542810004332551,8.139653783478277,44.79395238095238,33.58,21,17,0.00028787380928195635,False
3257,,GTT Communications Inc.,broadband,2023-Q4,2023,4,67.53545343829384,50.93565911343777,77.01547808187496,12.518009766056235,55.639952380952394,35.803,21,3,0.00028787380928195635,False
17452,,Bitstop Inc,broadband,2023-Q4,2023,4,10.411189160601468,15.603853137858376,7.820394657741586,7.447431506739137,59.65945000000001,38.403999999999996,20,4,0.00027416553264948223,False
140619,,JSLINK INTERNATIONAL CORPORATION,broadband,2023-Q4,2023,4,63.21472927664038,28.877768513337138,48.09032915910693,14.193957131789618,15.053900000000002,5.2315000000000005,20,10,0.00027416553264948223,False
137417,,Cambridge University Press is the publishing business of the University of Cambridge in UK,broadband,2023-Q4,2023,4,133.73707266250642,41.76692025677071,142.36142214904285,4.72573291764451,39.74249999999999,39.3305,20,1,0.00027416553264948223,False
58677,,DOFAIMPNET,broadband,2023-Q4,2023,4,96.521019975676,64.69669720768442,97.09036189994922,75.87934751369646,9.157300000000001,4.6045,20,1,0.00027416553264948223,False
7306,,Asian Development Bank,broadband,2023-Q4,2023,4,52.4827529821245,17.114163432899417,50.17090872763096,19.569670095125947,42.9948947368421,36.0,19,4,0.0002604572560170081,False
132716,,"1 Solaire Boulevard,",broadband,2023-Q4,2023,4,106.12701354991846,61.727701406743854,113.4256082269456,1.5269417913317702,37.24021052631579,38.271,19,2,0.0002604572560170081,False
146948,,"Rural Bank of Guinobatan, Inc.",broadband,2023-Q4,2023,4,7.113742611252259,2.351470498833972,7.059807412898004,0.7011020302942228,108.69931578947367,81.134,19,4,0.0002604572560170081,False
25222,,Inmarsat Solutions B.V.,broadband,2023-Q4,2023,4,1.702109073890023,0.5531345740023736,1.8183645095691565,0.45846495982208924,236.19694736842106,220.128,19,3,0.0002604572560170081,False
137827,,Cygnal Technologies,broadband,2023-Q4,2023,4,29.93489589859128,37.93345117465049,25.01106970110697,10.050082988382796,19.369105263157895,18.0,19,1,0.0002604572560170081,False
45250,,Vocom International Telecommunications AP Area,broadband,2023-Q4,2023,4,72.89070682532144,36.44967678303708,71.24718817636747,7.28875873661633,58.99327777777777,47.009,18,3,0.000246748979384534,False
132844,,Ateneo de Manila University,broadband,2023-Q4,2023,4,65.15011724108793,73.41624440051085,57.40029637717784,64.56368399766276,25.523111111111106,13.055,18,3,0.000246748979384534,False
136462,,Mootech Asia,broadband,2023-Q4,2023,4,28.863994348207356,62.8423906910212,34.153053215496925,6.283014809448167,44.43866666666667,36.137,18,4,0.000246748979384534,False
149027,,Neo-Tech Asia Distribution Inc.,broadband,2023-Q4,2023,4,75.82635923171011,65.51183529233157,77.60066765267213,77.88314846740613,19.311111111111114,10.0225,18,2,0.000246748979384534,False
152173,,Robinsons Bank Corporation,broadband,2023-Q4,2023,4,65.3047853652043,69.55440285869012,79.19789128096365,50.89311890497742,51.68822222222222,45.096,18,3,0.000246748979384534,False
24109,,WNS Global Services,broadband,2023-Q4,2023,4,97.79145497963657,46.970688595458796,53.37523513714729,6.715815126156506,37.12335294117647,33.0,17,5,0.00023304070275205992,False
17448,,Web.com.ph Inc.,broadband,2023-Q4,2023,4,23.735601188885127,24.770973156972754,10.192102013988986,10.191677753757538,77.7070625,13.201,16,5,0.0002193324261195858,False
10141,,DFNN Group of Companies,broadband,2023-Q4,2023,4,12.156028229817332,4.567942479718153,13.424778160743683,3.3121106384029626,43.71046666666666,50.233,15,1,0.0002056241494871117,False
140708,,VITRO INC.,broadband,2023-Q4,2023,4,45.470497047976814,39.35289740485038,9.421514939863062,5.707232723773166,33.46542857142857,6.4965,14,1,0.00019191587285463758,False
136404,,BICOLANDIA CABLE TV INCORPORATED,broadband,2023-Q4,2023,4,66.23277374122897,46.062421986959684,75.1355284368322,16.59664462743309,45.922928571428564,41.305,14,4,0.00019191587285463758,False
59342,,ABSATELLITE BBS-PH,broadband,2023-Q4,2023,4,107.51949676636715,94.33745342885811,74.98949835271128,108.14129172953699,50.259642857142865,22.16,14,2,0.00019191587285463758,False
17550,,San Miguel Corporation,broadband,2023-Q4,2023,4,84.16909561874674,114.12836790675065,21.299602580876435,9.42987691219694,48.558461538461536,4.0,13,4,0.00017820759622216346,False
38553,,DC Tech Micro Services Inc.,broadband,2023-Q4,2023,4,30.18592824025621,20.39226130015143,27.697526560564405,13.75954781668192,92.56315384615385,88.819,13,11,0.00017820759622216346,False
14499,,ALORICA INC,broadband,2023-Q4,2023,4,206.96860985170085,269.62845639758234,184.07115429198325,223.05730103403496,70.0235,39.422,12,2,0.00016449931958968935,False
7611,,"W NETWORK Inc,",broadband,2023-Q4,2023,4,101.76304649223435,165.22411722104675,92.54524639242936,112.89567775469564,26.67881818181818,18.713,11,4,0.00015079104295721523,False
23887,,PRODATANET INC.,broadband,2023-Q4,2023,4,35.95106634573937,42.31224379120849,35.538321314044474,33.58386865675212,31.41872727272727,32.397,11,5,0.00015079104295721523,False
17978,,SERVCORP AUSTRALIAN HOLDINGS LTD,broadband,2023-Q4,2023,4,57.590071878806036,79.7086839345424,59.29135833678663,71.82334624950747,74.9769090909091,62.0,11,1,0.00015079104295721523,False
38483,,"RCG INFORMATION TECHNOLOGY, AS CONTENT PROVIDER MANILA",broadband,2023-Q4,2023,4,5.464091891857323,2.6763730444722564,4.000406510141721,2.2238559508177427,125.5178181818182,136.391,11,1,0.00015079104295721523,False
58604,,PACKETWORX INC.,broadband,2023-Q4,2023,4,17.56913941249271,11.154307362372597,7.588293775155119,11.154307362372597,14.203199999999999,5.4565,10,1,0.00013708276632474112,False
38596,,"Innodata-ISOGEN, Inc",broadband,2023-Q4,2023,4,6.316891844930411,5.982666322123188,7.717904976459618,6.747020854334748,146.41088888888888,36.208,9,1,0.000123374489692267,False
53944,,J & J Telecommunications,broadband,2023-Q4,2023,4,105.50391287012982,86.96504736617207,80.49127928776909,21.544352667401427,16.294777777777778,13.0,9,3,0.000123374489692267,False
132829,,Nevigate Communications (S) Pte Ltd,broadband,2023-Q4,2023,4,70.25313849383105,92.3522615792147,11.935277633797929,41.6457871585365,30.613,33.794,8,2,0.0001096662130597929,False
23665,,GSNET,broadband,2023-Q4,2023,4,67.31132356405791,45.792159185720415,71.66470018965079,39.78181589818912,30.556874999999998,11.9875,8,2,0.0001096662130597929,False
135592,,Solaire Resort & Casino,broadband,2023-Q4,2023,4,29.66331728246366,28.069398413870562,25.7256892249773,15.82137214377724,40.42775,28.708000000000002,8,3,0.0001096662130597929,False
2687,,"AT&T Enterprises, LLC",broadband,2023-Q4,2023,4,29.323604952476767,43.91773220801783,31.89195587361491,45.46101839152892,124.00924999999998,142.4225,8,2,0.0001096662130597929,False
136503,,"Personal Collection Direct Selling, Inc.",broadband,2023-Q4,2023,4,22.51437330895535,7.51881214396934,16.64370092810915,6.956299517199028,15.076125,9.819,8,1,0.0001096662130597929,False
24451,,"Philippine Dealing System,",broadband,2023-Q4,2023,4,12.370966583697339,7.7884797469374725,13.303381381293516,3.444946511357993,153.86987499999998,37.589,8,2,0.0001096662130597929,False
214049,,Netera LLC,broadband,2023-Q4,2023,4,41.40426091028557,7.578637995257464,52.567783090433466,9.057028382644361,144.432625,84.89099999999999,8,1,0.0001096662130597929,False
12684,,SES ASTRA S.A.,broadband,2023-Q4,2023,4,1.0073522819005514,0.4386577473196202,0.8533738084767878,0.034989167129389785,225.87757142857143,204.22,7,3,9.595793642731879e-05,False
140984,,WTW HIGHTECH COMPANY INC,broadband,2023-Q4,2023,4,86.49735232294941,31.633495855309757,52.0904532170687,46.10861358505208,51.72985714285714,53.778,7,5,9.595793642731879e-05,False
150749,,AF Tech I.T. Solutions,broadband,2023-Q4,2023,4,34.68272184031073,38.23604018176866,41.36823682485037,38.23604018176866,22.985285714285716,18.628,7,1,9.595793642731879e-05,False
59348,,Skycable Corporation,broadband,2023-Q4,2023,4,51.520991644050106,119.32903615853834,21.07584098828794,161.93286511786783,32.54185714285715,38.804,7,3,9.595793642731879e-05,False
17445,,Universal Robina Corporation,broadband,2023-Q4,2023,4,88.66694905223979,73.51206696653273,81.59859825496531,71.20159411903114,12.014166666666666,4.1354999999999995,6,2,8.224965979484467e-05,False
63966,,RIZAL1,broadband,2023-Q4,2023,4,48.52720684171231,14.119439529965678,26.18752833735175,11.585123288286583,28.448666666666668,23.807000000000002,6,2,8.224965979484467e-05,False
139855,,"BIT(Brother Internet Technology),INC.",broadband,2023-Q4,2023,4,8.901738481338013,18.348196531913278,7.488009563859505,9.543363978126967,92.675,95.92699999999999,6,3,8.224965979484467e-05,False
38909,,ARLINE BERBA ESTRADA t/a ARDION LINE WEB DESIGN,broadband,2023-Q4,2023,4,11.526938684692817,8.267256253464021,11.840018631720099,9.748222646832415,15.161499999999998,12.7495,6,1,8.224965979484467e-05,False
24079,,"DATAONE ASIA PHILIPPINES, INTERNET DATA",broadband,2023-Q4,2023,4,6.33102278444728,0.10673003923557373,6.458730580028008,0.10673003923557373,78.95100000000001,34.369,6,1,8.224965979484467e-05,False
45343,,AYALA LAND,broadband,2023-Q4,2023,4,31.57922373363264,36.66707444565533,32.33681568058586,27.430453606498965,12.198500000000001,3.6335,6,1,8.224965979484467e-05,False
32806,,MTNSAT Holdings LLC,broadband,2023-Q4,2023,4,1.6563595348520683,0.9270917802995268,1.586160155676808,1.0574520141569324,698.1615,698.3320000000001,6,1,8.224965979484467e-05,False
138540,,"The Insular Life Assurance Company, Ltd.",broadband,2023-Q4,2023,4,115.85160234557782,13.612973117904776,119.12892479698093,0.08851611535580974,80.23616666666666,30.155,6,1,8.224965979484467e-05,False
141210,,Grand Unicom Corp,broadband,2023-Q4,2023,4,53.05419307019757,33.7259314048424,66.31197931249532,7.133682389806927,39.303999999999995,30.137,5,1,6.854138316237056e-05,False
5580,,GTT Communications Netherlands B.V.,broadband,2023-Q4,2023,4,79.10546709719885,65.86204551422136,87.30102841819753,68.15489097188225,86.316,51.422,5,3,6.854138316237056e-05,False
139626,,"2GO Group, Inc.",broadband,2023-Q4,2023,4,11.004553898436018,6.6063043073039065,1.9212104275955304,5.029207422705894,66.7482,46.507,5,1,6.854138316237056e-05,False
151360,,SONIC NETWORKS PHL INC.,broadband,2023-Q4,2023,4,37.40616775021624,18.897035016287628,30.904656373745098,20.12359839541199,72.0204,65.326,5,3,6.854138316237056e-05,False
9254,,"Del Monte Philippines, Inc.",broadband,2023-Q4,2023,4,19.13274386323894,6.697074802808714,12.15073546837249,8.53673708805124,43.382999999999996,40.287,5,1,6.854138316237056e-05,False
138218,,ABOITIZ EQUITY VENTURES INC.,broadband,2023-Q4,2023,4,68.66941003425306,24.891517363239064,64.98258528143027,25.004976930685544,31.749750000000002,25.264499999999998,4,2,5.483310652989645e-05,False
132193,,Social Security System,broadband,2023-Q4,2023,4,320.9099587135025,100.1539649286882,330.87632825768185,100.1539649286882,13.949749999999998,17.136,4,2,5.483310652989645e-05,False
139040,,"CANON BUSINESS PROCESS SERVICES PHILIPPINES,",broadband,2023-Q4,2023,4,20.21303747600681,17.299344869602272,20.788598620679164,15.43950808064516,38.363,31.8475,4,1,5.483310652989645e-05,False
38291,,BPS Corporation,broadband,2023-Q4,2023,4,22.827420395872174,31.066677593398296,16.952326009645116,31.066677593398296,42.27825,46.615,4,2,5.483310652989645e-05,False
44431,,OmniAccess S.L.,broadband,2023-Q4,2023,4,2.230577772181628,0.3155820812527126,2.428891340820424,0.39413518777346196,77.44475,67.231,4,3,5.483310652989645e-05,False
36776,,Five9 Inc.,broadband,2023-Q4,2023,4,70.19697837532786,58.42241181688794,79.5078919705492,81.5892270518068,23.097250000000003,18.346,4,1,5.483310652989645e-05,False
139614,,BANGKO SENTRAL NG PILIPINAS,broadband,2023-Q4,2023,4,30.983490952539665,26.399535599035236,32.420136262528366,37.39193832692505,71.846,87.538,3,2,4.1124829897422337e-05,False
24222,,OFFICETIGER DATABASE SYSTEMS INDIA PVT LTD,broadband,2023-Q4,2023,4,37.560483390013296,12.097836598700514,32.24167194670046,12.097836598700514,69.63333333333333,77.38,3,2,4.1124829897422337e-05,False
132554,,Ateneo de Manila University,broadband,2023-Q4,2023,4,80.52797481996366,77.98990655799649,84.57969958208437,77.98990655799649,18.775666666666666,23.024,3,1,4.1124829897422337e-05,False
135158,,Softnet Limited,broadband,2023-Q4,2023,4,2.8351905006849356,1.434723081563666,3.009724932481488,0.13463986673359318,90.93266666666666,75.491,3,1,4.1124829897422337e-05,False
400318,,"Versa Networks, Inc.",broadband,2023-Q4,2023,4,10.455327372701511,13.666798161314835,13.469335542592912,13.666798161314835,20.935999999999996,0.797,3,1,4.1124829897422337e-05,False
151049,,ATSS NETWORK AND DATA SOLUTION,broadband,2023-Q4,2023,4,49.0906966439423,10.634070651917963,57.35214489042475,10.634070651917963,29.72733333333333,19.718,3,1,4.1124829897422337e-05,False
151633,,Archon Network and Data Solution,broadband,2023-Q4,2023,4,22.092275098985187,69.43548523225316,21.06035069888488,69.43548523225316,87.61566666666666,87.0,3,1,4.1124829897422337e-05,False
38325,,WTP,broadband,2023-Q4,2023,4,30.514718376921167,98.2395482630471,16.364254384271877,98.2395482630471,75.10433333333333,74.903,3,1,4.1124829897422337e-05,False
1449,,"PayPal, Inc.",broadband,2023-Q4,2023,4,112.13530504572333,140.87725621824163,112.13530504572333,140.87725621824163,70.368,70.368,2,1,2.7416553264948226e-05,False
9334,,iManila,broadband,2023-Q4,2023,4,47.58018232820444,45.07104686416827,47.58018232820444,45.07104686416827,28.14,28.14,2,1,2.7416553264948226e-05,False
55413,,Development Bank of the Philippines,broadband,2023-Q4,2023,4,116.01342088197259,27.862693854828777,116.01342088197259,27.862693854828777,42.421,42.421,2,1,2.7416553264948226e-05,False
134716,,Savant Technologies Inc.,broadband,2023-Q4,2023,4,38.154735986639245,0.6610642196257365,38.154735986639245,0.6610642196257365,117.72,117.72,2,1,2.7416553264948226e-05,False
151627,,KC Broadband Inc.,broadband,2023-Q4,2023,4,16.60368063740513,22.037459799530716,16.60368063740513,22.037459799530716,170.039,170.039,2,1,2.7416553264948226e-05,False
133585,,Bee Information Technology PH Inc.,broadband,2023-Q4,2023,4,12.196986919775119,32.22679892997637,12.196986919775119,32.22679892997637,81.827,81.827,2,1,2.7416553264948226e-05,False
24298,,"Apollo Global Net AS, Application Service Provider, Manila",broadband,2023-Q4,2023,4,1.4123028907642834,,1.4123028907642834,,110.058,110.058,1,1,1.3708276632474113e-05,False
19197,,"Stefanini, Inc.",broadband,2023-Q4,2023,4,9.30049151811032,0.1027037113406598,9.30049151811032,0.1027037113406598,82.388,82.388,1,1,1.3708276632474113e-05,False
215670,,LLP Internet Company First Page,broadband,2023-Q4,2023,4,4.148417702055839,,4.148417702055839,,86.713,86.713,1,1,1.3708276632474113e-05,False
147044,,TECH MAHINDRA,broadband,2023-Q4,2023,4,93.25689659879224,3.0518678340229313,93.25689659879224,3.0518678340229313,28.0,28.0,1,1,1.3708276632474113e-05,False
136773,,BDO Unibank Inc,broadband,2023-Q4,2023,4,9.519656208710515,2.7877966427117506,9.519656208710515,2.7877966427117506,32.172,32.172,1,1,1.3708276632474113e-05,False
136260,,IPOINTEAST INC.,broadband,2023-Q4,2023,4,5.300341869360871,5.790610938829123,5.300341869360871,5.790610938829123,320.583,320.583,1,1,1.3708276632474113e-05,False
133498,,De La Salle University,broadband,2023-Q4,2023,4,65.23814698944196,,65.23814698944196,,1.951,1.951,1,1,1.3708276632474113e-05,False
263703,,VIGINET C.A,broadband,2023-Q4,2023,4,3.39495927790189,3.4908764662277503,3.39495927790189,3.4908764662277503,182.0,182.0,1,1,1.3708276632474113e-05,False
6453,,TATA COMMUNICATIONS (AMERICA) INC,broadband,2023-Q4,2023,4,10.984456735123702,67.6001587998412,10.984456735123702,67.6001587998412,120.501,120.501,1,1,1.3708276632474113e-05,False
9299,PLDT,Philippine Long Distance Telephone Company,broadband,2024-Q1,2024,1,58.147283505767184,40.512954805525816,22.56069328118944,12.574078268128892,93.57649897268288,63.991,3621559,699676,45.999896862328484,True
17639,Converge,Converge ICT Solutions Inc.,broadband,2024-Q1,2024,1,78.8916762869171,62.85899840832193,35.74403411829125,30.297881957458348,39.83459036662227,32.28,1578678,36297,20.051868595493545,True
132199,Globe,Globe Telecom Inc.,broadband,2024-Q1,2024,1,79.61360626893874,64.1650460172377,38.072752974503906,34.84081665232388,29.319812025356534,18.097,821011,103840,10.428222023398533,True
23944,Sky Cable,SKYBroadband SKYCable Corporation,broadband,2024-Q1,2024,1,47.01551212607469,6.029074971902741,28.022201515147216,3.590333176147004,38.69051703058412,21.595,265275,72427,3.369439139374559,True
14593,Starlink,Space Exploration Technologies Corporation,broadband,2024-Q1,2024,1,30.433687329614532,4.550444207504642,10.126217388556253,3.37937705315768,67.32212998070766,35.026,185679,36254,2.358435924832452,True
139831,DITO,DITO TELECOMMUNITY CORP.,broadband,2024-Q1,2024,1,29.578615419578394,7.815081306488465,5.839679926934877,2.2725897774683865,59.19892220650643,45.377,129454,72638,1.644283759678048,True
4775,Globe,Globe Telecoms,broadband,2024-Q1,2024,1,32.7910512669693,26.45760671953147,10.422267218739796,5.02457860913266,61.63837325640064,34.4875,122993,25929,1.5622181813932527,True
134707,RoyalCable,RoyalCable Flash,broadband,2024-Q1,2024,1,57.96903035665999,44.134393675913785,38.27844145714046,30.931829142013328,24.858595231136217,5.331,106124,2896,1.347953479321405,True
56207,Converge,ComClark Network & Technology Corp,broadband,2024-Q1,2024,1,22.30335848536494,14.9070252991898,22.42512732555071,18.88564746464795,41.551028417830445,33.989,65706,993,0.8345768281660344,True
136515,Dasca,"Dasca Cable Services, Inc.",broadband,2024-Q1,2024,1,85.43640838810734,77.84208887407384,42.10322862428666,47.46764174377771,21.599676104392547,5.121,55992,957,0.7111926728559431,True
55821,,"RADIUS TELECOMS, INC.",broadband,2024-Q1,2024,1,66.89073085210656,51.35090665047582,41.559986452604726,31.69249881673074,23.53851304456596,17.065,55969,15170,0.7109005341312022,True
135607,Infinivan,Infinivan Incorporated,broadband,2024-Q1,2024,1,32.31230801588619,25.99838012420715,16.935019594941217,12.49635758231864,84.28073278068125,69.119,55525,947,0.7052609865753365,True
134788,Parasat,"Parasat Cable TV, Inc",broadband,2024-Q1,2024,1,51.9527020712106,22.590557466386876,27.679271395419576,9.218889927887123,59.52318221558802,47.988,46932,429,0.5961154186754379,True
133623,,Planet Cable Inc.,broadband,2024-Q1,2024,1,39.02202675616411,22.94191170837713,22.19169754944862,14.531632559920432,97.72441798371125,66.26249999999999,45447,203,0.57725341840413,True
9658,Eastern Communications,"Eastern Telecoms Phils., Inc.",broadband,2024-Q1,2024,1,44.957064266118145,37.30816455164528,18.91290583943028,13.804554958745111,48.91789917842267,26.42,43464,5137,0.5520659796579995,True
45754,,Clear Path Networks Inc,broadband,2024-Q1,2024,1,87.16305874430003,49.52822259475648,47.72796657766536,33.47673200365095,61.02141154785157,41.138,40973,4429,0.5204260856002029,True
133334,,DCTV Cable Network Broadband Services Inc,broadband,2024-Q1,2024,1,45.76604927349348,36.92234167978117,23.552281557080363,12.660048368459769,65.59758471203499,55.172,30434,414,0.386563041250496,True
(unknown),,,broadband,2024-Q1,2024,1,66.9364439809686,43.151270934638255,32.478269159185864,8.59577336067568,58.81123128389327,51.685,28409,5200,0.3608421317896215,True
56099,,Asian Vision Cable,broadband,2024-Q1,2024,1,38.550475366686406,34.14231640158638,22.022915482609406,21.73086592296089,47.509322045611626,37.869,27505,2992,0.34935980973893976,True
56262,,Dagupan Urban Satellite Vision Inc.,broadband,2024-Q1,2024,1,46.97957952038391,18.171455933448463,32.59433136646649,10.15618357748533,50.262285692611165,38.917,26372,1051,0.3349688021245344,True
17970,,SKYBroadband SKYCable Corporation,broadband,2024-Q1,2024,1,42.52006896880858,4.115437998205866,27.714214771818757,2.9017942589234447,40.7848065354001,8.609,23879,2162,0.30330350469936895,True
141686,,LizardBear Tasking Inc.,broadband,2024-Q1,2024,1,72.09084127021842,64.63316581399175,42.84872029612099,22.35132513660534,42.15658874545182,37.511,20074,6,0.25497359828029365,True
137239,,Fil Products Service Television Incorporated,broadband,2024-Q1,2024,1,32.307910381866805,29.31036322560125,19.32462306102761,17.02533346838493,64.26506688059449,49.0,17778,317,0.2258105325409515,True
134497,,Cine Cebu,broadband,2024-Q1,2024,1,18.53924626691874,16.28094102064307,14.657412028858374,11.402886427057048,77.51747751158322,48.7175,17706,78,0.22489601131567596,True
137226,,"ANGELES CITY CABLE TELEVISION NETWORK, INC.",broadband,2024-Q1,2024,1,6.329039638052584,1.794687000329785,5.260459065482301,1.1120153540423052,53.02884469024015,36.2,17462,3303,0.22179680049668665,True
138965,,Streamtech Systems Technologies Inc.,broadband,2024-Q1,2024,1,36.56492322196636,24.82988170969296,20.01100617635093,16.96481889829924,83.07290599503368,75.066,16918,133,0.21488708457238256,True
9927,,Philippine Global Communications Corporation,broadband,2024-Q1,2024,1,55.17996576549655,40.29968439167445,21.927301293185415,13.17176605301723,36.24102765580969,15.103,15263,658,0.1938657980747296,True
174,Cogent,"Cogent Communications, LLC",broadband,2024-Q1,2024,1,31.691182968921513,23.9115306239629,16.463445573685316,11.657003512141312,84.66135204686066,66.967,15201,289,0.1930782936862979,True
132021,,Kalibo Cable Television Network Inc,broadband,2024-Q1,2024,1,20.781605540008467,14.68937770101609,12.200468409978814,8.542582545189896,70.29721618365572,57.352,14952,127,0.18991557444888665,True
45499,,Cablelink & Holdings Corp. Transit AS Internet Service Provider Philippines,broadband,2024-Q1,2024,1,38.84579817596205,23.21309542522473,24.097447426001352,8.295792889318768,39.52770796340223,22.627,14760,1457,0.18747685118148522,True
139238,,Infinity Broadband INC.,broadband,2024-Q1,2024,1,90.8937940397057,79.39621161016714,70.61395537023124,56.586083011587924,38.965707692307696,31.347,14499,127,0.1841617117398614,True
137074,,Responsible Internet Sustainability Effort,broadband,2024-Q1,2024,1,98.58294111137647,102.93765116577028,26.169075338444248,18.045365045758846,27.399165528266234,14.2225,13771,680,0.17491488601763094,True
135345,,NewMountainView Satellite Corporation,broadband,2024-Q1,2024,1,55.08959374283436,40.686432266788785,23.205315419699673,17.386234560303592,32.56228232645402,9.832,13340,411,0.16944046034966212,True
142629,,GigaFiber Corp.,broadband,2024-Q1,2024,1,22.70988957989274,16.208487793441186,9.149101685074177,4.033364873332888,106.23365566770187,91.11850000000001,12882,107,0.16362308922221494,True
132400,,COMMUNITY CABLE VISION CORPORATION,broadband,2024-Q1,2024,1,46.92062096387693,30.945977714619655,32.70976640179488,14.858998372721937,36.8318746396572,22.503,12838,247,0.1630642151401021,True
136929,,"Meridian Cable TV, INC",broadband,2024-Q1,2024,1,95.85735829344597,86.51017036053237,53.94361764104139,56.670316047820805,19.151445261182353,4.8865,12789,261,0.16244183263956738,True
149645,,"Spectrum Cable network and broadband, Inc.",broadband,2024-Q1,2024,1,89.64619692592422,81.00863262327691,60.75771217134754,61.67499992250165,31.81865262605961,30.572,11444,122,0.14535806808407295,True
18233,,"Philippine Telegraph and Telephone Corporation,",broadband,2024-Q1,2024,1,35.58189367354473,23.37449114293317,16.946994209290548,8.918484530056585,30.252808372359745,5.72,10465,512,0.13292311975706253,True
9821,,Department of Science and Technology,broadband,2024-Q1,2024,1,134.66850734286737,129.20027049442353,49.5156431697504,29.004349522778014,20.184525994223506,3.3434999999999997,9007,227,0.11440406494523288,True
135025,,"Nexlogic Telecommunications Network, Inc.",broadband,2024-Q1,2024,1,21.25304280216062,16.700701046312382,6.041956580774544,9.962646521042055,44.1127096936213,18.436999999999998,7968,235,0.1012070155971595,True
138958,,Tandag Electric & Telephone Company Inc.,broadband,2024-Q1,2024,1,24.94440199024302,17.90793282839498,11.081685161826567,6.428414427543018,99.2280444157521,85.779,7757,202,0.09852696033975479,True
139798,,LizardBear Tasking Inc,broadband,2024-Q1,2024,1,68.42596410780854,76.23334740443198,21.45298677947549,25.758452579777007,54.49772133938706,44.0695,7051,3,0.08955957165858078,True
139752,,"Multinetwork Cable Television, Inc",broadband,2024-Q1,2024,1,67.08455941735907,46.4351122402863,34.11754549301735,25.712613571662416,36.16749403697077,35.797,6711,267,0.08524099920589073,True
140243,,"CMD Cable Vision, Inc",broadband,2024-Q1,2024,1,37.23256465763888,34.118305077092074,24.968195524875448,28.149401999670125,60.434440981432324,40.8655,6035,70,0.07665466103524819,True
135582,,Galaxy Cable Corp.,broadband,2024-Q1,2024,1,37.986188932390554,26.07028184744184,28.036219239395972,19.298909973949847,22.419895399685146,7.057,5719,199,0.07264092899098333,True
142424,,"Unique Cable Network, Inc.",broadband,2024-Q1,2024,1,29.62086628662272,22.97006183046824,17.757677910398687,6.961314254160044,70.23781806592606,53.907,5496,9,0.06980845352936604,True
135594,,Kabayan Cable Tv Systems Inc.,broadband,2024-Q1,2024,1,30.936808445380155,23.56842538619877,23.73565188870934,16.083228745756042,46.36534320297951,34.676,5377,28,0.06829695317092453,True
137404,,KCAT,broadband,2024-Q1,2024,1,34.220887032605575,20.219220359997063,19.183458831111285,10.398985002443439,46.75893241938598,23.774,5184,23,0.0658455282198387,True
151408,,Fil Products Service Television of Calbayog Inc.,broadband,2024-Q1,2024,1,17.349558470521796,14.403684598434058,9.657158932035275,4.525513428033176,78.62040938251803,68.4455,4999,38,0.06349571673822796,True
139034,,Sattelite Plus Incorporated,broadband,2024-Q1,2024,1,14.949349456204073,5.4860335331519385,9.344239668434977,3.6750371291525,57.23485850588714,37.5205,4929,694,0.06260659888032118,True
138543,,Cablevision Systems Corporation,broadband,2024-Q1,2024,1,33.450443976345845,23.483890035434197,23.732583182523875,15.170980729565725,36.82266503012721,28.99,4485,153,0.05696705132445536,True
131465,,"Marbel Telephone System, Inc.",broadband,2024-Q1,2024,1,50.92374278704981,36.416167326972825,26.962073319455424,21.135970959158115,48.961544346648616,29.794,4431,4,0.056281160405498715,True
141152,,BATAAN SPACE CABLE NETWORK INC,broadband,2024-Q1,2024,1,70.39250943210878,30.60095452676777,46.51702427539547,9.807704882898747,63.22184709692344,50.741,4323,93,0.054909378567585404,True
142009,,Misamis Cable Management and Development Corp,broadband,2024-Q1,2024,1,39.76989785090103,43.848813407550104,17.944915143709828,22.519452728517763,66.79052204764318,58.073,3950,115,0.05017165055331074,True
137996,,"HGC Global Communications (Philippines), Inc.",broadband,2024-Q1,2024,1,100.22793040677291,90.51478476918103,14.797025192545266,12.98860893986871,49.99334648898001,31.143,3908,45,0.04963817983856668,True
136244,,Panay Broadband / Buenavista Cable TV Inc.,broadband,2024-Q1,2024,1,15.11142793228104,12.8941592643423,9.035135084056112,5.537253187564302,58.719851752021555,43.0965,3717,43,0.04721215825484963,True
150704,,DEARBC Connect,broadband,2024-Q1,2024,1,26.386865106213587,20.610205255811394,9.712737879819532,9.737724229226254,117.24676224545956,93.564,3638,140,0.046208725243783416,True
150431,,ADS Cable TV Network,broadband,2024-Q1,2024,1,27.964315189597908,24.99631390933356,18.4837251757681,18.496303064418047,48.16490537931034,25.382,3625,5,0.04604360335588644,True
134802,,Naic Cable TV Corp.,broadband,2024-Q1,2024,1,42.821169218013594,17.111329360320635,20.941163299154404,5.982727888087771,23.810000856408795,7.0,3505,13,0.044519401313760545,True
149170,,TOLEDO CABLE TV,broadband,2024-Q1,2024,1,19.376785995449374,22.344355934374217,13.624316389013003,14.394340390513054,101.0268981319323,81.2125,3427,12,0.043528669986378714,True
23862,,University of the Philippines Diliman,broadband,2024-Q1,2024,1,84.94641496674379,81.07328555224906,29.231063707958608,19.72156033849599,27.693374013357616,29.0,3297,90,0.041877451107408994,True
138987,,CHARLES CATV SYSTEMS INC,broadband,2024-Q1,2024,1,46.73208903799733,41.157661763721755,12.733750429259354,10.467744717879118,56.270987274984485,42.0445,3223,12,0.04093752651476469,True
133064,,SLMC INFRASTRUCTURE,broadband,2024-Q1,2024,1,64.44166482129162,73.83698376208595,47.89875294244894,48.18914989260042,17.115880063291137,4.294499999999999,3160,17,0.040137320442648595,True
150447,,Woofy Incorporated,broadband,2024-Q1,2024,1,56.36198858664838,47.594615640395816,43.29771027828999,35.45725886621121,34.94205923566879,30.843,3140,74,0.03988328676896095,True
139846,,StarCable,broadband,2024-Q1,2024,1,39.58915067249979,33.78893947584258,20.63440079807542,16.653794561404112,82.47111028219265,71.098,3087,183,0.039210097533688676,True
142271,,EWS DS Networks Inc,broadband,2024-Q1,2024,1,39.01658684383234,29.54460184378175,29.830904374488945,24.161337751601078,24.52828855559178,17.344,3067,9,0.03895606386000103,True
135423,,Total Information Management Corporation,broadband,2024-Q1,2024,1,38.47675840073584,30.624786149478822,20.84784095928565,17.55479006312246,22.301871981475355,4.762,3024,58,0.03840989146157258,True
11404,,Wave Broadband,broadband,2024-Q1,2024,1,28.736548391692406,22.751602349575112,12.911933485323017,10.17444572333717,79.71552954719876,58.897999999999996,2609,72,0.033138692732553855,True
132505,,Concentrix Daksh Services Philippines Corporation,broadband,2024-Q1,2024,1,55.93954687554411,38.70680509663137,37.57318309458046,8.649666286701938,48.73603017408124,45.0,2585,6,0.03283385232412868,True
135549,,"NEW WORLD CATV, INC.",broadband,2024-Q1,2024,1,50.519154694225804,40.63571771178533,28.922806003568837,26.289043181122036,26.436998449011252,5.73,2581,22,0.03278304558939115,True
142555,,"Z-ENERGY CATV NETWORK, INC.",broadband,2024-Q1,2024,1,9.166333714335854,13.692774912951668,5.158373343544034,10.384547702757414,130.8026017282011,109.983,2547,222,0.03235118834412214,True
132054,,Rising Star Cable TV Services,broadband,2024-Q1,2024,1,38.282443002275336,21.490747053065835,22.78217452892166,11.82467282602,67.4763398259428,59.774,2415,27,0.030674566097783657,True
139900,,RELIANCE CATV AND ENTERTAINMENT SERVICES,broadband,2024-Q1,2024,1,29.898381153136867,28.467818234717587,19.431688930249013,20.732323215657594,44.91312770382695,38.9835,2406,13,0.030560250944624216,True
147042,,Panabo Satellite Cable Television Inc.,broadband,2024-Q1,2024,1,20.03941576532715,18.17047877389987,10.022934735530594,8.44706231206828,122.86425126903555,101.2985,2369,42,0.030090288648302065,True
15347,,IBEX Global Solutions,broadband,2024-Q1,2024,1,50.33342117050667,21.595096177993657,33.900112760787444,4.557238403076394,76.51450328227571,63.147,2285,5,0.029023347218813937,True
134966,,Southern CableVision Inc.,broadband,2024-Q1,2024,1,19.509174036469208,17.45094963002083,16.69471178700198,13.124150295742131,116.49133730684325,101.641,2267,17,0.028794716912495053,True
149848,,CELEBRITY CABLE NETWORK INC,broadband,2024-Q1,2024,1,19.87546117368086,17.231191415611917,12.180190003254884,12.224761114291644,41.73544493981275,29.256,2245,72,0.028515279871438638,True
142581,,Mambulao Cable Television,broadband,2024-Q1,2024,1,18.125821858456,17.147200274938843,10.03864071943397,10.57799187187712,105.02892088014983,84.807,2138,12,0.027156199717209714,True
138025,,RBC Cable Master System,broadband,2024-Q1,2024,1,38.671257755037104,37.61227697549081,27.02110877966297,32.77258260442183,45.150935575556616,40.187,2111,115,0.026813254257731386,True
137818,,Panay Telephone Corporation,broadband,2024-Q1,2024,1,19.903310461195744,17.373439774533413,12.025121488508152,8.187025111397327,99.11645512195122,70.0,2053,17,0.026076556604037206,True
139464,,KMC Mag Solutions,broadband,2024-Q1,2024,1,167.19093577970813,111.414948908652,93.58242758679225,57.2479385772061,21.119893450635384,4.6884999999999994,2050,63,0.02603845155298406,True
134241,,M7 Telecommunications Corporation,broadband,2024-Q1,2024,1,11.992011351065079,13.21464148854452,7.238880239120316,8.684603864454395,102.34192103972535,83.421,2040,85,0.02591143471614023,True
141676,,St. Joseph Cable TV System,broadband,2024-Q1,2024,1,32.008167837933996,9.637180537338963,16.45270613034885,9.247779672586379,95.7108963941087,70.526,1971,164,0.025035018541917843,True
134431,,News and Entertainment Network Corp,broadband,2024-Q1,2024,1,19.31668870731755,18.944080205692575,9.916640522379101,6.828533816530444,116.99998595213322,86.9355,1924,111,0.024438039408751867,True
151653,,General Telephone System Inc.,broadband,2024-Q1,2024,1,40.08029853113041,36.79075324993271,20.824124723577707,26.699026572822937,133.6097875,114.108,1921,85,0.02439993435769872,True
147174,,POLARIS CABLE VISION INC.,broadband,2024-Q1,2024,1,27.15819715542216,19.565069934789726,16.004912658248127,9.543491691952056,57.815582320442,41.2155,1812,59,0.02301545083610103,True
150450,,"Kinahugan Bojol Communications, Inc.",broadband,2024-Q1,2024,1,27.00097800201322,21.13821531675104,16.267325617629865,13.592118748290503,80.16158059023837,53.6015,1764,122,0.022405770019250672,True
18187,,Ignite Telecommunications Inc,broadband,2024-Q1,2024,1,43.91904346516408,35.288856800448606,24.521656830161373,17.572263025806116,43.27855865603645,30.293999999999997,1757,162,0.022316858233459993,True
138929,,Cebu Cable TV Management Corporation,broadband,2024-Q1,2024,1,53.27667130525497,29.42865026885718,35.61169147232131,17.052943015712273,38.78210051993067,19.983,1732,83,0.021999316141350433,True
131306,,CITI Cableworld Inc.,broadband,2024-Q1,2024,1,31.03367471935678,26.451552339549554,20.53141673201334,19.626036800306885,62.274532555282555,45.243,1630,37,0.02070374440554342,True
15084,,Concentrix CVG Corporation,broadband,2024-Q1,2024,1,50.20971218855949,67.32852738428012,19.458039906870667,15.965043233501106,52.267751237623756,52.960499999999996,1616,101,0.020525920833962066,True
141709,,Clare Cable TeleVision,broadband,2024-Q1,2024,1,46.26610772988854,37.7634558006223,33.009675739894405,26.856691400096093,58.45865579937304,31.507,1598,4,0.02029729052764318,True
45209,,"University of the Philippines, Los Banos Campus",broadband,2024-Q1,2024,1,134.12268144656585,92.2053729326352,62.82063481887975,13.703088929762721,27.621022799240027,6.74,1582,17,0.020094063588693062,True
142414,,MALASIMBU CATV CORP,broadband,2024-Q1,2024,1,31.959636503156986,26.973486314159835,18.542494069361442,16.680295515271755,69.2289674267101,64.0,1538,105,0.019535189506580234,True
18360,,Santo Tomas E-Service Providers,broadband,2024-Q1,2024,1,89.56940468043132,115.3105009490766,29.206312244088828,42.77101662346938,26.171149526387005,28.0,1478,66,0.018773088485517286,True
135283,,Makilala Cable TV,broadband,2024-Q1,2024,1,10.168623629898798,10.61196473441642,9.434822038107932,10.844821332768001,135.47565824561406,93.727,1426,9,0.0181126009339294,True
132464,,Barbaza Multi-Purpose Cooperative,broadband,2024-Q1,2024,1,12.629236523658637,10.18343554789355,10.690183949288375,8.787293699568679,54.0046122881356,43.959,1418,10,0.01801098746445434,True
18188,,Ateneo de Manila University,broadband,2024-Q1,2024,1,85.07348921880349,64.67864586394025,59.766549876644845,29.503696499260702,24.729997171145687,15.8035,1414,26,0.017960180729716807,True
151049,,ATSS NETWORK AND DATA SOLUTION,broadband,2024-Q1,2024,1,49.43630775534831,43.90311584717391,42.76605587926951,39.07998424542894,41.32848433048433,21.697,1404,5,0.017833163892872983,True
140927,,SKY MOVIE PHILIPPINES CATV,broadband,2024-Q1,2024,1,14.745672659970408,15.52287865932736,7.386497570244152,11.21504173085619,84.12131540697673,67.0855,1376,130,0.017477516749710275,True
55402,,PNB Financial Center,broadband,2024-Q1,2024,1,16.99476861345674,12.467542739415826,15.877934750105004,16.290636270298787,49.44134788937408,55.0,1374,1,0.01745211338234151,True
132792,,"University of the Philippines Visayas, Miagao",broadband,2024-Q1,2024,1,38.270099020677016,21.252502810218104,10.60280410081532,3.3943166223302903,55.69984128166915,46.552,1345,4,0.01708376455549442,True
141994,,Ocean Wave Communications Philippine Corp.,broadband,2024-Q1,2024,1,33.237291946479125,35.82089693184887,21.095655150838045,23.814726248536726,50.26133091202583,47.168,1239,101,0.015737386084949876,True
138961,,Paradise Cable Television Network,broadband,2024-Q1,2024,1,16.998351324231177,16.633756515796023,9.236049763827133,7.488262669265551,64.48891632818848,51.526,1232,43,0.0156484742991592,True
151405,,WISE CABLE TV,broadband,2024-Q1,2024,1,21.65941455785756,24.633180745983363,12.367862343993702,15.362148137652117,115.82908154506438,100.0,1165,27,0.014797461492305574,True
139213,,"Hillview Cable Systems, inc.",broadband,2024-Q1,2024,1,30.927289199081404,19.075443634301468,21.265491392524417,5.410850889505251,73.07251272727271,65.951,1102,64,0.013997255420189479,True
45600,,"University of the Philippines, Manila",broadband,2024-Q1,2024,1,84.69091935851668,42.52487744168996,59.55992060282022,12.259009956275426,32.04892616226071,30.153,1097,307,0.013933747001767567,True
140549,,SHIFT DATA SERVICES INC,broadband,2024-Q1,2024,1,43.10833640334548,34.17699208194398,12.117027123527771,7.321008870777547,57.8003354037267,50.0,966,148,0.012269826439113464,True
63927,,RISE,broadband,2024-Q1,2024,1,53.6830088139259,53.21524524278943,27.07297701108664,21.51103331684694,48.71137221633085,31.336,943,54,0.011977687714372666,True
59322,,Black Fiber Solutions Corporation,broadband,2024-Q1,2024,1,35.109945862120135,26.93792992334226,21.947116133483412,10.619663931926468,57.890772833723666,32.474,855,73,0.010859939550147009,True
21433,,Accenture UK Limited,broadband,2024-Q1,2024,1,14.638235176683704,7.369032236894573,7.436737871901324,0.4276907204081697,61.83058450704226,51.08,852,3,0.010821834499093862,True
138496,,"Inspiro Relia, Inc",broadband,2024-Q1,2024,1,42.02238746276775,44.039092572664835,35.45110545578457,33.64719539722455,62.54051354534749,57.187,849,2,0.010783729448040714,True
138970,,Wesfardell Cable Services,broadband,2024-Q1,2024,1,15.719031749680928,16.259376647030045,11.192340701047652,9.706237949246924,62.298969249692504,43.139,818,3,0.010389977253824859,True
132454,,"Philippine Telegraph and Telephone Corporation,",broadband,2024-Q1,2024,1,73.11804075842,41.825568088583886,41.19067057364545,21.09897867628391,16.634692211055274,3.1775,796,37,0.010110540212768443,True
131276,,Mega Speed ICT Solutions Inc.,broadband,2024-Q1,2024,1,34.80606083013938,28.106803026493438,18.14580423842319,10.904577302623274,69.1340949197861,37.115,748,29,0.009500859395918085,True
135409,,Kacific Broadband Satellites Pte Ltd,broadband,2024-Q1,2024,1,4.896161560259511,1.7867003775021406,4.711973681564082,1.3768136593027858,59.74670390309556,53.638,744,60,0.009450052661180555,True
141016,,SM Investments Corporation,broadband,2024-Q1,2024,1,87.55270290493803,47.889302241985426,46.50901857839955,24.449656809591335,5.309483379501385,2.0,722,12,0.009170615620124141,True
18229,,CtrlS,broadband,2024-Q1,2024,1,28.59777697407791,15.589629469433161,19.12069380995247,1.807297105244789,81.09609888579388,87.19749999999999,718,7,0.009119808885386611,True
395793,,Arisk Communications inc.,broadband,2024-Q1,2024,1,11.737154369051437,9.745423828263325,5.100483069492192,5.97446524991564,86.47464845938374,72.74000000000001,714,10,0.009069002150649081,True
137184,,Suniway Group of Companies Inc.,broadband,2024-Q1,2024,1,48.7960570101333,48.70418287539392,29.3776111250352,30.855178777337006,50.74518413597735,63.5975,706,114,0.008967388681174021,True
137406,,Airlive Communications Inc.,broadband,2024-Q1,2024,1,36.17208771555489,32.12728046323085,21.033510075138587,13.770164622604668,49.84588218390804,13.5365,696,55,0.008840371844330197,True
17895,,"Globalreach eBusiness Networks, Inc.",broadband,2024-Q1,2024,1,38.90533817688499,36.50523382900817,22.776724085517074,10.474451877580456,51.479747813411095,40.78,687,52,0.008726056691170755,True
135366,,Zafra Cable TV Network Inc.,broadband,2024-Q1,2024,1,32.9342680240447,22.069585314767934,19.70431989095281,14.023902428830024,62.02872923076925,50.104,651,6,0.008268796078532986,True
151650,,Switch Fiber,broadband,2024-Q1,2024,1,42.35854064934015,34.21089477876913,31.87413515647564,28.4194996997403,46.44298459167951,22.432,649,6,0.008243392711164222,True
6648,,"Bayan Telecommunications, Inc.",broadband,2024-Q1,2024,1,31.882091896288895,24.877144313663536,8.090645778318406,4.6710859936826,99.74320032051281,51.6335,624,24,0.00792585061905466,True
18214,,TELUS INTERNATIONAL,broadband,2024-Q1,2024,1,93.21926856912485,48.62233656911774,75.0153409880152,18.141995816611296,57.15734257748777,45.397,613,3,0.007786132098526452,True
149825,,RFi Fiber,broadband,2024-Q1,2024,1,30.293550841316314,25.878033630160868,17.889408333204813,17.274031228710392,21.060580327868852,5.0,610,17,0.007748027047473305,True
140984,,WTW HIGHTECH COMPANY INC,broadband,2024-Q1,2024,1,19.813735173863662,37.53204142297972,3.240151784814204,22.391494448290388,49.60035185185184,16.0265,540,7,0.0068589091895665324,True
132905,,AS number of Ateneo de Davao University,broadband,2024-Q1,2024,1,70.99339944284283,58.58993450269664,47.77433185078335,25.731279057255918,81.67074860335197,69.0,537,41,0.0068208041385133845,True
141754,,Emapta Versatile Services Inc,broadband,2024-Q1,2024,1,72.99808767149788,44.61650653308555,46.10155897274055,23.945150043655826,44.64258348968105,32.452,533,12,0.006769997403775855,True
150000,,Data-Beam Business Solution,broadband,2024-Q1,2024,1,14.544129847466552,13.906114575003066,3.7619873733066607,2.1723720683241545,89.63370936902484,55.165,523,9,0.0066429805669320306,True
22351,,INTELSAT GLOBAL SERVICE CORPORATION,broadband,2024-Q1,2024,1,0.9448646763129812,0.330649889752912,0.5790651224575648,0.16032491851237943,144.57272040816326,112.34100000000001,490,6,0.006223825005347409,True
132615,,Pipol Broadband,broadband,2024-Q1,2024,1,15.461288985733416,10.221452057466088,7.93810333213644,4.638121438121438,22.959004366812234,10.327,458,134,0.00581737112744717,True
135499,,"Tiger Resort Leisure & Entertainment, Inc. (TRLEI)",broadband,2024-Q1,2024,1,22.27745367183753,16.633394971089615,20.103809431032005,5.613171201054227,51.30379600886918,45.329,451,11,0.005728459341656493,True
140878,,Philippine National Police,broadband,2024-Q1,2024,1,76.31618448908691,58.33251729891058,29.382916478791874,9.393682767358165,129.78407621247115,34.429,443,5,0.005626845872181433,True
149509,,Xfiniti Internet Communication Services,broadband,2024-Q1,2024,1,47.63678171819357,27.31872892972412,34.16912626900901,4.760171700098402,58.76766970387245,49.488,439,112,0.005576039137443903,True
139204,,RACITELCOM Inc.,broadband,2024-Q1,2024,1,20.139925559225468,13.301392030736398,11.76130530002106,5.158220847576863,48.10024759615385,33.0,416,16,0.005283900412703106,True
138969,,"Marbel Services and Television System, Inc.",broadband,2024-Q1,2024,1,9.775892806473776,5.88765437028178,8.31615737735884,1.048735170786502,135.12636650485436,109.7265,412,31,0.005233093677965576,True
142121,,uniBeam Incorporated,broadband,2024-Q1,2024,1,74.84620187387058,132.2837736090803,41.16102806226067,48.45983798849277,56.774868613138686,76.755,411,10,0.005220391994281194,True
151324,,BONGAO CABLE TV - ISABELA,broadband,2024-Q1,2024,1,10.866536617224346,24.72370784929215,9.703658673455442,11.463959447309492,46.978803970223325,38.0,404,3,0.005131480208490516,True
147178,,TierOne Communications International Inc,broadband,2024-Q1,2024,1,6.052095140691851,4.025391068453825,3.8043392916420333,2.2036683747790917,65.94830303030304,55.159,364,5,0.004623412861115218,True
149802,,MT Cable Television Network,broadband,2024-Q1,2024,1,37.11479335733878,33.96465936723894,22.407603458448925,26.752059674207402,68.21987042253521,44.51,358,10,0.004547202759008924,True
150707,,Romblon Cable Corporation,broadband,2024-Q1,2024,1,16.565348966107315,14.010936989913604,11.703314428815187,3.2202328252434738,107.89274857142857,91.0815,350,17,0.004445589289533864,True
38609,,"American Data Exchange Corporation Ltd.,",broadband,2024-Q1,2024,1,69.51678291770034,26.544671776803025,44.73427722365345,6.498431361687349,54.284369186046504,44.687,344,12,0.004369379187427569,True
58437,,MAPUAEDU,broadband,2024-Q1,2024,1,37.08325927090961,28.700778631412756,29.631633700056955,20.3420217426565,17.015399390243903,3.2295,328,10,0.004166152248477449,True
134564,,NETFACTORY,broadband,2024-Q1,2024,1,34.48194701408817,36.317286465956556,26.06142186601663,18.25474548940883,123.64419938650306,112.4995,326,11,0.004140748881108684,True
58757,,Ace Wireless Network Phils. Inc.,broadband,2024-Q1,2024,1,25.832345700068903,29.432708591403422,16.98594850581069,16.42719557614133,62.39779062500001,61.7465,320,12,0.00406453877900239,True
58907,,Acquire BPO Pty Ltd,broadband,2024-Q1,2024,1,87.23172907604847,64.47558808593429,83.98970087593838,17.787163839498344,63.408585443037964,62.0895,316,15,0.00401373204426486,True
151652,,ZSG Internet Communication Services,broadband,2024-Q1,2024,1,20.787917072803744,22.48363544992374,17.413109207007587,19.60744231567418,125.35674598070739,110.182,311,110,0.003950223625842947,True
26344,,"Real Page, Inc.",broadband,2024-Q1,2024,1,119.24784861683105,39.28705194299049,129.16693368894948,3.9796204365316905,23.779583870967734,17.4615,310,4,0.003937521942158565,True
17721,,"International Rice Research Institute,",broadband,2024-Q1,2024,1,61.338459875534156,47.984503763129446,7.5163004902383435,8.444452222016116,37.38999651567944,10.96,287,5,0.003645383217417768,True
23732,,Sagility Philippines B.V. Branch Office,broadband,2024-Q1,2024,1,58.00624360307555,33.88848581151122,6.76799925812584,2.9095361640413913,62.52141791044775,59.021,269,7,0.0034167529110988837,True
136982,,Integranet Network Services,broadband,2024-Q1,2024,1,7.394862706072315,10.396748151452021,4.6657376241174635,11.077184906817287,71.93885714285713,19.608,266,10,0.0033786478600457363,True
10879,,Unitedhealthcare,broadband,2024-Q1,2024,1,49.10170581956012,52.84501717236998,15.240646880622682,26.5103016823773,31.07194094488189,29.9485,254,1,0.003226227655833147,True
4637,,Telstra Global,broadband,2024-Q1,2024,1,50.626952435822936,48.186911417128805,14.86430496592073,12.002702775404744,64.47040322580646,36.663,249,17,0.0031627192374112344,True
138689,,"CONCEPCION PAY-TV NETWORK, INC.",broadband,2024-Q1,2024,1,21.306604569381605,17.33625623158982,16.507439470139452,11.070887307734857,49.53528225806452,28.831,248,28,0.003150017553726852,True
134415,,De La Salle - College of Saint Benilde,broadband,2024-Q1,2024,1,117.9680097759583,96.7314356481236,73.18175644211819,47.36240464852532,50.36806882591093,26.47,247,2,0.0031373158700424694,True
206804,,EstNOC OU,broadband,2024-Q1,2024,1,26.460509525086024,2.907266406253888,14.753684874375624,0.17067021122786902,73.03323868312758,39.0,243,25,0.0030865091353049394,True
7629,,EPLDT,broadband,2024-Q1,2024,1,42.55673047855101,15.712368289555927,18.437502787888473,1.0423977571146477,81.6155625,73.8135,240,28,0.003048404084251792,True
55437,,"WIT Phils., Inc.",broadband,2024-Q1,2024,1,24.80674774726431,2.9359466709729616,17.81679026752086,3.151312606587223,46.42401357466064,34.18,221,5,0.002807072094248525,True
131253,,De La Salle-Lipa,broadband,2024-Q1,2024,1,19.941065415252794,9.7895437293009,8.403320485731626,8.985077279199409,27.00027064220183,10.772,218,16,0.0027689670431953776,True
17452,,Bitstop Inc,broadband,2024-Q1,2024,1,56.84748935265129,52.81099489453004,60.208387929704585,70.8714914381125,39.623783410138245,41.0,217,12,0.002756265359510995,True
134213,,Netify Communications Corp.,broadband,2024-Q1,2024,1,147.4830306756952,111.25264988611791,118.45756054097757,94.50816151922876,52.221399999999996,31.667,215,84,0.0027308619921422306,True
136513,,Corporate Technologies Incorporated,broadband,2024-Q1,2024,1,12.404457333613434,4.393769123693429,5.946350874332538,0.6566057139531444,130.9955981308411,139.524,214,4,0.002718160308457848,True
136216,,Channel Information Technology Support and Leasing Services Inc.,broadband,2024-Q1,2024,1,235.7273668643156,155.049225398507,231.9710040202018,92.0898765303704,33.292809523809524,16.372,210,45,0.002667353573720318,True
137846,,Sharp Viewing Entertainment Corporation,broadband,2024-Q1,2024,1,11.840767252403568,13.80030866645279,5.710904992005323,7.3344704053703715,135.20058048780484,113.0,206,2,0.002616546838982788,True
394869,,Asia Pacific Network Corporation,broadband,2024-Q1,2024,1,105.79806998558551,101.33125247000574,86.89120482150598,72.56385293142793,103.52228292682926,86.724,205,17,0.0026038451552984057,True
38722,,Conduent Business Services Philippines Inc.,broadband,2024-Q1,2024,1,48.14182493369722,45.98526202143144,14.026072332490012,15.333290669243578,60.4050621761658,49.117,193,6,0.0024514249510858162,True
136803,,TELMARC CORPORATION,broadband,2024-Q1,2024,1,19.682415631835685,17.71564669886011,9.577811084138025,9.123844354634965,35.42130285714285,6.685,175,27,0.002222794644766932,True
63848,,De La Salle-College of Saint Benilde,broadband,2024-Q1,2024,1,129.19988594691125,113.01898027509124,88.36807513721703,50.056303708043785,52.756435294117644,48.982,170,3,0.0021592862263450194,True
137941,,Mabuhay Cable TV Inc,broadband,2024-Q1,2024,1,67.08631787149356,37.252647876349506,47.2607686653082,21.404511770055922,59.45594674556212,32.654,169,1,0.002146584542660637,True
134996,,"BSITC PHILS., INC.",broadband,2024-Q1,2024,1,19.781671891675167,13.487832439465274,8.367047418594726,2.180112291932625,85.61466666666665,57.228,165,18,0.002095777807923107,True
64008,,Department of Social Welfare and Development,broadband,2024-Q1,2024,1,144.59722105204332,77.28149821327801,93.00678066436117,27.805012582107608,36.16674834437085,19.623,151,1,0.0019179542363417525,True
23689,,Makati Shangri-La,broadband,2024-Q1,2024,1,20.07655970427572,20.146973150378603,13.651776449614811,14.11819060126836,24.319412162162156,20.9665,148,2,0.001879849185288605,True
58706,,Xavier School,broadband,2024-Q1,2024,1,40.52584349427778,28.480219697572306,38.77159851976207,30.107109925576303,8.816527777777777,3.0,145,1,0.0018417441342354578,True
18190,,SunValley New Oriental,broadband,2024-Q1,2024,1,24.06042377188099,36.530143812366134,12.409206893414918,25.381427546078697,18.084748251748252,3.331,143,39,0.0018163407668666928,True
131245,,University of the Philippines,broadband,2024-Q1,2024,1,28.472766824306508,33.45920870810421,18.105351388362582,21.60707660548869,39.52460144927536,32.024,138,3,0.0017528323484447804,True
4759,,TEXTRON CORPORATION,broadband,2024-Q1,2024,1,6.983348004277197,5.380003050272489,3.916017979111941,2.42408822391807,70.111152,42.992,125,29,0.0015877104605478084,True
138915,,Kaopu Cloud HK Limited,broadband,2024-Q1,2024,1,25.92389713494891,8.022558368910412,12.680689720491541,0.7797228267057424,58.872796747967485,17.581,123,21,0.0015623070931790434,True
135162,,eUP-University of the Philippines System,broadband,2024-Q1,2024,1,57.232292085070995,50.080666122568346,36.86579406725468,23.23505218795518,24.65126271186441,3.946,118,29,0.001498798674757131,True
152107,,Fiberbro Internet Communication Services Corp.,broadband,2024-Q1,2024,1,30.97936854899073,17.015066961650678,24.96132025523938,5.71271226897854,33.69061403508772,8.394,114,4,0.0014479919400196013,True
45166,,Pacific Internet Pte Ltd,broadband,2024-Q1,2024,1,42.65462655070928,44.60741081770706,48.22628018308344,48.32003113576025,17.176486725663718,3.064,113,9,0.0014352902563352188,True
138569,,Tech2go Strategic IT Solutions,broadband,2024-Q1,2024,1,16.94968774277951,9.306994568809735,15.967035381231478,4.86382865194603,50.97362264150942,40.2365,106,12,0.0013463784705445416,True
137487,,Manila Electric Company,broadband,2024-Q1,2024,1,50.235941356209246,55.44473496334157,23.37049822417433,13.19403983177783,57.90312871287128,8.756,101,22,0.001282870052122629,True
45865,,INFORPSSC,broadband,2024-Q1,2024,1,108.23449222765744,102.00845155308996,105.39116723596177,67.88295245374178,73.31734653465347,56.881,101,4,0.001282870052122629,True
134416,,De La Salle-Zobel,broadband,2024-Q1,2024,1,89.64828897373187,56.49169076265088,79.21650062623875,29.650187343890508,7.600939393939394,3.0,99,2,0.0012574666847538643,False
131281,,"University of the Philippines, Visayas Cebu Campus",broadband,2024-Q1,2024,1,57.814999990528186,48.73417483988055,18.72840390126271,15.332751387736058,48.52468041237114,41.211,97,6,0.0012320633173850994,False
45218,,"Coca-Cola FEMSA Philippines, Inc.",broadband,2024-Q1,2024,1,32.40242721134121,14.593032295279814,20.221159040882675,5.247956179292023,39.284772727272724,30.662,88,3,0.0011177481642256572,False
32043,,NeoFiber Communications inc.,broadband,2024-Q1,2024,1,22.59666133652422,10.829298945070171,10.10281684255885,1.412448342562209,95.99765882352942,73.977,85,10,0.0010796431131725097,False
132059,,"762 Quirino Highway, San Bartolome",broadband,2024-Q1,2024,1,16.213787008410364,11.151443297106132,12.360517379337697,7.809987865042473,61.240999999999985,58.928,75,12,0.000952626276328685,False
38483,,"RCG INFORMATION TECHNOLOGY, AS CONTENT PROVIDER MANILA",broadband,2024-Q1,2024,1,34.22966976317451,25.670362436578234,29.309867143681146,16.573673262605112,42.73558904109589,38.805,73,1,0.0009272229089599201,False
132843,,Digital Advantage Corp.,broadband,2024-Q1,2024,1,31.9102055239084,3.248662848567507,34.310702690897486,0.08216237717871601,73.88716901408452,56.789,71,1,0.0009018195415911552,False
140593,,ULAP Networks Inc.,broadband,2024-Q1,2024,1,196.7051485090876,133.368133783754,85.36394789623046,69.86939119802884,14.11118309859155,4.298,71,4,0.0009018195415911552,False
142416,,"Itiviti Philippines, Inc",broadband,2024-Q1,2024,1,26.747869737263947,8.168078605537142,10.392737241562543,5.1017769744838635,123.31459375,107.64949999999999,64,1,0.0008129077558004778,False
7306,,Asian Development Bank,broadband,2024-Q1,2024,1,89.58557382239061,30.94229445539572,87.01387273925032,18.92892737965459,41.52049206349206,38.608,63,6,0.0008002060721160955,False
153174,,Aioni Digital and Data Solutions Inc.,broadband,2024-Q1,2024,1,24.163404270082374,21.531132537361685,19.45721551929573,17.3620555177335,21.056813559322034,3.66,59,9,0.0007493993373785655,False
24081,,SPI Technologies Inc.,broadband,2024-Q1,2024,1,79.89364783983983,47.354039880623084,54.23484049727096,36.83641681693621,34.82682456140351,32.0,57,1,0.0007239959700098006,False
45351,,ABS CBN,broadband,2024-Q1,2024,1,183.21231081871332,213.58247346090752,79.0993232,29.5489254025063,45.62965454545455,35.03,55,4,0.0006985926026410356,False
134414,,De La Salle-Greenhills,broadband,2024-Q1,2024,1,45.36357625845099,53.195600969031325,39.91027507144616,48.69636057031158,12.38937037037037,3.7329999999999997,54,1,0.0006858909189566533,False
151066,,Imperial network inc,broadband,2024-Q1,2024,1,64.77432048685104,48.61764123662029,55.64052932571322,43.5870466577782,19.73186538461539,4.164,52,5,0.0006604875515878883,False
133198,,"iOne Resources, Inc.",broadband,2024-Q1,2024,1,76.17293641422987,59.772024284389346,32.00853042455955,5.738624678412596,43.06009615384615,7.6495,52,2,0.0006604875515878883,False
135132,,Dreamscape Networks Inc.,broadband,2024-Q1,2024,1,257.9512990901066,205.12473370230484,306.67339214443564,182.27416786677117,25.548346153846158,16.806,52,15,0.0006604875515878883,False
140734,,Watch Tower Bible and Tract Society of the Philippines,broadband,2024-Q1,2024,1,29.15350759204817,28.146010787065883,9.226787182465308,8.538036040442206,71.04232,35.2095,50,24,0.0006350841842191233,False
38334,,"World Health Organization, Western Pacific Regional Office,",broadband,2024-Q1,2024,1,211.3893933009127,156.4871480046895,249.0180227506546,93.08346454929143,6.9794285714285715,2.209,49,2,0.0006223825005347409,False
141238,,Qualfon is a business process outsourcing company providing contact center services for various companies around thew world.,broadband,2024-Q1,2024,1,84.36526789997517,60.646490786513276,77.19778929774046,32.65038222636247,65.49020408163267,52.856,49,9,0.0006223825005347409,False
22773,,Cox Communications Inc.,broadband,2024-Q1,2024,1,36.22369011954934,51.344186835196915,14.274639786766407,38.29951143213212,56.61506249999999,68.3945,48,17,0.0006096808168503584,False
139333,,"Global Agility Solutions, LLC",broadband,2024-Q1,2024,1,107.61552853659053,42.8016994733236,123.94417264241825,24.133158973629744,38.43267391304348,37.4015,46,1,0.0005842774494815935,False
151465,,CULASI CATV INC.,broadband,2024-Q1,2024,1,23.082716872141756,20.51634607843579,19.668500170957152,24.950110416938166,57.980422222222224,55.0,45,3,0.000571575765797211,False
1828,,Unitas Global,broadband,2024-Q1,2024,1,89.66304146957647,58.57965805701948,62.33553497779605,12.461006191321989,26.569949999999995,22.256999999999998,40,3,0.0005080673473752987,False
38577,,LEEKIE-EN,broadband,2024-Q1,2024,1,22.69807962128726,23.933185794315218,17.124314901632644,23.24055549344473,14.462051282051279,3.086,39,2,0.0004953656636909162,False
137417,,Cambridge University Press is the publishing business of the University of Cambridge in UK,broadband,2024-Q1,2024,1,90.95837343046465,44.814448882280956,107.77241803576104,5.995707445626693,52.05997435897437,40.932,39,1,0.0004953656636909162,False
22764,,"Fluor Enterprises, Inc.",broadband,2024-Q1,2024,1,30.22262113381034,15.736477091044101,1.90103205874746,1.9837701689629061,80.30260526315789,42.8705,38,2,0.00048266398000653375,False
135158,,Softnet Limited,broadband,2024-Q1,2024,1,22.766805885502045,8.613384693006497,17.774011855257076,0.5030471346215667,107.52297297297297,64.104,37,10,0.00046996229632215126,False
38301,,Trec Global Pacific Transit AS,broadband,2024-Q1,2024,1,61.72094592057717,52.07447157130177,64.88017852889503,69.02136041696538,52.637810810810805,60.093,37,2,0.00046996229632215126,False
63938,,Pulo Diezmo Rd.,broadband,2024-Q1,2024,1,92.85812519238735,74.27870688768851,78.09321477591455,88.68675872537142,20.41035135135135,5.099,37,11,0.00046996229632215126,False
5377,,Marlink AS,broadband,2024-Q1,2024,1,1.1392484377971865,0.31911731291641177,1.1715958217345674,0.32228919547995005,209.12516216216218,217.777,37,3,0.00046996229632215126,False
38445,,WiPro BPO Philippines LTD Inc.,broadband,2024-Q1,2024,1,173.21492730394272,201.50077620843587,53.390090643963745,58.32003043522923,26.08043243243243,4.0,37,6,0.00046996229632215126,False
136462,,Mootech Asia,broadband,2024-Q1,2024,1,23.295153505410983,16.28587568491697,24.52980887360259,3.4664273964768246,67.28247222222222,65.61850000000001,36,4,0.0004572606126377688,False
139614,,BANGKO SENTRAL NG PILIPINAS,broadband,2024-Q1,2024,1,90.51690517798633,20.222996709045805,45.46169505930592,4.69735571154397,57.5464705882353,50.6075,34,2,0.0004318572452690039,False
55343,,Conduent Business Services Philippines Inc.,broadband,2024-Q1,2024,1,249.05781398048615,302.2960389239512,235.52763460066828,352.036260505279,46.87367647058824,51.974500000000006,34,1,0.0004318572452690039,False
139630,,Telectronic Systems Inc.,broadband,2024-Q1,2024,1,14.46600154302121,16.26142030276334,7.624815322942803,11.739369244316435,128.9590909090909,125.611,33,2,0.0004191555615846214,False
140708,,VITRO INC.,broadband,2024-Q1,2024,1,54.633944442921056,12.953907439384027,11.159409589373121,0.4233316035221736,28.873272727272727,24.319,33,1,0.0004191555615846214,False
149027,,Neo-Tech Asia Distribution Inc.,broadband,2024-Q1,2024,1,75.42071719058784,47.83845366403812,7.880366265577421,5.834289796556908,25.93009090909091,9.158,33,2,0.0004191555615846214,False
136777,,247 Customer Philippiness inc,broadband,2024-Q1,2024,1,337.0203638209792,292.6826108703264,365.85100650419184,137.52264869372402,27.985354838709675,29.0,31,3,0.0003937521942158565,False
133778,,GY Consultancy Group Inc.,broadband,2024-Q1,2024,1,23.46135957787051,13.57151493063823,10.260452258995272,13.82173411205517,74.59910344827587,48.038,29,6,0.00036834882684709156,False
24222,,OFFICETIGER DATABASE SYSTEMS INDIA PVT LTD,broadband,2024-Q1,2024,1,46.79170117785031,25.60677729048477,40.92988345606389,26.58383832626628,73.93485714285714,92.05699999999999,28,4,0.00035564714316270907,False
132844,,Ateneo de Manila University,broadband,2024-Q1,2024,1,90.54249938025298,68.88980874411415,74.47771440486382,66.59885661281521,26.03807407407408,3.0,27,3,0.00034294545947832663,False
58677,,DOFAIMPNET,broadband,2024-Q1,2024,1,119.62549038709244,77.15261270302034,104.80252837013589,89.1878154279357,14.175291666666666,5.089499999999999,24,1,0.0003048404084251792,False
23887,,PRODATANET INC.,broadband,2024-Q1,2024,1,10.168322710640027,5.119665017486626,8.059550843254208,0.8998926017687011,13.383000000000001,8.245000000000001,20,6,0.00025403367368764937,False
141196,,DEPARTMENT OF INFORMATION AND COMMUNICATION TECHNOLOGY,broadband,2024-Q1,2024,1,74.58491294996534,186.73491729949384,36.140124388656815,189.17817912746108,48.127684210526304,31.35,19,1,0.00024133199000326688,False
146948,,"Rural Bank of Guinobatan, Inc.",broadband,2024-Q1,2024,1,9.613932472526399,1.329577608289898,10.343830271894417,0.08179793717321585,100.50361111111111,82.86250000000001,18,3,0.0002286303063188844,False
132141,,Penthouse,broadband,2024-Q1,2024,1,132.27433821639553,140.65531679890785,105.32268314077672,90.27751530132221,57.54594444444443,57.962,18,1,0.0002286303063188844,False
38291,,BPS Corporation,broadband,2024-Q1,2024,1,14.708401054313336,13.998029929286641,17.179872230019367,9.696415459348753,64.65672222222221,73.8515,18,2,0.0002286303063188844,False
38596,,"Innodata-ISOGEN, Inc",broadband,2024-Q1,2024,1,9.832269233254403,5.630843116503788,7.859707834473716,1.0512097404776408,117.6091111111111,116.18100000000001,18,2,0.0002286303063188844,False
10141,,DFNN Group of Companies,broadband,2024-Q1,2024,1,9.734455759208917,7.632666766757125,11.280221656967132,7.858371995467139,67.2339375,59.823499999999996,16,1,0.00020322693895011946,False
132716,,"1 Solaire Boulevard,",broadband,2024-Q1,2024,1,121.68839944492206,63.92108787321277,140.45929533747625,18.40505479002474,42.333562500000006,41.489999999999995,16,2,0.00020322693895011946,False
3257,,GTT Communications Inc.,broadband,2024-Q1,2024,1,37.32808880582915,69.39081663636564,13.131140833496854,90.39385587317828,111.802625,133.6275,16,2,0.00020322693895011946,False
151627,,KC Broadband Inc.,broadband,2024-Q1,2024,1,41.250277250068585,45.66433383264898,22.943275627397185,27.364275423346434,105.87287499999998,116.46600000000001,16,1,0.00020322693895011946,False
274879,,DYNAMIC NETWORKS SOLUTIONS SAS ZOMAC,broadband,2024-Q1,2024,1,9.850647913385721,11.109722330765596,12.503880600919015,15.924080330264642,85.7055625,104.4545,16,4,0.00020322693895011946,False
63846,,SGS ASIA PACIFIC LIMITED,broadband,2024-Q1,2024,1,512.7182441005872,268.97443728138256,587.7639231508888,238.59604978276516,15.3878125,6.822,16,1,0.00020322693895011946,False
136404,,BICOLANDIA CABLE TV INCORPORATED,broadband,2024-Q1,2024,1,62.18841214487621,91.31496041847477,56.39208054138254,72.43821025637915,57.14800000000001,49.368,15,4,0.000190525255265737,False
137827,,Cygnal Technologies,broadband,2024-Q1,2024,1,31.103304321518966,32.83195589483398,32.15918979131295,31.157584212668933,3.1313333333333335,2.573,15,5,0.000190525255265737,False
10096,,"Easycall Communications Phils., Inc.",broadband,2024-Q1,2024,1,14.67338773561021,5.783709129139771,1.4403686408212055,1.4243959712163996,227.38953333333333,315.973,15,6,0.000190525255265737,False
33680,,TELEPERFORMANCE USA,broadband,2024-Q1,2024,1,56.37606271551024,40.36623355187414,50.5252839430011,36.2453977395423,85.94371428571428,48.153499999999994,14,2,0.00017782357158135453,False
17978,,SERVCORP AUSTRALIAN HOLDINGS LTD,broadband,2024-Q1,2024,1,48.72136104691752,46.9522189370355,46.98744515661737,0.8690867073756693,135.56507142857146,148.249,14,1,0.00017782357158135453,False
140619,,JSLINK INTERNATIONAL CORPORATION,broadband,2024-Q1,2024,1,47.65496460848025,38.183236844192294,48.550897877245596,31.33194357062092,21.186384615384615,31.898,13,10,0.00016512188789697207,False
151633,,Archon Network and Data Solution,broadband,2024-Q1,2024,1,53.6133270937559,14.775961708261088,8.999711209279939,14.078529219382796,86.60153846153845,84.175,13,1,0.00016512188789697207,False
17550,,San Miguel Corporation,broadband,2024-Q1,2024,1,27.603755254877356,23.68936597898921,28.003072457309774,28.411973282625556,27.659250000000004,30.247,12,3,0.0001524202042125896,False
24109,,WNS Global Services,broadband,2024-Q1,2024,1,127.39953413215905,103.74712053368714,100.48694257043263,16.85565545783311,55.696916666666674,54.3985,12,4,0.0001524202042125896,False
151789,,Philippine National Computer Emergency Response Team,broadband,2024-Q1,2024,1,66.14046036777147,260.9189489396271,53.98035764043168,52.59402541464957,9.254916666666668,1.4205,12,2,0.0001524202042125896,False
141210,,Grand Unicom Corp,broadband,2024-Q1,2024,1,15.69037848732689,11.362107921517012,7.445953936961363,6.203385754990728,68.6025,50.6575,12,5,0.0001524202042125896,False
132554,,Ateneo de Manila University,broadband,2024-Q1,2024,1,17.14317766147361,14.932026305969195,3.9024000358100652,6.830049627808932,133.1257272727273,60.953,11,5,0.00013971852052820715,False
400318,,"Versa Networks, Inc.",broadband,2024-Q1,2024,1,16.122986202689745,17.691846572162657,5.093620133107432,0.08778268625698814,17.94109090909091,21.338,11,2,0.00013971852052820715,False
5580,,GTT Communications Netherlands B.V.,broadband,2024-Q1,2024,1,42.80705740788341,76.74787004446823,48.01876289861785,93.87517495214176,186.9794545454546,200.532,11,3,0.00013971852052820715,False
17448,,Web.com.ph Inc.,broadband,2024-Q1,2024,1,5.001638791076377,7.425498531798864,1.9498513898472714,7.6274781159273335,111.14499999999998,112.83099999999999,10,5,0.00012701683684382468,False
149833,,Wrkpod Inc.,broadband,2024-Q1,2024,1,391.5363319339913,289.18747484523556,222.05160139179497,167.61675083349252,19.292700000000004,19.66,10,5,0.00012701683684382468,False
401783,,TOKALA COMMUNICATIONS INC.,broadband,2024-Q1,2024,1,4.380835355934005,4.905498298106271,2.085665804295987,2.8194332200797434,148.7972,177.321,10,4,0.00012701683684382468,False
152173,,Robinsons Bank Corporation,broadband,2024-Q1,2024,1,49.86323169780875,51.43676599404762,24.920273668196778,68.95831659651452,35.8682,43.0,10,2,0.00012701683684382468,False
151360,,SONIC NETWORKS PHL INC.,broadband,2024-Q1,2024,1,22.58641816191767,16.011264596233644,20.992562060586494,12.002456751356323,74.54799999999999,68.27850000000001,10,2,0.00012701683684382468,False
152458,,HAPIBYTES,broadband,2024-Q1,2024,1,24.747449852798837,24.335484866589457,26.203695181432053,25.46975801610932,12.443555555555555,3.946,9,2,0.0001143151531594422,False
23665,,GSNET,broadband,2024-Q1,2024,1,64.6925607773669,42.745303985933546,72.31570721871257,45.27254431324409,16.233777777777775,6.694,9,3,0.0001143151531594422,False
63966,,RIZAL1,broadband,2024-Q1,2024,1,97.47640772604275,9.115667946466619,82.79707656760627,0.12315987426202679,16.296222222222223,6.0,9,2,0.0001143151531594422,False
40051,,"Disney Worldwide Services, Inc.",broadband,2024-Q1,2024,1,33.945778146830165,35.37379634714652,19.864620493349996,20.541780728562138,129.9237777777778,78.926,9,1,0.0001143151531594422,False
132829,,Nevigate Communications (S) Pte Ltd,broadband,2024-Q1,2024,1,189.6038955110446,220.33367059765555,114.71728184135908,102.30803606829468,23.630555555555553,24.161,9,1,0.0001143151531594422,False
142285,,KEITH.NET INCORPORATED,broadband,2024-Q1,2024,1,18.096240724188643,9.425751807335546,25.796428667756707,11.8474078745663,68.24187500000001,65.428,8,2,0.00010161346947505973,False
24179,,"IMI, Manufacturing Semiconductors and Electronics",broadband,2024-Q1,2024,1,44.42283878067786,35.23505005554607,18.496364898236635,23.958396536684678,4.724499999999999,4.746499999999999,8,2,0.00010161346947505973,False
135122,,MILLAWAVE,broadband,2024-Q1,2024,1,14.928539979482098,16.53870359297683,10.064029067681412,5.8246179457285105,119.95814285714286,78.597,7,2,8.891178579067727e-05,False
14499,,ALORICA INC,broadband,2024-Q1,2024,1,153.8295131567892,142.0087215269831,93.8949318876164,103.55393192755271,135.08333333333334,182.07299999999998,6,2,7.62101021062948e-05,False
59348,,Skycable Corporation,broadband,2024-Q1,2024,1,69.54267969693012,66.25912798981055,25.444648959360638,83.74890446975162,88.51666666666667,60.4405,6,2,7.62101021062948e-05,False
150749,,AF Tech I.T. Solutions,broadband,2024-Q1,2024,1,59.13254973431818,33.517071800563365,47.328345945132995,19.854964412877223,33.6552,21.239,5,2,6.350841842191234e-05,False
147044,,TECH MAHINDRA,broadband,2024-Q1,2024,1,96.7802294637656,4.457054523184543,96.15107304411565,5.614825749562928,39.49059999999999,41.611,5,1,6.350841842191234e-05,False
59342,,ABSATELLITE BBS-PH,broadband,2024-Q1,2024,1,21.161718974080593,8.419552016766229,23.346376107992338,8.419552016766229,51.75260000000001,8.946,5,2,6.350841842191234e-05,False
1449,,"PayPal, Inc.",broadband,2024-Q1,2024,1,91.98386486322923,103.44957068900307,105.24488809521269,120.43712033235104,141.534,140.9845,4,1,5.0806734737529865e-05,False
32110,,"Asurion Insurance Services, Inc.",broadband,2024-Q1,2024,1,90.36505832309824,11.06298287630544,74.76630440197209,11.06298287630544,103.69825,103.9715,4,1,5.0806734737529865e-05,False
138540,,"The Insular Life Assurance Company, Ltd.",broadband,2024-Q1,2024,1,167.64116459305362,90.91142954863346,167.1785158684952,99.18469432183043,16.12225,16.145,4,2,5.0806734737529865e-05,False
17561,,LARUS Limited,broadband,2024-Q1,2024,1,12.969086555098375,0.52921478456775,4.300893494079263,0.3613409681339897,25.256749999999997,30.639,4,2,5.0806734737529865e-05,False
151354,,MCBROAD IT SOLUTIONS,broadband,2024-Q1,2024,1,135.2748282899423,58.371130279731325,70.77051957394454,58.695528175164824,17.724,16.7635,4,2,5.0806734737529865e-05,False
139855,,"BIT(Brother Internet Technology),INC.",broadband,2024-Q1,2024,1,6.71129507722357,6.128291552142443,6.6885062759411635,6.128291552142443,54.07575,69.423,4,3,5.0806734737529865e-05,False
139626,,"2GO Group, Inc.",broadband,2024-Q1,2024,1,67.21493725356362,70.82189075031806,65.11074184870431,71.96452676044461,3.8047500000000003,3.9135,4,1,5.0806734737529865e-05,False
45343,,AYALA LAND,broadband,2024-Q1,2024,1,16.163667023482965,82.43968652946214,13.146080083344538,88.3062448456781,4.24275,4.2795,4,1,5.0806734737529865e-05,False
152326,,RTI-PLDT Network Infra,broadband,2024-Q1,2024,1,28.504369312005597,7.8607149931421985,12.839996243621982,7.8607149931421985,7.336333333333335,2.989,3,3,3.81050510531474e-05,False
132193,,Social Security System,broadband,2024-Q1,2024,1,304.15228836527166,14.971449780273588,343.14802491841994,14.971449780273588,30.607333333333333,31.015,3,2,3.81050510531474e-05,False
24298,,"Apollo Global Net AS, Application Service Provider, Manila",broadband,2024-Q1,2024,1,367.0872048488232,5.205911703846585,358.6291304787059,4.853946004475594,28.03933333333333,27.988,3,1,3.81050510531474e-05,False
136773,,BDO Unibank Inc,broadband,2024-Q1,2024,1,53.18265281875424,2.7208453751554518,50.09533762297897,2.8336663709749716,32.608666666666664,31.623,3,2,3.81050510531474e-05,False
19197,,"Stefanini, Inc.",broadband,2024-Q1,2024,1,147.87433507099806,201.89952060671152,149.5277778874779,201.89952060671152,15.898333333333333,6.325,3,2,3.81050510531474e-05,False
133436,,"KONTAK ONE MANAGEMENT EXCHANGE, INC.",broadband,2024-Q1,2024,1,8.520017605858369,0.6894103592038968,8.44048783213657,0.6894103592038968,58.43133333333333,55.053,3,2,3.81050510531474e-05,False
141013,,Responsible Internet Sustainability Effort,broadband,2024-Q1,2024,1,650.4226990339781,,681.9939711555588,,24.0,15.0,3,2,3.81050510531474e-05,False
139040,,"CANON BUSINESS PROCESS SERVICES PHILIPPINES,",broadband,2024-Q1,2024,1,46.21994213840764,43.35895206949834,46.21994213840764,43.35895206949834,61.69,61.69,2,1,2.5403367368764933e-05,False
138218,,ABOITIZ EQUITY VENTURES INC.,broadband,2024-Q1,2024,1,13.123413808309046,,13.123413808309046,,53.709500000000006,53.709500000000006,2,1,2.5403367368764933e-05,False
17445,,Universal Robina Corporation,broadband,2024-Q1,2024,1,37.117249800825384,9.031979845285337,37.117249800825384,9.031979845285337,3.7405,3.7405,2,1,2.5403367368764933e-05,False
38325,,WTP,broadband,2024-Q1,2024,1,53.362862477160704,18.285249401739005,53.362862477160704,18.285249401739005,74.4575,74.4575,2,1,2.5403367368764933e-05,False
135592,,Solaire Resort & Casino,broadband,2024-Q1,2024,1,31.937364453456368,35.40187840559712,31.937364453456368,35.40187840559712,17.086,17.086,2,2,2.5403367368764933e-05,False
134716,,Savant Technologies Inc.,broadband,2024-Q1,2024,1,18.556204787078855,18.850347754622238,18.556204787078855,18.850347754622238,107.5455,107.5455,2,2,2.5403367368764933e-05,False
133012,,Cocoa Oriental Network Limited,broadband,2024-Q1,2024,1,12.033555726444655,12.391240694900738,12.033555726444655,12.391240694900738,120.241,120.241,1,1,1.2701683684382466e-05,False
136260,,IPOINTEAST INC.,broadband,2024-Q1,2024,1,36.005360330251825,25.96750449570909,36.005360330251825,25.96750449570909,367.67,367.67,1,1,1.2701683684382466e-05,False
214311,,RDPCORE DC LTD,broadband,2024-Q1,2024,1,346.3166752742899,381.01765258569003,346.3166752742899,381.01765258569003,17.208,17.208,1,1,1.2701683684382466e-05,False
9334,,iManila,broadband,2024-Q1,2024,1,27.988850073788054,0.08198482028497739,27.988850073788054,0.08198482028497739,62.04,62.04,1,1,1.2701683684382466e-05,False
45250,,Vocom International Telecommunications AP Area,broadband,2024-Q1,2024,1,3.9675442175150444,1.1464396489144064,3.9675442175150444,1.1464396489144064,20.956,20.956,1,1,1.2701683684382466e-05,False
2687,,"AT&T Enterprises, LLC",broadband,2024-Q1,2024,1,4.658766115194789,10.595105982643423,4.658766115194789,10.595105982643423,59.166,59.166,1,1,1.2701683684382466e-05,False
62240,,Clouvider,broadband,2024-Q1,2024,1,40.16632556930774,,40.16632556930774,,0.694,0.694,1,1,1.2701683684382466e-05,False
18018,,Gamebuilders Inc.,broadband,2024-Q1,2024,1,83.02957003091272,5.932471128304856,83.02957003091272,5.932471128304856,34.272,34.272,1,1,1.2701683684382466e-05,False
9299,PLDT,Philippine Long Distance Telephone Company,broadband,2024-Q2,2024,2,70.18191129333297,48.66835945006193,32.268226159225506,22.170153089614036,86.68260173768986,64.144,3964949,1133198,46.2913010696522,True
17639,Converge,Converge ICT Solutions Inc.,broadband,2024-Q2,2024,2,98.05605074387505,69.96521176624081,47.3002007859787,32.326485691210436,29.144942703572678,30.746,1773072,32826,20.700848805412218,True
132199,Globe,Globe Telecom Inc.,broadband,2024-Q2,2024,2,90.73036635231638,65.24356567985774,48.61272935317682,35.034782866084484,23.72253010992373,12.041,890423,99671,10.395805638948426,True
23944,Sky Cable,SKYBroadband SKYCable Corporation,broadband,2024-Q2,2024,2,54.54652158109824,6.212436698819488,34.52116724780099,3.396069494184154,41.38798425334082,33.394,246796,60323,2.881375760138626,True
14593,Starlink,Space Exploration Technologies Corporation,broadband,2024-Q2,2024,2,29.879521273330486,4.7485844273581606,11.418769548319002,3.698522769015172,51.770438166165334,30.093,226479,37279,2.644172112920938,True
139831,DITO,DITO TELECOMMUNITY CORP.,broadband,2024-Q2,2024,2,30.645996154566248,7.943934077280258,7.33460765619372,2.147158229338474,63.639446565946194,57.836,158446,87991,1.8498778897993675,True
4775,Globe,Globe Telecoms,broadband,2024-Q2,2024,2,39.70285055624296,29.584385713163545,14.09271390301151,6.264020836749708,61.3404646711464,38.269,122906,28744,1.4349437153584255,True
134707,RoyalCable,RoyalCable Flash,broadband,2024-Q2,2024,2,71.51744252444246,52.401177245177536,39.843349853536395,33.84041232203432,19.444594359944453,5.229,91590,2710,1.0693252964841276,True
56207,Converge,ComClark Network & Technology Corp,broadband,2024-Q2,2024,2,29.05749661832805,21.456176867478955,27.973731453913857,21.818211124221968,29.263089205763933,31.0,79792,1107,0.9315820947380883,True
135607,Infinivan,Infinivan Incorporated,broadband,2024-Q2,2024,2,36.71234983050871,25.500722920768364,20.17668814492535,10.4996798999289,60.827153403081525,60.6545,70012,994,0.8173993084119089,True
134788,Parasat,"Parasat Cable TV, Inc",broadband,2024-Q2,2024,2,51.50882077038973,20.526432654979065,22.692932619559393,6.050088559270216,52.60878665010391,41.857,51578,447,0.6021799338580449,True
136515,Dasca,"Dasca Cable Services, Inc.",broadband,2024-Q2,2024,2,98.3928895094692,76.00047290166061,58.913241186012684,44.18437531596622,9.578609742052066,4.552,50377,1089,0.5881581008950856,True
9658,Eastern Communications,"Eastern Telecoms Phils., Inc.",broadband,2024-Q2,2024,2,55.09310938361218,39.87063694409581,27.264313655253407,16.68816958367493,32.52775219859292,19.5835,50053,4942,0.5843753582805987,True
55821,,"RADIUS TELECOMS, INC.",broadband,2024-Q2,2024,2,74.15170050896052,50.50622737385304,48.54422872241267,27.27244520142465,25.84441498674299,17.381999999999998,47529,14723,0.5549073263084845,True
141686,,LizardBear Tasking Inc.,broadband,2024-Q2,2024,2,79.03312553973593,58.30373790814107,49.28913050680008,29.748439569004184,21.368915292714803,28.9,43610,7,0.5091524858573294,True
133623,,Planet Cable Inc.,broadband,2024-Q2,2024,2,43.57237508570634,22.411226686317782,23.83777636918232,13.317906432396493,84.84002752619848,68.428,42200,187,0.4926905504053956,True
45754,,Clear Path Networks Inc,broadband,2024-Q2,2024,2,103.20160899537724,47.17005875564136,63.786156316319484,24.167225609187405,40.94081758128776,39.343,38913,4396,0.45431439307879523,True
133334,,DCTV Cable Network Broadband Services Inc,broadband,2024-Q2,2024,2,51.41790621929695,37.07315561658442,27.290917706679764,10.367282288339094,70.81998572566722,57.573,30156,355,0.35207526630391256,True
56099,,Asian Vision Cable,broadband,2024-Q2,2024,2,44.63053495332005,34.60038956486279,32.56835779753338,21.22769337885189,45.31308786127167,36.361999999999995,24230,2928,0.2828884368796857,True
(unknown),,,broadband,2024-Q2,2024,2,72.57305105155919,44.66296330701135,37.01600593346412,12.883841675534399,69.11581756048473,60.984,23861,3494,0.27858031334652,True
56262,,Dagupan Urban Satellite Vision Inc.,broadband,2024-Q2,2024,2,58.870326151834206,19.321534169862215,44.353292106780735,10.120649622427553,34.93479304088943,28.448,21503,446,0.25105035320775404,True
137239,,Fil Products Service Television Incorporated,broadband,2024-Q2,2024,2,32.03547600064874,29.787752628419383,20.221564371029142,16.228556768677205,68.00543502180808,50.5945,20197,295,0.2358026314345444,True
137226,,"ANGELES CITY CABLE TELEVISION NETWORK, INC.",broadband,2024-Q2,2024,2,7.63471388630274,1.861668028682592,6.957220641086003,1.0361911635281067,46.627047452896015,34.929,20068,2978,0.23429653946766538,True
134497,,Cine Cebu,broadband,2024-Q2,2024,2,24.659104298532412,19.940335599798253,18.371273259725413,13.251826333562997,61.38890387396692,48.298,19374,81,0.2261939981884866,True
132400,,COMMUNITY CABLE VISION CORPORATION,broadband,2024-Q2,2024,2,43.737756439839195,24.312295104293277,25.393917460876217,5.85613673903622,27.42902435644621,24.31,18775,338,0.21920059440429626,True
17970,,SKYBroadband SKYCable Corporation,broadband,2024-Q2,2024,2,47.28772918833138,4.332470060213998,29.22363856777694,2.749677091985007,28.656476298824433,8.45,18469,1504,0.21562800415728084,True
138965,,Streamtech Systems Technologies Inc.,broadband,2024-Q2,2024,2,44.36571649534098,26.923241064465028,24.56217864772582,18.261674686829302,68.97660786464945,57.545500000000004,17324,158,0.20225997855978847,True
9927,,Philippine Global Communications Corporation,broadband,2024-Q2,2024,2,59.735684808462004,40.06144752754194,29.38743720756738,14.103727664379855,44.25520031635559,24.653,15810,761,0.18458382942913043,True
132021,,Kalibo Cable Television Network Inc,broadband,2024-Q2,2024,2,20.555477117044045,15.214024217683944,11.297310812557525,8.361654761654762,67.70968267700188,56.717,14463,122,0.16885742726334685,True
174,Cogent,"Cogent Communications, LLC",broadband,2024-Q2,2024,2,45.50024407608215,29.78339285732342,28.158005935952513,13.28285901276126,59.05091054267952,61.0,14161,282,0.16533153754243618,True
137074,,Responsible Internet Sustainability Effort,broadband,2024-Q2,2024,2,134.4056223694997,118.78173062434848,43.44613712002234,22.703732187539806,15.947734037240496,11.109,14026,724,0.16375539478639997,True
136929,,"Meridian Cable TV, INC",broadband,2024-Q2,2024,2,118.24779295921371,90.36941601032062,90.94030844259912,57.5268265810246,7.479392148403793,4.344,13913,261,0.16243610492394003,True
142629,,GigaFiber Corp.,broadband,2024-Q2,2024,2,23.865196286436476,17.216857001926407,9.324277973838779,4.021401381500075,79.63025047272727,82.0485,13765,133,0.16070818545806329,True
45499,,Cablelink & Holdings Corp. Transit AS Internet Service Provider Philippines,broadband,2024-Q2,2024,2,51.801053269056,29.15604175122381,32.567585369478245,9.007431703387857,19.041618832015956,6.503,13037,1744,0.1522086897069939,True
139238,,Infinity Broadband INC.,broadband,2024-Q2,2024,2,92.98190274959823,66.62034290175973,77.67633241466206,42.438304035441455,48.467292888710354,10.936,12446,127,0.14530868697501312,True
135345,,NewMountainView Satellite Corporation,broadband,2024-Q2,2024,2,66.20793352585547,42.230921672915386,33.46405990717348,16.228086697353525,26.32286096763085,10.238,11629,442,0.13577010451811244,True
15347,,IBEX Global Solutions,broadband,2024-Q2,2024,2,15.230618527550964,9.769835489578005,4.2588131476401,2.8514072350954764,85.48996094303345,67.905,9889,4,0.11545537566253453,True
151408,,Fil Products Service Television of Calbayog Inc.,broadband,2024-Q2,2024,2,27.710458496825478,23.071357887765274,18.08945954071755,12.190581795718668,75.2296901568538,64.5515,8804,21,0.10278785795661381,True
139798,,LizardBear Tasking Inc,broadband,2024-Q2,2024,2,68.92839818369009,85.60300706000811,18.74287756990291,30.23433586753766,44.1795105213935,42.177499999999995,8560,4,0.09993912586422242,True
149645,,"Spectrum Cable network and broadband, Inc.",broadband,2024-Q2,2024,2,90.52996850251331,71.4810062050314,68.02832695209841,48.20926553048365,33.059463467566914,23.7545,8296,122,0.09685689114130715,True
9821,,Department of Science and Technology,broadband,2024-Q2,2024,2,129.2484358986927,95.11552968060803,51.69184344893931,23.188160097790835,12.787709234763257,2.822,8093,226,0.09448683944148972,True
135025,,"Nexlogic Telecommunications Network, Inc.",broadband,2024-Q2,2024,2,22.8317185123718,15.515119249025053,7.040186235942031,6.918321040669436,33.23292844742063,19.871000000000002,8066,256,0.09417161089028249,True
18233,,"Philippine Telegraph and Telephone Corporation,",broadband,2024-Q2,2024,2,41.33198891208125,25.107332625685782,18.925457207524474,11.011017849034598,40.01096331611708,16.0,7554,571,0.08819394354887106,True
151066,,Imperial network inc,broadband,2024-Q2,2024,2,82.78661170220431,43.03356441647882,47.60756376124895,25.54707825728887,46.15153175994607,74.786,7415,23,0.08657110026673005,True
138958,,Tandag Electric & Telephone Company Inc.,broadband,2024-Q2,2024,2,27.110041883302753,22.2811509470168,13.147080082266777,8.707722410947024,94.19229733983943,99.229,6370,185,0.07437058782185711,True
135582,,Galaxy Cable Corp.,broadband,2024-Q2,2024,2,42.35185967404402,26.259069027472517,29.963807468739752,19.125913218563092,15.315901922450307,6.995,6143,199,0.07172033296541103,True
139752,,"Multinetwork Cable Television, Inc",broadband,2024-Q2,2024,2,75.41035436346243,41.6978755192068,42.0175272585985,20.417818705378966,22.998357552894863,9.294,6099,268,0.07120662717825847,True
140243,,"CMD Cable Vision, Inc",broadband,2024-Q2,2024,2,45.36186096350867,32.69550907266229,33.94665067007398,24.627544810065878,40.87642827334376,35.676,5755,70,0.06719038193324767,True
142009,,Misamis Cable Management and Development Corp,broadband,2024-Q2,2024,2,34.272586892455934,50.759735142203006,11.99038916748046,28.367322954640642,59.53686899168776,56.557,5535,184,0.06462185299748495,True
142424,,"Unique Cable Network, Inc.",broadband,2024-Q2,2024,2,28.920007225834752,19.895161811916626,17.087547807607727,4.604526617227472,66.07820616113746,56.098,5066,9,0.05914621631169986,True
139034,,Sattelite Plus Incorporated,broadband,2024-Q2,2024,2,16.77390378614347,5.275899258342372,12.997120364449794,3.8386767840227245,45.13252294493217,35.3465,5014,746,0.05853910947233776,True
136244,,Panay Broadband / Buenavista Cable TV Inc.,broadband,2024-Q2,2024,2,23.596638596962876,17.786724424991373,14.991115318088696,9.132986265138529,39.1137696767001,18.47,4495,44,0.052479716210242965,True
137404,,KCAT,broadband,2024-Q2,2024,2,29.96979290451613,17.679816819143518,18.233766431164803,9.152883167828957,37.52279282777524,16.8315,4385,45,0.051195451742361606,True
137996,,"HGC Global Communications (Philippines), Inc.",broadband,2024-Q2,2024,2,92.05682415584319,80.69188539365105,16.492074240692943,10.530487529047768,41.905123785284594,31.265,4328,49,0.05052996924536853,True
142271,,EWS DS Networks Inc,broadband,2024-Q2,2024,2,42.924868156002894,32.57374902580352,30.106819429563217,25.120929375814125,16.161632311977712,11.0,4308,18,0.05029646661484465,True
138543,,Cablevision Systems Corporation,broadband,2024-Q2,2024,2,39.40610760157567,27.80054238383973,30.773931183328788,18.824217058132014,18.81056126021004,8.008,4288,110,0.050062963984320766,True
131465,,"Marbel Telephone System, Inc.",broadband,2024-Q2,2024,2,80.42113872836507,63.727897850659495,34.824258604894645,28.423744100894456,39.2451458996328,26.854,4087,4,0.04771626254755573,True
135594,,Kabayan Cable Tv Systems Inc.,broadband,2024-Q2,2024,2,34.05408208623335,24.311637306601487,28.360641663194112,17.67113587523362,39.24855914512923,32.63,4029,20,0.04703910491903646,True
138987,,CHARLES CATV SYSTEMS INC,broadband,2024-Q2,2024,2,57.411988752367805,43.3581031591529,17.599768039313926,6.837850553877301,46.091537812911724,37.872,3795,13,0.04430712414190702,True
139846,,StarCable,broadband,2024-Q2,2024,2,60.717478539314264,47.94771702914184,34.588183007367256,29.953004528111205,63.51309101060858,49.998999999999995,3584,102,0.041843671389880044,True
150447,,Woofy Incorporated,broadband,2024-Q2,2024,2,58.902823166349094,44.88975569598304,45.42568807775832,31.177589548993417,32.437830787309046,30.445500000000003,3404,87,0.039742147715165085,True
150704,,DEARBC Connect,broadband,2024-Q2,2024,2,30.202464766106008,29.816315796951983,9.056341767257003,15.383966708383792,109.21229307805595,104.126,3395,148,0.039637071531429334,True
133064,,SLMC INFRASTRUCTURE,broadband,2024-Q2,2024,2,49.54828571278689,54.39574917480003,34.72171736091556,28.117862264232677,25.48495118937287,8.113,3238,20,0.03780407588181685,True
138025,,RBC Cable Master System,broadband,2024-Q2,2024,2,42.504131220214866,34.58093914150688,31.964996234525227,29.398826348676266,38.04500278293135,38.917500000000004,3235,27,0.03776905048723826,True
135423,,Total Information Management Corporation,broadband,2024-Q2,2024,2,39.195275295121824,32.72359010415188,25.03400566309707,16.368064715047986,10.601272170267652,4.364,3102,61,0.03621625799425444,True
23862,,University of the Philippines Diliman,broadband,2024-Q2,2024,2,97.36675203710055,76.10417804274194,46.68590708013293,16.303486526307495,24.592158090724432,29.1485,2957,83,0.034523363922956275,True
152107,,Fiberbro Internet Communication Services Corp.,broadband,2024-Q2,2024,2,29.347018248156594,16.603320564614805,21.045583820228963,3.9001817060990103,21.072859045504995,4.993,2703,9,0.03155788051530294,True
141152,,BATAAN SPACE CABLE NETWORK INC,broadband,2024-Q2,2024,2,76.3899990692324,33.7898412033013,47.24766059689605,16.995061913575988,87.76899361142429,38.923,2661,96,0.03106752499120279,True
141994,,Ocean Wave Communications Philippine Corp.,broadband,2024-Q2,2024,2,41.41026107550371,38.64015891018823,28.249303886370058,24.70320747809437,35.564027756654,23.154,2630,114,0.030705595913890767,True
15084,,Concentrix CVG Corporation,broadband,2024-Q2,2024,2,42.09074290072159,53.524381044300874,13.694952447263976,18.469033691829676,50.23110207214122,53.2435,2606,121,0.030425392757262106,True
151354,,MCBROAD IT SOLUTIONS,broadband,2024-Q2,2024,2,35.69231360319597,20.451439106932092,25.598895458555845,5.79586415416822,57.10880534801416,64.406,2544,49,0.029701534602638066,True
150431,,ADS Cable TV Network,broadband,2024-Q2,2024,2,34.62290573695096,24.834211355012027,27.065761735234958,17.674098271016742,27.16780403002765,25.369,2531,9,0.02954975789279754,True
149170,,TOLEDO CABLE TV,broadband,2024-Q2,2024,2,25.605893807374358,27.0405585820269,21.682093016520547,19.539606322275574,87.9548416161616,77.399,2475,21,0.028895950527330665,True
45209,,"University of the Philippines, Los Banos Campus",broadband,2024-Q2,2024,2,43.56853182231635,28.425465125967598,13.632940461336524,8.2014105811172,28.74695705521473,31.724,2463,20,0.028755848949016335,True
18187,,Ignite Telecommunications Inc,broadband,2024-Q2,2024,2,46.473568825680005,33.604213366904084,27.711852403973168,14.86376850776762,44.86252218996267,55.914,2411,135,0.028148742109654238,True
138929,,Cebu Cable TV Management Corporation,broadband,2024-Q2,2024,2,59.93856498211123,43.3880410362537,34.878320692211794,29.351466298679547,51.174110370678875,43.793,2401,223,0.028031990794392295,True
135549,,"NEW WORLD CATV, INC.",broadband,2024-Q2,2024,2,47.08527556835447,33.18327717806767,33.098190020948294,20.905261692639197,32.597071792693285,4.8335,2356,13,0.027506609875713555,True
149848,,CELEBRITY CABLE NETWORK INC,broadband,2024-Q2,2024,2,25.342839607308257,20.50880209302176,16.938437689286992,14.725742626138343,27.77562863340564,27.121,2308,65,0.026946203562456233,True
137818,,Panay Telephone Corporation,broadband,2024-Q2,2024,2,20.347937922953484,15.84608606239932,9.916355296689197,5.6272660327781505,69.93379863945576,68.411,2206,22,0.025755340146784423,True
141676,,St. Joseph Cable TV System,broadband,2024-Q2,2024,2,33.01537801635002,10.717667966701713,16.516561268401937,6.468372802895378,107.89824735145093,78.512,2174,274,0.02538173593794621,True
139900,,RELIANCE CATV AND ENTERTAINMENT SERVICES,broadband,2024-Q2,2024,2,30.765584108662544,26.359346605696505,19.089888961090743,17.068959270157855,43.047298872180455,37.8715,2131,94,0.024879705282319857,True
134802,,Naic Cable TV Corp.,broadband,2024-Q2,2024,2,47.09728092439272,21.680073671541578,38.745440881259384,4.032902268815158,26.76986625708885,6.132,2116,10,0.024704578309426944,True
132054,,Rising Star Cable TV Services,broadband,2024-Q2,2024,2,30.742284344823286,19.680222725695163,20.656368993136876,9.40840748713643,55.17507132459971,37.0,2061,24,0.024062446075486264,True
142555,,"Z-ENERGY CATV NETWORK, INC.",broadband,2024-Q2,2024,2,12.28790529151274,10.614085195025464,11.885362826114841,5.099130996485831,113.69726872708223,110.0,1909,208,0.022287826083504745,True
147174,,POLARIS CABLE VISION INC.,broadband,2024-Q2,2024,2,31.29003888724163,19.638528544337742,18.672737601876676,9.599638881697256,40.84906286318013,35.873,1894,68,0.022112699110611832,True
150450,,"Kinahugan Bojol Communications, Inc.",broadband,2024-Q2,2024,2,32.34303121863859,28.361018279713264,26.170865677290095,24.898813054035696,54.35293276866066,40.696,1889,84,0.02205432345298086,True
142414,,MALASIMBU CATV CORP,broadband,2024-Q2,2024,2,45.21887720743226,31.491276084206152,22.258608342113803,14.834265082354637,64.91240317100792,58.9585,1768,104,0.02064163253831136,True
55402,,PNB Financial Center,broadband,2024-Q2,2024,2,17.013880414174775,11.994763705670254,15.761362380505481,16.003167979091337,48.48762256586483,55.0,1746,4,0.020384779644735087,True
134431,,News and Entertainment Network Corp,broadband,2024-Q2,2024,2,25.351024437051684,18.028155428202737,16.372798017424316,5.90439872417511,90.68403391812866,86.56700000000001,1710,137,0.019964474909792095,True
151653,,General Telephone System Inc.,broadband,2024-Q2,2024,2,49.78294439272638,38.67507429046315,24.962937164020204,25.78067187319846,90.76918707271598,86.763,1610,42,0.018796961757172676,True
147042,,Panabo Satellite Cable Television Inc.,broadband,2024-Q2,2024,2,19.448035454748297,16.90088804991913,7.265313950726847,4.192291902431394,116.63071106941838,105.444,1603,30,0.018715235836489316,True
132464,,Barbaza Multi-Purpose Cooperative,broadband,2024-Q2,2024,2,12.987446033876541,11.465049158675074,8.298843033079796,6.456210118154062,49.322406407035174,42.96,1592,12,0.01858680938970118,True
139464,,KMC Mag Solutions,broadband,2024-Q2,2024,2,198.52331268777894,147.8570408359343,144.65087662368506,94.89898087851019,8.983688172043012,4.258,1581,67,0.01845838294291304,True
141709,,Clare Cable TeleVision,broadband,2024-Q2,2024,2,53.970584190813334,29.057011742392614,38.646910288411725,10.918074059393625,33.14923071895424,26.7735,1535,4,0.01792132689270811,True
10879,,Unitedhealthcare,broadband,2024-Q2,2024,2,51.880951599480994,46.94996887742122,43.38419510449003,43.487224425999834,47.91387475409835,45.829,1525,1,0.017804575577446167,True
151650,,Switch Fiber,broadband,2024-Q2,2024,2,44.45398549130974,38.37021025627081,33.85920126356994,32.05568385566184,17.101992681304058,18.293,1503,4,0.017547722683869896,True
132505,,Concentrix Daksh Services Philippines Corporation,broadband,2024-Q2,2024,2,67.03938886705848,44.74960974092076,41.8059386456936,8.763387153453815,45.9696205943331,38.871,1447,5,0.016893915318403018,True
131306,,CITI Cableworld Inc.,broadband,2024-Q2,2024,2,41.30668397042776,34.78931799465037,29.717790231278617,23.830499495269937,51.56142548746518,43.0,1436,35,0.016765488871614883,True
150000,,Data-Beam Business Solution,broadband,2024-Q2,2024,2,13.821881721820974,8.316309757575723,6.087973961747471,3.03320716335123,102.63479942693411,100.985,1398,13,0.016321833873619504,True
137184,,Suniway Group of Companies Inc.,broadband,2024-Q2,2024,2,54.94827742581843,53.83555583473723,26.21967052818667,28.914818233839434,45.09179253731343,64.09,1344,162,0.015691376771205016,True
140927,,SKY MOVIE PHILIPPINES CATV,broadband,2024-Q2,2024,2,34.68851172235821,17.120227659919408,16.503079738337163,11.10682308144581,52.35822937168813,31.891,1321,130,0.015422848746102549,True
59322,,Black Fiber Solutions Corporation,broadband,2024-Q2,2024,2,58.20465320763732,25.617114836974544,45.32052633078638,6.149343510072463,26.17276488549618,24.9065,1312,74,0.015317772562366801,True
135283,,Makilala Cable TV,broadband,2024-Q2,2024,2,13.455482752945889,12.62256503186137,13.517160071084911,10.135987140289343,95.58180476556495,94.014,1301,9,0.015189346115578666,True
134966,,Southern CableVision Inc.,broadband,2024-Q2,2024,2,23.965275751557716,15.411857351209816,23.10697730608059,7.569818387458875,95.20246335697401,95.0,1270,17,0.014827417038266644,True
136803,,TELMARC CORPORATION,broadband,2024-Q2,2024,2,14.659254129750074,12.192969246114886,9.249555125301391,9.298282134201697,9.649891785150079,3.6715,1266,32,0.014780716512161868,True
139213,,"Hillview Cable Systems, inc.",broadband,2024-Q2,2024,2,31.730202358056424,23.599056744408518,24.772599667602172,13.411935190725625,68.72051168614357,62.1345,1201,64,0.014021832962959245,True
151405,,WISE CABLE TV,broadband,2024-Q2,2024,2,16.784602518658556,18.267456514493176,9.756302488480323,9.208109690997347,106.5092645324347,105.0,1187,14,0.013858381121592525,True
134241,,M7 Telecommunications Corporation,broadband,2024-Q2,2024,2,15.139868962469707,13.684460575293922,9.598932345812482,7.557940674223009,96.75781164383561,91.618,1168,76,0.013636553622594836,True
132792,,"University of the Philippines Visayas, Miagao",broadband,2024-Q2,2024,2,39.69107225758605,24.165852055779197,12.167046200462444,5.431182189483975,60.38293530997304,47.895,1115,5,0.013017771651706542,True
18360,,Santo Tomas E-Service Providers,broadband,2024-Q2,2024,2,87.70787695249544,87.59117387127768,51.992785196814175,32.23350836343583,22.911067647058832,28.71,1021,63,0.011920309288244287,True
138961,,Paradise Cable Television Network,broadband,2024-Q2,2024,2,20.27695324498993,17.335022445169322,10.117077031162937,8.230567842087275,50.61125251509054,46.6545,995,37,0.011616755868563238,True
11404,,Wave Broadband,broadband,2024-Q2,2024,2,47.129358902802814,34.55234368730215,17.710882742176548,11.704850677281474,57.73563525835867,61.506,989,40,0.011546705079406073,True
142581,,Mambulao Cable Television,broadband,2024-Q2,2024,2,22.52312425470403,16.480397423500914,14.314188609749777,9.331163926875215,64.56916931216932,57.363,946,12,0.01104467442377972,True
63927,,RISE,broadband,2024-Q2,2024,2,56.36867098478956,50.115825708885424,34.31920459566058,17.47581681164973,35.405932764140864,23.009,939,53,0.010962948503096362,True
45600,,"University of the Philippines, Manila",broadband,2024-Q2,2024,2,95.05833899560487,63.49546275792124,67.50211407890546,22.426170042688923,22.265756550218338,6.056,917,323,0.01070609560952009,True
18188,,Ateneo de Manila University,broadband,2024-Q2,2024,2,90.92195883619358,77.23647588544354,72.31628740932415,28.277511980784414,31.872591470258136,30.616,891,16,0.01040254218983904,True
151049,,ATSS NETWORK AND DATA SOLUTION,broadband,2024-Q2,2024,2,53.989485165144046,29.61314523957747,54.55112912532397,18.07857576783328,23.822417241379306,22.008,870,2,0.01015736442778896,True
137406,,Airlive Communications Inc.,broadband,2024-Q2,2024,2,49.166170178996026,33.410063291444665,37.071210001474164,21.766489326686155,22.887599756690996,6.8065,822,70,0.009596958114531639,True
135366,,Zafra Cable TV Network Inc.,broadband,2024-Q2,2024,2,39.998887265754156,26.57979056563637,29.112679778822987,19.50797585962487,58.47443196004993,51.9,801,7,0.00935178035248156,True
140549,,SHIFT DATA SERVICES INC,broadband,2024-Q2,2024,2,36.0864483775667,35.53938554291181,12.031453321645593,13.101772834580826,55.226411167512694,51.1375,789,165,0.009211678774167231,True
17895,,"Globalreach eBusiness Networks, Inc.",broadband,2024-Q2,2024,2,38.892026929445464,45.938369791223124,16.311187747150523,14.182272536291864,43.5689227748691,32.959,767,67,0.008954825880590957,True
131276,,Mega Speed ICT Solutions Inc.,broadband,2024-Q2,2024,2,74.34405039240832,51.83867192348195,43.912042282710374,25.615245163691444,41.97033151432469,26.895,733,28,0.008557871408700355,True
135409,,Kacific Broadband Satellites Pte Ltd,broadband,2024-Q2,2024,2,6.373687586710907,1.4289081453952925,6.477181071161469,1.080653283718266,54.52621007194244,52.172,695,81,0.008114216410704974,True
141016,,SM Investments Corporation,broadband,2024-Q2,2024,2,95.0639797259739,59.52775781734577,46.51504188280693,27.5801029491033,16.42261153262519,3.0,659,11,0.007693911675761983,True
22351,,INTELSAT GLOBAL SERVICE CORPORATION,broadband,2024-Q2,2024,2,1.5615409306802999,0.5893211520973315,0.955733286831275,0.311510210024242,122.87114683153014,110.581,647,10,0.007553810097447653,True
138970,,Wesfardell Cable Services,broadband,2024-Q2,2024,2,19.61773679176121,15.035451840292966,15.247329250954314,9.727107604506115,39.569841600000004,18.148,625,3,0.0072969572038713805,True
18214,,TELUS INTERNATIONAL,broadband,2024-Q2,2024,2,54.33751986293118,37.91919417966054,21.57564281599048,1.5589547474271161,119.89272875816997,77.97399999999999,612,4,0.007145180494030855,True
149825,,RFi Fiber,broadband,2024-Q2,2024,2,25.921977399757992,22.03302493891401,23.046142659938358,19.662168783611627,16.648773026315787,4.8685,608,16,0.007098479967926078,True
38609,,"American Data Exchange Corporation Ltd.,",broadband,2024-Q2,2024,2,52.33593315484273,25.260124231275935,17.74006937839552,4.228079955390559,114.38259422750424,53.337,589,12,0.006876652468928389,True
4637,,Telstra Global,broadband,2024-Q2,2024,2,50.883797395281135,41.60021958105188,15.476312624809625,14.486076629363213,80.36507407407407,30.646,569,18,0.006643149838404505,True
6648,,"Bayan Telecommunications, Inc.",broadband,2024-Q2,2024,2,38.47492640281403,25.447079816596716,18.324384110388397,4.476055735545434,67.59189483065954,43.549,561,29,0.0065497487861949505,True
58757,,Ace Wireless Network Phils. Inc.,broadband,2024-Q2,2024,2,20.784318969640285,25.830945931422956,10.03470415158791,10.849586583803429,57.72243289224953,35.72,529,13,0.006176144577356736,True
147178,,TierOne Communications International Inc,broadband,2024-Q2,2024,2,8.588985910681727,2.5164958984659673,6.793463374960755,0.7359023288515458,57.36550383141763,49.5115,522,6,0.006094418656673377,True
149509,,Xfiniti Internet Communication Services,broadband,2024-Q2,2024,2,49.456738602583066,21.288303718458195,54.587113476335645,4.714855692419291,72.82263229571984,59.281,514,151,0.006001017604463823,True
152131,,ILEAD NETWORK CORPORATION,broadband,2024-Q2,2024,2,24.757720377619027,21.882090696523516,15.331269456340403,9.653929796697756,17.556485089463223,9.311,503,5,0.005872591157675687,True
138969,,"Marbel Services and Television System, Inc.",broadband,2024-Q2,2024,2,6.364112425024081,4.66063642280077,4.5158997710127915,0.8687760000503989,117.23488308977034,109.122,479,31,0.0055923880010470255,True
151324,,BONGAO CABLE TV - ISABELA,broadband,2024-Q2,2024,2,34.57829714830722,25.605899483312392,24.799333966632638,15.888578201953749,28.70361554621849,17.035,476,3,0.005557362606468443,True
132454,,"Philippine Telegraph and Telephone Corporation,",broadband,2024-Q2,2024,2,117.03083012707279,60.86118699958461,71.02854343236719,35.47138065185026,4.8732283298097245,3.099,473,33,0.00552233721188986,True
151652,,ZSG Internet Communication Services,broadband,2024-Q2,2024,2,22.767283567581735,21.96435558115019,17.975692978032107,20.501005419705102,93.59022814498933,95.77,469,128,0.005475636685785084,True
142285,,KEITH.NET INCORPORATED,broadband,2024-Q2,2024,2,20.642142339989636,9.00690183848815,19.443585127557384,0.15483296820468434,38.99859161147902,32.055,454,6,0.005300509712892171,True
150707,,Romblon Cable Corporation,broadband,2024-Q2,2024,2,25.566234040744945,13.944524126834263,15.5971312305848,7.329235811272194,93.13418372093021,96.74600000000001,431,17,0.005031981687789704,True
134213,,Netify Communications Corp.,broadband,2024-Q2,2024,2,226.13044578480145,159.15862006311627,187.2220977759191,101.46801960898424,26.121624999999995,22.569000000000003,424,92,0.004950255767106344,True
132905,,AS number of Ateneo de Davao University,broadband,2024-Q2,2024,2,108.09939752170986,87.03708309181386,69.99981980019822,30.42261517568158,56.90988066825775,48.411,419,32,0.004891880109475374,True
141754,,Emapta Versatile Services Inc,broadband,2024-Q2,2024,2,79.91655650595426,50.81011570467647,66.95748177162368,24.894723184247404,54.54584197530864,42.987,405,12,0.004728428268108654,True
149833,,Wrkpod Inc.,broadband,2024-Q2,2024,2,380.99156814450737,269.81357475924955,397.06164702927225,166.85730828702611,16.367498740554154,16.052,397,21,0.004635027215899101,True
135499,,"Tiger Resort Leisure & Entertainment, Inc. (TRLEI)",broadband,2024-Q2,2024,2,36.06580701822793,30.97206111893275,26.41020503952421,20.99481751097138,51.18500508905852,51.015,393,10,0.004588326689794324,True
151465,,CULASI CATV INC.,broadband,2024-Q2,2024,2,21.593270310175225,21.33086626144768,6.915377666382785,6.624888517395002,60.38260206718346,51.81,387,5,0.004518275900637159,True
149802,,MT Cable Television Network,broadband,2024-Q2,2024,2,32.55383932605987,35.11340516666991,20.011594313135113,30.60120054597543,66.74148913043477,38.9645,368,10,0.004296448401639469,True
18190,,SunValley New Oriental,broadband,2024-Q2,2024,2,25.871962922262135,29.156026713111846,13.300894618053947,13.987404886433689,8.131457063711911,4.0,361,69,0.004214722480956109,True
132615,,Pipol Broadband,broadband,2024-Q2,2024,2,18.07739506028836,12.370056940954038,7.777810597562905,2.8650886983486217,35.665539634146334,10.841000000000001,328,114,0.0038294431405917003,True
137846,,Sharp Viewing Entertainment Corporation,broadband,2024-Q2,2024,2,19.849674561517322,12.083129473358523,9.801556923832731,6.880780707623394,95.14704307692308,97.49,325,2,0.0037944177460131176,True
140878,,Philippine National Police,broadband,2024-Q2,2024,2,72.80333305196349,64.92557518259552,37.51596542159597,36.336298183989804,29.7194953271028,30.977,321,9,0.003747717219908341,True
7629,,EPLDT,broadband,2024-Q2,2024,2,45.4674230693561,46.30934714664489,12.683645751689479,23.478084138015078,68.32554137931035,69.4855,290,20,0.0033857881425963204,True
138689,,"CONCEPCION PAY-TV NETWORK, INC.",broadband,2024-Q2,2024,2,21.488259484478263,16.70336565763724,17.21140822200661,9.407342095321198,38.82500740740741,28.999499999999998,270,21,0.0031522855120724364,True
139204,,RACITELCOM Inc.,broadband,2024-Q2,2024,2,40.9719261585437,27.819293094577286,28.43354797526496,17.300382727741905,33.49612927756654,30.9,263,13,0.0030705595913890766,True
4759,,TEXTRON CORPORATION,broadband,2024-Q2,2024,2,9.776971732862625,6.619747730648238,4.535642463055079,0.49628865911177544,68.59030468750001,51.7305,256,29,0.0029888336707057173,True
20258,,"Analog Devices, Inc.",broadband,2024-Q2,2024,2,71.2009529321537,102.65197079702628,21.165931239165374,43.03272899281396,58.83624505928853,38.428,253,2,0.0029538082761271347,True
63848,,De La Salle-College of Saint Benilde,broadband,2024-Q2,2024,2,111.56920955963426,93.37762276121745,87.36005091936443,70.7039260352047,60.27536904761906,51.915,252,1,0.0029421331446009406,True
18229,,CtrlS,broadband,2024-Q2,2024,2,40.37353236120411,29.639367349885454,30.344747871020104,12.265322295649984,51.142900793650796,59.501000000000005,252,4,0.0029421331446009406,True
58907,,Acquire BPO Pty Ltd,broadband,2024-Q2,2024,2,91.02028254534868,58.42837352756592,82.56193633713555,41.99784891219265,51.973166666666664,61.1745,234,15,0.0027319807771294447,True
152152,,SOLETECH IT SOLUTIONS,broadband,2024-Q2,2024,2,46.365090829354,11.972839679154712,21.468857202479587,1.2092999510339375,80.31381974248927,75.536,233,9,0.0027203056456032507,True
394869,,Asia Pacific Network Corporation,broadband,2024-Q2,2024,2,114.97217745379356,33.463416198975274,46.3025992229114,9.966861194638888,53.64504291845493,59.808,233,14,0.0027203056456032507,True
136216,,Channel Information Technology Support and Leasing Services Inc.,broadband,2024-Q2,2024,2,245.5926979036787,165.63541415359748,249.1622509072045,93.61038534908133,31.300340517241377,31.189500000000002,232,58,0.002708630514077056,True
134415,,De La Salle - College of Saint Benilde,broadband,2024-Q2,2024,2,170.74742053197306,127.20570703358212,91.74534594879009,77.854826684756,28.43955411255411,25.415,231,1,0.002696955382550862,True
135158,,Softnet Limited,broadband,2024-Q2,2024,2,68.54418470074256,40.0758544303708,34.25716795145472,4.602604521233832,84.96715486725664,62.5015,226,22,0.002638579724919891,True
58437,,MAPUAEDU,broadband,2024-Q2,2024,2,38.39684417961642,27.79456846664569,22.792988040077464,5.109490003114368,64.72701449275361,6.0,207,9,0.002416752225922201,True
23732,,Sagility Philippines B.V. Branch Office,broadband,2024-Q2,2024,2,81.27572484324392,27.223940859459237,49.26212688214965,2.506492377098735,41.734412935323384,30.736,201,11,0.0023467014367650357,True
206804,,EstNOC OU,broadband,2024-Q2,2024,2,40.77877025128935,2.6683422394796636,25.863210058231438,0.9872280775142139,68.96188524590163,58.0,183,29,0.0021365490692935403,True
38722,,Conduent Business Services Philippines Inc.,broadband,2024-Q2,2024,2,69.68613721200695,49.62559835585891,8.890223612905165,9.229483274012242,59.9865635359116,53.811,181,5,0.0021131988062411517,True
131253,,De La Salle-Lipa,broadband,2024-Q2,2024,2,22.227203227620077,12.990202803608305,6.83886934890766,7.376238125052002,32.68248044692737,36.935,179,12,0.002089848543188763,True
395793,,Arisk Communications inc.,broadband,2024-Q2,2024,2,13.033028131723682,10.49681920109859,9.192873393661683,9.093379017990534,60.90964971751412,17.504,177,11,0.002066498280136375,True
55437,,"WIT Phils., Inc.",broadband,2024-Q2,2024,2,28.890564919394624,2.5771988848451164,22.762808401248872,2.987251086207455,42.751924855491325,32.645,173,2,0.002019797754031598,True
21433,,Accenture UK Limited,broadband,2024-Q2,2024,2,13.215866747403775,3.666474067182671,6.053189625301302,0.08829415299888442,252.46830000000003,259.722,170,2,0.0019847723594530156,True
26344,,"Real Page, Inc.",broadband,2024-Q2,2024,2,138.61611695720646,66.24027230013834,117.7688878675965,13.26708858670681,16.653986928104576,14.642,153,4,0.0017862951235077138,True
17721,,"International Rice Research Institute,",broadband,2024-Q2,2024,2,126.16941886850957,77.99522639968,79.82103712944321,25.143438626652532,53.8966490066225,6.0,152,6,0.0017746199919815196,True
23689,,Makati Shangri-La,broadband,2024-Q2,2024,2,14.209438360984505,10.453254042006073,9.994956749837803,9.346378805487706,21.02544370860927,27.664,151,2,0.0017629448604553255,True
153174,,Aioni Digital and Data Solutions Inc.,broadband,2024-Q2,2024,2,27.394732722980624,10.824467344517478,22.467589875014674,0.08968442065874421,28.125748344370862,4.042,151,6,0.0017629448604553255,True
22773,,Cox Communications Inc.,broadband,2024-Q2,2024,2,15.871161166184423,21.951621353663423,10.547941107456467,10.702520365897307,69.8668125,72.58099999999999,144,18,0.001681218939771966,True
136513,,Corporate Technologies Incorporated,broadband,2024-Q2,2024,2,36.64927546699406,9.059859111019975,11.611982882191842,0.24734401985607463,43.562615384615384,32.45,143,4,0.0016695438082457719,True
45166,,Pacific Internet Pte Ltd,broadband,2024-Q2,2024,2,49.94464361232297,47.494405175339715,49.162977184179745,48.38997906999455,8.725342857142858,2.5015,140,7,0.0016345184136671892,True
45218,,"Coca-Cola FEMSA Philippines, Inc.",broadband,2024-Q2,2024,2,28.344599747465814,11.006900344842727,20.807488816442262,5.579291619400227,72.15055882352942,51.034499999999994,137,4,0.0015994930190886066,True
45351,,ABS CBN,broadband,2024-Q2,2024,2,157.22625944496377,139.43676720153636,107.39457404683517,67.95855475600193,31.109582089552248,30.35,134,2,0.001564467624510024,True
152680,,GLIPPH,broadband,2024-Q2,2024,2,21.321680590977614,27.699343204717227,15.342710141383119,25.355686429010298,34.79606201550388,32.908,130,1,0.001517767098405247,True
131281,,"University of the Philippines, Visayas Cebu Campus",broadband,2024-Q2,2024,2,67.42114777680374,46.53885167316356,31.249846337473485,18.259840077764522,48.23513178294573,42.642,129,6,0.001506091966879053,True
137941,,Mabuhay Cable TV Inc,broadband,2024-Q2,2024,2,47.821161368702604,30.960918645793313,47.41578477169462,22.054304366630255,155.97732558139535,33.662,129,1,0.001506091966879053,True
58706,,Xavier School,broadband,2024-Q2,2024,2,52.96090973432183,31.6648117756644,43.52847895814331,25.443466482930944,3.6603828125,3.488,128,1,0.0014944168353528586,True
64008,,Department of Social Welfare and Development,broadband,2024-Q2,2024,2,233.3366565737614,104.60947377410758,177.51527133792413,32.74216118277639,32.21818897637795,4.394,128,1,0.0014944168353528586,True
140734,,Watch Tower Bible and Tract Society of the Philippines,broadband,2024-Q2,2024,2,81.88655708628848,52.595863008300796,75.48931065224157,25.47012088138066,54.453448818897634,40.0,127,32,0.0014827417038266644,True
138569,,Tech2go Strategic IT Solutions,broadband,2024-Q2,2024,2,14.738498747235367,7.504091798800975,12.833803547546308,1.3706184090150972,40.624206349206354,34.793499999999995,126,9,0.0014710665723004703,True
140593,,ULAP Networks Inc.,broadband,2024-Q2,2024,2,128.08721990610596,99.7288713824102,113.5782097652905,69.33790477632058,9.053844827586206,4.7935,116,5,0.001354315257038528,True
133198,,"iOne Resources, Inc.",broadband,2024-Q2,2024,2,40.981971440283054,31.16814601110622,9.483023983703823,17.03542022175673,24.288130434782605,10.969,115,1,0.001342640125512334,True
136982,,Integranet Network Services,broadband,2024-Q2,2024,2,23.954736295008217,12.720179260274852,12.626411424163472,3.7730940271321183,50.754571428571424,10.8335,112,25,0.0013076147309337514,True
137487,,Manila Electric Company,broadband,2024-Q2,2024,2,105.11108216124262,95.6748787970052,73.80106356123207,70.81821350628334,14.882198113207549,5.0,106,21,0.001237563941776586,True
131245,,University of the Philippines,broadband,2024-Q2,2024,2,61.58758234613014,54.10396940855923,36.15728672001789,37.53482474158147,20.920427184466025,29.577,103,4,0.0012025385471980034,True
136433,,Medrozo IT Solutions,broadband,2024-Q2,2024,2,16.50283763474914,9.877695781079549,16.350136309657874,2.5190071504249207,106.72032653061225,107.5815,98,2,0.0011441628895670324,False
10096,,"Easycall Communications Phils., Inc.",broadband,2024-Q2,2024,2,12.483552414693426,9.58420588156342,1.4468000766093918,1.3746491559894793,290.2225684210526,326.384,95,13,0.0011091374949884498,False
134996,,"BSITC PHILS., INC.",broadband,2024-Q2,2024,2,37.919627824949174,23.982996098801657,25.150620785154445,8.501630598445498,74.54332978723404,62.2205,94,19,0.0010974623634622555,False
135162,,eUP-University of the Philippines System,broadband,2024-Q2,2024,2,75.1080250310417,50.53316093602283,38.0824549106844,20.36245746279776,19.809431818181817,3.8705,89,40,0.0010390867058312845,False
45865,,INFORPSSC,broadband,2024-Q2,2024,2,86.6675207915563,91.64044907992142,88.97702984270431,85.7529201526034,47.512348837209295,37.4905,86,3,0.0010040613112527019,False
134414,,De La Salle-Greenhills,broadband,2024-Q2,2024,2,63.46868723331132,54.835010898936545,50.448736060025155,44.640701291322465,16.46148148148148,4.325,82,1,0.0009573607851479251,False
132716,,"1 Solaire Boulevard,",broadband,2024-Q2,2024,2,125.38538900977514,78.00638930626234,146.8093915328134,53.637765160681326,56.65675000000001,37.261,80,4,0.0009340105220955367,False
140984,,WTW HIGHTECH COMPANY INC,broadband,2024-Q2,2024,2,38.01533765923889,32.946162095684436,9.617502456145614,8.454438485072355,69.06887012987013,75.786,77,21,0.0008989851275169541,False
17452,,Bitstop Inc,broadband,2024-Q2,2024,2,14.677090899260362,9.275096184772046,6.956463392889784,0.6920535360810959,36.428466666666665,20.007,75,5,0.0008756348644645656,False
138496,,"Inspiro Relia, Inc",broadband,2024-Q2,2024,2,137.95232686669516,69.1354589551556,87.01237671670994,27.138500460740556,50.988640000000004,59.126,75,2,0.0008756348644645656,False
135132,,Dreamscape Networks Inc.,broadband,2024-Q2,2024,2,172.99073429443118,153.48545274995072,83.30186743960533,58.523726766270855,39.30692,19.529,75,41,0.0008756348644645656,False
17550,,San Miguel Corporation,broadband,2024-Q2,2024,2,47.37393205072377,50.214175002844975,18.014578201051112,15.564625072169385,60.63348611111111,11.883,72,4,0.000840609469885983,False
136777,,247 Customer Philippiness inc,broadband,2024-Q2,2024,2,348.9896716955395,284.87445328547136,421.7177187670256,183.58621701086304,16.142478260869566,3.589,69,4,0.0008055840753074004,False
400318,,"Versa Networks, Inc.",broadband,2024-Q2,2024,2,10.672313984124113,3.938353986845028,8.858666591941128,3.3238909552118336,206.86409230769232,205.341,65,2,0.0007588835492026235,False
140619,,JSLINK INTERNATIONAL CORPORATION,broadband,2024-Q2,2024,2,19.32696246390751,30.72920827703471,10.387095299776984,27.684794742609995,26.194261538461532,4.932,65,5,0.0007588835492026235,False
134416,,De La Salle-Zobel,broadband,2024-Q2,2024,2,80.41158686309454,57.506382817646475,67.74408308847251,63.00329128506232,31.099901639344264,3.931,61,1,0.0007121830230978467,False
63966,,RIZAL1,broadband,2024-Q2,2024,2,118.65428090532878,115.57296282637004,136.85489129413517,112.41759866309295,18.3067,4.5195,60,2,0.0007005078915716525,False
152458,,HAPIBYTES,broadband,2024-Q2,2024,2,43.408343001267845,38.95405285286551,27.023055652520515,27.141051347371633,19.73242372881356,21.606,59,2,0.0006888327600454583,False
151788,,"EAGLE VISION, INC.",broadband,2024-Q2,2024,2,33.30937131058828,27.321704455497372,23.608221400756392,20.486356563551727,63.19522807017543,45.873,57,1,0.0006654824969930699,False
7306,,Asian Development Bank,broadband,2024-Q2,2024,2,107.05098950135769,61.22215646631426,110.14735805526757,19.846740278732973,28.13540350877193,29.162,57,6,0.0006654824969930699,False
136462,,Mootech Asia,broadband,2024-Q2,2024,2,23.668074866729533,11.496508985952167,26.494120691674606,5.332736551239506,49.74985714285714,38.9225,56,4,0.0006538073654668757,False
138975,,Claveria Agribased Multipurpose Cooperative,broadband,2024-Q2,2024,2,11.969096404374262,6.752073682136218,11.450728806320889,3.0108874300330335,171.44425454545456,110.369,55,2,0.0006421322339406815,False
58677,,DOFAIMPNET,broadband,2024-Q2,2024,2,87.8052934754169,57.24756990780227,83.83766201187242,53.644797996184494,3.991333333333334,4.0515,54,1,0.0006304571024144872,False
142121,,uniBeam Incorporated,broadband,2024-Q2,2024,2,15.12186496217616,23.08857408753802,5.416263382013221,15.576355817906835,72.9462075471698,77.19,53,10,0.000618781970888293,False
141238,,Qualfon is a business process outsourcing company providing contact center services for various companies around thew world.,broadband,2024-Q2,2024,2,133.17664756662128,85.40573955469175,82.73097514923455,88.71304096352819,46.846588235294114,39.949,51,7,0.0005954317078359046,False
138915,,Kaopu Cloud HK Limited,broadband,2024-Q2,2024,2,16.121410394778923,7.063304879914079,2.5689543521655818,1.4152500576990075,153.93561224489795,127.632,49,12,0.0005720814447835162,False
132059,,"762 Quirino Highway, San Bartolome",broadband,2024-Q2,2024,2,40.44188732927591,44.14747603585114,22.492943607912608,23.953286159372762,51.07736170212766,61.219,47,5,0.0005487311817311278,False
132141,,Penthouse,broadband,2024-Q2,2024,2,124.08125552270687,120.20784060325398,126.16318113768946,135.1524459205924,52.49266666666668,52.081,42,1,0.0004903555241001568,False
137417,,Cambridge University Press is the publishing business of the University of Cambridge in UK,broadband,2024-Q2,2024,2,111.65980785451332,84.42232504555048,126.69815925961969,94.8933734292235,43.056825,38.5985,40,1,0.00046700526104776835,False
139333,,"Global Agility Solutions, LLC",broadband,2024-Q2,2024,2,92.3813315706026,36.970690603134244,91.4777070000001,4.788987843858083,40.317128205128206,38.776,39,1,0.0004553301295215741,False
133778,,GY Consultancy Group Inc.,broadband,2024-Q2,2024,2,22.161324117046913,16.724547386361543,16.888623776725147,15.506823933338843,55.23841025641025,49.669,39,7,0.0004553301295215741,False
38334,,"World Health Organization, Western Pacific Regional Office,",broadband,2024-Q2,2024,2,207.22806926458728,162.25126178042376,222.15410255136106,86.23216258573007,13.680315789473683,2.129,38,2,0.0004436549979953799,False
32043,,NeoFiber Communications inc.,broadband,2024-Q2,2024,2,49.87952305633297,40.44638886636393,49.70425734552147,36.47658364638668,42.67526315789475,33.542,38,5,0.0004436549979953799,False
152135,,"Cubiscomm Signal Sales, Inc.",broadband,2024-Q2,2024,2,36.641910923464614,25.195322289128722,43.59756824888975,4.728439818531945,118.74419444444445,115.2125,36,4,0.0004203047349429915,False
1828,,Unitas Global,broadband,2024-Q2,2024,2,90.2433848097736,70.67552651565171,83.75128049787885,44.30661106530016,39.90508333333335,24.1195,36,3,0.0004203047349429915,False
132829,,Nevigate Communications (S) Pte Ltd,broadband,2024-Q2,2024,2,95.28756697459491,80.53829729115967,89.94498370891806,34.47887234930628,17.71416666666666,24.508499999999998,36,2,0.0004203047349429915,False
136260,,IPOINTEAST INC.,broadband,2024-Q2,2024,2,75.4074697786816,73.0850430387535,3.8577332106387545,3.714973414229194,261.4206,382.864,35,5,0.0004086296034167973,False
151360,,SONIC NETWORKS PHL INC.,broadband,2024-Q2,2024,2,31.037933772377077,17.282942821769037,26.062165643616144,13.804005223604701,54.11990625,56.8665,32,5,0.00037360420883821466,False
142416,,"Itiviti Philippines, Inc",broadband,2024-Q2,2024,2,40.31711434903463,17.903718553112242,38.27886061893228,9.84168019984179,104.97562499999998,107.7435,32,1,0.00037360420883821466,False
136404,,BICOLANDIA CABLE TV INCORPORATED,broadband,2024-Q2,2024,2,50.225997827249785,50.06117639875839,67.780718339782,51.778061839472755,52.51186666666667,47.0,30,7,0.00035025394578582625,False
132843,,Digital Advantage Corp.,broadband,2024-Q2,2024,2,60.02088686107854,32.57805411489523,67.98849240413361,30.77298158126613,31.830566666666666,30.831,30,1,0.00035025394578582625,False
149027,,Neo-Tech Asia Distribution Inc.,broadband,2024-Q2,2024,2,21.540255212736724,10.102417751218333,1.2382485228670534,0.2533755437396873,238.97772413793103,87.863,29,1,0.000338578814259632,False
141196,,DEPARTMENT OF INFORMATION AND COMMUNICATION TECHNOLOGY,broadband,2024-Q2,2024,2,91.03664268286241,139.17780983181873,41.746151485452366,62.74200144579856,167.83314814814815,140.942,27,10,0.0003152285512072436,False
38445,,WiPro BPO Philippines LTD Inc.,broadband,2024-Q2,2024,2,221.3286773080111,244.50164042633514,139.8766438401475,187.92336190358859,5.199192307692308,4.336,26,5,0.00030355341968104943,False
38596,,"Innodata-ISOGEN, Inc",broadband,2024-Q2,2024,2,22.042642420076508,21.326977885843068,22.406690635028934,22.691613480255295,85.79436,36.943,25,1,0.0002918782881548552,False
135556,,MULTIFACTORS SALES,broadband,2024-Q2,2024,2,23.13633042845538,5.545033771776938,15.557009212410899,4.873978592335253,54.33875,51.5675,24,1,0.000280203156628661,False
140708,,VITRO INC.,broadband,2024-Q2,2024,2,11.861283980098188,10.100246678889082,1.4999016554271498,2.12553109957512,90.35183333333332,112.0145,24,1,0.000280203156628661,False
150749,,AF Tech I.T. Solutions,broadband,2024-Q2,2024,2,17.877730512946613,8.101122137365882,11.26875484030942,5.409839029336299,53.05504347826087,44.782,23,2,0.0002685280251024668,False
38483,,"RCG INFORMATION TECHNOLOGY, AS CONTENT PROVIDER MANILA",broadband,2024-Q2,2024,2,36.087993736146686,52.90533658881518,36.31166403359035,46.298504853790305,52.47704347826087,31.077,23,1,0.0002685280251024668,False
23887,,PRODATANET INC.,broadband,2024-Q2,2024,2,21.369855728177765,11.499229926726178,18.818362357234076,4.16070034716174,29.782826086956522,9.593,23,9,0.0002685280251024668,False
63938,,Pulo Diezmo Rd.,broadband,2024-Q2,2024,2,117.12209920453292,79.95828924779967,115.60489866024561,87.260186527314,17.354045454545457,5.045,22,9,0.00025685289357627256,False
151627,,KC Broadband Inc.,broadband,2024-Q2,2024,2,68.57475430968564,80.22555908797813,38.91241819869103,37.87928070037018,73.82959090909092,49.0225,22,2,0.00025685289357627256,False
35359,,ADR TEL s.p.a.,broadband,2024-Q2,2024,2,17.537417444224378,22.979144684808215,4.236150212923944,5.52300566133297,13.425150000000002,12.943999999999999,20,4,0.00023350263052388418,False
17978,,SERVCORP AUSTRALIAN HOLDINGS LTD,broadband,2024-Q2,2024,2,62.45951572226685,68.8898860567828,54.65985400554816,58.1240948063071,104.42168421052631,122.429,19,1,0.00022182749899768995,False
146948,,"Rural Bank of Guinobatan, Inc.",broadband,2024-Q2,2024,2,13.890240977517877,8.136313131381089,15.09584833313182,5.380147303473515,87.42784210526314,66.118,19,2,0.00022182749899768995,False
5580,,GTT Communications Netherlands B.V.,broadband,2024-Q2,2024,2,86.64736454598585,90.00344090638903,64.81424222506418,63.67452255916268,120.008,101.404,19,4,0.00022182749899768995,False
58604,,PACKETWORX INC.,broadband,2024-Q2,2024,2,33.60251470942756,74.48425723609334,0.43354495519671926,0.08943556622610488,57.452,38.301,19,2,0.00022182749899768995,False
33680,,TELEPERFORMANCE USA,broadband,2024-Q2,2024,2,41.59086719404726,34.86408139482199,35.752892708599546,30.024122307259482,118.15516666666667,108.134,18,2,0.00021015236747149574,False
22764,,"Fluor Enterprises, Inc.",broadband,2024-Q2,2024,2,63.106850749595225,29.487989216919605,65.35901842522681,31.432592264965777,164.55464705882352,182.0,17,2,0.00019847723594530154,False
3257,,GTT Communications Inc.,broadband,2024-Q2,2024,2,80.86133368887477,65.02055405795576,81.92801134284304,75.00903411507932,68.85511764705882,50.677,17,1,0.00019847723594530154,False
23665,,GSNET,broadband,2024-Q2,2024,2,74.86534048336614,60.80390589597711,72.78670017527257,66.32501107430691,20.408882352941177,29.468,17,2,0.00019847723594530154,False
401783,,TOKALA COMMUNICATIONS INC.,broadband,2024-Q2,2024,2,49.918737038811294,13.722275808738056,55.42473372153255,0.40266170018624303,29.472500000000004,1.53,16,5,0.00018680210441910733,False
139614,,BANGKO SENTRAL NG PILIPINAS,broadband,2024-Q2,2024,2,137.19662339677163,75.46835249935245,73.25090456575792,3.3554130012829884,52.80700000000001,47.484,16,3,0.00018680210441910733,False
139855,,"BIT(Brother Internet Technology),INC.",broadband,2024-Q2,2024,2,5.085299133089361,4.978059926951238,5.904976573912741,2.643097536663605,59.34846666666667,53.679,15,3,0.00017512697289291313,False
154024,,FLEXEERE IT SOLUTIONS PVT LTD,broadband,2024-Q2,2024,2,84.39856426733361,49.10218454440895,91.13138754039879,40.10889705804093,33.91171428571429,32.0,14,2,0.00016345184136671892,False
38301,,Trec Global Pacific Transit AS,broadband,2024-Q2,2024,2,58.365706642808796,52.931127158780015,73.99077351276063,65.97781567030779,24.766571428571428,29.149,14,2,0.00016345184136671892,False
152173,,Robinsons Bank Corporation,broadband,2024-Q2,2024,2,92.41064625972466,30.989637550489345,93.78169231255357,19.48254506621444,18.79876923076923,28.043,13,3,0.00015177670984052472,False
137827,,Cygnal Technologies,broadband,2024-Q2,2024,2,33.43730693016878,26.023340557930414,20.390542748299552,18.234726906473842,12.51825,2.803,12,4,0.0001401015783143305,False
24109,,WNS Global Services,broadband,2024-Q2,2024,2,72.1496574014711,10.48525417126892,72.32433043223745,5.963886403874019,54.86425,59.257000000000005,12,3,0.0001401015783143305,False
38577,,LEEKIE-EN,broadband,2024-Q2,2024,2,22.478330592994126,98.2197162039872,17.39500652915803,0.3056815838832706,11.131416666666667,3.455,12,1,0.0001401015783143305,False
139630,,Telectronic Systems Inc.,broadband,2024-Q2,2024,2,8.205279366030174,20.182514432350935,5.759693630624562,20.415964930349666,87.32163636363636,88.96,11,1,0.00012842644678813628,False
63846,,SGS ASIA PACIFIC LIMITED,broadband,2024-Q2,2024,2,494.7559659849322,244.3667297095616,516.8286208723819,255.5463127101077,18.782818181818183,26.773,11,1,0.00012842644678813628,False
17445,,Universal Robina Corporation,broadband,2024-Q2,2024,2,117.11520043463257,52.8228360684582,89.20525308083165,51.995849788119145,24.120818181818183,29.076,11,1,0.00012842644678813628,False
38291,,BPS Corporation,broadband,2024-Q2,2024,2,16.70331401700259,17.75226117207911,16.95097649648889,19.04163590007384,64.0448,62.8635,10,2,0.00011675131526194209,False
132844,,Ateneo de Manila University,broadband,2024-Q2,2024,2,97.54639608896052,87.64077039790563,105.04627918704014,56.19283301057435,12.909222222222223,4.312,9,3,0.00010507618373574787,False
32110,,"Asurion Insurance Services, Inc.",broadband,2024-Q2,2024,2,69.57020941667975,30.368815821952165,79.34723028402294,10.652256830229199,9.404,7.678,8,1,9.340105220955367e-05,False
141210,,Grand Unicom Corp,broadband,2024-Q2,2024,2,12.227539298153065,7.9395065994697065,5.916627062852594,8.077007514852657,51.269375,36.43,8,2,9.340105220955367e-05,False
45343,,AYALA LAND,broadband,2024-Q2,2024,2,11.285423687325606,85.31867422149922,8.751944954747628,56.38930761453116,6.022375,3.9875,8,1,9.340105220955367e-05,False
17802,,Macquarie Bank,broadband,2024-Q2,2024,2,24.834556399170186,15.022285003172673,16.134119566034386,15.597526840013451,71.64812500000001,68.839,8,1,9.340105220955367e-05,False
139626,,"2GO Group, Inc.",broadband,2024-Q2,2024,2,37.10555698889735,35.4443167637406,16.773635509054273,13.385160571169504,28.365375,9.213000000000001,8,1,9.340105220955367e-05,False
9254,,"Del Monte Philippines, Inc.",broadband,2024-Q2,2024,2,4.297491458438945,3.487227764414388,4.754047014932123,2.9890839254910695,77.13228571428571,58.095,7,1,8.172592068335946e-05,False
59342,,ABSATELLITE BBS-PH,broadband,2024-Q2,2024,2,47.26730256250414,12.180923605837433,18.351717321205772,2.2485885497536953,6.598714285714286,6.46,7,3,8.172592068335946e-05,False
24451,,"Philippine Dealing System,",broadband,2024-Q2,2024,2,19.13369025940195,13.334413471318122,18.57033438366323,15.383961379793131,28.62333333333333,36.9935,6,1,7.005078915716526e-05,False
151789,,Philippine National Computer Emergency Response Team,broadband,2024-Q2,2024,2,186.6847236340591,268.2684530799477,74.923444654136,72.61428939969147,1.3956666666666668,1.2650000000000001,6,2,7.005078915716526e-05,False
24222,,OFFICETIGER DATABASE SYSTEMS INDIA PVT LTD,broadband,2024-Q2,2024,2,72.39805042056646,54.278201161752484,82.99839622015861,53.05316990937047,37.6714,29.935,5,3,5.8375657630971044e-05,False
17561,,LARUS Limited,broadband,2024-Q2,2024,2,18.566014495224117,3.6613329954359592,8.220509622238062,4.144425416739079,24.5112,30.413,5,1,5.8375657630971044e-05,False
24179,,"IMI, Manufacturing Semiconductors and Electronics",broadband,2024-Q2,2024,2,136.74690479969576,179.2898451679651,118.9215116226472,195.47814591563028,18.6334,4.068,5,1,5.8375657630971044e-05,False
141013,,Responsible Internet Sustainability Effort,broadband,2024-Q2,2024,2,733.8565550412382,2.439969375705556,779.4529060576594,2.793770866265818,18.2,13.0,5,1,5.8375657630971044e-05,False
55343,,Conduent Business Services Philippines Inc.,broadband,2024-Q2,2024,2,369.8456630009717,413.61153968450316,457.41341337106826,508.0434563072937,29.4055,29.276000000000003,4,1,4.670052610477683e-05,False
17448,,Web.com.ph Inc.,broadband,2024-Q2,2024,2,5.567300464681185,0.6045460667813864,6.292178446508789,0.6045460667813864,158.75575,205.144,4,2,4.670052610477683e-05,False
152648,,Spark IT,broadband,2024-Q2,2024,2,36.42970575306959,37.050253822298316,26.881469410889643,44.67278720235387,86.3745,49.170500000000004,4,3,4.670052610477683e-05,False
40051,,"Disney Worldwide Services, Inc.",broadband,2024-Q2,2024,2,56.97096324932327,12.429429326418848,24.184734125319082,11.37047032920024,125.03075,133.663,4,1,4.670052610477683e-05,False
55413,,Development Bank of the Philippines,broadband,2024-Q2,2024,2,133.6330844265634,71.82522970843301,137.2696535506662,84.60708448021765,33.9995,28.8305,4,1,4.670052610477683e-05,False
132193,,Social Security System,broadband,2024-Q2,2024,2,294.91736476003183,148.00208510444463,333.28979509165436,149.30520727142658,15.5345,15.0865,4,3,4.670052610477683e-05,False
139040,,"CANON BUSINESS PROCESS SERVICES PHILIPPINES,",broadband,2024-Q2,2024,2,14.705740494047022,46.14841702018307,8.358346863590285,35.2054216803013,18.669,24.0,3,1,3.502539457858263e-05,False
38325,,WTP,broadband,2024-Q2,2024,2,27.40702983590595,,28.214567938052454,,175.034,169.358,3,2,3.502539457858263e-05,False
36776,,Five9 Inc.,broadband,2024-Q2,2024,2,61.47468525867773,35.0152876483912,52.80038463665366,19.9751011494554,117.42233333333333,167.409,3,1,3.502539457858263e-05,False
138218,,ABOITIZ EQUITY VENTURES INC.,broadband,2024-Q2,2024,2,126.3299456537274,35.845884997219514,165.82466671383287,35.845884997219514,40.243,44.077,3,2,3.502539457858263e-05,False
2687,,"AT&T Enterprises, LLC",broadband,2024-Q2,2024,2,9.212399269848012,11.464695601507536,8.263609970236775,10.960455021182506,122.062,84.292,3,1,3.502539457858263e-05,False
132554,,Ateneo de Manila University,broadband,2024-Q2,2024,2,78.57207748548385,95.76736110243057,78.57207748548385,95.76736110243057,18.741500000000002,18.741500000000002,2,2,2.3350263052388416e-05,False
147044,,TECH MAHINDRA,broadband,2024-Q2,2024,2,161.9065843651964,,161.9065843651964,,28.9315,28.9315,2,1,2.3350263052388416e-05,False
10141,,DFNN Group of Companies,broadband,2024-Q2,2024,2,15.756068096319346,12.154002363864674,15.756068096319346,12.154002363864674,61.446,61.446,2,1,2.3350263052388416e-05,False
131891,,Cebu Air Inc.,broadband,2024-Q2,2024,2,79.49380779056992,,79.49380779056992,,18.126,18.126,2,1,2.3350263052388416e-05,False
133377,,"IBM Business Services, Inc",broadband,2024-Q2,2024,2,0.37162067711543767,,0.37162067711543767,,80.204,80.204,1,1,1.1675131526194208e-05,False
24298,,"Apollo Global Net AS, Application Service Provider, Manila",broadband,2024-Q2,2024,2,33.806968166284975,0.7782044797911833,33.806968166284975,0.7782044797911833,98.732,98.732,1,1,1.1675131526194208e-05,False
215238,,IRFAN TUGRA ONEM,broadband,2024-Q2,2024,2,151.81538296342916,,151.81538296342916,,72.174,72.174,1,1,1.1675131526194208e-05,False
134716,,Savant Technologies Inc.,broadband,2024-Q2,2024,2,43.46587273595801,29.05528741452271,43.46587273595801,29.05528741452271,54.098,54.098,1,1,1.1675131526194208e-05,False
48347,,JSC Mediasoft ekspert,broadband,2024-Q2,2024,2,7.561802635862588,0.08234574047740635,7.561802635862588,0.08234574047740635,9.994,9.994,1,1,1.1675131526194208e-05,False
133436,,"KONTAK ONE MANAGEMENT EXCHANGE, INC.",broadband,2024-Q2,2024,2,2.911205921938918,1.0759050172052091,2.911205921938918,1.0759050172052091,27.879,27.879,1,1,1.1675131526194208e-05,False
59348,,Skycable Corporation,broadband,2024-Q2,2024,2,180.0684007452794,113.61500654649412,180.0684007452794,113.61500654649412,31.156,31.156,1,1,1.1675131526194208e-05,False
45250,,Vocom International Telecommunications AP Area,broadband,2024-Q2,2024,2,51.67182812411343,7.649650323916372,51.67182812411343,7.649650323916372,2.994,2.994,1,1,1.1675131526194208e-05,False
62654,,"MENLO SECURITY, INC.",broadband,2024-Q2,2024,2,124.09376238171264,,124.09376238171264,,124.0,124.0,1,1,1.1675131526194208e-05,False
9334,,iManila,broadband,2024-Q2,2024,2,36.33641227543931,0.08314292562834542,36.33641227543931,0.08314292562834542,29.558,29.558,1,1,1.1675131526194208e-05,False
138540,,"The Insular Life Assurance Company, Ltd.",broadband,2024-Q2,2024,2,7.52273045814852,56.604726362189105,7.52273045814852,56.604726362189105,10.692,10.692,1,1,1.1675131526194208e-05,False
9299,PLDT,Philippine Long Distance Telephone Company,broadband,2024-Q3,2024,3,61.815107981509776,45.03464581873235,30.24053205143651,21.3688745743668,95.06446388588239,68.882,3952832,1062471,45.178356944304596,True
17639,Converge,Converge ICT Solutions Inc.,broadband,2024-Q3,2024,3,91.0764801344512,69.38302379986736,42.03686185809594,31.50484710096942,31.036685029989055,32.325,1845781,33836,21.096103466834784,True
132199,Globe,Globe Telecom Inc.,broadband,2024-Q3,2024,3,98.8594095355975,73.05318105573873,51.826729244594915,39.56955084722236,23.162500864170518,10.774,947505,121688,10.829379820977294,True
14593,Starlink,Space Exploration Technologies Corporation,broadband,2024-Q3,2024,3,30.436944961510786,5.0699805172095935,11.011431274887997,4.147738324635287,47.13435465692301,30.438,284770,47465,3.254740071682687,True
23944,Sky Cable,SKYBroadband SKYCable Corporation,broadband,2024-Q3,2024,3,52.592280289848894,6.9123226186736515,33.64873463734121,3.47853901539529,36.2162635803659,32.726,197160,50916,2.2534134653683977,True
139831,DITO,DITO TELECOMMUNITY CORP.,broadband,2024-Q3,2024,3,32.58328099035858,7.528176064907633,8.354286539504301,2.2553638594448078,68.42906135087559,50.174499999999995,155766,105017,1.780306359538313,True
4775,Globe,Globe Telecoms,broadband,2024-Q3,2024,3,45.03650813133019,33.738632700493106,15.82831002955097,7.66196837185935,58.31840372809854,36.108,116248,25305,1.3286407411348422,True
56207,Converge,ComClark Network & Technology Corp,broadband,2024-Q3,2024,3,37.3386667424883,34.305923611483415,30.55431542172617,30.471884611700066,32.68706039558114,32.71,105911,1433,1.21049540236677,True
134707,RoyalCable,RoyalCable Flash,broadband,2024-Q3,2024,3,82.79856675394075,64.59335945187944,42.43658148894487,37.77143581704721,16.91296914655643,4.867,97123,2545,1.1100541488992437,True
135607,Infinivan,Infinivan Incorporated,broadband,2024-Q3,2024,3,34.31559568175622,25.31239809909176,18.803415456940115,11.145760488947042,80.95513511035608,85.622,74218,1328,0.8482645596100209,True
9658,Eastern Communications,"Eastern Telecoms Phils., Inc.",broadband,2024-Q3,2024,3,98.71363010036035,50.63889447410514,46.779667864006335,13.481157242340906,21.158123336900438,15.899,62624,5196,0.7157525099169737,True
141686,,LizardBear Tasking Inc.,broadband,2024-Q3,2024,3,72.5979047498455,51.81180266518922,50.87156687004659,20.3830018276293,25.742649576553447,30.544,52561,9,0.6007388169670742,True
136515,Dasca,"Dasca Cable Services, Inc.",broadband,2024-Q3,2024,3,97.69577324100959,77.6653358343855,59.89764973173395,47.43551199028321,13.141077811071424,4.477,52073,1087,0.5951612871887227,True
134788,Parasat,"Parasat Cable TV, Inc",broadband,2024-Q3,2024,3,53.740476145312826,18.41126562374295,27.39778391856346,4.985935777353225,62.24645293137771,46.751,49303,533,0.5635019480779981,True
55821,,"RADIUS TELECOMS, INC.",broadband,2024-Q3,2024,3,67.95550474636123,41.8608142580679,40.1818727241418,15.767324133339613,36.56032321327958,30.875,46163,12148,0.5276137441763102,True
133334,,DCTV Cable Network Broadband Services Inc,broadband,2024-Q3,2024,3,57.0113452330084,46.87812030509723,31.014809215260613,19.2199513342508,61.29047080036064,54.964,39985,437,0.45700313153152455,True
133623,,Planet Cable Inc.,broadband,2024-Q3,2024,3,44.117615610681575,17.23569260321911,25.20679488233036,4.808940524561065,82.48783025247971,83.4465,39938,181,0.4564659514094292,True
45754,,Clear Path Networks Inc,broadband,2024-Q3,2024,3,100.62450853109051,58.17392223035065,63.15852658243816,43.925929638084426,37.66757581894751,33.799,31115,3653,0.3556246701914064,True
56099,,Asian Vision Cable,broadband,2024-Q3,2024,3,49.57278257469935,39.82846417387713,32.582593490543644,24.67538274299243,49.54768987827249,45.38,29997,3004,0.3428466409041176,True
56262,,Dagupan Urban Satellite Vision Inc.,broadband,2024-Q3,2024,3,58.28411052681209,19.35183294299249,40.439249057244155,9.58788107485502,33.91751477292652,29.205,22818,464,0.2607952345951313,True
(unknown),,,broadband,2024-Q3,2024,3,70.44773517714776,39.00155746824422,40.98492222297164,11.669537079389492,79.9917592511207,63.9895,22773,3229,0.2602809132016358,True
142629,,GigaFiber Corp.,broadband,2024-Q3,2024,3,27.531013280526086,21.763360768037124,9.474561346434253,6.274161461644798,110.00264643164235,107.495,17460,323,0.19955670067626405,True
17970,,SKYBroadband SKYCable Corporation,broadband,2024-Q3,2024,3,47.719362695153144,5.37052452088709,30.610521007384143,2.933327856986068,22.234382038948837,8.05,17055,1566,0.19492780813480431,True
134497,,Cine Cebu,broadband,2024-Q3,2024,3,26.600542048860937,19.942353020183,18.488202259734194,10.868445435501048,77.67613639864902,71.247,16892,75,0.19306482175392053,True
137239,,Fil Products Service Television Incorporated,broadband,2024-Q3,2024,3,33.84197452467827,27.353847130568106,23.918561003597492,15.817965130434652,60.683089018649795,51.119,16793,229,0.19193331468823038,True
9927,,Philippine Global Communications Corporation,broadband,2024-Q3,2024,3,68.55490423390151,44.68242063210518,34.45775082987123,16.30337377761508,39.126802829566586,29.926,16694,790,0.1908018076225402,True
137074,,Responsible Internet Sustainability Effort,broadband,2024-Q3,2024,3,231.1150886586813,165.9781260537989,85.48051193513662,26.47578230946959,14.786037920722784,4.16,15725,708,0.17972675361593657,True
138965,,Streamtech Systems Technologies Inc.,broadband,2024-Q3,2024,3,42.07018542734402,20.291037770930785,23.558494850076183,9.764316442966464,78.20155760728218,70.3435,15392,136,0.17592077530406966,True
151066,,Imperial network inc,broadband,2024-Q3,2024,3,62.0626587845841,39.94726913470939,38.16199163771009,23.7221924779146,39.61459377070907,26.432499999999997,15093,187,0.1725033953783994,True
132021,,Kalibo Cable Television Network Inc,broadband,2024-Q3,2024,3,21.10365566284606,15.387043719088993,12.429409318312487,9.043911719961947,71.10712413744042,56.739,14070,136,0.1608111556996011,True
135345,,NewMountainView Satellite Corporation,broadband,2024-Q3,2024,3,63.28316299337698,45.57669942214886,34.62670170908907,23.20953019309237,32.53601853622656,11.665,13602,400,0.15546221320724762,True
137226,,"ANGELES CITY CABLE TELEVISION NETWORK, INC.",broadband,2024-Q3,2024,3,7.577688181108339,1.8700189379602463,6.6384079018114415,1.1608902358988533,46.978713880385286,36.332,13397,2794,0.15311919352576803,True
136929,,"Meridian Cable TV, INC",broadband,2024-Q3,2024,3,120.81620994342134,94.30251619019226,86.97414764184428,56.69652947372303,10.55525849324274,4.388,13394,261,0.15308490543286832,True
45499,,Cablelink & Holdings Corp. Transit AS Internet Service Provider Philippines,broadband,2024-Q3,2024,3,60.08219298099758,35.424969446856586,33.291661309840336,9.413900551665327,17.599139531310037,6.135,13019,2165,0.1487988938204056,True
174,Cogent,"Cogent Communications, LLC",broadband,2024-Q3,2024,3,36.146997709036526,27.869402902110796,22.854653935466025,13.614215690506466,75.84229077561443,83.255,12539,203,0.14331279895645332,True
132400,,COMMUNITY CABLE VISION CORPORATION,broadband,2024-Q3,2024,3,58.91496790013753,41.1614575312268,40.1772042781703,17.677485760925464,22.82339538066724,21.816,11695,394,0.13366641548733724,True
139238,,Infinity Broadband INC.,broadband,2024-Q3,2024,3,82.74561856709792,65.82466715076535,66.36167997434225,46.04228051966701,56.322619675838645,83.9025,10615,131,0.12132270204344461,True
142271,,EWS DS Networks Inc,broadband,2024-Q3,2024,3,42.62468089842921,32.470174066488575,33.45458353749079,26.130472758839595,14.569971576987163,7.186,10203,33,0.11661380395188557,True
138958,,Tandag Electric & Telephone Company Inc.,broadband,2024-Q3,2024,3,22.544461681476584,18.037164686974876,8.81223885805083,6.667269541400576,106.1234960244648,105.7465,9832,173,0.11237350979662246,True
9821,,Department of Science and Technology,broadband,2024-Q3,2024,3,126.18902549702133,97.66071726399025,53.240533192071375,23.549607602775595,14.900613970134517,3.313,8108,184,0.09266928574359387,True
18233,,"Philippine Telegraph and Telephone Corporation,",broadband,2024-Q3,2024,3,43.712083767676035,28.417304136817656,18.807628863088336,11.867734489833154,36.9205166790215,23.376,8098,573,0.09255499210059487,True
135582,,Galaxy Cable Corp.,broadband,2024-Q3,2024,3,53.72568921821961,31.83398363739774,39.82943919789178,23.15433348958256,17.498414143983723,7.0,7866,570,0.08990337958301793,True
15347,,IBEX Global Solutions,broadband,2024-Q3,2024,3,19.93312376638318,10.75294285523209,5.645731709010442,3.3830229245236962,94.26321786179922,72.3505,7697,4,0.08797181701633473,True
135025,,"Nexlogic Telecommunications Network, Inc.",broadband,2024-Q3,2024,3,32.96462885948325,16.054425502158455,19.191389213187794,7.135375198223533,36.869986178119696,18.299,7673,221,0.08769751227313712,True
139752,,"Multinetwork Cable Television, Inc",broadband,2024-Q3,2024,3,83.22543843773913,40.826989074197606,52.94008952647825,22.08019839256028,30.802107241329264,27.009,6892,173,0.07877117875491477,True
149645,,"Spectrum Cable network and broadband, Inc.",broadband,2024-Q3,2024,3,86.76731581675529,79.39877491348967,53.2532897293265,51.01923859399446,36.22037847924118,31.666,6434,179,0.07353652990556031,True
137404,,KCAT,broadband,2024-Q3,2024,3,37.90216621408017,21.89677463348964,23.738656915032742,12.778912366658806,28.654306207116644,16.154,6271,89,0.07167354352467652,True
151408,,Fil Products Service Television of Calbayog Inc.,broadband,2024-Q3,2024,3,28.156011647216346,20.363499385776183,18.49515752682283,9.92977751991275,97.02365407122552,91.919,5986,25,0.06841617469920484,True
140243,,"CMD Cable Vision, Inc",broadband,2024-Q3,2024,3,42.150305144503676,32.74304610745943,32.18100369126116,26.389901018789025,45.870328314798975,37.491,5853,68,0.06689606924731807,True
136244,,Panay Broadband / Buenavista Cable TV Inc.,broadband,2024-Q3,2024,3,29.717658585139784,17.51486612643688,13.216934948983546,6.499078762274417,38.33782998799108,16.326,5839,52,0.06673605814711946,True
139034,,Sattelite Plus Incorporated,broadband,2024-Q3,2024,3,15.906410765242832,4.625168902327641,12.518994275051773,3.3197980081211953,39.1251190564636,36.69,5384,749,0.0615356973906647,True
23862,,University of the Philippines Diliman,broadband,2024-Q3,2024,3,82.4708014970385,66.26993954108168,29.67951974604243,17.953669095765612,21.582614389335426,30.617,5103,95,0.05832404602239264,True
152107,,Fiberbro Internet Communication Services Corp.,broadband,2024-Q3,2024,3,119.92584982619279,38.77548245867225,40.585167047136615,6.810593525041368,21.893915369261478,5.0,5010,32,0.05726111514250189,True
150447,,Woofy Incorporated,broadband,2024-Q3,2024,3,56.37629957898526,45.621994844612296,46.335154483945864,33.824284323000974,25.670726413066845,22.386,4655,79,0.05320369081603718,True
142424,,"Unique Cable Network, Inc.",broadband,2024-Q3,2024,3,31.27593069797381,26.27042095493479,16.96473049012723,9.555425988311654,62.75623886111714,54.139,4606,16,0.052643651965342056,True
139798,,LizardBear Tasking Inc,broadband,2024-Q3,2024,3,94.60195691830342,72.58749730286695,47.08105306090795,29.420053120889772,46.761985220554784,16.7965,4404,4,0.050334920376762134,True
131465,,"Marbel Telephone System, Inc.",broadband,2024-Q3,2024,3,48.933548412335554,22.519432599002595,27.927085966993896,8.294648469255621,45.42368170368674,43.327,4371,6,0.049957751354865416,True
133064,,SLMC INFRASTRUCTURE,broadband,2024-Q3,2024,3,52.149951215445626,44.219760557859324,36.299156193438364,14.744901973984753,27.96214592787199,7.972,4188,18,0.04786617768798361,True
135594,,Kabayan Cable Tv Systems Inc.,broadband,2024-Q3,2024,3,34.099526313042524,25.888002074610633,28.627140912579776,18.841353262204706,41.687714007782105,33.0525,4116,17,0.04704326345839077,True
151650,,Switch Fiber,broadband,2024-Q3,2024,3,41.01456771104983,39.51562674006596,32.51942095998178,34.09371575677734,28.613276995305156,5.132,4047,13,0.04625463732169763,True
142009,,Misamis Cable Management and Development Corp,broadband,2024-Q3,2024,3,42.26270124542591,35.109497504416716,25.301853564517394,19.578969724822382,71.80351635810298,59.772,3956,183,0.04521456517040668,True
151653,,General Telephone System Inc.,broadband,2024-Q3,2024,3,51.4938488992159,39.60007554348657,24.32427491883987,21.72298088261573,101.960404158215,52.762,3947,33,0.04511170089170757,True
137996,,"HGC Global Communications (Philippines), Inc.",broadband,2024-Q3,2024,3,150.0530069603497,132.94873944533734,29.52345642837409,21.525186761759596,31.729265633074938,28.908,3875,58,0.044288786662114735,True
139846,,StarCable,broadband,2024-Q3,2024,3,55.12776918285736,43.78523127825333,28.30685131955756,20.11373745447935,62.603308274601936,52.829,3836,109,0.043843041454418606,True
138543,,Cablevision Systems Corporation,broadband,2024-Q3,2024,3,38.8248653278812,29.036158373414352,26.975649387172496,18.575274165005098,33.21411764705882,11.277,3575,105,0.04085997737214456,True
138987,,CHARLES CATV SYSTEMS INC,broadband,2024-Q3,2024,3,52.572335352120845,45.9747497807922,17.924383249569296,12.662355388251695,51.60704667812142,40.573499999999996,3497,20,0.039968486956752314,True
150704,,DEARBC Connect,broadband,2024-Q3,2024,3,33.68953981639374,28.461490598138138,20.080291812481608,18.566299483469123,93.35465709969786,95.7305,3313,148,0.03786548392557061,True
135423,,Total Information Management Corporation,broadband,2024-Q3,2024,3,44.29397064441476,40.25534107115574,22.695764128463082,25.993501140201573,10.077002241434519,4.427,3124,80,0.0357053340728894,True
15084,,Concentrix CVG Corporation,broadband,2024-Q3,2024,3,49.131513866099674,67.42063480982455,15.433569890873136,18.00704866258238,40.99264014290354,46.077,3079,130,0.035191012679393875,True
138025,,RBC Cable Master System,broadband,2024-Q3,2024,3,51.19672642686056,37.438893394865936,41.786082877274474,31.851184338208178,35.394819019414285,40.289,3040,27,0.034745267471697754,True
149848,,CELEBRITY CABLE NETWORK INC,broadband,2024-Q3,2024,3,29.072765641650037,24.923452152722486,20.69725832572098,16.978881090837444,31.543010951403154,29.0225,2925,63,0.03343089057720919,True
151354,,MCBROAD IT SOLUTIONS,broadband,2024-Q3,2024,3,49.36761618106285,30.002616070538682,37.6134406963988,20.724703680188384,41.97385699409927,31.947,2881,52,0.03292799854801356,True
141152,,BATAAN SPACE CABLE NETWORK INC,broadband,2024-Q3,2024,3,51.587901253034445,40.58914982903655,28.350145150149498,23.79083166615719,58.86339519264758,39.038,2833,99,0.03237938906161833,True
134802,,Naic Cable TV Corp.,broadband,2024-Q3,2024,3,46.2796502924162,30.493408408368122,34.041516798027004,6.4314895224974125,36.760557219662054,6.692,2605,12,0.029773494001241,True
150431,,ADS Cable TV Network,broadband,2024-Q3,2024,3,41.65135232316832,32.452834342750585,26.35298089194521,22.16617165461885,34.826660692464365,26.421,2459,17,0.028104806813455518,True
147174,,POLARIS CABLE VISION INC.,broadband,2024-Q3,2024,3,30.042089735274548,19.792438257932826,18.76108565698107,9.614610275812655,30.795144523115372,33.0,2404,68,0.027476191776960986,True
132464,,Barbaza Multi-Purpose Cooperative,broadband,2024-Q3,2024,3,9.72936981847303,8.12802086331495,7.742712384351002,6.264543674096843,66.28391847354727,53.673500000000004,2306,102,0.026356114075570727,True
139900,,RELIANCE CATV AND ENTERTAINMENT SERVICES,broadband,2024-Q3,2024,3,26.830371076940438,23.896520423644727,18.01959485931318,18.60097539317225,86.83661786492374,98.719,2295,112,0.02623039106827182,True
141676,,St. Joseph Cable TV System,broadband,2024-Q3,2024,3,34.03016854416937,6.405200926792512,19.43551462761424,1.936453597685252,106.50039187913126,89.2255,2127,260,0.024310257865888526,True
135549,,"NEW WORLD CATV, INC.",broadband,2024-Q3,2024,3,45.031048498630184,32.00950311520389,28.405912162364864,16.17148498049145,62.13138200659446,73.52,2123,15,0.024264540408688924,True
150450,,"Kinahugan Bojol Communications, Inc.",broadband,2024-Q3,2024,3,32.7520588952801,28.565974291371322,25.29878612557631,24.666256071502175,50.49119356460532,36.967,1989,114,0.022733005592502246,True
137818,,Panay Telephone Corporation,broadband,2024-Q3,2024,3,16.695082502248834,18.364565007153676,9.234812856810665,7.724678267938227,113.64086988076723,99.578,1931,17,0.02207010246310801,True
10879,,Unitedhealthcare,broadband,2024-Q3,2024,3,49.6970709960945,38.7102979610213,38.87064578708426,16.82733745351999,46.61741453214845,42.475,1913,1,0.021864373905709802,True
149170,,TOLEDO CABLE TV,broadband,2024-Q3,2024,3,32.71605822447279,29.987414121362683,26.10435239643399,17.395567900455177,92.25389490616624,85.087,1865,13,0.021315764419314574,True
18187,,Ignite Telecommunications Inc,broadband,2024-Q3,2024,3,43.6356931828868,33.56142060926904,25.322504853296877,16.190443191660748,47.923349430276716,55.888,1844,157,0.02107574776901666,True
45209,,"University of the Philippines, Los Banos Campus",broadband,2024-Q3,2024,3,28.263362519103243,22.696559239242365,11.754076713427654,9.171086468860457,19.154613611416025,4.678,1823,17,0.02083573111871875,True
138929,,Cebu Cable TV Management Corporation,broadband,2024-Q3,2024,3,50.93279780441169,38.626585537772996,33.77796794783096,27.37654683264613,45.7199302963776,43.650499999999994,1823,88,0.02083573111871875,True
141994,,Ocean Wave Communications Philippine Corp.,broadband,2024-Q3,2024,3,34.79930197254053,34.39765118898167,20.503303617547818,22.228809035838623,37.06196525096526,22.664,1815,113,0.020744296204319546,True
134431,,News and Entertainment Network Corp,broadband,2024-Q3,2024,3,28.609986726743546,22.480661044080666,17.121555694459246,5.5017006406488065,108.0133568627451,90.99,1786,119,0.020412844639622427,True
131306,,CITI Cableworld Inc.,broadband,2024-Q3,2024,3,47.690601408811354,35.49047425951526,37.1407808,25.213203078679694,55.73001524926686,44.209,1707,37,0.019509924859930285,True
142555,,"Z-ENERGY CATV NETWORK, INC.",broadband,2024-Q3,2024,3,13.598313447293222,13.933832564958209,12.787501128872032,11.562301509844673,115.17691485613622,105.485,1705,194,0.019487066131330482,True
134241,,M7 Telecommunications Corporation,broadband,2024-Q3,2024,3,18.956395705950793,17.14123681543244,15.298951953495894,12.328252604027092,88.77482488207548,90.8555,1698,77,0.019407060581231178,True
137184,,Suniway Group of Companies Inc.,broadband,2024-Q3,2024,3,47.807895671255096,42.909959215671755,29.396288665236547,21.30322204428289,39.54056620730976,12.602,1669,159,0.019075609016534063,True
18360,,Santo Tomas E-Service Providers,broadband,2024-Q3,2024,3,136.4194941488923,114.55487580903869,81.12228363510137,73.21877620620283,11.422282175226584,3.985,1655,95,0.018915597916335455,True
18188,,Ateneo de Manila University,broadband,2024-Q3,2024,3,95.24186976450052,72.11223923849973,74.90728037029412,21.896940499831018,47.38017374517374,32.302499999999995,1555,46,0.017772661486345397,True
132054,,Rising Star Cable TV Services,broadband,2024-Q3,2024,3,45.54029066688936,23.858930338135057,23.452769774897522,8.703156883492767,55.16466952506596,34.137,1516,20,0.01732691627864927,True
139464,,KMC Mag Solutions,broadband,2024-Q3,2024,3,196.04354382667833,141.5244055911978,131.134328191053,89.51042118643076,9.08978376580173,4.337,1505,63,0.017201193271350366,True
151465,,CULASI CATV INC.,broadband,2024-Q3,2024,3,24.94488627843572,19.015576281136326,12.505866023432716,7.15705263781048,76.23104787592717,72.282,1483,12,0.016949747256752554,True
142414,,MALASIMBU CATV CORP,broadband,2024-Q3,2024,3,46.76088731084163,9.99379925078356,32.098844364159454,2.700562106209902,86.36732613390927,90.125,1389,79,0.0158753870125619,True
150000,,Data-Beam Business Solution,broadband,2024-Q3,2024,3,25.009337412943417,12.929921348617444,10.339779229687055,6.283196075493872,48.197157076205286,25.74,1287,9,0.014709591853972042,True
135283,,Makilala Cable TV,broadband,2024-Q3,2024,3,20.384769257029166,31.21465843239545,13.482800270098053,17.231848150364108,101.31263513513512,103.4255,1259,6,0.014389569653574826,True
132505,,Concentrix Daksh Services Philippines Corporation,broadband,2024-Q3,2024,3,53.50223100641378,45.438682103223975,22.891401305789927,7.880262430672658,50.11198384491114,47.1135,1239,4,0.014160982367576814,True
151049,,ATSS NETWORK AND DATA SOLUTION,broadband,2024-Q3,2024,3,55.81254646361578,34.5707236169369,52.03411523086573,25.77879119361548,24.20092604765818,22.916,1217,2,0.013909536352979,True
136803,,TELMARC CORPORATION,broadband,2024-Q3,2024,3,16.030780685629566,13.93699768290643,9.67917410868434,9.01050753820348,19.4176644295302,3.883,1192,32,0.013623802245481487,True
147042,,Panabo Satellite Cable Television Inc.,broadband,2024-Q3,2024,3,20.196292777906265,17.42658087064481,14.013576664647923,9.66170937235647,121.40254459691252,110.2045,1167,18,0.013338068137983973,True
151405,,WISE CABLE TV,broadband,2024-Q3,2024,3,18.430491565762665,20.74611667123555,11.750447663854032,15.073640253554675,117.80487913043478,109.4345,1150,18,0.013143768944885663,True
140927,,SKY MOVIE PHILIPPINES CATV,broadband,2024-Q3,2024,3,24.111086757949817,19.608262982264776,15.071304011353135,14.047426156169166,52.65300283018868,34.453,1062,130,0.012137984886494412,True
141709,,Clare Cable TeleVision,broadband,2024-Q3,2024,3,39.22504302184176,33.84837020420898,17.556719498929063,15.566314421741207,53.89802374169041,32.347,1053,4,0.012035120607795307,True
147178,,TierOne Communications International Inc,broadband,2024-Q3,2024,3,9.047838371710396,6.115421284174121,4.723963566594813,2.2795629844025003,52.895486407766995,51.423,1030,13,0.011772245228897592,True
134966,,Southern CableVision Inc.,broadband,2024-Q3,2024,3,22.634008184685822,13.056312501764642,20.533156549006897,6.819314589720515,105.07399208704254,104.3,1011,31,0.011555087307199481,True
149825,,RFi Fiber,broadband,2024-Q3,2024,3,33.184952808504256,22.39921817014906,22.217904978209503,14.675845733362891,21.215659397715473,4.951,963,16,0.011006477820804255,True
152131,,ILEAD NETWORK CORPORATION,broadband,2024-Q3,2024,3,37.75815763488481,27.148802868869563,26.490852979952997,20.72536468549945,22.742856236786473,12.091000000000001,946,11,0.010812178627705945,True
59322,,Black Fiber Solutions Corporation,broadband,2024-Q3,2024,3,52.54968632136238,38.74831051935847,33.46858719565791,14.902407198021919,33.77395828877005,25.828,938,76,0.01072074371330674,True
63927,,RISE,broadband,2024-Q3,2024,3,66.37669277441631,54.41706855794315,40.006540469565465,23.912406059504285,35.342907051282054,38.9165,936,54,0.010697884984706939,True
134213,,Netify Communications Corp.,broadband,2024-Q3,2024,3,178.99959293208101,126.24389477361186,170.29270312361103,93.21095448636368,24.68422161572052,22.9385,916,125,0.010469297698708928,True
136433,,Medrozo IT Solutions,broadband,2024-Q3,2024,3,18.180772712770835,19.11378601616758,15.444705865411846,14.249436488806024,107.64323439211391,101.361,913,45,0.010435009605809226,True
55402,,PNB Financial Center,broadband,2024-Q3,2024,3,15.686866629869305,11.08281686167584,15.424180559709155,15.175160593833464,29.29379317931793,30.0,909,13,0.010389292148609624,True
139213,,"Hillview Cable Systems, inc.",broadband,2024-Q3,2024,3,34.43774866100694,25.17155820227587,27.134298161157794,13.499203294376503,63.63933145434047,45.863,887,64,0.010137846134011811,True
137406,,Airlive Communications Inc.,broadband,2024-Q3,2024,3,37.046904963906904,30.7004068957062,19.457337337484155,12.058229458684133,30.899810141509434,10.3185,849,81,0.009703530290615589,True
142581,,Mambulao Cable Television,broadband,2024-Q3,2024,3,26.158932589460125,18.112861797131004,15.650195544401729,13.138263440515054,64.88133254716982,56.9225,848,12,0.009692100926315688,True
151652,,ZSG Internet Communication Services,broadband,2024-Q3,2024,3,27.052480402822578,24.811209165792533,21.514570415341034,21.99508838909702,73.1525678704857,84.178,803,132,0.009177779532820162,True
17895,,"Globalreach eBusiness Networks, Inc.",broadband,2024-Q3,2024,3,41.81086754160014,38.55793958371463,9.353260668124992,9.414877016809038,34.55193099121706,33.0,798,69,0.00912063271132066,True
6648,,"Bayan Telecommunications, Inc.",broadband,2024-Q3,2024,3,14.091646286384597,12.244034883569874,5.661102526732295,2.619950013252863,231.57756981132076,207.876,796,32,0.009097773982720858,True
132905,,AS number of Ateneo de Davao University,broadband,2024-Q3,2024,3,113.19462772474105,82.91688643237656,77.30433884209316,35.93118139786973,61.12439514066495,51.403999999999996,782,36,0.00893776288252225,True
131276,,Mega Speed ICT Solutions Inc.,broadband,2024-Q3,2024,3,64.02533733594707,42.37850574747683,31.45723590454883,15.766156209188235,27.626968668407308,20.472,766,21,0.008754893053723841,True
45600,,"University of the Philippines, Manila",broadband,2024-Q3,2024,3,94.69947520553919,58.111177136589596,63.47311905911632,24.862841060437386,21.963959210526316,5.0600000000000005,761,266,0.008697746232224338,True
138961,,Paradise Cable Television Network,broadband,2024-Q3,2024,3,20.008513698786516,15.152249553492293,9.380139829932245,6.4912211063713,54.67997256515775,56.0,729,45,0.00833200657462752,True
138970,,Wesfardell Cable Services,broadband,2024-Q3,2024,3,26.920596468290007,24.771366216690776,14.878549513985874,10.261433385768541,41.071435897435904,17.2635,703,3,0.008034843102830105,True
140549,,SHIFT DATA SERVICES INC,broadband,2024-Q3,2024,3,38.679613016090755,34.08135323614809,11.332488604084904,9.519806800333942,53.544756508422665,45.518,654,151,0.007474804252134977,True
138969,,"Marbel Services and Television System, Inc.",broadband,2024-Q3,2024,3,9.026282040943897,0.49496585512565605,7.867490915258862,0.31437862225368673,112.56151338582677,111.946,635,31,0.007257646330436866,True
135366,,Zafra Cable TV Network Inc.,broadband,2024-Q3,2024,3,34.73352552607806,23.35136331754952,27.064207282356428,16.825641180722492,67.16831353135314,59.5755,606,6,0.006926194765739749,True
132792,,"University of the Philippines Visayas, Miagao",broadband,2024-Q3,2024,3,41.550905464955285,25.907746620441266,14.799110032605686,8.074198354138764,51.877017271157165,45.807,580,3,0.006629031293942334,True
149635,,BICOL TELEPHONE AND TELEGRAPH INC.,broadband,2024-Q3,2024,3,38.59525915686654,29.596291708497795,25.543625306792382,12.722364837292996,62.359,41.3125,565,2,0.006457590829443825,True
142285,,KEITH.NET INCORPORATED,broadband,2024-Q3,2024,3,20.136260640523073,14.074141937053813,13.722265041101318,9.330439234175968,59.843581651376155,28.0,552,13,0.006309009093545118,True
141016,,SM Investments Corporation,broadband,2024-Q3,2024,3,90.94109604601717,46.873245192784,45.019946656686216,27.226188178738223,14.76723033707865,2.9995000000000003,534,7,0.006103280536146907,True
150707,,Romblon Cable Corporation,broadband,2024-Q3,2024,3,17.417341075692462,11.194672576637506,11.587988559589672,4.322222528771855,107.50672166998014,95.328,505,17,0.005771828971449791,True
141754,,Emapta Versatile Services Inc,broadband,2024-Q3,2024,3,95.88695496131804,50.32841874572571,79.26734009514172,23.464474555277597,37.899064777327936,36.774,494,13,0.005646105964150884,True
134415,,De La Salle - College of Saint Benilde,broadband,2024-Q3,2024,3,161.17131301855807,98.22928752733976,91.02774098970531,53.07322619912053,33.24356822810591,25.988,491,2,0.005611817871251183,True
140878,,Philippine National Police,broadband,2024-Q3,2024,3,80.18583633518742,70.76540095270003,60.44000993125813,35.71656579555194,42.44503885480573,22.056,489,5,0.005588959142651381,True
21433,,Accenture UK Limited,broadband,2024-Q3,2024,3,20.15060827663186,10.317914284872307,14.356833666205612,3.2886584876723606,58.284728260869564,40.436,460,3,0.005257507577954265,True
63848,,De La Salle-College of Saint Benilde,broadband,2024-Q3,2024,3,100.23757159738796,79.15212269324842,85.32475547902727,49.11548449262495,54.11750657894736,47.480000000000004,456,2,0.005211790120754662,True
152135,,"Cubiscomm Signal Sales, Inc.",broadband,2024-Q3,2024,3,22.89311619873254,19.4080615219403,6.268947662744236,2.930113590056931,144.40208744394616,113.354,447,5,0.0051089258420555575,True
23732,,Sagility Philippines B.V. Branch Office,broadband,2024-Q3,2024,3,39.27918119036124,23.692761521132592,10.128040059949884,2.86030975011699,54.642855855855856,44.7295,445,16,0.005086067113455757,True
58757,,Ace Wireless Network Phils. Inc.,broadband,2024-Q3,2024,3,17.610906183473553,21.258664311027452,10.433464045443309,11.510139256929184,65.2194168618267,39.28,427,15,0.004880338556057546,True
38609,,"American Data Exchange Corporation Ltd.,",broadband,2024-Q3,2024,3,52.36311564033626,28.54783503789305,38.344989721918765,14.135498831349402,87.34930424528302,40.182,424,15,0.004846050463157844,True
132716,,"1 Solaire Boulevard,",broadband,2024-Q3,2024,3,111.82666739849493,37.60690327397488,103.94141369896782,9.215463898350542,41.76385781990521,42.7825,422,3,0.004823191734558043,True
134216,,GLERCIMOR NETWORK AND DATA SOLUTION,broadband,2024-Q3,2024,3,39.303108525877846,37.86869556961894,32.17322856281276,31.14047092288329,87.52519138755983,90.4005,418,43,0.00477747427735844,True
151324,,BONGAO CABLE TV - ISABELA,broadband,2024-Q3,2024,3,48.47035948856197,36.395846954194205,30.87175515349208,30.593902348541164,38.09387439613526,38.4725,414,5,0.004731756820158839,True
12684,,SES ASTRA S.A.,broadband,2024-Q3,2024,3,2.075759047214801,0.8835913482094965,1.7049907454336206,1.0068495617050355,183.9778117359413,185.696,409,99,0.0046746099986593355,True
135499,,"Tiger Resort Leisure & Entertainment, Inc. (TRLEI)",broadband,2024-Q3,2024,3,38.19442873923145,33.598818763655224,26.221218284466364,23.35940963424339,47.176625,49.1305,409,7,0.0046746099986593355,True
135409,,Kacific Broadband Satellites Pte Ltd,broadband,2024-Q3,2024,3,6.87248707499563,1.337847984164278,7.119069264964594,0.9035008400472093,51.24091831683169,39.985,404,71,0.004617463177159832,True
139204,,RACITELCOM Inc.,broadband,2024-Q3,2024,3,35.84080502149103,26.929481719720208,24.859298532406378,18.15997392424222,13.901467336683416,6.156499999999999,398,62,0.004548886991360429,True
149509,,Xfiniti Internet Communication Services,broadband,2024-Q3,2024,3,37.81993353944301,26.05334277947357,27.158044655975914,13.625727634747633,86.7530616966581,87.127,389,186,0.004446022712661324,True
18214,,TELUS INTERNATIONAL,broadband,2024-Q3,2024,3,90.07301207801898,47.346250792760756,50.305755076279176,5.698806617995659,66.49677066666666,53.09,375,6,0.004286011612462716,True
38722,,Conduent Business Services Philippines Inc.,broadband,2024-Q3,2024,3,25.387797697172857,11.272227434549885,4.690874115796734,0.830534820506639,68.74335347432024,64.954,331,6,0.0037831195832670906,True
149802,,MT Cable Television Network,broadband,2024-Q3,2024,3,30.350212108165206,32.90143460179171,19.932480824856952,29.312834034760915,57.022911949685536,39.952,318,10,0.003634537847368383,True
136513,,Corporate Technologies Incorporated,broadband,2024-Q3,2024,3,17.2532076177036,5.784191442306296,8.411093697344684,1.2252394589513154,163.03300943396226,178.81400000000002,318,4,0.003634537847368383,True
4637,,Telstra Global,broadband,2024-Q3,2024,3,63.48116703416391,45.55362788926307,12.893100230784688,8.238317740438895,101.32294285714286,75.048,316,20,0.003611679118768582,True
136216,,Channel Information Technology Support and Leasing Services Inc.,broadband,2024-Q3,2024,3,189.9807930604103,169.2916767258339,115.83021070055898,89.03889828679384,27.76350961538462,30.877000000000002,314,59,0.003588820390168781,True
138689,,"CONCEPCION PAY-TV NETWORK, INC.",broadband,2024-Q3,2024,3,24.401652500791247,16.102732756870296,17.07285297455136,4.152128029626992,39.578618589743584,31.987000000000002,312,30,0.0035659616615689796,True
26344,,"Real Page, Inc.",broadband,2024-Q3,2024,3,182.20009136672468,51.0538460792496,125.13257105843809,0.08988877747090321,68.89888273615635,16.407,307,3,0.003508814840069477,True
58437,,MAPUAEDU,broadband,2024-Q3,2024,3,35.27256952474308,20.822169290620646,30.40188154695126,4.96076414930191,56.72308503401359,3.341,295,9,0.00337166246847067,True
152152,,SOLETECH IT SOLUTIONS,broadband,2024-Q3,2024,3,57.214968073876925,23.910604257368142,38.85895438122756,15.275344317625876,85.44024149659865,74.069,294,9,0.0033602331041707695,True
152172,,"PSALMS CABLE, INC.",broadband,2024-Q3,2024,3,11.204392701010427,7.68978196854579,9.482109155588233,6.099018154168235,72.02148275862069,73.188,290,3,0.003314515646971167,True
152680,,GLIPPH,broadband,2024-Q3,2024,3,28.079928677194868,26.051206618145677,23.036474409909815,16.02701082825092,46.06636013986014,36.661500000000004,286,3,0.0032687981897715646,True
4759,,TEXTRON CORPORATION,broadband,2024-Q3,2024,3,6.996971127686586,4.682041954824413,4.060709901898948,0.08956795033044135,74.18884452296818,73.999,283,29,0.003234510096871863,True
7629,,EPLDT,broadband,2024-Q3,2024,3,69.13370644584666,28.85371149623661,33.70522344066268,8.079104367017768,75.32444244604316,61.891000000000005,278,23,0.0031773632753723602,True
64008,,Department of Social Welfare and Development,broadband,2024-Q3,2024,3,158.67021581569784,33.36676742549294,89.17027853247295,1.1737146844534345,28.662859848484842,30.875,264,3,0.003017352175173752,True
132615,,Pipol Broadband,broadband,2024-Q3,2024,3,13.191704234718985,9.521274695993618,4.404978402702147,2.7693789419330685,73.33905405405406,15.914,262,65,0.002994493446573951,True
20258,,"Analog Devices, Inc.",broadband,2024-Q3,2024,3,71.28032590585408,90.13649707261928,38.62345776324793,29.176836785576754,87.80686507936507,61.3375,252,2,0.0028801998035749453,True
151788,,"EAGLE VISION, INC.",broadband,2024-Q3,2024,3,16.14708178935726,29.264570265134694,9.78069240744328,15.867408702733876,121.09738955823295,82.133,249,12,0.0028459117106752435,True
138975,,Claveria Agribased Multipurpose Cooperative,broadband,2024-Q3,2024,3,16.494814050857098,20.515868923973482,16.69228262131635,21.93834930322825,91.1455569105691,85.08,246,2,0.0028116236177755417,True
141455,,Halum Properties (HALPROP) Inc.,broadband,2024-Q3,2024,3,13.166212241117046,11.096679363717065,9.200140882177326,7.479690724360681,66.73230125523013,63.0,239,7,0.0027316180676762378,True
140984,,WTW HIGHTECH COMPANY INC,broadband,2024-Q3,2024,3,42.72825199189244,31.432117713680558,30.345118000454892,16.77121783051701,46.045281512605044,72.8925,238,30,0.002720188703376337,True
17721,,"International Rice Research Institute,",broadband,2024-Q3,2024,3,118.37667911883683,57.70557395542759,83.52782939264765,7.4852907044243935,31.37779831932773,7.1305,238,6,0.002720188703376337,True
149833,,Wrkpod Inc.,broadband,2024-Q3,2024,3,233.72024481420542,179.798153336577,209.65119381770623,119.0417684108469,19.87967381974249,18.393,233,18,0.0026630418818768343,True
11404,,Wave Broadband,broadband,2024-Q3,2024,3,54.980512409634485,40.81591706734549,27.712178256512356,22.38677186916227,44.35553846153847,15.0,221,25,0.002525889510278027,True
394869,,Asia Pacific Network Corporation,broadband,2024-Q3,2024,3,152.2856185897195,84.26237461304328,101.74866817148082,13.934222496695686,68.59192694063925,59.496,219,13,0.0025030307816782263,True
135158,,Softnet Limited,broadband,2024-Q3,2024,3,73.63363421420097,44.897923335560115,44.961826270588595,4.405873470020983,76.52094366197181,62.093,213,24,0.002434454595878823,True
18190,,SunValley New Oriental,broadband,2024-Q3,2024,3,25.078792934434983,31.293374058213242,17.066868924009896,27.560639821727097,28.92518932038835,4.462,206,40,0.002354449045779519,True
137846,,Sharp Viewing Entertainment Corporation,broadband,2024-Q3,2024,3,15.554996620273341,15.086887358485114,8.089505500753813,5.615588443367297,88.41949246231155,89.821,199,2,0.0022744434956802144,True
132454,,"Philippine Telegraph and Telephone Corporation,",broadband,2024-Q3,2024,3,96.14085480612181,45.95017342685583,41.861799348629184,24.87072810321269,7.357651282051282,2.82,195,28,0.0022287260384806122,True
138496,,"Inspiro Relia, Inc",broadband,2024-Q3,2024,3,76.1428460682548,48.74008260059302,49.109227803680575,31.104188532773563,51.60379274611399,31.499,193,2,0.0022058673098808114,True
153166,,PAKONEK SOLUTIONS INC.,broadband,2024-Q3,2024,3,47.92758289919545,21.44483879946627,30.11235651407162,4.986601061635117,84.65803370786517,94.97999999999999,178,5,0.0020344268453823026,True
140734,,Watch Tower Bible and Tract Society of the Philippines,broadband,2024-Q3,2024,3,95.52384662218624,94.43392403714174,91.64241556918718,58.883400941826835,49.49122485207101,38.805,169,37,0.0019315625666831973,True
23887,,PRODATANET INC.,broadband,2024-Q3,2024,3,23.58095649378303,2.6325443751149877,23.34268436822622,1.8237876490339429,27.374630952380947,12.2235,168,7,0.0019201332023832968,True
45166,,Pacific Internet Pte Ltd,broadband,2024-Q3,2024,3,38.270601703677194,38.74833841287079,41.51452579428743,44.65693076590085,2.8438000000000003,2.759,165,4,0.001885845109483595,True
150749,,AF Tech I.T. Solutions,broadband,2024-Q3,2024,3,18.363534346452848,9.149723433940473,12.000618746602168,5.013520978507911,49.77914723926381,46.0,163,1,0.001862986380883794,True
137487,,Manila Electric Company,broadband,2024-Q3,2024,3,97.2041394175379,105.80887059143403,75.11515237695843,78.6856952438952,16.848194968553454,4.841,159,22,0.0018172689236841916,True
58907,,Acquire BPO Pty Ltd,broadband,2024-Q3,2024,3,140.8936012011256,96.21746553943944,88.24973674284143,26.887050708557418,40.13930666666666,30.4495,150,16,0.0017144046449850865,True
152458,,HAPIBYTES,broadband,2024-Q3,2024,3,27.86319087946337,26.31405352411284,26.109996229963333,26.50699549053833,29.911125874125876,22.902,143,2,0.0016343990948857823,True
134564,,NETFACTORY,broadband,2024-Q3,2024,3,41.10480132879941,30.742445314901644,28.554270209014476,27.51552032671951,77.63172592592593,85.389,135,15,0.0015429641804865777,True
23689,,Makati Shangri-La,broadband,2024-Q3,2024,3,31.91828785803303,29.62488900097773,14.663962183646396,14.232085609193177,16.712846153846154,3.6925,130,3,0.0014858173589870748,True
131253,,De La Salle-Lipa,broadband,2024-Q3,2024,3,40.42883534724872,30.09592697883737,9.56674036624435,8.401171243578439,41.58619230769231,35.078,130,11,0.0014858173589870748,True
58706,,Xavier School,broadband,2024-Q3,2024,3,49.02316140415801,45.823849732835825,44.41311128262225,41.846383659570606,3.749669291338583,3.719,127,1,0.001451529266087373,True
138915,,Kaopu Cloud HK Limited,broadband,2024-Q3,2024,3,8.79553223862276,5.927316113823394,1.3625822633857405,0.5869461877695689,92.8413464566929,66.488,127,13,0.001451529266087373,True
139333,,"Global Agility Solutions, LLC",broadband,2024-Q3,2024,3,102.82668713275756,32.91476641526906,102.67284250584444,11.389803782687277,41.635153225806455,41.1135,124,1,0.0014172411731876715,True
131281,,"University of the Philippines, Visayas Cebu Campus",broadband,2024-Q3,2024,3,100.8315267724969,101.5592059375939,61.39171136250342,42.206256398698656,33.44151219512195,40.65,123,5,0.0014058118088877709,True
136777,,247 Customer Philippiness inc,broadband,2024-Q3,2024,3,266.56543681118796,172.05326942146326,115.60557569263348,15.182595253769215,17.92455462184874,22.009,119,6,0.0013600943516881684,True
131245,,University of the Philippines,broadband,2024-Q3,2024,3,57.14956505691964,49.98870865221977,29.480267852278793,20.143799216505677,23.06616949152543,3.9385,118,4,0.001348664987388268,True
45218,,"Coca-Cola FEMSA Philippines, Inc.",broadband,2024-Q3,2024,3,40.25398464430838,25.447288813666884,32.027439782515366,15.843314456348125,86.78178260869566,37.487,116,5,0.001325806258788467,True
135132,,Dreamscape Networks Inc.,broadband,2024-Q3,2024,3,161.23386770252333,145.2651416595816,93.57910927311754,77.57536310285073,51.542639639639624,17.908,111,56,0.0012686594372889638,True
55437,,"WIT Phils., Inc.",broadband,2024-Q3,2024,3,21.70536768771289,2.710643720673102,22.39704089413057,3.5193961384823647,63.972858490566054,56.695,106,3,0.001211512615789461,True
38553,,DC Tech Micro Services Inc.,broadband,2024-Q3,2024,3,21.97716023274127,15.757244488268018,15.800212954126629,6.53329696157126,88.08632692307691,81.3255,104,36,0.0011886538871896599,True
138569,,Tech2go Strategic IT Solutions,broadband,2024-Q3,2024,3,21.4289695658967,3.486055623329287,16.703196166190075,0.9456878574783798,41.878245098039216,36.6265,102,6,0.0011657951585898588,True
133778,,GY Consultancy Group Inc.,broadband,2024-Q3,2024,3,7.536041096709625,4.1641500766628985,3.3719652326626375,0.13868497229476467,69.3269381443299,49.419,97,11,0.001108648337090356,False
45351,,ABS CBN,broadband,2024-Q3,2024,3,178.10391123476833,93.61691195527852,182.77524497413899,65.05449767406513,29.8098,32.179,95,2,0.0010857896084905548,False
137941,,Mabuhay Cable TV Inc,broadband,2024-Q3,2024,3,57.09862549607466,44.79077981723346,49.75766423357664,33.83665146095508,22.248684210526317,12.579,95,1,0.0010857896084905548,False
142416,,"Itiviti Philippines, Inc",broadband,2024-Q3,2024,3,42.61253735017474,16.34004610740131,47.37148755385161,9.375644683696366,113.26435227272727,46.034,88,1,0.0010057840583912506,False
133198,,"iOne Resources, Inc.",broadband,2024-Q3,2024,3,47.02052934717307,28.83702674842708,20.54285299713751,4.499166952003069,61.8464880952381,17.343,84,2,0.0009600666011916484,False
135162,,eUP-University of the Philippines System,broadband,2024-Q3,2024,3,101.25647391767097,61.772491859743305,91.83004134351523,47.024411394770844,26.906202531645572,5.251,79,41,0.0009029197796921454,False
140593,,ULAP Networks Inc.,broadband,2024-Q3,2024,3,163.50772081712688,93.86702380277585,84.48571136597297,51.652670551585075,5.439025316455697,4.771,79,4,0.0009029197796921454,False
1828,,Unitas Global,broadband,2024-Q3,2024,3,106.26112974410819,97.08107373233308,87.11265177182818,46.39634696876866,44.08820512820513,24.958,78,4,0.0008914904153922449,False
142121,,uniBeam Incorporated,broadband,2024-Q3,2024,3,72.68263912213554,12.286592755900221,81.58667412338137,0.07719624054308555,34.177184210526306,2.7889999999999997,76,2,0.0008686316867924438,False
134996,,"BSITC PHILS., INC.",broadband,2024-Q3,2024,3,35.29508803472811,21.22866898618568,24.81854604392845,2.9199781646179415,54.80110810810811,59.22,74,18,0.0008457729581926426,False
153191,,DNS NETWORK AND DATA SOLUTION,broadband,2024-Q3,2024,3,29.10559915582691,28.629377596009885,35.59352195311567,32.54884532191712,118.67404166666665,89.68299999999999,72,12,0.0008229142295928415,False
10096,,"Easycall Communications Phils., Inc.",broadband,2024-Q3,2024,3,10.299098903277825,9.805702316996138,1.48404289843655,1.4851016838722864,228.00258571428571,313.6965,70,11,0.0008000555009930403,False
206804,,EstNOC OU,broadband,2024-Q3,2024,3,37.89389348589652,4.911510650167193,21.818126641566657,1.9421898594973246,36.112835820895526,18.996,67,20,0.0007657674080933386,False
38445,,WiPro BPO Philippines LTD Inc.,broadband,2024-Q3,2024,3,283.2131188722596,177.93190879032196,220.42045173076582,144.8228923235934,11.0555223880597,5.885,67,9,0.0007657674080933386,False
132059,,"762 Quirino Highway, San Bartolome",broadband,2024-Q3,2024,3,141.79082704804952,88.87470598418595,59.49129217674087,46.28199573198931,53.07384615384615,63.829,65,6,0.0007429086794935374,False
141238,,Qualfon is a business process outsourcing company providing contact center services for various companies around thew world.,broadband,2024-Q3,2024,3,103.67265407893085,60.393282851818384,81.56175552501436,40.51837558150398,59.25338461538461,49.199,65,9,0.0007429086794935374,False
151360,,SONIC NETWORKS PHL INC.,broadband,2024-Q3,2024,3,35.92127671950641,22.91352431533247,34.03499982014635,8.7927422854732,59.129950819672125,56.986,61,4,0.0006971912222939351,False
17452,,Bitstop Inc,broadband,2024-Q3,2024,3,19.156747289841107,21.649225619946538,12.70379174856778,12.25840683730802,44.62705263157895,17.818,57,3,0.0006514737650943328,False
135556,,MULTIFACTORS SALES,broadband,2024-Q3,2024,3,22.326687929598513,42.34041285870237,11.859518714531323,11.662324284094833,69.5502857142857,61.480500000000006,56,2,0.0006400444007944322,False
134416,,De La Salle-Zobel,broadband,2024-Q3,2024,3,80.31743291495702,27.15178803008085,70.5602607740991,1.5980880133839064,36.04455769230769,16.907,52,1,0.0005943269435948299,False
153174,,Aioni Digital and Data Solutions Inc.,broadband,2024-Q3,2024,3,13.856552714453423,12.878026738655528,13.84162604412874,4.987692826418277,26.09403846153846,28.965,52,11,0.0005943269435948299,False
38301,,Trec Global Pacific Transit AS,broadband,2024-Q3,2024,3,94.65046820334213,58.417117203200895,88.79504144790755,73.85315986080315,22.513229166666665,29.558500000000002,48,2,0.0005486094863952276,False
146948,,"Rural Bank of Guinobatan, Inc.",broadband,2024-Q3,2024,3,6.813819568848314,2.4082151917566805,3.776161772217463,1.2672229553271752,68.92347619047618,59.7335,42,3,0.0004800333005958242,False
132829,,Nevigate Communications (S) Pte Ltd,broadband,2024-Q3,2024,3,168.6486920628745,168.76629126938477,136.60152004469168,82.23306051816715,15.440523809523809,10.2865,42,1,0.0004800333005958242,False
18229,,CtrlS,broadband,2024-Q3,2024,3,24.84503776277439,17.49209053224456,12.052461256770638,3.359569165715568,58.48085714285714,70.29050000000001,42,3,0.0004800333005958242,False
7306,,Asian Development Bank,broadband,2024-Q3,2024,3,79.77972409477823,29.652421500861486,55.940506651501146,24.803304755603598,31.742075,30.825,40,6,0.00045717457199602305,False
139614,,BANGKO SENTRAL NG PILIPINAS,broadband,2024-Q3,2024,3,74.28634363736826,27.77605632482731,74.1187028456863,6.7662287380946236,45.54941025641026,39.611,39,5,0.00044574520769612245,False
45865,,INFORPSSC,broadband,2024-Q3,2024,3,101.09620995067357,83.42430616989616,99.41124538415241,70.70052523054076,50.60389743589744,60.35,39,2,0.00044574520769612245,False
153200,,cyber peers,broadband,2024-Q3,2024,3,33.87887768785986,31.219109098414016,33.582067626723855,33.609490502715566,78.3503076923077,74.971,39,6,0.00044574520769612245,False
140619,,JSLINK INTERNATIONAL CORPORATION,broadband,2024-Q3,2024,3,25.533641501808507,38.056815603865104,13.222972193054202,35.46699180581981,4.407105263157895,4.1605,38,5,0.0004343158433962219,False
132141,,Penthouse,broadband,2024-Q3,2024,3,151.80556444447038,75.93570277313903,152.14192907308956,22.33421411173034,49.35048648648648,40.251,37,1,0.0004228864790963213,False
136982,,Integranet Network Services,broadband,2024-Q3,2024,3,37.34086712286215,29.462178643249885,17.29835746030587,8.160691102376889,13.792864864864868,7.492,37,21,0.0004228864790963213,False
22773,,Cox Communications Inc.,broadband,2024-Q3,2024,3,42.70513320203081,19.75049016243805,16.987025443404363,10.195913224520654,40.09571428571428,21.445,35,10,0.00040002775049652014,False
140708,,VITRO INC.,broadband,2024-Q3,2024,3,51.17973893087786,24.372457419103867,48.140663323039796,5.092139197293766,29.896323529411767,13.347000000000001,34,1,0.0003885983861966196,False
134414,,De La Salle-Greenhills,broadband,2024-Q3,2024,3,68.47000871433274,48.18863482064524,74.35335668720197,53.92024477854144,35.816,4.206,33,1,0.000377169021896719,False
63938,,Pulo Diezmo Rd.,broadband,2024-Q3,2024,3,111.27716345757267,61.36430133218336,109.72585629301227,47.88230545908943,17.316031249999998,4.46,32,7,0.00036573965759681843,False
24456,,"FOUNDEVER ASIA, INC.",broadband,2024-Q3,2024,3,42.00784496564123,25.84541903505236,36.02072906687286,2.647521248674311,22.514937500000002,32.0595,32,1,0.00036573965759681843,False
33680,,TELEPERFORMANCE USA,broadband,2024-Q3,2024,3,47.40401072565397,53.01940255629437,53.85882151182907,65.82084930872894,90.67339999999999,80.2345,30,3,0.0003428809289970173,False
136404,,BICOLANDIA CABLE TV INCORPORATED,broadband,2024-Q3,2024,3,48.407455040896316,59.723921038173955,51.891211974799944,83.59135502161244,56.716966666666664,50.923500000000004,30,3,0.0003428809289970173,False
138333,,SEKYURLINK Networks,broadband,2024-Q3,2024,3,31.3285937590684,29.490158702955096,26.14764764386088,21.296213804365813,133.9468,143.89350000000002,30,2,0.0003428809289970173,False
135122,,MILLAWAVE,broadband,2024-Q3,2024,3,26.465180900508134,33.84161908908753,12.145924992145877,1.7262345348747108,169.05168965517242,212.628,29,1,0.0003314515646971167,False
59342,,ABSATELLITE BBS-PH,broadband,2024-Q3,2024,3,30.289447099047326,19.71018262854672,8.975528263547453,0.20221310229890083,10.88875,8.201,28,4,0.0003200222003972161,False
136260,,IPOINTEAST INC.,broadband,2024-Q3,2024,3,100.83040667578099,97.66244065461159,28.542146892640364,4.550801465808322,166.30007692307692,39.558,26,4,0.00029716347179741497,False
151627,,KC Broadband Inc.,broadband,2024-Q3,2024,3,55.294477173874654,51.1043212222599,39.97152043976064,25.70173419394459,66.93650000000001,62.2,26,2,0.00029716347179741497,False
55343,,Conduent Business Services Philippines Inc.,broadband,2024-Q3,2024,3,272.1911971577826,262.1235511208561,264.98735229226554,281.61984823549153,58.354333333333344,65.319,21,1,0.0002400166502979121,False
38483,,"RCG INFORMATION TECHNOLOGY, AS CONTENT PROVIDER MANILA",broadband,2024-Q3,2024,3,57.22233195851037,44.128505032551075,69.50451386371162,16.46471843991461,53.9057619047619,31.73,21,1,0.0002400166502979121,False
38596,,"Innodata-ISOGEN, Inc",broadband,2024-Q3,2024,3,21.23948162611114,19.33641802599557,22.94114006471687,26.957605042394956,145.1556666666667,114.697,21,1,0.0002400166502979121,False
59348,,Skycable Corporation,broadband,2024-Q3,2024,3,283.00017492773566,174.0295610363469,350.72891603082167,217.33432487394006,30.71214999999999,33.5805,20,2,0.00022858728599801153,False
17550,,San Miguel Corporation,broadband,2024-Q3,2024,3,61.727284577494686,45.80495410914475,20.904021675571943,16.703848686618024,45.6,2.5345,20,4,0.00022858728599801153,False
22764,,"Fluor Enterprises, Inc.",broadband,2024-Q3,2024,3,48.11268358372325,22.179622462164993,56.11921654937031,20.812992866986967,172.9864,182.0,20,2,0.00022858728599801153,False
136462,,Mootech Asia,broadband,2024-Q3,2024,3,37.68940463125172,22.51152313331921,39.778459552664714,20.627481474773276,37.131150000000005,30.3655,20,4,0.00022858728599801153,False
137827,,Cygnal Technologies,broadband,2024-Q3,2024,3,43.75063528039646,24.07237976190578,51.35757649021821,19.89829221373823,7.703473684210525,3.197,19,4,0.00021715792169811095,False
32110,,"Asurion Insurance Services, Inc.",broadband,2024-Q3,2024,3,350.4461532536477,64.08397988792197,118.61572228259999,59.02761462796932,17.228777777777776,12.942499999999999,18,1,0.00020572855739821037,False
149027,,Neo-Tech Asia Distribution Inc.,broadband,2024-Q3,2024,3,31.277035918804852,15.470513579716407,16.151277150556062,7.021711465558081,115.2165,18.755499999999998,18,2,0.00020572855739821037,False
132844,,Ateneo de Manila University,broadband,2024-Q3,2024,3,120.1687189485192,140.21144977443467,119.5391687547367,123.64685543725798,19.630555555555553,11.936499999999999,18,3,0.00020572855739821037,False
32043,,NeoFiber Communications inc.,broadband,2024-Q3,2024,3,29.388549701534142,27.712782004267343,36.65790346033353,22.135305958636906,51.639823529411764,28.009,17,3,0.0001942991930983098,False
38334,,"World Health Organization, Western Pacific Regional Office,",broadband,2024-Q3,2024,3,203.11805719484425,134.62256716400205,191.80583313187776,25.891201520068147,26.571875000000006,3.414,16,1,0.00018286982879840922,False
152173,,Robinsons Bank Corporation,broadband,2024-Q3,2024,3,98.54024653342779,93.94499098900371,91.3806491767933,67.78728572945796,3.4961249999999997,1.148,16,3,0.00018286982879840922,False
23665,,GSNET,broadband,2024-Q3,2024,3,61.39840041667071,37.25773265179169,53.962679715780816,49.12403218448459,18.873800000000003,31.797,15,2,0.00017144046449850864,False
5580,,GTT Communications Netherlands B.V.,broadband,2024-Q3,2024,3,125.30706408440453,119.64377846563703,127.29432217230278,102.77679480324454,48.39338461538461,40.081,13,2,0.00014858173589870748,False
137417,,Cambridge University Press is the publishing business of the University of Cambridge in UK,broadband,2024-Q3,2024,3,142.1778911990837,122.78253250643402,131.6331584698426,113.16556093171125,39.44169230769231,38.926,13,1,0.00014858173589870748,False
3257,,GTT Communications Inc.,broadband,2024-Q3,2024,3,112.71009220487205,78.03330402082824,131.573709700999,75.09271687931522,49.65615384615384,34.972,13,2,0.00014858173589870748,False
45343,,AYALA LAND,broadband,2024-Q3,2024,3,15.503600043278462,45.190260162427535,10.117218030912863,34.04440129016194,10.133916666666666,7.9125,12,1,0.0001371523715988069,False
38325,,WTP,broadband,2024-Q3,2024,3,31.153266464571512,45.580750916240206,40.647621142160624,50.00997252425963,102.97766666666666,89.6675,12,2,0.0001371523715988069,False
24109,,WNS Global Services,broadband,2024-Q3,2024,3,88.16177203549297,34.33331948388728,104.33673384394154,26.257163130524724,32.366454545454545,26.714,11,4,0.00012572300729890633,False
400318,,"Versa Networks, Inc.",broadband,2024-Q3,2024,3,21.514497253861368,14.168149314753945,20.233699437331577,14.815278049656516,69.07354545454545,22.838,11,2,0.00012572300729890633,False
395793,,Arisk Communications inc.,broadband,2024-Q3,2024,3,11.958006364526437,7.873838559872094,6.524646351819691,3.339485741993424,77.5529090909091,72.568,11,2,0.00012572300729890633,False
63846,,SGS ASIA PACIFIC LIMITED,broadband,2024-Q3,2024,3,336.8056474660852,214.8369044751471,107.67647208516972,92.2545903197039,12.310727272727274,5.901,11,1,0.00012572300729890633,False
139040,,"CANON BUSINESS PROCESS SERVICES PHILIPPINES,",broadband,2024-Q3,2024,3,16.44427993317272,17.970731563300824,14.2748884347203,12.15312337034092,35.26211111111112,31.994,9,1,0.00010286427869910519,False
19970,,R&R Managed Telecom Services,broadband,2024-Q3,2024,3,1.6562600949552782,0.15095233482402734,1.6096935650186708,0.060959626462370145,432.0784444444444,424.341,9,2,0.00010286427869910519,False
139630,,Telectronic Systems Inc.,broadband,2024-Q3,2024,3,10.905907795366335,3.6905150702684795,7.237486631354582,0.5105282920568446,110.49612499999999,96.8065,8,2,9.143491439920461e-05,False
151789,,Philippine National Computer Emergency Response Team,broadband,2024-Q3,2024,3,87.23062106776518,73.02251514669535,89.4860020831039,73.02251514669535,1.64275,1.627,8,1,9.143491439920461e-05,False
17978,,SERVCORP AUSTRALIAN HOLDINGS LTD,broadband,2024-Q3,2024,3,61.1097195836376,89.96691212737782,60.66763891946644,101.13473890671526,97.34949999999999,107.094,8,1,9.143491439920461e-05,False
58677,,DOFAIMPNET,broadband,2024-Q3,2024,3,50.85385080847878,67.15859601602035,39.853494555230824,91.41922752861514,3.8697500000000002,5.1345,8,1,9.143491439920461e-05,False
58604,,PACKETWORX INC.,broadband,2024-Q3,2024,3,6.39275307690088,57.96381844539543,0.5450905407169093,57.71536985297677,181.56714285714287,235.095,7,2,8.000555009930403e-05,False
63966,,RIZAL1,broadband,2024-Q3,2024,3,118.65073725128914,54.54516352340992,126.89660625988215,74.60662190094938,21.985857142857146,32.95,7,1,8.000555009930403e-05,False
24222,,OFFICETIGER DATABASE SYSTEMS INDIA PVT LTD,broadband,2024-Q3,2024,3,76.91950748524609,28.689049159636692,90.28880689241214,0.7182068846215188,30.551999999999996,31.022,6,4,6.857618579940345e-05,False
133195,,PERFETTI VAN MELLE ASIA PACIFIC PTE LTD - ROHQ,broadband,2024-Q3,2024,3,52.36930659710101,25.03268120810517,47.668657011955744,13.060877239664627,100.555,103.74950000000001,6,2,6.857618579940345e-05,False
132554,,Ateneo de Manila University,broadband,2024-Q3,2024,3,60.07475975257257,45.24841176478556,46.39516559334095,28.00365879158478,46.84516666666667,32.3085,6,4,6.857618579940345e-05,False
401783,,TOKALA COMMUNICATIONS INC.,broadband,2024-Q3,2024,3,35.552408424787515,19.775827220528893,38.97490815646538,19.775827220528893,241.97799999999998,274.0,6,3,6.857618579940345e-05,False
17445,,Universal Robina Corporation,broadband,2024-Q3,2024,3,159.61724234577784,150.0730872907268,133.9991913189674,165.06984955259463,13.108499999999998,3.3815,6,1,6.857618579940345e-05,False
2687,,"AT&T Enterprises, LLC",broadband,2024-Q3,2024,3,15.334264021684962,9.567752523481705,14.808287273449642,9.773786848834467,71.3344,63.434,5,2,5.714682149950288e-05,False
138218,,ABOITIZ EQUITY VENTURES INC.,broadband,2024-Q3,2024,3,54.90865122251704,23.520599871767658,36.73981899211345,23.520599871767658,33.5182,37.5,5,2,5.714682149950288e-05,False
141210,,Grand Unicom Corp,broadband,2024-Q3,2024,3,6.599517267271798,8.155042469165991,3.272469478306333,2.9341792526565977,19.7085,19.6435,4,2,4.5717457199602304e-05,False
24179,,"IMI, Manufacturing Semiconductors and Electronics",broadband,2024-Q3,2024,3,337.70965843699156,12.680078583755623,211.7390260239722,12.680078583755623,4.44475,4.695499999999999,4,2,4.5717457199602304e-05,False
152687,,Macrologic Diversified Technologies Inc.,broadband,2024-Q3,2024,3,239.60567752882417,,244.5494424838727,,29.76875,36.6355,4,1,4.5717457199602304e-05,False
141196,,DEPARTMENT OF INFORMATION AND COMMUNICATION TECHNOLOGY,broadband,2024-Q3,2024,3,67.92474180224508,71.66258099399973,74.40351530223694,66.22556458051278,90.74875,86.132,4,4,4.5717457199602304e-05,False
147044,,TECH MAHINDRA,broadband,2024-Q3,2024,3,50.16418400891787,7.10463023438117,7.343282565749025,2.105382731999354,46.683,47.444500000000005,4,2,4.5717457199602304e-05,False
154024,,FLEXEERE IT SOLUTIONS PVT LTD,broadband,2024-Q3,2024,3,129.7039981578137,67.27482949004053,125.9867846469764,41.944669348583105,32.98125,31.9625,4,1,4.5717457199602304e-05,False
132843,,Digital Advantage Corp.,broadband,2024-Q3,2024,3,66.63195668869442,23.997534989164407,66.98370273748371,31.126031180659233,46.21533333333334,29.185,3,1,3.4288092899701726e-05,False
138540,,"The Insular Life Assurance Company, Ltd.",broadband,2024-Q3,2024,3,210.41595250993035,189.4113622164155,201.50278147490098,189.4113622164155,3.452,3.484,3,2,3.4288092899701726e-05,False
139626,,"2GO Group, Inc.",broadband,2024-Q3,2024,3,38.63776310506586,41.23594397516589,18.31242939468762,15.167902650846068,18.06833333333333,22.142,3,1,3.4288092899701726e-05,False
17448,,Web.com.ph Inc.,broadband,2024-Q3,2024,3,20.95969814927084,40.91225149102969,19.65159420191284,40.91225149102969,90.78666666666668,2.096,3,2,3.4288092899701726e-05,False
9254,,"Del Monte Philippines, Inc.",broadband,2024-Q3,2024,3,4.225693539120125,0.7848353792781627,4.713822226548624,0.4350895845201821,127.21666666666665,75.669,3,1,3.4288092899701726e-05,False
40051,,"Disney Worldwide Services, Inc.",broadband,2024-Q3,2024,3,62.75340710079839,59.82302295003786,3.3119386345276416,59.82302295003786,153.16866666666667,101.581,3,1,3.4288092899701726e-05,False
38291,,BPS Corporation,broadband,2024-Q3,2024,3,13.721757132690483,26.28539914111367,17.216849739123376,26.28539914111367,45.666666666666664,46.0,3,1,3.4288092899701726e-05,False
38577,,LEEKIE-EN,broadband,2024-Q3,2024,3,44.0091250474362,10.001682573920105,44.0091250474362,10.001682573920105,38.310500000000005,38.310500000000005,2,2,2.2858728599801152e-05,False
36776,,Five9 Inc.,broadband,2024-Q3,2024,3,73.8705210109892,32.74689006255368,73.8705210109892,32.74689006255368,121.0395,121.0395,2,1,2.2858728599801152e-05,False
17561,,LARUS Limited,broadband,2024-Q3,2024,3,54.77959957352776,1.4192505911087225,54.77959957352776,1.4192505911087225,177.911,177.911,2,1,2.2858728599801152e-05,False
142649,,"Limitless-Tech Solutions, Inc.",broadband,2024-Q3,2024,3,51.187019392668375,50.003654363926614,51.187019392668375,50.003654363926614,4.558,4.558,2,2,2.2858728599801152e-05,False
139855,,"BIT(Brother Internet Technology),INC.",broadband,2024-Q3,2024,3,2.4184441517441706,9.327833471462174,2.4184441517441706,9.327833471462174,44.836,44.836,2,2,2.2858728599801152e-05,False
24298,,"Apollo Global Net AS, Application Service Provider, Manila",broadband,2024-Q3,2024,3,31.16215533834282,,31.16215533834282,,90.2505,90.2505,2,1,2.2858728599801152e-05,False
9334,,iManila,broadband,2024-Q3,2024,3,5.075680374977524,0.2863135865756607,5.075680374977524,0.2863135865756607,54.8455,54.8455,2,1,2.2858728599801152e-05,False
134716,,Savant Technologies Inc.,broadband,2024-Q3,2024,3,46.47539773323917,,46.47539773323917,,50.749,50.749,1,1,1.1429364299900576e-05,False
212238,,Datacamp Limited,broadband,2024-Q3,2024,3,10.16777155674409,0.09705531660529498,10.16777155674409,0.09705531660529498,174.524,174.524,1,1,1.1429364299900576e-05,False
24081,,SPI Technologies Inc.,broadband,2024-Q3,2024,3,77.98784546684993,90.65234221641515,77.98784546684993,90.65234221641515,30.0,30.0,1,1,1.1429364299900576e-05,False
10141,,DFNN Group of Companies,broadband,2024-Q3,2024,3,9.04699702303878,0.08084403233761293,9.04699702303878,0.08084403233761293,92.325,92.325,1,1,1.1429364299900576e-05,False
139623,,My Net Pty Ltd,broadband,2024-Q3,2024,3,230.02615851967028,129.5176588480337,230.02615851967028,129.5176588480337,11.444,11.444,1,1,1.1429364299900576e-05,False
140883,,Zeyond Limited,broadband,2024-Q3,2024,3,8.719367269146156,0.0893249651174348,8.719367269146156,0.0893249651174348,3.324,3.324,1,1,1.1429364299900576e-05,False
214143,,SKYDIGITAL TELECOM LTD,broadband,2024-Q3,2024,3,35.172008354712084,7.050047712576768,35.172008354712084,7.050047712576768,263.0,263.0,1,1,1.1429364299900576e-05,False
24079,,"DATAONE ASIA PHILIPPINES, INTERNET DATA",broadband,2024-Q3,2024,3,102.8923221935797,57.71703076051723,102.8923221935797,57.71703076051723,31.299,31.299,1,1,1.1429364299900576e-05,False
151633,,Archon Network and Data Solution,broadband,2024-Q3,2024,3,1.0247204920886688,,1.0247204920886688,,252.428,252.428,1,1,1.1429364299900576e-05,False
58884,,"SM Prime Holdings, Inc.",broadband,2024-Q3,2024,3,124.47126371953841,133.4035674433669,124.47126371953841,133.4035674433669,5.546,5.546,1,1,1.1429364299900576e-05,False
24451,,"Philippine Dealing System,",broadband,2024-Q3,2024,3,20.07932813606592,9.251471132052188,20.07932813606592,9.251471132052188,33.757,33.757,1,1,1.1429364299900576e-05,False
132193,,Social Security System,broadband,2024-Q3,2024,3,119.33670520636592,3.7283790741843883,119.33670520636592,3.7283790741843883,31.873,31.873,1,1,1.1429364299900576e-05,False
9299,PLDT,Philippine Long Distance Telephone Company,broadband,2024-Q4,2024,4,66.01953423012208,44.68053787363634,33.08869399152651,21.58562132159979,83.95918357809897,63.893,3345107,955634,43.1042271974979,True
17639,Converge,Converge ICT Solutions Inc.,broadband,2024-Q4,2024,4,93.67206812578566,71.13852969662712,46.00238656829871,33.11227862725271,31.94456826801913,32.0,1657691,33255,21.360599074184318,True
132199,Globe,Globe Telecom Inc.,broadband,2024-Q4,2024,4,109.86235119175198,79.61069012722615,54.80601593083797,39.21215005391382,24.04767200807522,11.776,847473,93161,10.920328926920764,True
14593,Starlink,Space Exploration Technologies Corporation,broadband,2024-Q4,2024,4,27.870016936310314,4.462385619386856,9.24394475055254,3.5137325770366274,47.59528305342063,30.613,338740,59553,4.364920440775268,True
139831,DITO,DITO TELECOMMUNITY CORP.,broadband,2024-Q4,2024,4,33.635258076906666,7.680875424259316,9.222875795581736,2.314834803743385,63.08653840600463,46.5775,160778,105566,2.0717458187015594,True
23944,Sky Cable,SKYBroadband SKYCable Corporation,broadband,2024-Q4,2024,4,52.637051372916915,7.170357226908357,31.385429953967282,3.181941834817307,34.71145340801974,31.32,147526,48037,1.9009838015758762,True
4775,Globe,Globe Telecoms,broadband,2024-Q4,2024,4,51.87531515648325,39.51878535704259,22.715472769788015,12.623435539487142,57.64495635739072,39.294,145085,32808,1.869529675119206,True
56207,Converge,ComClark Network & Technology Corp,broadband,2024-Q4,2024,4,40.22106368964324,35.9671825101884,33.88993348840047,32.5900522867569,29.868148943699037,26.587,104652,2078,1.348519968022712,True
134707,RoyalCable,RoyalCable Flash,broadband,2024-Q4,2024,4,95.5739877042979,71.27777422925207,48.517330730677074,37.94764528758788,19.826624279618915,4.83,85569,2545,1.1026211170712021,True
134788,Parasat,"Parasat Cable TV, Inc",broadband,2024-Q4,2024,4,144.0946046504049,26.46066890334084,70.48336013495556,4.870859689283838,41.21979146845106,35.043,57408,425,0.7397453878019326,True
135607,Infinivan,Infinivan Incorporated,broadband,2024-Q4,2024,4,37.471738736469256,27.69325878178638,21.671767132864503,13.049113488651136,83.57786852312644,86.651,54691,1222,0.7047347931346762,True
9658,Eastern Communications,"Eastern Telecoms Phils., Inc.",broadband,2024-Q4,2024,4,82.42781746440622,51.3700606926187,37.42136870347791,14.90416309041631,22.112052504393677,7.926,50095,4534,0.645511865975784,True
55821,,"RADIUS TELECOMS, INC.",broadband,2024-Q4,2024,4,87.92990246671172,59.364470360737236,50.04283000252005,31.351677878925997,28.954641532312387,31.0,44540,17949,0.5739315003605434,True
136515,Dasca,"Dasca Cable Services, Inc.",broadband,2024-Q4,2024,4,99.63762294986196,78.19987138719723,59.259594014446584,45.88865013002042,15.718287473952312,4.497,43215,1087,0.5568578757988524,True
141686,,LizardBear Tasking Inc.,broadband,2024-Q4,2024,4,85.60583725478497,51.432790820868725,56.9048821555697,20.521715034507316,31.52443071733645,30.655,41214,7,0.5310734812721023,True
45754,,Clear Path Networks Inc,broadband,2024-Q4,2024,4,112.99969411145582,60.92051407728142,69.5685099224736,43.761276861569065,38.95995822760102,34.986,35871,4201,0.4622248955867322,True
133623,,Planet Cable Inc.,broadband,2024-Q4,2024,4,40.18086595579175,19.250867358479713,17.125221514588816,6.464725149076466,74.39673033673719,46.6505,32927,165,0.4242892346738126,True
133334,,DCTV Cable Network Broadband Services Inc,broadband,2024-Q4,2024,4,57.251901237851065,38.51977089007142,31.268518174665022,16.785046347690773,66.58956507402421,54.3975,29758,361,0.38345427902400203,True
56099,,Asian Vision Cable,broadband,2024-Q4,2024,4,55.92570121583088,35.72859311416783,39.54634001912997,12.15350708013311,43.423328661256896,10.804,28474,3102,0.36690897039214443,True
56262,,Dagupan Urban Satellite Vision Inc.,broadband,2024-Q4,2024,4,72.81183193635167,23.459519701822565,50.91006417827597,11.749162661555271,33.64817536054005,25.4635,19557,491,0.2520066985305601,True
17970,,SKYBroadband SKYCable Corporation,broadband,2024-Q4,2024,4,42.37533036344834,4.407577103818532,27.704197786041874,2.2027734779669697,27.645897173516232,8.774,18084,1626,0.2330259823197141,True
138965,,Streamtech Systems Technologies Inc.,broadband,2024-Q4,2024,4,40.34523271299221,23.063938424451823,20.74041371272312,10.751241074972889,98.22161325522626,66.64750000000001,17417,142,0.22443118414413077,True
9927,,Philippine Global Communications Corporation,broadband,2024-Q4,2024,4,68.64486419219308,43.265509575413354,35.00048482671751,15.533939158766957,44.45969286266426,32.305499999999995,15533,710,0.200154422880564,True
137239,,Fil Products Service Television Incorporated,broadband,2024-Q4,2024,4,38.74450074839558,31.947067484354495,26.847246634838623,19.61237558369227,58.96885814809944,51.997,15221,243,0.19613406751207524,True
137074,,Responsible Internet Sustainability Effort,broadband,2024-Q4,2024,4,224.2015647619615,119.17570577909866,87.51235869055606,10.807049950835063,12.222026170140083,4.185,14642,700,0.1886732157224759,True
136929,,"Meridian Cable TV, INC",broadband,2024-Q4,2024,4,105.63215819431544,85.39979335754937,58.9814451562309,47.15356267694598,15.532822388993113,4.57,14394,261,0.18547754863470278,True
(unknown),,,broadband,2024-Q4,2024,4,73.24982174690876,42.08461234508755,46.80180150751446,14.296202988590917,71.54187545277237,62.534,14368,2706,0.18514251902066206,True
132021,,Kalibo Cable Television Network Inc,broadband,2024-Q4,2024,4,30.737978867550176,20.613095231467312,20.816187648042956,12.831296901826878,54.001420159386065,51.371,13555,158,0.17466640070469613,True
132400,,COMMUNITY CABLE VISION CORPORATION,broadband,2024-Q4,2024,4,55.119709339845464,37.81049749846453,39.48774652072205,13.862509654996138,47.819272707034735,33.78,13483,398,0.17373862638889104,True
151066,,Imperial network inc,broadband,2024-Q4,2024,4,67.66518173098936,38.14790124129685,44.866856963721204,23.937216257413343,62.20385385030447,52.301,12976,265,0.16720554891509679,True
135345,,NewMountainView Satellite Corporation,broadband,2024-Q4,2024,4,72.80235576718897,45.14482298597223,37.03696158976743,21.186973809880712,23.873838310090235,10.968,12200,428,0.15720620351141962,True
134497,,Cine Cebu,broadband,2024-Q4,2024,4,31.973132161462054,27.9758719191361,20.98056249980113,18.516116180660582,75.6610562848563,69.653,11672,72,0.15040252519551556,True
45499,,Cablelink & Holdings Corp. Transit AS Internet Service Provider Philippines,broadband,2024-Q4,2024,4,58.52340297142106,34.21895318280219,33.22154731016624,10.441828731013217,19.749075002382547,6.896,10493,1930,0.13521022077420705,True
139238,,Infinity Broadband INC.,broadband,2024-Q4,2024,4,81.8753561546598,68.76231321740335,62.052371565710246,48.24098520598333,49.843688811862144,84.024,10387,127,0.13384433080927177,True
174,Cogent,"Cogent Communications, LLC",broadband,2024-Q4,2024,4,40.87366055049907,32.217780709106904,23.548582657764275,15.850878876787801,79.72072568072609,86.308,9368,160,0.12071374708975237,True
9821,,Department of Science and Technology,broadband,2024-Q4,2024,4,134.47473382596996,112.02421442989895,58.263172029316124,28.535897320513396,15.456529317762751,3.199,8140,212,0.10489004070352095,True
137226,,"ANGELES CITY CABLE TELEVISION NETWORK, INC.",broadband,2024-Q4,2024,4,7.951526279054803,1.8429120472301146,6.872949842483633,1.069233892506786,43.40417267718508,30.859,7988,1951,0.1029314060368213,True
18233,,"Philippine Telegraph and Telephone Corporation,",broadband,2024-Q4,2024,4,42.340812626631646,26.409999791943314,19.93285530282738,9.990164423267592,36.05744084650689,19.926,7848,531,0.10112740042275584,True
152107,,Fiberbro Internet Communication Services Corp.,broadband,2024-Q4,2024,4,106.6295170002906,60.36984046156031,42.015023822410896,22.98040617954799,18.049570741758245,5.2225,7280,88,0.0938082919314045,True
135025,,"Nexlogic Telecommunications Network, Inc.",broadband,2024-Q4,2024,4,35.99595753490698,18.994971269470707,23.152763166457063,9.609091098837759,41.15737989949749,32.768,6966,241,0.08976216505414336,True
142629,,GigaFiber Corp.,broadband,2024-Q4,2024,4,32.382703758601316,19.12259356355375,16.3780330294407,5.489733865099165,109.8479887850467,104.897,6962,227,0.08971062203659863,True
140243,,"CMD Cable Vision, Inc",broadband,2024-Q4,2024,4,37.47455898775449,29.999056672738394,28.14998741072134,22.113003047990908,60.29492839434156,50.68,6861,68,0.08840916084359426,True
138958,,Tandag Electric & Telephone Company Inc.,broadband,2024-Q4,2024,4,29.265502722618702,21.694782941267363,13.453901000096005,7.988570203493255,128.914104502334,110.541,6652,197,0.08571603817688224,True
132054,,Rising Star Cable TV Services,broadband,2024-Q4,2024,4,20.876629130566688,11.025062312284204,16.959160643446587,0.08316746133777858,47.84351547020272,51.0,6562,18,0.08455632028212585,True
149645,,"Spectrum Cable network and broadband, Inc.",broadband,2024-Q4,2024,4,82.62841219902819,78.74502812943764,48.5454368547772,48.712464528968525,53.79581918340894,57.8035,6173,166,0.07954376182590109,True
150447,,Woofy Incorporated,broadband,2024-Q4,2024,4,59.42217316499942,46.5795420996576,47.50958102669728,38.42996655700335,29.539261168962053,30.1025,5955,121,0.07673466736971342,True
142271,,EWS DS Networks Inc,broadband,2024-Q4,2024,4,44.08912361242142,36.48073925031607,34.27876099911581,29.720691722361078,14.49602313935417,3.831,5791,37,0.07462140365037959,True
135582,,Galaxy Cable Corp.,broadband,2024-Q4,2024,4,61.03469814728811,34.69827015797621,48.88919007885146,28.676271514693234,40.577956838365886,22.270000000000003,5633,251,0.07258545445736285,True
151408,,Fil Products Service Television of Calbayog Inc.,broadband,2024-Q4,2024,4,27.57899542894057,23.307251070643037,14.921291505188053,10.788901271580105,96.41495527441197,85.3175,5623,20,0.07245659691350102,True
137404,,KCAT,broadband,2024-Q4,2024,4,37.82960143759148,24.570119494020314,19.454625909402296,12.213970529930686,29.024572210526316,18.23,4756,91,0.06128464786068129,True
151354,,MCBROAD IT SOLUTIONS,broadband,2024-Q4,2024,4,51.269310630002245,29.23866051695829,34.24205898621918,11.717804650595427,56.1495920848994,50.0,4524,151,0.058295152843087075,True
131465,,"Marbel Telephone System, Inc.",broadband,2024-Q4,2024,4,53.30689548153199,20.16044019929099,32.897661815723076,10.507582431383,67.2951912144703,54.49,4263,9,0.05493197094829359,True
134216,,GLERCIMOR NETWORK AND DATA SOLUTION,broadband,2024-Q4,2024,4,35.96291920622251,34.47165367100241,26.46019570685536,28.59418163667476,95.80506462984724,89.453,4257,64,0.0548546564219765,True
139752,,"Multinetwork Cable Television, Inc",broadband,2024-Q4,2024,4,65.89053732832741,38.968468063191736,33.18759894166233,19.22922197768502,66.80091998964267,63.256,3863,121,0.04977766919382082,True
135594,,Kabayan Cable Tv Systems Inc.,broadband,2024-Q4,2024,4,34.3788523626152,23.833638111584243,26.582541876183985,13.74235200552581,39.506107012035585,32.141,3829,23,0.049339553544690634,True
139798,,LizardBear Tasking Inc,broadband,2024-Q4,2024,4,118.41754944516285,66.46681194495015,86.2017786478462,13.752058043684272,27.098409103078975,16.446,3736,3,0.04814117838677571,True
139846,,StarCable,broadband,2024-Q4,2024,4,58.848895613982116,43.85836461848832,35.09540727900199,25.050720037198047,74.61404232230059,69.2285,3691,121,0.04756131943939752,True
139034,,Sattelite Plus Incorporated,broadband,2024-Q4,2024,4,17.52677302351642,6.723021875601403,13.903847906699278,3.4576004747069904,39.825296665716735,28.155,3515,686,0.045293426667429505,True
142424,,"Unique Cable Network, Inc.",broadband,2024-Q4,2024,4,36.211672591814676,27.224524177909387,24.995842563716348,12.605107467205853,84.95448431952663,76.845,3382,11,0.04357962133406731,True
137996,,"HGC Global Communications (Philippines), Inc.",broadband,2024-Q4,2024,4,176.6624901013167,123.75134649154394,41.347666588758166,21.50819120006736,41.20285133531157,29.016,3372,62,0.04345076379020549,True
149848,,CELEBRITY CABLE NETWORK INC,broadband,2024-Q4,2024,4,26.433480838706227,23.163806972106922,17.404584399245906,17.351792481084214,55.98512123039808,50.146,3322,66,0.04280647607089639,True
136244,,Panay Broadband / Buenavista Cable TV Inc.,broadband,2024-Q4,2024,4,40.433911175676805,27.03303279826984,19.76125135016202,10.702515749979773,29.903748241052305,14.799,3273,75,0.04217507410597347,True
151465,,CULASI CATV INC.,broadband,2024-Q4,2024,4,30.30159061465848,18.463055943083507,20.048476831317725,9.689485767506863,78.901316348859,62.234,3200,37,0.041234414035782194,True
23862,,University of the Philippines Diliman,broadband,2024-Q4,2024,4,91.07893103097311,71.14835175933895,47.84865409477188,19.66341273952017,22.05620380348653,4.817,3159,87,0.04070609810594873,True
138543,,Cablevision Systems Corporation,broadband,2024-Q4,2024,4,50.65324843078636,38.59613947992473,31.624589481627098,24.873646336449287,26.840267942583733,18.092,3138,103,0.04043549726383892,True
138987,,CHARLES CATV SYSTEMS INC,broadband,2024-Q4,2024,4,59.871228095805485,55.335204136814305,16.012248285680528,13.826754159011086,54.45699744490578,41.876,3135,20,0.04039684000068037,True
153359,,Imtech Solution and Data Providers,broadband,2024-Q4,2024,4,24.825747954211028,17.705034287285077,12.376274085047154,4.803366675896545,118.11920818330603,112.993,3057,25,0.039391751158558176,True
147174,,POLARIS CABLE VISION INC.,broadband,2024-Q4,2024,4,34.9079620353042,17.150229489810023,22.855243510923145,9.90647504508529,40.14606236559141,41.0,2791,68,0.03596414049183378,True
138025,,RBC Cable Master System,broadband,2024-Q4,2024,4,51.04518962052599,41.307879460493176,37.976992660210385,31.510027204333493,30.446004330566577,39.424,2772,37,0.035719311158496324,True
15084,,Concentrix CVG Corporation,broadband,2024-Q4,2024,4,50.40153581756582,66.23384149454074,13.827336232751067,9.13300142344256,51.4869184487133,53.201,2759,156,0.03555179635147596,True
135423,,Total Information Management Corporation,broadband,2024-Q4,2024,4,58.28097126988655,45.07353560973329,38.32312029693609,29.476726990007776,16.59957668028221,4.591,2693,66,0.034701336561987955,True
142009,,Misamis Cable Management and Development Corp,broadband,2024-Q4,2024,4,52.46154531149763,42.82125831767705,30.63807922126311,25.442122988367764,66.30134713855422,60.979,2661,201,0.03428899242163013,True
150704,,DEARBC Connect,broadband,2024-Q4,2024,4,44.146657483230705,23.4077701741234,32.356259821809815,10.110712030996012,104.59140903638543,97.526,2504,145,0.03226592898299957,True
55402,,PNB Financial Center,broadband,2024-Q4,2024,4,16.163907118098525,10.737175517321253,15.61389643866983,15.268223488891225,35.87130910543131,49.0,2504,11,0.03226592898299957,True
141676,,St. Joseph Cable TV System,broadband,2024-Q4,2024,4,28.950642879338893,5.883599883270733,15.797477637785127,1.845678546319085,70.20542656449553,55.756,2353,272,0.030320180070686095,True
134431,,News and Entertainment Network Corp,broadband,2024-Q4,2024,4,28.819112451903713,20.169065843646287,17.2067925390814,5.497207731739867,101.44787441063009,88.978,2334,136,0.030075350737348638,True
132464,,Barbaza Multi-Purpose Cooperative,broadband,2024-Q4,2024,4,15.636916066818468,12.323659431743653,9.477784511463916,8.479445153442601,82.28808318965517,60.1105,2324,81,0.029946493193486818,True
151650,,Switch Fiber,broadband,2024-Q4,2024,4,51.55153115796991,43.402867383795375,43.56081041650825,37.79453827412822,30.883655096660807,5.891,2277,21,0.029340862737336267,True
141152,,BATAAN SPACE CABLE NETWORK INC,broadband,2024-Q4,2024,4,77.78294996974759,44.29845462857652,48.27926161655675,27.757864060058285,62.598102886405975,36.0685,2148,95,0.027678600421518797,True
18187,,Ignite Telecommunications Inc,broadband,2024-Q4,2024,4,44.818967087522964,34.0579039792178,18.680759624897927,15.245210854785835,49.585828169014086,55.753,2131,155,0.027459542596953705,True
150431,,ADS Cable TV Network,broadband,2024-Q4,2024,4,40.10030166116724,31.779644689083188,30.175596654080785,24.751670645543875,53.70166348088532,49.9065,1988,20,0.025616879719729688,True
135549,,"NEW WORLD CATV, INC.",broadband,2024-Q4,2024,4,43.02399387664737,31.61286074649588,26.40517503617516,19.418698058130193,89.17276360887098,88.0495,1984,18,0.02556533670218496,True
133064,,SLMC INFRASTRUCTURE,broadband,2024-Q4,2024,4,68.38703380439716,77.27969873834977,42.93212213232388,43.104107426713945,19.99430679513184,4.5515,1973,17,0.025423593403936958,True
139900,,RELIANCE CATV AND ENTERTAINMENT SERVICES,broadband,2024-Q4,2024,4,41.0327563615445,36.21275930739468,29.08480239590241,26.90704989070499,86.4253256880734,96.624,1963,99,0.02529473586007514,True
142285,,KEITH.NET INCORPORATED,broadband,2024-Q4,2024,4,27.091553004273035,19.611381786700534,14.762094395602304,10.848750878058159,27.999922958397537,15.0,1947,22,0.02508856378989623,True
151653,,General Telephone System Inc.,broadband,2024-Q4,2024,4,66.46374682196392,46.349246393136134,35.5273312257214,26.91587576078514,54.94238105263158,18.741999999999997,1901,24,0.024495819088131858,True
142555,,"Z-ENERGY CATV NETWORK, INC.",broadband,2024-Q4,2024,4,12.5791141048938,14.296984618403473,10.030704091247117,9.265823613159764,121.99976732939281,103.0,1863,215,0.024006160421456944,True
137818,,Panay Telephone Corporation,broadband,2024-Q4,2024,4,15.703697262682885,16.425443458153808,10.221550568515838,8.384677519833465,108.50830326086958,91.9365,1842,18,0.023735559579347126,True
153166,,PAKONEK SOLUTIONS INC.,broadband,2024-Q4,2024,4,49.71878978569608,34.27758745096571,34.385045286732336,26.290826018804857,36.810846496106784,15.0,1798,19,0.02316858638635512,True
141994,,Ocean Wave Communications Philippine Corp.,broadband,2024-Q4,2024,4,57.07476393458392,41.648565934450346,34.794930736646265,25.864363740028768,38.034129810453756,22.912,1743,34,0.022459869895115114,True
150450,,"Kinahugan Bojol Communications, Inc.",broadband,2024-Q4,2024,4,39.593120483816605,31.17735538294282,24.414742311226476,23.224176326580242,88.97240461095099,85.963,1737,172,0.022382555368798022,True
15347,,IBEX Global Solutions,broadband,2024-Q4,2024,4,44.14714366142802,23.05229569532307,6.066937643937845,3.4426726321956767,114.51625787631272,88.363,1716,5,0.0221119545266882,True
134802,,Naic Cable TV Corp.,broadband,2024-Q4,2024,4,45.048097997437544,32.44209450289654,29.687821761270918,12.983904820900776,53.6206891651865,46.977,1694,13,0.0218284679301922,True
138929,,Cebu Cable TV Management Corporation,broadband,2024-Q4,2024,4,53.64486903346918,40.29425143819309,30.16194260163963,26.32182099664444,46.65456844106464,44.0985,1579,89,0.020346606175781275,True
150000,,Data-Beam Business Solution,broadband,2024-Q4,2024,4,26.36635851802716,16.204526970792287,14.57126337332602,7.277115584788508,31.64544091486658,22.061500000000002,1575,25,0.020295063158236547,True
136433,,Medrozo IT Solutions,broadband,2024-Q4,2024,4,21.172971055650763,19.244878445807473,17.91845834069149,13.817072427792233,96.07036321687539,89.0,1517,84,0.019547689403837998,True
153191,,DNS NETWORK AND DATA SOLUTION,broadband,2024-Q4,2024,4,38.25996482498009,25.327238534381426,30.492448627089903,22.764320744355118,107.86099129269928,95.127,1493,26,0.01923843129856963,True
131306,,CITI Cableworld Inc.,broadband,2024-Q4,2024,4,57.01873305643956,32.453836206114275,47.81327020895229,17.666100894638312,52.26531522468142,44.256,1491,10,0.019212659789797266,True
10879,,Unitedhealthcare,broadband,2024-Q4,2024,4,44.9120732864012,37.989524087939856,29.922267649018274,16.125662177308083,45.28598994252873,43.348,1392,1,0.017936970105565254,True
152131,,ILEAD NETWORK CORPORATION,broadband,2024-Q4,2024,4,45.99870489662877,30.105136714686004,25.59258846322105,14.77227195839706,36.45029760986893,19.904,1297,13,0.01671282343887797,True
134241,,M7 Telecommunications Corporation,broadband,2024-Q4,2024,4,22.232278972918916,24.72910420637246,17.100177940931527,13.28806512759407,102.2295771339076,96.663,1277,40,0.01645510835115433,True
142414,,MALASIMBU CATV CORP,broadband,2024-Q4,2024,4,42.07528580088038,9.811388454344417,31.011897934734122,0.7657503501460389,110.84051551312649,90.522,1260,83,0.01623605052658924,True
140927,,SKY MOVIE PHILIPPINES CATV,broadband,2024-Q4,2024,4,20.34813934886006,18.764343046244385,12.380609340940445,11.767994123692953,103.99211270983214,89.038,1252,129,0.016132964491499785,True
45209,,"University of the Philippines, Los Banos Campus",broadband,2024-Q4,2024,4,29.736607043282916,21.430474420439094,13.27945504709927,8.248816908184475,15.808452208835343,4.623,1245,16,0.01604276421079651,True
149170,,TOLEDO CABLE TV,broadband,2024-Q4,2024,4,28.984807992291216,24.29506804787939,23.248187300566414,15.57612357342857,81.73220179007323,74.0,1232,16,0.015875249403776145,True
134564,,NETFACTORY,broadband,2024-Q4,2024,4,58.34865336628712,40.09527633016017,40.50032695035964,20.9683134995374,94.19077832919771,88.103,1209,33,0.01557887705289396,True
59322,,Black Fiber Solutions Corporation,broadband,2024-Q4,2024,4,49.31442551909245,39.157881188465964,23.288830015965683,16.4575536664763,44.09507705053853,32.718,1207,84,0.015553105544121596,True
140878,,Philippine National Police,broadband,2024-Q4,2024,4,76.00888911899158,57.80249999587957,71.40185875628308,30.080543470935012,21.681912751677853,23.0,1192,3,0.015359819228328866,True
18360,,Santo Tomas E-Service Providers,broadband,2024-Q4,2024,4,155.21345676899227,134.00820165628107,106.92890669340774,87.7714619191363,9.370301614273577,3.861,1177,95,0.015166532912536139,True
139464,,KMC Mag Solutions,broadband,2024-Q4,2024,4,200.52680904209575,156.20534631019487,144.31951360790504,101.11801856871853,8.900218971631205,4.412,1128,58,0.014535130947613223,True
137184,,Suniway Group of Companies Inc.,broadband,2024-Q4,2024,4,57.882877026112446,65.28443211100455,29.169774872190565,30.995102164476688,37.65540619307833,38.549499999999995,1100,132,0.014174329824800129,True
138961,,Paradise Cable Television Network,broadband,2024-Q4,2024,4,21.518280361415957,15.49609772006669,12.388140010089533,7.972893062793139,86.85470544090057,66.0,1067,41,0.013749099930056125,True
21433,,Accenture UK Limited,broadband,2024-Q4,2024,4,8.476422621245542,10.972129608462833,4.822497962988285,3.8561589412721977,101.06980836575876,52.146,1028,2,0.01324655550899503,True
18188,,Ateneo de Manila University,broadband,2024-Q4,2024,4,125.24570512469617,97.27024520356892,81.76764761761912,39.856954786222076,27.40492361809045,26.653,995,21,0.012821325614251027,True
136803,,TELMARC CORPORATION,broadband,2024-Q4,2024,4,27.02976031295738,23.314461851818727,14.809856997345268,13.959006775404065,8.749980146290492,4.896,957,32,0.012331666947576113,True
63927,,RISE,broadband,2024-Q4,2024,4,84.81220509777243,65.32731383392675,50.27909460937437,26.59262429892535,36.95194858342078,37.73,953,52,0.012280123930031384,True
135283,,Makilala Cable TV,broadband,2024-Q4,2024,4,17.42915617219356,17.43555982106223,14.927810136492987,11.771291112365299,98.38294224598931,92.281,936,6,0.012061066105466292,True
17895,,"Globalreach eBusiness Networks, Inc.",broadband,2024-Q4,2024,4,35.99522239014128,28.113750284116733,8.990466529553759,7.700740208043802,48.94042919389979,35.919,919,45,0.0118420082809012,True
141455,,Halum Properties (HALPROP) Inc.,broadband,2024-Q4,2024,4,12.481062295083559,11.008440429170074,8.27597078618941,7.091432957302517,69.24838907103826,57.686,917,4,0.011816236772128836,True
153200,,cyber peers,broadband,2024-Q4,2024,4,25.675216090675303,23.755075929360313,19.61367942158554,17.64334631344714,94.12366337719297,87.0,912,63,0.011751808000197926,True
151788,,"EAGLE VISION, INC.",broadband,2024-Q4,2024,4,29.10344340897489,23.294748233993054,17.75983119819623,13.397018105358562,85.50815452538632,41.632000000000005,907,43,0.011687379228267016,True
151652,,ZSG Internet Communication Services,broadband,2024-Q4,2024,4,42.71420310310124,35.582992373976154,40.33382550924693,35.80884522086142,46.3803937007874,32.634,889,125,0.01145543564931574,True
141709,,Clare Cable TeleVision,broadband,2024-Q4,2024,4,55.77941619451375,37.73105217833043,39.191135442659366,22.818064066642695,55.55822536806342,37.0,883,4,0.01137812112299865,True
134966,,Southern CableVision Inc.,broadband,2024-Q4,2024,4,23.365438129316,21.40127314110422,18.23378879024996,15.656861226180224,110.27509875141887,100.711,881,14,0.011352349614226286,True
45600,,"University of the Philippines, Manila",broadband,2024-Q4,2024,4,105.64715301620369,74.87736815809133,67.73044197424971,25.36837005333027,26.122494857142858,4.632,877,355,0.011300806596681557,True
140975,,Comsat Cable Supplies and Services,broadband,2024-Q4,2024,4,20.96257236924199,11.169618033182173,21.41241523960292,4.567221041371813,44.37352095808384,40.002,835,44,0.010759604912461916,True
151049,,ATSS NETWORK AND DATA SOLUTION,broadband,2024-Q4,2024,4,56.68677344761769,38.11561266209461,54.06707802050183,31.261155256001004,22.702257003654086,10.665,821,24,0.010579204351055369,True
142581,,Mambulao Cable Television,broadband,2024-Q4,2024,4,29.588302124321473,21.954927581614548,16.43234021796755,14.044381521749191,60.730624078624075,49.8,816,41,0.010514775579124459,True
132505,,Concentrix Daksh Services Philippines Corporation,broadband,2024-Q4,2024,4,67.05134466351714,56.57046242846957,41.80019685322458,25.830188285405022,46.55578624078623,45.3435,814,4,0.010489004070352095,True
134213,,Netify Communications Corp.,broadband,2024-Q4,2024,4,148.16619724957363,129.85264333861468,143.54062299342002,115.42977004359851,44.13262724935733,33.7825,778,115,0.010025116912449545,True
147042,,Panabo Satellite Cable Television Inc.,broadband,2024-Q4,2024,4,24.865749242281552,21.16703058805549,19.08214156196778,9.892434306280663,122.91495382585752,106.0,759,18,0.009780287579112089,True
131276,,Mega Speed ICT Solutions Inc.,broadband,2024-Q4,2024,4,54.88236434536286,38.62790219908105,29.338346015195107,13.597507198024703,27.05636266666667,20.0,750,26,0.009664315789636451,True
135366,,Zafra Cable TV Network Inc.,broadband,2024-Q4,2024,4,40.36666584032143,30.439059970971634,30.108163367363417,20.624241700999015,64.75502953020134,54.71,745,7,0.009599887017705542,True
149825,,RFi Fiber,broadband,2024-Q4,2024,4,35.1327886722282,26.66556933200287,24.07708146383611,19.116779066568654,12.726607923497268,4.7375,732,16,0.009432372210685177,True
139213,,"Hillview Cable Systems, inc.",broadband,2024-Q4,2024,4,39.08885240152282,21.809844431213218,30.45874729691823,8.356189846478584,57.88328160919539,43.998000000000005,696,64,0.008968485052782627,True
138970,,Wesfardell Cable Services,broadband,2024-Q4,2024,4,34.6218262583862,25.776007494992793,19.36896057875934,14.430891856259684,33.74759388646288,16.367,687,3,0.00885251326330699,True
153055,,TAMARAW VISION NETWORK INC.,broadband,2024-Q4,2024,4,31.33522260272362,18.207899889816524,25.95776982101353,11.895107836854367,42.59213049853373,48.8675,684,15,0.008813856000148444,True
151405,,WISE CABLE TV,broadband,2024-Q4,2024,4,23.749053324651616,24.300808364247594,19.347300020234435,17.287726090620502,121.65678571428572,106.0,672,16,0.00865922694751426,True
149635,,BICOL TELEPHONE AND TELEGRAPH INC.,broadband,2024-Q4,2024,4,44.749750863302886,37.80014756889998,29.188954375836545,21.402884854357325,38.305415887850465,16.7305,646,2,0.00832419733347353,True
132905,,AS number of Ateneo de Davao University,broadband,2024-Q4,2024,4,92.15123995001605,74.63437495373427,61.141219982893496,21.174664012419647,68.09622964169381,52.8405,614,42,0.007911853193115709,True
140549,,SHIFT DATA SERVICES INC,broadband,2024-Q4,2024,4,58.47902758266034,36.00871255615003,26.618305599205687,7.107184625697752,54.817895522388056,51.0,604,170,0.007782995649253889,True
58757,,Ace Wireless Network Phils. Inc.,broadband,2024-Q4,2024,4,27.47089722556423,24.656399431190614,18.49855861817736,11.872830058349845,69.76913391304346,61.661,575,12,0.007409308772054613,True
151633,,Archon Network and Data Solution,broadband,2024-Q4,2024,4,20.430580355326992,13.534263624308972,16.36923195297802,7.314776458398434,117.07832926829268,109.24600000000001,574,18,0.007396423017668431,True
153174,,Aioni Digital and Data Solutions Inc.,broadband,2024-Q4,2024,4,31.856350053771614,26.392790873925964,15.902920199832657,4.981088470392576,62.35570701754386,48.710499999999996,570,16,0.007344880000123703,True
137406,,Airlive Communications Inc.,broadband,2024-Q4,2024,4,32.38287128795754,26.843617104985167,16.15577222877092,11.038452151737356,35.96456353591161,10.752,545,75,0.0070227361404691544,True
134415,,De La Salle - College of Saint Benilde,broadband,2024-Q4,2024,4,169.44148358739494,113.70768299977007,88.67947823541,55.95693691541231,35.34181679389313,39.2055,524,2,0.006752135298359334,True
132792,,"University of the Philippines Visayas, Miagao",broadband,2024-Q4,2024,4,41.31840234306203,28.406172444577557,19.333038573575667,9.130152053835907,58.55745294117646,44.453,510,3,0.006571734736952787,True
152680,,GLIPPH,broadband,2024-Q4,2024,4,46.042369342292076,35.956776432785645,34.47658555953358,23.147707558240405,44.7169594017094,45.8085,469,3,0.006043418807119328,True
139204,,RACITELCOM Inc.,broadband,2024-Q4,2024,4,40.43519636606187,26.88359352949775,26.13402575858686,15.003375578867608,31.37629525862069,6.9239999999999995,464,55,0.005978990035188418,True
20258,,"Analog Devices, Inc.",broadband,2024-Q4,2024,4,145.5433563972871,146.19675297092866,71.63857955973768,40.978121211966226,54.99101091703056,40.255,459,3,0.005914561263257508,True
147178,,TierOne Communications International Inc,broadband,2024-Q4,2024,4,10.415357081983982,6.126226609560192,4.96480130654334,3.3631732636826737,51.420804824561394,49.206500000000005,456,14,0.005875904000098963,True
149802,,MT Cable Television Network,broadband,2024-Q4,2024,4,30.878249525878196,28.877207969032174,17.306632810018307,14.702021537160414,57.9297752293578,42.054,439,10,0.00565684617553387,True
151324,,BONGAO CABLE TV - ISABELA,broadband,2024-Q4,2024,4,51.22285812476864,53.25845535901457,34.150695486234994,41.381310494313915,34.278981395348836,32.4755,430,4,0.005540874386058233,True
6648,,"Bayan Telecommunications, Inc.",broadband,2024-Q4,2024,4,26.090078418839663,19.236765946288386,6.437062671731125,1.5058855903629107,175.0910074074074,194.3,405,20,0.005218730526403684,True
150707,,Romblon Cable Corporation,broadband,2024-Q4,2024,4,18.023924962473174,11.336250333195139,15.71351101831533,6.709917722952997,87.57503015075379,82.9735,399,18,0.005141416000086592,True
141754,,Emapta Versatile Services Inc,broadband,2024-Q4,2024,4,122.36907273975721,59.121530849930586,92.44586995024811,34.09117516386704,34.962833759590794,34.977,391,16,0.005038329964997137,True
152297,,PLANETNET NETWORK AND DATA SOLUTION,broadband,2024-Q4,2024,4,28.123740278715548,22.86655706118107,22.35097901479059,14.626920406650472,76.55243989769819,55.36,391,103,0.005038329964997137,True
7629,,EPLDT,broadband,2024-Q4,2024,4,52.58570066706399,38.014342981172085,31.531107241124655,15.06020987087437,84.556456185567,80.65350000000001,389,14,0.005012558456224773,True
38609,,"American Data Exchange Corporation Ltd.,",broadband,2024-Q4,2024,4,56.744477967570084,36.50768302767864,46.94483665091142,16.728962007761567,61.81288174807199,42.539,389,12,0.005012558456224773,True
138689,,"CONCEPCION PAY-TV NETWORK, INC.",broadband,2024-Q4,2024,4,28.929870423406975,17.28909067424409,24.08211839933817,9.41794538288688,65.17063307493541,61.5,387,25,0.004986786947452409,True
141016,,SM Investments Corporation,broadband,2024-Q4,2024,4,85.14718945516401,53.23448681270728,41.12407620574831,16.24770198277701,9.782790155440413,2.991,386,10,0.004973901193066227,True
136216,,Channel Information Technology Support and Leasing Services Inc.,broadband,2024-Q4,2024,4,151.7321080044718,115.51222625747445,92.71222525343491,63.75063498480546,22.47592727272727,30.855,385,56,0.0049610154386800455,True
152152,,SOLETECH IT SOLUTIONS,broadband,2024-Q4,2024,4,43.92068094993895,32.89171951186413,27.107853622417814,18.992702956004255,79.5011058201058,75.197,378,16,0.004870815157976772,True
132615,,Pipol Broadband,broadband,2024-Q4,2024,4,27.720220462502894,15.663208688369162,7.69380708372078,2.4570371232566037,48.04788826815641,12.088999999999999,358,85,0.0046131000702531325,True
149509,,Xfiniti Internet Communication Services,broadband,2024-Q4,2024,4,44.24569934363558,30.200550977373915,27.108634563188737,8.19437131160237,85.68493181818181,85.027,353,164,0.0045486712983222235,True
152172,,"PSALMS CABLE, INC.",broadband,2024-Q4,2024,4,9.16513043785016,4.415706844968773,9.096139156021886,2.642754067450129,79.66562865497077,73.625,343,3,0.004419813754460404,True
137846,,Sharp Viewing Entertainment Corporation,broadband,2024-Q4,2024,4,14.472452646603063,11.969092617069151,7.659037336919498,7.40797118847333,101.57147005988024,91.2965,334,2,0.004303841964984767,True
63848,,De La Salle-College of Saint Benilde,broadband,2024-Q4,2024,4,114.2906829211585,78.96987914979468,79.3541840896025,33.98612173585822,53.53903021148036,43.218,331,1,0.00426518470182622,True
4637,,Telstra Global,broadband,2024-Q4,2024,4,60.716070849049245,34.493129237394555,19.78588414882072,5.5282983403483374,85.51507294832828,46.74,331,11,0.00426518470182622,True
135409,,Kacific Broadband Satellites Pte Ltd,broadband,2024-Q4,2024,4,7.708473246196018,1.9643472034731597,7.625179901990084,1.5676102555988272,71.19122424242423,48.290000000000006,330,43,0.004252298947440039,True
153175,,Tiny Redbug Enterprising Network and Data Solution,broadband,2024-Q4,2024,4,30.56709028089966,24.232311740538904,31.42336897122878,24.840993142736345,103.48584,79.759,300,51,0.0038657263158545807,True
12684,,SES ASTRA S.A.,broadband,2024-Q4,2024,4,2.555317624470269,0.9688381730158878,2.2569621529002672,1.0900681552093996,140.32960727272726,129.871,275,89,0.003543582456200032,True
17721,,"International Rice Research Institute,",broadband,2024-Q4,2024,4,127.65716345686207,56.610029620371094,90.68414281722087,23.429668465569033,37.59758364312268,30.001,269,7,0.0034662679298829405,True
64008,,Department of Social Welfare and Development,broadband,2024-Q4,2024,4,143.57324684918473,26.67510977010544,106.93078746708824,2.7072703269134117,18.884225190839693,17.823,262,3,0.003376067649179667,True
149833,,Wrkpod Inc.,broadband,2024-Q4,2024,4,238.76531928363553,210.6521037731006,168.35967225871937,142.5542626729392,23.35424409448819,16.216,254,21,0.0032729816140902117,True
7862,,Chevron Corporation,broadband,2024-Q4,2024,4,63.485490621555925,36.56197196367752,34.05103912117969,5.272019513572568,92.19896326530613,67.107,245,33,0.0031570098246145742,True
152135,,"Cubiscomm Signal Sales, Inc.",broadband,2024-Q4,2024,4,71.87699723564992,47.62101193236774,47.87086378306334,13.651054968842317,115.66390000000001,100.42,240,4,0.0030925810526836644,True
26344,,"Real Page, Inc.",broadband,2024-Q4,2024,4,185.7175831763231,97.27287587444646,126.0013233993383,2.3904123392743073,52.89631330472104,19.873,233,2,0.003002380771980391,True
23689,,Makati Shangri-La,broadband,2024-Q4,2024,4,66.15018201568553,56.182058707931034,68.65675012328711,54.82647212881706,19.190626126126126,14.181000000000001,222,2,0.0028606374737323898,True
136513,,Corporate Technologies Incorporated,broadband,2024-Q4,2024,4,14.654266705257992,11.80337411571856,4.9791520545271055,3.055713256575425,124.4140875576037,109.99,217,4,0.00279620870180148,True
132716,,"1 Solaire Boulevard,",broadband,2024-Q4,2024,4,120.55930295873749,30.078317502754636,121.18321041287935,9.817518360174555,50.61351219512196,21.742,206,3,0.0026544654035534788,True
18190,,SunValley New Oriental,broadband,2024-Q4,2024,4,37.64731556225399,36.58212851123194,36.589238681734564,40.97602721746664,13.546247524752475,2.4930000000000003,202,40,0.002602922386008751,True
58437,,MAPUAEDU,broadband,2024-Q4,2024,4,31.39483559316574,20.864478604863837,26.27865561954755,9.959749792657174,25.872356783919596,3.606,199,9,0.0025642651228502053,True
137487,,Manila Electric Company,broadband,2024-Q4,2024,4,117.57388997773556,114.36587982426897,80.69286433609984,90.27797891855647,13.053439153439154,4.649,189,28,0.002435407578988386,True
138969,,"Marbel Services and Television System, Inc.",broadband,2024-Q4,2024,4,11.586531560670215,0.6803137597957759,12.36003927800298,0.5086088034029831,117.00167553191488,105.113,188,28,0.0024225218246022038,True
138915,,Kaopu Cloud HK Limited,broadband,2024-Q4,2024,4,7.180950694231823,7.784808313543458,0.8337085660263345,0.8649493810035601,137.6278128342246,92.137,187,17,0.002409636070216022,True
135499,,"Tiger Resort Leisure & Entertainment, Inc. (TRLEI)",broadband,2024-Q4,2024,4,58.767632077975776,52.05137049774736,27.914738241634705,26.731777520222636,50.118675675675675,41.995,185,5,0.002383864561443658,True
135162,,eUP-University of the Philippines System,broadband,2024-Q4,2024,4,48.83741162114979,30.28389771209445,19.891304172960446,7.25861800198081,30.2011551724138,4.414,175,25,0.0022550070175818386,True
18214,,TELUS INTERNATIONAL,broadband,2024-Q4,2024,4,110.25583355042545,88.34039032939233,81.33439471179945,35.98645460431536,75.78480571428571,49.895,175,6,0.0022550070175818386,True
132454,,"Philippine Telegraph and Telephone Corporation,",broadband,2024-Q4,2024,4,60.956537824445775,47.500960655217575,46.9623871771304,40.8273236180833,4.398604790419163,3.367,167,28,0.0021519209824923833,True
152458,,HAPIBYTES,broadband,2024-Q4,2024,4,32.22612739365444,29.120601766498627,25.82905031988729,25.332622478099914,29.790409395973146,27.827,149,10,0.0019199774035411083,True
17561,,LARUS Limited,broadband,2024-Q4,2024,4,9.074012600007222,1.8823940609190286,4.190775511777269,0.32581397891599306,90.929161971831,30.864,142,10,0.0018297771228378348,True
138333,,SEKYURLINK Networks,broadband,2024-Q4,2024,4,39.14312049622767,43.566029406147656,33.26884100966546,39.05464645569719,105.00832592592593,92.674,135,3,0.0017395768421345614,True
55437,,"WIT Phils., Inc.",broadband,2024-Q4,2024,4,13.204905077372668,3.4928438872020062,6.255998438262095,4.5107723507937605,86.50253030303033,88.5155,132,2,0.0017009195789760155,True
138975,,Claveria Agribased Multipurpose Cooperative,broadband,2024-Q4,2024,4,17.212254884572275,15.94252489553059,14.97347842323785,14.941254531322233,102.39125581395349,84.032,130,3,0.0016751480702036517,True
58907,,Acquire BPO Pty Ltd,broadband,2024-Q4,2024,4,287.67470682736507,133.97169222387183,202.24388572593023,24.925600352643126,33.011900000000004,33.159,130,15,0.0016751480702036517,True
136982,,Integranet Network Services,broadband,2024-Q4,2024,4,20.18782349794839,8.02505270501343,16.812705074191058,5.736637494559165,16.397758620689654,9.4285,116,27,0.0014947475087971045,True
151627,,KC Broadband Inc.,broadband,2024-Q4,2024,4,47.12273729702078,30.523845947724805,45.33303668314366,27.27423366760553,70.48123684210528,65.35900000000001,114,2,0.0014689760000247407,True
137941,,Mabuhay Cable TV Inc,broadband,2024-Q4,2024,4,69.29616486790727,44.38750640413852,52.566565824436594,35.23537040390731,96.5875892857143,33.588499999999996,112,1,0.0014432044912523767,True
140984,,WTW HIGHTECH COMPANY INC,broadband,2024-Q4,2024,4,36.331145703461644,43.2097262736896,30.365118144989935,32.13455176713067,41.40377142857143,4.136,105,21,0.0013530042105491032,True
134996,,"BSITC PHILS., INC.",broadband,2024-Q4,2024,4,68.05145461399692,45.64463602241023,71.31138889646617,39.000098541390045,51.42513333333334,47.408,105,20,0.0013530042105491032,True
135132,,Dreamscape Networks Inc.,broadband,2024-Q4,2024,4,239.21880394580273,249.92925885813708,225.82310682337638,252.89857462598658,44.44914851485149,14.969,101,39,0.0013014611930043756,True
4759,,TEXTRON CORPORATION,broadband,2024-Q4,2024,4,17.341007071569855,15.493545557001653,4.308069890056577,4.734656654163037,68.83626262626262,39.766,99,23,0.0012756896842320115,False
38553,,DC Tech Micro Services Inc.,broadband,2024-Q4,2024,4,50.25059240549615,40.30521608881999,27.45886028572803,38.207619969520124,83.69573469387754,77.18299999999999,98,24,0.0012628039298458297,False
135158,,Softnet Limited,broadband,2024-Q4,2024,4,37.75496508705927,33.3409432408562,19.168375553699196,5.5562058276503405,76.7266559139785,69.706,93,21,0.00119837515791492,False
7306,,Asian Development Bank,broadband,2024-Q4,2024,4,57.45469942779262,36.68784300560383,29.552566567464318,26.22629418813427,43.501393258426965,40.046,89,6,0.0011468321403701922,False
151360,,SONIC NETWORKS PHL INC.,broadband,2024-Q4,2024,4,47.20411238120358,40.39489637381832,35.63160897951387,42.008443125700495,72.4925,55.2745,88,13,0.0011339463859840104,False
142416,,"Itiviti Philippines, Inc",broadband,2024-Q4,2024,4,46.11464383958614,17.043768809903337,44.81908572881043,3.7653310336924455,69.98263218390805,34.051,87,1,0.0011210606315978284,False
394869,,Asia Pacific Network Corporation,broadband,2024-Q4,2024,4,150.26042788205325,88.42798226317166,88.57971823925389,21.183974002152105,45.2995632183908,44.944,87,15,0.0011210606315978284,False
131245,,University of the Philippines,broadband,2024-Q4,2024,4,27.74539085967526,29.84141138896465,20.98288175420285,15.465546023467752,19.546620689655175,5.974,87,4,0.0011210606315978284,False
150749,,AF Tech I.T. Solutions,broadband,2024-Q4,2024,4,13.420438318679626,4.145973661346041,6.696478138976044,2.4052425799187063,70.39753488372094,66.43299999999999,86,1,0.0011081748772116464,False
140734,,Watch Tower Bible and Tract Society of the Philippines,broadband,2024-Q4,2024,4,123.85952948250934,95.942856072712,142.60874719928864,83.37758107744645,43.257905882352944,35.454,85,36,0.0010952891228254646,False
401783,,TOKALA COMMUNICATIONS INC.,broadband,2024-Q4,2024,4,21.468537133289725,5.701730059755037,8.478389104217175,1.2964152951301078,142.51522891566265,176.995,83,11,0.0010695176140531005,False
138569,,Tech2go Strategic IT Solutions,broadband,2024-Q4,2024,4,12.116088976600796,4.903612467546063,4.46628386842753,0.9953966977306261,13.602587500000002,3.9815,80,5,0.001030860350894555,False
140593,,ULAP Networks Inc.,broadband,2024-Q4,2024,4,141.64595037922828,83.85726608072936,70.9075817008234,64.73884525623521,6.247696202531645,4.537,79,5,0.001017974596508373,False
23732,,Sagility Philippines B.V. Branch Office,broadband,2024-Q4,2024,4,261.9626262049059,201.98919174861226,170.41583633520992,93.01327999162659,46.31005263157895,27.044,76,12,0.000979317333349827,False
137827,,Cygnal Technologies,broadband,2024-Q4,2024,4,28.05346931463135,28.61125140801781,19.783071602078813,18.021710128356577,5.376802631578947,2.6325000000000003,76,6,0.000979317333349827,False
45865,,INFORPSSC,broadband,2024-Q4,2024,4,125.27374584071897,131.17389422568974,123.89054916514694,140.58851285790757,45.089109589041094,39.71,73,2,0.0009406600701912813,False
131253,,De La Salle-Lipa,broadband,2024-Q4,2024,4,42.19079415604273,30.640863946348038,13.587514122646455,10.326296202184942,14.291971830985913,5.968,71,4,0.0009148885614189174,False
138496,,"Inspiro Relia, Inc",broadband,2024-Q4,2024,4,76.95190657672234,47.01117897436505,24.284455680083862,11.12717615314254,45.26217647058823,30.998,68,2,0.0008762312982603716,False
131281,,"University of the Philippines, Visayas Cebu Campus",broadband,2024-Q4,2024,4,92.05709975119896,63.71516029810479,77.87838501800876,45.84226600776471,35.51025373134329,20.369,67,3,0.0008633455438741897,False
38445,,WiPro BPO Philippines LTD Inc.,broadband,2024-Q4,2024,4,344.0881739989042,255.00143957218555,272.01972937386273,231.76522642925613,5.784567164179105,5.984,67,7,0.0008633455438741897,False
135556,,MULTIFACTORS SALES,broadband,2024-Q4,2024,4,12.618448836466703,10.106057417177242,7.856610130737653,3.777013174896782,88.36914925373135,67.37,67,2,0.0008633455438741897,False
136777,,247 Customer Philippiness inc,broadband,2024-Q4,2024,4,150.59648976045227,180.4545090781274,38.91969346991755,24.245369335193054,16.536151515151513,3.7024999999999997,66,6,0.0008504597894880078,False
45351,,ABS CBN,broadband,2024-Q4,2024,4,204.81238131840178,161.37146765152394,162.58870168840414,87.47889624674616,26.648031746031748,28.674,63,2,0.0008118025263294619,False
38722,,Conduent Business Services Philippines Inc.,broadband,2024-Q4,2024,4,43.71050349806438,16.10370843422101,22.964871615428002,5.718675302151298,83.78453225806452,80.744,62,3,0.00079891677194328,False
58706,,Xavier School,broadband,2024-Q4,2024,4,57.25359459462622,39.18835187826222,44.694035189835965,32.46419169312005,13.96981967213115,3.982,61,1,0.0007860310175570981,False
133198,,"iOne Resources, Inc.",broadband,2024-Q4,2024,4,43.443682111031904,26.902833659908016,18.71254483498117,6.416559532303841,64.12749122807017,8.475,57,1,0.0007344880000123704,False
38596,,"Innodata-ISOGEN, Inc",broadband,2024-Q4,2024,4,16.553925071564333,13.921093982408488,17.825574880572418,8.70031006929413,155.31492982456137,184.198,57,2,0.0007344880000123704,False
10096,,"Easycall Communications Phils., Inc.",broadband,2024-Q4,2024,4,13.954645735564101,10.834820799513333,1.456646841653734,1.44447446668468,254.78435849056606,319.043,53,9,0.0006829449824676426,False
24084,,HCL TECH,broadband,2024-Q4,2024,4,76.5921855040853,75.54452566342096,58.34768045294986,46.719372776586084,49.50392307692308,30.4555,52,9,0.0006700592280814606,False
17452,,Bitstop Inc,broadband,2024-Q4,2024,4,31.740642920131556,42.616926103580376,27.58760800812645,45.73568648386836,31.712102040816326,17.585,49,5,0.0006314019649229149,False
139614,,BANGKO SENTRAL NG PILIPINAS,broadband,2024-Q4,2024,4,80.56784572255658,33.23352249995869,76.21522038856737,30.14411774425139,45.78002222222222,43.909,45,5,0.0005798589473781871,False
133778,,GY Consultancy Group Inc.,broadband,2024-Q4,2024,4,13.529400460332724,12.099878432196963,8.614708165152127,9.436855689686476,78.71035555555555,41.82,45,11,0.0005798589473781871,False
45166,,Pacific Internet Pte Ltd,broadband,2024-Q4,2024,4,19.15092858354594,17.799247196839108,19.615748543429106,19.305113613878127,2.8675,2.7165,42,3,0.0005412016842196413,False
140619,,JSLINK INTERNATIONAL CORPORATION,broadband,2024-Q4,2024,4,53.5372004098591,56.839789106796204,43.654370693299796,63.34655639654875,5.986236842105264,5.047000000000001,38,10,0.0004896586666749135,False
45218,,"Coca-Cola FEMSA Philippines, Inc.",broadband,2024-Q4,2024,4,58.121232290307056,15.24287509378452,56.78975636556246,1.6664418754784813,29.05308108108108,21.667,37,3,0.00047677291228873163,False
139333,,"Global Agility Solutions, LLC",broadband,2024-Q4,2024,4,145.21552112833763,79.38980916790335,134.46497574462026,3.4339096380310914,39.028,37.67,37,1,0.00047677291228873163,False
7611,,"W NETWORK Inc,",broadband,2024-Q4,2024,4,13.06201680760244,4.8267724499943725,2.399366618740081,0.08951766595513917,215.76666666666668,206.796,36,2,0.00046388715790254966,False
134414,,De La Salle-Greenhills,broadband,2024-Q4,2024,4,78.61374932660289,43.936801165112634,79.4031345451009,47.42452475367246,8.636722222222222,3.8819999999999997,36,1,0.00046388715790254966,False
141238,,Qualfon is a business process outsourcing company providing contact center services for various companies around thew world.,broadband,2024-Q4,2024,4,113.7775411165872,68.88082411065929,83.36358794916309,56.94929879224144,43.390457142857144,44.347,35,7,0.00045100140351636775,False
141196,,DEPARTMENT OF INFORMATION AND COMMUNICATION TECHNOLOGY,broadband,2024-Q4,2024,4,36.07508405037118,34.863943833198825,30.226463465768983,19.91759489419281,275.1674285714286,298.609,35,23,0.00045100140351636775,False
134416,,De La Salle-Zobel,broadband,2024-Q4,2024,4,73.19671362183783,60.616869859049295,36.126161485945836,2.5085884848730684,38.74532352941176,6.186,34,1,0.0004381156491301858,False
132141,,Penthouse,broadband,2024-Q4,2024,4,151.78041708223142,106.75155175795567,161.34506034293406,143.16386670158295,51.8535294117647,55.2565,34,1,0.0004381156491301858,False
135122,,MILLAWAVE,broadband,2024-Q4,2024,4,38.11448512614348,24.911827406622393,12.744112089284219,6.671254850395512,70.51832352941176,35.439,34,1,0.0004381156491301858,False
33680,,TELEPERFORMANCE USA,broadband,2024-Q4,2024,4,51.22156601744831,35.75256459328398,20.919396878564275,15.855910636835345,110.81496969696971,58.292,33,2,0.0004252298947440039,False
18229,,CtrlS,broadband,2024-Q4,2024,4,32.83597177921269,14.619671913350231,33.636692505994866,9.24768577661537,72.75115151515152,85.041,33,4,0.0004252298947440039,False
132059,,"762 Quirino Highway, San Bartolome",broadband,2024-Q4,2024,4,133.48899104412007,67.31864185159712,47.92866925432548,37.47189170637162,43.05178787878787,40.794,33,5,0.0004252298947440039,False
38301,,Trec Global Pacific Transit AS,broadband,2024-Q4,2024,4,77.77630769108097,62.71086908205924,76.94553202368616,76.50595361656954,25.662733333333332,13.4625,30,2,0.00038657263158545804,False
140708,,VITRO INC.,broadband,2024-Q4,2024,4,215.11599168381989,289.14031504850215,135.47565859283424,33.5135217325489,26.423821428571433,30.759,28,1,0.00036080112281309417,False
63938,,Pulo Diezmo Rd.,broadband,2024-Q4,2024,4,100.97723141597733,52.83044914797139,89.8360982550927,19.879609242281113,15.112481481481481,4.408,27,7,0.00034791536842691226,False
23887,,PRODATANET INC.,broadband,2024-Q4,2024,4,7.734644704629111,6.898714442480038,4.795069067347701,4.495183520613156,23.31456,10.001,25,6,0.0003221438596545484,False
59348,,Skycable Corporation,broadband,2024-Q4,2024,4,44.994248805440314,28.226546319285696,13.399872706107558,1.6138746799198094,95.36037499999999,39.0975,24,3,0.0003092581052683665,False
146948,,"Rural Bank of Guinobatan, Inc.",broadband,2024-Q4,2024,4,4.696656602726037,2.6422550537784435,4.818463393786759,1.4551362864778514,61.79408333333334,66.6055,24,2,0.0003092581052683665,False
132829,,Nevigate Communications (S) Pte Ltd,broadband,2024-Q4,2024,4,115.11527616893183,70.41043502729156,91.91423458787133,31.75522844740955,25.69482608695652,40.253,23,1,0.0002963723508821845,False
22764,,"Fluor Enterprises, Inc.",broadband,2024-Q4,2024,4,71.6917776556164,43.20961755535845,71.66797585752332,11.559005755915235,102.09281818181817,65.43549999999999,22,2,0.0002834865964960026,False
38577,,LEEKIE-EN,broadband,2024-Q4,2024,4,18.00678816713678,8.022429903809591,8.803927789696253,3.30017823084738,39.78780952380953,27.731,21,2,0.00027060084210982064,False
147044,,TECH MAHINDRA,broadband,2024-Q4,2024,4,15.4178453605459,11.74844862881779,7.836050282253217,10.184061100440442,43.3231,45.646,20,2,0.00025771508772363873,False
132844,,Ateneo de Manila University,broadband,2024-Q4,2024,4,184.23268450661394,125.73893931364731,176.58127495789785,84.82614396024667,24.273850000000003,33.7145,20,3,0.00025771508772363873,False
149027,,Neo-Tech Asia Distribution Inc.,broadband,2024-Q4,2024,4,25.107751994954917,15.843253421274563,8.874933625300933,14.07827132898616,162.3827222222222,46.211,18,3,0.00023194357895127483,False
136260,,IPOINTEAST INC.,broadband,2024-Q4,2024,4,505.6646951113424,493.69139212339167,596.0363821165138,602.8795025826325,26.156235294117646,1.512,17,3,0.0002190578245650929,False
38483,,"RCG INFORMATION TECHNOLOGY, AS CONTENT PROVIDER MANILA",broadband,2024-Q4,2024,4,62.476137384665435,46.82230240310981,68.29279864576024,47.910313320182745,33.219533333333324,31.258,15,1,0.00019328631579272902,False
63966,,RIZAL1,broadband,2024-Q4,2024,4,90.50986005843791,30.651857157743887,73.32025148115827,0.08200112439347852,22.858200000000004,27.186,15,2,0.00019328631579272902,False
395793,,Arisk Communications inc.,broadband,2024-Q4,2024,4,22.893372014425193,5.565291353897693,11.606039224484004,1.6835293733645116,72.847,77.795,15,4,0.00019328631579272902,False
58677,,DOFAIMPNET,broadband,2024-Q4,2024,4,110.40577506670198,93.14681707590562,113.40432845995204,99.0303408698212,1.7949285714285712,1.225,14,1,0.00018040056140654709,False
136404,,BICOLANDIA CABLE TV INCORPORATED,broadband,2024-Q4,2024,4,56.683226195964146,42.05218384282734,63.351670616248015,33.76877461961978,59.414142857142856,53.5115,14,4,0.00018040056140654709,False
45343,,AYALA LAND,broadband,2024-Q4,2024,4,40.282267905321774,91.6159694259443,26.979302131598978,46.891595760519486,10.367214285714287,6.0,14,1,0.00018040056140654709,False
152173,,Robinsons Bank Corporation,broadband,2024-Q4,2024,4,134.74849584419132,113.07749193703313,94.54561926972929,78.64735412097812,1.113846153846154,1.021,13,3,0.00016751480702036515,False
38334,,"World Health Organization, Western Pacific Regional Office,",broadband,2024-Q4,2024,4,231.52057280464967,215.77747741439563,229.93815266803207,163.17752031061391,2.8340769230769234,1.94,13,1,0.00016751480702036515,False
5580,,GTT Communications Netherlands B.V.,broadband,2024-Q4,2024,4,144.426808691627,173.008376524666,167.39827811001302,217.63392853863843,43.96992307692308,43.993,13,2,0.00016751480702036515,False
32110,,"Asurion Insurance Services, Inc.",broadband,2024-Q4,2024,4,68.62918136149322,68.55401828091941,36.306539069541586,62.00391374847355,36.896692307692305,45.318,13,1,0.00016751480702036515,False
55343,,Conduent Business Services Philippines Inc.,broadband,2024-Q4,2024,4,360.38306466652983,225.28288888701215,390.89214883689493,239.30391002954113,40.856846153846156,44.823,13,2,0.00016751480702036515,False
24456,,"FOUNDEVER ASIA, INC.",broadband,2024-Q4,2024,4,201.83179580713147,171.67017082021377,37.58175127146445,21.922601543630368,19.22423076923077,31.406,13,2,0.00016751480702036515,False
17550,,San Miguel Corporation,broadband,2024-Q4,2024,4,65.24988612093871,38.83403251467051,50.40219809689356,28.347778871619084,2.970833333333333,2.628,12,5,0.00015462905263418324,False
397423,,Tier.Net Technologies LLC,broadband,2024-Q4,2024,4,31.34229458870445,1.8410965712662584,11.081098701651976,0.049361353539304965,85.74872727272727,72.234,11,1,0.0001417432982480013,False
137417,,Cambridge University Press is the publishing business of the University of Cambridge in UK,broadband,2024-Q4,2024,4,145.07406686411875,39.526100177631086,144.50713710158857,25.120006671720454,42.764545454545456,45.744,11,1,0.0001417432982480013,False
22351,,INTELSAT GLOBAL SERVICE CORPORATION,broadband,2024-Q4,2024,4,1.094654019455326,0.44916431450221694,0.7081787933274081,0.31592983225676996,143.1579,117.51599999999999,10,3,0.00012885754386181937,False
22773,,Cox Communications Inc.,broadband,2024-Q4,2024,4,28.046707636883752,20.611458947318997,5.685171370342741,8.392650949172191,31.878111111111114,40.061,9,5,0.00011597178947563742,False
62654,,"MENLO SECURITY, INC.",broadband,2024-Q4,2024,4,332.93863185104635,236.43149096300266,331.55557651125616,217.91652051190465,66.4535,66.554,8,1,0.00010308603508945548,False
24109,,WNS Global Services,broadband,2024-Q4,2024,4,28.175660146901926,43.164556305692415,5.652390339745853,11.873192043827846,129.856125,148.436,8,3,0.00010308603508945548,False
59342,,ABSATELLITE BBS-PH,broadband,2024-Q4,2024,4,56.09131701195895,54.546418238769974,73.22190698407798,73.94328788054543,17.726875,9.399000000000001,8,3,0.00010308603508945548,False
206804,,EstNOC OU,broadband,2024-Q4,2024,4,23.24888129566501,13.089266220457635,24.541748695771872,13.818634152072569,273.8647142857143,244.695,7,3,9.020028070327354e-05,False
55413,,Development Bank of the Philippines,broadband,2024-Q4,2024,4,70.60449030329184,37.5860588197687,79.79950572042704,26.995796913651247,45.02766666666667,42.709,6,1,7.731452631709162e-05,False
38325,,WTP,broadband,2024-Q4,2024,4,47.30162095337906,74.20007465964497,48.8003357369391,72.537988704969,75.62116666666667,75.0215,6,2,7.731452631709162e-05,False
400318,,"Versa Networks, Inc.",broadband,2024-Q4,2024,4,22.18313759873189,12.494330607594806,18.977282360576783,8.272163363770648,44.776,29.573999999999998,6,1,7.731452631709162e-05,False
132554,,Ateneo de Manila University,broadband,2024-Q4,2024,4,80.84286119005174,76.71005324540337,62.971275442317285,61.99700695986753,23.162666666666663,19.666999999999998,6,3,7.731452631709162e-05,False
23665,,GSNET,broadband,2024-Q4,2024,4,92.37853088350242,89.57732272996498,92.76467217440815,119.6261586318227,2.8147999999999995,2.542,5,2,6.442877193090968e-05,False
3257,,GTT Communications Inc.,broadband,2024-Q4,2024,4,131.01793031706978,102.29993380837756,155.0273911329141,92.69334835197297,39.5538,41.641,5,1,6.442877193090968e-05,False
139040,,"CANON BUSINESS PROCESS SERVICES PHILIPPINES,",broadband,2024-Q4,2024,4,63.060205868107076,45.116361770096205,75.75420629612256,51.62536328237772,18.9298,3.0,5,1,6.442877193090968e-05,False
263703,,VIGINET C.A,broadband,2024-Q4,2024,4,3.4009542786515525,3.109597361720875,4.424451907974957,3.70200114104387,120.648,173.293,5,1,6.442877193090968e-05,False
139626,,"2GO Group, Inc.",broadband,2024-Q4,2024,4,14.008742534562847,16.379519517819052,9.39213466520002,8.78668842466493,29.8608,26.05,5,1,6.442877193090968e-05,False
2687,,"AT&T Enterprises, LLC",broadband,2024-Q4,2024,4,60.26220647160881,68.88078554219794,50.96669157854892,68.88078554219794,87.33500000000001,80.1725,4,3,5.154301754472774e-05,False
63846,,SGS ASIA PACIFIC LIMITED,broadband,2024-Q4,2024,4,681.2953013912314,396.2276645261164,874.3453257896188,474.8014606041494,5.268,5.3420000000000005,4,1,5.154301754472774e-05,False
24298,,"Apollo Global Net AS, Application Service Provider, Manila",broadband,2024-Q4,2024,4,20.859541962278165,,23.83880163134271,,101.938,102.5,4,1,5.154301754472774e-05,False
269719,,GN TELECOM,broadband,2024-Q4,2024,4,12.733714313676472,6.9959726741180015,13.91824217724929,6.948763674651987,250.702,242.66649999999998,4,3,5.154301754472774e-05,False
133377,,"IBM Business Services, Inc",broadband,2024-Q4,2024,4,260.91003457384926,53.472280869795775,161.05327872909655,32.74320305135939,43.88733333333334,49.873,3,2,3.865726315854581e-05,False
132193,,Social Security System,broadband,2024-Q4,2024,4,431.670097601172,83.49428349952488,588.3260680707906,121.87585291595909,12.335666666666667,2.334,3,2,3.865726315854581e-05,False
38291,,BPS Corporation,broadband,2024-Q4,2024,4,11.850148362557642,1.4122313530760433,14.92147573537405,0.08948101837338057,65.27066666666667,73.0,3,1,3.865726315854581e-05,False
151789,,Philippine National Computer Emergency Response Team,broadband,2024-Q4,2024,4,78.18518632231935,51.48226022585036,102.68416102831056,51.48226022585036,2.4063333333333334,2.583,3,1,3.865726315854581e-05,False
17445,,Universal Robina Corporation,broadband,2024-Q4,2024,4,123.07430744135588,85.042139454645,135.54154092359158,76.04139519079989,31.196,4.007,3,1,3.865726315854581e-05,False
139630,,Telectronic Systems Inc.,broadband,2024-Q4,2024,4,12.76129464836822,9.897151271339482,11.244229987535567,6.134109993901708,82.32666666666667,84.519,3,2,3.865726315854581e-05,False
215670,,LLP Internet Company First Page,broadband,2024-Q4,2024,4,4.199175978263561,1.6686977883695757,4.305653314352749,1.4737555719539486,176.80166666666665,179.705,3,1,3.865726315854581e-05,False
17978,,SERVCORP AUSTRALIAN HOLDINGS LTD,broadband,2024-Q4,2024,4,36.1727890178315,88.5387266727649,28.276887551025485,65.52366218336314,92.68866666666668,107.0,3,1,3.865726315854581e-05,False
138540,,"The Insular Life Assurance Company, Ltd.",broadband,2024-Q4,2024,4,180.0657370678805,92.3837816288762,187.36872650938702,92.3837816288762,24.214,28.883,3,1,3.865726315854581e-05,False
24081,,SPI Technologies Inc.,broadband,2024-Q4,2024,4,41.522581956710745,39.6184898689073,41.103047619161906,39.6184898689073,41.047666666666665,39.364,3,1,3.865726315854581e-05,False
152687,,Macrologic Diversified Technologies Inc.,broadband,2024-Q4,2024,4,30.802973263525626,28.2675204475344,30.802973263525626,28.2675204475344,18.282,18.282,2,1,2.577150877236387e-05,False
4648,,Global-Gateway Internet,broadband,2024-Q4,2024,4,58.347136605232144,6.49321376871047,58.347136605232144,6.49321376871047,231.289,231.289,2,2,2.577150877236387e-05,False
19970,,R&R Managed Telecom Services,broadband,2024-Q4,2024,4,47.176211975701875,50.303343938296216,47.176211975701875,50.303343938296216,80.27449999999999,80.27449999999999,2,2,2.577150877236387e-05,False
141013,,Responsible Internet Sustainability Effort,broadband,2024-Q4,2024,4,597.6170986590763,2.5948294387147426,597.6170986590763,2.5948294387147426,26.0,26.0,2,2,2.577150877236387e-05,False
17448,,Web.com.ph Inc.,broadband,2024-Q4,2024,4,8.502563532373419,2.364924289316749,8.502563532373419,2.364924289316749,107.9165,107.9165,2,2,2.577150877236387e-05,False
134716,,Savant Technologies Inc.,broadband,2024-Q4,2024,4,22.231874019208828,7.081179540356843,22.231874019208828,7.081179540356843,95.40899999999999,95.40899999999999,2,1,2.577150877236387e-05,False
142121,,uniBeam Incorporated,broadband,2024-Q4,2024,4,0.7923272683496658,1.4817388469615886,0.7923272683496658,1.4817388469615886,5.2485,5.2485,2,2,2.577150877236387e-05,False
10141,,DFNN Group of Companies,broadband,2024-Q4,2024,4,18.77951253973511,19.901812232353397,18.77951253973511,19.901812232353397,31.232,31.232,2,1,2.577150877236387e-05,False
31713,,Gateway Communications,broadband,2024-Q4,2024,4,12.563402673316274,0.0828240722408808,12.563402673316274,0.0828240722408808,357.859,357.859,1,1,1.2885754386181935e-05,False
9334,,iManila,broadband,2024-Q4,2024,4,40.25885397011482,44.28171846753199,40.25885397011482,44.28171846753199,48.316,48.316,1,1,1.2885754386181935e-05,False
133436,,"KONTAK ONE MANAGEMENT EXCHANGE, INC.",broadband,2024-Q4,2024,4,17.203559207118413,1.451721140052163,17.203559207118413,1.451721140052163,26.032,26.032,1,1,1.2885754386181935e-05,False
36776,,Five9 Inc.,broadband,2024-Q4,2024,4,55.85120014384579,,55.85120014384579,,183.092,183.092,1,1,1.2885754386181935e-05,False
15081,,Omni Fiber,broadband,2024-Q4,2024,4,14.71335374861785,8.17259099486115,14.71335374861785,8.17259099486115,32.0,32.0,1,1,1.2885754386181935e-05,False
141210,,Grand Unicom Corp,broadband,2024-Q4,2024,4,125.84831183115561,26.245954869251545,125.84831183115561,26.245954869251545,17.811,17.811,1,1,1.2885754386181935e-05,False
48347,,JSC Mediasoft ekspert,broadband,2024-Q4,2024,4,7.296780395473328,,7.296780395473328,,3.913,3.913,1,1,1.2885754386181935e-05,False
45250,,Vocom International Telecommunications AP Area,broadband,2024-Q4,2024,4,15.254558221177296,19.25780293988677,15.254558221177296,19.25780293988677,118.704,118.704,1,1,1.2885754386181935e-05,False
6453,,TATA COMMUNICATIONS (AMERICA) INC,broadband,2024-Q4,2024,4,79.5203222145016,,79.5203222145016,,53.101,53.101,1,1,1.2885754386181935e-05,False
139855,,"BIT(Brother Internet Technology),INC.",broadband,2024-Q4,2024,4,21.21949860966511,,21.21949860966511,,118.197,118.197,1,1,1.2885754386181935e-05,False
9304,,HGC Global Communications Limited,broadband,2024-Q4,2024,4,36.20512373680345,,36.20512373680345,,28.627,28.627,1,1,1.2885754386181935e-05,False
136462,,Mootech Asia,broadband,2024-Q4,2024,4,10.629990310605587,10.557937414600273,10.629990310605587,10.557937414600273,27.595,27.595,1,1,1.2885754386181935e-05,False
9254,,"Del Monte Philippines, Inc.",broadband,2024-Q4,2024,4,2.930585372203258,2.331465414876985,2.930585372203258,2.331465414876985,67.74,67.74,1,1,1.2885754386181935e-05,False
9299,PLDT,Philippine Long Distance Telephone Company,broadband,2025-Q1,2025,1,66.69856595034541,51.14875339854025,36.494499493777965,28.108393209310726,79.69064724501385,68.666,5310763,1251025,45.223700831400464,True
17639,Converge,Converge ICT Solutions Inc.,broadband,2025-Q1,2025,1,104.64376134203465,64.64574124255404,67.82585065121215,33.32898292764264,39.94230918466441,34.076,2706912,35814,23.050657403640095,True
132199,Globe,Globe Telecom Inc.,broadband,2025-Q1,2025,1,113.39066673710616,89.5444538136229,56.20105131274104,46.59596546903981,22.605352830663577,11.413,1136821,126932,9.680577499476724,True
14593,Starlink,Space Exploration Technologies Corporation,broadband,2025-Q1,2025,1,30.96094433211177,4.247479468544454,11.059342494024222,3.5719944782125888,48.819746690794936,34.6,346118,58584,2.9473612142667003,True
4775,Globe,Globe Telecoms,broadband,2025-Q1,2025,1,59.43260428015448,44.68238997877598,31.26079884216908,17.395453772665242,59.09487718509519,44.288,267097,55738,2.2744593989535153,True
139831,DITO,DITO TELECOMMUNITY CORP.,broadband,2025-Q1,2025,1,33.07901381210699,8.740023163144823,10.607405778669511,2.8855842208194087,58.283006943457906,46.381,232439,125269,1.9793298623097833,True
56207,Converge,ComClark Network & Technology Corp,broadband,2025-Q1,2025,1,41.69982356720147,33.47983243898195,34.56160511978137,28.405024755400127,35.58065463244685,32.533,215363,2085,1.8339195106527815,True
23944,Sky Cable,SKYBroadband SKYCable Corporation,broadband,2025-Q1,2025,1,57.38615198974356,8.190662796531557,38.036292930654554,3.722767481212798,23.706044077217317,8.956,133879,38128,1.1400440659105033,True
134707,RoyalCable,RoyalCable Flash,broadband,2025-Q1,2025,1,95.02597440550053,76.13427873956074,42.11318413606912,38.06381859361814,23.39991801137875,17.978,120259,2524,1.0240632162051646,True
135607,Infinivan,Infinivan Incorporated,broadband,2025-Q1,2025,1,52.80490396963385,36.77795160466884,31.0730405510052,20.08647930491294,64.72723857531062,66.7405,96466,1708,0.8214543794181508,True
134788,Parasat,"Parasat Cable TV, Inc",broadband,2025-Q1,2025,1,110.65236926704183,28.348649836272607,60.66090153286033,11.01775802719209,49.935792305388034,45.339,76812,1899,0.6540911180298448,True
136515,Dasca,"Dasca Cable Services, Inc.",broadband,2025-Q1,2025,1,104.25084848128434,84.96155226640158,76.64756190070811,57.95296880358964,40.356936276645044,5.639,71186,1089,0.6061830225495043,True
9658,Eastern Communications,"Eastern Telecoms Phils., Inc.",broadband,2025-Q1,2025,1,76.2021685607003,56.81123532230062,36.428012273331106,23.227111968840926,21.12427984039931,7.164,64933,5738,0.5529357205518918,True
55821,,"RADIUS TELECOMS, INC.",broadband,2025-Q1,2025,1,91.4696759760798,63.03108134046244,59.47098404254544,37.03674671410775,34.24974997581036,31.382,62022,15161,0.52814715568462,True
45754,,Clear Path Networks Inc,broadband,2025-Q1,2025,1,132.55504572997785,70.64059850180016,81.57285131606359,44.08375034574647,36.22210419734121,35.857,46868,4383,0.3991035582958751,True
56099,,Asian Vision Cable,broadband,2025-Q1,2025,1,61.75641379913463,39.34705349046056,46.181563109213585,21.034122014634505,37.85844172701823,32.277,43228,3003,0.36810720786067447,True
133334,,DCTV Cable Network Broadband Services Inc,broadband,2025-Q1,2025,1,56.76786324987642,44.91100104074126,27.30182783375479,17.90881796341619,61.558609905178045,54.2245,43056,386,0.36664254514780237,True
133623,,Planet Cable Inc.,broadband,2025-Q1,2025,1,60.70461600596655,26.454770038504464,33.250464825604276,14.686566686569886,51.61791041711362,37.427,32645,161,0.27798787361459515,True
141686,,LizardBear Tasking Inc.,broadband,2025-Q1,2025,1,91.9266461898274,50.70758358529272,63.745610264351086,25.4751106549816,36.613545914793356,31.6875,31408,7,0.26745422375516015,True
56262,,Dagupan Urban Satellite Vision Inc.,broadband,2025-Q1,2025,1,81.91328109858335,30.890456964051776,53.6166756522206,13.53730929276005,28.536677901053668,28.069499999999998,28665,494,0.24409625967720536,True
138958,,Tandag Electric & Telephone Company Inc.,broadband,2025-Q1,2025,1,63.42301349649391,46.11318268411075,84.56450269901978,48.27632038153211,104.95463485320496,107.169,21193,284,0.18046858647615605,True
(unknown),,,broadband,2025-Q1,2025,1,104.66696348501381,61.22103473260984,57.32790882244512,24.233368232443667,65.91342396042512,61.416,20424,3529,0.17392018167267548,True
138965,,Streamtech Systems Technologies Inc.,broadband,2025-Q1,2025,1,44.29605806371401,20.849706668677555,22.96165112299355,11.287807148158974,65.66366378148649,62.8585,19301,201,0.16435729663456275,True
9927,,Philippine Global Communications Corporation,broadband,2025-Q1,2025,1,73.29409805918789,49.51488166853165,43.71036877679151,25.75286962866354,40.50687789429967,32.5475,19270,777,0.1640933167270102,True
135345,,NewMountainView Satellite Corporation,broadband,2025-Q1,2025,1,77.03868943056321,42.05099300983465,38.84272900207898,22.042293587963112,29.772608924311438,22.881500000000003,18454,503,0.15714468432175643,True
137239,,Fil Products Service Television Incorporated,broadband,2025-Q1,2025,1,56.17081551877034,35.32804194267573,38.9361252325194,19.608850762920575,41.96721649596863,25.880000000000003,18368,243,0.15641235296532036,True
17970,,SKYBroadband SKYCable Corporation,broadband,2025-Q1,2025,1,47.64480708715547,6.039649846630526,29.107772357374884,3.35830311074883,14.930181512700765,7.640499999999999,17569,1445,0.14960848373517605,True
136929,,"Meridian Cable TV, INC",broadband,2025-Q1,2025,1,101.92675510006185,81.56793664999532,57.57885080766293,47.054461467420126,29.736184117378397,5.344,17521,261,0.14919974065251404,True
139238,,Infinity Broadband INC.,broadband,2025-Q1,2025,1,107.62368435799517,85.422511599045,93.02122245829112,77.7973937049741,47.91313518981317,71.02250000000001,16808,412,0.14312820277880578,True
137074,,Responsible Internet Sustainability Effort,broadband,2025-Q1,2025,1,104.74853465496821,65.80545984977977,50.093920191012145,22.77826557216272,27.385820777411986,15.96,15804,709,0.13457865996645924,True
45499,,Cablelink & Holdings Corp. Transit AS Internet Service Provider Philippines,broadband,2025-Q1,2025,1,57.84961781740973,31.939937246139255,34.090857816421845,10.987232623285916,32.65406671140939,42.022999999999996,14905,1841,0.12692324264743576,True
9821,,Department of Science and Technology,broadband,2025-Q1,2025,1,145.17698411085183,117.93613803638193,68.58702018005081,36.340593986724215,23.82423215429507,13.049,14056,212,0.11969359937285186,True
134497,,Cine Cebu,broadband,2025-Q1,2025,1,33.06947383621907,23.109190155551808,20.79171859697471,12.755888898277416,63.84905965377418,68.6795,12828,76,0.10923658884141603,True
151066,,Imperial network inc,broadband,2025-Q1,2025,1,78.90617767258698,45.290116784140345,49.63276367655408,27.19852771989879,46.547995316890415,50.709,12814,137,0.10911737210897295,True
132054,,Rising Star Cable TV Services,broadband,2025-Q1,2025,1,26.562606267931315,10.376074341084873,21.815662855406217,5.090105603785521,70.15850673616681,53.125,12470,22,0.1061880466832287,True
132021,,Kalibo Cable Television Network Inc,broadband,2025-Q1,2025,1,32.03609236546547,20.51296000925651,20.546516015036186,12.300649427373003,52.648974032337094,34.1525,12255,129,0.10435721829213856,True
132400,,COMMUNITY CABLE VISION CORPORATION,broadband,2025-Q1,2025,1,57.177788668222775,38.53687310089481,40.115964396671416,14.357554591929999,51.2826968215159,34.824,10636,395,0.09057065473318529,True
149645,,"Spectrum Cable network and broadband, Inc.",broadband,2025-Q1,2025,1,95.85618999979394,77.44470169404667,72.43244277074226,46.0876568445404,73.91026726167124,61.6005,10198,164,0.08684087410389466,True
142271,,EWS DS Networks Inc,broadband,2025-Q1,2025,1,45.42628637499796,39.55611902229515,34.559330090771944,30.100033417908847,8.70522566506982,3.74,9814,28,0.08357092944259877,True
135025,,"Nexlogic Telecommunications Network, Inc.",broadband,2025-Q1,2025,1,46.72546538857123,19.798116770743814,28.031283758682946,8.295358175583177,34.21075131254689,29.642,9335,242,0.07949201409686768,True
152107,,Fiberbro Internet Communication Services Corp.,broadband,2025-Q1,2025,1,87.01224979422322,57.43179757449824,41.36697529358416,31.241111351735086,9.013986895810955,4.587,9313,99,0.07930467351731427,True
18233,,"Philippine Telegraph and Telephone Corporation,",broadband,2025-Q1,2025,1,79.67552071754862,45.08442587201006,32.509270350036275,19.201199512013943,33.642404702568,20.649,9236,479,0.07864898148887733,True
142629,,GigaFiber Corp.,broadband,2025-Q1,2025,1,28.041248808877565,18.777037417599573,14.027775575485848,7.584976566601048,83.23255216513351,79.0075,8917,304,0.07593254308535288,True
139752,,"Multinetwork Cable Television, Inc",broadband,2025-Q1,2025,1,57.63137129292913,44.25698026103337,30.95677446857957,27.765129625199336,63.79981220498988,62.3845,8901,183,0.07579629539113222,True
140243,,"CMD Cable Vision, Inc",broadband,2025-Q1,2025,1,42.36851820406567,35.89504407428433,32.2325407742116,26.735656919302095,59.43641132031613,58.933,8610,73,0.07331829045249393,True
138915,,Kaopu Cloud HK Limited,broadband,2025-Q1,2025,1,63.47620909198507,46.552649754944255,79.67022311423761,50.41806207954868,32.92648417492148,55.0,8278,13,0.07049115079741518,True
150447,,Woofy Incorporated,broadband,2025-Q1,2025,1,72.65707406306974,53.26364990580028,49.851055917155,42.119224506490994,20.554182726276032,4.825,8213,134,0.06993764453964374,True
134216,,GLERCIMOR NETWORK AND DATA SOLUTION,broadband,2025-Q1,2025,1,41.173461001836756,29.319802007344272,33.49777027729786,21.823634172325058,81.87054373368146,86.176,7664,89,0.06526264553169726,True
151408,,Fil Products Service Television of Calbayog Inc.,broadband,2025-Q1,2025,1,29.798331287557914,24.893746669761082,17.91750478377502,12.591362108523814,81.08161496672551,77.738,7369,67,0.0627505786695038,True
174,Cogent,"Cogent Communications, LLC",broadband,2025-Q1,2025,1,53.16161848141923,39.207427128221774,31.55096068182975,24.371394523077292,60.83684869516936,62.2725,7207,174,0.06137107076551959,True
150431,,ADS Cable TV Network,broadband,2025-Q1,2025,1,61.32045256558665,53.121176258978785,28.684922214677364,21.505286980368453,39.34947744790179,51.9615,7012,52,0.05971055199220527,True
137226,,"ANGELES CITY CABLE TELEVISION NETWORK, INC.",broadband,2025-Q1,2025,1,7.598773511868212,1.928816593634591,7.094763207978106,1.402093878654413,53.11697275523657,36.291,6831,1455,0.058169249951334025,True
137404,,KCAT,broadband,2025-Q1,2025,1,36.19685456486715,25.485449848677742,20.310263487609475,14.348242684063312,32.24543420656429,20.3615,6645,87,0.05658537050601883,True
138987,,CHARLES CATV SYSTEMS INC,broadband,2025-Q1,2025,1,49.36458741318124,35.49231970941057,19.559203975025405,13.50215353141656,55.442165777032166,41.266,6561,23,0.05587007011136035,True
153359,,Imtech Solution and Data Providers,broadband,2025-Q1,2025,1,21.430548838366548,14.936919907680844,9.066353760187743,3.9842023072217523,118.94384265435266,111.0,5851,28,0.049824078680318455,True
135594,,Kabayan Cable Tv Systems Inc.,broadband,2025-Q1,2025,1,49.19537224480153,40.549129224361565,35.6675436214851,24.155203778457224,38.30866587864459,35.4925,5079,27,0.043250127434171504,True
45700,,PT. NAP Info Lintas Nusa,broadband,2025-Q1,2025,1,23.283813906415485,3.9288687854663102,7.909043200488398,3.197988614495707,51.121333000997005,48.92,5018,173,0.04273068309995522,True
138025,,RBC Cable Master System,broadband,2025-Q1,2025,1,57.61056858701665,37.21050993912008,50.513051921265145,30.119245452798097,31.95111672254819,38.537000000000006,4777,89,0.0406784522057565,True
147174,,POLARIS CABLE VISION INC.,broadband,2025-Q1,2025,1,43.50880598515333,23.806949737711147,28.925585970234387,14.317786477952733,36.460807717041796,39.0,4665,68,0.039724718346211864,True
23862,,University of the Philippines Diliman,broadband,2025-Q1,2025,1,85.012375970003,69.2353494463765,35.76453095130668,16.578453702358367,22.601490081931864,4.8085,4640,90,0.03951183132399208,True
138543,,Cablevision Systems Corporation,broadband,2025-Q1,2025,1,54.01755157648247,42.80790325184489,37.60828036267304,31.98679625593761,34.46543486885607,19.755,4538,118,0.03864325227333536,True
139798,,LizardBear Tasking Inc,broadband,2025-Q1,2025,1,99.07198019187337,55.609199511053916,41.445847431228856,2.99954320036544,31.245320592134327,17.17,4527,4,0.03854958198355865,True
142424,,"Unique Cable Network, Inc.",broadband,2025-Q1,2025,1,26.544950761621514,23.986233790574936,11.46685207630403,10.108249229051967,84.45795189536688,74.208,4514,9,0.03843888073200436,True
131465,,"Marbel Telephone System, Inc.",broadband,2025-Q1,2025,1,38.995119528380684,27.075964714183257,20.742209582691984,11.355123895715897,69.19588090781471,59.469,4280,13,0.03644625820402717,True
139846,,StarCable,broadband,2025-Q1,2025,1,64.49592963246664,55.627195753565154,39.112188360523376,35.61750643368888,77.20858151536478,75.685,4266,116,0.036327041471584096,True
151465,,CULASI CATV INC.,broadband,2025-Q1,2025,1,36.023314008286135,20.30721616287628,23.546905534712856,9.958972571668756,65.40439291696576,59.901,4181,38,0.035603225596036826,True
141152,,BATAAN SPACE CABLE NETWORK INC,broadband,2025-Q1,2025,1,85.04452628384566,34.2130703110717,72.76047081675331,12.624672394215919,50.30074927606177,46.9815,4145,100,0.035296668284040336,True
135582,,Galaxy Cable Corp.,broadband,2025-Q1,2025,1,75.32693071949166,36.78981625884329,48.623861733786555,23.68154830907564,40.5459883325231,33.291,4116,297,0.03504971933826539,True
141994,,Ocean Wave Communications Philippine Corp.,broadband,2025-Q1,2025,1,37.28697946028039,34.926481663160985,26.955987879792307,28.537333647732893,40.954242447516634,44.8745,3908,93,0.03327849931339678,True
136244,,Panay Broadband / Buenavista Cable TV Inc.,broadband,2025-Q1,2025,1,60.914955596799004,35.67126515205194,27.41087686130225,15.220953969687661,28.781934765522664,18.523,3820,82,0.03252913699518313,True
152141,,R-NET Wired Internet Services,broadband,2025-Q1,2025,1,75.21332459127304,42.20473280213906,43.823447261683164,27.58504351416386,40.62081113801453,50.319,3717,164,0.03165204246363762,True
134802,,Naic Cable TV Corp.,broadband,2025-Q1,2025,1,75.30485885240478,55.65713076253344,46.8785332935066,35.290070410404226,42.742777897574115,59.953,3711,30,0.03160094957830487,True
139034,,Sattelite Plus Incorporated,broadband,2025-Q1,2025,1,21.018453998864437,8.677136020056988,17.604252748580404,5.696395276611755,43.33846733532123,32.071,3695,767,0.031464701884084206,True
151049,,ATSS NETWORK AND DATA SOLUTION,broadband,2025-Q1,2025,1,43.56728999432499,31.5446801397793,40.85223278075772,22.909639053580452,45.724937602627264,25.637,3655,70,0.03112408264853255,True
140975,,Comsat Cable Supplies and Services,broadband,2025-Q1,2025,1,20.058777388765495,13.749755762235992,20.673961270885506,7.006345061173733,57.758871995528224,42.4845,3583,40,0.03051096802453957,True
137996,,"HGC Global Communications (Philippines), Inc.",broadband,2025-Q1,2025,1,85.81742488698184,58.245854901335214,26.32030030184371,16.279193283226867,53.29548043599776,31.05,3581,66,0.03049393706276199,True
151653,,General Telephone System Inc.,broadband,2025-Q1,2025,1,87.53555201237029,62.552067566068054,43.96359901827677,32.01272511709625,39.00066125874127,50.754,3580,26,0.030485421581873198,True
7629,,EPLDT,broadband,2025-Q1,2025,1,124.08110887651794,23.31033720747864,116.40417229830405,17.97322246651099,62.38303004291845,54.553,3495,21,0.02976160570632593,True
142555,,"Z-ENERGY CATV NETWORK, INC.",broadband,2025-Q1,2025,1,17.12994164582968,14.431596466737284,16.648933578953045,13.369464460571589,93.39058770883057,87.572,3353,175,0.02855240742011755,True
15084,,Concentrix CVG Corporation,broadband,2025-Q1,2025,1,54.97440678671245,52.48580555898649,18.62642456793275,7.721948771898521,57.3476403823178,56.9515,3348,149,0.028509830015673594,True
135423,,Total Information Management Corporation,broadband,2025-Q1,2025,1,55.911293822743104,47.456314480039765,36.19515327545468,23.66123630229896,9.741260504201682,4.0,3213,75,0.027360240095686755,True
18187,,Ignite Telecommunications Inc,broadband,2025-Q1,2025,1,74.1775529361478,48.788073198758504,42.378032100635195,15.955870194788982,48.42702927781392,56.022,3077,164,0.026202134694811127,True
151650,,Switch Fiber,broadband,2025-Q1,2025,1,55.480380385879286,47.66216328277884,46.62501803731069,41.685364791700415,22.94294413223141,29.753,3026,13,0.025767845169482766,True
151354,,MCBROAD IT SOLUTIONS,broadband,2025-Q1,2025,1,56.504035955333485,31.96878879132266,36.62721959147703,16.983122940413793,44.621768595041324,49.961,3026,112,0.025767845169482766,True
142009,,Misamis Cable Management and Development Corp,broadband,2025-Q1,2025,1,51.16098130828781,37.57252377579017,33.80320806127164,25.466122914245002,57.35710648148147,41.281,3024,234,0.025750814207705183,True
150704,,DEARBC Connect,broadband,2025-Q1,2025,1,41.430887739154684,25.048624143755895,29.092362836945135,11.218297483502038,92.74539459639763,86.39150000000001,2999,133,0.025537927185485396,True
131306,,CITI Cableworld Inc.,broadband,2025-Q1,2025,1,51.54992334511621,30.187626728804208,38.846883783714645,15.500355205841942,70.77785806233062,46.358999999999995,2958,12,0.02518879246904495,True
142285,,KEITH.NET INCORPORATED,broadband,2025-Q1,2025,1,29.077610316456816,20.314507730355718,12.761637925756613,9.367000641756649,37.41969611919612,27.389499999999998,2890,37,0.024609739768607135,True
149848,,CELEBRITY CABLE NETWORK INC,broadband,2025-Q1,2025,1,29.709316949781122,20.210196964590832,21.037210068841873,12.936266004746013,50.91785853999303,50.758,2865,65,0.02439685274638735,True
132714,,Airfiber's Internet Shop,broadband,2025-Q1,2025,1,48.40856555774173,39.24027199321325,47.85689484779253,32.79409205040089,68.34190787087415,53.952,2759,139,0.023494211772175463,True
132464,,Barbaza Multi-Purpose Cooperative,broadband,2025-Q1,2025,1,18.982511126361338,17.144500240563143,13.27526581757692,9.69885913810012,57.35772319760927,59.0,2680,71,0.02282148878196094,True
153166,,PAKONEK SOLUTIONS INC.,broadband,2025-Q1,2025,1,63.00709344019719,47.54911700727357,44.47136969935019,37.38973830471264,20.252588547591955,14.015,2637,18,0.022455323103742913,True
133064,,SLMC INFRASTRUCTURE,broadband,2025-Q1,2025,1,60.03363966731857,61.81053971257208,40.20559136134568,39.48162183069325,20.96666937669377,9.885,2584,20,0.02200400261663697,True
150450,,"Kinahugan Bojol Communications, Inc.",broadband,2025-Q1,2025,1,34.8526967257688,28.133192025867245,28.131494098251224,24.80274263512475,80.24764694201748,86.83,2520,176,0.021459011839754318,True
141676,,St. Joseph Cable TV System,broadband,2025-Q1,2025,1,37.11773450991393,9.679024327391431,29.962849614876475,4.594200034878828,67.79681855840929,59.965,2414,326,0.02055637086554243,True
138929,,Cebu Cable TV Management Corporation,broadband,2025-Q1,2025,1,64.98766329220169,39.55018294016425,35.628553690494726,15.144715849618851,43.15376371308017,43.560500000000005,2373,89,0.020207236149101984,True
151788,,"EAGLE VISION, INC.",broadband,2025-Q1,2025,1,37.18783293735153,22.51928274446167,24.38892044179191,17.25309430962603,24.03240458015267,20.085,2362,45,0.020113565859325278,True
152152,,SOLETECH IT SOLUTIONS,broadband,2025-Q1,2025,1,44.177718073462586,26.74888356754741,38.10276342030862,21.17438611693511,47.7560038412292,49.823,2343,27,0.01995177172243824,True
139900,,RELIANCE CATV AND ENTERTAINMENT SERVICES,broadband,2025-Q1,2025,1,40.65255690137959,42.20499065031318,29.98971172613828,36.198829815419224,58.73789331562637,67.001,2261,66,0.019253502289557346,True
152131,,ILEAD NETWORK CORPORATION,broadband,2025-Q1,2025,1,37.72870048700211,21.61656668446621,26.926921577535495,11.762715623728438,49.862786936936935,57.5325,2222,17,0.018921398534894482,True
134564,,NETFACTORY,broadband,2025-Q1,2025,1,68.82638991112641,39.504501607856206,37.702869948391154,19.58713889273054,75.46648228255867,85.439,2174,50,0.018512655452232494,True
151317,,Librify,broadband,2025-Q1,2025,1,39.80016785917846,32.42971982577419,23.963445476258688,16.05261521464819,53.90395626822158,38.587,2059,32,0.017533375150021485,True
45209,,"University of the Philippines, Los Banos Campus",broadband,2025-Q1,2025,1,141.16154354116156,48.76224344685111,60.070302457121244,9.517383189712614,27.68505479452055,26.76,1973,21,0.016801043793585425,True
139464,,KMC Mag Solutions,broadband,2025-Q1,2025,1,194.11224223850087,144.79665635773642,141.30106823887832,100.71893280009998,9.886897959183676,3.968,1962,57,0.016707373503808718,True
134431,,News and Entertainment Network Corp,broadband,2025-Q1,2025,1,40.329239617577414,45.81636713431591,28.454054544317337,16.739758180350847,85.04458440225758,87.645,1953,110,0.016630734175809597,True
153191,,DNS NETWORK AND DATA SOLUTION,broadband,2025-Q1,2025,1,30.757528429124232,24.63635442451957,25.841987604872696,20.10007577368804,97.57901970954356,94.0,1928,20,0.01641784715358981,True
55402,,PNB Financial Center,broadband,2025-Q1,2025,1,15.46185745381221,10.874362183398757,15.332879779527836,14.14117225882774,13.831624805396991,1.376,1927,12,0.01640933167270102,True
153200,,cyber peers,broadband,2025-Q1,2025,1,38.008849510408375,34.40626944757723,21.96074279555867,17.455620718348037,82.77782490880666,85.946,1921,63,0.016358238787368272,True
135549,,"NEW WORLD CATV, INC.",broadband,2025-Q1,2025,1,38.374667948260374,28.328154013978033,21.258070236144068,18.88406997770805,93.61346036085293,89.0,1829,18,0.015574814545599464,True
149170,,TOLEDO CABLE TV,broadband,2025-Q1,2025,1,27.1240643671373,29.091372231483174,24.56003860117738,23.332260210623915,79.63436897506925,71.292,1806,12,0.015378958485157261,True
17895,,"Globalreach eBusiness Networks, Inc.",broadband,2025-Q1,2025,1,46.407096813111025,37.824406671609886,6.278941422246742,4.770914688456838,42.50056635202665,37.904,1802,53,0.015344896561602095,True
153055,,TAMARAW VISION NETWORK INC.,broadband,2025-Q1,2025,1,31.176020761244096,17.803749485187158,22.451183382549516,9.209751876742509,50.974191452991455,48.511,1756,37,0.014953184440717691,True
142581,,Mambulao Cable Television,broadband,2025-Q1,2025,1,24.139305105076804,19.259332928657198,14.269355825048104,13.623207917560608,64.46425585480094,56.454,1708,53,0.014544441358055705,True
141455,,Halum Properties (HALPROP) Inc.,broadband,2025-Q1,2025,1,11.420092472486932,11.685159404612529,8.790872735777805,8.762962514019527,67.05994321578005,61.0,1673,4,0.014246399526948006,True
137818,,Panay Telephone Corporation,broadband,2025-Q1,2025,1,30.03668972250733,25.45478579961484,20.81436755296027,20.992090390610002,90.61409041916167,82.64,1672,17,0.014237884046059215,True
136803,,TELMARC CORPORATION,broadband,2025-Q1,2025,1,18.3678192701795,18.259676197992768,9.87035132834851,9.685205984198358,28.799092024539874,7.772,1630,31,0.013880233848729976,True
149825,,RFi Fiber,broadband,2025-Q1,2025,1,45.23991390310829,31.083123044558903,29.14686656774357,21.465470873530435,24.480774905422447,4.5035,1586,19,0.013505552689623154,True
153174,,Aioni Digital and Data Solutions Inc.,broadband,2025-Q1,2025,1,37.130304622319116,29.17288838435463,16.449508221689292,12.01454023871969,51.27700954805855,46.489,1572,13,0.013386335957180074,True
135283,,Makilala Cable TV,broadband,2025-Q1,2025,1,19.4216958932664,21.826944061905714,20.113440469141597,24.41483106485262,67.06705144694534,65.08,1557,6,0.013258603743848204,True
141709,,Clare Cable TeleVision,broadband,2025-Q1,2025,1,64.19513442022414,46.00891662041881,50.37978556171833,36.29814219573917,56.97904990278678,51.854,1543,4,0.013139387011405124,True
152297,,PLANETNET NETWORK AND DATA SOLUTION,broadband,2025-Q1,2025,1,37.00641863475189,29.642036420376915,34.00059520357122,18.455526215345188,40.49637640821736,51.329,1509,147,0.012849860661186216,True
138333,,SEKYURLINK Networks,broadband,2025-Q1,2025,1,31.863633095325618,22.097144050530744,29.993348404533645,20.792225959647606,85.74841114058354,86.001,1508,2,0.012841345180297425,True
136433,,Medrozo IT Solutions,broadband,2025-Q1,2025,1,18.074340106101637,13.994847226016821,15.179999079958055,12.136021509247104,93.32579920212767,99.4375,1504,43,0.01280728325674226,True
151652,,ZSG Internet Communication Services,broadband,2025-Q1,2025,1,49.58471086225151,38.83685927072304,43.12290729697132,36.258604296424075,37.8913282863042,49.444,1454,132,0.01238150921230269,True
149635,,BICOL TELEPHONE AND TELEGRAPH INC.,broadband,2025-Q1,2025,1,55.343103166162464,31.850521997598392,43.229242750142866,27.034807447770575,32.11418206896551,37.5155,1450,2,0.012347447288747525,True
134241,,M7 Telecommunications Corporation,broadband,2025-Q1,2025,1,30.613021188438708,25.079518909483824,20.611887703654343,13.809106267251225,73.41007368421052,75.308,1425,46,0.01213456026652774,True
138970,,Wesfardell Cable Services,broadband,2025-Q1,2025,1,18.143444460056376,14.708132157218325,13.916610039558327,9.253544464718095,52.24330932203389,17.9745,1416,2,0.012057920938528617,True
138961,,Paradise Cable Television Network,broadband,2025-Q1,2025,1,24.44615936234944,15.788872620246332,13.181091801362307,5.553699312410481,60.55510889570553,69.0,1304,49,0.01110418707898398,True
63927,,RISE,broadband,2025-Q1,2025,1,61.154800352723015,43.281887207259345,32.01771564332505,10.809192325890102,36.88685303265941,38.953,1287,47,0.010959423903874527,True
137184,,Suniway Group of Companies Inc.,broadband,2025-Q1,2025,1,60.46899034916618,48.196605731943286,55.779747424770996,35.10372053776768,26.951317053642914,38.424,1249,113,0.010635835630100454,True
142414,,MALASIMBU CATV CORP,broadband,2025-Q1,2025,1,40.52248369049957,32.399046748935056,24.032077014957416,17.341298129874417,84.40110309278352,76.174,1165,63,0.009920535235441976,True
140878,,Philippine National Police,broadband,2025-Q1,2025,1,84.65706907473196,87.4204150749894,50.823811781575614,16.447890753474827,33.292556228373705,37.271,1158,9,0.009860926869220436,True
59322,,Black Fiber Solutions Corporation,broadband,2025-Q1,2025,1,57.95297732906074,33.65021309721667,49.47921207912116,19.40653669747705,43.16327607361963,32.852,1142,79,0.009724679174999775,True
18360,,Santo Tomas E-Service Providers,broadband,2025-Q1,2025,1,153.96696249051547,120.83295373319784,123.63270610562992,62.85682886478373,17.886219081272085,18.573,1132,276,0.00963952436611186,True
147042,,Panabo Satellite Cable Television Inc.,broadband,2025-Q1,2025,1,27.035074701174523,23.30920752220242,22.553587644490236,19.891183960141205,105.51882764811491,103.35,1115,20,0.009494761191002407,True
150000,,Data-Beam Business Solution,broadband,2025-Q1,2025,1,173.31087109895296,170.23902160220533,20.86847586805927,12.446203193268943,36.860736699729486,24.78,1109,20,0.009443668305669659,True
132505,,Concentrix Daksh Services Philippines Corporation,broadband,2025-Q1,2025,1,55.80678766457714,52.51464910728127,23.69979596997428,17.320154319894726,54.80972651162791,53.924,1075,4,0.00915414195545075,True
18188,,Ateneo de Manila University,broadband,2025-Q1,2025,1,156.94218682264096,132.22074218528638,92.94702332575429,63.611403023138735,21.52001396648044,26.593,1074,62,0.00914562647456196,True
21433,,Accenture UK Limited,broadband,2025-Q1,2025,1,7.191563773549192,8.59818254114357,5.495511062770817,0.5101730413200916,62.55753623188404,47.655,1035,5,0.008813522719899094,True
137846,,Sharp Viewing Entertainment Corporation,broadband,2025-Q1,2025,1,37.443737156205835,38.15221069952855,45.15389208887175,45.615554377383525,81.72362636273537,86.373,1009,2,0.008592120216790518,True
132454,,"Philippine Telegraph and Telephone Corporation,",broadband,2025-Q1,2025,1,45.17026805681106,39.064547356278105,32.427770948649425,17.042584462259995,5.616717346938775,3.881,980,23,0.008345171271015568,True
15347,,IBEX Global Solutions,broadband,2025-Q1,2025,1,49.91522058940844,30.723274486781172,13.492873935035263,2.8304481243321002,134.51109795479013,99.502,929,5,0.007910881745687206,True
135366,,Zafra Cable TV Network Inc.,broadband,2025-Q1,2025,1,32.32220798259181,29.584489894281976,21.013037868400023,14.739165869175439,68.10834777898158,58.949,923,20,0.007859788860354459,True
151633,,Archon Network and Data Solution,broadband,2025-Q1,2025,1,26.33191462996286,23.352992266937413,14.659742266528461,5.564033164581102,108.3974889380531,99.2645,904,57,0.007697994723467422,True
135499,,"Tiger Resort Leisure & Entertainment, Inc. (TRLEI)",broadband,2025-Q1,2025,1,43.49154344541232,71.51308014008674,23.416662367893647,55.94531787341063,57.13565251396648,50.1,895,6,0.007621355395468299,True
20258,,"Analog Devices, Inc.",broadband,2025-Q1,2025,1,334.16018239063834,210.85654202112423,191.3261882903065,91.89305825028156,32.081803591470255,34.181,891,1,0.007587293471913134,True
136513,,Corporate Technologies Incorporated,broadband,2025-Q1,2025,1,19.75610685662404,21.172048124403283,5.091306874376693,7.828940201305656,126.86381674208145,106.9015,884,9,0.0075276851056915945,True
45600,,"University of the Philippines, Manila",broadband,2025-Q1,2025,1,106.77911611494864,79.04814350483268,69.76929218229529,37.670737448755226,19.49323623853211,4.3004999999999995,872,389,0.0074254993350260975,True
132905,,AS number of Ateneo de Davao University,broadband,2025-Q1,2025,1,83.4119238128393,119.06398430863828,53.662932573850654,62.247679243926456,74.9657436781609,69.355,872,39,0.0074254993350260975,True
137248,,GNET Technologies,broadband,2025-Q1,2025,1,25.902029853066058,15.42827737685293,10.299247759048093,7.7641780244795555,41.80851470588235,38.1905,816,28,0.006948632405253779,True
139213,,"Hillview Cable Systems, inc.",broadband,2025-Q1,2025,1,28.86876439211863,26.055202182160002,16.534608704451884,13.283065569591823,75.3405198019802,51.6835,809,64,0.00688902403903224,True
10879,,Unitedhealthcare,broadband,2025-Q1,2025,1,32.54824318676562,38.56248984573704,15.25142907332791,20.04849251937974,42.253369268897146,37.104,807,1,0.0068719930772546565,True
134213,,Netify Communications Corp.,broadband,2025-Q1,2025,1,154.45871408639627,116.89082109296537,132.96408210865798,90.9520930155773,45.25900126262627,36.667500000000004,792,124,0.006744260863922786,True
141196,,DEPARTMENT OF INFORMATION AND COMMUNICATION TECHNOLOGY,broadband,2025-Q1,2025,1,55.84699048211491,35.41233025702868,17.712507070844268,4.364804613109856,148.4488018018018,181.113,777,111,0.0066165286505909145,True
152680,,GLIPPH,broadband,2025-Q1,2025,1,41.034419389276145,26.66136468565016,31.062555498360666,14.894145145714612,36.58313548387096,45.944,776,2,0.006608013169702123,True
134966,,Southern CableVision Inc.,broadband,2025-Q1,2025,1,22.25745557694224,18.497968759724873,16.041668999109568,13.076348914011051,91.86427088948786,94.562,743,17,0.006327002300372008,True
131276,,Mega Speed ICT Solutions Inc.,broadband,2025-Q1,2025,1,38.09259939781006,26.320022387344515,13.020700717903264,10.084910305960332,29.180178378378383,18.139000000000003,740,23,0.006301455857705633,True
18190,,SunValley New Oriental,broadband,2025-Q1,2025,1,23.63625210240098,17.776679036772375,12.230097426793947,7.53970647071782,11.193586402266288,2.1515,706,44,0.0060119295074867254,True
137406,,Airlive Communications Inc.,broadband,2025-Q1,2025,1,36.19941973660756,26.34415752078098,20.13641412277271,15.352086927441409,47.92827934621099,32.899,673,77,0.00573091863815661,True
6648,,"Bayan Telecommunications, Inc.",broadband,2025-Q1,2025,1,49.797641155613036,25.02631669869631,28.820751680929174,1.4022077393227192,142.1482735703246,219.592,649,16,0.005526547096825616,True
151324,,BONGAO CABLE TV - ISABELA,broadband,2025-Q1,2025,1,50.397791903318954,42.97773454319764,33.92263386717407,31.33144726911855,36.54234554140127,29.573999999999998,630,5,0.0053647529599385796,True
136216,,Channel Information Technology Support and Leasing Services Inc.,broadband,2025-Q1,2025,1,163.62209818860646,118.27082103729892,93.70396537762078,65.25312944561878,26.280660743134085,20.639,619,55,0.005271082670161874,True
141754,,Emapta Versatile Services Inc,broadband,2025-Q1,2025,1,133.32142053507891,52.97951128591514,121.52790836853576,23.978971835050583,31.133725203252034,31.489,615,20,0.005237020746606709,True
140927,,SKY MOVIE PHILIPPINES CATV,broadband,2025-Q1,2025,1,24.367479871181214,19.34340011327298,13.954583447728867,12.298226992333978,92.17620341880344,89.448,587,124,0.004998587281720549,True
151405,,WISE CABLE TV,broadband,2025-Q1,2025,1,32.006441292116584,27.868042984128824,21.751228634179483,15.387986567167278,104.42472431506847,102.468,584,20,0.004973040839054176,True
153175,,Tiny Redbug Enterprising Network and Data Solution,broadband,2025-Q1,2025,1,28.47456934531476,29.552421410168204,31.569318336359927,32.17110801442841,75.02253141831241,70.258,557,88,0.004743122855056807,True
139204,,RACITELCOM Inc.,broadband,2025-Q1,2025,1,37.19313416485945,24.800806854604847,22.125087145126177,21.342988479264516,46.4501981981982,52.761,555,53,0.004726091893279225,True
7862,,Chevron Corporation,broadband,2025-Q1,2025,1,52.016212347672486,37.23387405149474,22.41669417489272,9.447793330893367,95.61123326959847,83.806,523,33,0.0044535965048379,True
132792,,"University of the Philippines Visayas, Miagao",broadband,2025-Q1,2025,1,34.28558623611622,19.43639662854188,22.68460412555688,8.796258813094154,41.2663506743738,43.568,519,2,0.004419534581282735,True
17721,,"International Rice Research Institute,",broadband,2025-Q1,2025,1,110.99634192099442,86.51050414526145,74.7275446514999,45.30380970628506,15.522254403131116,6.0,511,7,0.004351410734172403,True
140549,,SHIFT DATA SERVICES INC,broadband,2025-Q1,2025,1,51.372334921475996,24.249823611374218,20.172418413750595,6.585883514313919,55.06445490981964,50.351,499,136,0.0042492249635069064,True
140593,,ULAP Networks Inc.,broadband,2025-Q1,2025,1,298.155052584377,220.34698440524681,307.65680658460576,172.1198656458285,19.318267748478707,6.816,493,4,0.004198132078174158,True
151627,,KC Broadband Inc.,broadband,2025-Q1,2025,1,57.35968665428517,52.396206089918394,56.781949053865894,46.12751913220982,64.25051124744378,66.0,490,18,0.004172585635507784,True
58757,,Ace Wireless Network Phils. Inc.,broadband,2025-Q1,2025,1,25.641715598996445,24.623908072281093,17.926202387002615,13.960470560723525,69.0760278372591,64.975,467,12,0.003976729575065582,True
135409,,Kacific Broadband Satellites Pte Ltd,broadband,2025-Q1,2025,1,7.99111072098208,2.042113846193399,7.978114958973462,2.080291498548977,54.172832589285704,47.6115,448,46,0.0038149354381785453,True
4637,,Telstra Global,broadband,2025-Q1,2025,1,41.492377096400865,22.57312195681425,8.100110606420689,3.23384741094471,143.0515114678899,99.9165,436,13,0.0037127496675130487,True
149509,,Xfiniti Internet Communication Services,broadband,2025-Q1,2025,1,38.47687188204893,22.96934337855265,23.23464912607172,9.237316862282235,91.76371875000001,87.3195,416,173,0.003542440049737221,True
152172,,"PSALMS CABLE, INC.",broadband,2025-Q1,2025,1,8.186616112915722,4.299343987939788,7.828933311985143,3.1250320992039398,62.62028536585367,49.2595,410,3,0.0034913471644044724,True
18214,,TELUS INTERNATIONAL,broadband,2025-Q1,2025,1,118.82808718323173,89.27013391041892,82.63950496502862,36.40419425000675,52.59752825552826,44.804,407,5,0.0034658007217380983,True
149802,,MT Cable Television Network,broadband,2025-Q1,2025,1,39.49776765468108,35.72947872390737,22.081314964860468,25.144068527281927,41.543982587064676,33.057,404,10,0.003440254279071724,True
141016,,SM Investments Corporation,broadband,2025-Q1,2025,1,118.83182381917942,84.96765387212055,67.66945855612272,39.17506152917266,13.855683291770573,4.521,401,10,0.00341470783640535,True
64008,,Department of Social Welfare and Development,broadband,2025-Q1,2025,1,110.56663995272422,69.58179040953499,80.46312974494822,10.2013799773587,29.947546365914786,26.929,399,3,0.003397676874627767,True
38609,,"American Data Exchange Corporation Ltd.,",broadband,2025-Q1,2025,1,39.36674973453803,19.989451409196807,14.038619768670289,8.953447397125228,52.31131122448979,41.153999999999996,392,24,0.0033380685084062273,True
150707,,Romblon Cable Corporation,broadband,2025-Q1,2025,1,16.974578813623598,13.24804181482577,12.696325897596223,8.140791640607482,91.39688917525774,84.07900000000001,388,17,0.0033040065848510616,True
147178,,TierOne Communications International Inc,broadband,2025-Q1,2025,1,10.442434272686222,5.467169685520416,5.159541642991693,3.666386509833505,52.081564516129035,49.666,372,14,0.0031677588906303994,True
134415,,De La Salle - College of Saint Benilde,broadband,2025-Q1,2025,1,159.8028708922957,115.19174718842905,83.97656574265373,79.04358268692519,27.134687687687688,6.898,333,1,0.002835655135967535,True
58437,,MAPUAEDU,broadband,2025-Q1,2025,1,41.799090656906756,36.63291430728788,32.57956551893321,23.161274008872866,31.03054740061162,4.636,327,10,0.0027845622506347863,True
152458,,HAPIBYTES,broadband,2025-Q1,2025,1,31.938906774028492,26.376135712573262,24.97602529185914,23.953165447337838,41.47063636363636,4.822,319,51,0.0027164384035244554,True
139833,,Cable Television Network Inc.,broadband,2025-Q1,2025,1,52.90827342223115,15.878230180862104,39.92742286980084,11.243398782532108,41.30007560137457,47.0,292,16,0.002486520419527088,True
137941,,Mabuhay Cable TV Inc,broadband,2025-Q1,2025,1,76.25607707588387,43.56055485820974,70.08313788533863,24.056224410157597,45.54026893939395,46.772,264,5,0.0022480869546409286,True
138969,,"Marbel Services and Television System, Inc.",broadband,2025-Q1,2025,1,10.056890375262668,1.0134644078972026,10.116158336697294,0.9021566513666714,128.6886015625,113.512,257,30,0.002188478588419389,True
12684,,SES ASTRA S.A.,broadband,2025-Q1,2025,1,2.616355025289031,0.703325675060899,2.035444541496095,0.5642503250430441,164.6280278884462,171.773,251,88,0.0021373857030866404,True
137827,,Cygnal Technologies,broadband,2025-Q1,2025,1,51.90401704552645,40.548012350054215,45.079610284294596,12.320899950477653,7.15994262295082,2.4205,244,12,0.0020777773368651008,True
63848,,De La Salle-College of Saint Benilde,broadband,2025-Q1,2025,1,90.54075020328393,55.04713683392868,48.58978875855143,37.89104760796542,66.90312554112555,62.378,231,2,0.0019670760853108126,True
140323,,ALLASTRILLA ENTERPRISES,broadband,2025-Q1,2025,1,66.80590091885294,54.33220866933958,53.12356026897396,50.83314329018835,3.6740826086956515,3.1,230,13,0.001958560604422021,True
269719,,GN TELECOM,broadband,2025-Q1,2025,1,63.42540181645067,53.293653271182656,45.71231667654986,28.197886723888647,108.72327433628318,106.64,226,16,0.0019244986808668555,True
132615,,Pipol Broadband,broadband,2025-Q1,2025,1,23.917699810960077,14.689008041525373,12.658536889105564,9.857673138869274,14.011976958525347,7.887,217,113,0.001847859352867733,True
138689,,"CONCEPCION PAY-TV NETWORK, INC.",broadband,2025-Q1,2025,1,38.41413935874194,20.448822519564494,18.64761654619446,8.818109672376124,57.25862962962963,36.457499999999996,216,24,0.0018393438719789415,True
138569,,Tech2go Strategic IT Solutions,broadband,2025-Q1,2025,1,14.202971126619492,6.904682534900408,6.9162138470323,1.3575705217330876,26.895512077294686,26.158,207,5,0.001762704543979819,True
23689,,Makati Shangri-La,broadband,2025-Q1,2025,1,69.93951771667302,57.006033874367525,73.64270619323158,55.23904796398696,19.964715846994533,13.074,183,2,0.0015583330026488255,True
149833,,Wrkpod Inc.,broadband,2025-Q1,2025,1,247.74976484752608,194.64791447520295,236.18823888193822,104.744139018313,38.39441208791209,25.148,182,22,0.001549817521760034,True
131253,,De La Salle-Lipa,broadband,2025-Q1,2025,1,62.755702668485384,39.952996255022825,9.435651766928281,8.84031258259306,6.401311111111112,5.1370000000000005,180,5,0.0015327865599824512,True
152135,,"Cubiscomm Signal Sales, Inc.",broadband,2025-Q1,2025,1,61.55363272966429,28.483781409283473,42.29416298585954,5.1509126687512445,104.74533707865167,99.8005,179,4,0.0015242710790936598,True
134996,,"BSITC PHILS., INC.",broadband,2025-Q1,2025,1,57.60739525986535,30.864384829712918,43.241860248762464,21.0425723217514,54.11744382022472,51.575500000000005,178,21,0.0015157555982048686,True
138975,,Claveria Agribased Multipurpose Cooperative,broadband,2025-Q1,2025,1,19.113501450757898,20.696022037985458,18.401891759810823,19.207128037397755,77.34192655367232,81.494,177,1,0.0015072401173160772,True
137487,,Manila Electric Company,broadband,2025-Q1,2025,1,87.78264241134697,80.48229939234906,62.49289326620174,54.53592383135079,16.62699421965318,6.39,173,26,0.0014731781937609115,True
135158,,Softnet Limited,broadband,2025-Q1,2025,1,58.5174932309618,46.66551967827777,34.758217754826475,29.39849485868213,98.59149390243903,45.453,164,18,0.001396538865761789,True
55437,,"WIT Phils., Inc.",broadband,2025-Q1,2025,1,26.409688545417602,4.081540462984401,25.472140165637473,4.463205141320241,71.70460784313725,73.886,153,2,0.0013028685759850836,True
58907,,Acquire BPO Pty Ltd,broadband,2025-Q1,2025,1,169.5787196370578,131.13613760198655,83.05879921362225,39.218344919641176,26.14815753424658,2.3125,146,17,0.001243260209763544,True
58706,,Xavier School,broadband,2025-Q1,2025,1,45.23332173834132,37.89811051892175,40.963432291275325,32.562673733748994,11.609499999999997,4.0,132,1,0.0011240434773204643,True
394869,,Asia Pacific Network Corporation,broadband,2025-Q1,2025,1,299.9648640731261,91.42170300553288,184.13820283049068,57.6407874653536,14.676022727272729,5.811999999999999,132,17,0.0011240434773204643,True
32043,,NeoFiber Communications inc.,broadband,2025-Q1,2025,1,27.288119046081036,3.616533952945807,18.123885978978905,0.6972843957694769,19.480409448818897,28.612,127,7,0.0010814660728765072,True
151360,,SONIC NETWORKS PHL INC.,broadband,2025-Q1,2025,1,72.8399879920325,64.65452929540312,29.434143751321823,14.596715486117365,68.11754400000001,76.632,125,10,0.0010644351110989244,True
135162,,eUP-University of the Philippines System,broadband,2025-Q1,2025,1,128.80579303511306,114.31957957049624,85.19326916312505,63.383119088660635,24.270000000000003,8.16,120,26,0.0010218577066549675,True
45351,,ABS CBN,broadband,2025-Q1,2025,1,176.2122769445022,169.42493600700348,93.42685062304062,61.87170435324356,18.68202521008404,20.851,119,2,0.0010133422257661761,True
132059,,"762 Quirino Highway, San Bartolome",broadband,2025-Q1,2025,1,55.54480675234807,39.22222237712498,48.16271520269551,37.043300825074276,49.47626050420168,46.0,119,4,0.0010133422257661761,True
131281,,"University of the Philippines, Visayas Cebu Campus",broadband,2025-Q1,2025,1,65.30316068776958,68.61078624518206,33.62993832898334,29.291662529442135,43.016949152542374,41.12,118,4,0.0010048267448773847,True
23732,,Sagility Philippines B.V. Branch Office,broadband,2025-Q1,2025,1,176.9281072167876,99.60500822213119,91.80038266114775,47.86171616693108,57.167952830188675,32.2525,106,17,0.0009026409742118879,True
141238,,Qualfon is a business process outsourcing company providing contact center services for various companies around thew world.,broadband,2025-Q1,2025,1,67.53810792411981,32.24935132431794,64.19470917801922,21.583664738054356,110.82309433962261,84.75649999999999,106,9,0.0009026409742118879,True
132716,,"1 Solaire Boulevard,",broadband,2025-Q1,2025,1,49.55199412952081,29.317557328680667,8.6931833609984,8.16921090012915,53.637705882352925,40.0,102,3,0.0008685790506567224,True
26344,,"Real Page, Inc.",broadband,2025-Q1,2025,1,219.09371089945282,139.6207224289042,92.7831035835016,62.58993306465873,102.63078999999998,20.1845,100,3,0.0008515480888791397,True
131245,,University of the Philippines,broadband,2025-Q1,2025,1,38.17405961629829,42.130842065901405,16.43701642091363,24.944999193530812,18.607416666666666,5.977,96,2,0.000817486165323974,False
150749,,AF Tech I.T. Solutions,broadband,2025-Q1,2025,1,28.629764244641795,14.396437063751293,11.440493208765991,5.35150110443669,71.01902105263157,30.035,95,1,0.0008089706844351826,False
10096,,"Easycall Communications Phils., Inc.",broadband,2025-Q1,2025,1,23.14695731602076,18.714192397032107,13.069098095079227,7.393861091050036,139.5437234042553,37.625,94,9,0.0008004552035463913,False
7306,,Asian Development Bank,broadband,2025-Q1,2025,1,52.415271640958984,53.946700277025535,21.837377407486485,48.331775661215666,42.211206521739136,44.8475,92,6,0.0007834242417688084,False
45865,,INFORPSSC,broadband,2025-Q1,2025,1,73.29269675940871,71.799420272446,74.98732785355288,31.801670253017736,66.950989010989,52.609,91,4,0.000774908760880017,False
4759,,TEXTRON CORPORATION,broadband,2025-Q1,2025,1,9.823319396111122,10.808463178485319,5.811979717312633,5.821642417497657,45.27380898876404,29.841,89,27,0.0007578777991024343,False
135132,,Dreamscape Networks Inc.,broadband,2025-Q1,2025,1,218.26184415864304,204.0456161049056,197.62796943357802,197.2660951876939,51.94175294117646,58.51,86,37,0.00073233135643606,False
142416,,"Itiviti Philippines, Inc",broadband,2025-Q1,2025,1,41.952238474990075,17.422179060858355,42.23290898882943,11.448450792820875,79.50299999999999,60.976,85,1,0.0007238158755472686,False
134416,,De La Salle-Zobel,broadband,2025-Q1,2025,1,34.788973996785444,57.99106597859144,6.3954498270882745,33.05405824592624,35.208710526315784,39.7645,76,2,0.0006471765475481461,False
136982,,Integranet Network Services,broadband,2025-Q1,2025,1,42.45303195503034,35.07918962941118,31.33511817265549,35.43842919405316,22.558767123287673,10.72,73,29,0.000621630104881772,False
139614,,BANGKO SENTRAL NG PILIPINAS,broadband,2025-Q1,2025,1,66.89664826613014,38.458445060606216,59.48709338878396,18.94458668098054,51.70553521126761,54.829,71,7,0.0006045991431041891,False
138496,,"Inspiro Relia, Inc",broadband,2025-Q1,2025,1,72.93533839442202,40.06888379207541,40.88770432008782,16.281050309452326,51.80361428571428,24.933999999999997,70,2,0.0005960836622153977,False
38722,,Conduent Business Services Philippines Inc.,broadband,2025-Q1,2025,1,66.57281606554551,49.64238503371387,27.557787537355928,7.887635537268261,80.88690163934426,78.287,61,4,0.0005194443342162752,False
133778,,GY Consultancy Group Inc.,broadband,2025-Q1,2025,1,23.193101244415132,18.765189042038536,8.128745808887976,7.284325919561506,34.26383606557377,31.889,61,11,0.0005194443342162752,False
23887,,PRODATANET INC.,broadband,2025-Q1,2025,1,18.098823466122656,10.393223176714235,10.2000282418966,5.493324507006481,25.418549999999996,20.2835,60,12,0.0005109288533274838,False
140708,,VITRO INC.,broadband,2025-Q1,2025,1,46.48441138498151,36.320367320592034,19.116797982443682,8.165683683475585,42.05317543859648,41.591,58,1,0.0004938978915499009,False
133198,,"iOne Resources, Inc.",broadband,2025-Q1,2025,1,48.01392312593526,26.971587038041076,20.22252259149631,10.84197993822068,22.6265,20.887500000000003,56,1,0.00047686692977231816,False
134414,,De La Salle-Greenhills,broadband,2025-Q1,2025,1,68.11544187162829,94.26462980140121,57.29842631269003,65.0847549997654,14.845892857142855,4.348,56,1,0.00047686692977231816,False
152173,,Robinsons Bank Corporation,broadband,2025-Q1,2025,1,75.21837518634227,91.50839492816353,70.44692652625181,92.38569667432799,1.6811454545454545,0.971,55,3,0.0004683514488835268,False
18018,,Gamebuilders Inc.,broadband,2025-Q1,2025,1,81.20358385042002,67.02231907862189,81.36568035173826,75.69336698030675,43.9369074074074,40.411,54,1,0.0004598359679947354,False
137936,,RDTECH IT SOLUTIONS,broadband,2025-Q1,2025,1,25.70011716718465,23.30353616448854,25.638952161483502,23.445980182009382,6.5936666666666675,5.0,54,20,0.0004598359679947354,False
24084,,HCL TECH,broadband,2025-Q1,2025,1,62.0553624374859,52.38780955645803,71.2322838909445,51.78763882757107,37.812132075471695,6.873,53,10,0.00045132048710594397,False
401783,,TOKALA COMMUNICATIONS INC.,broadband,2025-Q1,2025,1,29.100499833929454,3.294953681032611,27.96158538694857,0.8550918904514961,105.56005769230768,30.4585,52,11,0.0004428050062171526,False
38553,,DC Tech Micro Services Inc.,broadband,2025-Q1,2025,1,35.01880010376981,25.17970475004804,25.939501404889747,20.834367537348825,92.20233333333334,85.64099999999999,48,21,0.000408743082661987,False
135556,,MULTIFACTORS SALES,broadband,2025-Q1,2025,1,11.528450919248439,7.224596969458056,7.9718828758453455,4.746500829984455,56.70522727272728,53.766,44,1,0.00037468115910682144,False
38445,,WiPro BPO Philippines LTD Inc.,broadband,2025-Q1,2025,1,248.79991810819254,174.8670478064463,230.81163968929766,102.09792232700975,5.674454545454545,5.971,44,7,0.00037468115910682144,False
45166,,Pacific Internet Pte Ltd,broadband,2025-Q1,2025,1,20.139933735672845,17.998473516926516,19.04288010836924,19.52059333788862,2.188558139534884,2.451,43,4,0.00036616567821803,False
17561,,LARUS Limited,broadband,2025-Q1,2025,1,17.303944956880525,0.9121729034528306,9.785327400379696,0.08329918596268088,45.07637209302325,28.622,43,4,0.00036616567821803,False
17550,,San Miguel Corporation,broadband,2025-Q1,2025,1,19.353238111359605,19.080549768651544,12.601905565516999,9.441287119346889,43.35960975609756,2.474,41,3,0.00034913471644044725,False
140734,,Watch Tower Bible and Tract Society of the Philippines,broadband,2025-Q1,2025,1,140.1794905600919,147.91877504958148,118.59041373355193,156.4097509151458,41.189390243902444,36.453,41,17,0.00034913471644044725,False
58677,,DOFAIMPNET,broadband,2025-Q1,2025,1,101.69336350564967,101.29428335699993,86.51151173187738,88.51469858679607,3.832341463414635,1.458,41,1,0.00034913471644044725,False
45218,,"Coca-Cola FEMSA Philippines, Inc.",broadband,2025-Q1,2025,1,68.11226567348096,28.429991915127562,65.72551519562896,22.17228060757676,64.75877500000001,56.126,40,3,0.00034061923555165583,False
136777,,247 Customer Philippiness inc,broadband,2025-Q1,2025,1,194.51294449592507,89.81405316735585,106.24428581942453,31.310021933420288,15.893513513513515,18.0,37,5,0.00031507279288528164,False
10141,,DFNN Group of Companies,broadband,2025-Q1,2025,1,15.275276104442007,14.855324316273322,16.35896347268428,16.773697680444148,48.92259999999999,49.897,35,2,0.00029804183110769886,False
17452,,Bitstop Inc,broadband,2025-Q1,2025,1,74.69509492818096,51.13470669424001,55.581599891735245,38.60329335644643,48.46742424242425,48.684,33,9,0.0002810108693301161,False
63966,,RIZAL1,broadband,2025-Q1,2025,1,83.38641894716537,27.29632781324488,76.21506266603191,17.400210606794953,29.727757575757582,27.792,33,2,0.0002810108693301161,False
137417,,Cambridge University Press is the publishing business of the University of Cambridge in UK,broadband,2025-Q1,2025,1,79.19631513107946,50.766219185728175,82.49592127600505,19.472019814797626,42.57722580645162,43.079,31,1,0.0002639799075525333,False
132141,,Penthouse,broadband,2025-Q1,2025,1,99.7258370808602,81.62606731606135,106.70309612823472,83.86627912154334,56.60003448275862,51.552,29,1,0.00024694894577495047,False
149027,,Neo-Tech Asia Distribution Inc.,broadband,2025-Q1,2025,1,48.182198722556016,35.8997257512778,9.221691204394947,7.625892075422494,51.529714285714284,47.578,28,1,0.00023843346488615908,False
63938,,Pulo Diezmo Rd.,broadband,2025-Q1,2025,1,54.69423152776561,76.09222655691944,53.60256826259795,55.647449787140594,13.259962962962963,4.905,27,6,0.0002299179839973677,False
38334,,"World Health Organization, Western Pacific Regional Office,",broadband,2025-Q1,2025,1,246.17810637654455,193.00410447372042,286.5354357257007,181.91509595481983,10.83311111111111,3.838,27,1,0.0002299179839973677,False
132844,,Ateneo de Manila University,broadband,2025-Q1,2025,1,152.48960905750317,163.51769695913464,170.24674352304157,123.28139340421366,36.503884615384614,33.0595,26,9,0.0002214025031085763,False
22764,,"Fluor Enterprises, Inc.",broadband,2025-Q1,2025,1,16.62943464302944,89.82203791058082,4.187975315734485,88.65778800233149,42.60466666666667,30.337000000000003,24,1,0.0002043715413309935,False
140619,,JSLINK INTERNATIONAL CORPORATION,broadband,2025-Q1,2025,1,30.442289063135267,16.903496756123378,6.686593444356391,7.37980155217605,9.437875,3.95,24,2,0.0002043715413309935,False
38301,,Trec Global Pacific Transit AS,broadband,2025-Q1,2025,1,55.50726030492493,75.35067419077731,39.012362296944886,76.17664117077652,22.898090909090907,5.5435,22,2,0.00018734057955341072,False
24456,,"FOUNDEVER ASIA, INC.",broadband,2025-Q1,2025,1,286.8467611336236,262.9384393543568,175.66686285017988,185.07004250957044,16.165499999999998,11.66,22,2,0.00018734057955341072,False
17978,,SERVCORP AUSTRALIAN HOLDINGS LTD,broadband,2025-Q1,2025,1,37.88481141402714,50.332350719855576,26.546462478617677,26.944296598801486,95.28323809523809,106.986,21,1,0.00017882509866461933,False
48347,,JSC Mediasoft ekspert,broadband,2025-Q1,2025,1,5.414203638234828,1.1495091925078307,5.889380471621564,0.428859081425099,4.3542499999999995,3.967,20,3,0.00017030961777582792,False
215670,,LLP Internet Company First Page,broadband,2025-Q1,2025,1,4.3008378635077165,2.9561372956752576,4.486150773825052,3.6486149551415563,155.06559999999996,175.602,20,3,0.00017030961777582792,False
19970,,R&R Managed Telecom Services,broadband,2025-Q1,2025,1,36.43085889515538,24.436952737792847,41.56990007675328,25.85641285024729,74.90915789473684,85.0,19,7,0.00016179413688703653,False
9304,,HGC Global Communications Limited,broadband,2025-Q1,2025,1,14.384270327812448,0.3948350649204526,12.04491855165931,0.08293147309643045,23.123736842105263,29.952,19,4,0.00016179413688703653,False
38596,,"Innodata-ISOGEN, Inc",broadband,2025-Q1,2025,1,9.244216348578863,5.351342851236201,7.339219681279792,0.9926374652959802,134.89177777777778,112.01050000000001,18,2,0.00015327865599824514,False
24179,,"IMI, Manufacturing Semiconductors and Electronics",broadband,2025-Q1,2025,1,101.09292361902044,50.59202446906343,91.66040365835237,0.15553284268329354,5.590823529411764,3.887,17,1,0.00014476317510945372,False
38483,,"RCG INFORMATION TECHNOLOGY, AS CONTENT PROVIDER MANILA",broadband,2025-Q1,2025,1,75.5553280088146,56.0025296605419,85.33182146645962,83.0696352976544,16.69964705882353,12.013,17,1,0.00014476317510945372,False
136404,,BICOLANDIA CABLE TV INCORPORATED,broadband,2025-Q1,2025,1,51.9468923390739,39.157295360967694,38.08807021990117,16.923007385867056,60.695375,45.3855,16,4,0.00013624769422066233,False
147044,,TECH MAHINDRA,broadband,2025-Q1,2025,1,67.42358227016481,18.68302881211629,8.73805247820148,15.791951842165615,52.5372,52.0,15,3,0.00012773221333187094,False
146948,,"Rural Bank of Guinobatan, Inc.",broadband,2025-Q1,2025,1,3.7195417273006823,0.5923613016553896,3.4173400910495872,0.6517173696226561,73.0126,59.921,15,4,0.00012773221333187094,False
152687,,Macrologic Diversified Technologies Inc.,broadband,2025-Q1,2025,1,36.300149818240975,11.252556656777454,17.554358945150916,5.813888434014185,32.034214285714285,7.0785,14,2,0.00011921673244307954,False
23665,,GSNET,broadband,2025-Q1,2025,1,63.485442964810126,70.44974087041639,77.32621880131227,79.86492038778701,13.821142857142856,5.606999999999999,14,3,0.00011921673244307954,False
32110,,"Asurion Insurance Services, Inc.",broadband,2025-Q1,2025,1,77.69718574418343,121.32818889109058,84.01473669246893,116.61011293572895,27.134142857142855,12.096499999999999,14,1,0.00011921673244307954,False
132829,,Nevigate Communications (S) Pte Ltd,broadband,2025-Q1,2025,1,130.64272846648598,82.25124822741122,99.10785145569074,64.12158249720184,32.069750000000006,41.1015,12,1,0.00010218577066549675,False
139626,,"2GO Group, Inc.",broadband,2025-Q1,2025,1,13.718744638066896,13.889822436900692,10.6798985331873,6.313199503801736,23.108,19.9695,12,1,0.00010218577066549675,False
140984,,WTW HIGHTECH COMPANY INC,broadband,2025-Q1,2025,1,43.69665590349869,26.97993493384149,25.12147616095759,19.139825209486112,17.729333333333336,2.8845,12,9,0.00010218577066549675,False
45343,,AYALA LAND,broadband,2025-Q1,2025,1,47.89944869582501,179.8229671245237,17.599591801177304,174.27077612206796,5.799454545454545,5.557,11,1,9.367028977670536e-05,False
33680,,TELEPERFORMANCE USA,broadband,2025-Q1,2025,1,54.19747611614633,43.67424345065399,42.6249658301775,11.365184725527431,215.60499999999996,248.7725,10,3,8.515480888791396e-05,False
24109,,WNS Global Services,broadband,2025-Q1,2025,1,65.97698609311325,43.83139962678127,49.589204819967975,45.765376023083675,78.6773,69.7225,10,3,8.515480888791396e-05,False
3257,,GTT Communications Inc.,broadband,2025-Q1,2025,1,111.16776605792333,94.89594768352273,106.55327948112347,97.1810560542111,40.87466666666666,36.934,9,1,7.663932799912257e-05,False
38577,,LEEKIE-EN,broadband,2025-Q1,2025,1,43.8996241660329,8.950214272174213,46.922377643775825,5.139939548680596,29.567571428571426,27.958,7,1,5.960836622153977e-05,False
132554,,Ateneo de Manila University,broadband,2025-Q1,2025,1,92.33366544667668,55.15575858132973,84.81595675575353,62.055245631174174,24.603285714285715,31.276,7,4,5.960836622153977e-05,False
136260,,IPOINTEAST INC.,broadband,2025-Q1,2025,1,378.30640397746345,363.10730464901206,355.47188410747475,291.05436273550066,8.957857142857142,2.797,7,2,5.960836622153977e-05,False
55343,,Conduent Business Services Philippines Inc.,broadband,2025-Q1,2025,1,277.33107337385735,257.42606415918885,256.5294497269805,263.9360207146144,27.548166666666663,17.9085,6,3,5.1092885332748375e-05,False
139350,,Solaire Resort & Casino,broadband,2025-Q1,2025,1,129.06412902889477,48.622702065348115,127.63660439255233,14.268454036254742,18.3265,5.237,6,2,5.1092885332748375e-05,False
135122,,MILLAWAVE,broadband,2025-Q1,2025,1,14.32945420377742,1.460925490208773,8.212000373824734,2.114917821201101,121.06739999999999,34.803,5,1,4.257740444395698e-05,False
136503,,"Personal Collection Direct Selling, Inc.",broadband,2025-Q1,2025,1,109.21009532688603,32.16320593457978,108.33244844712969,0.08951472557195447,23.122999999999998,23.398,5,1,4.257740444395698e-05,False
133498,,De La Salle University,broadband,2025-Q1,2025,1,58.13717044774138,23.24596572336388,37.56958979251777,6.729038778935031,105.4288,94.407,5,1,4.257740444395698e-05,False
63846,,SGS ASIA PACIFIC LIMITED,broadband,2025-Q1,2025,1,442.36415084650946,304.79030910137624,431.2241211574081,300.65389632285616,36.427600000000005,43.0,5,1,4.257740444395698e-05,False
17445,,Universal Robina Corporation,broadband,2025-Q1,2025,1,65.67083086951621,152.85301806650452,50.113928475053015,195.8911274214275,24.2902,26.844,5,1,4.257740444395698e-05,False
132193,,Social Security System,broadband,2025-Q1,2025,1,245.80980930242072,33.89030069513025,207.8574303844522,33.89030069513025,15.93725,19.3995,4,3,3.406192355516558e-05,False
5580,,GTT Communications Netherlands B.V.,broadband,2025-Q1,2025,1,150.45104277262405,114.65472566876521,139.68631258669268,62.269761481056605,43.032250000000005,40.1965,4,1,3.406192355516558e-05,False
17448,,Web.com.ph Inc.,broadband,2025-Q1,2025,1,5.179295146601123,5.215699490103569,4.0998957570015895,5.215699490103569,66.7415,26.1295,4,2,3.406192355516558e-05,False
153495,,OFiber,broadband,2025-Q1,2025,1,14.404067511479745,23.097455583934238,16.246085280216068,26.80171575967965,482.01800000000003,482.4915,4,3,3.406192355516558e-05,False
38291,,BPS Corporation,broadband,2025-Q1,2025,1,15.89361860159132,17.558819995538013,16.304047965792613,17.3575441551978,58.16225,45.0,4,1,3.406192355516558e-05,False
38909,,ARLINE BERBA ESTRADA t/a ARDION LINE WEB DESIGN,broadband,2025-Q1,2025,1,17.71355672789785,0.4513842792047333,17.622895464181557,0.384141611743804,16.55025,21.497,4,1,3.406192355516558e-05,False
59342,,ABSATELLITE BBS-PH,broadband,2025-Q1,2025,1,65.36660077554174,53.596729470846334,67.10834946332662,50.36923867623517,6.107,5.7940000000000005,4,2,3.406192355516558e-05,False
132233,,Fourleaf Consulting Network and Data Solution,broadband,2025-Q1,2025,1,27.236571522005747,76.09105125042467,0.7870799702812368,41.569521378314334,359.0995,255.5375,4,1,3.406192355516558e-05,False
40051,,"Disney Worldwide Services, Inc.",broadband,2025-Q1,2025,1,71.09796581306799,57.61210429895893,82.72577079914417,80.9706688084451,222.78175000000002,222.602,4,1,3.406192355516558e-05,False
133195,,PERFETTI VAN MELLE ASIA PACIFIC PTE LTD - ROHQ,broadband,2025-Q1,2025,1,59.46766707137443,98.25426644446836,20.199276110798632,98.25426644446836,12.171333333333335,3.21,3,1,2.5546442666374187e-05,False
140722,,Bureau of the Treasury,broadband,2025-Q1,2025,1,15.110145700474005,10.396573305789333,2.9645382265352933,10.396573305789333,66.43666666666667,65.65,3,1,2.5546442666374187e-05,False
141210,,Grand Unicom Corp,broadband,2025-Q1,2025,1,24.116196678347947,12.13821104394683,6.289286439440329,12.13821104394683,111.05066666666666,113.94,3,2,2.5546442666374187e-05,False
55413,,Development Bank of the Philippines,broadband,2025-Q1,2025,1,126.78299745612698,75.35614500588336,147.99407431129643,75.35614500588336,39.26233333333333,42.712,3,1,2.5546442666374187e-05,False
141013,,Responsible Internet Sustainability Effort,broadband,2025-Q1,2025,1,560.3334368031805,0.07112641368904882,466.64840333039393,0.07648755013365642,33.666666666666664,40.0,3,3,2.5546442666374187e-05,False
24081,,SPI Technologies Inc.,broadband,2025-Q1,2025,1,237.93840429121028,73.98904970331294,278.34012312686025,59.86564379116732,28.823999999999998,35.014,3,1,2.5546442666374187e-05,False
7611,,"W NETWORK Inc,",broadband,2025-Q1,2025,1,36.2042272087561,15.904269642852583,35.187947742050085,15.580799918725413,156.89833333333334,168.709,3,1,2.5546442666374187e-05,False
139040,,"CANON BUSINESS PROCESS SERVICES PHILIPPINES,",broadband,2025-Q1,2025,1,24.656808811226735,8.616596282833651,22.05142178079671,8.616596282833651,49.797,44.323,3,1,2.5546442666374187e-05,False
214143,,SKYDIGITAL TELECOM LTD,broadband,2025-Q1,2025,1,9.63610616546498,0.003798384426623851,9.63610616546498,0.003798384426623851,278.3425,278.3425,2,1,1.703096177758279e-05,False
58604,,PACKETWORX INC.,broadband,2025-Q1,2025,1,22.455215444964296,5.522573955557809,22.455215444964296,5.522573955557809,50.5755,50.5755,2,1,1.703096177758279e-05,False
22773,,Cox Communications Inc.,broadband,2025-Q1,2025,1,237.7855645599776,0.08930893807343257,237.7855645599776,0.08930893807343257,26.356,26.356,2,2,1.703096177758279e-05,False
9254,,"Del Monte Philippines, Inc.",broadband,2025-Q1,2025,1,23.090616196376047,,23.090616196376047,,30.744,30.744,2,1,1.703096177758279e-05,False
138540,,"The Insular Life Assurance Company, Ltd.",broadband,2025-Q1,2025,1,151.54252801267882,83.28226892014277,151.54252801267882,83.28226892014277,47.2715,47.2715,2,1,1.703096177758279e-05,False
151789,,Philippine National Computer Emergency Response Team,broadband,2025-Q1,2025,1,112.68752464413909,,112.68752464413909,,1.499,1.499,1,1,8.515480888791396e-06,False
138218,,ABOITIZ EQUITY VENTURES INC.,broadband,2025-Q1,2025,1,85.99039085957666,,85.99039085957666,,55.644,55.644,1,1,8.515480888791396e-06,False
36776,,Five9 Inc.,broadband,2025-Q1,2025,1,178.57222452271958,267.9746327373846,178.57222452271958,267.9746327373846,57.484,57.484,1,1,8.515480888791396e-06,False
8851,,GCI Network Solutions Limited,broadband,2025-Q1,2025,1,10.148303087532101,2.045393552482414,10.148303087532101,2.045393552482414,234.999,234.999,1,1,8.515480888791396e-06,False
23988,,PLDT GLOBAL Corp. Internet-based Services AP,broadband,2025-Q1,2025,1,20.460938920776073,8.696299799858105,20.460938920776073,8.696299799858105,192.455,192.455,1,1,8.515480888791396e-06,False
55290,,Depository Trust & Clearing Corporation,broadband,2025-Q1,2025,1,87.29456026053704,6.305409163050852,87.29456026053704,6.305409163050852,30.937,30.937,1,1,8.515480888791396e-06,False
137420,,Savant Technologies Inc.,broadband,2025-Q1,2025,1,78.17641803892054,84.66944151141206,78.17641803892054,84.66944151141206,111.497,111.497,1,1,8.515480888791396e-06,False
31713,,Gateway Communications,broadband,2025-Q1,2025,1,28.44951551716052,58.73000007600009,28.44951551716052,58.73000007600009,264.835,264.835,1,1,8.515480888791396e-06,False
62654,,"MENLO SECURITY, INC.",broadband,2025-Q1,2025,1,269.5413121250329,,269.5413121250329,,68.864,68.864,1,1,8.515480888791396e-06,False
263703,,VIGINET C.A,broadband,2025-Q1,2025,1,0.43094153597601037,,0.43094153597601037,,182.86,182.86,1,1,8.515480888791396e-06,False
2687,,"AT&T Enterprises, LLC",broadband,2025-Q1,2025,1,83.43362540181833,0.0761377299879761,83.43362540181833,0.0761377299879761,87.765,87.765,1,1,8.515480888791396e-06,False
133436,,"KONTAK ONE MANAGEMENT EXCHANGE, INC.",broadband,2025-Q1,2025,1,8.75667219484998,2.4493251969311,8.75667219484998,2.4493251969311,53.506,53.506,1,1,8.515480888791396e-06,False
9299,PLDT,Philippine Long Distance Telephone Company,broadband,2025-Q2,2025,2,64.39706551765457,50.84670834447445,33.622840493569846,21.747761238803193,83.81794435691084,68.928,3805041,1274440,43.654915341353664,True
17639,Converge,Converge ICT Solutions Inc.,broadband,2025-Q2,2025,2,101.13404034623196,76.39029535872373,55.25825961429853,35.50150290867001,35.26234690154847,32.499,2024243,32409,23.223969674788727,True
132199,Globe,Globe Telecom Inc.,broadband,2025-Q2,2025,2,118.44606572705852,88.49722922585553,56.004010587403016,41.08165160807228,32.48298850983539,14.206,801642,109260,9.197171237858786,True
14593,Starlink,Space Exploration Technologies Corporation,broadband,2025-Q2,2025,2,31.695913825207143,4.338207467168072,10.744934831584718,3.5933910617776488,46.05423858586849,32.463,327807,58641,3.7609021383220633,True
4775,Globe,Globe Telecoms,broadband,2025-Q2,2025,2,62.92148313122273,47.17918158038037,30.096902894301003,15.887253081049103,72.59666564483263,50.953,264673,70145,3.036571066682882,True
139831,DITO,DITO TELECOMMUNITY CORP.,broadband,2025-Q2,2025,2,33.27560343114452,7.9124063304121295,10.504224577955451,2.4026652238070634,63.03324272834991,49.0,194228,91586,2.2283615069904474,True
56207,Converge,ComClark Network & Technology Corp,broadband,2025-Q2,2025,2,36.21243165090914,29.261662828315103,29.43579362051224,30.702702508109684,39.405553517846876,33.562,175735,2668,2.0161928734835675,True
23944,Sky Cable,SKYBroadband SKYCable Corporation,broadband,2025-Q2,2025,2,58.146568039591244,8.951883205464478,36.779782577630954,3.7375417464998635,27.6812889957265,9.9955,93631,22563,1.074220587459185,True
134707,RoyalCable,RoyalCable Flash,broadband,2025-Q2,2025,2,98.19369494439802,57.71184566214299,50.860208114338505,22.88647942558455,24.87097147893745,30.902,82282,2554,0.9440144650523509,True
135607,Infinivan,Infinivan Incorporated,broadband,2025-Q2,2025,2,47.727042572606045,25.456686838998383,27.166028372809407,10.564240905834255,49.09635121853375,47.83,79808,1897,0.9156304711467639,True
136515,Dasca,"Dasca Cable Services, Inc.",broadband,2025-Q2,2025,2,133.71082165341141,77.58932722772303,76.8538791959423,33.762707349570164,35.85665323717489,32.0,48958,1089,0.5616910160184851,True
9658,Eastern Communications,"Eastern Telecoms Phils., Inc.",broadband,2025-Q2,2025,2,72.97607841748048,47.40875673109305,36.577037738122556,18.51655648082629,28.15824879904361,16.524,46027,4692,0.5280638995523268,True
134788,Parasat,"Parasat Cable TV, Inc",broadband,2025-Q2,2025,2,61.055378572781265,22.307426541243334,37.40716369039128,8.282750877294035,73.33236384218046,66.099,45532,4086,0.522384806188032,True
55821,,"RADIUS TELECOMS, INC.",broadband,2025-Q2,2025,2,91.88303530875153,59.93063897934074,54.67481871133233,33.59458699517829,34.6300234475138,31.0,45259,13425,0.5192527001507541,True
45754,,Clear Path Networks Inc,broadband,2025-Q2,2025,2,125.97580431303997,61.55319295008606,79.15561929159327,37.59416260015075,42.170822169227506,40.424,33130,4155,0.3800977033516976,True
56099,,Asian Vision Cable,broadband,2025-Q2,2025,2,65.35739603710597,35.86639612478347,43.30366483279211,14.207693359222462,37.10347377423034,33.4905,29835,3312,0.34229444550250226,True
133334,,DCTV Cable Network Broadband Services Inc,broadband,2025-Q2,2025,2,64.21345898067352,36.43606617726929,32.782480301893216,10.448124119069462,47.73993342679462,40.022,27835,384,0.31934861372757334,True
133623,,Planet Cable Inc.,broadband,2025-Q2,2025,2,64.32827217309357,20.65664356027421,32.40724162220869,5.966536490688276,50.97267691808335,38.016,24667,177,0.2830024161960859,True
45700,,PT. NAP Info Lintas Nusa,broadband,2025-Q2,2025,2,20.87397186843265,3.7781700350699796,6.736216404086297,2.8261772723686427,47.69605391077398,32.1085,24531,253,0.28144209963539074,True
56262,,Dagupan Urban Satellite Vision Inc.,broadband,2025-Q2,2025,2,75.97308541122756,35.516093216303766,43.479340875144985,11.98856881828989,32.053516227230325,22.0,20372,506,0.23372624245942603,True
138965,,Streamtech Systems Technologies Inc.,broadband,2025-Q2,2025,2,50.3756956566733,22.156251054895876,25.817658639382536,9.03915921138446,63.582049847128175,53.4315,18322,199,0.21020676489012388,True
17970,,SKYBroadband SKYCable Corporation,broadband,2025-Q2,2025,2,46.65124285964823,4.738779291984331,28.929167918428643,2.4297754096616897,29.856651496188416,9.124,17583,1356,0.20172828004928764,True
135345,,NewMountainView Satellite Corporation,broadband,2025-Q2,2025,2,74.3556280049041,47.32398856365247,36.72107306648585,23.012124359892375,32.175527597697666,25.865,16510,498,0.1894178413020383,True
9927,,Philippine Global Communications Corporation,broadband,2025-Q2,2025,2,71.56410851531446,44.9382256891566,41.42095552684015,16.40606549402341,43.72211811023622,32.757000000000005,16009,826,0.1836699104424186,True
137239,,Fil Products Service Television Incorporated,broadband,2025-Q2,2025,2,48.11804565275126,29.006470266058024,30.51752301539578,8.24669450229646,51.328655668190535,45.695,15110,245,0.17335575905958803,True
136929,,"Meridian Cable TV, INC",broadband,2025-Q2,2025,2,141.4133950959615,87.89369989830993,86.46913471605698,36.38109927180841,24.310974123594754,30.961,15035,261,0.1724952903680282,True
139238,,Infinity Broadband INC.,broadband,2025-Q2,2025,2,129.25837220564037,77.1983601830963,89.28853842556589,39.590017356517734,38.79045852464035,49.536,13071,412,0.149962483565048,True
(unknown),,,broadband,2025-Q2,2025,2,99.7029851654163,57.2222278183093,47.67877711262891,15.446264996723006,68.33010873328088,60.1575,12712,3203,0.14584370676144826,True
134497,,Cine Cebu,broadband,2025-Q2,2025,2,36.704417553028996,24.202720994855614,20.21974799600739,10.279883047824336,43.77202512002743,24.4765,11671,82,0.13390040132259776,True
132021,,Kalibo Cable Television Network Inc,broadband,2025-Q2,2025,2,31.602091508087085,20.92987491517714,19.022464015910113,11.092987970575109,53.91615580242378,50.188,10900,115,0.12505478317336263,True
137074,,Responsible Internet Sustainability Effort,broadband,2025-Q2,2025,2,106.1594424505629,67.02344511093942,50.83966620060616,21.255023551153798,27.096697568536282,15.044,10330,801,0.1185152211175079,True
150447,,Woofy Incorporated,broadband,2025-Q2,2025,2,65.86480940465627,54.15309421336117,49.05630246198422,44.39176816067202,29.07251212883745,4.167,9938,221,0.11401783808962183,True
45499,,Cablelink & Holdings Corp. Transit AS Internet Service Provider Philippines,broadband,2025-Q2,2025,2,62.761034345889485,41.59633136349114,32.894671548452294,9.300251004402602,30.168227591180717,13.3575,9709,1938,0.11139054035139247,True
151066,,Imperial network inc,broadband,2025-Q2,2025,2,85.90275739307195,57.80579036287313,50.08598247508334,35.40788539053271,9.602257904011605,3.818,9650,133,0.11071363831403207,True
132400,,COMMUNITY CABLE VISION CORPORATION,broadband,2025-Q2,2025,2,64.74065142237603,32.95570031792592,41.7641010892042,8.859299570419555,40.89792211250416,33.771,9019,394,0.103474228389042,True
142271,,EWS DS Networks Inc,broadband,2025-Q2,2025,2,61.505897909083636,45.37661197057545,41.03586761930704,29.34274984623402,7.626658974650448,3.476,8798,46,0.10093871397791235,True
152107,,Fiberbro Internet Communication Services Corp.,broadband,2025-Q2,2025,2,76.19426348612974,48.62297050895286,41.20284356265101,23.827906694429586,11.999991305355902,4.3535,8628,99,0.09898831827704338,True
142629,,GigaFiber Corp.,broadband,2025-Q2,2025,2,27.78284877094661,16.312574285816478,14.051277055305949,3.7645638679626567,75.43599387875221,62.572,8497,311,0.09748536629578554,True
9821,,Department of Science and Technology,broadband,2025-Q2,2025,2,135.14933817113297,112.75038416691106,65.00033478540335,32.02365531172735,24.079319936862554,13.559999999999999,8241,246,0.09454829982859464,True
138958,,Tandag Electric & Telephone Company Inc.,broadband,2025-Q2,2025,2,35.55956949559786,20.27838290698407,16.869858805006263,4.449306415460335,91.79560827464788,81.3015,7961,289,0.0913358833801046,True
18233,,"Philippine Telegraph and Telephone Corporation,",broadband,2025-Q2,2025,2,50.55978899316799,33.09733635476738,24.307892625357994,12.316011751119092,36.43658976674192,31.612,6647,465,0.07626047190397628,True
149645,,"Spectrum Cable network and broadband, Inc.",broadband,2025-Q2,2025,2,102.47024730922655,64.25065479824998,69.30085380473368,25.50012414603974,69.07293019251838,60.705,6389,166,0.07330045960501046,True
137404,,KCAT,broadband,2025-Q2,2025,2,45.905356457412545,24.30816773759526,21.371183478004323,9.59438621855245,29.146509338963778,20.055,6165,91,0.07073052644621841,True
141994,,Ocean Wave Communications Philippine Corp.,broadband,2025-Q2,2025,2,43.307088902781075,32.040718796265054,28.088084884692,20.50948107764336,44.60689215686275,44.244,6020,148,0.06906695364253607,True
153359,,Imtech Solution and Data Providers,broadband,2025-Q2,2025,2,21.688328531854456,14.807374139498066,9.232389252597013,3.5691996952286487,94.46162328308206,93.0,5971,38,0.06850478076405031,True
140243,,"CMD Cable Vision, Inc",broadband,2025-Q2,2025,2,42.0440245373838,28.774790093053724,31.343697948433526,19.335598310457065,69.67721952470507,66.0,5854,73,0.06716244960521696,True
135025,,"Nexlogic Telecommunications Network, Inc.",broadband,2025-Q2,2025,2,30.77198571497006,18.012229293692034,15.04482910438093,6.414759948544195,42.472760940449625,31.948,5832,244,0.06691004545569275,True
141686,,LizardBear Tasking Inc.,broadband,2025-Q2,2025,2,102.49273439366208,65.70259218740217,75.15908826370514,26.66361916220092,42.75628229490225,31.994,5473,10,0.062791268652093,True
142285,,KEITH.NET INCORPORATED,broadband,2025-Q2,2025,2,41.642430972236724,28.03685382648295,32.09424302093657,17.20243603098854,20.001163173652696,10.618,5344,62,0.06131126250261009,True
139752,,"Multinetwork Cable Television, Inc",broadband,2025-Q2,2025,2,59.90881994248821,40.35797878024971,32.07069403641982,21.194991656527534,43.07611711538461,41.769999999999996,5202,134,0.05968210844659014,True
151408,,Fil Products Service Television of Calbayog Inc.,broadband,2025-Q2,2025,2,35.24689566135086,27.775503396273397,19.346988849388786,10.437410107622874,72.74906207035991,61.0,4948,59,0.05676798781117416,True
134216,,GLERCIMOR NETWORK AND DATA SOLUTION,broadband,2025-Q2,2025,2,39.80980041330999,27.498522565137492,25.190647016419923,13.56791588513644,64.93141740565065,61.0,4854,124,0.0556895337177525,True
151653,,General Telephone System Inc.,broadband,2025-Q2,2025,2,83.28244657173946,65.02037831364834,34.56723553266083,27.94920657999667,37.90262674925442,18.888,4362,46,0.050044859101119984,True
151465,,CULASI CATV INC.,broadband,2025-Q2,2025,2,34.209289960928025,21.98514654029507,25.20730137499101,12.446484919862897,63.9119194779611,57.0,4063,42,0.04661445725076811,True
138987,,CHARLES CATV SYSTEMS INC,broadband,2025-Q2,2025,2,56.074462557858176,38.58677312397618,15.493292990176762,5.071139495655807,49.5538909408535,39.562,4010,23,0.046006392708732496,True
135594,,Kabayan Cable Tv Systems Inc.,broadband,2025-Q2,2025,2,44.83712809108788,31.9342369242415,31.937378172867437,17.436678782820103,51.20787041751528,59.717,3932,20,0.045111505269510264,True
151650,,Switch Fiber,broadband,2025-Q2,2025,2,55.925053301405214,48.73163544396245,45.23707372413353,42.28523087464234,15.844094463395436,3.969,3813,13,0.043746228278902,True
138543,,Cablevision Systems Corporation,broadband,2025-Q2,2025,2,51.213073009661564,31.428856430068716,31.658922558095888,12.738294983924527,62.07275261044177,61.743,3742,109,0.04293165125089202,True
136244,,Panay Broadband / Buenavista Cable TV Inc.,broadband,2025-Q2,2025,2,58.879775155636914,41.372927075624744,22.550113804435917,10.289556404062019,29.814800220143088,15.607,3634,88,0.041692576335045854,True
151317,,Librify,broadband,2025-Q2,2025,2,47.48787277846847,33.28850361297527,19.310318911810157,9.365487309980193,43.247565440547476,28.732,3511,27,0.040281407680887726,True
139846,,StarCable,broadband,2025-Q2,2025,2,54.47225092547421,47.35348938419054,27.991423625138577,23.909928126100624,92.19530702764976,76.9255,3474,116,0.039856909793051544,True
139034,,Sattelite Plus Incorporated,broadband,2025-Q2,2025,2,22.77559307097851,11.323141560829994,17.502687891906795,4.676909969270092,49.26205719392314,33.96,3360,702,0.03854899738188059,True
137996,,"HGC Global Communications (Philippines), Inc.",broadband,2025-Q2,2025,2,75.77432472071875,67.55034416249485,16.463131907867368,13.549578183543257,46.79194387755101,28.985,3337,78,0.03828512031646891,True
142555,,"Z-ENERGY CATV NETWORK, INC.",broadband,2025-Q2,2025,2,20.237745106362,13.508883342601933,18.59091619478607,12.893832825683262,74.91459431045145,73.58850000000001,3235,86,0.03711488289594753,True
153174,,Aioni Digital and Data Solutions Inc.,broadband,2025-Q2,2025,2,30.197275229039835,21.691108720804532,19.044436968552485,11.952438936952943,53.076904404873474,47.0,3203,41,0.03674774958754867,True
131465,,"Marbel Telephone System, Inc.",broadband,2025-Q2,2025,2,50.04656808938343,23.239119215588946,27.65622610833435,8.068027964598867,70.87935697712959,59.277,3022,15,0.03467115181191761,True
142424,,"Unique Cable Network, Inc.",broadband,2025-Q2,2025,2,35.63825572575459,26.41512940397416,23.807151109332406,14.066521326210117,104.06900964095743,82.0275,3012,9,0.03455642265304296,True
150704,,DEARBC Connect,broadband,2025-Q2,2025,2,41.09936007974915,15.843854928585605,33.77801491761096,2.754803841973621,71.21078464606182,71.212,3009,318,0.034522003905380565,True
137226,,"ANGELES CITY CABLE TELEVISION NETWORK, INC.",broadband,2025-Q2,2025,2,8.609520968783933,1.8821175954451106,6.551190767444787,1.1467040179248225,55.802537173476196,36.013999999999996,2988,939,0.034281072671743816,True
140975,,Comsat Cable Supplies and Services,broadband,2025-Q2,2025,2,21.539071415293716,12.084532513523023,18.711802517180097,4.827376036527945,64.5934986440678,52.5545,2950,40,0.033845101868020165,True
142009,,Misamis Cable Management and Development Corp,broadband,2025-Q2,2025,2,43.9532677115154,20.13102325691772,32.61993777073152,4.177760836924376,72.13439456706281,61.974,2947,220,0.03381068312035777,True
152141,,R-NET Wired Internet Services,broadband,2025-Q2,2025,2,68.58011153170891,35.063171433442506,54.26992034239168,16.211354540241516,35.209672602739715,33.0,2920,154,0.03350091439139623,True
151049,,ATSS NETWORK AND DATA SOLUTION,broadband,2025-Q2,2025,2,58.32613190233442,50.24010868582564,54.97040174819818,44.55196638891652,10.32190444981028,2.996,2900,70,0.03327145607364694,True
134564,,NETFACTORY,broadband,2025-Q2,2025,2,80.11273760238959,45.49920855045931,46.730446653238005,17.45478964789281,43.17122805805114,32.4525,2895,44,0.03321409149420962,True
134802,,Naic Cable TV Corp.,broadband,2025-Q2,2025,2,69.63413432692168,41.98538297684723,45.83229668016661,17.565637731648376,34.3737311370882,32.62,2825,36,0.03241098738208711,True
151354,,MCBROAD IT SOLUTIONS,broadband,2025-Q2,2025,2,63.91692023761952,23.140007696684403,39.83299017004569,7.251377056868469,41.01331254558716,40.9775,2744,27,0.031481681195202484,True
15084,,Concentrix CVG Corporation,broadband,2025-Q2,2025,2,52.86595188291625,61.726148280295966,12.168414513374957,6.453339237284331,62.4613260393873,57.2945,2742,150,0.031458735363427553,True
138025,,RBC Cable Master System,broadband,2025-Q2,2025,2,50.51289406892482,29.566305637607794,39.16791888324467,16.679714593964984,35.239215758468326,40.0,2717,51,0.031171912466240945,True
150431,,ADS Cable TV Network,broadband,2025-Q2,2025,2,59.04724686087203,45.14981588703108,42.36218483405645,33.62020535154885,19.554555,7.486,2600,39,0.029829581307407604,True
136433,,Medrozo IT Solutions,broadband,2025-Q2,2025,2,29.34671895303242,16.511450690429218,18.991032145244564,12.05516992791333,45.14528410852713,24.753,2580,169,0.029600122989658313,True
147174,,POLARIS CABLE VISION INC.,broadband,2025-Q2,2025,2,44.754891905536205,24.567511227008545,26.01572338391596,13.948642913570865,33.14696519246518,24.0,2442,68,0.028016860597188217,True
138929,,Cebu Cable TV Management Corporation,broadband,2025-Q2,2025,2,76.07284055608818,48.04310654766867,35.16861265123948,17.10170496778354,42.071274744027306,22.0,2345,89,0.026903987756104166,True
149848,,CELEBRITY CABLE NETWORK INC,broadband,2025-Q2,2025,2,40.53164486378051,28.03520892604549,27.353810746645607,11.4670462865761,49.491130490956074,52.436,2322,78,0.026640110690692484,True
133064,,SLMC INFRASTRUCTURE,broadband,2025-Q2,2025,2,35.655039828451095,59.915269785112926,14.050896161273798,41.0844869838738,32.47531261101243,29.28,2252,20,0.02583700657856997,True
150450,,"Kinahugan Bojol Communications, Inc.",broadband,2025-Q2,2025,2,39.96772280288541,30.701295969518213,29.12665062062732,20.272555098030686,58.783622100954965,52.967,2200,176,0.025240414952421818,True
131306,,CITI Cableworld Inc.,broadband,2025-Q2,2025,2,61.114932583082584,30.04955965903717,52.01234512811472,12.437834762165238,59.59729220183487,45.2285,2183,9,0.025045375382334922,True
152131,,ILEAD NETWORK CORPORATION,broadband,2025-Q2,2025,2,39.00030646514071,24.547164068016873,26.784332809841825,9.294580187617282,53.276397058823534,50.6115,2180,15,0.025010956634672527,True
174,Cogent,"Cogent Communications, LLC",broadband,2025-Q2,2025,2,58.161121250582184,32.18394210186088,31.967314583831026,13.234279165835432,41.91608862559241,45.901,2111,148,0.02421932543843748,True
139464,,KMC Mag Solutions,broadband,2025-Q2,2025,2,296.7975586289246,172.7835088532642,233.81476645691004,71.3904106103114,12.997171785028792,3.9185,2084,68,0.023909556709475942,True
132054,,Rising Star Cable TV Services,broadband,2025-Q2,2025,2,30.605993051061258,13.080179524857233,25.134649111516694,4.63733858542353,63.71610028929604,61.0,2074,22,0.023794827550601295,True
135582,,Galaxy Cable Corp.,broadband,2025-Q2,2025,2,72.24320559792217,29.77496892941412,44.338923487015144,14.849359733004759,63.134204754973325,59.697,2063,126,0.023668625475839186,True
45209,,"University of the Philippines, Los Banos Campus",broadband,2025-Q2,2025,2,133.3625116264047,50.95030058720778,59.76325554056994,9.891674320768274,28.076787362086264,33.806,1996,24,0.022899940111379066,True
139900,,RELIANCE CATV AND ENTERTAINMENT SERVICES,broadband,2025-Q2,2025,2,45.72427484785116,31.827218253011083,28.033130851011137,13.08653892114493,60.31953151790218,54.701,1985,75,0.022773738036616958,True
132464,,Barbaza Multi-Purpose Cooperative,broadband,2025-Q2,2025,2,17.894600680562593,15.073406343063569,16.889105763238625,12.904035612219015,67.94340508905854,57.0,1970,68,0.022601644298304992,True
151788,,"EAGLE VISION, INC.",broadband,2025-Q2,2025,2,47.75892604062044,33.513337755288866,25.7219681830045,21.33386530896885,31.45471523517383,20.462,1956,43,0.02244102347588049,True
141676,,St. Joseph Cable TV System,broadband,2025-Q2,2025,2,33.84106247256098,10.174925678264733,17.399758476843072,3.5411142296912606,67.97531603288797,64.19550000000001,1948,348,0.022349240148780772,True
23862,,University of the Philippines Diliman,broadband,2025-Q2,2025,2,105.83827358980867,89.95727757575449,39.060700828670946,21.024024463351722,27.08332678386763,30.866500000000002,1935,82,0.022200092242243737,True
139798,,LizardBear Tasking Inc,broadband,2025-Q2,2025,2,139.82817420366675,81.01280872202268,88.4992442448625,47.18780291479732,29.908498448810747,14.018,1934,3,0.02218861932635627,True
137818,,Panay Telephone Corporation,broadband,2025-Q2,2025,2,24.968889650123476,17.660902416512187,13.250119310691666,3.882471858157594,69.31337894736843,54.3335,1901,22,0.021810013102069942,True
135423,,Total Information Management Corporation,broadband,2025-Q2,2025,2,73.55383482521796,71.77965937351529,39.15421503720637,26.13522087315939,11.69036310782241,3.9565,1894,64,0.02172970269085769,True
140323,,ALLASTRILLA ENTERPRISES,broadband,2025-Q2,2025,2,79.73062663548512,55.23341518252182,52.62299670692343,46.13036477027254,6.961148732394366,4.242,1775,30,0.020364425700249423,True
149170,,TOLEDO CABLE TV,broadband,2025-Q2,2025,2,37.62547557083399,38.57087159913502,29.152630115196622,28.03346026341233,81.59014791183293,59.594,1726,14,0.019802252821763663,True
18187,,Ignite Telecommunications Inc,broadband,2025-Q2,2025,2,49.59110186749248,41.055130352820775,19.136647936647936,16.01722530119147,45.38217913965822,38.053,1697,123,0.019469538261027194,True
142581,,Mambulao Cable Television,broadband,2025-Q2,2025,2,29.644003957555135,22.45085481473819,15.316860759023578,10.906122723262316,84.3326122931442,61.891999999999996,1694,41,0.0194351195133648,True
141152,,BATAAN SPACE CABLE NETWORK INC,broadband,2025-Q2,2025,2,93.5862036766646,54.175958489633864,63.53369758673494,29.45040049948048,61.27873233532934,36.661,1670,69,0.019159769532065652,True
137248,,GNET Technologies,broadband,2025-Q2,2025,2,38.04845108067862,14.65890875153509,17.70493528845275,8.886850801267746,45.1503112113402,39.883,1552,108,0.017805965457344846,True
132714,,Airfiber's Internet Shop,broadband,2025-Q2,2025,2,42.76640032821871,24.0023205970592,38.52359082743365,8.13121798108223,68.43999805699482,62.873,1544,147,0.01771418213024513,True
152297,,PLANETNET NETWORK AND DATA SOLUTION,broadband,2025-Q2,2025,2,36.935334020728035,33.7257713137329,40.28911968288824,34.63982675775164,22.800573376623372,5.95,1541,149,0.017679763382582737,True
133464,,RTDS Network ICT Solutions Inc.,broadband,2025-Q2,2025,2,180.84037107503997,138.9557391603955,94.3046129061774,63.566463318986685,22.495904290429046,5.644,1515,82,0.01738146756950866,True
153166,,PAKONEK SOLUTIONS INC.,broadband,2025-Q2,2025,2,60.14003620229034,27.31201439623528,40.9566331754061,9.143805640012273,65.93681241743725,69.1705,1514,21,0.017369994653621195,True
135549,,"NEW WORLD CATV, INC.",broadband,2025-Q2,2025,2,37.593646331147795,16.882617967287032,20.877054088137854,5.469842012016438,74.42773607427056,62.1385,1511,13,0.017335575905958803,True
151633,,Archon Network and Data Solution,broadband,2025-Q2,2025,2,13.575148124824782,8.084167899955904,11.31578548290992,1.7085836166553205,98.74079315068495,92.4725,1464,76,0.016796348859247974,True
149825,,RFi Fiber,broadband,2025-Q2,2025,2,42.28337511208199,29.479851148743556,32.46834123839983,19.42317990488953,53.81941889985896,60.533500000000004,1418,23,0.01626859472842461,True
153055,,TAMARAW VISION NETWORK INC.,broadband,2025-Q2,2025,2,30.20415852700033,17.116481786089768,22.351146143229567,12.26862733686417,57.846840348330915,44.9965,1379,27,0.015821151008813494,True
134431,,News and Entertainment Network Corp,broadband,2025-Q2,2025,2,33.78427527323964,24.029753814664137,17.573449499624296,5.295810505303263,78.00448882265277,61.157,1342,136,0.01539665312097731,True
141196,,DEPARTMENT OF INFORMATION AND COMMUNICATION TECHNOLOGY,broadband,2025-Q2,2025,2,118.27829397956022,109.5947725014052,49.36808006513562,27.03094947878909,89.26800747943156,64.99,1337,171,0.015339288541539986,True
137184,,Suniway Group of Companies Inc.,broadband,2025-Q2,2025,2,75.11425217123087,64.96283832209633,43.02562719853664,31.251272950797173,27.251361048689144,37.673,1336,82,0.015327815625652523,True
138961,,Paradise Cable Television Network,broadband,2025-Q2,2025,2,30.243335535884412,22.151324996805897,15.820674966877457,8.877578606053484,56.67801688411359,48.817,1303,57,0.014949209401366195,True
153191,,DNS NETWORK AND DATA SOLUTION,broadband,2025-Q2,2025,2,28.884116374829397,17.154682145469227,24.218228197784203,6.824311257173047,75.20882017200938,75.0,1279,18,0.014673859420067048,True
7629,,EPLDT,broadband,2025-Q2,2025,2,41.52394958140867,13.44368112760014,27.23575456274029,0.09585596935830525,95.85993459416862,76.887,1270,18,0.014570603177079868,True
135283,,Makilala Cable TV,broadband,2025-Q2,2025,2,24.746197482122966,25.32814495452344,23.385154563989495,25.142554865485714,74.17298016528927,66.0,1211,6,0.013893701139719465,True
132505,,Concentrix Daksh Services Philippines Corporation,broadband,2025-Q2,2025,2,76.95086967398112,63.214302013928524,36.111069925542246,13.414242678838454,72.64306170752326,49.99,1183,3,0.013572459494870459,True
141455,,Halum Properties (HALPROP) Inc.,broadband,2025-Q2,2025,2,14.75214908608096,14.090586772003924,11.0342089388377,11.133881584144714,90.94144824636442,67.0,1174,9,0.013469203251883279,True
17895,,"Globalreach eBusiness Networks, Inc.",broadband,2025-Q2,2025,2,36.27699600461796,21.749843431574458,9.132512487376953,7.426569414415716,53.889343666961906,52.435,1129,50,0.012952922036947378,True
15347,,IBEX Global Solutions,broadband,2025-Q2,2025,2,65.43049715780492,33.47517291733237,49.09407888268248,8.233499527331308,110.91812724014338,83.342,1116,4,0.012803774130410341,True
152458,,HAPIBYTES,broadband,2025-Q2,2025,2,54.24151531977555,46.92570183267544,40.29812842753794,38.71605036244663,15.296660629170635,2.838,1049,67,0.012035088765950221,True
136803,,TELMARC CORPORATION,broadband,2025-Q2,2025,2,29.017270557407187,24.512720969096556,20.180234297204464,18.477240650760642,14.95611612284069,4.707,1042,31,0.011954778354737971,True
153200,,cyber peers,broadband,2025-Q2,2025,2,62.12859546756812,42.847440133602824,45.945164614339404,19.972442755835182,54.19061350293542,51.4675,1022,26,0.01172532003698868,True
151627,,KC Broadband Inc.,broadband,2025-Q2,2025,2,47.47307299850008,35.19679788465899,27.892983005882837,21.596393942160404,99.88179456193352,80.015,993,20,0.011392605476252211,True
151652,,ZSG Internet Communication Services,broadband,2025-Q2,2025,2,35.27437714954889,22.098309599459995,30.9976135032693,12.360035805593864,55.564740625000006,51.7085,960,128,0.011013999251965884,True
139213,,"Hillview Cable Systems, inc.",broadband,2025-Q2,2025,2,38.743556271851176,28.161099522843305,27.740405141493177,11.45702125600895,70.1736305263158,43.995000000000005,951,64,0.010910743008978704,True
63927,,RISE,broadband,2025-Q2,2025,2,58.19011759532606,39.988678169896254,27.03547975847305,12.48228177645373,38.87404867724868,38.49,945,47,0.010841905513653917,True
141709,,Clare Cable TeleVision,broadband,2025-Q2,2025,2,53.788106134971606,37.88591569269635,36.96241442264952,17.73565606226652,65.82696592119277,62.076,939,29,0.01077306801832913,True
131276,,Mega Speed ICT Solutions Inc.,broadband,2025-Q2,2025,2,39.779249838436186,34.0852508183672,18.73224341175761,17.18582071164111,35.31161529808774,18.905,890,24,0.010210895139843372,True
150000,,Data-Beam Business Solution,broadband,2025-Q2,2025,2,241.9992502463697,332.1861002913351,19.450057292955787,9.145283550140228,41.025120767494364,25.110500000000002,886,17,0.010165003476293514,True
7862,,Chevron Corporation,broadband,2025-Q2,2025,2,34.78243336633876,31.417122815876443,16.28608537873692,3.008772520122961,271.4049751131222,182.369,884,33,0.010142057644518586,True
136513,,Corporate Technologies Incorporated,broadband,2025-Q2,2025,2,35.31957444823137,24.626735047440995,13.78678043415831,5.5620037126956134,93.91743857634903,61.648,871,7,0.009992909737981547,True
59322,,Black Fiber Solutions Corporation,broadband,2025-Q2,2025,2,57.675254688677164,38.53472881805336,33.38656881309343,15.919450663330014,37.615471411901986,30.621,859,82,0.009855234747331973,True
134241,,M7 Telecommunications Corporation,broadband,2025-Q2,2025,2,31.221775651411892,27.018961123634007,26.58029202572665,18.51885798942239,66.60862320574162,53.281,836,48,0.009591357681920291,True
140927,,SKY MOVIE PHILIPPINES CATV,broadband,2025-Q2,2025,2,132.34277977963518,34.45123820380217,64.10037113977732,20.430039983552184,41.58802557856272,51.936,821,119,0.009419263943608324,True
135366,,Zafra Cable TV Network Inc.,broadband,2025-Q2,2025,2,42.032922073707816,34.02762024674388,32.26139659233433,21.428713284800637,62.36737073170732,54.9855,820,11,0.009407791027720859,True
142414,,MALASIMBU CATV CORP,broadband,2025-Q2,2025,2,49.690090125033564,27.835306226920846,31.54227549459418,11.546014921401598,66.01051414514146,62.28,814,66,0.009338953532396072,True
140878,,Philippine National Police,broadband,2025-Q2,2025,2,48.993564490077055,42.54074241178448,22.167494681656752,5.329215475488963,43.468177558569664,49.977,811,5,0.009304534784733679,True
151366,,AKM INTERNET INSTALLATION SERVICES,broadband,2025-Q2,2025,2,47.73918878841725,24.5353803494955,43.60859408943488,12.100525489103182,69.43941511771997,63.341,807,40,0.009258643121183822,True
132615,,Pipol Broadband,broadband,2025-Q2,2025,2,14.075635830968814,11.856611087188208,9.538603729230097,8.253164582277739,30.93171666666666,10.165,780,229,0.008948874392222281,True
151405,,WISE CABLE TV,broadband,2025-Q2,2025,2,17.5109796194603,15.14563108257955,10.15965381683383,6.420657898850212,85.28932092426187,77.178,779,16,0.008937401476334816,True
134966,,Southern CableVision Inc.,broadband,2025-Q2,2025,2,28.495787450066082,16.01855110107824,28.05070326119081,5.909916908457086,83.08677662337661,79.33250000000001,771,22,0.008845618149235101,True
149802,,MT Cable Television Network,broadband,2025-Q2,2025,2,45.30350300627551,36.84303985376247,26.605918163228633,22.93466368516082,47.107152941176466,33.0,766,11,0.008788253569797778,True
10879,,Unitedhealthcare,broadband,2025-Q2,2025,2,38.05812530742916,27.8550702003029,23.78955374912834,12.022327625566895,41.510534666666665,40.9295,750,1,0.008604686915598347,True
137406,,Airlive Communications Inc.,broadband,2025-Q2,2025,2,37.77138755325035,27.45654614716249,20.874317118927465,9.271489708439407,53.83825169147498,34.19,740,81,0.008489957756723702,True
152152,,SOLETECH IT SOLUTIONS,broadband,2025-Q2,2025,2,54.92166068382681,30.293968945464478,41.04327579246057,10.83865273311015,46.281627808988766,42.2415,713,16,0.008180189027762162,True
147042,,Panabo Satellite Cable Television Inc.,broadband,2025-Q2,2025,2,28.57526757467098,16.944552251235535,20.2442555787377,6.537444620087009,76.38556373937678,75.57050000000001,706,51,0.008099878616549911,True
137941,,Mabuhay Cable TV Inc,broadband,2025-Q2,2025,2,68.23391287168666,48.95756964225905,42.12270664014606,24.808529915620237,40.1359823269514,27.91,680,40,0.007801582803475835,True
138970,,Wesfardell Cable Services,broadband,2025-Q2,2025,2,37.265832738525305,20.611732511730512,20.675646381050047,9.776357737154958,38.4776879875195,16.7,645,3,0.007400030747414578,True
153175,,Tiny Redbug Enterprising Network and Data Solution,broadband,2025-Q2,2025,2,34.3541415010848,22.20061716793301,30.609892563058494,13.720109465169374,72.0151168224299,64.5515,642,63,0.007365611999752185,True
149635,,BICOL TELEPHONE AND TELEGRAPH INC.,broadband,2025-Q2,2025,2,52.3536566409666,50.915482798986396,29.212782317265965,27.357203980543247,31.96489079563183,14.423,641,3,0.007354139083864721,True
45600,,"University of the Philippines, Manila",broadband,2025-Q2,2025,2,121.39431712010268,72.15524419951231,83.08214402537249,33.48092695828688,24.09614262560778,6.653,618,292,0.007090262018453038,True
152172,,"PSALMS CABLE, INC.",broadband,2025-Q2,2025,2,10.68559594170419,8.391466797521947,9.106284123045695,7.218594440951674,61.1222508361204,43.8795,599,5,0.006872276616591213,True
152680,,GLIPPH,broadband,2025-Q2,2025,2,39.3344501837716,35.28746697951286,18.128365300650962,18.257509333073607,43.76044349315069,39.3715,584,5,0.006700182878279246,True
18188,,Ateneo de Manila University,broadband,2025-Q2,2025,2,170.7496761770271,115.55007882675953,94.4464489679521,37.88002675596522,23.74673104693141,5.007,554,54,0.006355995401655312,True
18360,,Santo Tomas E-Service Providers,broadband,2025-Q2,2025,2,141.02990768779895,111.47067352148947,85.5464847015058,46.652511797918244,21.83742909760589,17.421,543,188,0.0062297933268932034,True
147178,,TierOne Communications International Inc,broadband,2025-Q2,2025,2,8.253530793136687,6.930838575772826,3.762540577520373,4.116000409988725,50.38634971644613,38.942,529,12,0.006069172504468701,True
136216,,Channel Information Technology Support and Leasing Services Inc.,broadband,2025-Q2,2025,2,239.92303947809572,186.51692033355766,228.75812369878304,90.72423181952544,21.031940711462447,13.323,507,58,0.005816768354944483,True
141754,,Emapta Versatile Services Inc,broadband,2025-Q2,2025,2,155.12519103678358,115.58949438229759,153.90401087561912,70.57395739700696,17.464486652977413,5.477,487,29,0.005587310037195193,True
134213,,Netify Communications Corp.,broadband,2025-Q2,2025,2,156.24160202343393,84.70504393166539,138.17263774301304,42.74282114615541,45.557092783505155,40.007,485,132,0.005564364205420265,True
149509,,Xfiniti Internet Communication Services,broadband,2025-Q2,2025,2,44.88180964278816,38.183238637355515,25.109589400957212,21.29706122933977,109.3733523206751,85.5395,474,186,0.005438162130658155,True
139204,,RACITELCOM Inc.,broadband,2025-Q2,2025,2,45.93261047663037,29.985777153763276,30.052496487807232,15.798153634955558,38.03868250539957,35.0,464,63,0.005323432971783511,True
153869,,"Newisland Media Vision, Inc.",broadband,2025-Q2,2025,2,38.2287294253747,33.50369847724694,33.28875162646466,26.905914822945903,12.945046296296297,4.2915,432,15,0.0049562996633846475,True
151324,,BONGAO CABLE TV - ISABELA,broadband,2025-Q2,2025,2,51.28209891881936,47.36980777673899,28.01389102404768,28.36493707622848,34.13525348837209,29.429000000000002,430,5,0.004933353831609719,True
58757,,Ace Wireless Network Phils. Inc.,broadband,2025-Q2,2025,2,31.51394429044568,32.02714153514554,22.93005735616126,16.753228780255107,63.606639344262284,64.411,427,13,0.004898935083947326,True
21433,,Accenture UK Limited,broadband,2025-Q2,2025,2,24.220825729236175,13.15064597850071,7.420434639417333,3.2045013238658444,108.39998345153664,57.0,423,6,0.004853043420397467,True
137846,,Sharp Viewing Entertainment Corporation,broadband,2025-Q2,2025,2,14.412448149814105,11.417396262242356,7.089076020386891,4.720430973489289,102.28273123486683,62.97,413,2,0.004738314261522823,True
139833,,Cable Television Network Inc.,broadband,2025-Q2,2025,2,46.524157117895676,11.548677160739834,28.965770933527967,6.8277849560170765,44.11109046454768,20.901,409,15,0.004692422597972965,True
150707,,Romblon Cable Corporation,broadband,2025-Q2,2025,2,18.5665555143501,13.114682742166849,12.054564839813589,3.9999657733806364,119.6793333333333,92.297,405,17,0.004646530934423108,True
48347,,JSC Mediasoft ekspert,broadband,2025-Q2,2025,2,7.59237744645655,2.7330265945234617,7.045185121305011,1.848314639606327,4.521788804071247,4.0,393,1,0.004508855943773534,True
18214,,TELUS INTERNATIONAL,broadband,2025-Q2,2025,2,96.40306125086201,193.23547833036986,36.31256721009388,68.8970833965821,58.39156623376623,46.028,385,5,0.004417072616673818,True
38609,,"American Data Exchange Corporation Ltd.,",broadband,2025-Q2,2025,2,24.180793953547127,13.538393018901685,9.599841733457712,4.950614969874534,106.44526984126983,43.436,378,18,0.004336762205461567,True
138689,,"CONCEPCION PAY-TV NETWORK, INC.",broadband,2025-Q2,2025,2,57.518274729260106,59.11675777092532,31.08487148338798,29.461027215105382,52.28860744985674,42.967,349,25,0.004004047644725097,True
153689,,SIQUIJOR ISLAND CABLE TV SYSTEMS CORPORATION,broadband,2025-Q2,2025,2,20.54504045838225,12.982822621591202,14.621841958593667,8.528242730331812,59.04085250737462,58.0,340,26,0.0039007914017379175,True
17721,,"International Rice Research Institute,",broadband,2025-Q2,2025,2,111.23546951928635,77.91792123444637,50.35723446818848,33.744106384881434,21.63772058823529,6.0,340,9,0.0039007914017379175,True
132905,,AS number of Ateneo de Davao University,broadband,2025-Q2,2025,2,69.86082925407716,63.241767905114536,50.87540564688489,40.47029041312045,78.37363175675678,69.33099999999999,296,26,0.003395983102689481,True
64008,,Department of Social Welfare and Development,broadband,2025-Q2,2025,2,107.00630417070825,103.47347624166963,75.8848794993133,52.48104460235915,41.87352577319588,26.849,291,4,0.003338618523252159,True
153322,,Persian Cable TV Network,broadband,2025-Q2,2025,2,40.64694065898179,26.057727432043798,34.794776544387986,18.090351900475355,38.932728522336774,30.776,291,29,0.003338618523252159,True
140549,,SHIFT DATA SERVICES INC,broadband,2025-Q2,2025,2,51.54168508455868,34.85783779467227,21.508899849338146,10.081487905645941,65.74010452961673,53.379,287,121,0.003292726859702301,True
134415,,De La Salle - College of Saint Benilde,broadband,2025-Q2,2025,2,158.6580260954867,115.05018826770664,88.13686130000076,71.65244309078005,28.444726235741445,6.502,263,1,0.0030173768784031536,True
141016,,SM Investments Corporation,broadband,2025-Q2,2025,2,133.02533967174804,66.37334013063233,57.26389561662641,26.643203888651108,13.591349999999998,4.7035,260,10,0.00298295813074076,True
135409,,Kacific Broadband Satellites Pte Ltd,broadband,2025-Q2,2025,2,8.287570116294082,2.507231844063513,7.796653063142372,2.47211175815968,69.73378823529411,56.379,255,28,0.002925593551303438,True
4637,,Telstra Global,broadband,2025-Q2,2025,2,68.53921537269967,47.8973614866914,15.420365165742169,9.260354799671664,102.36549206349207,58.1165,252,12,0.0028911748036410446,True
135158,,Softnet Limited,broadband,2025-Q2,2025,2,60.78343185595635,49.62509954649003,34.61500711639765,39.64421306840199,96.28142975206612,63.745000000000005,242,20,0.0027764456447663998,True
153691,,Will Connect Internet Communication Services,broadband,2025-Q2,2025,2,47.981593833101236,24.38726455266624,35.823961986540695,16.239805692572247,6.796310638297872,5.0,236,28,0.002707608149441613,True
63848,,De La Salle-College of Saint Benilde,broadband,2025-Q2,2025,2,97.26672357442264,63.08342639827128,53.69431136621279,42.59666376177039,81.87816379310345,56.951,232,1,0.0026617164858917554,True
132454,,"Philippine Telegraph and Telephone Corporation,",broadband,2025-Q2,2025,2,54.84458464856937,37.88536875532715,37.207738132201676,16.45058910339123,5.788237442922375,2.453,219,21,0.002512568579354717,True
151360,,SONIC NETWORKS PHL INC.,broadband,2025-Q2,2025,2,76.38973753212673,59.52702985413253,51.82418561943913,44.62864198276542,76.13892165898618,57.277,217,14,0.0024896227475797884,True
58437,,MAPUAEDU,broadband,2025-Q2,2025,2,22.034129705800428,17.05573772439397,15.680902724239655,11.66298415980227,28.909291079812206,20.124,213,9,0.0024437310840299304,True
134996,,"BSITC PHILS., INC.",broadband,2025-Q2,2025,2,43.55064998174692,26.790781258343156,20.171584650751296,12.942522827680763,84.5017393364929,60.377,211,33,0.0024207852522550016,True
149833,,Wrkpod Inc.,broadband,2025-Q2,2025,2,181.1681559914581,159.42220686252458,137.02348353994552,96.91236943646553,32.09239903846154,24.009,208,27,0.002386366504592608,True
150749,,AF Tech I.T. Solutions,broadband,2025-Q2,2025,2,29.525563973600136,13.4361149258512,11.651860721865043,4.873162307696154,50.79706629834255,29.48,181,1,0.0020765977756310675,True
6648,,"Bayan Telecommunications, Inc.",broadband,2025-Q2,2025,2,50.35868539179161,21.184646327439545,32.3879204649015,2.2052245614120625,140.34574999999998,191.5365,180,16,0.0020651248597436033,True
142416,,"Itiviti Philippines, Inc",broadband,2025-Q2,2025,2,50.67866357372698,18.515124148749667,56.96150749249705,2.395401275878948,84.1841812865497,80.787,171,1,0.001961868616756423,True
58907,,Acquire BPO Pty Ltd,broadband,2025-Q2,2025,2,81.30294582828503,87.73788313976262,49.155163870779354,20.4549432579956,36.30207975460122,8.341,163,13,0.0018700852896567073,True
18190,,SunValley New Oriental,broadband,2025-Q2,2025,2,50.72923517388506,48.61061558054209,42.37873256504731,24.938675274557674,17.9492229299363,19.489,157,32,0.0018012477943319207,True
138333,,SEKYURLINK Networks,broadband,2025-Q2,2025,2,66.87061098509778,29.862265719911978,61.50936048556763,6.081079786588881,70.24167320261436,62.751,154,4,0.0017668290466695273,True
138969,,"Marbel Services and Television System, Inc.",broadband,2025-Q2,2025,2,11.65291672443209,1.4759281540373452,11.647024750560607,0.4155861817934549,98.74930405405406,96.59200000000001,148,16,0.0016979915513447405,True
394869,,Asia Pacific Network Corporation,broadband,2025-Q2,2025,2,253.97504496108365,48.12240089635147,167.95880309810835,33.966888656289285,21.844564285714284,20.804000000000002,140,18,0.0016062082242450247,True
140593,,ULAP Networks Inc.,broadband,2025-Q2,2025,2,95.78317917652122,81.78728030501736,61.45101200014662,54.652496749623836,19.612139705882356,4.6145,136,7,0.001560316560695167,True
23689,,Makati Shangri-La,broadband,2025-Q2,2025,2,67.42632782883958,54.641972493619306,79.14891352306378,52.868019956366695,23.480320895522386,14.1095,134,2,0.001537370728920238,True
138569,,Tech2go Strategic IT Solutions,broadband,2025-Q2,2025,2,25.81447624923752,9.18394811450965,22.279639467604653,2.5897910174032996,70.70038805970148,36.138999999999996,134,6,0.001537370728920238,True
150806,,"R. C. Yulo Telephone System, Inc.",broadband,2025-Q2,2025,2,28.767562436475714,16.239664243889514,28.141960701094895,12.077964786414746,50.29672307692307,38.423500000000004,130,1,0.00149147906537038,True
20258,,"Analog Devices, Inc.",broadband,2025-Q2,2025,2,163.80752363518954,146.55648895684888,100.58959201209552,56.74432213341638,54.410095999999996,37.0,125,2,0.001434114485933058,True
140734,,Watch Tower Bible and Tract Society of the Philippines,broadband,2025-Q2,2025,2,115.45198095733552,131.9135630680124,98.91852386459794,89.96200409089373,46.15551754385965,40.755,114,34,0.0013079124111709487,True
135162,,eUP-University of the Philippines System,broadband,2025-Q2,2025,2,121.64451481188682,98.59444433115397,74.5551167248817,68.26707576977071,23.070150442477875,4.393,113,12,0.0012964394952834843,True
45351,,ABS CBN,broadband,2025-Q2,2025,2,272.0456696525283,213.148361735065,220.998489952203,162.14694166022872,26.025896226415092,26.6525,106,2,0.001216129084071233,True
45865,,INFORPSSC,broadband,2025-Q2,2025,2,82.49068557770006,100.11203150269563,73.39536934297278,76.83949131675325,83.5055631067961,60.066,103,3,0.0011817103364088397,True
138915,,Kaopu Cloud HK Limited,broadband,2025-Q2,2025,2,8.5990086936443,3.2957882633066773,0.7481992603359405,0.42732086864800845,100.25107843137255,74.995,102,13,0.0011702374205213753,True
135132,,Dreamscape Networks Inc.,broadband,2025-Q2,2025,2,188.9750263139646,177.21556347950767,132.13123663350862,105.32632762266918,62.32024731182796,36.582,93,39,0.001066981177534195,False
153856,,ZZNET,broadband,2025-Q2,2025,2,13.01271539818961,9.409383700238457,10.193503878042389,0.5535282663001886,68.52229545454544,59.974500000000006,89,10,0.0010210895139843373,False
10096,,"Easycall Communications Phils., Inc.",broadband,2025-Q2,2025,2,40.93349389349916,26.449139680824594,33.358211839667014,8.872391127551275,136.80161797752808,17.889,89,10,0.0010210895139843373,False
32043,,NeoFiber Communications inc.,broadband,2025-Q2,2025,2,109.46839186577363,1.1266373753234822,52.98711348424436,0.2121531563043791,26.420151162790695,28.357,86,4,0.0009866707663219439,False
26344,,"Real Page, Inc.",broadband,2025-Q2,2025,2,70.1575821371644,36.3379210104769,75.00629219263166,27.62035745435011,196.16690123456792,195.827,81,2,0.0009293061868846215,False
132792,,"University of the Philippines Visayas, Miagao",broadband,2025-Q2,2025,2,55.38510571944662,21.34284693028954,33.75598438423371,3.8714747137012253,53.8951375,43.9735,80,4,0.000917833270997157,False
153469,,"Linkserve Telecommunications Network, Inc.",broadband,2025-Q2,2025,2,87.44653608114851,64.81464569652412,61.53177018425081,48.17722365032713,41.53235064935066,33.0,77,42,0.0008834145233347637,False
138975,,Claveria Agribased Multipurpose Cooperative,broadband,2025-Q2,2025,2,44.95351702241521,34.673917031605995,37.88239833511163,25.086167909973526,32.75839473684211,34.4775,76,4,0.0008719416074472992,False
137487,,Manila Electric Company,broadband,2025-Q2,2025,2,82.73691182751074,62.6098024171098,63.538503338449,39.881301830505166,14.302780821917805,10.705,73,29,0.0008375228597849058,False
401783,,TOKALA COMMUNICATIONS INC.,broadband,2025-Q2,2025,2,23.99784476873897,4.7026689231238645,16.237043164558415,0.5871972842147504,212.48665753424658,262.232,73,11,0.0008375228597849058,False
4759,,TEXTRON CORPORATION,broadband,2025-Q2,2025,2,12.932176140375763,10.285237074357925,5.551561662155721,4.869491828127178,58.10510144927537,23.926,69,21,0.000791631196235048,False
24084,,HCL TECH,broadband,2025-Q2,2025,2,72.71655820065509,59.2984181553165,40.164619949819674,40.14989881282177,28.905776119402987,16.71,67,11,0.000768685364460119,False
137193,,Agera Network and Data Solution,broadband,2025-Q2,2025,2,42.74110334786695,42.61582236859428,38.59656536317941,39.04377055622945,15.89160606060606,5.3985,66,10,0.0007572124485726546,False
133778,,GY Consultancy Group Inc.,broadband,2025-Q2,2025,2,27.825399006107624,18.464314982491985,37.23207630627981,25.820620244824894,38.74672727272727,30.735,66,11,0.0007572124485726546,False
131253,,De La Salle-Lipa,broadband,2025-Q2,2025,2,86.10792309026154,81.27421983654027,6.114002330812977,4.677984649727157,13.639753846153846,5.101,65,3,0.00074573953268519,False
140708,,VITRO INC.,broadband,2025-Q2,2025,2,35.566315600476045,42.94981298569986,10.033388735532169,7.512977400832511,64.73437500000001,60.5445,64,1,0.0007342666167977257,False
138496,,"Inspiro Relia, Inc",broadband,2025-Q2,2025,2,87.96215379573381,57.98809193631814,61.3540885773139,35.831844285523005,22.75063492063492,4.95,63,2,0.0007227937009102611,False
131245,,University of the Philippines,broadband,2025-Q2,2025,2,55.97162641898193,44.54519858631616,72.28529181430798,43.62414354183785,26.956500000000005,30.9215,62,3,0.0007113207850227966,False
137936,,RDTECH IT SOLUTIONS,broadband,2025-Q2,2025,2,36.07520747698052,32.29498509792017,29.50002927205795,27.290880739127935,12.796816666666668,4.9215,60,29,0.0006883749532478677,False
55402,,PNB Financial Center,broadband,2025-Q2,2025,2,20.3201433545412,5.815260715552596,16.148319903744735,2.7597037456590243,5.255017241379312,1.158,58,4,0.0006654291214729388,False
136982,,Integranet Network Services,broadband,2025-Q2,2025,2,32.75779590710026,38.91659058335771,21.622458483430016,10.137289249552138,25.721614035087725,28.483,58,20,0.0006654291214729388,False
58706,,Xavier School,broadband,2025-Q2,2025,2,64.74558718134134,46.60031038786426,51.499051598794765,44.585433591191155,9.23305357142857,4.0,56,1,0.00064248328969801,False
45166,,Pacific Internet Pte Ltd,broadband,2025-Q2,2025,2,33.977245795149145,31.19179005213044,19.48333438604142,19.742751288772553,3.4162363636363637,2.568,55,4,0.0006310103738105454,False
7306,,Asian Development Bank,broadband,2025-Q2,2025,2,85.02819468901473,66.56777726615184,80.83459297752323,43.332983621192554,43.37852830188679,30.639,53,9,0.0006080645420356165,False
45218,,"Coca-Cola FEMSA Philippines, Inc.",broadband,2025-Q2,2025,2,55.75735527975514,15.011995956073036,36.886303983201316,7.696788956734616,62.945365384615386,41.049,52,3,0.000596591626148152,False
133198,,"iOne Resources, Inc.",broadband,2025-Q2,2025,2,62.622897816567274,33.919530741162156,57.551549100214515,14.932252939186531,22.3726,18.503500000000003,50,1,0.0005736457943732231,False
152135,,"Cubiscomm Signal Sales, Inc.",broadband,2025-Q2,2025,2,72.05850982912007,16.639904759571124,34.82478485408137,2.993159842408977,82.04429166666667,75.919,50,4,0.0005736457943732231,False
139614,,BANGKO SENTRAL NG PILIPINAS,broadband,2025-Q2,2025,2,83.8054081466176,72.06898173868586,61.82875839698528,61.61317013894857,47.55047916666667,51.074,48,4,0.0005506999625982942,False
137827,,Cygnal Technologies,broadband,2025-Q2,2025,2,47.97443304879482,57.32295486857271,47.37407254753339,8.371925952970454,6.155854166666667,2.484,48,7,0.0005506999625982942,False
132141,,Penthouse,broadband,2025-Q2,2025,2,102.44956240112353,129.09683788910056,96.53476175400063,140.96705667201715,69.30648936170212,52.075,47,1,0.0005392270467108297,False
58677,,DOFAIMPNET,broadband,2025-Q2,2025,2,132.6814598019852,119.87168895035039,119.32467106982284,106.88519162500162,7.368250000000001,1.3145,44,1,0.0005048082990484363,False
24456,,"FOUNDEVER ASIA, INC.",broadband,2025-Q2,2025,2,241.64405770727583,248.29912683657759,153.99475064136556,153.1899055215016,20.997090909090907,18.397,44,4,0.0005048082990484363,False
153789,,Cliantech Internet,broadband,2025-Q2,2025,2,33.673068539363655,55.578381618315476,13.067348124247946,12.402437198028979,78.51075,74.0,44,4,0.0005048082990484363,False
137208,,ILEAD ICT SOLUTIONS INC,broadband,2025-Q2,2025,2,38.445989475701644,18.173927498334635,14.802597494381939,3.7196534328468838,36.52745238095238,26.563,42,4,0.00048186246727350743,False
135499,,"Tiger Resort Leisure & Entertainment, Inc. (TRLEI)",broadband,2025-Q2,2025,2,93.3292462547261,121.36146525943033,57.248101254342444,72.3715224854045,44.207609756097554,36.131,41,4,0.000470389551386043,False
55437,,"WIT Phils., Inc.",broadband,2025-Q2,2025,2,34.914008165044805,1.8356093363184125,30.283384052399647,0.09456285011745456,74.94182500000001,54.2815,40,2,0.0004589166354985785,False
23732,,Sagility Philippines B.V. Branch Office,broadband,2025-Q2,2025,2,145.48727932003894,152.29670884654539,88.06602046591247,36.93980781540264,50.55889743589744,33.113,39,12,0.00044744371961111403,False
131281,,"University of the Philippines, Visayas Cebu Campus",broadband,2025-Q2,2025,2,92.1198848542639,57.83669846288073,68.6840197780765,25.019022855344147,45.191641025641026,43.834,39,4,0.00044744371961111403,False
134414,,De La Salle-Greenhills,broadband,2025-Q2,2025,2,52.95334225211693,89.83778779184773,37.515979434997654,73.50136078911369,11.618567567567567,3.559,37,1,0.00042449788783618513,False
149027,,Neo-Tech Asia Distribution Inc.,broadband,2025-Q2,2025,2,32.44096827117616,24.32817270646713,8.597273935160025,6.085306614846105,106.02388235294117,66.9255,34,2,0.0003900791401737917,False
24222,,OFFICETIGER DATABASE SYSTEMS INDIA PVT LTD,broadband,2025-Q2,2025,2,12.413382782441682,9.58452546710635,12.249264749326171,6.416799253410414,110.67951612903227,98.196,31,1,0.0003556603925113983,False
132716,,"1 Solaire Boulevard,",broadband,2025-Q2,2025,2,104.45204770774006,89.82267210008602,120.92467107748139,67.35391724339652,46.1357,28.8645,30,3,0.00034418747662393387,False
152173,,Robinsons Bank Corporation,broadband,2025-Q2,2025,2,86.53368104187696,30.52064861508933,78.40335032624223,9.937518471872565,5.068586206896552,0.92,29,3,0.0003327145607364694,False
17550,,San Miguel Corporation,broadband,2025-Q2,2025,2,39.115389026985426,27.67338065201113,23.409477541904636,1.0294834588113944,82.186,1.9820000000000002,28,2,0.000321241644849005,False
136404,,BICOLANDIA CABLE TV INCORPORATED,broadband,2025-Q2,2025,2,65.85164510896871,68.43156864453924,65.46503808083219,13.011480783613969,30.05528571428572,32.584500000000006,28,5,0.000321241644849005,False
149299,,CABLESTAR,broadband,2025-Q2,2025,2,72.9225285324977,40.919530158838036,89.44406178901451,51.449268181816066,74.22861538461538,70.7015,26,4,0.000298295813074076,False
63938,,Pulo Diezmo Rd.,broadband,2025-Q2,2025,2,23.259851199416996,29.472390847091653,6.12502458174696,0.6951448335803632,19.42326923076923,11.408999999999999,26,3,0.000298295813074076,False
10141,,DFNN Group of Companies,broadband,2025-Q2,2025,2,8.829947247331473,14.034023067852658,5.8642728840726654,19.156005356654298,69.24707692307692,66.19,26,1,0.000298295813074076,False
23887,,PRODATANET INC.,broadband,2025-Q2,2025,2,11.933167603063476,11.383806146531432,6.146070483930913,8.844455684344409,24.327039999999997,22.563,25,10,0.00028682289718661157,False
38553,,DC Tech Micro Services Inc.,broadband,2025-Q2,2025,2,20.351564748470093,10.45458048209161,17.244042436319372,1.8080428383914324,80.20348,74.392,25,13,0.00028682289718661157,False
132829,,Nevigate Communications (S) Pte Ltd,broadband,2025-Q2,2025,2,135.15522543186077,94.86981694310036,60.42047562964571,67.3926352877579,34.17579166666666,36.7065,24,1,0.0002753499812991471,False
132844,,Ateneo de Manila University,broadband,2025-Q2,2025,2,85.645621165442,136.64363260769136,39.931983055550816,60.40841289674513,89.55874999999999,43.971000000000004,24,9,0.0002753499812991471,False
132059,,"762 Quirino Highway, San Bartolome",broadband,2025-Q2,2025,2,129.9157131484857,127.99775529577515,84.47087506167594,3.7942723272165755,56.012249999999995,45.0315,24,3,0.0002753499812991471,False
152687,,Macrologic Diversified Technologies Inc.,broadband,2025-Q2,2025,2,146.18471461691905,89.88760579959721,88.28621515806697,56.51637971342355,51.62590476190475,29.593,21,3,0.00024093123363675372,False
19970,,R&R Managed Telecom Services,broadband,2025-Q2,2025,2,40.82103786769329,4.710682494603245,21.515102997482366,2.3174410279120687,57.7402380952381,58.725,21,9,0.00024093123363675372,False
38301,,Trec Global Pacific Transit AS,broadband,2025-Q2,2025,2,64.08223201739236,55.6598964017398,70.88315651522694,40.83077751541028,48.94905,60.1115,20,2,0.00022945831774928924,False
33680,,TELEPERFORMANCE USA,broadband,2025-Q2,2025,2,72.70704028142946,98.20776574801084,55.20177301039054,72.00661719798802,152.41494999999998,199.6685,20,4,0.00022945831774928924,False
137507,,"OpenText ( Philippines), Inc.",broadband,2025-Q2,2025,2,392.0182307969527,261.28318956657586,308.5755799824028,241.12515421115836,16.017833333333332,16.905,18,1,0.00020651248597436034,False
45343,,AYALA LAND,broadband,2025-Q2,2025,2,74.10177851568606,57.70351805357279,79.28816915695396,79.5463909471963,18.15644444444444,9.714500000000001,18,1,0.00020651248597436034,False
153969,,"JVL STAR CABLE TV,INC.",broadband,2025-Q2,2025,2,29.727876674441564,7.502400853907404,32.33134218844352,4.329376901358156,78.56217647058824,87.384,17,1,0.00019503957008689586,False
147044,,TECH MAHINDRA,broadband,2025-Q2,2025,2,39.13385465326019,18.807099220812248,8.819047280208196,18.98068088095183,42.1525294117647,41.0,17,3,0.00019503957008689586,False
38445,,WiPro BPO Philippines LTD Inc.,broadband,2025-Q2,2025,2,252.72104497285721,256.28708809976206,232.71345688218221,233.10885862542005,5.255470588235293,5.432,17,6,0.00019503957008689586,False
23665,,GSNET,broadband,2025-Q2,2025,2,80.07911237566536,55.165448397361885,83.94278866226503,69.99202836533453,11.288999999999998,3.308,16,3,0.0001835666541994314,False
38722,,Conduent Business Services Philippines Inc.,broadband,2025-Q2,2025,2,116.89722655058439,144.37805815498658,29.25373649047989,27.707165713083164,90.28343749999999,67.1755,16,4,0.0001835666541994314,False
140619,,JSLINK INTERNATIONAL CORPORATION,broadband,2025-Q2,2025,2,40.67349720043987,38.46656523688428,25.079742501347127,17.98753186681805,46.7303125,35.833,16,6,0.0001835666541994314,False
153793,,Kingred Network,broadband,2025-Q2,2025,2,35.2143240628733,20.88547280026863,28.827474374193088,11.695869477405573,16.900750000000002,16.546,16,12,0.0001835666541994314,False
134416,,De La Salle-Zobel,broadband,2025-Q2,2025,2,94.4349977379361,132.00828291773678,19.83531312272787,48.10803887844486,37.48053333333334,6.508,15,1,0.00017209373831196694,False
17445,,Universal Robina Corporation,broadband,2025-Q2,2025,2,73.35844516201746,53.8162059153181,38.982592813426166,11.1027941832349,22.31757142857143,19.208,14,1,0.0001606208224245025,False
38596,,"Innodata-ISOGEN, Inc",broadband,2025-Q2,2025,2,8.783744993063914,3.221178544562539,7.0715842056213845,2.81866840492187,169.22985714285716,186.67000000000002,14,2,0.0001606208224245025,False
5580,,GTT Communications Netherlands B.V.,broadband,2025-Q2,2025,2,99.23073510621185,129.6124275649646,107.93121056429052,94.02979649861993,69.68769230769232,60.892,13,1,0.000149147906537038,False
9304,,HGC Global Communications Limited,broadband,2025-Q2,2025,2,6.372957267293018,1.465980568780647,5.49679241299729,0.4188474765000492,16.34176923076923,28.0,13,2,0.000149147906537038,False
38483,,"RCG INFORMATION TECHNOLOGY, AS CONTENT PROVIDER MANILA",broadband,2025-Q2,2025,2,73.34817306313091,25.598249048764632,81.34201980193268,8.64478067742859,24.27646153846154,7.129,13,1,0.000149147906537038,False
134974,,Oakleigh Networks,broadband,2025-Q2,2025,2,17.995208073980567,31.89634920886664,2.2599991328904214,1.638609336870748,198.83207692307693,89.597,13,1,0.000149147906537038,False
32110,,"Asurion Insurance Services, Inc.",broadband,2025-Q2,2025,2,40.88350054392567,51.037918886567326,44.10081340520091,50.52552746004188,28.242692307692305,14.652,13,1,0.000149147906537038,False
63966,,RIZAL1,broadband,2025-Q2,2025,2,65.41333132325651,49.817481086957855,40.78341675261596,0.3761775297464884,31.491749999999996,29.522,12,1,0.00013767499064957356,False
139040,,"CANON BUSINESS PROCESS SERVICES PHILIPPINES,",broadband,2025-Q2,2025,2,34.64873255123718,31.58343823660446,23.744056274621645,26.062593686344602,35.73108333333334,40.102000000000004,12,2,0.00013767499064957356,False
63846,,SGS ASIA PACIFIC LIMITED,broadband,2025-Q2,2025,2,446.0528912411522,247.1813302505442,496.9809718056389,147.03305092160886,33.61809090909091,40.837,11,2,0.00012620207476210908,False
17452,,Bitstop Inc,broadband,2025-Q2,2025,2,20.002651998284556,10.213438523058404,10.563361757446806,4.483415869881879,148.22570000000002,124.2765,10,3,0.00011472915887464462,False
136777,,247 Customer Philippiness inc,broadband,2025-Q2,2025,2,115.01894095978783,149.80297340010154,76.93574627720625,54.74299803605365,23.039799999999996,23.3395,10,3,0.00011472915887464462,False
395793,,Arisk Communications inc.,broadband,2025-Q2,2025,2,9.242366507782709,2.4130725642895183,9.429782140924152,1.8675641715096076,24.711555555555556,16.243,9,5,0.00010325624298718017,False
133585,,Bee Information Technology PH Inc.,broadband,2025-Q2,2025,2,162.86055082660206,23.704678198644803,226.745820235005,22.39480537654459,40.60966666666667,40.204,9,4,0.00010325624298718017,False
141238,,Qualfon is a business process outsourcing company providing contact center services for various companies around thew world.,broadband,2025-Q2,2025,2,95.973166710013,62.98271426976982,72.32497042651971,22.421127513034584,45.57088888888889,43.365,9,5,0.00010325624298718017,False
146948,,"Rural Bank of Guinobatan, Inc.",broadband,2025-Q2,2025,2,8.596450040788929,2.221791232351757,8.11249721750946,0.9917808180823402,145.59855555555555,62.315,9,3,0.00010325624298718017,False
3257,,GTT Communications Inc.,broadband,2025-Q2,2025,2,138.77192683337273,122.79927459785885,150.91939988516896,117.91083844580777,44.8565,39.916,8,1,9.17833270997157e-05,False
206804,,EstNOC OU,broadband,2025-Q2,2025,2,23.163959429507173,18.12318927047718,32.034100194705815,11.467708991462086,248.362125,237.7025,8,3,9.17833270997157e-05,False
62654,,"MENLO SECURITY, INC.",broadband,2025-Q2,2025,2,292.09669121930153,134.45471904147433,315.1512390970637,154.1749533525337,70.34100000000001,66.0,8,2,9.17833270997157e-05,False
133195,,PERFETTI VAN MELLE ASIA PACIFIC PTE LTD - ROHQ,broadband,2025-Q2,2025,2,71.51822099405459,54.163379777531034,87.3418022634655,33.54179993618063,19.265000000000004,25.7015,8,1,9.17833270997157e-05,False
24179,,"IMI, Manufacturing Semiconductors and Electronics",broadband,2025-Q2,2025,2,108.84335590051722,96.36093605980639,107.56976650988204,88.02631351053407,19.576625,4.323,8,1,9.17833270997157e-05,False
22764,,"Fluor Enterprises, Inc.",broadband,2025-Q2,2025,2,0.7123171730987673,29.142499977346432,0.19877391005614514,25.296342123431366,280.4887142857143,343.438,7,1,8.031041121225124e-05,False
59342,,ABSATELLITE BBS-PH,broadband,2025-Q2,2025,2,40.028617405252405,30.434503829831318,58.29931975373908,25.178007966539894,157.7292857142857,7.989,7,2,8.031041121225124e-05,False
137417,,Cambridge University Press is the publishing business of the University of Cambridge in UK,broadband,2025-Q2,2025,2,140.8216143166904,171.09903181553605,127.62461320371324,148.79805984814863,52.41471428571428,46.791,7,1,8.031041121225124e-05,False
24109,,WNS Global Services,broadband,2025-Q2,2025,2,37.812217998647604,33.6888633320508,38.95743883335592,6.092711989488273,89.81683333333332,83.541,6,2,6.883749532478678e-05,False
140984,,WTW HIGHTECH COMPANY INC,broadband,2025-Q2,2025,2,52.23830662927074,36.4773330822154,44.147212020243586,22.97404549308063,28.061666666666667,38.313,6,5,6.883749532478678e-05,False
19197,,"Stefanini, Inc.",broadband,2025-Q2,2025,2,132.92081907588786,74.70806518006641,138.06352419080784,76.04175971125554,42.75299999999999,37.0,6,2,6.883749532478678e-05,False
151789,,Philippine National Computer Emergency Response Team,broadband,2025-Q2,2025,2,369.71499814599974,76.1962734959857,132.13072352610635,100.66102062154769,2.204333333333333,1.9365,6,1,6.883749532478678e-05,False
17978,,SERVCORP AUSTRALIAN HOLDINGS LTD,broadband,2025-Q2,2025,2,54.894475656470355,124.65626033925865,56.38268375505925,118.78211078754944,99.75019999999999,85.996,5,1,5.736457943732231e-05,False
2687,,"AT&T Enterprises, LLC",broadband,2025-Q2,2025,2,64.76412375983097,43.944954275895554,25.951138166463753,22.69883436074838,79.438,87.776,5,2,5.736457943732231e-05,False
38577,,LEEKIE-EN,broadband,2025-Q2,2025,2,34.51393558570163,28.48253638586559,32.093664807747686,32.392402467475904,41.941199999999995,37.48,5,1,5.736457943732231e-05,False
31713,,Gateway Communications,broadband,2025-Q2,2025,2,6.024255145506577,0.08953722515075224,2.4560186677994755,0.08953722515075224,222.709,224.236,4,1,4.589166354985785e-05,False
153495,,OFiber,broadband,2025-Q2,2025,2,24.88082879501026,11.871474388167433,24.603243600046714,1.590312578811696,414.61575000000005,400.5065,4,1,4.589166354985785e-05,False
22351,,INTELSAT GLOBAL SERVICE CORPORATION,broadband,2025-Q2,2025,2,26.16817664949529,4.211296896313184,28.441533028137584,1.5382151671548288,224.5875,252.36700000000002,4,2,4.589166354985785e-05,False
38334,,"World Health Organization, Western Pacific Regional Office,",broadband,2025-Q2,2025,2,192.86486267407548,184.24134993326217,199.47801565538686,271.52925788323006,18.976,16.357,4,1,4.589166354985785e-05,False
132554,,Ateneo de Manila University,broadband,2025-Q2,2025,2,124.70032081168699,167.50191857475045,134.2717950605116,167.50191857475045,20.333666666666666,23.717,3,2,3.441874766239339e-05,False
17448,,Web.com.ph Inc.,broadband,2025-Q2,2025,2,0.21179598076010508,0.061449496692398624,0.23608605135322694,0.061449496692398624,270.73966666666666,270.429,3,1,3.441874766239339e-05,False
132193,,Social Security System,broadband,2025-Q2,2025,2,305.3428975366301,61.52441111281217,252.13058974905906,61.52441111281217,19.367,23.569,3,2,3.441874766239339e-05,False
139350,,Solaire Resort & Casino,broadband,2025-Q2,2025,2,211.05659699841715,12.57266049477262,210.98437582062536,11.853809512285707,2.184333333333333,2.158,3,1,3.441874766239339e-05,False
55290,,Depository Trust & Clearing Corporation,broadband,2025-Q2,2025,2,86.67419261977302,81.65153701200754,94.18612673164436,81.65153701200754,13.645333333333333,6.282,3,1,3.441874766239339e-05,False
214143,,SKYDIGITAL TELECOM LTD,broadband,2025-Q2,2025,2,58.18709298209615,41.50988111352016,60.39259253629794,43.311448655887524,262.9026666666667,263.0,3,2,3.441874766239339e-05,False
133498,,De La Salle University,broadband,2025-Q2,2025,2,136.55895449428354,13.878833157596954,144.02500389498366,13.878833157596954,32.154333333333334,42.034,3,1,3.441874766239339e-05,False
132233,,Fourleaf Consulting Network and Data Solution,broadband,2025-Q2,2025,2,245.0232327550098,275.6886102970513,229.55727623899443,347.40508129237804,17.726666666666663,7.549,3,1,3.441874766239339e-05,False
139626,,"2GO Group, Inc.",broadband,2025-Q2,2025,2,49.949849054683504,39.6465382985983,57.47541897608125,47.13722206361531,26.183000000000003,22.461,3,1,3.441874766239339e-05,False
38291,,BPS Corporation,broadband,2025-Q2,2025,2,12.652313330279322,25.14896393833266,16.15600549143235,25.14896393833266,54.192,49.576,3,1,3.441874766239339e-05,False
134716,,Savant Technologies Inc.,broadband,2025-Q2,2025,2,45.49207315094595,9.13015625750489,43.735354295536325,7.215167440741872,103.67533333333334,119.462,3,1,3.441874766239339e-05,False
136260,,IPOINTEAST INC.,broadband,2025-Q2,2025,2,288.00070987065,82.07877293789102,288.00070987065,82.07877293789102,24.1455,24.1455,2,1,2.2945831774928927e-05,False
36776,,Five9 Inc.,broadband,2025-Q2,2025,2,75.06520697371762,0.7658872618414425,75.06520697371762,0.7658872618414425,100.649,100.649,1,1,1.1472915887464463e-05,False
55343,,Conduent Business Services Philippines Inc.,broadband,2025-Q2,2025,2,744.5244755940723,412.53796266115165,744.5244755940723,412.53796266115165,15.158,15.158,1,1,1.1472915887464463e-05,False
24081,,SPI Technologies Inc.,broadband,2025-Q2,2025,2,1.1377867556077481,,1.1377867556077481,,39.0,39.0,1,1,1.1472915887464463e-05,False
9334,,iManila,broadband,2025-Q2,2025,2,45.821634614038466,48.01273917197382,45.821634614038466,48.01273917197382,47.378,47.378,1,1,1.1472915887464463e-05,False
395366,,"McKinsey & Company, Inc.",broadband,2025-Q2,2025,2,78.37034038589881,73.58313454588428,78.37034038589881,73.58313454588428,234.154,234.154,1,1,1.1472915887464463e-05,False
64078,,FLAT/RM 101A 1F,broadband,2025-Q2,2025,2,83.34518509914578,70.2089795565738,83.34518509914578,70.2089795565738,21.724,21.724,1,1,1.1472915887464463e-05,False
139852,,Home Credit Philippines,broadband,2025-Q2,2025,2,887.9580724668385,716.1716478678916,887.9580724668385,716.1716478678916,4.425,4.425,1,1,1.1472915887464463e-05,False
17796,,Philippine Long Distance Telephone Company,broadband,2025-Q2,2025,2,94.0892871874371,27.798053154264483,94.0892871874371,27.798053154264483,88.506,88.506,1,1,1.1472915887464463e-05,False
131891,,Cebu Air Inc.,broadband,2025-Q2,2025,2,80.55920708356813,29.28878896961027,80.55920708356813,29.28878896961027,21.653,21.653,1,1,1.1472915887464463e-05,False
138540,,"The Insular Life Assurance Company, Ltd.",broadband,2025-Q2,2025,2,153.9416177648073,60.37231872751974,153.9416177648073,60.37231872751974,29.159,29.159,1,1,1.1472915887464463e-05,False
136773,,BDO Unibank Inc,broadband,2025-Q2,2025,2,80.22808010661407,79.6745930873601,80.22808010661407,79.6745930873601,39.0,39.0,1,1,1.1472915887464463e-05,False
18396,,PLDT-PhilCom Inc.,broadband,2025-Q2,2025,2,75.88065840064277,12.641797385415071,75.88065840064277,12.641797385415071,81.442,81.442,1,1,1.1472915887464463e-05,False
135645,,"Sureste Properties, Inc.",broadband,2025-Q2,2025,2,18.262945101543433,15.228028193138739,18.262945101543433,15.228028193138739,2.157,2.157,1,1,1.1472915887464463e-05,False
55413,,Development Bank of the Philippines,broadband,2025-Q2,2025,2,91.99980240533506,92.49279751296447,91.99980240533506,92.49279751296447,33.046,33.046,1,1,1.1472915887464463e-05,False
984,,OCTOPUS WEB SOLUTION INC,broadband,2025-Q2,2025,2,70.40911400884498,19.114698938984617,70.40911400884498,19.114698938984617,29.479,29.479,1,1,1.1472915887464463e-05,False
6453,,TATA COMMUNICATIONS (AMERICA) INC,broadband,2025-Q2,2025,2,94.33266365375856,156.18090088836328,94.33266365375856,156.18090088836328,64.638,64.638,1,1,1.1472915887464463e-05,False
213931,,Alaitisal Computers and Requisites Trading LLC,broadband,2025-Q2,2025,2,77.17654781159482,81.46942719845381,77.17654781159482,81.46942719845381,229.081,229.081,1,1,1.1472915887464463e-05,False
9299,PLDT,Philippine Long Distance Telephone Company,broadband,2025-Q3,2025,3,62.43119915350201,50.907589012283175,31.533934547254553,21.501147155073447,86.00299467891219,71.3,4295318,1168677,43.2009677909586,True
17639,Converge,Converge ICT Solutions Inc.,broadband,2025-Q3,2025,3,103.30837720603112,81.91429459848985,54.283601087244605,39.259019647176025,33.21348060241211,25.501,2348804,38548,23.623537524177426,True
132199,Globe,Globe Telecom Inc.,broadband,2025-Q3,2025,3,134.3748739699495,96.3768414625675,62.1163960037442,40.80457384705619,22.771356457460598,9.836,780907,111429,7.8541188696003665,True
4775,Globe,Globe Telecoms,broadband,2025-Q3,2025,3,69.82661779526337,50.87283978878445,34.3177989201625,16.575386512632036,68.58126262637434,50.904,361585,100498,3.6367090722255644,True
14593,Starlink,Space Exploration Technologies Corporation,broadband,2025-Q3,2025,3,33.07343069712638,4.898980828129984,11.681863050083734,3.958331178643867,42.675022877444405,26.69,329467,59608,3.3136762528836647,True
139831,DITO,DITO TELECOMMUNITY CORP.,broadband,2025-Q3,2025,3,30.25607845876164,7.386749547657991,9.564388826059844,2.1699308669841932,64.51374542988654,49.366,260455,170528,2.619575096883193,True
56207,Converge,ComClark Network & Technology Corp,broadband,2025-Q3,2025,3,31.394979099452303,27.349969182396247,21.435132269315126,28.111299854630712,42.77158099054395,32.967,220016,2356,2.2128522566886892,True
134707,RoyalCable,RoyalCable Flash,broadband,2025-Q3,2025,3,103.1823948146673,62.80774849996815,56.89672222713336,17.36780511622234,24.518808730581224,30.211,103348,2953,1.039441927061044,True
135607,Infinivan,Infinivan Incorporated,broadband,2025-Q3,2025,3,52.36167206173225,34.371355927294246,29.150229287305883,14.313394668916251,45.022707473151776,33.105,94730,1997,0.9527647729079682,True
55821,,"RADIUS TELECOMS, INC.",broadband,2025-Q3,2025,3,95.60478177484507,66.0850494977302,59.56639475448655,37.6707393555495,34.62753020565551,25.619,82487,23989,0.8296285001885314,True
136515,Dasca,"Dasca Cable Services, Inc.",broadband,2025-Q3,2025,3,135.78405367337908,110.27381144391441,61.97987702494717,52.54794602952883,42.81275106160038,30.380000000000003,72556,1120,0.7297456018485226,True
23944,Sky Cable,SKYBroadband SKYCable Corporation,broadband,2025-Q3,2025,3,60.907820043170766,9.566383124528562,41.19254920721817,3.8425598885555234,31.85326965248095,9.196,69969,19473,0.7037263633019912,True
134788,Parasat,"Parasat Cable TV, Inc",broadband,2025-Q3,2025,3,63.69977364511646,24.31348203648271,37.79429706114696,9.368875327004382,66.27315144099181,57.95,62137,6561,0.6249545518228905,True
9658,Eastern Communications,"Eastern Telecoms Phils., Inc.",broadband,2025-Q3,2025,3,66.11739827738029,41.55737274107024,31.69883845676167,14.163401068827365,44.85241749900121,34.197,52598,5630,0.529014267131989,True
45754,,Clear Path Networks Inc,broadband,2025-Q3,2025,3,113.44601626606388,58.03414609897883,71.29054857681447,31.375361285368417,51.636697219512186,50.642,41004,4383,0.41240543384691575,True
56099,,Asian Vision Cable,broadband,2025-Q3,2025,3,64.98553749617619,42.31618151103493,40.29926650549773,17.956665352188985,33.83240299008901,33.013999999999996,35726,3134,0.359320957214294,True
133334,,DCTV Cable Network Broadband Services Inc,broadband,2025-Q3,2025,3,71.22767565546353,47.093104274575545,38.19950809676432,13.544209264257223,54.82807247564416,45.988,32976,361,0.3316623155432615,True
45700,,PT. NAP Info Lintas Nusa,broadband,2025-Q3,2025,3,23.619808868184588,4.394702326145144,7.654087006995098,3.2019972358610875,40.275724168254435,26.013,27311,253,0.27468551370093447,True
138965,,Streamtech Systems Technologies Inc.,broadband,2025-Q3,2025,3,50.93828802526026,23.672118133058248,25.88338294792296,9.892877398858701,86.11450727870394,64.086,25564,258,0.2571147329739185,True
139238,,Infinity Broadband INC.,broadband,2025-Q3,2025,3,143.88519191549548,106.94629922483222,91.81124369214339,55.14841328928476,30.733538351472063,30.582,23070,1437,0.23203085940026208,True
136929,,"Meridian Cable TV, INC",broadband,2025-Q3,2025,3,149.65352672457357,115.66336256891205,92.4343704546464,62.80228694120414,34.36427957130936,7.324,22776,330,0.22907389916343168,True
56262,,Dagupan Urban Satellite Vision Inc.,broadband,2025-Q3,2025,3,77.48897274792031,31.267081411350343,49.612633111720655,11.51779797153052,33.51334840335319,36.326,20640,521,0.2075906778509497,True
135345,,NewMountainView Satellite Corporation,broadband,2025-Q3,2025,3,90.79558068781918,55.49358878918372,52.36745572970451,28.72507096839994,32.62689343529645,32.4835,20144,499,0.20260206466228345,True
133623,,Planet Cable Inc.,broadband,2025-Q3,2025,3,68.44654558677145,23.94896131799821,35.47922745527309,9.040809276032647,61.8991582641991,36.159,18814,160,0.1892253397813841,True
150447,,Woofy Incorporated,broadband,2025-Q3,2025,3,68.94496674561472,49.715231185618876,49.47059163527848,40.330203339107435,21.631361382091665,4.005,18355,224,0.18460886104429175,True
151066,,Imperial network inc,broadband,2025-Q3,2025,3,74.07336740012009,51.530081390688274,43.8655092073968,30.225614267014528,10.433908052674514,3.76,17167,197,0.17266032784240568,True
9927,,Philippine Global Communications Corporation,broadband,2025-Q3,2025,3,72.69121641232606,44.39600562902511,36.90633874273213,11.789404210991787,43.27976830349229,34.807,16932,814,0.17029677119051745,True
137239,,Fil Products Service Television Incorporated,broadband,2025-Q3,2025,3,69.59682504496503,61.57642534560377,36.23210710601143,21.947718930603035,49.082742308160014,43.0265,16458,245,0.16552942713521948,True
(unknown),,,broadband,2025-Q3,2025,3,116.68110654800607,67.84692194928668,49.551314716906944,14.93825668396152,58.63327633209419,50.212,13723,2472,0.13802165078239256,True
45499,,Cablelink & Holdings Corp. Transit AS Internet Service Provider Philippines,broadband,2025-Q3,2025,3,69.73946058794975,44.33342015996697,32.97260121617511,9.208289295243183,14.024566439313006,5.913,12174,1864,0.12244229225569096,True
134497,,Cine Cebu,broadband,2025-Q3,2025,3,40.68924621276621,30.16042360850385,20.94210874965262,13.595471005915506,38.94251622145444,23.417,11873,70,0.11941492820369795,True
132021,,Kalibo Cable Television Network Inc,broadband,2025-Q3,2025,3,30.488750784723564,18.0922468984957,18.430623058689864,7.731765770345915,55.366317108890456,50.841,11615,163,0.11682004473056108,True
17970,,SKYBroadband SKYCable Corporation,broadband,2025-Q3,2025,3,45.98926225386318,4.9664567855339214,29.250857903457973,2.8143511763049434,24.946452771892652,8.245,11331,1141,0.11396366137253444,True
138958,,Tandag Electric & Telephone Company Inc.,broadband,2025-Q3,2025,3,32.509326595047646,27.293705107366176,9.272173183399543,9.214445151626583,82.56048785114264,77.013,11083,283,0.11146935477820133,True
132400,,COMMUNITY CABLE VISION CORPORATION,broadband,2025-Q3,2025,3,75.86684616835188,33.366700365125666,50.176697123639244,3.073001272766399,35.46010000000001,33.0,10434,398,0.10494191534383765,True
137074,,Responsible Internet Sustainability Effort,broadband,2025-Q3,2025,3,140.14427693064187,86.1687919079644,56.92045203523154,23.77438251267628,20.478468931837067,12.870999999999999,9629,758,0.0968454766001354,True
9821,,Department of Science and Technology,broadband,2025-Q3,2025,3,133.35950121204874,111.75481887129013,54.55372488911271,25.186441086989824,21.410167614257592,4.465,9147,243,0.09199767104179442,True
149645,,"Spectrum Cable network and broadband, Inc.",broadband,2025-Q3,2025,3,117.02240972818102,85.54403839834846,72.56089280590191,42.16595747063816,52.70033666143146,58.723,8920,166,0.08971457589294919,True
152107,,Fiberbro Internet Communication Services Corp.,broadband,2025-Q3,2025,3,47.37904606134468,37.98322386433338,38.953697710419526,26.96893384453416,11.195443390703662,3.966,8543,89,0.08592282756204764,True
142629,,GigaFiber Corp.,broadband,2025-Q3,2025,3,34.92563062310677,22.450954307819796,21.117309909890537,7.866656573679522,62.02471468728039,53.3155,8542,346,0.08591276987416727,True
142285,,KEITH.NET INCORPORATED,broadband,2025-Q3,2025,3,47.26787362266807,27.598884534170647,33.210935630700305,14.033428341461674,21.765832624616106,10.2395,8466,99,0.08514838559525872,True
142271,,EWS DS Networks Inc,broadband,2025-Q3,2025,3,72.35417862036815,57.598487952890544,47.80931077777198,38.346921830279506,7.866030435812411,3.4165,8444,98,0.08492711646189047,True
140243,,"CMD Cable Vision, Inc",broadband,2025-Q3,2025,3,38.6018695057164,29.68776010354898,30.542350715429347,20.319065643676367,72.78853726348306,63.415,7775,84,0.07819852326991927,True
18233,,"Philippine Telegraph and Telephone Corporation,",broadband,2025-Q3,2025,3,57.946301575849894,37.41163580288823,29.23633246915392,16.070324116887324,29.10950487612019,22.142,7588,535,0.07631773563628906,True
141994,,Ocean Wave Communications Philippine Corp.,broadband,2025-Q3,2025,3,40.150868061174535,26.164483301036338,22.691729219556517,13.50288742896531,41.18193355614973,33.099500000000006,7483,134,0.07526167840884963,True
153359,,Imtech Solution and Data Providers,broadband,2025-Q3,2025,3,28.985407037211697,21.811797375931537,14.067494867032169,8.060518743860857,73.02326968806827,77.0,7153,60,0.07194264140832574,True
137404,,KCAT,broadband,2025-Q3,2025,3,41.38623357814916,27.06330951132978,19.625485785702594,10.789093502492548,30.06219645272809,20.343,6657,141,0.0669540282196595,True
135025,,"Nexlogic Telecommunications Network, Inc.",broadband,2025-Q3,2025,3,42.06885317249481,26.05485212464178,19.535726417846224,7.966388746013373,43.39705665249088,32.649,6585,237,0.06622987469227247,True
141686,,LizardBear Tasking Inc.,broadband,2025-Q3,2025,3,103.19076463270686,74.52417996946575,75.29555131982863,36.373436265637345,53.65625877463053,30.0925,6496,10,0.06533474047091906,True
134216,,GLERCIMOR NETWORK AND DATA SOLUTION,broadband,2025-Q3,2025,3,51.23646293294982,36.40590143784518,41.91944125029489,26.702578890420227,54.51539796954315,51.814499999999995,5913,141,0.059471108436660154,True
139846,,StarCable,broadband,2025-Q3,2025,3,64.60778684168632,57.67270372685271,30.565365657189822,27.273109324550965,73.14414203523913,52.909000000000006,5566,120,0.055981090742169864,True
151650,,Switch Fiber,broadband,2025-Q3,2025,3,56.5467328745645,28.788552311323446,46.590981273412865,9.476119061499798,23.722004708097927,7.0,5310,12,0.053406322644793745,True
135582,,Galaxy Cable Corp.,broadband,2025-Q3,2025,3,54.127423261186145,34.39909620372836,32.0120365929706,12.103924842874147,69.97967599843382,61.9705,5111,179,0.051404842756599026,True
139752,,"Multinetwork Cable Television, Inc",broadband,2025-Q3,2025,3,76.15530937108768,46.6875858890294,44.8265590394172,23.830548386161297,35.57378859390366,35.015,5085,134,0.05114334287170926,True
151049,,ATSS NETWORK AND DATA SOLUTION,broadband,2025-Q3,2025,3,59.088799296134894,63.41794134288501,47.138998299944035,57.98965941126001,4.9922936004906955,2.578,4891,105,0.04919215142291642,True
138025,,RBC Cable Master System,broadband,2025-Q3,2025,3,65.39327791526222,37.122840179132965,48.384278668995066,22.201028974061508,17.449224286045972,12.792,4307,90,0.04331846170077715,True
139034,,Sattelite Plus Incorporated,broadband,2025-Q3,2025,3,24.905126282829677,15.967813524439519,18.749778325199507,6.708538837282658,43.06326459598319,31.228,4283,750,0.04307707719164813,True
131465,,"Marbel Telephone System, Inc.",broadband,2025-Q3,2025,3,78.68640439328937,24.942595870686176,36.208399315563405,2.8322773246830804,37.66624651844612,25.085,4095,17,0.04118623187013755,True
138987,,CHARLES CATV SYSTEMS INC,broadband,2025-Q3,2025,3,63.81730554568444,62.56652615877944,20.294923265514704,17.93947177363794,48.29601544117647,39.0,4081,21,0.04104542423981229,True
152141,,R-NET Wired Internet Services,broadband,2025-Q3,2025,3,68.88215244029236,39.08488881493567,50.74850490110053,28.427814827674325,20.838397887323943,7.926,3977,155,0.03999942470025324,True
15084,,Concentrix CVG Corporation,broadband,2025-Q3,2025,3,61.358746537628925,40.42006153721666,23.294377284149533,4.178047949995057,91.06317377049182,57.541,3968,135,0.039908905509329864,True
151408,,Fil Products Service Television of Calbayog Inc.,broadband,2025-Q3,2025,3,32.8163915406107,23.454833054962982,14.189254301580817,3.981977978932216,59.27347975397232,53.835,3904,59,0.039265213484985836,True
138543,,Cablevision Systems Corporation,broadband,2025-Q3,2025,3,57.11366615525555,28.913318303260635,39.549028599956884,2.8973999800267194,45.87377168597168,34.937,3886,103,0.03908417510313907,True
140975,,Comsat Cable Supplies and Services,broadband,2025-Q3,2025,3,23.812448839248592,15.267286510839734,18.67058768582337,7.234166753746894,46.18400599114352,43.647,3840,54,0.0386215214606418,True
142424,,"Unique Cable Network, Inc.",broadband,2025-Q3,2025,3,39.87799724766803,28.74844928103989,27.931655623127714,14.089777832688526,84.6429065934066,80.4435,3824,10,0.038460598454555794,True
133464,,RTDS Network ICT Solutions Inc.,broadband,2025-Q3,2025,3,169.91061040078648,96.71531338317313,86.57733908308796,34.51427684593422,17.459496246648794,5.091,3730,86,0.0375151757938005,True
151317,,Librify,broadband,2025-Q3,2025,3,45.69181785878008,26.51104508155219,27.030588991286898,5.953131177552858,54.58148460291735,51.824,3703,37,0.03724361822103037,True
147174,,POLARIS CABLE VISION INC.,broadband,2025-Q3,2025,3,52.10538279019392,26.435450583039255,28.08280199619169,14.337830991455366,28.835070318887983,25.898,3671,76,0.036921772208858346,True
136244,,Panay Broadband / Buenavista Cable TV Inc.,broadband,2025-Q3,2025,3,44.41496761681706,33.754173335480154,16.225097590221118,13.815788615303628,47.06709477590638,41.728,3504,72,0.03524213833283565,True
151354,,MCBROAD IT SOLUTIONS,broadband,2025-Q3,2025,3,75.80282436536264,38.34338486995051,42.56237096484844,18.99207792649363,24.07272784448256,4.0,3499,36,0.03519184989343377,True
135594,,Kabayan Cable Tv Systems Inc.,broadband,2025-Q3,2025,3,49.33951508604552,29.361538234676864,38.82034907190375,13.326173664499015,49.36845621716287,61.7425,3429,24,0.034487811741807484,True
151788,,"EAGLE VISION, INC.",broadband,2025-Q3,2025,3,58.089287768219876,24.261535833648228,34.89051877154989,12.375357101245996,38.40105091230136,14.6675,3398,43,0.03417602341751585,True
174,Cogent,"Cogent Communications, LLC",broadband,2025-Q3,2025,3,52.59419621141933,34.61707981886009,23.18662927789172,12.50861317278663,38.5053450829384,28.0,3376,140,0.033954754284147584,True
134802,,Naic Cable TV Corp.,broadband,2025-Q3,2025,3,56.386562819955515,28.504728465522245,53.55787198761115,8.642791465208072,25.111781975014868,23.6165,3362,38,0.03381394665382233,True
136433,,Medrozo IT Solutions,broadband,2025-Q3,2025,3,22.038469137414907,15.354918060441284,19.398635665422034,14.514347912543382,25.201776716417907,21.5995,3353,115,0.03372342746289895,True
150704,,DEARBC Connect,broadband,2025-Q3,2025,3,54.04074663434242,18.831154630370847,46.43831628970086,3.2645991258678366,67.5418784241305,64.936,3251,143,0.03269754329910065,True
151653,,General Telephone System Inc.,broadband,2025-Q3,2025,3,90.11935543763275,63.43633568250024,43.51549403481286,27.542627281448127,40.309546942557134,28.941,3238,57,0.03256679335665577,True
134564,,NETFACTORY,broadband,2025-Q3,2025,3,85.02807194710998,47.37328031914993,50.26503596101553,19.524196203246227,45.69064310954064,33.254,3113,44,0.031309582371608836,True
151465,,CULASI CATV INC.,broadband,2025-Q3,2025,3,32.032530491461316,15.539204283505168,19.78331918188535,4.838357799365074,67.10288102166182,66.491,3097,37,0.03114865936552283,True
150431,,ADS Cable TV Network,broadband,2025-Q3,2025,3,57.564317534177306,40.81892166723354,36.72982980940103,28.61906808513431,14.78451527093596,8.0,3047,37,0.030645774971504055,True
137996,,"HGC Global Communications (Philippines), Inc.",broadband,2025-Q3,2025,3,92.3190353485394,82.6101819053881,25.930268197634312,17.195966939398495,48.95018687872764,22.137999999999998,3020,80,0.03037421739873392,True
142009,,Misamis Cable Management and Development Corp,broadband,2025-Q3,2025,3,59.86457176549936,34.11322385745979,41.461424925984986,16.657002958190077,69.26574092741937,64.47200000000001,2977,273,0.029941736819877773,True
152297,,PLANETNET NETWORK AND DATA SOLUTION,broadband,2025-Q3,2025,3,49.74557131517484,49.054373810669965,38.930876786920834,41.10835187340874,16.034073745305566,6.72,2930,162,0.029469025489500127,True
137818,,Panay Telephone Corporation,broadband,2025-Q3,2025,3,35.38953725952906,26.446215647667657,19.640651355682895,11.103762814851905,68.94970503597122,61.959,2921,24,0.029378506298576745,True
149848,,CELEBRITY CABLE NETWORK INC,broadband,2025-Q3,2025,3,43.2886318950691,33.894872086710166,27.409844808881353,24.10694016165472,35.03197963483146,17.200000000000003,2850,70,0.02866441045907009,True
151633,,Archon Network and Data Solution,broadband,2025-Q3,2025,3,21.539242087783354,17.824399524669214,16.851595158585436,10.705841694849493,81.55718895348838,79.6095,2755,104,0.027708930110434418,True
137248,,GNET Technologies,broadband,2025-Q3,2025,3,30.308868128470014,16.4666347978713,10.549081683615988,7.5318522089374556,43.19088725300271,23.439,2581,101,0.025958892419249088,True
132054,,Rising Star Cable TV Services,broadband,2025-Q3,2025,3,40.02957597951918,21.594338379461405,26.83351188668917,7.6681084991828765,51.58248284023669,52.304,2535,22,0.025496238776751817,True
138929,,Cebu Cable TV Management Corporation,broadband,2025-Q3,2025,3,78.88699590820885,72.6204231443697,40.904204826940266,38.46072526601104,41.412300239234455,43.0,2509,121,0.025234738891862053,True
151652,,ZSG Internet Communication Services,broadband,2025-Q3,2025,3,39.4744338795479,46.52574999451229,25.072091351277578,39.481549089149034,27.025915521422792,30.598,2474,128,0.02488271981604891,True
153174,,Aioni Digital and Data Solutions Inc.,broadband,2025-Q3,2025,3,30.63876149662615,22.41395629393036,16.75539774136071,5.675407779435371,54.56388108766233,50.226,2468,32,0.02482237368876666,True
133064,,SLMC INFRASTRUCTURE,broadband,2025-Q3,2025,3,37.38673560077513,65.90777358125615,13.47458913330442,40.246743566141134,44.9158758361204,34.097,2392,13,0.02405798940985812,True
132464,,Barbaza Multi-Purpose Cooperative,broadband,2025-Q3,2025,3,20.436941504370342,16.909014492606243,16.23015775863388,11.659055224903682,67.72503365586874,58.262,2379,70,0.023927239467413243,True
139900,,RELIANCE CATV AND ENTERTAINMENT SERVICES,broadband,2025-Q3,2025,3,71.81990169966235,66.64707836833361,46.342353995701856,31.550245613284076,37.84996505024027,25.0,2289,53,0.02302204755817945,True
150450,,"Kinahugan Bojol Communications, Inc.",broadband,2025-Q3,2025,3,45.373968954784075,36.111382937053506,31.037691044567765,25.983546987986312,56.865733087896906,49.009,2176,176,0.021885528827697023,True
139798,,LizardBear Tasking Inc,broadband,2025-Q3,2025,3,116.37645444179387,76.58602085653544,77.76446119017335,18.346469965021917,29.913244784422815,13.982,2157,4,0.021694432757969888,True
18187,,Ignite Telecommunications Inc,broadband,2025-Q3,2025,3,65.29629211533297,46.525016411080806,33.96879900394906,21.508242938564898,45.60144779582367,51.455,2156,124,0.021684375070089513,True
140323,,ALLASTRILLA ENTERPRISES,broadband,2025-Q3,2025,3,75.36503595276761,58.8057170763133,68.16967242094373,50.42195763058597,7.332537028411737,3.887,2148,30,0.02160391356704651,True
141152,,BATAAN SPACE CABLE NETWORK INC,broadband,2025-Q3,2025,3,89.06303155218136,51.731932477019484,56.092827453298746,18.839231479070392,39.58406020066889,36.191,2093,69,0.021050740733625856,True
132714,,Airfiber's Internet Shop,broadband,2025-Q3,2025,3,44.38019258337827,32.10505612672777,36.343226498892676,21.147542498355506,64.40458865929841,60.101,2081,160,0.020930048479061353,True
142555,,"Z-ENERGY CATV NETWORK, INC.",broadband,2025-Q3,2025,3,21.65299611280042,19.916219095079228,19.314700196322327,16.276154544689593,73.45504419066535,68.45599999999999,2015,90,0.02026624107895657,True
135423,,Total Information Management Corporation,broadband,2025-Q3,2025,3,39.442065522973216,28.737077108347286,14.395664421481406,8.358517514020878,22.856296850800206,5.367,1937,56,0.019481741424287286,True
153789,,Cliantech Internet,broadband,2025-Q3,2025,3,38.42303464344778,27.18639548287728,26.129785649293442,16.58735550490021,82.74914188124013,73.559,1903,50,0.01913978003635452,True
139464,,KMC Mag Solutions,broadband,2025-Q3,2025,3,247.9585087870139,116.54795112615555,151.22645302565576,43.51358969939746,18.40219597457627,4.247999999999999,1888,57,0.018988914718148887,True
131306,,CITI Cableworld Inc.,broadband,2025-Q3,2025,3,67.27439191283143,43.407483783901974,49.697299529210056,25.4547717554486,54.828449624866025,45.414500000000004,1867,25,0.018777703272661,True
141676,,St. Joseph Cable TV System,broadband,2025-Q3,2025,3,40.857590457345914,11.236759452619378,24.650049876642164,8.473591496306723,64.19956383561643,53.665,1826,281,0.01836533806956561,True
23862,,University of the Philippines Diliman,broadband,2025-Q3,2025,3,133.28456063399508,118.55796861849183,55.826919618830736,39.601716751929345,11.83117686692869,3.055,1781,68,0.017912742114948713,True
149825,,RFi Fiber,broadband,2025-Q3,2025,3,50.81057292528445,22.108425273191596,36.735243671196564,3.052459484916112,56.837802824858755,31.829,1771,30,0.017812165236144956,True
142414,,MALASIMBU CATV CORP,broadband,2025-Q3,2025,3,55.330915898314224,39.27216075048838,31.407658472387414,21.885396090854794,43.60215294117646,51.781,1615,66,0.016243165926806382,True
153869,,"Newisland Media Vision, Inc.",broadband,2025-Q3,2025,3,40.98462734089308,34.815304943373626,30.656255884364995,25.782735452559415,13.646548327137548,4.1795,1615,27,0.016243165926806382,True
45209,,"University of the Philippines, Los Banos Campus",broadband,2025-Q3,2025,3,159.3742512486414,66.36767300564662,71.86328653700548,14.178390889006616,14.587717916924987,6.619,1613,21,0.016223050551045632,True
142581,,Mambulao Cable Television,broadband,2025-Q3,2025,3,29.715063085383917,20.622901839015732,16.35384866540606,12.694589482058232,62.01002979515828,53.325,1613,41,0.016223050551045632,True
136803,,TELMARC CORPORATION,broadband,2025-Q3,2025,3,30.237753285486722,24.629950521872825,21.388861472943262,16.15871115900857,9.736429638854295,3.695,1607,36,0.01616270442376338,True
141196,,DEPARTMENT OF INFORMATION AND COMMUNICATION TECHNOLOGY,broadband,2025-Q3,2025,3,82.93014187663645,72.51145330252947,38.95231902035292,24.224019107696755,114.73800759013284,133.933,1583,234,0.015921319914634368,True
135549,,"NEW WORLD CATV, INC.",broadband,2025-Q3,2025,3,44.79705158178127,21.450215517463796,31.172283915269233,9.538116959556456,59.07295292620865,59.822500000000005,1572,18,0.01581068534795024,True
149170,,TOLEDO CABLE TV,broadband,2025-Q3,2025,3,40.3020793644687,31.526191233171087,30.696947811613295,20.99574890127533,55.1836291913215,45.39,1522,25,0.015307800953931465,True
134213,,Netify Communications Corp.,broadband,2025-Q3,2025,3,143.3926616025521,67.94967907396011,100.79890388572218,8.082143212843341,46.07660699300699,34.257999999999996,1430,129,0.014382493668936921,True
149635,,BICOL TELEPHONE AND TELEGRAPH INC.,broadband,2025-Q3,2025,3,52.16926691548854,42.983062152541166,25.334827452530437,15.522998157411424,23.240518142235125,11.0275,1379,5,0.013869551587037773,True
153166,,PAKONEK SOLUTIONS INC.,broadband,2025-Q3,2025,3,53.802615482741125,31.944879770443062,36.292534474337614,19.467770317682334,67.1106923076923,61.588,1378,3,0.013859493899157397,True
153855,,RDNAKS NETWORK AND DATA SOLUTION,broadband,2025-Q3,2025,3,33.861021502717975,31.05974549732421,27.335803417409487,26.689114974162226,8.778454545454547,3.175,1354,53,0.013618109390028386,True
153055,,TAMARAW VISION NETWORK INC.,broadband,2025-Q3,2025,3,34.89937312391324,18.644775078208664,26.042631893588222,10.358735323732068,47.80128273809524,38.0445,1348,27,0.013557763262746133,True
134431,,News and Entertainment Network Corp,broadband,2025-Q3,2025,3,38.386105776504,29.201682780042006,20.639626339639904,8.561973219856238,59.181637444279346,54.0,1346,133,0.013537647886985383,True
152458,,HAPIBYTES,broadband,2025-Q3,2025,3,49.532596411911726,39.61314399123453,39.629141149913345,34.299227353594006,7.072945481702761,2.754,1339,45,0.013467244071822754,True
134241,,M7 Telecommunications Corporation,broadband,2025-Q3,2025,3,39.40171557358565,36.1332951827956,26.019630993638433,19.02550778946657,63.47153268219384,58.347,1331,44,0.01338678256877975,True
152131,,ILEAD NETWORK CORPORATION,broadband,2025-Q3,2025,3,43.26312317671231,32.324650860433266,25.71353952075733,17.300913037617775,21.51283565891473,14.0075,1292,41,0.012994532741445106,True
18188,,Ateneo de Manila University,broadband,2025-Q3,2025,3,208.02199270051446,173.7326679574322,116.12106794982917,93.29698909456394,6.81036653696498,3.027,1285,64,0.012924128926282478,True
18360,,Santo Tomas E-Service Providers,broadband,2025-Q3,2025,3,91.02197275244659,80.19486510737269,62.04505198683066,48.34958236828314,44.37497267759563,50.663,1281,312,0.012883898174760976,True
17895,,"Globalreach eBusiness Networks, Inc.",broadband,2025-Q3,2025,3,61.70864799459052,55.67446496339972,10.646538755168311,8.880885088704993,40.98181013676588,33.706,1244,59,0.012511763723187084,True
153200,,cyber peers,broadband,2025-Q3,2025,3,86.73977287796785,49.01676506564919,65.56446630673865,30.121127344374706,45.85622086389569,32.309,1227,42,0.012340783029220702,True
137226,,"ANGELES CITY CABLE TELEVISION NETWORK, INC.",broadband,2025-Q3,2025,3,6.990197796849818,1.7279086087631745,5.991313047160569,0.8987632732841672,55.15923616845581,34.672,1212,594,0.01218991771101507,True
63927,,RISE,broadband,2025-Q3,2025,3,58.068046338261574,49.25303685127251,25.503142351571174,15.459952016021422,35.54155195344972,16.63,1203,48,0.01209939852009169,True
151366,,AKM INTERNET INSTALLATION SERVICES,broadband,2025-Q3,2025,3,38.880973794234166,36.70791256633709,31.349104245941184,32.560539000885186,48.54158166666667,52.884,1200,46,0.012069225456450564,True
132505,,Concentrix Daksh Services Philippines Corporation,broadband,2025-Q3,2025,3,80.42728465742526,73.6508982506699,37.070362812617155,27.52321510752601,48.81689649415693,44.949,1198,2,0.012049110080689812,True
135283,,Makilala Cable TV,broadband,2025-Q3,2025,3,23.864803358805375,23.33505335625131,23.212416725239596,19.073356902105072,64.07846480067853,56.848,1179,6,0.011858014010962679,True
136513,,Corporate Technologies Incorporated,broadband,2025-Q3,2025,3,26.37874082543373,15.238310026701777,6.3093832138198565,3.9911555803054397,78.65710454155955,60.462,1167,5,0.011737321756398173,True
59322,,Black Fiber Solutions Corporation,broadband,2025-Q3,2025,3,48.797964474470696,40.010061695611405,11.473130376643637,10.608232971942547,32.30798838248436,29.016,1119,102,0.01125455273814015,True
141455,,Halum Properties (HALPROP) Inc.,broadband,2025-Q3,2025,3,15.610409977743785,14.31880252293275,10.462459374746057,10.30480614138317,58.8763595706619,52.0,1118,21,0.011244495050259776,True
132905,,AS number of Ateneo de Davao University,broadband,2025-Q3,2025,3,56.9270357530683,84.76166853069422,25.756078466536533,43.52395924527038,76.85227792915529,71.183,1101,52,0.011073514356293392,True
137941,,Mabuhay Cable TV Inc,broadband,2025-Q3,2025,3,63.01531210829439,40.54105778009402,42.922514312964736,20.490138007398006,39.02137089201879,30.744,1065,33,0.010711437592599874,True
15347,,IBEX Global Solutions,broadband,2025-Q3,2025,3,67.9091250587187,43.25243825685555,35.84174455097123,15.723970373854785,125.01757418111752,78.195,1038,4,0.010439880019829737,True
152680,,GLIPPH,broadband,2025-Q3,2025,3,35.71058672923498,27.54697464832096,16.44507203716678,10.837961684823068,45.17730460333007,45.0,1021,11,0.010268899325863355,True
152152,,SOLETECH IT SOLUTIONS,broadband,2025-Q3,2025,3,45.542460888357354,33.45351488133097,33.192986662939965,22.45066904621161,29.08802854330709,5.733499999999999,1017,72,0.010228668574341853,True
153175,,Tiny Redbug Enterprising Network and Data Solution,broadband,2025-Q3,2025,3,30.11579109618919,25.210092060956097,26.27322394048544,19.393558913428386,66.90296562184025,58.335,991,69,0.009967168689452091,True
131276,,Mega Speed ICT Solutions Inc.,broadband,2025-Q3,2025,3,44.091125371516256,29.733274521249257,18.66583368796255,13.30672403057662,36.34909703779366,18.855,979,21,0.009846476434887584,True
149299,,CABLESTAR,broadband,2025-Q3,2025,3,71.80163975169214,41.60990693475002,74.71109785647167,41.99696511624036,70.90812683438155,68.1505,954,7,0.009595034237878199,True
132615,,Pipol Broadband,broadband,2025-Q3,2025,3,14.014670639980826,15.872822852598079,10.76946031354628,13.225212244894514,18.2513980154355,6.206,907,213,0.00912232290750055,True
137184,,Suniway Group of Companies Inc.,broadband,2025-Q3,2025,3,75.53093198075872,64.71940069332885,45.30972097865073,37.711592425929936,27.748777901785708,4.603,896,63,0.00901168834081642,True
140927,,SKY MOVIE PHILIPPINES CATV,broadband,2025-Q3,2025,3,28.749918810611966,19.95810391661704,16.360218711004066,12.833518781455135,43.184143016759776,34.732,895,121,0.009001630652936046,True
137406,,Airlive Communications Inc.,broadband,2025-Q3,2025,3,43.840437842630266,26.970334216232455,20.038349575090372,9.86959419906679,46.414444959443806,32.72,864,96,0.008689842328644407,True
135366,,Zafra Cable TV Network Inc.,broadband,2025-Q3,2025,3,38.96211904010414,30.75713351753987,26.800672227978367,17.44182982326807,65.25991956782714,53.707,834,12,0.00838811169223314,True
140878,,Philippine National Police,broadband,2025-Q3,2025,3,56.11438338846512,49.77955515093423,39.138337321022235,18.618892935498902,39.4806117936118,45.582499999999996,814,3,0.008186957934625632,True
134966,,Southern CableVision Inc.,broadband,2025-Q3,2025,3,37.32318141473133,25.240067511658566,29.763033434707523,12.123516505146256,82.75237346437346,71.80000000000001,814,27,0.008186957934625632,True
153912,,AMIA PISONET,broadband,2025-Q3,2025,3,34.157041155847295,17.170081662683238,19.748445806216775,10.321052232658626,24.86564364981505,14.482,811,2,0.008156784870984505,True
138961,,Paradise Cable Television Network,broadband,2025-Q3,2025,3,33.70118320723228,21.83766838767978,18.287277354427715,9.507912772973599,52.351741935483865,37.9945,806,55,0.008106496431582629,True
45600,,"University of the Philippines, Manila",broadband,2025-Q3,2025,3,105.51616303859282,61.15015378377304,67.40979097614303,19.202841828676746,30.682052173913043,5.297,805,72,0.008096438743702253,True
147042,,Panabo Satellite Cable Television Inc.,broadband,2025-Q3,2025,3,30.173607403484812,23.803071327607007,25.65199575961864,23.456852618529688,58.80679493670886,51.5435,791,43,0.007955631113376996,True
150000,,Data-Beam Business Solution,broadband,2025-Q3,2025,3,41.2151369785609,21.958840251605295,17.788265316836444,6.402659944050702,59.18308076923077,47.4865,783,17,0.007875169610333993,True
138970,,Wesfardell Cable Services,broadband,2025-Q3,2025,3,31.522597430152924,23.02282405385467,20.877866322862307,15.04562963962246,38.57870921052631,16.83,761,4,0.0076539004769657325,True
151405,,WISE CABLE TV,broadband,2025-Q3,2025,3,29.51442530557616,22.888378389867132,22.863161966382815,13.413571760261545,70.20695888594163,68.4325,754,10,0.007583496661803104,True
141709,,Clare Cable TeleVision,broadband,2025-Q3,2025,3,61.71430077135471,52.799930783157166,49.0582001158814,35.75417443580692,61.91615395095368,55.5185,734,54,0.007382342904195594,True
153969,,"JVL STAR CABLE TV,INC.",broadband,2025-Q3,2025,3,30.203961717558098,25.002997503622655,19.416658383878342,13.700977168434047,68.00764705882352,53.204,697,34,0.007010208452621703,True
139213,,"Hillview Cable Systems, inc.",broadband,2025-Q3,2025,3,48.83500845498343,30.77179834512609,35.195759594088486,16.663512520202882,53.09019411764705,42.162,680,64,0.006839227758655319,True
153191,,DNS NETWORK AND DATA SOLUTION,broadband,2025-Q3,2025,3,35.935222826290186,17.135207009537645,35.5717724484526,7.965933545088944,79.59817525773195,62.897,679,19,0.006829170070774944,True
152172,,"PSALMS CABLE, INC.",broadband,2025-Q3,2025,3,10.129346591950352,8.436462099703425,9.26664771903743,8.669109835394107,58.56394410876132,49.248999999999995,662,4,0.006658189376808561,True
154040,,AIRDAN NETWORKS CORPORATION,broadband,2025-Q3,2025,3,40.181732566945506,12.54678864158845,13.953929296360737,4.813403561630051,40.1297023255814,27.905,646,14,0.006497266370722553,True
154031,,Sierra.Net Network & Data Solution,broadband,2025-Q3,2025,3,42.91988542282224,39.80720420834376,28.927363008975377,28.414583957071233,3.8749239130434785,2.8655,644,44,0.006477150994961802,True
7862,,Chevron Corporation,broadband,2025-Q3,2025,3,67.3203045772938,68.28603711110554,29.882314140898636,15.692219793919977,89.2527198067633,73.876,621,33,0.006245824173713167,True
154002,,iRateNet Solutions,broadband,2025-Q3,2025,3,51.420161060828,40.258463973548125,30.100794427935554,24.447706436996725,5.489790322580644,3.1420000000000003,620,58,0.006235766485832791,True
151360,,SONIC NETWORKS PHL INC.,broadband,2025-Q3,2025,3,89.14361187069447,84.85972232646317,59.48447781419098,48.259959349680116,76.58459477124183,55.757,612,25,0.006155304982789787,True
141754,,Emapta Versatile Services Inc,broadband,2025-Q3,2025,3,197.45184410643964,162.61183332171706,169.08862500550242,104.97496982470479,19.02733552631579,6.3905,608,38,0.006115074231268286,True
154083,,DC FIBER NETWORK WIRED INTERNET SERVICES,broadband,2025-Q3,2025,3,85.94395106714349,98.17998847664184,89.00185405418458,77.0031179032603,3.263383584589614,2.612,598,104,0.00601449735246453,True
150806,,"R. C. Yulo Telephone System, Inc.",broadband,2025-Q3,2025,3,53.142664093809046,34.186729961348085,37.01420137235927,18.657761319578523,24.808662020905924,19.3795,574,3,0.00577311284333552,True
7629,,EPLDT,broadband,2025-Q3,2025,3,43.03279610107795,19.548023563648208,27.411914321627375,0.08969293077100496,95.19149912434325,72.943,571,36,0.005742939779694393,True
10879,,Unitedhealthcare,broadband,2025-Q3,2025,3,36.34834713868435,37.10801896839316,19.7995774509652,8.632995280811326,60.776821238938055,40.84,565,2,0.0056825936524121405,True
150707,,Romblon Cable Corporation,broadband,2025-Q3,2025,3,35.7625332885435,8.670579945533085,20.895421524229025,0.8319364114372719,59.3269370503597,54.692499999999995,556,34,0.005592074461488761,True
38722,,Conduent Business Services Philippines Inc.,broadband,2025-Q3,2025,3,174.80743802390762,155.60149624126004,155.8999173880941,126.13960870650428,23.99099274047187,28.0,551,2,0.0055417860220868835,True
149802,,MT Cable Television Network,broadband,2025-Q3,2025,3,42.93564517261579,35.516004208693126,27.97192321256345,27.42624935230842,50.69238391224864,34.23,547,10,0.005501555270565382,True
151324,,BONGAO CABLE TV - ISABELA,broadband,2025-Q3,2025,3,65.63372851195419,52.96816132437911,28.62066937944822,29.90991080355794,44.09970149253732,33.307500000000005,537,5,0.005400978391761627,True
18214,,TELUS INTERNATIONAL,broadband,2025-Q3,2025,3,115.28237896811338,123.47198654995549,72.98352743001777,76.60587710935052,74.64196946564887,60.467,524,6,0.005270228449316746,True
137846,,Sharp Viewing Entertainment Corporation,broadband,2025-Q3,2025,3,15.614502135198613,18.807669863304948,8.55138261548532,11.576129409998792,65.0456833976834,59.0055,518,2,0.005209882322034494,True
149509,,Xfiniti Internet Communication Services,broadband,2025-Q3,2025,3,53.028124882046654,25.952494560893157,27.654215349662586,5.291011144944275,82.7513012048193,82.3375,498,303,0.005008728564426984,True
153989,,Jamers Digital Computer Parts and Accessories Trading,broadband,2025-Q3,2025,3,28.53903420551898,27.056122372900113,21.58906943779988,18.88454301664374,51.053551198257075,46.93,459,11,0.0046164787370923405,True
153322,,Persian Cable TV Network,broadband,2025-Q3,2025,3,44.432554273730155,30.952390499266716,31.448910087267947,22.528316758713736,48.856214601769906,35.980000000000004,452,29,0.004546074921929712,True
151351,,NICO ZERO THREE TRADING & SERVICES,broadband,2025-Q3,2025,3,48.37415628379476,34.93693716644534,47.50463422153408,20.306098245352988,6.86868988764045,4.09,445,15,0.0044756711067670835,True
139204,,RACITELCOM Inc.,broadband,2025-Q3,2025,3,56.47835048974868,36.3020952435984,43.83099913200704,22.252930498916065,14.878245495495495,5.009,444,62,0.0044656134188867085,True
134415,,De La Salle - College of Saint Benilde,broadband,2025-Q3,2025,3,155.7157152777527,107.00631421422679,91.56552396282386,83.97086377639496,31.149877828054297,6.2105,443,1,0.004455555731006333,True
151627,,KC Broadband Inc.,broadband,2025-Q3,2025,3,63.256115360667955,43.84882812237985,43.58091386175552,18.143572893780618,76.59672892938497,76.865,439,17,0.004415324979484831,True
21433,,Accenture UK Limited,broadband,2025-Q3,2025,3,14.264251300101584,16.529899000084615,5.873035925680657,1.6775128530401329,55.27238812785387,42.607,438,4,0.004405267291604456,True
141016,,SM Investments Corporation,broadband,2025-Q3,2025,3,155.80360509995955,92.21201989888068,82.54093052784017,37.822831480378504,14.656241134751768,2.799,424,11,0.004264459661279199,True
137208,,ILEAD ICT SOLUTIONS INC,broadband,2025-Q3,2025,3,58.39220784780365,41.241020153887845,34.21123215792375,26.106973639955285,31.409646616541355,14.287,399,21,0.0040130174642698125,True
147178,,TierOne Communications International Inc,broadband,2025-Q3,2025,3,11.188740703018786,7.448512372246378,3.9620205360993843,3.8757625410451695,50.69686466165413,42.351,399,9,0.0040130174642698125,True
136216,,Channel Information Technology Support and Leasing Services Inc.,broadband,2025-Q3,2025,3,240.35435553763799,167.80226908392822,223.13546100271785,96.33773442946746,16.01737894736842,12.246,380,63,0.0038219213945426783,True
140549,,SHIFT DATA SERVICES INC,broadband,2025-Q3,2025,3,65.51249354596544,40.80395144578627,26.926600113799896,13.311771536143002,61.72692622950819,45.467,366,109,0.0036811137642174217,True
138333,,SEKYURLINK Networks,broadband,2025-Q3,2025,3,74.47101386457696,39.47648377897746,63.79021969925115,18.40760753533595,42.137656338028165,32.5,355,2,0.003570479197533292,True
135409,,Kacific Broadband Satellites Pte Ltd,broadband,2025-Q3,2025,3,9.0461336250092,3.0049156264814485,8.563815237303682,2.588179554844996,54.05990857142857,50.5475,350,31,0.0035201907581314143,True
394869,,Asia Pacific Network Corporation,broadband,2025-Q3,2025,3,356.4451197446422,174.09262808693447,343.38128425432603,56.707596833573966,18.460282857142857,6.875500000000001,350,20,0.0035201907581314143,True
134084,,TOSLINK INC.,broadband,2025-Q3,2025,3,91.84571535649042,58.74450637870683,63.16587388176436,27.258077016921906,49.397476744186044,34.4095,344,3,0.0034598446308491617,True
58757,,Ace Wireless Network Phils. Inc.,broadband,2025-Q3,2025,3,35.75063986380485,33.95976494316021,19.91695111948084,12.787575880597995,65.09792128279884,58.011,343,12,0.003449786942968786,True
153689,,SIQUIJOR ISLAND CABLE TV SYSTEMS CORPORATION,broadband,2025-Q3,2025,3,20.52454703295321,17.13643325761121,17.33854743590162,12.395438527625888,51.560511976047906,58.294,335,24,0.0033693254399257823,True
63848,,De La Salle-College of Saint Benilde,broadband,2025-Q3,2025,3,138.98084183545092,76.71921758945464,92.01517545545465,59.105453528857,55.313789968652046,59.062,319,1,0.003208402433839775,True
64008,,Department of Social Welfare and Development,broadband,2025-Q3,2025,3,111.07466584461008,152.73937501007262,42.327347466315146,87.1115181646939,33.36537974683544,12.689499999999999,316,5,0.0031782293701986485,True
135158,,Softnet Limited,broadband,2025-Q3,2025,3,44.272911999450635,33.91969398234789,25.390097955844535,19.775166528313864,156.78474757281555,204.286,309,22,0.00310782555503602,True
4637,,Telstra Global,broadband,2025-Q3,2025,3,110.60778818713075,87.76938110849468,19.686956079306306,12.485729908260486,80.61364333333334,30.929000000000002,303,18,0.0030474794277537674,True
142416,,"Itiviti Philippines, Inc",broadband,2025-Q3,2025,3,45.518535099099154,29.14530141770086,45.75284924010447,18.675901758424125,87.73309863945579,80.969,294,3,0.002956960236830388,True
132792,,"University of the Philippines Visayas, Miagao",broadband,2025-Q3,2025,3,49.09879593363068,30.4071461828203,17.08719537511575,11.291478216174784,56.341231292516994,40.9875,294,3,0.002956960236830388,True
38609,,"American Data Exchange Corporation Ltd.,",broadband,2025-Q3,2025,3,11.177759775614899,10.151096816060612,6.7991965022937535,6.530744566516246,60.71440689655172,44.766000000000005,290,17,0.0029167294853088862,True
138689,,"CONCEPCION PAY-TV NETWORK, INC.",broadband,2025-Q3,2025,3,62.61965413104096,50.04978631305812,40.780675864839914,9.545552246065041,34.385775280898876,5.933,267,28,0.0026854026640602503,True
10096,,"Easycall Communications Phils., Inc.",broadband,2025-Q3,2025,3,58.900847072787364,40.50782481893468,37.468526377215596,11.183065089274951,99.37579770992366,4.156,262,16,0.002635114224658373,True
6648,,"Bayan Telecommunications, Inc.",broadband,2025-Q3,2025,3,25.752879166424535,4.395903543004983,9.004685296140185,1.3075690924309076,295.6056946564886,215.836,262,12,0.002635114224658373,True
23689,,Makati Shangri-La,broadband,2025-Q3,2025,3,49.00203548213578,48.648577933996094,38.1077751063697,45.533034283768025,26.62610465116279,13.743,258,2,0.0025948834731368713,True
58437,,MAPUAEDU,broadband,2025-Q3,2025,3,42.04114024869591,29.10955362380177,14.449355350348434,9.810147042086575,34.397919831223625,30.766,237,11,0.0023836720276489863,True
152135,,"Cubiscomm Signal Sales, Inc.",broadband,2025-Q3,2025,3,99.79814303512832,62.34496200672904,67.88667622513739,23.197880366738012,77.50004237288137,66.42500000000001,236,7,0.002373614339768611,True
153856,,ZZNET,broadband,2025-Q3,2025,3,13.274697403324645,7.415233156377905,13.548134094312148,2.621310488046314,63.84540259740259,59.069,231,20,0.0023233259003667336,True
132454,,"Philippine Telegraph and Telephone Corporation,",broadband,2025-Q3,2025,3,53.913725905079815,38.00535983994307,39.93214960005892,16.42190193089084,8.539229074889867,3.392,227,27,0.0022830951488452315,True
134996,,"BSITC PHILS., INC.",broadband,2025-Q3,2025,3,58.15670866611018,40.14128995885206,54.73807962724326,26.888147637714372,59.287995555555554,52.049,225,40,0.0022629797730844806,True
150749,,AF Tech I.T. Solutions,broadband,2025-Q3,2025,3,27.575090029810497,12.890530529019175,11.51650777020792,5.2061909305904654,70.07983018867925,58.0625,212,2,0.0021322298306395994,True
137193,,Agera Network and Data Solution,broadband,2025-Q3,2025,3,37.12928351165561,31.643810422271148,37.69214665016226,36.076435842018356,5.756861904761905,4.7515,210,57,0.0021121144548788486,True
153469,,"Linkserve Telecommunications Network, Inc.",broadband,2025-Q3,2025,3,59.56165278603964,43.368869958033905,42.55844251170723,28.78368938282843,33.1748243902439,10.885,205,35,0.0020618260154769714,True
154184,,JAT I.T. SERVICES,broadband,2025-Q3,2025,3,38.45573446913184,35.495122560814536,27.421627517909144,20.304068430329288,76.0573448275862,47.567499999999995,174,18,0.0017500376911853317,True
153739,,G-Net IT Systems OPC,broadband,2025-Q3,2025,3,93.45194790360131,70.2381836557198,88.24321023170712,63.15063959467142,33.966468208092486,32.362,173,32,0.0017399800033049563,True
153691,,Will Connect Internet Communication Services,broadband,2025-Q3,2025,3,49.09357416016826,19.770477441895032,43.22916672485887,10.31514445644693,11.037271084337348,5.388999999999999,166,15,0.001669576188142328,True
149833,,Wrkpod Inc.,broadband,2025-Q3,2025,3,278.3967184864862,178.6107781609247,150.78104297785055,88.68939558786823,30.206456249999995,21.380499999999998,160,23,0.0016092300608600751,True
4759,,TEXTRON CORPORATION,broadband,2025-Q3,2025,3,6.393116322320454,5.224543687721267,5.0866790825372625,3.70236180952422,49.76259493670886,31.0805,158,27,0.0015891146850993243,True
58907,,Acquire BPO Pty Ltd,broadband,2025-Q3,2025,3,175.71547643014873,156.97801672331897,114.87667245280426,84.95519678853653,32.83343243243244,1.4855,148,12,0.0014885378062955694,True
138969,,"Marbel Services and Television System, Inc.",broadband,2025-Q3,2025,3,10.13847333768696,3.6788974528970995,9.292316462132916,1.560137530583435,98.74505517241377,86.984,145,17,0.0014583647426544431,True
58706,,Xavier School,broadband,2025-Q3,2025,3,79.75132299757315,63.52455510389383,59.181832208092196,59.48767187588906,3.6220305343511447,3.584,131,1,0.0013175571123291866,True
137487,,Manila Electric Company,broadband,2025-Q3,2025,3,85.7117070888836,85.1544107415431,64.69743431454378,50.393756207452824,14.401749999999998,5.0985,128,25,0.00128738404868806,True
17721,,"International Rice Research Institute,",broadband,2025-Q3,2025,3,112.5612507159279,84.16922392259467,89.22362454124145,35.73985239667898,18.02322881355932,6.02,118,3,0.0011868071698843054,True
24084,,HCL TECH,broadband,2025-Q3,2025,3,132.13922077544242,97.90370769143689,120.39622850817605,86.86055523847273,20.684640350877192,27.069000000000003,114,12,0.0011465764183628034,True
138975,,Claveria Agribased Multipurpose Cooperative,broadband,2025-Q3,2025,3,50.21925963377643,44.69316841989266,29.773069153510498,31.69703879384957,40.760954545454545,19.673000000000002,110,4,0.0011063456668413017,True
138569,,Tech2go Strategic IT Solutions,broadband,2025-Q3,2025,3,15.177990198395854,4.604584872223156,10.93899474757894,1.3877548816344825,46.39053211009175,42.431,109,7,0.0010962879789609263,True
137936,,RDTECH IT SOLUTIONS,broadband,2025-Q3,2025,3,26.00753227495458,23.586843587328037,20.216227175495902,18.979795474781543,26.4116261682243,33.935,107,40,0.0010761726032001752,True
45218,,"Coca-Cola FEMSA Philippines, Inc.",broadband,2025-Q3,2025,3,26.074640045378928,14.918090226853035,28.807093371562708,8.019034135279075,69.95145283018869,62.8,106,5,0.0010661149153197997,True
138915,,Kaopu Cloud HK Limited,broadband,2025-Q3,2025,3,12.894420987948493,2.7741720656701663,1.3079027269004886,1.1717012850722772,110.89179797979797,67.509,99,10,0.0009957111001571714,False
134974,,Oakleigh Networks,broadband,2025-Q3,2025,3,12.721029060731214,14.139333112936873,6.974239503753977,10.167551247080885,140.78026530612246,95.848,98,1,0.000985653412276796,False
138496,,"Inspiro Relia, Inc",broadband,2025-Q3,2025,3,111.8583203930386,85.04635850470265,91.9928468591641,53.350910453174166,25.86894897959184,31.661,98,2,0.000985653412276796,False
18190,,SunValley New Oriental,broadband,2025-Q3,2025,3,42.548117264719565,41.11848955701756,13.444305704981707,11.10963583520465,16.189371134020618,2.736,97,27,0.0009755957243964206,False
45865,,INFORPSSC,broadband,2025-Q3,2025,3,80.39017305472562,98.36604384423701,85.72491682401333,97.06873909774447,67.84538541666667,60.264,96,4,0.0009655380365160451,False
131253,,De La Salle-Lipa,broadband,2025-Q3,2025,3,34.50815720330188,53.48160483601005,4.48724702344812,4.701857326099615,30.03065957446809,6.067,94,6,0.0009454226607552941,False
48347,,JSC Mediasoft ekspert,broadband,2025-Q3,2025,3,7.984302540096878,3.4646480075532287,7.108303832712321,3.8802384150121934,4.585076923076923,4.0,91,1,0.0009152495971141677,False
24456,,"FOUNDEVER ASIA, INC.",broadband,2025-Q3,2025,3,179.9696609965119,167.79871156107765,100.59566620704472,29.182244800781472,23.788747126436782,28.941,87,4,0.0008750188455926659,False
58677,,DOFAIMPNET,broadband,2025-Q3,2025,3,79.16738189838145,68.56423304873701,41.45260751496678,31.27489050998101,27.860419753086415,30.822,81,1,0.000814672718310413,False
135132,,Dreamscape Networks Inc.,broadband,2025-Q3,2025,3,189.4185134581696,128.75738447472992,114.48867273169849,25.627029879731865,24.613857142857146,15.697,77,29,0.0007744419667889111,False
133198,,"iOne Resources, Inc.",broadband,2025-Q3,2025,3,237.780764165929,76.85617334236083,94.68147649195674,77.6254507408628,35.97586842105263,3.7715,76,1,0.0007643842789085357,False
140593,,ULAP Networks Inc.,broadband,2025-Q3,2025,3,98.09834575144689,85.08393801178943,34.90039031183201,61.36840808146421,14.273236111111109,5.0,72,5,0.0007241535273870338,False
135162,,eUP-University of the Philippines System,broadband,2025-Q3,2025,3,99.79384558040849,92.71728729063973,68.76827038962173,80.79115296441509,32.21153521126761,3.25,71,5,0.0007140958395066583,False
132059,,"762 Quirino Highway, San Bartolome",broadband,2025-Q3,2025,3,307.16920053340414,272.43061744443446,191.5596739648659,92.90515234724364,43.86570588235295,34.939499999999995,68,3,0.000683922775865532,False
152584,,Infinivan Incorporated,broadband,2025-Q3,2025,3,73.2853614941326,53.81605901914857,64.30598298093324,30.80092873546704,87.00027272727273,100.39099999999999,66,17,0.000663807400104781,False
131281,,"University of the Philippines, Visayas Cebu Campus",broadband,2025-Q3,2025,3,101.82695369829335,89.9019580417404,81.53840107688076,47.49743596205098,22.618553846153848,18.425,65,3,0.0006537497122244056,False
63938,,Pulo Diezmo Rd.,broadband,2025-Q3,2025,3,86.29639669943685,67.52117624616245,8.446292742545769,37.16680952950461,37.64273846153846,40.511,65,7,0.0006537497122244056,False
38483,,"RCG INFORMATION TECHNOLOGY, AS CONTENT PROVIDER MANILA",broadband,2025-Q3,2025,3,50.88902372566853,29.21665958910206,60.45475714524285,7.535448387859661,54.23686153846155,33.748,65,1,0.0006537497122244056,False
38445,,WiPro BPO Philippines LTD Inc.,broadband,2025-Q3,2025,3,421.0888669526177,290.7706782132256,323.6703045472838,232.31857860042686,11.276562499999997,5.974,64,4,0.00064369202434403,False
10141,,DFNN Group of Companies,broadband,2025-Q3,2025,3,10.521890331640398,10.878798517274076,8.704953821531682,10.052825834598087,52.806562500000005,45.6235,64,2,0.00064369202434403,False
26344,,"Real Page, Inc.",broadband,2025-Q3,2025,3,69.47690144346655,47.28527329224532,69.2436513020431,50.69881428672282,176.98593650793651,188.78,63,4,0.0006336343364636546,False
7306,,Asian Development Bank,broadband,2025-Q3,2025,3,80.83509181898836,59.273595940914305,71.12055552516658,43.76311892675169,35.48282258064517,28.9175,62,9,0.0006235766485832791,False
38553,,DC Tech Micro Services Inc.,broadband,2025-Q3,2025,3,59.373400975012814,20.716279142447526,45.23893273521247,2.924464645761663,71.14561666666665,62.0265,60,23,0.0006034612728225281,False
137507,,"OpenText ( Philippines), Inc.",broadband,2025-Q3,2025,3,320.3201702689716,222.31067881416797,240.50275587979593,239.2053204777798,16.93273214285714,8.074,56,2,0.0005632305213010263,False
45351,,ABS CBN,broadband,2025-Q3,2025,3,303.3207414862365,168.75802759173385,221.1985169811529,157.90030377094763,29.672388888888893,24.849,54,3,0.0005431151455402754,False
133778,,GY Consultancy Group Inc.,broadband,2025-Q3,2025,3,24.966155263069023,14.113070753650742,25.544806966100378,1.5467040993291556,27.5284074074074,34.3275,54,7,0.0005431151455402754,False
134414,,De La Salle-Greenhills,broadband,2025-Q3,2025,3,66.08279943401351,71.00527827678171,51.99562252607125,71.71050365793715,27.18118867924528,4.151,53,1,0.0005330574576598999,False
139614,,BANGKO SENTRAL NG PILIPINAS,broadband,2025-Q3,2025,3,75.08644360544632,68.01777936562144,62.83116468752763,63.100699582362466,95.6953137254902,41.346,51,6,0.000512942081899149,False
45343,,AYALA LAND,broadband,2025-Q3,2025,3,32.11296689999066,60.90050421211095,9.264172852948489,11.948518379313144,8.877191489361703,7.78,47,1,0.00047271133037764707,False
140734,,Watch Tower Bible and Tract Society of the Philippines,broadband,2025-Q3,2025,3,80.65423182559447,74.49328673872662,74.70461293612475,40.31203988120241,58.16623913043478,42.2635,46,37,0.0004626536424972716,False
23732,,Sagility Philippines B.V. Branch Office,broadband,2025-Q3,2025,3,136.77815584242336,173.4151995105542,81.41758508241598,70.68849351725041,66.27082608695652,64.5065,46,9,0.0004626536424972716,False
136982,,Integranet Network Services,broadband,2025-Q3,2025,3,39.26209733086391,27.31614508650718,34.641946875164926,7.360735575304376,15.92352173913044,9.085,46,16,0.0004626536424972716,False
132716,,"1 Solaire Boulevard,",broadband,2025-Q3,2025,3,109.58522487315763,78.61298424254416,89.77363970552017,69.30540256140263,27.503068181818175,29.35,44,4,0.00044253826673652064,False
140443,,PT Herza Digital Indonesia,broadband,2025-Q3,2025,3,17.16263658158096,9.770870057889734,5.3337693179858245,5.352121391956075,65.5482380952381,51.131,42,3,0.0004224228909757697,False
132829,,Nevigate Communications (S) Pte Ltd,broadband,2025-Q3,2025,3,162.35949443988704,84.39133744570539,114.53241549890755,1.7668569325722696,18.787365853658535,6.627,41,1,0.0004123652030953943,False
33680,,TELEPERFORMANCE USA,broadband,2025-Q3,2025,3,48.17134830798565,48.44353910381689,29.19920114239078,39.94269856359432,179.53953658536582,140.534,41,5,0.0004123652030953943,False
132141,,Penthouse,broadband,2025-Q3,2025,3,125.47710169133063,65.99767390121771,137.39992519014072,40.81532483468539,69.19276315789473,64.2325,38,1,0.00038219213945426785,False
140708,,VITRO INC.,broadband,2025-Q3,2025,3,42.61358699693371,21.543914713906936,10.155940259917724,4.414815685916866,93.23744736842106,62.8645,38,1,0.00038219213945426785,False
134416,,De La Salle-Zobel,broadband,2025-Q3,2025,3,83.14220410263658,74.96163465998191,53.035716803326146,10.207617506362292,41.04,22.754,37,1,0.00037213445157389236,False
23887,,PRODATANET INC.,broadband,2025-Q3,2025,3,22.976129214133273,13.747722054678455,19.407491276605683,9.987159263235103,17.081444444444443,7.555,36,10,0.0003620767636935169,False
135499,,"Tiger Resort Leisure & Entertainment, Inc. (TRLEI)",broadband,2025-Q3,2025,3,134.94015203656917,126.79265125446645,91.53512192283071,109.51920183050862,52.17717142857143,44.874,35,5,0.00035201907581314143,False
149027,,Neo-Tech Asia Distribution Inc.,broadband,2025-Q3,2025,3,76.77047933801938,46.0860286187363,82.5172526086978,28.97860511625698,61.26035294117648,67.702,34,2,0.000341961387932766,False
147044,,TECH MAHINDRA,broadband,2025-Q3,2025,3,15.5274095044784,8.950214041483472,6.068558792310675,4.382567541865487,45.288909090909094,38.058,33,2,0.0003319037000523905,False
132844,,Ateneo de Manila University,broadband,2025-Q3,2025,3,136.4172042564958,193.25614550348615,143.94629000227877,207.58182022528536,44.941187500000005,41.1325,32,7,0.000321846012172015,False
17452,,Bitstop Inc,broadband,2025-Q3,2025,3,17.641814398487444,7.6190477691975085,9.427255294437378,1.7896319072117366,40.780625,38.388,32,3,0.000321846012172015,False
132793,,"University of the Philippines Visayas, Tacloban",broadband,2025-Q3,2025,3,62.28421726389089,40.85372917922279,27.871901064037967,0.09608340679060154,50.35438709677419,45.084,31,1,0.00031178832429163957,False
32043,,NeoFiber Communications inc.,broadband,2025-Q3,2025,3,36.45220046576585,1.8167280268679433,29.020051889637394,0.279735483721306,44.42050000000001,49.5,30,11,0.0003017306364112641,False
19197,,"Stefanini, Inc.",broadband,2025-Q3,2025,3,47.31499014422862,42.65674591109879,40.46742603806784,45.44493557709019,172.09648275862068,186.822,29,2,0.00029167294853088864,False
131245,,University of the Philippines,broadband,2025-Q3,2025,3,51.592712421461464,41.57245372456389,39.84299802674558,36.038874023938064,7.165793103448276,3.352,29,3,0.00029167294853088864,False
24109,,WNS Global Services,broadband,2025-Q3,2025,3,86.70827208890348,89.9492483086706,90.2547058948644,82.77956793925297,51.18871428571429,46.242999999999995,28,4,0.00028161526065051314,False
395793,,Arisk Communications inc.,broadband,2025-Q3,2025,3,12.74029879471125,3.772763882451131,6.633758083182254,1.7333567461796795,24.439185185185185,15.899,27,7,0.0002715575727701377,False
134182,,Pacificweb Internet Services Inc.,broadband,2025-Q3,2025,3,117.66338820247014,56.69979621922057,49.976078942071126,36.90330838723257,47.742799999999995,60.316,25,1,0.0002514421970093867,False
64231,,24-7 Intouch Incorporated,broadband,2025-Q3,2025,3,116.931442130104,95.29487060899876,50.66256507629269,18.950410516065034,35.66813043478261,35.489,23,3,0.0002313268212486358,False
38301,,Trec Global Pacific Transit AS,broadband,2025-Q3,2025,3,58.199793627198595,58.52804973521218,58.900588072654585,63.07627690873943,17.812350000000002,4.4035,20,3,0.0002011537576075094,False
139040,,"CANON BUSINESS PROCESS SERVICES PHILIPPINES,",broadband,2025-Q3,2025,3,22.739406014668845,52.59702725530151,22.363725825317456,69.5307673572137,38.516450000000006,37.2335,20,2,0.0002011537576075094,False
22764,,"Fluor Enterprises, Inc.",broadband,2025-Q3,2025,3,56.12115415173765,121.89293131326261,44.998526003228925,95.12161299932039,122.886,182.246,19,3,0.00019109606972713393,False
152687,,Macrologic Diversified Technologies Inc.,broadband,2025-Q3,2025,3,139.45361690227574,94.25263239532971,31.934512222871625,23.606113929931272,42.504111111111115,34.977000000000004,18,3,0.00018103838184675846,False
19970,,R&R Managed Telecom Services,broadband,2025-Q3,2025,3,28.946060737027558,8.017898990470838,11.459483699859923,3.0934417167810944,141.2886666666667,59.138000000000005,18,6,0.00018103838184675846,False
17978,,SERVCORP AUSTRALIAN HOLDINGS LTD,broadband,2025-Q3,2025,3,52.47545225757112,95.24864857614958,57.56882433827522,124.52296755326347,82.6725,72.57249999999999,18,1,0.00018103838184675846,False
59342,,ABSATELLITE BBS-PH,broadband,2025-Q3,2025,3,39.624141697107746,29.69210791149919,4.81067379958257,0.5277583111734042,6.5762777777777774,4.531,18,4,0.00018103838184675846,False
40051,,"Disney Worldwide Services, Inc.",broadband,2025-Q3,2025,3,19.207019772595736,18.790051050459013,10.5379045083282,10.219498562103645,196.56541176470589,165.041,17,1,0.000170980693966383,False
136404,,BICOLANDIA CABLE TV INCORPORATED,broadband,2025-Q3,2025,3,84.96439227289682,68.9081590058251,89.4233207851694,0.13400320152216708,34.92482352941177,38.388,17,5,0.000170980693966383,False
215670,,LLP Internet Company First Page,broadband,2025-Q3,2025,3,3.6623366971734583,2.021194424298572,4.148403788740513,2.638193217575947,181.966,176.934,16,1,0.0001609230060860075,False
141238,,Qualfon is a business process outsourcing company providing contact center services for various companies around thew world.,broadband,2025-Q3,2025,3,93.20046426108907,58.06880635601964,78.29930170077704,9.214747965326858,179.99168749999998,46.9735,16,4,0.0001609230060860075,False
200017,,Elisteka UAB,broadband,2025-Q3,2025,3,23.23590120220326,3.3160969704300656,16.05935575990254,0.27699355551051397,180.9994,179.516,15,2,0.00015086531820563204,False
139852,,Home Credit Philippines,broadband,2025-Q3,2025,3,648.3214421599649,342.2184641084909,744.3306163508191,236.06656156734982,13.830800000000002,2.563,15,2,0.00015086531820563204,False
63966,,RIZAL1,broadband,2025-Q3,2025,3,106.7162011006216,28.485971329446176,141.02344780251096,0.5325325433432082,42.7672,30.648,15,1,0.00015086531820563204,False
136777,,247 Customer Philippiness inc,broadband,2025-Q3,2025,3,63.160094163377316,21.20568121731846,29.672375686267678,0.28870267184974463,32.42292857142858,31.428,14,4,0.00014080763032525657,False
3257,,GTT Communications Inc.,broadband,2025-Q3,2025,3,128.18300324171267,45.27668286080736,126.78282972691422,1.4645493875191036,51.86314285714286,63.975,14,1,0.00014080763032525657,False
140619,,JSLINK INTERNATIONAL CORPORATION,broadband,2025-Q3,2025,3,33.247202606003114,4.283331193181676,6.66088809536262,4.248252840783648,45.24276923076923,30.623,13,3,0.0001307499424448811,False
63846,,SGS ASIA PACIFIC LIMITED,broadband,2025-Q3,2025,3,531.8488772673815,204.2133165153331,507.70096364913013,150.17087193289655,28.240923076923075,40.723,13,3,0.0001307499424448811,False
401783,,TOKALA COMMUNICATIONS INC.,broadband,2025-Q3,2025,3,38.85643978010656,2.7210788586634505,30.81375232165346,1.9464695727755712,81.38783333333333,30.3025,12,4,0.00012069225456450564,False
55437,,"WIT Phils., Inc.",broadband,2025-Q3,2025,3,72.57191094454049,25.008299132724446,65.16863205250468,5.047031127397331,42.77966666666668,35.1165,12,3,0.00012069225456450564,False
32110,,"Asurion Insurance Services, Inc.",broadband,2025-Q3,2025,3,195.06712914785552,166.28073500460738,111.17670316485224,91.23416659508862,32.23716666666667,35.285,12,1,0.00012069225456450564,False
45166,,Pacific Internet Pte Ltd,broadband,2025-Q3,2025,3,29.872124112426288,14.5958287583659,41.8330393008821,0.10258158919625816,5.256181818181818,4.387,11,2,0.00011063456668413016,False
139350,,Solaire Resort & Casino,broadband,2025-Q3,2025,3,148.12117090260034,59.1178732218963,164.81159557098275,14.272895475299892,16.871272727272725,4.777,11,2,0.00011063456668413016,False
55343,,Conduent Business Services Philippines Inc.,broadband,2025-Q3,2025,3,61.449274518795924,14.658820765232425,39.57553435488505,8.806568987014765,78.18966666666667,83.832,9,1,9.051919092337923e-05,False
135592,,Solaire Resort & Casino,broadband,2025-Q3,2025,3,334.1394797787504,304.97666899536966,377.6514773438768,408.1133947025216,20.52588888888889,29.32,9,1,9.051919092337923e-05,False
132554,,Ateneo de Manila University,broadband,2025-Q3,2025,3,99.20009501819399,116.61267661979402,97.43069538959259,118.55264590763825,15.854000000000001,4.931,9,5,9.051919092337923e-05,False
38334,,"World Health Organization, Western Pacific Regional Office,",broadband,2025-Q3,2025,3,184.94646184317213,140.85679442105877,96.32080372118621,66.48315952333715,9.385333333333332,1.442,9,1,9.051919092337923e-05,False
395366,,"McKinsey & Company, Inc.",broadband,2025-Q3,2025,3,152.46059538511966,120.40222811989138,146.75386696644935,79.10994477542741,164.642625,146.8795,8,1,8.046150304300375e-05,False
138540,,"The Insular Life Assurance Company, Ltd.",broadband,2025-Q3,2025,3,216.39727750973455,36.32392159685886,202.79864535124213,18.548165385068803,21.632875000000002,28.9995,8,1,8.046150304300375e-05,False
17550,,San Miguel Corporation,broadband,2025-Q3,2025,3,51.578424849506,66.86931420203751,54.12698034783766,49.0062347929136,29.2485,36.1185,8,3,8.046150304300375e-05,False
984,,OCTOPUS WEB SOLUTION INC,broadband,2025-Q3,2025,3,41.08764534780106,13.397039577751332,2.6835665732524845,1.1400097056399208,50.50142857142857,29.057,7,5,7.040381516262829e-05,False
140599,,COMFAC CORPORATION,broadband,2025-Q3,2025,3,151.6745445883969,86.07427770952059,90.01357140185753,80.84873560849336,149.993,58.307,7,4,7.040381516262829e-05,False
154262,,Your Tech Electronics and Your Shop Enterprise,broadband,2025-Q3,2025,3,130.49076382002195,74.04617416131262,81.37165316536723,54.44666999599401,49.52628571428572,50.0,7,3,7.040381516262829e-05,False
152173,,Robinsons Bank Corporation,broadband,2025-Q3,2025,3,76.56673588595106,51.65425536354993,83.48570856682011,64.36040601097977,32.74316666666667,31.48,6,2,6.034612728225282e-05,False
38577,,LEEKIE-EN,broadband,2025-Q3,2025,3,27.76729188816211,8.208934370624933,33.04073824692377,2.592333357894139,29.572666666666667,24.9465,6,1,6.034612728225282e-05,False
134716,,Savant Technologies Inc.,broadband,2025-Q3,2025,3,35.332221066693585,17.924630999632022,34.669794474124636,6.10183315825694,83.13716666666666,86.82650000000001,6,3,6.034612728225282e-05,False
38596,,"Innodata-ISOGEN, Inc",broadband,2025-Q3,2025,3,5.317731983711198,4.5051124900699175,4.914548123675663,4.611302184570628,173.1635,167.649,6,1,6.034612728225282e-05,False
5580,,GTT Communications Netherlands B.V.,broadband,2025-Q3,2025,3,39.647611002549525,106.74365687905345,24.274251342455845,106.74365687905345,76.5945,75.766,6,3,6.034612728225282e-05,False
17445,,Universal Robina Corporation,broadband,2025-Q3,2025,3,101.12849274470186,103.65016144520878,89.12343460781918,43.02083642884411,59.303,45.2795,6,1,6.034612728225282e-05,False
6453,,TATA COMMUNICATIONS (AMERICA) INC,broadband,2025-Q3,2025,3,150.7592924031234,146.5415895203423,160.21424664814947,175.9393743971681,52.36383333333334,41.684,6,1,6.034612728225282e-05,False
136260,,IPOINTEAST INC.,broadband,2025-Q3,2025,3,17.785600315135756,26.878058344988062,10.155709722043966,11.013721391767165,21.809,18.5895,6,2,6.034612728225282e-05,False
132193,,Social Security System,broadband,2025-Q3,2025,3,416.57556981494463,65.6585333593245,409.04811363514244,52.86128150970324,55.730333333333334,52.679,6,1,6.034612728225282e-05,False
23764,,CTGNet,broadband,2025-Q3,2025,3,6.222240954178036,2.062189229612237,5.541309564103754,2.015530602469531,152.6074,151.812,5,3,5.028843940187735e-05,False
31713,,Gateway Communications,broadband,2025-Q3,2025,3,21.37946284630426,53.131817621125776,8.135396854792452,48.15788746416571,238.3748,232.561,5,1,5.028843940187735e-05,False
17448,,Web.com.ph Inc.,broadband,2025-Q3,2025,3,5.5473532474843354,7.30477303199274,5.542290621082139,8.604266051748183,63.21079999999999,77.629,5,1,5.028843940187735e-05,False
139626,,"2GO Group, Inc.",broadband,2025-Q3,2025,3,33.990148066898385,9.66780146059928,33.59981556632966,3.215590792691561,23.532,20.752,4,1,4.0230751521501876e-05,False
55290,,Depository Trust & Clearing Corporation,broadband,2025-Q3,2025,3,81.12776116108742,76.98095804165614,86.0990333022259,99.18638262468669,25.88625,31.521,4,1,4.0230751521501876e-05,False
23665,,GSNET,broadband,2025-Q3,2025,3,76.29819721496975,45.851976037012065,78.0750103961609,45.851976037012065,28.4555,28.313000000000002,4,2,4.0230751521501876e-05,False
36383,,Google LLC,broadband,2025-Q3,2025,3,49.682248455271925,13.568307198853173,20.98271138817192,13.568307198853173,91.03866666666666,75.483,3,3,3.017306364112641e-05,False
38058,,AMDOCS DEVELOPMENT CENTRE INDIA LLP,broadband,2025-Q3,2025,3,5.861856291977901,1.9631658468050268,5.754865537621716,1.9631658468050268,29.142666666666667,42.472,3,2,3.017306364112641e-05,False
24179,,"IMI, Manufacturing Semiconductors and Electronics",broadband,2025-Q3,2025,3,86.86739139055851,196.109258854798,85.52930947747217,229.62785860461162,4.535333333333333,3.576,3,2,3.017306364112641e-05,False
146948,,"Rural Bank of Guinobatan, Inc.",broadband,2025-Q3,2025,3,34.39964809421731,48.12588421781447,34.39964809421731,48.12588421781447,160.7255,160.7255,2,2,2.0115375760750938e-05,False
133498,,De La Salle University,broadband,2025-Q3,2025,3,141.39624600380535,82.002548378911,141.39624600380535,82.002548378911,36.673500000000004,36.673500000000004,2,1,2.0115375760750938e-05,False
38291,,BPS Corporation,broadband,2025-Q3,2025,3,15.834757837356175,,15.834757837356175,,78.541,78.541,2,1,2.0115375760750938e-05,False
20258,,"Analog Devices, Inc.",broadband,2025-Q3,2025,3,18.41298333021583,1.9008172364752838,18.41298333021583,1.9008172364752838,89.5265,89.5265,2,1,2.0115375760750938e-05,False
9334,,iManila,broadband,2025-Q3,2025,3,30.09437565647262,2.9196663229096904,30.09437565647262,2.9196663229096904,31.795499999999997,31.795499999999997,2,2,2.0115375760750938e-05,False
206804,,EstNOC OU,broadband,2025-Q3,2025,3,11.91048579003726,,11.91048579003726,,241.313,241.313,2,2,2.0115375760750938e-05,False
136503,,"Personal Collection Direct Selling, Inc.",broadband,2025-Q3,2025,3,113.7248218221639,154.8281574716347,113.7248218221639,154.8281574716347,17.6505,17.6505,2,1,2.0115375760750938e-05,False
153793,,Kingred Network,broadband,2025-Q3,2025,3,46.462434249511965,,46.462434249511965,,44.765,44.765,1,1,1.0057687880375469e-05,False
18396,,PLDT-PhilCom Inc.,broadband,2025-Q3,2025,3,85.99157417229395,84.31209129052445,85.99157417229395,84.31209129052445,71.0,71.0,1,1,1.0057687880375469e-05,False
133068,,China Online Innovations Inc,broadband,2025-Q3,2025,3,137.28151458915838,,137.28151458915838,,24.617,24.617,1,1,1.0057687880375469e-05,False
131891,,Cebu Air Inc.,broadband,2025-Q3,2025,3,283.37690914013433,156.67950123714715,283.37690914013433,156.67950123714715,4.938,4.938,1,1,1.0057687880375469e-05,False
62654,,"MENLO SECURITY, INC.",broadband,2025-Q3,2025,3,332.49102569935866,,332.49102569935866,,68.0,68.0,1,1,1.0057687880375469e-05,False
15830,,Equinix (EMEA) Acquisition Enterprises B.V.,broadband,2025-Q3,2025,3,4.772186880357003,3.6538778605618947,4.772186880357003,3.6538778605618947,58.09,58.09,1,1,1.0057687880375469e-05,False
2687,,"AT&T Enterprises, LLC",broadband,2025-Q3,2025,3,7.416286282066414,23.25767627236542,7.416286282066414,23.25767627236542,96.415,96.415,1,1,1.0057687880375469e-05,False
142649,,"Limitless-Tech Solutions, Inc.",broadband,2025-Q3,2025,3,4.916226533940724,0.19774684055686997,4.916226533940724,0.19774684055686997,2.0,2.0,1,1,1.0057687880375469e-05,False
133195,,PERFETTI VAN MELLE ASIA PACIFIC PTE LTD - ROHQ,broadband,2025-Q3,2025,3,121.17488913004435,110.61232687315788,121.17488913004435,110.61232687315788,2.888,2.888,1,1,1.0057687880375469e-05,False
203724,,Musarubra Germany GmbH,broadband,2025-Q3,2025,3,36.8336842646924,0.5676546839534944,36.8336842646924,0.5676546839534944,46.27,46.27,1,1,1.0057687880375469e-05,False
18018,,Gamebuilders Inc.,broadband,2025-Q3,2025,3,82.29195234911717,78.6431688388051,82.29195234911717,78.6431688388051,44.089,44.089,1,1,1.0057687880375469e-05,False
17796,,Philippine Long Distance Telephone Company,broadband,2025-Q3,2025,3,64.99479953809924,,64.99479953809924,,83.176,83.176,1,1,1.0057687880375469e-05,False
58604,,PACKETWORX INC.,broadband,2025-Q3,2025,3,107.68531639074787,,107.68531639074787,,15.188,15.188,1,1,1.0057687880375469e-05,False
59348,,Skycable Corporation,broadband,2025-Q3,2025,3,245.35119066832388,311.27733834038963,245.35119066832388,311.27733834038963,1.933,1.933,1,1,1.0057687880375469e-05,False
213931,,Alaitisal Computers and Requisites Trading LLC,broadband,2025-Q3,2025,3,168.02747675731626,72.6888496296623,168.02747675731626,72.6888496296623,107.311,107.311,1,1,1.0057687880375469e-05,False
215748,,"Westeros Communications (THAILAND) CO., LTD.",broadband,2025-Q3,2025,3,18.842025717189255,11.264294859047371,18.842025717189255,11.264294859047371,15.929,15.929,1,1,1.0057687880375469e-05,False
36776,,Five9 Inc.,broadband,2025-Q3,2025,3,111.27665584030925,,111.27665584030925,,182.99,182.99,1,1,1.0057687880375469e-05,False
139833,,Cable Television Network Inc.,broadband,2025-Q3,2025,3,149.24386724559875,51.451177877791025,149.24386724559875,51.451177877791025,37.0,37.0,1,1,1.0057687880375469e-05,False
153908,,Corona Telecoms,broadband,2025-Q3,2025,3,61.02479307629409,,61.02479307629409,,2.0,2.0,1,1,1.0057687880375469e-05,False
9299,PLDT,Philippine Long Distance Telephone Company,broadband,2025-Q4,2025,4,63.701089448576525,51.490168525704554,30.539557783685282,19.845879614973022,82.20292104208637,64.641,4037400,1076499,42.35729565442725,True
17639,Converge,Converge ICT Solutions Inc.,broadband,2025-Q4,2025,4,100.81598146962558,82.82954907311995,52.82234924353249,38.92049147203885,42.95736545330442,32.958,2237502,43851,23.474150131612493,True
132199,Globe,Globe Telecom Inc.,broadband,2025-Q4,2025,4,130.86449600654214,99.22148908557507,60.99260958066499,44.27282080593884,31.87601611855408,15.902,685334,99863,7.189997240806272,True
4775,Globe,Globe Telecoms,broadband,2025-Q4,2025,4,70.75974378548582,54.890878924091105,32.8503498372412,17.558370585521033,75.65185837521518,58.754,514546,122457,5.398220897063189,True
14593,Starlink,Space Exploration Technologies Corporation,broadband,2025-Q4,2025,4,31.67098303217019,5.268921472686126,10.947980625437024,4.034666511851736,45.4454263833061,26.183,392729,70837,4.1202106219516414,True
139831,DITO,DITO TELECOMMUNITY CORP.,broadband,2025-Q4,2025,4,26.724627069161972,6.935642547998668,8.578398524783546,1.7863898651893717,70.79743420650847,47.073499999999996,275325,165183,2.8884981488223067,True
56207,Converge,ComClark Network & Technology Corp,broadband,2025-Q4,2025,4,34.97277673765603,28.1855017222639,26.122850151234402,29.038941730053565,52.23692884334357,35.753,218472,2344,2.2920401982003344,True
135607,Infinivan,Infinivan Incorporated,broadband,2025-Q4,2025,4,51.819201231776525,35.295158519506714,27.23325624839635,16.291239222248503,45.701607908988805,45.892,89955,1646,0.9437386760276423,True
134707,RoyalCable,RoyalCable Flash,broadband,2025-Q4,2025,4,99.6712355116934,81.59600567205517,50.70382130777462,36.31802395615565,24.088359043715545,30.098,84688,2681,0.8884813628528594,True
55821,,"RADIUS TELECOMS, INC.",broadband,2025-Q4,2025,4,94.02775038180158,60.67795597406095,56.55582856845787,30.430161651418054,41.13222494832089,18.855,59030,18644,0.619297360301392,True
9658,Eastern Communications,"Eastern Telecoms Phils., Inc.",broadband,2025-Q4,2025,4,66.81485021015604,40.944171599038484,33.07370510099623,13.183325740956946,62.368474786010275,37.874,51661,4534,0.5419874797650384,True
23944,Sky Cable,SKYBroadband SKYCable Corporation,broadband,2025-Q4,2025,4,62.64020945786905,8.894837307758282,42.7922199230414,3.775865980998341,32.322507619356415,9.101,49356,17351,0.5178051925298239,True
134788,Parasat,"Parasat Cable TV, Inc",broadband,2025-Q4,2025,4,57.07664375121038,20.051240284411254,33.93362988056447,6.695093614323431,71.28400084631008,53.64,47296,3931,0.4961932568662483,True
136515,Dasca,"Dasca Cable Services, Inc.",broadband,2025-Q4,2025,4,121.10297807996062,97.82170816462478,63.466146344750044,48.941118732008775,46.96742471794872,31.383,39008,1114,0.4092419351285228,True
133334,,DCTV Cable Network Broadband Services Inc,broadband,2025-Q4,2025,4,54.35608951945428,44.377929386776046,24.638576924314584,14.031920035624628,54.495723125049686,44.764,37760,373,0.39614887895952167,True
45754,,Clear Path Networks Inc,broadband,2025-Q4,2025,4,127.33424144064057,50.10007955564823,83.07053846964428,23.77869750617685,47.17374327140125,41.431,34563,4260,0.3626084137573609,True
56099,,Asian Vision Cable,broadband,2025-Q4,2025,4,65.65537433456971,47.29367522850641,38.49077702582433,19.171145779673726,39.47253089171039,34.561,34111,3823,0.35786637738845983,True
139238,,Infinity Broadband INC.,broadband,2025-Q4,2025,4,134.70264913976388,103.70912573301467,90.63971560995365,57.28743769766654,48.68225350178521,59.019,18209,6469,0.1910348235427418,True
56262,,Dagupan Urban Satellite Vision Inc.,broadband,2025-Q4,2025,4,83.85568838833413,36.290192305656646,59.263845060786274,13.088932757710047,33.038235653034306,38.1215,18195,593,0.19088794631007672,True
137239,,Fil Products Service Television Incorporated,broadband,2025-Q4,2025,4,70.91049341359769,57.688736046426534,36.89251723971047,20.214571163781024,50.387162197777016,47.0,17471,259,0.1832922951351113,True
135345,,NewMountainView Satellite Corporation,broadband,2025-Q4,2025,4,84.8897314223685,53.645059753106175,45.92092978520904,25.93270222881242,32.387917851500795,27.748,17098,551,0.17937906600767747,True
151066,,Imperial network inc,broadband,2025-Q4,2025,4,63.82640550680823,51.745531437485226,42.84334802404267,35.04836245963106,15.445036806543381,4.0,16874,172,0.17702903028503625,True
150447,,Woofy Incorporated,broadband,2025-Q4,2025,4,66.43027619103471,50.87560436049529,48.48281614462395,40.86142535576895,25.90243828206465,4.7135,15344,208,0.16097744700092428,True
133623,,Planet Cable Inc.,broadband,2025-Q4,2025,4,65.46324077764281,15.816700486973877,35.781178546526846,1.0453314709756087,41.67246324440678,33.566,15340,173,0.16093548207730568,True
138965,,Streamtech Systems Technologies Inc.,broadband,2025-Q4,2025,4,55.515767029327804,20.688810852370988,28.402573158764596,6.459413775642175,53.896540413595154,36.885,15339,242,0.16092499084640102,True
9927,,Philippine Global Communications Corporation,broadband,2025-Q4,2025,4,73.82862346774034,42.068030513570825,38.25685733941284,7.282569999328832,40.85653050742999,31.736,14611,647,0.15328737474781703,True
134497,,Cine Cebu,broadband,2025-Q4,2025,4,45.45623527978138,34.596854396145176,25.235076883017005,18.250839219041545,40.15045726632522,32.820499999999996,12499,79,0.13112989507719972,True
132021,,Kalibo Cable Television Network Inc,broadband,2025-Q4,2025,4,29.37591239949607,15.347547617980103,17.594988815033556,5.179209359083259,57.85755398343919,50.73,12443,153,0.1305423861465394,True
141994,,Ocean Wave Communications Philippine Corp.,broadband,2025-Q4,2025,4,30.335473498419592,34.98214488100453,16.269003334647444,20.670621171097267,42.88432300135502,44.885999999999996,11812,134,0.12392241944570631,True
142285,,KEITH.NET INCORPORATED,broadband,2025-Q4,2025,4,64.17737154937271,34.88860225616759,38.89982910346356,20.770049813910337,19.024773776546628,7.839,10834,118,0.11366199562096022,True
(unknown),,,broadband,2025-Q4,2025,4,81.16995299833633,58.94542530483546,44.51324343093009,22.11064077956504,52.69392535107169,42.292500000000004,10829,1886,0.11360953946643698,True
45700,,PT. NAP Info Lintas Nusa,broadband,2025-Q4,2025,4,23.140015701155935,4.6281193865804475,7.17140577010252,3.224737061522959,43.21051470312792,26.1065,10685,253,0.11209880221616762,True
45499,,Cablelink & Holdings Corp. Transit AS Internet Service Provider Philippines,broadband,2025-Q4,2025,4,76.45763753477038,48.83178547424859,36.05157904516827,12.783936386208747,12.303884111268266,5.093,10609,2019,0.11130146866741435,True
136929,,"Meridian Cable TV, INC",broadband,2025-Q4,2025,4,127.68073949784323,100.2084726770845,64.61979528143091,46.80724884678665,48.090151170568575,31.399,10474,184,0.10988515249528681,True
137074,,Responsible Internet Sustainability Effort,broadband,2025-Q4,2025,4,122.88696984077562,81.42400499156436,55.27329031618077,25.273578829744178,27.85037567030785,12.231,10077,878,0.10572013382614141,True
132400,,COMMUNITY CABLE VISION CORPORATION,broadband,2025-Q4,2025,4,77.3865225256066,53.95517057965558,45.91023011172514,18.642038972737645,42.62115767819415,33.469,8997,386,0.0943896044491212,True
153359,,Imtech Solution and Data Providers,broadband,2025-Q4,2025,4,32.77007245554273,19.219930528500768,15.749008707403258,8.46957091825745,43.97011267447097,22.991,8886,72,0.09322507781870523,True
138958,,Tandag Electric & Telephone Company Inc.,broadband,2025-Q4,2025,4,35.30292244620368,27.86404891644706,16.812808499624566,12.842702840582447,72.48696061269145,77.362,8692,283,0.09118977902320345,True
142629,,GigaFiber Corp.,broadband,2025-Q4,2025,4,36.58840149291171,28.441735691684887,20.12858772589385,11.910279403435908,71.73522683899019,52.0,8283,195,0.08689886558320228,True
135025,,"Nexlogic Telecommunications Network, Inc.",broadband,2025-Q4,2025,4,35.27118769599343,15.53203158395954,13.659198141243376,3.634330256307204,73.51080079434033,50.334,8058,230,0.0845383386296564,True
17970,,SKYBroadband SKYCable Corporation,broadband,2025-Q4,2025,4,46.89714426907606,4.661023171565893,29.998151361069237,2.756306541123003,25.29251440688537,8.019,8019,1127,0.08412918062437512,True
9821,,Department of Science and Technology,broadband,2025-Q4,2025,4,155.8580628917754,135.83510439979528,64.12956626299805,36.15563540571085,29.639258473512427,4.658,7968,235,0.08359412784823805,True
139846,,StarCable,broadband,2025-Q4,2025,4,58.54606777217715,57.301690377183284,24.310766251526204,34.98213220405082,53.474309257630956,48.937,7962,137,0.08353118046281016,True
152107,,Fiberbro Internet Communication Services Corp.,broadband,2025-Q4,2025,4,52.31434924795229,44.95845175701626,37.52274310215932,29.65667249518453,13.426266247379456,3.7965,7633,98,0.08007956549518086,True
18233,,"Philippine Telegraph and Telephone Corporation,",broadband,2025-Q4,2025,4,51.854657427966046,36.21202974628786,22.500909419963854,13.396830308883338,20.858353870458142,11.375499999999999,7601,552,0.0797438461062321,True
149645,,"Spectrum Cable network and broadband, Inc.",broadband,2025-Q4,2025,4,92.05701080976023,81.9008579776334,50.809042896006694,39.672075226379164,70.1766449304175,60.039,7547,163,0.07917731963738109,True
141686,,LizardBear Tasking Inc.,broadband,2025-Q4,2025,4,92.32145185723931,68.34352513132131,56.164999091522624,29.116162634247328,49.18436592569562,34.44,6435,15,0.06751107087141213,True
134216,,GLERCIMOR NETWORK AND DATA SOLUTION,broadband,2025-Q4,2025,4,55.696259689351635,44.12583030651531,43.084325856072226,32.531297332356665,42.22431853658537,54.2385,6156,185,0.06458401744901524,True
140243,,"CMD Cable Vision, Inc",broadband,2025-Q4,2025,4,52.94608365078722,35.65775592133918,38.622736647764846,25.361050765195518,41.01685164650538,35.0,5957,84,0.06249626249899022,True
137404,,KCAT,broadband,2025-Q4,2025,4,44.97350887200579,38.79988725631847,19.72169753039551,16.25283904949765,36.1146286579213,23.738999999999997,5950,130,0.06242282388265768,True
152141,,R-NET Wired Internet Services,broadband,2025-Q4,2025,4,64.62505054264044,36.907764607121464,40.52449221158941,23.87766370497797,19.289139164237117,3.835,5145,123,0.053977383004415756,True
151049,,ATSS NETWORK AND DATA SOLUTION,broadband,2025-Q4,2025,4,70.97143026584868,65.07256527815376,71.86419064790957,57.41234296024224,5.607767025089606,2.748,5022,41,0.05268696160314401,True
139752,,"Multinetwork Cable Television, Inc",broadband,2025-Q4,2025,4,70.10152048031468,46.763614500890576,34.217673581568846,22.428423549363828,37.36909977463636,41.619,4882,142,0.05121818927649324,True
15084,,Concentrix CVG Corporation,broadband,2025-Q4,2025,4,82.5455930435181,45.88635524982587,47.123440979787304,12.284968165922164,72.33601058530512,44.797,4818,115,0.05054675049859575,True
136433,,Medrozo IT Solutions,broadband,2025-Q4,2025,4,32.507429772170866,22.953372983066732,18.702370193160554,8.8110870168356,36.605307952241496,20.733,4439,176,0.046570573985734026,True
140975,,Comsat Cable Supplies and Services,broadband,2025-Q4,2025,4,27.94780142797358,15.854016868465006,22.89363796570821,6.643092198362444,36.74373802429521,25.654,4363,78,0.04577324043698075,True
142271,,EWS DS Networks Inc,broadband,2025-Q4,2025,4,67.37037737305818,50.10532110155918,44.749445821041405,35.59695741369164,12.392985194174754,3.928,4123,106,0.043255345019865145,True
151354,,MCBROAD IT SOLUTIONS,broadband,2025-Q4,2025,4,85.59060874495141,38.93435624076362,41.36499417143481,18.53332363633342,10.70277297840281,3.0,3983,53,0.041786572693214376,True
151650,,Switch Fiber,broadband,2025-Q4,2025,4,60.76122321919065,22.981547040293588,51.63808930844474,5.532289950461295,29.25101961770624,32.0,3976,15,0.04171313407688184,True
151317,,Librify,broadband,2025-Q4,2025,4,32.205867533648515,32.46676832962229,14.467171252318872,12.953599365133206,75.36396942900456,58.7665,3960,76,0.04154527438240747,True
138543,,Cablevision Systems Corporation,broadband,2025-Q4,2025,4,61.424266306530406,50.6033615542291,38.34726647981099,24.963712251991154,49.76463470904896,59.898,3904,133,0.040957765451747154,True
142424,,"Unique Cable Network, Inc.",broadband,2025-Q4,2025,4,38.37068319519782,28.094782135107334,29.933670454592217,13.605050422326798,91.7245142249402,88.996,3766,9,0.039509975586905687,True
137818,,Panay Telephone Corporation,broadband,2025-Q4,2025,4,40.162820233396,27.58779861344568,25.70173062803059,14.538418084915214,53.702353450684555,65.505,3580,21,0.03755860663864109,True
137248,,GNET Technologies,broadband,2025-Q4,2025,4,24.197575346380713,9.20817408638877,9.592115023647644,2.1663497677374046,81.89583174958078,43.659,3580,96,0.03755860663864109,True
139034,,Sattelite Plus Incorporated,broadband,2025-Q4,2025,4,23.97567136541561,17.18071037506753,17.705485039905433,8.229817356373955,62.80572676371779,35.217,3574,753,0.0374956592532132,True
133464,,RTDS Network ICT Solutions Inc.,broadband,2025-Q4,2025,4,129.15518106695322,80.67716655906644,49.76816492112199,28.348079212079057,35.988162321278395,5.381,3567,92,0.037422220636880665,True
138929,,Cebu Cable TV Management Corporation,broadband,2025-Q4,2025,4,72.33321934298426,79.13444388905498,26.27989055149824,31.017930618791937,64.92012485481999,54.4055,3446,144,0.036152781697418215,True
136244,,Panay Broadband / Buenavista Cable TV Inc.,broadband,2025-Q4,2025,4,55.39651627053091,40.878005054111206,29.11174179625128,19.998619401428407,34.88052788321168,32.108,3428,109,0.03596393954113454,True
139900,,RELIANCE CATV AND ENTERTAINMENT SERVICES,broadband,2025-Q4,2025,4,58.567721758533985,55.83552999041878,38.09537568119121,29.728088808165502,53.98091319751993,32.415,3388,73,0.03554429030494861,True
174,Cogent,"Cogent Communications, LLC",broadband,2025-Q4,2025,4,49.304664441322814,38.4022262735184,17.828138252432254,13.741203187770951,45.77594965946105,45.884,3379,130,0.03544986922680678,True
147174,,POLARIS CABLE VISION INC.,broadband,2025-Q4,2025,4,50.684841434012725,27.94975556508693,33.33845859833272,14.645700677703616,43.66765361803083,25.3325,3372,76,0.035376430610474234,True
151788,,"EAGLE VISION, INC.",broadband,2025-Q4,2025,4,52.60560320979748,17.27301585299945,32.620090466623765,10.586347229142127,42.526994500458294,33.494,3274,46,0.0343482899818187,True
131465,,"Marbel Telephone System, Inc.",broadband,2025-Q4,2025,4,94.18479415048989,54.99766912636251,39.99266510743087,12.174157478639486,42.68321363080685,24.854,3272,11,0.0343273075200094,True
137996,,"HGC Global Communications (Philippines), Inc.",broadband,2025-Q4,2025,4,121.75228740427914,89.2558340467584,33.01438125180772,18.210785693621517,40.91108577666874,19.8345,3210,76,0.0336768512039212,True
135582,,Galaxy Cable Corp.,broadband,2025-Q4,2025,4,35.131677825286154,40.470913940473395,19.85799988371253,26.40149545693167,135.671302274163,179.0575,3166,161,0.03321523704411668,True
150431,,ADS Cable TV Network,broadband,2025-Q4,2025,4,60.731307670120565,45.30789235027206,42.32725605944191,38.10581126164096,13.744469987228609,7.9345,3133,55,0.03286902642426328,True
135594,,Kabayan Cable Tv Systems Inc.,broadband,2025-Q4,2025,4,50.779425313097285,33.071692634588985,38.1302720910591,20.688581825949054,38.71087820512821,34.6425,3120,20,0.03273264042250285,True
151408,,Fil Products Service Television of Calbayog Inc.,broadband,2025-Q4,2025,4,34.32200735638427,27.194200302110808,16.032287456313234,8.921704127863089,78.81473692757388,64.0,3082,76,0.032333973648126214,True
153789,,Cliantech Internet,broadband,2025-Q4,2025,4,41.794205961171315,27.393471157269744,28.202091960261033,18.05393951581573,33.90228070175439,15.292,3078,67,0.03229200872450762,True
151633,,Archon Network and Data Solution,broadband,2025-Q4,2025,4,22.728528754083495,19.09023909135466,16.966975278303515,10.98012918325551,69.35696824877252,76.059,3056,201,0.03206120164460536,True
152297,,PLANETNET NETWORK AND DATA SOLUTION,broadband,2025-Q4,2025,4,63.33841324068351,52.816670212672584,52.67795387044339,38.41803614416469,20.294199309153715,6.546,2895,163,0.030372113468956973,True
151465,,CULASI CATV INC.,broadband,2025-Q4,2025,4,32.029815039048195,16.809423491987715,19.391382928558365,3.825867486688511,82.36465948575399,66.64750000000001,2880,40,0.030214745005387247,True
138025,,RBC Cable Master System,broadband,2025-Q4,2025,4,72.28988762007475,52.193930559894724,54.7218014337803,40.41581791192083,17.62023326359833,13.0,2869,40,0.030099341465436115,True
149848,,CELEBRITY CABLE NETWORK INC,broadband,2025-Q4,2025,4,39.41601278357139,33.785230809591305,28.665264730872508,27.590535421774163,26.559128411476554,21.0,2860,62,0.03000492038729428,True
142009,,Misamis Cable Management and Development Corp,broadband,2025-Q4,2025,4,48.21794271719725,37.71642005987408,33.07040311335573,23.394387681531157,93.607528937215,80.435,2854,251,0.02994197300186639,True
153174,,Aioni Digital and Data Solutions Inc.,broadband,2025-Q4,2025,4,26.868581249962528,18.995569346789136,16.981190698162294,9.25530951504776,51.046628763726524,46.261,2823,32,0.02961674484382229,True
151653,,General Telephone System Inc.,broadband,2025-Q4,2025,4,79.55056401843112,63.4260005907813,37.61946088171801,30.305906040389253,44.199931952662716,21.9695,2705,65,0.028378779597073786,True
154031,,Sierra.Net Network & Data Solution,broadband,2025-Q4,2025,4,45.33724797968132,35.78001622429659,28.459370559224105,26.286277669553037,6.460691089108912,2.928,2526,75,0.02650084926514173,True
138987,,CHARLES CATV SYSTEMS INC,broadband,2025-Q4,2025,4,65.63816286425346,46.59377837669125,24.20599502891874,9.829824791145395,50.18025567502987,32.293,2512,13,0.026353972032476653,True
134802,,Naic Cable TV Corp.,broadband,2025-Q4,2025,4,168.15596175463463,130.3321180727303,96.40630679854027,50.79607474198144,27.792288306451606,31.238,2480,50,0.026018252643527907,True
134564,,NETFACTORY,broadband,2025-Q4,2025,4,90.1431593212538,62.70005196221297,48.22701873412952,33.163968177668934,44.55475285947711,32.783,2449,50,0.025693024485483808,True
135423,,Total Information Management Corporation,broadband,2025-Q4,2025,4,52.93749209914726,47.29760736855113,21.15122531117776,10.747255309793262,27.930966652596034,9.039,2369,48,0.02485372601311194,True
141152,,BATAAN SPACE CABLE NETWORK INC,broadband,2025-Q4,2025,4,67.16124338369576,45.231189718595445,36.17102420766725,13.905172361206986,172.00024868651485,46.4915,2285,69,0.02397246261712148,True
132714,,Airfiber's Internet Shop,broadband,2025-Q4,2025,4,44.73303347426672,36.2653915213607,32.47216505509519,25.218202007262306,49.65805980215826,39.0,2225,119,0.02334298876284258,True
132464,,Barbaza Multi-Purpose Cooperative,broadband,2025-Q4,2025,4,18.23631081423369,15.737665119246428,14.022441297250447,11.034704799356081,87.95556207892204,63.046,2083,69,0.021853233974382512,True
142581,,Mambulao Cable Television,broadband,2025-Q4,2025,4,23.5312582193239,22.132616635914214,12.804976299404764,11.538227108864456,70.65126215953308,65.0,2056,39,0.021569970739957006,True
150450,,"Kinahugan Bojol Communications, Inc.",broadband,2025-Q4,2025,4,37.7081249545096,34.5320667836388,25.955050690142908,26.59698675561118,80.01361166500499,62.8995,2007,173,0.02105590042562924,True
153055,,TAMARAW VISION NETWORK INC.,broadband,2025-Q4,2025,4,42.88177558822155,24.2772852836543,37.7276869058385,17.637190929108982,50.024605025125624,43.6665,1991,69,0.020888040731154866,True
134431,,News and Entertainment Network Corp,broadband,2025-Q4,2025,4,51.74426596291497,56.04382774282681,30.109070887875163,21.402118589407053,54.46053642384105,59.0,1964,114,0.02060477749672936,True
151652,,ZSG Internet Communication Services,broadband,2025-Q4,2025,4,43.575150138992434,42.56014615273959,33.3411096064462,38.154315173302535,24.227195284469502,4.324,1952,74,0.020478882725873577,True
137184,,Suniway Group of Companies Inc.,broadband,2025-Q4,2025,4,44.177810208383136,39.53219746399662,22.324155415270326,22.453415765475242,54.514821108179426,41.357,1897,55,0.019901865026117918,True
139798,,LizardBear Tasking Inc,broadband,2025-Q4,2025,4,111.1368937668453,69.36980468335629,78.83437245109138,14.88903211058119,33.69201355748374,14.847999999999999,1844,4,0.019345829788171558,True
18187,,Ignite Telecommunications Inc,broadband,2025-Q4,2025,4,59.15316277259758,46.38934748714054,28.306512654333492,20.968399764321227,49.55723139598044,58.998,1842,103,0.01932484732636226,True
133064,,SLMC INFRASTRUCTURE,broadband,2025-Q4,2025,4,63.769513262614446,69.80961745823305,30.625464578028083,45.5422779575881,45.37285478547855,32.945499999999996,1820,13,0.019094040246459998,True
153200,,cyber peers,broadband,2025-Q4,2025,4,83.74822510861115,49.25073411244181,37.69018600076667,24.159984897689384,31.703453642384105,30.986,1812,59,0.01901011039922281,True
151351,,NICO ZERO THREE TRADING & SERVICES,broadband,2025-Q4,2025,4,37.274433755621466,33.52941974097334,32.688200441653414,31.006076414322557,21.120424665178568,4.1240000000000006,1792,62,0.01880028578112984,True
131306,,CITI Cableworld Inc.,broadband,2025-Q4,2025,4,66.74294029916051,41.027544198660785,45.143221007464454,24.37052626526601,62.840166293393054,56.381,1786,20,0.018737338395701953,True
45209,,"University of the Philippines, Los Banos Campus",broadband,2025-Q4,2025,4,119.27222856491669,56.11902434181909,52.51890453397014,11.628164040102469,28.234501149425288,32.048,1740,54,0.01825474177408813,True
150704,,DEARBC Connect,broadband,2025-Q4,2025,4,47.38312268482855,24.883167994057818,31.626773600442597,10.940648174776085,66.64360546194074,51.981,1722,164,0.018065899617804457,True
141196,,DEPARTMENT OF INFORMATION AND COMMUNICATION TECHNOLOGY,broadband,2025-Q4,2025,4,87.2961064576663,68.80442353918627,41.81995334916763,19.320091810681216,105.6311023063276,134.542,1691,155,0.017740671459760358,True
140323,,ALLASTRILLA ENTERPRISES,broadband,2025-Q4,2025,4,87.22021072464304,72.86003462333622,69.14080102487667,53.360273348361204,7.212032602252519,3.831,1687,32,0.017698706536141764,True
139464,,KMC Mag Solutions,broadband,2025-Q4,2025,4,168.9417453213624,115.70708637246686,92.51312886301854,34.35894545687269,42.94618689903847,5.346500000000001,1665,70,0.017467899456239503,True
138961,,Paradise Cable Television Network,broadband,2025-Q4,2025,4,29.819610089547965,26.61125141430533,14.763638693026083,10.433672482742057,41.59224519230769,42.0,1664,66,0.017457408225334856,True
153689,,SIQUIJOR ISLAND CABLE TV SYSTEMS CORPORATION,broadband,2025-Q4,2025,4,36.33565055589285,25.06715035772257,20.293514419989524,9.13625132287328,76.55035657974531,75.712,1649,107,0.01730003976176513,True
132054,,Rising Star Cable TV Services,broadband,2025-Q4,2025,4,54.70301350183103,24.356835839171605,34.22276986150546,9.270209066523247,46.19721139705882,59.329499999999996,1632,22,0.017121688836386106,True
142555,,"Z-ENERGY CATV NETWORK, INC.",broadband,2025-Q4,2025,4,28.154892628230886,18.733564374717687,23.872829274178677,10.913137948997338,61.74686900369003,72.995,1626,57,0.017058741450958217,True
149170,,TOLEDO CABLE TV,broadband,2025-Q4,2025,4,41.6932987881114,31.84424728607673,26.869195362279306,18.40406495407028,81.28555432098766,55.968500000000006,1621,30,0.017006285296434973,True
149825,,RFi Fiber,broadband,2025-Q4,2025,4,57.70136018142219,15.141567866798749,41.87046919071567,1.2968878265766093,38.73449398353389,30.27,1579,35,0.016565653598439745,True
135549,,"NEW WORLD CATV, INC.",broadband,2025-Q4,2025,4,40.962002641117884,24.971954151703642,22.5830920684012,13.147532114861411,65.48815374759768,61.18,1562,26,0.01638730267306072,True
149802,,MT Cable Television Network,broadband,2025-Q4,2025,4,33.921663371444275,28.398201957800314,15.465250650297634,16.202585167029373,69.03465446371226,47.59,1559,11,0.01635582898034678,True
154083,,DC FIBER NETWORK WIRED INTERNET SERVICES,broadband,2025-Q4,2025,4,83.32744187620261,80.2791480020764,88.3759023694963,51.03337891714499,8.43371216041397,2.877,1548,135,0.016240425440395646,True
152458,,HAPIBYTES,broadband,2025-Q4,2025,4,57.06876677495602,55.75039212345677,39.98448294775194,40.257157117027354,4.774051758460517,2.868,1507,45,0.015810284973305062,True
23862,,University of the Philippines Diliman,broadband,2025-Q4,2025,4,121.77898554802185,99.08214775999787,45.92614175056728,20.77157018576314,40.688715810540366,3.723,1503,79,0.01576832004968647,True
150707,,Romblon Cable Corporation,broadband,2025-Q4,2025,4,25.564660067512893,2.2642735360176522,13.587764452873762,0.12756391980895332,64.0684759647935,68.871,1477,57,0.015495548046165613,True
149635,,BICOL TELEPHONE AND TELEGRAPH INC.,broadband,2025-Q4,2025,4,79.87384142092374,52.94884597573428,43.26870768068615,23.830166262872563,21.81098766278273,10.178,1460,10,0.01531719712078659,True
153166,,PAKONEK SOLUTIONS INC.,broadband,2025-Q4,2025,4,62.34591385596404,36.98765324556618,44.24417561307534,27.400528304739325,67.8259746227709,69.337,1458,4,0.015296214658977294,True
137941,,Mabuhay Cable TV Inc,broadband,2025-Q4,2025,4,33.53944933734072,22.341294989757476,6.943268390343134,1.6834549714105207,324.14236944444445,111.4825,1440,33,0.015107372502693624,True
142414,,MALASIMBU CATV CORP,broadband,2025-Q4,2025,4,51.278127249555396,37.68976261201919,27.43817094943674,21.025280851966382,35.93155781359496,24.848,1427,66,0.014970986500933195,True
153191,,DNS NETWORK AND DATA SOLUTION,broadband,2025-Q4,2025,4,34.96943793556039,11.65128938211873,31.232604405502325,2.38253764233933,56.33439270687238,60.0,1426,46,0.014960495270028547,True
136803,,TELMARC CORPORATION,broadband,2025-Q4,2025,4,32.93435107649425,22.94795248157332,22.24029246548313,14.295016181726089,19.37471906116643,4.3629999999999995,1406,31,0.014750670651935579,True
153969,,"JVL STAR CABLE TV,INC.",broadband,2025-Q4,2025,4,46.015706889395496,34.4889330934314,21.131385131379986,18.557312276679376,63.55863138138139,76.7805,1332,39,0.013974319564991601,True
132313,,Calauag Cat V System,broadband,2025-Q4,2025,4,57.64077367230505,44.6509293771536,41.64594012560123,32.54461962611355,57.424196496572726,62.674,1315,214,0.01379596863961258,True
154227,,Go Wiser Corporation,broadband,2025-Q4,2025,4,59.59214186454429,48.40511537306874,24.084099385313642,18.381973080674076,67.58536363636362,76.656,1288,16,0.013512705405187075,True
134241,,M7 Telecommunications Corporation,broadband,2025-Q4,2025,4,43.46199750204724,42.781161662410646,24.983826281418814,22.040878313383605,43.760175000000004,40.081,1280,44,0.013428775557949888,True
136513,,Corporate Technologies Incorporated,broadband,2025-Q4,2025,4,38.58654867584918,25.230762658446544,17.955620872513336,12.112562178018608,75.54636544585989,58.0385,1256,10,0.013176986016238327,True
150000,,Data-Beam Business Solution,broadband,2025-Q4,2025,4,34.552160134286666,16.101592978854846,16.936066592204543,5.45392170716543,52.48719570602808,45.99,1211,17,0.012704880625529151,True
153912,,AMIA PISONET,broadband,2025-Q4,2025,4,33.53695752923606,14.149099927256541,19.722391207682136,7.0801214414861615,33.13757618651124,14.409,1202,2,0.012610459547387317,True
132505,,Concentrix Daksh Services Philippines Corporation,broadband,2025-Q4,2025,4,93.23616263234464,79.35348736214463,51.40607753526861,29.210713431429255,49.81293706896552,45.479,1160,3,0.012169827849392086,True
151366,,AKM INTERNET INSTALLATION SERVICES,broadband,2025-Q4,2025,4,49.365114630453235,46.00256064439237,42.99107497943268,40.997060196794,17.924469317199655,5.649,1157,48,0.01213835415667814,True
137406,,Airlive Communications Inc.,broadband,2025-Q4,2025,4,34.33817134923053,26.604069765093985,15.279246186794516,9.566494477018193,56.80896099290781,32.891999999999996,1130,84,0.011855090922252636,True
137208,,ILEAD ICT SOLUTIONS INC,broadband,2025-Q4,2025,4,133.26397642385078,73.14075801447729,95.70645083165024,37.63454722126972,19.473959999999995,11.341,1125,9,0.011802634767729393,True
131276,,Mega Speed ICT Solutions Inc.,broadband,2025-Q4,2025,4,51.969343038444755,32.466135566311166,32.435473296534305,13.392763692285477,43.36218108831401,20.832,1123,21,0.011781652305920097,True
153869,,"Newisland Media Vision, Inc.",broadband,2025-Q4,2025,4,40.19911794244651,35.54069466751022,36.36122913091462,28.85061160335556,17.002262340036566,4.084,1094,22,0.011477406609685294,True
152131,,ILEAD NETWORK CORPORATION,broadband,2025-Q4,2025,4,59.241170442393454,40.31203952214832,37.93849968125976,26.222701010449434,24.601714966634887,10.708,1049,21,0.011005301218976119,True
141709,,Clare Cable TeleVision,broadband,2025-Q4,2025,4,64.90007219771583,54.12270425225071,37.189223976436665,37.123664842725034,48.575918111753374,37.376999999999995,1038,34,0.010889897679024986,True
63927,,RISE,broadband,2025-Q4,2025,4,55.52856550200239,67.24848370487973,21.295035720416266,46.943986131480145,44.98916438356164,40.547,1022,45,0.010722037984550613,True
153855,,RDNAKS NETWORK AND DATA SOLUTION,broadband,2025-Q4,2025,4,33.82243306594355,28.16051356453813,28.645373592760485,27.336494191465682,7.23140157480315,3.0700000000000003,1017,55,0.010669581830027372,True
141676,,St. Joseph Cable TV System,broadband,2025-Q4,2025,4,38.581718934301826,12.637892759241975,20.573031313484343,11.966946307758025,61.324946268656724,60.959,1005,232,0.01054368705917159,True
18360,,Santo Tomas E-Service Providers,broadband,2025-Q4,2025,4,106.52223282455583,85.34287347885612,81.67913551201447,38.248979383680336,64.5568427419355,58.920500000000004,992,269,0.010407301057411163,True
152680,,GLIPPH,broadband,2025-Q4,2025,4,37.01069161573492,32.80805257355102,21.154056654862572,16.601523272078985,63.52797253306206,46.733,983,11,0.010312879979269328,True
141455,,Halum Properties (HALPROP) Inc.,broadband,2025-Q4,2025,4,20.82691467161139,18.34111849233053,12.435110396374057,10.719336449061682,32.931650103519665,18.3065,966,22,0.010134529053890305,True
59322,,Black Fiber Solutions Corporation,broadband,2025-Q4,2025,4,54.686145159427625,38.7743644829687,18.668283637587574,9.30287756107956,41.740103626943004,32.108,965,99,0.010124037822985658,True
149299,,CABLESTAR,broadband,2025-Q4,2025,4,82.34315301027549,49.991246128510696,82.79929539794641,45.53867699421447,47.09054496788007,65.57849999999999,934,7,0.009798809664941559,True
135283,,Makilala Cable TV,broadband,2025-Q4,2025,4,27.73166901573366,26.547663807777774,27.202938608626734,24.957359302337675,66.78515760266372,55.989,901,6,0.009452599045088163,True
18188,,Ateneo de Manila University,broadband,2025-Q4,2025,4,159.00007274027456,117.80484805662483,91.14310605887898,44.72045566921688,15.254688838782414,3.989,887,64,0.009305721812423087,True
153739,,G-Net IT Systems OPC,broadband,2025-Q4,2025,4,88.55545979253262,67.82444630218099,66.90979105040745,49.814368545761596,19.531076834862382,5.52,873,108,0.00915884457975801,True
154040,,AIRDAN NETWORKS CORPORATION,broadband,2025-Q4,2025,4,31.2224136785358,18.22846040478855,9.104473136712794,4.499505934688896,42.710265517241375,29.9445,870,12,0.009127370887044064,True
18214,,TELUS INTERNATIONAL,broadband,2025-Q4,2025,4,98.87330571417192,100.66821534436427,45.697613520707684,25.553707230370406,65.23965132336018,53.459,869,5,0.009116879656139417,True
152584,,Infinivan Incorporated,broadband,2025-Q4,2025,4,114.58343853518261,96.95437603080273,49.31677525451818,30.369435057276668,43.48619399538107,37.046,866,76,0.009085405963425471,True
134213,,Netify Communications Corp.,broadband,2025-Q4,2025,4,163.67109436437832,129.76036130429432,135.00177778223988,85.14787120790804,46.97661066048667,47.021,863,135,0.009053932270711525,True
147178,,TierOne Communications International Inc,broadband,2025-Q4,2025,4,15.02087401981229,8.777877810573674,7.0641928282384505,3.3731886572210836,62.55427731092436,54.874,834,25,0.008749686574476724,True
45600,,"University of the Philippines, Manila",broadband,2025-Q4,2025,4,101.32554273872462,52.97377457298972,69.59845842935611,26.187428653710008,46.26039285714286,7.511,812,5,0.00851887949457446,True
38722,,Conduent Business Services Philippines Inc.,broadband,2025-Q4,2025,4,132.72217443474784,287.9761735392804,125.75294282006298,317.08100786859734,18.562108074534162,17.0,805,3,0.008445440878241922,True
152172,,"PSALMS CABLE, INC.",broadband,2025-Q4,2025,4,9.980999485542108,8.394113508044693,8.902870472610351,8.549986595872609,50.46263216957606,44.9555,802,21,0.008413967185527976,True
151360,,SONIC NETWORKS PHL INC.,broadband,2025-Q4,2025,4,63.816543834553954,56.076257969426955,29.209379391877004,19.806222052409687,135.12707663316587,82.71600000000001,798,54,0.008372002261909383,True
138970,,Wesfardell Cable Services,broadband,2025-Q4,2025,4,40.56076149725897,36.04925463570857,25.600762421318297,18.02502239392061,31.52388010899183,12.661,734,3,0.007700563484011888,True
21433,,Accenture UK Limited,broadband,2025-Q4,2025,4,34.71888951586002,17.46765409912599,8.228107091096764,2.5810370127030096,40.39564822695036,37.684,705,4,0.007396317787777086,True
141016,,SM Investments Corporation,broadband,2025-Q4,2025,4,81.9832586713427,49.83541618038502,57.92484447429251,4.671156340111296,10.968265248226952,2.905,705,10,0.007396317787777086,True
154184,,JAT I.T. SERVICES,broadband,2025-Q4,2025,4,42.48243143611326,35.978936177910505,29.201955665136946,23.73710512543254,53.63171201157742,47.563,691,39,0.0072494405551120095,True
152152,,SOLETECH IT SOLUTIONS,broadband,2025-Q4,2025,4,39.31550534292808,38.95236440459345,32.59429510575814,31.552512405434314,28.821862426035505,4.471,676,67,0.007092072091542285,True
139213,,"Hillview Cable Systems, inc.",broadband,2025-Q4,2025,4,34.98162053626559,26.829868637756935,28.6568189810572,17.086486885091766,67.36701199400298,55.0,668,61,0.007008142244305097,True
154262,,Your Tech Electronics and Your Shop Enterprise,broadband,2025-Q4,2025,4,46.56122092152176,30.170305575745463,38.11914314846651,22.838200875760645,57.0124105263158,46.292,665,12,0.006976668551591152,True
147042,,Panabo Satellite Cable Television Inc.,broadband,2025-Q4,2025,4,33.56345666805795,25.899499936406468,26.998787671071348,22.57051871601444,66.3706850152905,46.989000000000004,654,44,0.006861265011640021,True
154002,,iRateNet Solutions,broadband,2025-Q4,2025,4,43.871952756491815,38.08565025232291,29.036152655578896,25.182822751864183,11.854055384615386,3.1365,650,89,0.006819300088021427,True
134966,,Southern CableVision Inc.,broadband,2025-Q4,2025,4,31.813126458734402,11.661975569827247,23.286535179596882,3.987543346125321,82.29299226006194,74.4135,646,15,0.006777335164402834,True
153989,,Jamers Digital Computer Parts and Accessories Trading,broadband,2025-Q4,2025,4,19.288746566139245,22.035162000108514,8.132377212642288,11.477935186419364,61.8796,46.917,645,10,0.006766843933498186,True
17895,,"Globalreach eBusiness Networks, Inc.",broadband,2025-Q4,2025,4,62.422437002864676,59.964503559421416,23.651904767047583,16.854481775150717,33.55757387247279,8.431,643,41,0.006745861471688889,True
135366,,Zafra Cable TV Network Inc.,broadband,2025-Q4,2025,4,53.80336596191191,38.71440604925633,40.105708721684735,21.16498827452061,63.252525157232704,54.1445,636,13,0.006672422855356351,True
153322,,Persian Cable TV Network,broadband,2025-Q4,2025,4,49.850734917893526,30.96306658214078,30.15131914604256,20.137143889094062,48.6956016,38.0,625,29,0.006557019315405218,True
15347,,IBEX Global Solutions,broadband,2025-Q4,2025,4,93.20166116583827,62.66374246471196,50.97095890155434,30.908458506907483,103.33449598715892,75.013,623,5,0.006536036853595922,True
153175,,Tiny Redbug Enterprising Network and Data Solution,broadband,2025-Q4,2025,4,29.88094510496734,23.43800349511402,30.237809952697056,21.785177191251293,55.67180096308185,59.819,623,3,0.006536036853595922,True
138333,,SEKYURLINK Networks,broadband,2025-Q4,2025,4,82.06940599965694,54.12763867256685,69.77792926865658,37.549007826096954,45.4607711038961,58.328500000000005,616,2,0.006462598237263383,True
151324,,BONGAO CABLE TV - ISABELA,broadband,2025-Q4,2025,4,90.8643008963734,61.97561024415416,35.37231431820007,35.85091480074203,49.7605674796748,39.736,615,5,0.006452107006358735,True
132792,,"University of the Philippines Visayas, Miagao",broadband,2025-Q4,2025,4,41.8846321760124,18.97155872360652,19.773526404421307,7.565959150133686,66.63087479406919,45.0,607,2,0.0063681771591215484,True
151405,,WISE CABLE TV,broadband,2025-Q4,2025,4,25.846894533661914,24.56409863366818,14.242142944648172,14.861989421739633,58.399493333333325,46.2575,600,11,0.00629473854278901,True
154335,,NAYSWAN NETWORK AND DATA SOLUTION,broadband,2025-Q4,2025,4,54.402382009576755,50.446566420958135,46.4835716121042,40.855344023403575,10.368678451178452,3.8804999999999996,594,122,0.006231791157361119,True
140878,,Philippine National Police,broadband,2025-Q4,2025,4,65.25716668525705,62.05659679248165,32.48852091722564,20.114453492582157,54.80073830155979,52.305,577,2,0.006053440231982098,True
153692,,Digital Essentials Trading,broadband,2025-Q4,2025,4,63.90874776300457,43.72948594965233,44.78241241987783,28.075066138624837,54.22048226950354,49.4695,564,17,0.00591705423022167,True
134084,,TOSLINK INC.,broadband,2025-Q4,2025,4,61.097989116387204,30.14034414788938,42.79289825245093,17.023025910184113,94.52112750455372,62.463,549,4,0.005759685766651944,True
154261,,BF DOMINGO ENTERPRISES,broadband,2025-Q4,2025,4,49.48523527419886,34.42443395369597,29.021873811961253,24.793467966976124,55.21530091743119,59.832,545,24,0.0057177208430333505,True
140927,,SKY MOVIE PHILIPPINES CATV,broadband,2025-Q4,2025,4,40.30406104482464,27.171513360752513,21.553091391522774,16.89183852894232,31.622731843575423,23.714,538,103,0.005644282226700812,True
10879,,Unitedhealthcare,broadband,2025-Q4,2025,4,44.48647300851889,46.18557493789896,26.26323843315822,23.416797899212604,45.61717938931298,37.26,524,1,0.005497404994035735,True
7862,,Chevron Corporation,broadband,2025-Q4,2025,4,46.18835851471086,58.80373409446436,13.478648047935874,12.122045702545972,156.02240726577435,94.6,523,33,0.0054869137631310865,True
132615,,Pipol Broadband,broadband,2025-Q4,2025,4,14.889446028150594,13.161449128904822,12.334073747790736,12.75730226794809,22.229905587668593,5.761,520,164,0.0054554400704171415,True
58757,,Ace Wireless Network Phils. Inc.,broadband,2025-Q4,2025,4,27.12918693005189,30.971442567446555,13.084029733722979,13.522489140608126,85.35199411764705,79.28999999999999,510,16,0.005350527761370658,True
140686,,Nabunturan Cable TV Network Inc.,broadband,2025-Q4,2025,4,76.80075315122666,85.67236238865601,36.04574504879955,37.614133736838966,77.41159574468084,75.3375,470,82,0.004930878525184724,True
141754,,Emapta Versatile Services Inc,broadband,2025-Q4,2025,4,181.9050223596352,156.8735273832162,161.35547011597342,97.26176814740761,22.112548387096776,8.097,465,38,0.004878422370661483,True
153695,,Kuya J Network Seven Infinity IT Solutions,broadband,2025-Q4,2025,4,25.737684753553896,24.29468358537789,17.49476122938464,18.812437232900773,26.789747300215982,14.0,463,22,0.004857439908852186,True
153856,,ZZNET,broadband,2025-Q4,2025,4,11.308925575768441,9.502653911457772,6.9624007663781375,2.9355378141547153,82.93010297482836,63.885,437,16,0.004584667905331329,True
4637,,Telstra Global,broadband,2025-Q4,2025,4,115.50752586715117,93.06091835527937,28.560602571444292,11.407794788626127,44.57825647058824,18.95,425,37,0.004458773134475549,True
154273,,"DMCI Project Developers, Inc.",broadband,2025-Q4,2025,4,47.94206233470075,43.222449022361324,44.18845536438586,39.41991432558662,37.16473820754717,58.963499999999996,424,10,0.0044482819035709005,True
151627,,KC Broadband Inc.,broadband,2025-Q4,2025,4,53.83380819884973,35.4722111137005,32.71487227827509,9.236917473331207,91.69352619047619,84.4845,421,27,0.0044168082108569555,True
138689,,"CONCEPCION PAY-TV NETWORK, INC.",broadband,2025-Q4,2025,4,50.80883319397255,29.46920634361241,16.47041459643105,9.212634758706317,62.146865633074945,7.132,387,105,0.004060106360098912,True
150806,,"R. C. Yulo Telephone System, Inc.",broadband,2025-Q4,2025,4,53.663293653965994,41.29561807324635,37.696442472891114,26.8290396933288,24.05737222222222,13.289,361,1,0.0037873343565780542,True
149509,,Xfiniti Internet Communication Services,broadband,2025-Q4,2025,4,59.31688768333289,61.89515900119972,41.31036820479017,25.191094128023728,84.91528571428572,88.219,350,106,0.0036719308166269222,True
132905,,AS number of Ateneo de Davao University,broadband,2025-Q4,2025,4,89.44768042546501,89.99353743109488,59.47995287539215,35.24442973328733,63.35848942598186,57.0,331,32,0.0034725974294386036,True
38609,,"American Data Exchange Corporation Ltd.,",broadband,2025-Q4,2025,4,9.600310024200006,10.62202687403964,3.5440181725274496,5.7727098365658955,43.75850621118012,33.551500000000004,322,15,0.0033781763512967687,True
140549,,SHIFT DATA SERVICES INC,broadband,2025-Q4,2025,4,50.593871361555756,36.556775976845515,22.06703293878339,10.809036532123576,61.76532278481014,50.3235,316,114,0.0033152289658688783,True
137193,,Agera Network and Data Solution,broadband,2025-Q4,2025,4,51.60241919270532,45.021081106022876,39.96225138982519,38.366641580466606,7.285350482315113,4.866,311,63,0.0032627728113456367,True
154260,,KAZIBUFAST HOTSPOT NET & PISONET,broadband,2025-Q4,2025,4,27.387986068563745,14.82502773745654,16.62354830116136,12.515208444310268,41.840265993265994,27.075,297,12,0.0031158955786805597,True
58437,,MAPUAEDU,broadband,2025-Q4,2025,4,60.21742345742669,34.54206113492487,27.03818254414485,18.741380664718598,49.99356565656564,32.709,297,11,0.0031158955786805597,True
6648,,"Bayan Telecommunications, Inc.",broadband,2025-Q4,2025,4,18.953058966528275,9.218420194641048,7.495178012038146,1.8120317730429787,235.1666779661017,208.348,296,16,0.0031054043477759113,True
134415,,De La Salle - College of Saint Benilde,broadband,2025-Q4,2025,4,136.32074745289108,120.97038006832922,89.26725568209133,85.1076730960455,40.27069014084506,40.2055,284,1,0.0029795095769201314,True
135158,,Softnet Limited,broadband,2025-Q4,2025,4,40.64690010534074,37.00568621822954,32.74653720082573,23.736670795564546,111.60555673758867,96.3805,282,18,0.002958527115110835,True
137846,,Sharp Viewing Entertainment Corporation,broadband,2025-Q4,2025,4,15.862886135765365,15.806529032124645,8.767160430211877,8.663825651905217,54.60093571428572,60.789,280,2,0.0029375446533015377,True
139204,,RACITELCOM Inc.,broadband,2025-Q4,2025,4,73.96501037227327,26.32280328415408,47.96842379530423,14.68106991655602,29.17426164874552,4.856,280,48,0.0029375446533015377,True
136216,,Channel Information Technology Support and Leasing Services Inc.,broadband,2025-Q4,2025,4,220.4517048126214,154.4415965457973,171.54416306979567,88.39924475122245,20.210584229390683,11.878,279,47,0.0029270534223968894,True
150749,,AF Tech I.T. Solutions,broadband,2025-Q4,2025,4,45.69536998534036,24.05746515763205,33.15310586080121,7.129257714269297,32.70494238683128,19.229,243,1,0.0025493691098295488,True
64008,,Department of Social Welfare and Development,broadband,2025-Q4,2025,4,106.77082329253487,103.05404598278294,37.919508859657796,18.935864392391313,54.9500603448276,23.558500000000002,232,2,0.002433965569878417,True
64231,,24-7 Intouch Incorporated,broadband,2025-Q4,2025,4,52.90692706945957,46.76128593576319,31.878771821607643,22.48931753556017,55.59211111111111,46.831999999999994,216,3,0.0022661058754040436,True
18190,,SunValley New Oriental,broadband,2025-Q4,2025,4,51.2992230279192,137.84336728643106,38.243622126913365,71.28841246668716,27.026894736842106,30.565,209,45,0.0021926672590715053,True
23689,,Makati Shangri-La,broadband,2025-Q4,2025,4,86.98528664401144,63.85126463435363,79.43629076335426,52.76458740863713,25.681145631067956,30.9665,206,2,0.00216119356635756,True
7629,,EPLDT,broadband,2025-Q4,2025,4,62.04381512097383,39.683298992350664,27.49579018506172,14.836840861663807,87.38456852791877,61.487,197,27,0.002066772488215725,True
153469,,"Linkserve Telecommunications Network, Inc.",broadband,2025-Q4,2025,4,52.7115838477196,37.99911887547725,35.97830673821419,9.501105261381696,34.91812371134021,57.0,194,34,0.00203529879550178,True
138975,,Claveria Agribased Multipurpose Cooperative,broadband,2025-Q4,2025,4,43.736942636634446,42.013067332400844,28.666428407942004,33.88221468527014,64.7420105263158,41.855999999999995,191,4,0.002003825102787835,True
154287,,R-Connect,broadband,2025-Q4,2025,4,45.33453325359401,38.842443932296405,37.702261273870015,36.65179746942631,7.0556363636363635,4.355,187,9,0.0019618601791692412,True
63848,,De La Salle-College of Saint Benilde,broadband,2025-Q4,2025,4,113.2175164824148,58.9488752791057,72.02434106551128,43.1428784397491,63.90380107526882,60.953,186,1,0.0019513689482645931,True
149833,,Wrkpod Inc.,broadband,2025-Q4,2025,4,314.12167610407613,295.2832106008078,233.8194470929056,245.93027563009042,35.700266304347835,20.265,184,27,0.0019303864864552963,True
132454,,"Philippine Telegraph and Telephone Corporation,",broadband,2025-Q4,2025,4,46.73348782570256,36.36252675040695,36.193543980609064,16.138317063200326,9.816114130434782,2.734,184,20,0.0019303864864552963,True
135409,,Kacific Broadband Satellites Pte Ltd,broadband,2025-Q4,2025,4,8.96299404988034,2.3396516788849286,8.43422797760812,1.8411450714928141,55.812931818181816,51.965,176,20,0.0018464566392181094,True
154257,,SANFIL NETWORK AND DATA SOLUTION,broadband,2025-Q4,2025,4,26.498385575136567,16.020017877919475,18.2797365775793,8.221984659480203,27.296291428571426,23.153,175,27,0.0018359654083134611,True
58706,,Xavier School,broadband,2025-Q4,2025,4,57.735325732258495,69.45198936793123,37.871334128264095,35.755767452066266,11.087703488372094,4.186999999999999,172,1,0.0018044917155995161,True
147044,,TECH MAHINDRA,broadband,2025-Q4,2025,4,16.669686086173257,8.232825859340982,8.370575167257458,5.171660838518088,43.681621301775145,36.202,169,3,0.0017730180228855712,True
394869,,Asia Pacific Network Corporation,broadband,2025-Q4,2025,4,270.86805039865806,272.67105491442646,160.33236573597597,170.08137253360357,8.723512345679012,5.724,162,17,0.0016995794065530327,True
137487,,Manila Electric Company,broadband,2025-Q4,2025,4,59.90408561623888,50.16052016034233,51.4658924737376,31.70449955990121,16.75501242236025,5.498,161,23,0.0016890881756483843,True
152135,,"Cubiscomm Signal Sales, Inc.",broadband,2025-Q4,2025,4,79.06514990528431,36.23197856200217,57.396544145385306,8.56745175802757,65.62670625000001,73.37049999999999,160,7,0.001678596944743736,True
58907,,Acquire BPO Pty Ltd,broadband,2025-Q4,2025,4,160.54412989311132,101.68758298754246,115.37322705407976,70.88032937131979,42.1765,32.2715,160,13,0.001678596944743736,True
137936,,RDTECH IT SOLUTIONS,broadband,2025-Q4,2025,4,33.240897299017966,22.70211219221819,19.60841476073053,16.85952951569498,56.4346582278481,34.861,158,41,0.0016576144829344391,True
138969,,"Marbel Services and Television System, Inc.",broadband,2025-Q4,2025,4,6.164587888136091,7.678151324677634,3.4136653829772525,2.208185697324457,95.01411764705881,78.425,153,17,0.0016051583284111975,True
138496,,"Inspiro Relia, Inc",broadband,2025-Q4,2025,4,83.81106274128013,45.766191071210145,66.32806109609672,19.905600791823293,67.24991549295775,32.9225,142,2,0.0014897547884600657,True
24084,,HCL TECH,broadband,2025-Q4,2025,4,115.57864202927463,83.48975977735734,56.16375093722769,38.36426640545176,19.52369696969697,5.573,132,15,0.0013848424794135822,True
154285,,Exe Network and Data Solution,broadband,2025-Q4,2025,4,64.09781114790788,56.169519313386125,31.95621783372613,34.2725004021725,45.46106923076924,32.2465,130,11,0.0013638600176042854,True
134996,,"BSITC PHILS., INC.",broadband,2025-Q4,2025,4,63.54145464868137,33.85779709282706,60.427111119364206,18.62699729751975,71.805,61.6255,130,26,0.0013638600176042854,True
139698,,Ikonek Network Telecom Inc.,broadband,2025-Q4,2025,4,67.98869011159366,60.399803598062505,58.020553408693765,56.20125359970353,21.52740336134454,2.733,119,52,0.0012484564776531536,True
45218,,"Coca-Cola FEMSA Philippines, Inc.",broadband,2025-Q4,2025,4,53.88248516169691,27.71083854057409,40.60071307743412,24.73567444473877,52.65533333333333,38.189,117,4,0.001227474015843857,True
153691,,Will Connect Internet Communication Services,broadband,2025-Q4,2025,4,76.79785946464077,78.61499338915256,61.80128372126314,62.54148421339417,6.335008620689657,3.0389999999999997,116,2,0.0012169827849392086,True
134974,,Oakleigh Networks,broadband,2025-Q4,2025,4,13.27446065596674,14.854922376441845,2.9975371337014147,7.925448645103038,257.32449056603775,261.16949999999997,106,1,0.0011120704758927251,True
137226,,"ANGELES CITY CABLE TELEVISION NETWORK, INC.",broadband,2025-Q4,2025,4,8.995028454445922,2.023967189886039,7.905341143426918,1.4761028724309941,29.892750000000003,26.1575,104,56,0.0010910880140834285,True
203724,,Musarubra Germany GmbH,broadband,2025-Q4,2025,4,85.45033175796996,34.229432539962296,82.8874446271476,0.3443427796251129,120.15333333333332,95.682,99,2,0.0010386318595601866,False
136777,,247 Customer Philippiness inc,broadband,2025-Q4,2025,4,63.76241936813725,27.42454832502565,18.764604149673353,4.093637370716769,40.46847368421053,30.445,95,5,0.0009966669359415933,False
135162,,eUP-University of the Philippines System,broadband,2025-Q4,2025,4,163.92735884472194,129.21294951061893,85.4027745102581,33.062513311373856,18.792670329670326,3.251,91,4,0.0009547020123229998,False
140708,,VITRO INC.,broadband,2025-Q4,2025,4,35.94642909642293,25.178982443580395,8.481785964906672,7.198593239230744,64.82874157303371,44.067,89,1,0.0009337195505137032,False
10096,,"Easycall Communications Phils., Inc.",broadband,2025-Q4,2025,4,35.684012165757565,17.207845063370623,29.347144863973625,5.409719513418397,132.75458536585367,5.7935,82,13,0.0008602809341811647,False
154355,,CABSTECH NETWORK AND DATA SOLUTION,broadband,2025-Q4,2025,4,50.51584404873615,30.0771210351311,36.10379688722636,22.025605363222176,47.34781578947368,35.077,76,41,0.0007973335487532746,False
153455,,G Links Solution,broadband,2025-Q4,2025,4,63.20965155551326,50.5549810771811,52.045770522596285,51.809464191036604,21.643013157894732,8.727,76,5,0.0007973335487532746,False
45351,,ABS CBN,broadband,2025-Q4,2025,4,185.27260125854633,134.6035134612064,91.07856226402376,57.306348402559614,32.82168918918919,30.1445,74,1,0.0007763510869439778,False
140593,,ULAP Networks Inc.,broadband,2025-Q4,2025,4,197.23579526187797,138.30393252429752,77.3552911128449,71.05919689110932,10.222283783783785,5.099,74,4,0.0007763510869439778,False
4759,,TEXTRON CORPORATION,broadband,2025-Q4,2025,4,8.074327210511939,9.623485006250108,6.336056349611479,10.573657453158436,30.78990540540541,10.386500000000002,74,18,0.0007763510869439778,False
45865,,INFORPSSC,broadband,2025-Q4,2025,4,114.88722890342292,175.72061653859313,118.07303929690765,174.13021897693432,63.13335211267606,59.089,71,3,0.0007448773942300329,False
138569,,Tech2go Strategic IT Solutions,broadband,2025-Q4,2025,4,31.610576593164797,9.181633601813848,20.47401831332084,2.0843909857328593,73.6519,60.069,70,7,0.0007343861633253844,False
7306,,Asian Development Bank,broadband,2025-Q4,2025,4,108.93366888530032,100.79747333186624,98.55461839230303,87.78596627579327,42.36891428571429,38.063500000000005,70,7,0.0007343861633253844,False
24456,,"FOUNDEVER ASIA, INC.",broadband,2025-Q4,2025,4,111.26363642739277,115.01855857169359,84.90471540019531,51.262222225582825,79.08439682539682,86.896,63,13,0.000660947546992846,False
140734,,Watch Tower Bible and Tract Society of the Philippines,broadband,2025-Q4,2025,4,134.95829597910844,115.60141923850036,120.87656316040221,78.21985227412418,73.55367741935483,44.0,62,30,0.0006504563160881977,False
140443,,PT Herza Digital Indonesia,broadband,2025-Q4,2025,4,56.33704442708316,28.87312791831035,18.766139763224956,4.4848584484529646,90.96090163934426,72.674,61,5,0.0006399650851835493,False
132794,,University of the Philippines Mindanao Campus,broadband,2025-Q4,2025,4,101.26090050669676,40.42683709839582,81.18059249978752,19.93091949013814,87.2176393442623,48.439,61,1,0.0006399650851835493,False
984,,OCTOPUS WEB SOLUTION INC,broadband,2025-Q4,2025,4,103.70868955938477,12.152698892863663,39.35924819130142,0.5983334541554907,16.26798245614035,28.212,57,25,0.000598000161564956,False
133778,,GY Consultancy Group Inc.,broadband,2025-Q4,2025,4,22.40955090238512,9.539130655331894,21.31412176596772,0.629953114938153,46.03071929824561,17.0,57,7,0.000598000161564956,False
132716,,"1 Solaire Boulevard,",broadband,2025-Q4,2025,4,88.80982801284433,85.1747624884266,63.311661958296895,68.29325338351052,42.54742857142857,32.0505,56,4,0.0005875089306603075,False
134182,,Pacificweb Internet Services Inc.,broadband,2025-Q4,2025,4,67.43966594200268,70.46944247191337,44.76104619296604,49.3575930275662,43.493169811320755,59.633,53,1,0.0005560352379463626,False
153351,,Alcesski Information Technology Solutions,broadband,2025-Q4,2025,4,67.61859122161337,50.18217127991326,36.30932614358891,37.61424217102256,9.15374,3.533,50,7,0.0005245615452324175,False
132141,,Penthouse,broadband,2025-Q4,2025,4,79.000003680576,61.555559314115946,74.71964915143865,42.3153400275696,70.15820408163265,70.614,49,1,0.0005140703143277692,False
133198,,"iOne Resources, Inc.",broadband,2025-Q4,2025,4,162.6669034312919,33.432524878021184,18.74312935251,5.486925117299357,15.306244897959179,6.431,49,1,0.0005140703143277692,False
38553,,DC Tech Micro Services Inc.,broadband,2025-Q4,2025,4,59.82026022773195,26.162649853689214,48.47436044891454,11.15917628182853,81.49783333333333,30.0185,48,23,0.0005035790834231208,False
17721,,"International Rice Research Institute,",broadband,2025-Q4,2025,4,161.9088939068292,176.02026678025416,95.37391745168233,23.255955163309466,20.289043478260872,5.548,46,3,0.00048259662161382407,False
135132,,Dreamscape Networks Inc.,broadband,2025-Q4,2025,4,223.47330319251142,176.5341217930483,190.2019201473913,152.92860489061184,41.75438095238095,14.9845,42,23,0.0004406316979952307,False
36411,,Google LLC,broadband,2025-Q4,2025,4,32.78770912984249,10.5686203820197,15.185571780610108,3.42864434102704,145.33497619047617,115.1665,42,5,0.0004406316979952307,False
154242,,Data Works Solutions Corporation,broadband,2025-Q4,2025,4,76.3626774859608,47.359319250356236,84.33532588528672,49.40048538653336,48.28690243902438,59.568,41,6,0.00043014046709058233,False
45343,,AYALA LAND,broadband,2025-Q4,2025,4,44.56841265825441,55.058391467145434,6.672692578686668,8.041721466491307,14.605175,6.737,40,1,0.000419649236185934,False
132793,,"University of the Philippines Visayas, Tacloban",broadband,2025-Q4,2025,4,62.49546534158966,28.810159186937256,54.55966668940671,5.814458696866085,58.923350000000006,44.4025,40,1,0.000419649236185934,False
139614,,BANGKO SENTRAL NG PILIPINAS,broadband,2025-Q4,2025,4,106.82701389651407,103.09789641911887,75.8910575980188,92.43917571510983,49.896717948717956,50.0,39,4,0.0004091580052812856,False
23887,,PRODATANET INC.,broadband,2025-Q4,2025,4,25.970683171843845,19.628414911870195,23.699180391150296,27.50794835688714,14.109552631578948,9.789,38,10,0.0003986667743766373,False
19970,,R&R Managed Telecom Services,broadband,2025-Q4,2025,4,47.84472136108845,9.07767729183909,29.79675475134193,1.0075836498609292,63.165210526315775,58.0,38,11,0.0003986667743766373,False
135028,,GEMSTAR CABLE TV,broadband,2025-Q4,2025,4,34.661843141969165,57.09437061030378,24.482894357550528,37.92547051033896,48.291552631578945,51.8865,38,9,0.0003986667743766373,False
132829,,Nevigate Communications (S) Pte Ltd,broadband,2025-Q4,2025,4,41.47772240649331,16.895927740967362,24.34835881553452,8.735826454764444,53.18919444444444,44.602000000000004,37,2,0.0003881755434719889,False
131245,,University of the Philippines,broadband,2025-Q4,2025,4,44.64973267343603,31.54547482399728,41.16979337398834,6.7136968074527195,39.84374999999999,3.8095,36,3,0.0003776843125673406,False
212238,,Datacamp Limited,broadband,2025-Q4,2025,4,125.62849675472502,33.65664084754543,91.66662042940277,19.41518785521974,76.82185294117646,57.5985,34,9,0.0003567018507580439,False
149027,,Neo-Tech Asia Distribution Inc.,broadband,2025-Q4,2025,4,71.1794962869608,32.780243440710976,55.19638016794121,5.700614427405014,75.82317647058824,70.76650000000001,34,2,0.0003567018507580439,False
131253,,De La Salle-Lipa,broadband,2025-Q4,2025,4,148.26799738980762,104.45586412601193,31.496278220943125,24.134505846667302,17.26890625,4.8485,32,6,0.0003357193889487472,False
26344,,"Real Page, Inc.",broadband,2025-Q4,2025,4,58.77258941035021,45.083911769906045,71.86134761739311,34.0449972940184,180.64071875000002,181.03750000000002,32,2,0.0003357193889487472,False
23732,,Sagility Philippines B.V. Branch Office,broadband,2025-Q4,2025,4,118.28365436808248,122.01851327706397,65.06582501763506,82.51301147062146,52.00249999999999,32.8875,30,10,0.0003147369271394505,False
33680,,TELEPERFORMANCE USA,broadband,2025-Q4,2025,4,20.102878800689897,16.347278801034996,5.561213249328217,2.064227390448972,168.2925,221.3345,30,1,0.0003147369271394505,False
137507,,"OpenText ( Philippines), Inc.",broadband,2025-Q4,2025,4,300.834950222532,233.1040570760503,264.863972345795,267.3268094015287,14.0804,10.053,30,1,0.0003147369271394505,False
17452,,Bitstop Inc,broadband,2025-Q4,2025,4,14.944762646432418,8.675386220691259,5.280723067384887,6.041692044746819,132.62363333333334,69.2635,30,3,0.0003147369271394505,False
131281,,"University of the Philippines, Visayas Cebu Campus",broadband,2025-Q4,2025,4,112.88942161519502,33.15242516402136,82.9044930600129,0.09936461458323653,37.06536666666668,41.8755,30,5,0.0003147369271394505,False
10141,,DFNN Group of Companies,broadband,2025-Q4,2025,4,48.56344299864354,29.969326269462815,44.063381093079826,12.67585969543386,50.015333333333345,42.918499999999995,30,2,0.0003147369271394505,False
32043,,NeoFiber Communications inc.,broadband,2025-Q4,2025,4,2.3218661922613397,0.4993386955491121,0.7714703913864375,0.0438627455865154,33.7037037037037,38.0,27,6,0.00028326323442550544,False
134414,,De La Salle-Greenhills,broadband,2025-Q4,2025,4,77.75589799316556,45.814108317595505,45.11155806144328,26.41502820352506,19.945962962962962,5.916,27,1,0.00028326323442550544,False
135499,,"Tiger Resort Leisure & Entertainment, Inc. (TRLEI)",broadband,2025-Q4,2025,4,217.20261683895987,147.08652061287628,217.13615016159403,116.47222394999689,43.00396296296296,40.095,27,3,0.00028326323442550544,False
63966,,RIZAL1,broadband,2025-Q4,2025,4,49.7526281753228,5.471569213951017,16.761175770896966,1.0485123359788544,37.92426923076923,34.223,26,2,0.0002727720035208571,False
38483,,"RCG INFORMATION TECHNOLOGY, AS CONTENT PROVIDER MANILA",broadband,2025-Q4,2025,4,41.92158981051225,32.82803531915822,49.142287089362625,25.125431509700633,27.320160000000005,31.272,25,1,0.00026228077261620874,False
58677,,DOFAIMPNET,broadband,2025-Q4,2025,4,108.64773853633727,78.99579989394559,133.65708589679156,32.77435807750576,63.02095833333334,31.445500000000003,24,1,0.0002517895417115604,False
17550,,San Miguel Corporation,broadband,2025-Q4,2025,4,39.524353123613366,36.61941184059784,5.639045242225231,54.187093608702156,42.627095238095244,32.6,21,3,0.00022031584899761535,False
138915,,Kaopu Cloud HK Limited,broadband,2025-Q4,2025,4,13.673388062542926,5.617394879424459,2.127223933701287,1.4075614954599929,72.5079,43.8895,20,7,0.000209824618092967,False
136982,,Integranet Network Services,broadband,2025-Q4,2025,4,51.14642451136352,50.26621424133493,45.70288626029543,57.89968226494468,15.357099999999999,5.998,20,7,0.000209824618092967,False
136404,,BICOLANDIA CABLE TV INCORPORATED,broadband,2025-Q4,2025,4,25.27394262152947,14.511738403434192,12.045839276670673,7.628647908702665,77.42505,66.64099999999999,20,6,0.000209824618092967,False
36383,,Google LLC,broadband,2025-Q4,2025,4,200.2884273796958,116.38599874417231,215.07691395385234,156.9339528528377,95.05826315789473,96.017,19,5,0.00019933338718831865,False
38445,,WiPro BPO Philippines LTD Inc.,broadband,2025-Q4,2025,4,195.68377434401347,216.04644132544183,225.95069248728436,217.48031597469625,70.3157894736842,71.231,19,4,0.00019933338718831865,False
63938,,Pulo Diezmo Rd.,broadband,2025-Q4,2025,4,276.16542874316934,104.09230683307598,337.93388840678284,46.76482645970192,31.728894736842108,33.129,19,7,0.00019933338718831865,False
136260,,IPOINTEAST INC.,broadband,2025-Q4,2025,4,143.79396197714678,185.70149387175394,65.07187221960547,67.01629415004128,32.846833333333336,31.1005,18,5,0.0001888421562836703,False
142416,,"Itiviti Philippines, Inc",broadband,2025-Q4,2025,4,83.54666651687347,19.545969162262885,87.3644018618001,11.340950890675012,38.7460588235294,30.384,17,1,0.00017835092537902194,False
140599,,COMFAC CORPORATION,broadband,2025-Q4,2025,4,182.00738086725858,74.4484273330928,137.69062958844634,44.15480698519649,76.8105625,58.1755,16,12,0.0001678596944743736,False
140619,,JSLINK INTERNATIONAL CORPORATION,broadband,2025-Q4,2025,4,30.559254531596878,59.029751351567235,11.27536780377696,5.440843728381143,8.906750000000002,3.0,16,4,0.0001678596944743736,False
132059,,"762 Quirino Highway, San Bartolome",broadband,2025-Q4,2025,4,163.35206851780774,146.8128559722954,84.75985861597539,57.00867287416188,68.36964285714286,60.388,14,2,0.00014687723266507688,False
38301,,Trec Global Pacific Transit AS,broadband,2025-Q4,2025,4,81.16049219391508,69.77795448157256,74.88103236220013,75.5615071839306,18.55,6.4,14,2,0.00014687723266507688,False
138185,,"LUKBAN TELEPHONE SYSTEM, INC.",broadband,2025-Q4,2025,4,44.626993520249854,54.37731876618208,41.00874438746749,90.6226638829428,48.83678571428571,6.596,14,4,0.00014687723266507688,False
395793,,Arisk Communications inc.,broadband,2025-Q4,2025,4,20.745051430860947,2.7257045632213694,14.620193985023825,0.28149207804524207,66.19823076923078,56.483,13,5,0.00013638600176042856,False
22764,,"Fluor Enterprises, Inc.",broadband,2025-Q4,2025,4,66.01211168369731,128.31438387078717,50.76323502617695,103.17740363389454,42.27746153846154,34.608,13,2,0.00013638600176042856,False
24109,,WNS Global Services,broadband,2025-Q4,2025,4,106.3053470931937,83.81605377504428,82.9324627729851,16.166144500939897,60.51615384615385,38.447,13,6,0.00013638600176042856,False
132844,,Ateneo de Manila University,broadband,2025-Q4,2025,4,129.8064071005296,136.81127990857505,96.16333693066954,163.15713915531148,72.89676923076924,54.322,13,6,0.00013638600176042856,False
213931,,Alaitisal Computers and Requisites Trading LLC,broadband,2025-Q4,2025,4,110.1027590625376,15.498752960342399,87.19740758912832,7.975796315999606,112.40300000000002,103.2145,12,4,0.0001258947708557802,False
152173,,Robinsons Bank Corporation,broadband,2025-Q4,2025,4,98.68912658079243,18.26928897087058,88.03377391779951,0.42963077433741337,61.99608333333334,29.505,12,3,0.0001258947708557802,False
17978,,SERVCORP AUSTRALIAN HOLDINGS LTD,broadband,2025-Q4,2025,4,53.779902765806234,85.267639694945,49.99250578608505,94.13654167711249,85.24458333333335,65.065,12,1,0.0001258947708557802,False
141238,,Qualfon is a business process outsourcing company providing contact center services for various companies around thew world.,broadband,2025-Q4,2025,4,102.0867589919223,18.623078561564864,39.07009736318083,6.723160742617408,74.0,48.227,11,4,0.00011540353995113184,False
139040,,"CANON BUSINESS PROCESS SERVICES PHILIPPINES,",broadband,2025-Q4,2025,4,40.59306755293747,25.20587484896148,25.029871359585762,11.122848840670587,39.7604,34.198499999999996,10,2,0.0001049123090464835,False
134416,,De La Salle-Zobel,broadband,2025-Q4,2025,4,110.1104273287538,109.78457659618462,92.64354030845587,91.69001282586129,55.0889,3.7045,10,1,0.0001049123090464835,False
63846,,SGS ASIA PACIFIC LIMITED,broadband,2025-Q4,2025,4,484.5805775438695,105.45785113902245,706.67336414462,4.749427991737541,20.497555555555554,6.132,9,1,9.442107814183515e-05,False
132554,,Ateneo de Manila University,broadband,2025-Q4,2025,4,58.25305233011993,53.49055807604041,64.87385336182368,37.12834236122205,46.554125,31.7025,8,3,8.39298472371868e-05,False
23665,,GSNET,broadband,2025-Q4,2025,4,56.80981336157534,70.51377601646865,73.61133504392308,86.72281134734894,14.560625,4.311,8,2,8.39298472371868e-05,False
40051,,"Disney Worldwide Services, Inc.",broadband,2025-Q4,2025,4,14.528304991302331,4.680194517695151,11.896519703498091,0.09935898758974344,130.170125,115.328,8,1,8.39298472371868e-05,False
45166,,Pacific Internet Pte Ltd,broadband,2025-Q4,2025,4,18.511042042987658,1.7788990793440216,8.261061495499561,1.4524833101597068,68.30325,30.014499999999998,8,3,8.39298472371868e-05,False
17445,,Universal Robina Corporation,broadband,2025-Q4,2025,4,152.79336243954384,18.135624877579687,188.80795360130028,18.135624877579687,67.56857142857143,31.35,7,1,7.343861633253844e-05,False
38058,,AMDOCS DEVELOPMENT CENTRE INDIA LLP,broadband,2025-Q4,2025,4,63.58017448090699,17.416445206321203,38.49668230048631,12.184830678275874,19.868,6.697,7,2,7.343861633253844e-05,False
59342,,ABSATELLITE BBS-PH,broadband,2025-Q4,2025,4,125.17465681498534,165.39774425731193,90.490724193022,219.24754665321348,90.15642857142856,8.218,7,4,7.343861633253844e-05,False
3257,,GTT Communications Inc.,broadband,2025-Q4,2025,4,118.22594578952969,91.6654795876985,102.03680378819507,99.87806085117485,48.48766666666666,54.4725,6,1,6.29473854278901e-05,False
24179,,"IMI, Manufacturing Semiconductors and Electronics",broadband,2025-Q4,2025,4,64.85240386136597,85.86154865515354,23.17769999481608,24.78153921415001,14.356499999999999,6.0585,6,2,6.29473854278901e-05,False
133585,,Bee Information Technology PH Inc.,broadband,2025-Q4,2025,4,54.61370181053534,47.6278867699459,47.102330110966335,69.0080616266392,200.41566666666668,136.699,6,3,6.29473854278901e-05,False
152687,,Macrologic Diversified Technologies Inc.,broadband,2025-Q4,2025,4,179.4213689934932,136.78947747078507,98.84219217420373,24.964385912090826,35.1695,34.744,6,4,6.29473854278901e-05,False
139630,,Telectronic Systems Inc.,broadband,2025-Q4,2025,4,37.625594730376456,31.625154780831156,33.12679051661519,16.53594561972022,49.5216,62.0,5,1,5.245615452324175e-05,False
38596,,"Innodata-ISOGEN, Inc",broadband,2025-Q4,2025,4,14.975608806352128,8.451486334099439,11.090104996848744,9.089650285779653,83.73140000000001,25.786,5,1,5.245615452324175e-05,False
38291,,BPS Corporation,broadband,2025-Q4,2025,4,14.53099904227643,39.01260073340107,17.721545254277927,38.252743102635264,13.411000000000001,6.779,5,1,5.245615452324175e-05,False
2687,,"AT&T Enterprises, LLC",broadband,2025-Q4,2025,4,44.38950716802376,1.535560843525564,21.366276945429107,0.8326764299892331,133.26675,133.4205,4,2,4.19649236185934e-05,False
38334,,"World Health Organization, Western Pacific Regional Office,",broadband,2025-Q4,2025,4,65.12691193968725,93.49739303716413,66.39055894031365,93.49739303716413,3.4435000000000002,3.8970000000000002,4,1,4.19649236185934e-05,False
55343,,Conduent Business Services Philippines Inc.,broadband,2025-Q4,2025,4,67.36812369049412,45.93520063548276,78.3617704577095,46.642041009994905,75.32575,75.3665,4,2,4.19649236185934e-05,False
9304,,HGC Global Communications Limited,broadband,2025-Q4,2025,4,5.381492573483537,3.5947315075704083,5.481090733236483,3.698170366484671,3.0,3.0,3,1,3.147369271394505e-05,False
202617,,Kering Eyewear S.p.A.,broadband,2025-Q4,2025,4,8.541891896615128,3.859975551747832,7.7721095030337235,1.2500326993067747,197.69899999999998,226.737,3,1,3.147369271394505e-05,False
5580,,GTT Communications Netherlands B.V.,broadband,2025-Q4,2025,4,53.127059964011146,95.06645049197105,52.96077307299977,32.00208150341824,103.00733333333334,83.048,3,3,3.147369271394505e-05,False
55413,,Development Bank of the Philippines,broadband,2025-Q4,2025,4,50.110534111805656,30.36229785562627,39.67850300233753,25.078832532978094,38.35566666666667,40.331,3,1,3.147369271394505e-05,False
21859,,Zenlayer Inc,broadband,2025-Q4,2025,4,537.29118214663,23.664328533245722,560.3100368572351,23.13355607228646,23.351333333333333,20.0,3,2,3.147369271394505e-05,False
134716,,Savant Technologies Inc.,broadband,2025-Q4,2025,4,41.65356482868671,,6.479956873449363,,68.765,56.978,3,1,3.147369271394505e-05,False
38577,,LEEKIE-EN,broadband,2025-Q4,2025,4,36.779114696607024,21.65507019982017,38.73059662151792,21.65507019982017,126.29699999999998,168.439,3,2,3.147369271394505e-05,False
55437,,"WIT Phils., Inc.",broadband,2025-Q4,2025,4,68.14767402096201,21.426001751342024,59.85176375340479,1.4707772300492956,52.019000000000005,59.77,3,1,3.147369271394505e-05,False
19197,,"Stefanini, Inc.",broadband,2025-Q4,2025,4,3.173755412470635,,3.173755412470635,,213.301,213.301,2,1,2.09824618092967e-05,False
154409,,Powerlink Technologies Inc,broadband,2025-Q4,2025,4,10.678698824165608,1.0740899903975842,10.678698824165608,1.0740899903975842,7.423,7.423,2,2,2.09824618092967e-05,False
32110,,"Asurion Insurance Services, Inc.",broadband,2025-Q4,2025,4,76.68482763355705,25.284231176571588,76.68482763355705,25.284231176571588,15.0895,15.0895,2,1,2.09824618092967e-05,False
6453,,TATA COMMUNICATIONS (AMERICA) INC,broadband,2025-Q4,2025,4,73.53072975568979,85.87855512035162,73.53072975568979,85.87855512035162,70.42599999999999,70.42599999999999,2,1,2.09824618092967e-05,False
146948,,"Rural Bank of Guinobatan, Inc.",broadband,2025-Q4,2025,4,92.90872615646597,64.7155977720461,92.90872615646597,64.7155977720461,39.883,39.883,2,1,2.09824618092967e-05,False
4797,,Wipro Spectramind Services Pvt Ltd (BPO -INDIA),broadband,2025-Q4,2025,4,143.88689721660847,49.98596620402641,143.88689721660847,49.98596620402641,120.9365,120.9365,2,1,2.09824618092967e-05,False
401783,,TOKALA COMMUNICATIONS INC.,broadband,2025-Q4,2025,4,37.65955067832579,11.245110329597978,37.65955067832579,11.245110329597978,267.6975,267.6975,2,1,2.09824618092967e-05,False
133498,,De La Salle University,broadband,2025-Q4,2025,4,144.7915451453575,,144.7915451453575,,24.9635,24.9635,2,1,2.09824618092967e-05,False
55290,,Depository Trust & Clearing Corporation,broadband,2025-Q4,2025,4,58.47154813526319,67.42887373160985,58.47154813526319,67.42887373160985,27.053,27.053,2,1,2.09824618092967e-05,False
152326,,RTI-PLDT Network Infra,broadband,2025-Q4,2025,4,78.80381435304939,40.112535087644716,78.80381435304939,40.112535087644716,32.9635,32.9635,2,1,2.09824618092967e-05,False
24298,,"Apollo Global Net AS, Application Service Provider, Manila",broadband,2025-Q4,2025,4,86.46970539785696,13.152307829882337,86.46970539785696,13.152307829882337,30.9785,30.9785,2,1,2.09824618092967e-05,False
137420,,Savant Technologies Inc.,broadband,2025-Q4,2025,4,41.544551158674764,,41.544551158674764,,55.788,55.788,1,1,1.049123090464835e-05,False
142649,,"Limitless-Tech Solutions, Inc.",broadband,2025-Q4,2025,4,93.68806111831071,,93.68806111831071,,18.755,18.755,1,1,1.049123090464835e-05,False
31713,,Gateway Communications,broadband,2025-Q4,2025,4,55.81638598643493,,55.81638598643493,,199.027,199.027,1,1,1.049123090464835e-05,False
18396,,PLDT-PhilCom Inc.,broadband,2025-Q4,2025,4,83.89209947286088,79.69141758765593,83.89209947286088,79.69141758765593,94.0,94.0,1,1,1.049123090464835e-05,False
132193,,Social Security System,broadband,2025-Q4,2025,4,3.6537086980515574,12.665311844428757,3.6537086980515574,12.665311844428757,15.347,15.347,1,1,1.049123090464835e-05,False
395366,,"McKinsey & Company, Inc.",broadband,2025-Q4,2025,4,149.21430222746804,,149.21430222746804,,63.523,63.523,1,1,1.049123090464835e-05,False
15830,,Equinix (EMEA) Acquisition Enterprises B.V.,broadband,2025-Q4,2025,4,5.995518760176237,5.375039386668941,5.995518760176237,5.375039386668941,71.401,71.401,1,1,1.049123090464835e-05,False
139350,,Solaire Resort & Casino,broadband,2025-Q4,2025,4,92.7024179028509,68.40409338105532,92.7024179028509,68.40409338105532,27.572,27.572,1,1,1.049123090464835e-05,False
153908,,Corona Telecoms,broadband,2025-Q4,2025,4,5.19260974364692,1.993578638874634,5.19260974364692,1.993578638874634,32.469,32.469,1,1,1.049123090464835e-05,False
54801,,Zillion Network Inc.,broadband,2025-Q4,2025,4,11.703008724923865,1.4726089998172054,11.703008724923865,1.4726089998172054,173.0,173.0,1,1,1.049123090464835e-05,False
136503,,"Personal Collection Direct Selling, Inc.",broadband,2025-Q4,2025,4,105.72896832396941,11.851817765194738,105.72896832396941,8.176561863832402,28.692,28.692,1,1,1.049123090464835e-05,False
200017,,Elisteka UAB,broadband,2025-Q4,2025,4,27.20912596673886,1.4740298519402961,27.20912596673886,1.4740298519402961,175.345,175.345,1,1,1.049123090464835e-05,False
140715,,KF Network Limited Corp.,broadband,2025-Q4,2025,4,0.6151341621328255,1.739320653241805,0.6151341621328255,1.739320653241805,120.675,120.675,1,1,1.049123090464835e-05,False
10139,Smart,"Smart Broadband, Inc.",cellular,2023-Q1,2023,1,14.471519513225404,4.812359403948472,5.256491089301472,1.7066123776221678,94.18214374240117,79.105,1490874,14808,49.076455136181394,True
4775,Globe,Globe Telecoms,cellular,2023-Q1,2023,1,21.91382738917687,4.273492212656006,11.775044813204365,1.4621775195454214,51.0726465099227,23.185,1085681,162787,35.738348705996984,True
132199,Globe,Globe Telecom Inc.,cellular,2023-Q1,2023,1,26.109935144869638,14.269170434162723,11.428268761541544,3.933671809402939,58.94929985421904,34.717,350043,46324,11.522683731310856,True
139831,DITO,DITO TELECOMMUNITY CORP.,cellular,2023-Q1,2023,1,15.380442630128952,6.074261472711033,5.037259282978862,2.1136294683597163,75.6231348014681,45.0,110958,22865,3.6525053820781737,True
4797,,Wipro Spectramind Services Pvt Ltd (BPO -INDIA),cellular,2023-Q1,2023,1,68.66456834773304,60.00591997495527,21.57297926757055,33.3674167743649,39.73593464052288,16.197,153,12,0.005036440125614742,True
23944,Sky Cable,SKYBroadband SKYCable Corporation,cellular,2023-Q1,2023,1,63.58804074245618,61.67948198791711,51.59528171185695,32.23617639550038,38.76726573426573,29.421,143,10,0.004707261032437308,True
24081,,SPI Technologies Inc.,cellular,2023-Q1,2023,1,81.27383590330383,30.49253126533854,82.11571095597266,21.537539492993755,70.80879999999999,70.393,5,1,0.00016458954658871706,False
132595,,Solutions Experts and Enablers Inc.,cellular,2023-Q1,2023,1,8.182260898458301,16.167377874275896,6.850706098531322,16.167377874275896,113.04533333333335,17.183,3,2,9.875372795323023e-05,False
10139,Smart,"Smart Broadband, Inc.",cellular,2023-Q2,2023,2,15.43130137705205,4.801080510885688,5.572956310665465,1.6548392832250034,94.55948635730864,79.833,1439794,16779,48.36889515684179,True
4775,Globe,Globe Telecoms,cellular,2023-Q2,2023,2,22.144813779192994,4.249751332788815,11.26011646545842,1.3703035948357147,53.44412001494703,21.587,1008994,128469,33.89646366069203,True
132199,Globe,Globe Telecom Inc.,cellular,2023-Q2,2023,2,24.300055780945648,16.02527461133735,9.569783402498437,4.436894634839556,63.15072214364821,31.624,391241,69141,13.143473934505865,True
139831,DITO,DITO TELECOMMUNITY CORP.,cellular,2023-Q2,2023,2,17.817834396193263,6.171387466801159,5.607125187809665,2.0697696393786402,66.17131571688478,51.207,136415,47148,4.582768668865526,True
23944,Sky Cable,SKYBroadband SKYCable Corporation,cellular,2023-Q2,2023,2,76.64788118462101,68.76962054838609,60.1420219536114,52.091576331075046,17.691692913385825,2.384,127,11,0.004266478180155568,True
4797,,Wipro Spectramind Services Pvt Ltd (BPO -INDIA),cellular,2023-Q2,2023,2,50.30223214535542,35.22538590251965,6.665449335842755,9.15521302239349,50.64049541284404,17.962,109,11,0.00366178048533037,True
132595,,Solutions Experts and Enablers Inc.,cellular,2023-Q2,2023,2,12.00491049830052,4.639377535872687,7.287393182063792,5.7691646127771055,18.586272727272725,13.198,11,1,0.0003695374801709548,False
24081,,SPI Technologies Inc.,cellular,2023-Q2,2023,2,24.09708067123189,1.738168716743261,25.659646369153513,0.07507494505795574,128.97433333333333,44.0,3,1,0.00010078294913753312,False
10139,Smart,"Smart Broadband, Inc.",cellular,2023-Q3,2023,3,15.96091639913188,4.762149500732017,5.591335905380179,1.6557446480937186,90.81339265394168,75.995,1647897,17160,48.136675808727716,True
4775,Globe,Globe Telecoms,cellular,2023-Q3,2023,3,20.99105667531183,4.110771184212838,10.615919412621274,1.37909574222893,52.874346665393446,22.753,1110142,118795,32.42832868538058,True
132199,Globe,Globe Telecom Inc.,cellular,2023-Q3,2023,3,24.879239254844947,17.407389283003685,10.122263046502649,5.150486794659244,57.8471529163783,31.459,477088,53905,13.936204986254776,True
139831,DITO,DITO TELECOMMUNITY CORP.,cellular,2023-Q3,2023,3,22.492675780872506,6.463162688783359,5.404447733078696,2.0119724175372387,66.80050817951228,58.95,187857,53668,5.487485872842879,True
4797,,Wipro Spectramind Services Pvt Ltd (BPO -INDIA),cellular,2023-Q3,2023,3,30.04860891505159,26.46412944120448,6.969341766335983,5.058203334787227,39.015165975103734,16.295,241,11,0.007039844644357857,True
23944,Sky Cable,SKYBroadband SKYCable Corporation,cellular,2023-Q3,2023,3,87.32082365444246,64.26006487779372,69.32326025850186,62.30273610664885,26.527112676056337,3.3715,142,10,0.004147958255181807,True
132595,,Solutions Experts and Enablers Inc.,cellular,2023-Q3,2023,3,10.965514778755217,5.540405524509554,11.219897863515659,4.164896218614159,79.68225000000001,9.3885,4,2,0.00011684389451216359,False
10139,Smart,"Smart Broadband, Inc.",cellular,2023-Q4,2023,4,17.081815187930832,4.506226319190078,5.423621022963378,1.2060698854628968,77.2546535889538,69.399,1374011,18274,46.08338006477111,True
4775,Globe,Globe Telecoms,cellular,2023-Q4,2023,4,18.360488839337105,3.7200170191286364,8.961723241887473,1.3847825226089368,63.655835097196956,37.973,981618,120906,32.92278982658836,True
132199,Globe,Globe Telecom Inc.,cellular,2023-Q4,2023,4,22.910608205216565,16.74627753601046,9.096498831077149,5.077141457589093,71.4572606771874,42.094,437835,55996,14.684683536492111,True
139831,DITO,DITO TELECOMMUNITY CORP.,cellular,2023-Q4,2023,4,27.989910669090833,7.258994059421878,5.620734651413591,2.1073227413486255,62.397947935310654,49.426500000000004,187845,73813,6.300191576535362,True
4797,,Wipro Spectramind Services Pvt Ltd (BPO -INDIA),cellular,2023-Q4,2023,4,49.519625875771816,27.1526803246439,7.323536232917501,4.560806294646982,54.43703333333333,40.257000000000005,150,11,0.005030896411830522,True
23944,Sky Cable,SKYBroadband SKYCable Corporation,cellular,2023-Q4,2023,4,85.04677474643454,64.40858069852835,73.44879007879024,46.6145323664453,29.39354054054054,3.6799999999999997,74,10,0.0024819088965030572,False
24081,,SPI Technologies Inc.,cellular,2023-Q4,2023,4,60.20450562484416,22.88533514521176,42.53634333320222,0.18157430715114373,42.253249999999994,23.922,24,2,0.0008049434258928835,False
132595,,Solutions Experts and Enablers Inc.,cellular,2023-Q4,2023,4,11.383183237522097,11.064680096986377,10.219956308363951,8.340485804008203,20.014937500000002,14.565,16,4,0.0005366289505952557,False
38077,,"Timor Telecom, SA",cellular,2023-Q4,2023,4,0.5477935885349184,0.6591168670054527,0.40511167548137883,0.5666060978962127,242.24666666666667,87.091,3,3,0.00010061792823661044,False
10139,Smart,"Smart Broadband, Inc.",cellular,2024-Q1,2024,1,17.160407969052322,4.882852283404577,5.253880279861388,1.3012321371157682,76.42636956879021,66.822,1382506,17345,45.68266792231502,True
4775,Globe,Globe Telecoms,cellular,2024-Q1,2024,1,19.21797760613975,3.6541548796184795,8.87814064246797,1.3607040352637498,47.478825045920104,30.968,932841,131178,30.824217491511984,True
132199,Globe,Globe Telecom Inc.,cellular,2024-Q1,2024,1,26.269954015253614,19.573176945954852,9.755923785782914,6.312285439467669,43.82251572284086,27.446,483627,40484,15.98066962404897,True
139831,DITO,DITO TELECOMMUNITY CORP.,cellular,2024-Q1,2024,1,31.638786596379795,8.018296813564596,6.54169781297164,2.297373198876657,61.844378229912955,45.0,226982,93071,7.500251955754917,True
4797,,Wipro Spectramind Services Pvt Ltd (BPO -INDIA),cellular,2024-Q1,2024,1,64.74005669937588,35.38430399008057,14.038554888703798,17.6370360748521,24.54814406779661,15.949,236,11,0.007798237135800022,True
23944,Sky Cable,SKYBroadband SKYCable Corporation,cellular,2024-Q1,2024,1,119.53948605714423,62.45636291246349,85.26050184952523,31.513702692122514,24.092552380952384,4.933,105,17,0.0034695546578771283,True
132595,,Solutions Experts and Enablers Inc.,cellular,2024-Q1,2024,1,24.8831729655027,16.80080297771005,25.813776748570405,15.549705156948654,7.604411764705882,5.155,17,2,0.0005617374207991541,False
202013,,Mobile Internet Limited,cellular,2024-Q1,2024,1,1.3031816849711109,0.3367170732258803,1.1597092981965988,0.36147998246667606,142.8277,131.6255,10,7,0.0003304337769406789,False
24081,,SPI Technologies Inc.,cellular,2024-Q1,2024,1,32.96352612927153,122.1974630239318,32.96352612927153,122.1974630239318,82.895,82.895,1,1,3.304337769406789e-05,False
10139,Smart,"Smart Broadband, Inc.",cellular,2024-Q2,2024,2,19.413911470351405,5.504663186760926,6.298737652748553,1.8201445316261553,71.9538237603016,63.014,1456777,17661,46.818310079143735,True
4775,Globe,Globe Telecoms,cellular,2024-Q2,2024,2,18.410535099428127,3.8402316092186393,7.862255462796305,1.4382419589414162,60.513107505621434,45.093,914297,121401,29.383934844132547,True
132199,Globe,Globe Telecom Inc.,cellular,2024-Q2,2024,2,30.5721314877035,21.370827941468114,12.705495985990744,7.008816104170355,40.29475666939902,25.749,472404,47598,15.182252983557412,True
139831,DITO,DITO TELECOMMUNITY CORP.,cellular,2024-Q2,2024,2,33.23546432370253,8.010554793340907,7.994117683984392,2.220910341341006,58.72290965235089,48.977,267838,93273,8.607853182043442,True
23944,Sky Cable,SKYBroadband SKYCable Corporation,cellular,2024-Q2,2024,2,144.35526858174345,56.76490927806442,104.36630128050143,14.096977517343174,19.69196124031008,28.0,129,16,0.004145838381721802,True
4797,,Wipro Spectramind Services Pvt Ltd (BPO -INDIA),cellular,2024-Q2,2024,2,49.873018747767226,25.12740018470919,20.553206008185416,5.593787533743265,78.55059595959595,99.39,99,11,0.003181689920856267,False
132595,,Solutions Experts and Enablers Inc.,cellular,2024-Q2,2024,2,22.05350830755918,12.404235705252221,23.865734420134316,3.5394893508190166,37.58371428571429,5.392,7,2,0.00022496797420195824,False
24081,,SPI Technologies Inc.,cellular,2024-Q2,2024,2,55.54539539569339,58.02694586113707,14.788880308764465,5.245978423743933,18.413,17.09,3,1,9.641484608655354e-05,False
10139,Smart,"Smart Broadband, Inc.",cellular,2024-Q3,2024,3,21.857002286467868,5.749773474852489,6.7962395789020515,1.8347715639556945,72.37262260396528,61.871,1660198,17635,47.929753754169894,True
4775,Globe,Globe Telecoms,cellular,2024-Q3,2024,3,18.40784600857304,4.06638632411776,8.101096141791173,1.481283379679555,61.59090053516035,45.542,974023,136243,28.119948669314038,True
132199,Globe,Globe Telecom Inc.,cellular,2024-Q3,2024,3,31.200730237859588,22.078486169661243,12.539312277641933,7.093167512565557,39.68381415132046,25.596,483216,38727,13.950398621173475,True
139831,DITO,DITO TELECOMMUNITY CORP.,cellular,2024-Q3,2024,3,35.31346422485386,7.831749999450652,8.97681829481382,2.3913493025104184,58.418773529148055,44.818,346117,111013,9.99236391089016,True
23944,Sky Cable,SKYBroadband SKYCable Corporation,cellular,2024-Q3,2024,3,223.45935439962275,93.9199807496956,162.22872751522664,30.950203567852583,16.28987894736842,4.6259999999999994,190,13,0.005485281402153406,True
4797,,Wipro Spectramind Services Pvt Ltd (BPO -INDIA),cellular,2024-Q3,2024,3,22.273054676476242,15.257500072500058,10.65242659475378,4.374300282922678,145.60557812500002,122.269,64,12,0.0018476737354622,False
132595,,Solutions Experts and Enablers Inc.,cellular,2024-Q3,2024,3,38.35749705656877,16.63109098977004,40.07279457322637,11.38449736392512,25.76571428571429,22.338,7,3,0.0002020893148161781,False
10139,Smart,"Smart Broadband, Inc.",cellular,2024-Q4,2024,4,26.647049022675965,6.135241837890942,8.301302865455817,1.7978834419489431,69.47575529023827,63.193,1763942,16595,50.52585568092274,True
4775,Globe,Globe Telecoms,cellular,2024-Q4,2024,4,20.07149260690138,4.416451201514586,9.271260837243497,1.4769041792785509,62.729242411955696,46.335,920359,132536,26.362502853630318,True
132199,Globe,Globe Telecom Inc.,cellular,2024-Q4,2024,4,33.3232928850588,22.380706240965395,13.507996245546838,6.786918612470779,42.3921836273768,26.804,453670,45929,12.99479515016039,True
139831,DITO,DITO TELECOMMUNITY CORP.,cellular,2024-Q4,2024,4,37.38376480601561,7.465468934005598,9.965937314427359,2.2637420567091926,55.820933743736866,43.884,352961,116503,10.110115041761107,True
23944,Sky Cable,SKYBroadband SKYCable Corporation,cellular,2024-Q4,2024,4,184.00416808798047,89.81382278994437,94.84196694493372,25.73935898938449,14.687632432432435,3.874,185,13,0.005299087668965707,True
132595,,Solutions Experts and Enablers Inc.,cellular,2024-Q4,2024,4,23.317444706239606,14.302850290286887,24.0485519031718,7.287229403410299,14.339595238095237,5.9805,42,2,0.0012030361194408632,False
4797,,Wipro Spectramind Services Pvt Ltd (BPO -INDIA),cellular,2024-Q4,2024,4,44.08810723141055,31.632777020888486,50.654538930009736,32.96866454469001,118.43449999999999,113.41550000000001,8,4,0.0002291497370363549,False
10139,Smart,"Smart Broadband, Inc.",cellular,2025-Q1,2025,1,26.108525242642955,6.455851378836823,9.723920515611672,2.2770640363310473,84.98043677763961,75.906,1920911,19783,46.889697189832006,True
4775,Globe,Globe Telecoms,cellular,2025-Q1,2025,1,20.423540592838254,6.950522205384119,8.632647507031594,2.351117167313035,67.58453831720665,50.444,1135358,147251,27.714242264245083,True
132199,Globe,Globe Telecom Inc.,cellular,2025-Q1,2025,1,36.76838973939213,28.10413465100531,16.052129223958076,11.135712058678772,37.8419676313024,25.27,616190,59174,15.041281200119414,True
139831,DITO,DITO TELECOMMUNITY CORP.,cellular,2025-Q1,2025,1,35.71494168772679,7.3835001446696955,11.18107717516707,2.661247669337167,57.36118765422772,45.362,423787,151189,10.344697959971771,True
23944,Sky Cable,SKYBroadband SKYCable Corporation,cellular,2025-Q1,2025,1,82.3840044806579,43.88215038957924,56.61460769370615,23.205874158936606,19.522590078328985,3.047,383,9,0.009349081776149784,True
132595,,Solutions Experts and Enablers Inc.,cellular,2025-Q1,2025,1,21.48392390497776,16.07881254294784,20.79026724781801,7.612938668086285,5.254099999999999,4.145,20,2,0.00048820270371539344,False
4797,,Wipro Spectramind Services Pvt Ltd (BPO -INDIA),cellular,2025-Q1,2025,1,33.73007810484787,44.41194369972208,40.39134623405984,49.12517749633008,148.7894,123.2735,10,4,0.00024410135185769672,False
10139,Smart,"Smart Broadband, Inc.",cellular,2025-Q2,2025,2,24.33614681217166,5.879148783324404,6.839312259370281,1.6890620681545383,93.3660040776201,80.118,1616336,19279,46.553979148959336,True
4775,Globe,Globe Telecoms,cellular,2025-Q2,2025,2,20.47877663819438,7.764475235919473,7.217605556904392,2.154833962759604,80.91757111739233,56.971,1015699,119234,29.254332061909682,True
132199,Globe,Globe Telecom Inc.,cellular,2025-Q2,2025,2,34.71499775507409,23.781045822117363,14.094825423297003,7.713207667285125,46.59642101019036,27.369,461580,55104,13.294504172137879,True
139831,DITO,DITO TELECOMMUNITY CORP.,cellular,2025-Q2,2025,2,35.93669778427845,6.830768575068112,10.994068319233037,2.2645653729723643,61.53600266591829,48.231,377984,132039,10.886758232595355,True
23944,Sky Cable,SKYBroadband SKYCable Corporation,cellular,2025-Q2,2025,2,70.54983037330962,51.738802793993166,57.25302869584383,31.222585451886935,10.75371826625387,3.168,324,10,0.009331902057655602,True
132595,,Solutions Experts and Enablers Inc.,cellular,2025-Q2,2025,2,31.955914937955832,30.783482133914443,35.415039929347806,37.55931073661185,4.115347826086958,3.796,23,2,0.0006624498374261693,False
4797,,Wipro Spectramind Services Pvt Ltd (BPO -INDIA),cellular,2025-Q2,2025,2,17.686593621086157,37.37704440994585,2.5283235081295063,45.803285839299214,124.93846666666666,118.117,15,5,0.0004320325026692408,False
10139,Smart,"Smart Broadband, Inc.",cellular,2025-Q3,2025,3,23.39684317677237,5.532476119798987,4.912729566319759,1.4559173733122854,92.27021487442767,81.254,1668711,18910,43.53744425120107,True
4775,Globe,Globe Telecoms,cellular,2025-Q3,2025,3,23.245157936655016,9.51195256524286,8.01534060534009,2.2310389946087614,72.69746356026013,52.862,1143198,177403,29.82656624968887,True
139831,DITO,DITO TELECOMMUNITY CORP.,cellular,2025-Q3,2025,3,31.482374815750045,5.884607980382199,9.619677670591047,2.0234097723836424,63.59177432255835,48.9725,533049,185380,13.907495738122707,True
132199,Globe,Globe Telecom Inc.,cellular,2025-Q3,2025,3,39.02991033278595,25.367680520852428,15.272945507435235,7.282881351355946,39.55134779068695,26.571,487806,58112,12.727084875932016,True
23944,Sky Cable,SKYBroadband SKYCable Corporation,cellular,2025-Q3,2025,3,125.41343476448297,69.59593909415432,96.47077489184363,15.241077886966536,3.771375,2.4015,32,7,0.0008348948476029908,False
132595,,Solutions Experts and Enablers Inc.,cellular,2025-Q3,2025,3,25.465338883075223,25.701575854978117,24.614224084714188,29.359524292069366,6.385409090909092,6.3495,22,2,0.0005739902077270562,False
10139,Smart,"Smart Broadband, Inc.",cellular,2025-Q4,2025,4,24.373402095512702,5.230380980738584,4.773792763679266,1.2973532097596565,88.34544531871543,76.229,1539402,17295,40.38103022644983,True
4775,Globe,Globe Telecoms,cellular,2025-Q4,2025,4,23.006174060403914,10.36779653476948,7.45995308291581,2.102024444851576,84.26647560365764,64.553,1226345,238027,32.16903350330558,True
139831,DITO,DITO TELECOMMUNITY CORP.,cellular,2025-Q4,2025,4,26.963824234030202,5.207000759176907,8.692360161477438,1.7290742599227293,69.64159840351124,48.231,568823,247102,14.921156888518965,True
132199,Globe,Globe Telecom Inc.,cellular,2025-Q4,2025,4,35.94913282778981,23.668370923279404,14.515998079202273,6.681653037177135,52.4662204268637,32.812,477532,67536,12.52644476627745,True
23944,Sky Cable,SKYBroadband SKYCable Corporation,cellular,2025-Q4,2025,4,125.23697126035718,55.01224960177525,93.89111673826716,8.396122852290983,13.479940476190476,3.4044999999999996,84,2,0.002203457276930773,False
132595,,Solutions Experts and Enablers Inc.,cellular,2025-Q4,2025,4,24.879522363797427,21.5681555030781,29.371296204999506,21.144010272734835,6.2606,6.402,5,1,0.00013115817124587933,False
