asn,operator,as_name,network_type,quarter,year,quarter_num,avg_d_mbps,avg_u_mbps,med_d_mbps,med_u_mbps,avg_lat_ms,med_lat_ms,total_tests,n_ips_approx,market_share_pct,is_reliable
38623,Metfone,ISP/IXP IN CAMBODIA WITH THE BEST VERVICE IN THERE.,broadband,2023-Q1,2023,1,13.041619996158882,10.88007309700873,12.613152273827398,9.457224005642493,94.11219289340102,64.438,1970,1125,26.5964628054543,True
38235,,ANGKOR DATA COMMUNICATION,broadband,2023-Q1,2023,1,25.587836045807204,14.984720812704554,18.42762234676366,2.86582773146007,76.44746857597454,66.0,1257,394,16.97043337383556,True
131178,EZECOM,"EZECOM CO., LTD.",broadband,2023-Q1,2023,1,12.602283364372976,6.968967706953386,10.513497197701906,4.011033216549825,217.70632243517474,247.287,887,434,11.975158633724854,True
131207,,"SINET, Cambodia's specialist Internet and Telecom Service Provider.",broadband,2023-Q1,2023,1,31.937865726187567,20.179101907211695,13.081771977857734,6.155217235827616,142.56342342342344,79.363,555,188,7.492912110166059,True
24492,,WiCAM Corporation Ltd.,broadband,2023-Q1,2023,1,12.280990725940983,12.018324190899422,9.598507227256913,10.039823975162468,72.62005907172995,47.925,474,141,6.39935196435804,True
38901,EZECOM,"EZECOM CO., LTD.",broadband,2023-Q1,2023,1,25.222582762254167,13.510868896243403,13.320081203684762,6.517574543708658,96.2685108695652,63.3345,460,196,6.2103415687862835,True
23673,,"Cogetel Online, Cambodia, ISP",broadband,2023-Q1,2023,1,12.686403196731407,7.407647070555585,7.2455420204115235,4.121266199189978,183.61829683698295,183.794,411,200,5.548805184285135,True
45498,Smart,"SMART AXIATA Co., Ltd.",broadband,2023-Q1,2023,1,5.593864359566279,1.502773598967778,3.7232931675496554,0.8294229351935832,270.6219789029536,255.834,237,49,3.19967598217902,True
9902,,"NEOCOMISP LIMITED, IPTX Transit and Network Service Provider in Cambodia.",broadband,2023-Q1,2023,1,15.279391600985331,12.460930788298272,6.791482997195352,5.250492587829308,66.15681094527365,43.127,203,48,2.7406507357904686,True
139628,,"Mega Truenet Communication Co., Ltd.",broadband,2023-Q1,2023,1,14.038674497275249,9.2999678049372,7.106687351281734,2.9731607980425396,114.0992268907563,85.0,119,34,1.6065883623599297,True
133200,,NeocomISP Limited,broadband,2023-Q1,2023,1,16.717325292523004,16.497501634612654,9.686399432649416,9.423877693058841,50.22640517241379,41.124,116,35,1.5660861347374107,True
38209,Camintel,"CAMINTEL, National Telecommunication Provider, Phnom Penh, Cambodia",broadband,2023-Q1,2023,1,9.13428074881446,12.443340868289567,4.237216282907866,4.999484556746057,64.49211340206186,46.804,97,24,1.3095720264614554,False
132590,,AKCTV Pte. Ltd.,broadband,2023-Q1,2023,1,19.347704637110525,12.335042347924482,19.91859475183396,9.441135199968402,63.858264705882355,44.179,68,11,0.9180504927771027,False
55769,,"SOUTH EAST ASIA TELECOM (Cambodia) Co., LTD",broadband,2023-Q1,2023,1,17.12366994022961,21.031406670858132,12.20630396942526,7.544595271181643,86.10673214285713,82.1505,56,11,0.7560415822870258,False
132080,,"M.A.T Co., Ltd.",broadband,2023-Q1,2023,1,25.919553782120254,19.125620888286317,13.894576972321875,12.55808652323624,68.85516363636366,57.799,55,12,0.742540839746186,False
135375,,"Today Communication Co.,Ltd",broadband,2023-Q1,2023,1,22.99923478914978,20.77331383316885,17.39032791460413,12.2994323514665,95.79235849056602,41.49,53,30,0.7155393546645066,False
132730,,Maximum Business Information Technology,broadband,2023-Q1,2023,1,5.074514330404358,4.009717849769168,1.8673057637331052,2.111894663042528,43.29206250000001,42.7415,48,4,0.6480356419603078,False
150341,,MUDAFA FIBER NET,broadband,2023-Q1,2023,1,3.0718352264082536,14.336296087020198,2.536615114141338,11.20760486722062,91.55023255813953,59.555,43,17,0.5805319292561091,False
135333,,AKCTV Pte. Ltd.,broadband,2023-Q1,2023,1,28.69358402336475,16.26569498782642,22.233814724723665,7.381109874899026,63.20860526315787,44.942,38,14,0.5130282165519103,False
(unknown),,,broadband,2023-Q1,2023,1,24.105683013635264,15.91600040707786,15.645055192818539,10.05380895420097,88.22416216216216,75.183,37,20,0.4995274740110706,False
139285,,"Wingel cooperation co.,Ltd",broadband,2023-Q1,2023,1,12.193768820136976,7.723809473609351,11.251796478702687,5.086787002733807,124.7670303030303,90.442,33,17,0.44552450384771164,False
24441,,"CityLink Corporation, LTD",broadband,2023-Q1,2023,1,24.975286228759337,9.017901490517488,18.418155348161516,5.893784519512808,73.33522222222223,55.0,27,4,0.3645200486026732,False
137853,,"TELNET CO.,LTD",broadband,2023-Q1,2023,1,9.049405392307587,4.4290063848677015,4.852397571281368,2.2144635331714757,125.76894736842104,82.629,19,15,0.25651410827595517,False
137236,,"TURBOTECH CO., LTD.",broadband,2023-Q1,2023,1,21.535561525955966,12.220322512539159,11.10314112288686,6.686541313458687,46.07194444444444,51.191,18,10,0.24301336573511542,False
55636,,"TPLC Holding Ltd.,",broadband,2023-Q1,2023,1,6.2652909305291375,4.552962612110503,4.2990541732815615,4.2934054261736305,63.66558823529411,67.801,17,5,0.22951262319427568,False
138528,,"EMPIRE TECH Co., Ltd.",broadband,2023-Q1,2023,1,3.012070393785191,1.6960667863878658,2.024864776169527,0.4757715400782047,63.429733333333324,69.891,15,9,0.2025111381125962,False
17726,,Telecom Cambodia,broadband,2023-Q1,2023,1,3.0570129273066824,2.8812164888402036,2.4963948956791286,1.6334710447320318,308.5283076923077,378.0,13,7,0.1755096530309167,False
136379,,Istanaimpian Corporation Limited,broadband,2023-Q1,2023,1,2.6334804947416166,2.5409211473701716,1.2312486325833718,0.7483284846730972,80.75725,66.977,12,6,0.16200891049007696,False
58424,,Xinwei (Cambodia) Telecom Co. Ltd,broadband,2023-Q1,2023,1,10.194874008401861,15.220561788434203,5.668354830867039,6.8163555823370015,116.48072727272725,85.937,11,4,0.1485081679492372,False
140659,,"Vonet technology Co., Ltd.",broadband,2023-Q1,2023,1,21.809652398111375,24.039067709273347,17.111272592094874,17.413466894842685,161.83980000000003,77.6425,10,6,0.13500742540839747,False
137551,,"REDLINK TELECOM Co., Ltd",broadband,2023-Q1,2023,1,5.461123386630413,4.618807518456056,3.202513651536603,1.0164427463421561,80.3758,74.12,10,5,0.13500742540839747,False
137811,,"BEE UNION (CAMBODIA) TELECOM CO., LTD",broadband,2023-Q1,2023,1,23.448136055339795,6.511732950159498,11.846717440256453,2.476296998520053,101.7121,70.86,10,9,0.13500742540839747,False
7029,,Windstream Communications LLC,broadband,2023-Q1,2023,1,18.68772945476548,19.45076490157763,5.504221273637856,20.97577906776383,240.3348,221.574,5,2,0.06750371270419873,False
138340,,ESURFING TECHNOLOGY CO.LTD,broadband,2023-Q1,2023,1,40.047448461053705,25.345129156031046,23.57718807688104,25.345129156031046,55.74100000000001,44.598,3,2,0.04050222762251924,False
38286,,PPCTV broadband service is the first cable and DSL internet in Cambodia,broadband,2023-Q1,2023,1,9.453836156748224,0.9176896918319618,9.218592456904279,0.8386618170910045,39.448,39.61,3,1,0.04050222762251924,False
35916,,MULTACOM CORPORATION,broadband,2023-Q1,2023,1,14.227625603728972,0.5312795811375917,14.434160008591881,0.5312795811375917,44.346000000000004,43.821,3,1,0.04050222762251924,False
136744,,DREAM POWER TECHNOLOGY LIMITED,broadband,2023-Q1,2023,1,49.72858650651519,63.38114162035443,48.52821226174026,63.38114162035443,43.14566666666667,39.779,3,1,0.04050222762251924,False
137503,,"Spidernet Co.,Ltd",broadband,2023-Q1,2023,1,8.750480064166556,17.458721358660313,8.750480064166556,17.458721358660313,37.2725,37.2725,2,1,0.02700148508167949,False
132599,,Ministry of Posts and Telecommunication,broadband,2023-Q1,2023,1,15.108940009395551,20.82320513480742,15.108940009395551,9.787796260728154,183.06900000000002,183.06900000000002,2,2,0.02700148508167949,False
139844,,"FIBER NANOTECH (Cambodia) Co.,Ltd",broadband,2023-Q1,2023,1,8.163687685610435,9.33408136588016,8.163687685610435,9.33408136588016,39.6965,39.6965,2,2,0.02700148508167949,False
139588,,Institute of Technology of Cambodia,broadband,2023-Q1,2023,1,7.639267340242952,6.417639077028612,7.639267340242952,6.417639077028612,118.9525,118.9525,2,1,0.02700148508167949,False
137952,,"ANGKOR E & C (CAMBODIA) Co.,Ltd.",broadband,2023-Q1,2023,1,10.782380840878254,,10.782380840878254,,229.556,229.556,1,1,0.013500742540839746,False
138629,,"NSM SOLUTION AND MAINTENANCE CO., LTD.",broadband,2023-Q1,2023,1,17.301565704934152,,17.301565704934152,,41.326,41.326,1,1,0.013500742540839746,False
17976,Cellcard,CAMGSM Company Ltd,broadband,2023-Q1,2023,1,12.606928013199626,7.335321792847272,12.606928013199626,7.335321792847272,71.261,71.261,1,1,0.013500742540839746,False
38623,Metfone,ISP/IXP IN CAMBODIA WITH THE BEST VERVICE IN THERE.,broadband,2023-Q2,2023,2,14.324856990773041,12.115944379706827,13.015159132465351,9.871272930199655,92.18882960325534,58.537,1967,1033,30.177968702055846,True
38235,,ANGKOR DATA COMMUNICATION,broadband,2023-Q2,2023,2,23.799969027603257,15.784787755897266,16.93423268738534,8.4438020456389,86.26901002865331,66.6525,698,353,10.708806382325866,True
131178,EZECOM,"EZECOM CO., LTD.",broadband,2023-Q2,2023,2,11.78281563602287,7.75260347604601,10.986722969036947,4.964215160457468,190.08562759643914,236.42700000000002,674,457,10.340595274624118,True
131207,,"SINET, Cambodia's specialist Internet and Telecom Service Provider.",broadband,2023-Q2,2023,2,35.190755907124434,18.81647293261317,22.791052232641952,7.004783357005464,119.68820341880343,74.347,585,181,8.975145750230132,True
23673,,"Cogetel Online, Cambodia, ISP",broadband,2023-Q2,2023,2,17.1439560591453,12.679741919614688,9.181902286810264,6.015004807746151,180.13440186915886,196.427,535,176,8.208039275851489,True
38901,EZECOM,"EZECOM CO., LTD.",broadband,2023-Q2,2023,2,25.583648101761597,19.02176409313327,12.085538938240752,9.167809800489035,86.03269347826088,57.641999999999996,460,181,7.057379564283522,True
24492,,WiCAM Corporation Ltd.,broadband,2023-Q2,2023,2,20.07973431621692,16.391648504221024,15.644809973656846,13.884634364896822,57.01671636363636,46.286,275,79,4.219085609082541,True
133200,,NeocomISP Limited,broadband,2023-Q2,2023,2,10.124643147272788,8.582621102867776,4.089241817841682,4.12275216246965,52.761299242424236,47.846000000000004,264,53,4.050322184719239,True
45498,Smart,"SMART AXIATA Co., Ltd.",broadband,2023-Q2,2023,2,5.681337170387275,1.2542721422572514,3.160726234099406,0.5304810739610112,171.8165849056604,109.6485,212,53,3.2525314513654497,True
132080,,"M.A.T Co., Ltd.",broadband,2023-Q2,2023,2,20.146330706763624,19.444678956775007,3.377647247445985,5.186919149325933,96.1720267857143,61.242000000000004,112,10,1.718318502608162,True
38209,Camintel,"CAMINTEL, National Telecommunication Provider, Phnom Penh, Cambodia",broadband,2023-Q2,2023,2,8.556371570008995,8.081364124502912,5.5318190002782766,3.7734667265418227,75.8658932038835,48.236,103,20,1.580239337220006,True
9902,,"NEOCOMISP LIMITED, IPTX Transit and Network Service Provider in Cambodia.",broadband,2023-Q2,2023,2,23.36296125699779,16.736838015918803,9.400180980118627,8.731984739483693,60.78574489795919,47.694,98,42,1.5035286897821418,False
139628,,"Mega Truenet Communication Co., Ltd.",broadband,2023-Q2,2023,2,10.39161921674085,10.09737777486159,7.795027547575972,6.213822232670213,108.51780769230768,66.56649999999999,78,38,1.1966861000306843,False
136379,,Istanaimpian Corporation Limited,broadband,2023-Q2,2023,2,5.043917196974336,2.6366900512290607,2.8439976758473233,2.285612352367524,62.455727272727266,60.681,77,10,1.1813439705431115,False
55769,,"SOUTH EAST ASIA TELECOM (Cambodia) Co., LTD",broadband,2023-Q2,2023,2,22.09845215001592,21.219335384209078,7.849148363033758,7.254856830206685,72.6503695652174,61.482,46,16,0.7057379564283522,False
55636,,"TPLC Holding Ltd.,",broadband,2023-Q2,2023,2,10.07631623021601,4.283652951141738,5.92256860479217,2.9804604616313974,63.012138888888884,63.774499999999996,36,7,0.5523166615526235,False
150341,,MUDAFA FIBER NET,broadband,2023-Q2,2023,2,5.035535380642371,17.034217682646517,2.8483281643446023,17.83566034802164,97.28846153846153,63.423,26,17,0.39889536667689474,False
58424,,Xinwei (Cambodia) Telecom Co. Ltd,broadband,2023-Q2,2023,2,7.021352826604833,6.014552792555771,4.925336706213319,4.288145382173758,104.30632,89.587,25,5,0.3835532371893219,False
138528,,"EMPIRE TECH Co., Ltd.",broadband,2023-Q2,2023,2,24.735069106778393,5.059721426718255,3.972316726084397,3.50054616768384,60.98970833333334,63.0625,24,13,0.36821110770174903,False
(unknown),,,broadband,2023-Q2,2023,2,33.47470347993128,41.32427011106888,12.192048661308073,3.5745900214291666,117.20391304347827,71.313,23,17,0.3528689782141761,False
135375,,"Today Communication Co.,Ltd",broadband,2023-Q2,2023,2,19.133928815341527,17.871329285200336,9.439136495120536,13.961274182759375,69.13886363636362,51.355,22,18,0.33752684872660327,False
137551,,"REDLINK TELECOM Co., Ltd",broadband,2023-Q2,2023,2,20.143529440613634,16.3918768824328,20.707042725350462,10.44050261219113,121.62468421052633,79.27,19,6,0.29150046026388465,False
139285,,"Wingel cooperation co.,Ltd",broadband,2023-Q2,2023,2,17.938743994681293,17.353262578157505,8.89648479544792,6.273779486451019,72.55611111111112,62.339,18,12,0.27615833077631174,False
137811,,"BEE UNION (CAMBODIA) TELECOM CO., LTD",broadband,2023-Q2,2023,2,11.842008060195658,7.756126067399458,9.132384985752534,6.000894119422384,122.44914285714287,68.44550000000001,14,7,0.21478981282602025,False
140659,,"Vonet technology Co., Ltd.",broadband,2023-Q2,2023,2,25.611647356079324,24.20224660924026,11.8837281809367,5.814931748687912,84.6743846153846,62.471,13,10,0.19944768333844737,False
55928,,NTT Communications (Phnom Penh ISP POP),broadband,2023-Q2,2023,2,3.260195904192334,3.1959653743642833,4.084323795549034,4.109271851774259,71.8996153846154,64.512,13,2,0.19944768333844737,False
132590,,AKCTV Pte. Ltd.,broadband,2023-Q2,2023,2,23.433238061202037,16.483521939458072,26.63926442664855,17.18987453280196,48.22530769230769,44.112,13,5,0.19944768333844737,False
17726,,Telecom Cambodia,broadband,2023-Q2,2023,2,23.153229555352826,18.313721468535867,15.956410328191646,7.7022160675900215,75.66008333333333,57.503,12,5,0.18410555385087451,False
24441,,"CityLink Corporation, LTD",broadband,2023-Q2,2023,2,3.881058783289914,2.8656369118610763,0.8876237924359804,1.2796008376441788,52.856636363636376,49.067,11,4,0.16876342436330163,False
137236,,"TURBOTECH CO., LTD.",broadband,2023-Q2,2023,2,37.29596649318518,18.397203471538724,29.228551835551425,9.244963352060713,37.161454545454546,34.636,11,6,0.16876342436330163,False
137853,,"TELNET CO.,LTD",broadband,2023-Q2,2023,2,3.501346877787145,4.808052389248817,3.4845545586578393,5.630228355787731,78.7707,66.45,10,10,0.15342129487572875,False
132599,,Ministry of Posts and Telecommunication,broadband,2023-Q2,2023,2,23.451496396321506,15.587816044686697,3.4857799007771453,3.8635912182742365,90.68244444444446,63.224,9,3,0.13807916538815587,False
135333,,AKCTV Pte. Ltd.,broadband,2023-Q2,2023,2,14.142022020019402,6.807443396814999,12.386578684516607,0.30300111080815456,86.85850000000002,63.035,8,3,0.122737035900583,False
137503,,"Spidernet Co.,Ltd",broadband,2023-Q2,2023,2,3.692219855441647,11.627858662906993,2.901072292770723,2.5691525639090846,51.9528,45.954,5,5,0.07671064743786438,False
138629,,"NSM SOLUTION AND MAINTENANCE CO., LTD.",broadband,2023-Q2,2023,2,9.98852658818571,3.9144272260527635,9.905505574304346,3.7448418948361404,300.62874999999997,355.384,4,1,0.0613685179502915,False
132730,,Maximum Business Information Technology,broadband,2023-Q2,2023,2,39.03612505415459,11.941527986832643,39.474242994503015,2.846053612071303,58.189499999999995,58.811499999999995,4,3,0.0613685179502915,False
139056,,"FAST ONE (CAMBODIA) CO., LTD",broadband,2023-Q2,2023,2,24.719780304174336,3.8870335121959885,0.6452762277192752,2.0976633316356676,58.617333333333335,55.998,3,2,0.04602638846271863,False
138340,,ESURFING TECHNOLOGY CO.LTD,broadband,2023-Q2,2023,2,9.451024385034327,36.30913437501152,9.451024385034327,13.21372205638126,68.88499999999999,68.88499999999999,2,2,0.03068425897514575,False
17976,Cellcard,CAMGSM Company Ltd,broadband,2023-Q2,2023,2,24.98632819506867,5.574951565074835,24.98632819506867,5.574951565074835,111.35249999999999,111.35249999999999,2,2,0.03068425897514575,False
38286,,PPCTV broadband service is the first cable and DSL internet in Cambodia,broadband,2023-Q2,2023,2,10.75522285609351,1.2788857911574616,10.75522285609351,0.7000649559265353,53.3085,53.3085,2,2,0.03068425897514575,False
137989,,"BigHub Co.,Ltd",broadband,2023-Q2,2023,2,6.531420032323414,0.8458588126939046,6.531420032323414,0.8458588126939046,152.1135,152.1135,2,2,0.03068425897514575,False
142014,,MARVEL LINK LIMITED,broadband,2023-Q2,2023,2,8.167211922582995,7.302828401005965,8.167211922582995,7.302828401005965,47.004,47.004,1,1,0.015342129487572876,False
139844,,"FIBER NANOTECH (Cambodia) Co.,Ltd",broadband,2023-Q2,2023,2,1.714967004675518,2.8211216698574466,1.714967004675518,2.8211216698574466,68.198,68.198,1,1,0.015342129487572876,False
139588,,Institute of Technology of Cambodia,broadband,2023-Q2,2023,2,8.216795133593042,2.2706093821894995,8.216795133593042,2.2706093821894995,210.369,210.369,1,1,0.015342129487572876,False
38623,Metfone,ISP/IXP IN CAMBODIA WITH THE BEST VERVICE IN THERE.,broadband,2023-Q3,2023,3,13.513607617404544,13.766191943246922,12.084877682870486,13.001073910271415,66.80656871482175,53.942,4264,2270,31.293116101570526,True
24492,,WiCAM Corporation Ltd.,broadband,2023-Q3,2023,3,46.106493130099835,56.25068770146981,47.036874712032386,51.85295187844434,42.07536439114393,37.3805,2168,94,15.910758843387642,True
131178,EZECOM,"EZECOM CO., LTD.",broadband,2023-Q3,2023,3,12.441128058203295,9.91901480036801,10.684022753607469,7.259600695345793,165.15829452529448,203.527,1445,692,10.60472625862322,True
38235,,ANGKOR DATA COMMUNICATION,broadband,2023-Q3,2023,3,36.236573821076796,25.625592491647122,20.755634837531932,13.237109522552831,68.96409344115003,65.998,1113,324,8.168207837956848,True
23673,,"Cogetel Online, Cambodia, ISP",broadband,2023-Q3,2023,3,18.690421976611216,15.051323723349665,9.677582286340828,8.9821852387178,137.21557621951217,50.8815,984,205,7.22148833113166,True
38901,EZECOM,"EZECOM CO., LTD.",broadband,2023-Q3,2023,3,24.93253702541241,17.422790222268567,14.137448450213808,10.277809949274495,64.38813544973544,48.044,945,272,6.935270805812418,True
131207,,"SINET, Cambodia's specialist Internet and Telecom Service Provider.",broadband,2023-Q3,2023,3,30.717609513406153,17.094549146733332,15.870901786031421,8.138049681453504,123.43205473965288,67.158,750,229,5.504183179216204,True
139628,,"Mega Truenet Communication Co., Ltd.",broadband,2023-Q3,2023,3,10.741598649269259,11.016401895729881,3.1151585524869736,4.177836798937619,81.30105390835585,43.867,371,49,2.7227359459856157,True
45498,Smart,"SMART AXIATA Co., Ltd.",broadband,2023-Q3,2023,3,7.151288914569136,1.7853988227774467,5.8063386203762715,1.315289321936174,119.92695856353589,87.691,364,54,2.6713635696462643,True
133200,,NeocomISP Limited,broadband,2023-Q3,2023,3,14.165408432052491,15.781525735126674,10.369927058576012,10.335640193968018,57.056531007751936,42.72,258,68,1.8934390136503743,True
138340,,ESURFING TECHNOLOGY CO.LTD,broadband,2023-Q3,2023,3,5.358150196178577,6.151748501070303,2.916207042903703,2.6265397998750197,63.107398809523815,47.492000000000004,168,6,1.2329370321444297,True
132080,,"M.A.T Co., Ltd.",broadband,2023-Q3,2023,3,15.810882256591789,15.034297554464324,6.583384336850438,7.470418905022517,56.88395402298849,42.131,87,10,0.6384852487890798,False
9902,,"NEOCOMISP LIMITED, IPTX Transit and Network Service Provider in Cambodia.",broadband,2023-Q3,2023,3,15.174762494703103,16.158224679072,7.625552237373199,7.758045395370312,68.40063529411765,43.347,85,34,0.6238074269778365,False
38209,Camintel,"CAMINTEL, National Telecommunication Provider, Phnom Penh, Cambodia",broadband,2023-Q3,2023,3,14.617332567438073,11.96216249331422,8.726946645248857,7.171439297966836,47.797507246376824,45.072,69,33,0.5063848524878908,False
135375,,"Today Communication Co.,Ltd",broadband,2023-Q3,2023,3,34.91206523766344,18.100585599029312,17.61192424413837,9.717635433405368,80.68469565217391,49.607,69,40,0.5063848524878908,False
(unknown),,,broadband,2023-Q3,2023,3,18.626207557023292,15.407881244474964,7.468271804248267,4.702048956602007,54.372296875,42.607,65,16,0.4770292088654044,False
139285,,"Wingel cooperation co.,Ltd",broadband,2023-Q3,2023,3,6.066763173834415,6.087272627099432,4.444891502604032,2.6794990389546003,70.86201785714286,74.0,56,20,0.4109790107148099,False
137811,,"BEE UNION (CAMBODIA) TELECOM CO., LTD",broadband,2023-Q3,2023,3,8.623336816564061,9.236193330228614,4.546366806336385,6.494959073911868,63.42884999999999,53.572,40,16,0.2935564362248642,False
137853,,"TELNET CO.,LTD",broadband,2023-Q3,2023,3,9.702131569991138,8.82866379279209,4.6809953478725275,6.212157553590389,67.29664102564101,59.436,39,20,0.2862175253192426,False
55769,,"SOUTH EAST ASIA TELECOM (Cambodia) Co., LTD",broadband,2023-Q3,2023,3,12.433844012258252,10.793663923852684,9.54926190866602,10.29625124825898,74.33929032258065,74.534,31,16,0.22750623807426978,False
17726,,Telecom Cambodia,broadband,2023-Q3,2023,3,7.541968606012159,34.68219918683455,6.5809631743376595,29.644801790480827,91.65648387096776,54.0,31,11,0.22750623807426978,False
136379,,Istanaimpian Corporation Limited,broadband,2023-Q3,2023,3,6.942412834837829,8.170442726723246,3.619227075235063,6.307775561105236,61.775153846153835,58.0045,26,11,0.19081168354616174,False
55636,,"TPLC Holding Ltd.,",broadband,2023-Q3,2023,3,9.354042182909078,7.422999092828,4.75711297022562,5.048780046341949,63.28505,60.941500000000005,20,10,0.1467782181124321,False
137236,,"TURBOTECH CO., LTD.",broadband,2023-Q3,2023,3,13.997603416652499,11.43362016480372,9.535924146610713,9.305285777785386,52.64529411764706,44.099,17,9,0.12476148539556729,False
38600,Smart,"SMART AXIATA Co., Ltd.",broadband,2023-Q3,2023,3,11.157445038706609,13.795886778798728,5.307344333464009,11.99537253897661,83.44699999999999,72.967,16,5,0.1174225744899457,False
137503,,"Spidernet Co.,Ltd",broadband,2023-Q3,2023,3,31.071575181149264,20.43837414216779,3.7807189450464858,5.049590679557332,59.479600000000005,53.371,15,6,0.11008366358432409,False
138528,,"EMPIRE TECH Co., Ltd.",broadband,2023-Q3,2023,3,29.667970017482677,15.985408248173421,23.719905108308044,8.81798525082577,87.6412857142857,58.6145,14,5,0.10274475267870248,False
132590,,AKCTV Pte. Ltd.,broadband,2023-Q3,2023,3,5.948429840436181,4.4708814145629505,2.8729439484320483,2.0482608882536333,52.1983076923077,48.012,13,5,0.09540584177308087,False
58424,,Xinwei (Cambodia) Telecom Co. Ltd,broadband,2023-Q3,2023,3,11.885043079344918,8.694486488167016,11.350741366539973,7.8073379414165105,75.83761538461539,75.883,13,6,0.09540584177308087,False
137551,,"REDLINK TELECOM Co., Ltd",broadband,2023-Q3,2023,3,15.522801341878848,10.097204026638126,16.469204614099127,10.210978358054161,67.76733333333333,74.6965,12,6,0.08806693086745927,False
55928,,NTT Communications (Phnom Penh ISP POP),broadband,2023-Q3,2023,3,14.229525783080884,7.771956145702897,1.160730606756563,2.6971650705930728,184.69627272727269,74.0,11,4,0.08072801996183766,False
24441,,"CityLink Corporation, LTD",broadband,2023-Q3,2023,3,4.1117838430967915,3.6403477864752576,3.618191032879179,2.1706200775689437,65.80945454545454,73.0,11,3,0.08072801996183766,False
140659,,"Vonet technology Co., Ltd.",broadband,2023-Q3,2023,3,5.720212383899189,5.7846235113201185,6.15476492110918,6.098041467905974,147.14444444444447,194.0,9,9,0.06605019815059446,False
38286,,PPCTV broadband service is the first cable and DSL internet in Cambodia,broadband,2023-Q3,2023,3,7.200711781035145,1.2445183558527175,6.187006942732546,1.02472839127662,120.21842857142856,44.866,7,2,0.05137237633935124,False
139056,,"FAST ONE (CAMBODIA) CO., LTD",broadband,2023-Q3,2023,3,9.019527263822704,16.459207524190443,7.408775098376353,2.030885550583119,56.07500000000001,54.4135,6,3,0.044033465433729636,False
138606,,Suga Pte. Ltd,broadband,2023-Q3,2023,3,1.2320412146510733,0.879585732603749,1.2272582353993453,1.0008996803800276,74.0608,80.0,5,1,0.03669455452810803,False
132599,,Ministry of Posts and Telecommunication,broadband,2023-Q3,2023,3,15.94325478242123,12.511549786095346,14.529902499960341,6.7261963714729145,75.22760000000001,62.141,5,3,0.03669455452810803,False
132730,,Maximum Business Information Technology,broadband,2023-Q3,2023,3,15.652446006115884,11.237084567147681,14.143629064165228,11.879774843827654,43.317750000000004,41.7425,4,3,0.029355643622486424,False
137952,,"ANGKOR E & C (CAMBODIA) Co.,Ltd.",broadband,2023-Q3,2023,3,4.84085142265695,4.647315588056619,4.917848622819067,4.647315588056619,32.43425,30.1375,4,3,0.029355643622486424,False
142014,,MARVEL LINK LIMITED,broadband,2023-Q3,2023,3,24.752216353884535,9.219669971488273,28.32109810054399,2.848450763718167,122.17633333333333,84.688,3,2,0.022016732716864818,False
135333,,AKCTV Pte. Ltd.,broadband,2023-Q3,2023,3,14.256611063263056,4.625860700770647,12.925697068900497,2.5154920273733463,47.76533333333333,48.255,3,2,0.022016732716864818,False
139871,,TONLE,broadband,2023-Q3,2023,3,42.28886917097839,39.317839697006306,42.28886917097839,39.317839697006306,63.212,63.212,2,1,0.014677821811243212,False
139588,,Institute of Technology of Cambodia,broadband,2023-Q3,2023,3,9.679331470830311,8.080818831945457,9.679331470830311,6.9040135763021055,47.0215,47.0215,2,1,0.014677821811243212,False
154515,,"IZOOM SOLUTIONS CO., LTD",broadband,2023-Q3,2023,3,4.513709522874307,10.496451529826873,4.513709522874307,9.724616011136538,40.8845,40.8845,2,1,0.014677821811243212,False
139844,,"FIBER NANOTECH (Cambodia) Co.,Ltd",broadband,2023-Q3,2023,3,36.228854344439036,45.803584828119796,36.228854344439036,45.803584828119796,57.6235,57.6235,2,2,0.014677821811243212,False
17981,,"Cambo Technology(ISP) Co.,Ltd",broadband,2023-Q3,2023,3,20.320693877947267,9.079076702899709,20.320693877947267,9.079076702899709,61.03,61.03,1,1,0.007338910905621606,False
138629,,"NSM SOLUTION AND MAINTENANCE CO., LTD.",broadband,2023-Q3,2023,3,45.66879506990691,13.969708398943938,45.66879506990691,13.969708398943938,168.505,168.505,1,1,0.007338910905621606,False
38623,Metfone,ISP/IXP IN CAMBODIA WITH THE BEST VERVICE IN THERE.,broadband,2023-Q4,2023,4,20.023071123158452,22.074578050150585,14.302919764521853,14.310710900613664,68.69902083333336,53.863,4468,1985,32.400290065264684,True
24492,,WiCAM Corporation Ltd.,broadband,2023-Q4,2023,4,44.35834651379265,47.98058682476879,39.48950650141814,39.295185258077495,40.2595834586466,35.041,1997,100,14.48150833937636,True
38235,,ANGKOR DATA COMMUNICATION,broadband,2023-Q4,2023,4,36.36088316553176,29.502974515976515,20.40480737302028,15.40807841057314,72.53479359673025,57.0,1469,487,10.652646845540247,True
131178,EZECOM,"EZECOM CO., LTD.",broadband,2023-Q4,2023,4,15.259504521303777,12.036211549244264,12.865225632612816,9.68886796535671,164.39729993136586,206.976,1457,845,10.56562726613488,True
38901,EZECOM,"EZECOM CO., LTD.",broadband,2023-Q4,2023,4,24.658266229624502,17.551076894355123,17.08353949415344,11.76435001059147,85.32923748395376,46.274,779,241,5.649021029731689,True
23673,,"Cogetel Online, Cambodia, ISP",broadband,2023-Q4,2023,4,20.7515914668859,12.776302896266762,10.280642813628557,6.786111860481069,152.935912482066,62.913,697,269,5.054387237128354,True
131207,,"SINET, Cambodia's specialist Internet and Telecom Service Provider.",broadband,2023-Q4,2023,4,27.240376060936505,21.023232508697035,13.534892918919496,11.719102632576574,131.42762079510706,72.078,655,292,4.749818709209572,True
133200,,NeocomISP Limited,broadband,2023-Q4,2023,4,18.731919555747677,15.270979541119758,9.594880259044238,10.458618348973944,56.61269583333332,42.192,480,115,3.4807831762146484,True
139628,,"Mega Truenet Communication Co., Ltd.",broadband,2023-Q4,2023,4,27.034192114748592,24.917929204147605,23.56239433864112,26.77239246880793,42.211008771929805,38.6925,456,68,3.3067440174039158,True
45498,Smart,"SMART AXIATA Co., Ltd.",broadband,2023-Q4,2023,4,6.694519222513998,1.8517068169429176,5.489365340803576,1.3451595252019042,117.28160000000003,94.2295,320,56,2.320522117476432,True
132080,,"M.A.T Co., Ltd.",broadband,2023-Q4,2023,4,30.136488999903918,15.764881210943932,12.785494088515366,7.183971513267659,57.075223214285735,52.3835,112,11,0.8121827411167513,True
9902,,"NEOCOMISP LIMITED, IPTX Transit and Network Service Provider in Cambodia.",broadband,2023-Q4,2023,4,13.542777066508076,12.540876393360232,8.47910375790864,9.36620686823205,52.079736363636364,38.183499999999995,110,45,0.7976794778825236,True
55769,,"SOUTH EAST ASIA TELECOM (Cambodia) Co., LTD",broadband,2023-Q4,2023,4,21.623033494565583,14.443542065709387,10.787228221072784,7.836993142314401,86.89216216216217,77.6515,74,27,0.536620739666425,False
135375,,"Today Communication Co.,Ltd",broadband,2023-Q4,2023,4,27.118575687387278,16.989798966362297,16.715636369816274,8.394420771917627,107.36694444444444,46.988,72,39,0.5221174764321972,False
38209,Camintel,"CAMINTEL, National Telecommunication Provider, Phnom Penh, Cambodia",broadband,2023-Q4,2023,4,8.593082671519497,10.114632667173181,5.172095304158153,4.335653596684761,49.80579104477612,45.363,67,25,0.485859318346628,False
137853,,"TELNET CO.,LTD",broadband,2023-Q4,2023,4,7.580801725066817,6.452311032891012,4.662971074962583,4.607838521756016,68.89192727272726,60.577,55,23,0.3988397389412618,False
139285,,"Wingel cooperation co.,Ltd",broadband,2023-Q4,2023,4,12.66140707771353,11.592287752878505,9.473275160711001,5.6838894178714625,54.23757142857142,39.4165,42,21,0.30456852791878175,False
137503,,"Spidernet Co.,Ltd",broadband,2023-Q4,2023,4,28.96034230353201,24.226338418881188,20.394205999394384,14.678702301204627,49.55471428571428,43.8155,42,13,0.30456852791878175,False
38600,Smart,"SMART AXIATA Co., Ltd.",broadband,2023-Q4,2023,4,37.6436839505406,31.39415918607029,29.069640824378407,28.084809875572358,68.6080243902439,59.418,41,18,0.29731689630166785,False
138340,,ESURFING TECHNOLOGY CO.LTD,broadband,2023-Q4,2023,4,39.65658888912304,27.31061307455186,45.71888171864357,23.228326429292864,70.30747368421052,55.158500000000004,38,6,0.27556200145032633,False
174,Cogent,"Cogent Communications, LLC",broadband,2023-Q4,2023,4,32.66379550794192,20.604072519830268,23.50589290146232,20.040945078735728,69.59805405405406,69.113,37,21,0.2683103698332125,False
137551,,"REDLINK TELECOM Co., Ltd",broadband,2023-Q4,2023,4,23.369230716725514,23.084631805667954,19.402642013102064,14.953801158087895,72.4105925925926,51.002,27,10,0.19579405366207397,False
137811,,"BEE UNION (CAMBODIA) TELECOM CO., LTD",broadband,2023-Q4,2023,4,6.424474893549808,8.25078477342168,4.8080757736215105,4.331930405527767,55.06636,47.833,25,11,0.18129079042784627,False
139060,,"CHAOJI SUPER HIGH INTERNET TECHNOLOGY CO., LTD.",broadband,2023-Q4,2023,4,42.5012915078156,28.795611070218488,45.370309353248466,28.943367490764313,33.24541666666667,25.044,24,4,0.17403915881073242,False
136379,,Istanaimpian Corporation Limited,broadband,2023-Q4,2023,4,3.892470092261452,5.0547042306223195,2.151707955916605,5.103490427434461,59.19647826086957,59.563,23,9,0.16678752719361856,False
55636,,"TPLC Holding Ltd.,",broadband,2023-Q4,2023,4,11.352391664181496,14.113038841639584,5.992779997177628,9.270371639958865,66.77609523809522,62.0,21,16,0.15228426395939088,False
138629,,"NSM SOLUTION AND MAINTENANCE CO., LTD.",broadband,2023-Q4,2023,4,17.065395573074902,25.971346023590456,13.42919583901886,13.912898401334708,80.52385,73.48599999999999,20,7,0.145032632342277,False
24441,,"CityLink Corporation, LTD",broadband,2023-Q4,2023,4,13.008127674410384,15.664612581000133,9.456277130714177,9.683424538037235,105.44242105263159,71.412,19,10,0.13778100072516317,False
(unknown),,,broadband,2023-Q4,2023,4,15.97687544325417,7.914718614388699,12.528960328815296,3.3140073517169255,52.117058823529405,53.755,17,7,0.12327773749093546,False
139056,,"FAST ONE (CAMBODIA) CO., LTD",broadband,2023-Q4,2023,4,7.667746999833834,12.51315331041637,6.305835139529999,12.52720776183633,56.153571428571425,55.158500000000004,14,9,0.10152284263959391,False
137236,,"TURBOTECH CO., LTD.",broadband,2023-Q4,2023,4,23.643661839492147,27.092393881425476,15.340751285321854,20.197932022267555,80.70628571428571,40.335499999999996,14,6,0.10152284263959391,False
58424,,Xinwei (Cambodia) Telecom Co. Ltd,broadband,2023-Q4,2023,4,13.783017237441555,5.125975010372524,10.000921037585297,5.265310411011397,80.49935714285714,75.66149999999999,14,9,0.10152284263959391,False
138528,,"EMPIRE TECH Co., Ltd.",broadband,2023-Q4,2023,4,16.510606840119383,11.844558326987348,18.055479336443074,8.7081333425728,69.69746153846154,41.8,13,5,0.09427121102248005,False
38286,,PPCTV broadband service is the first cable and DSL internet in Cambodia,broadband,2023-Q4,2023,4,6.648231939774164,2.0913249880311056,6.970284099716209,2.077319896364985,44.663384615384615,43.311,13,5,0.09427121102248005,False
140659,,"Vonet technology Co., Ltd.",broadband,2023-Q4,2023,4,16.630531369022677,8.051372299651915,9.276883994858624,7.0249357650899285,63.19318181818183,54.0,11,9,0.07976794778825236,False
132599,,Ministry of Posts and Telecommunication,broadband,2023-Q4,2023,4,33.332260061817045,22.487171945857995,29.091706775756712,21.043568520331082,37.04311111111111,36.551,9,4,0.06526468455402465,False
132590,,AKCTV Pte. Ltd.,broadband,2023-Q4,2023,4,32.88487574841596,15.896485882768433,31.26182867370045,10.772113971251354,47.67922222222223,48.181,9,4,0.06526468455402465,False
132730,,Maximum Business Information Technology,broadband,2023-Q4,2023,4,14.126927474989465,6.840614221996783,15.283223908590749,9.032777519723641,53.256625,55.5945,8,4,0.05801305293691081,False
17726,,Telecom Cambodia,broadband,2023-Q4,2023,4,7.736080875306207,37.15412229273296,9.52365649786073,37.45042474660054,105.814125,52.097,8,5,0.05801305293691081,False
136998,,POIPETINTERNET DOT COM,broadband,2023-Q4,2023,4,579.4806399909627,120.20285050063373,668.2485330117015,136.84978545665197,30.591833333333337,30.878999999999998,6,2,0.043509789702683106,False
139844,,"FIBER NANOTECH (Cambodia) Co.,Ltd",broadband,2023-Q4,2023,4,11.614968518184078,17.52175542833828,6.2980464235886995,10.975309704557462,32.55383333333334,32.811,6,4,0.043509789702683106,False
154515,,"IZOOM SOLUTIONS CO., LTD",broadband,2023-Q4,2023,4,41.12128845472842,22.942687799870193,40.45500120649691,21.745097894793993,50.05225,49.9555,4,1,0.029006526468455404,False
135333,,AKCTV Pte. Ltd.,broadband,2023-Q4,2023,4,28.482887254193002,34.735209077450165,30.506248425198105,8.341397098124666,41.058,40.769999999999996,4,2,0.029006526468455404,False
55928,,NTT Communications (Phnom Penh ISP POP),broadband,2023-Q4,2023,4,13.419490857591336,14.017128376092131,14.153915350205038,14.182547766891988,75.20666666666666,72.897,3,3,0.021754894851341553,False
137989,,"BigHub Co.,Ltd",broadband,2023-Q4,2023,4,20.845449546226295,17.46365888738522,17.17249410046887,17.46365888738522,49.032999999999994,48.83,3,2,0.021754894851341553,False
138606,,Suga Pte. Ltd,broadband,2023-Q4,2023,4,3.8562921239313237,4.00787011461479,3.6901174342326546,3.8235666233135848,70.50166666666667,72.259,3,2,0.021754894851341553,False
139226,,"Brother Telecom (Cambodia) co., Ltd.",broadband,2023-Q4,2023,4,7.209259692910234,,7.209259692910234,,45.484,45.484,1,1,0.007251631617113851,False
35916,,MULTACOM CORPORATION,broadband,2023-Q4,2023,4,3.7998055011520524,10.008144505665632,3.7998055011520524,10.055447316829024,53.193,53.193,1,1,0.007251631617113851,False
142014,,MARVEL LINK LIMITED,broadband,2023-Q4,2023,4,11.5241630934289,,11.5241630934289,,47.623,47.623,1,1,0.007251631617113851,False
17976,Cellcard,CAMGSM Company Ltd,broadband,2023-Q4,2023,4,10.882392563929534,11.201403946650027,10.882392563929534,11.201403946650027,73.463,73.463,1,1,0.007251631617113851,False
38623,Metfone,ISP/IXP IN CAMBODIA WITH THE BEST VERVICE IN THERE.,broadband,2024-Q1,2024,1,28.41468317069813,26.18007514862461,22.904541862393213,21.697091228087366,52.45874543575611,42.91,5808,2212,33.481293595434366,True
24492,,WiCAM Corporation Ltd.,broadband,2024-Q1,2024,1,23.947424844132563,26.77494646411941,24.392971351755506,30.70204757288591,35.41107233825775,36.271,1963,130,11.31607770796103,True
131178,EZECOM,"EZECOM CO., LTD.",broadband,2024-Q1,2024,1,16.789774555478527,13.027469382590818,14.19937955243718,11.675620679230677,157.1898674574523,80.631,1940,975,11.183489940623739,True
38235,,ANGKOR DATA COMMUNICATION,broadband,2024-Q1,2024,1,26.129683592704264,22.15686389498139,21.65980843663004,17.55140161755935,59.25389858118761,54.0,1905,542,10.981725946849599,True
131207,,"SINET, Cambodia's specialist Internet and Telecom Service Provider.",broadband,2024-Q1,2024,1,35.81083718700472,23.166184552871304,20.98248301598507,12.333018743588958,124.93063341645887,70.416,1203,281,6.934916700293999,True
38901,EZECOM,"EZECOM CO., LTD.",broadband,2024-Q1,2024,1,28.433882079771028,20.278305878448734,17.312894513060073,12.435293420672572,90.66634830508475,50.0,1180,281,6.802328932956708,True
23673,,"Cogetel Online, Cambodia, ISP",broadband,2024-Q1,2024,1,18.981351244530604,13.292793391301851,8.812444432533608,5.365834196880305,178.2249027237354,190.621,771,305,4.444572548567476,True
45498,Smart,"SMART AXIATA Co., Ltd.",broadband,2024-Q1,2024,1,9.111899377044546,2.4560209286518693,6.926673551679841,1.8957686386262083,92.78856995884773,68.0745,486,56,2.801637170692339,True
137853,,"TELNET CO.,LTD",broadband,2024-Q1,2024,1,10.98470043847694,9.130457794364403,4.418282386907146,4.030085352237403,63.692450643776844,61.959,233,34,1.3431717299821295,True
133200,,NeocomISP Limited,broadband,2024-Q1,2024,1,17.491922991836894,16.16467023498337,13.78944633543232,11.322411389015162,44.08360648148149,41.673,216,85,1.2451720758632616,True
139628,,"Mega Truenet Communication Co., Ltd.",broadband,2024-Q1,2024,1,30.35508165231374,21.583644589688905,21.20827978253998,16.280509956907338,63.14948241206031,41.345,199,57,1.147172421744394,True
132080,,"M.A.T Co., Ltd.",broadband,2024-Q1,2024,1,19.865405169851424,19.22788943964365,10.460542578174827,9.505081963409863,52.96194270833333,51.907,192,17,1.106819622989566,True
174,Cogent,"Cogent Communications, LLC",broadband,2024-Q1,2024,1,21.838412162789453,16.701550506653046,18.779699416708176,17.01075321164742,65.349568627451,68.462,153,72,0.8819968870698104,True
9902,,"NEOCOMISP LIMITED, IPTX Transit and Network Service Provider in Cambodia.",broadband,2024-Q1,2024,1,35.07239378904126,33.93432421110142,13.385674538044285,14.688741623031571,45.43716428571428,40.049,140,58,0.8070559750965585,True
38209,Camintel,"CAMINTEL, National Telecommunication Provider, Phnom Penh, Cambodia",broadband,2024-Q1,2024,1,18.56827217150224,14.600820082556776,6.234775378611123,7.116874203176794,87.94215596330275,51.09,109,43,0.6283507234680348,True
135375,,"Today Communication Co.,Ltd",broadband,2024-Q1,2024,1,21.459753357616503,19.204783444946518,16.896091148143732,11.180386082755264,107.8339528301887,43.894000000000005,107,44,0.6168213523952268,True
137952,,"ANGKOR E & C (CAMBODIA) Co.,Ltd.",broadband,2024-Q1,2024,1,55.26665800870053,19.603431663401448,63.76114660068254,4.098862559300131,95.65118055555553,57.6165,72,2,0.4150573586210872,False
55769,,"SOUTH EAST ASIA TELECOM (Cambodia) Co., LTD",broadband,2024-Q1,2024,1,26.181480039493014,15.662729556636954,12.789720620339493,13.572141735102106,127.2931176470588,77.62049999999999,68,27,0.39199861647547124,False
38600,Smart,"SMART AXIATA Co., Ltd.",broadband,2024-Q1,2024,1,28.273569882293877,32.46446555193103,14.3623160550258,16.8478921405051,72.6686875,53.098,64,32,0.3689398743298553,False
139285,,"Wingel cooperation co.,Ltd",broadband,2024-Q1,2024,1,17.29263503566285,18.977120110595436,10.278735610832488,8.546430609982876,64.3417,41.093,60,26,0.3458811321842393,False
137811,,"BEE UNION (CAMBODIA) TELECOM CO., LTD",broadband,2024-Q1,2024,1,9.723851501572133,11.665961792328808,4.668885403655333,7.24452901419121,63.693596153846165,55.5135,52,21,0.2997636478930074,False
138528,,"EMPIRE TECH Co., Ltd.",broadband,2024-Q1,2024,1,21.320732396241837,19.823654308707862,8.486968240023419,4.787736290432636,109.53215384615385,61.157,40,6,0.23058742145615957,False
137236,,"TURBOTECH CO., LTD.",broadband,2024-Q1,2024,1,25.14144156573791,38.15083955580324,15.883999857217631,15.723586346690512,59.03357894736842,50.069500000000005,38,7,0.21905805038335158,False
140659,,"Vonet technology Co., Ltd.",broadband,2024-Q1,2024,1,11.641967766626774,9.639939614838053,7.03240008851461,6.947738647657678,110.99834375,51.094,32,14,0.18446993716492766,False
132590,,AKCTV Pte. Ltd.,broadband,2024-Q1,2024,1,34.15899137897533,10.223427054492788,47.77098380633885,7.607740919762961,52.35529032258065,55.0,31,10,0.17870525162852366,False
(unknown),,,broadband,2024-Q1,2024,1,34.569820877823744,18.056936122210786,28.106245493180435,14.284453163021107,67.88767741935484,56.0,31,18,0.17870525162852366,False
58424,,Xinwei (Cambodia) Telecom Co. Ltd,broadband,2024-Q1,2024,1,7.102907805656716,5.5720007444631,7.264096556309359,5.80117294602248,80.64235483870968,95.743,31,7,0.17870525162852366,False
137503,,"Spidernet Co.,Ltd",broadband,2024-Q1,2024,1,28.38319948983462,18.1993808594507,21.374715443162682,13.674084232591577,52.96486206896552,56.605,29,6,0.1671758805557157,False
24441,,"CityLink Corporation, LTD",broadband,2024-Q1,2024,1,8.169297925627234,6.136522218703756,6.903586278204445,5.463890489191094,81.19277777777778,71.0,27,10,0.1556465094829077,False
55636,,"TPLC Holding Ltd.,",broadband,2024-Q1,2024,1,7.702887479990543,7.066071988359033,4.588079533773055,7.224822362557979,58.82028,40.527,25,13,0.14411713841009974,False
132599,,Ministry of Posts and Telecommunication,broadband,2024-Q1,2024,1,31.37044296248037,38.59458883043039,19.82657650716825,15.149688757275126,44.17415,40.789500000000004,20,11,0.11529371072807978,False
132730,,Maximum Business Information Technology,broadband,2024-Q1,2024,1,8.233434540707272,22.034831445342853,2.2073622333304126,13.410993823079197,92.1665,58.0,18,7,0.1037643396552718,False
137551,,"REDLINK TELECOM Co., Ltd",broadband,2024-Q1,2024,1,10.082641277037055,12.061801398048617,6.831351308494085,8.854476011125637,80.298375,73.84899999999999,16,12,0.09223496858246383,False
136379,,Istanaimpian Corporation Limited,broadband,2024-Q1,2024,1,6.072286620205885,5.9963707638180415,3.866484286185572,4.258432874104133,53.42142857142857,58.200500000000005,14,9,0.08070559750965585,False
38286,,PPCTV broadband service is the first cable and DSL internet in Cambodia,broadband,2024-Q1,2024,1,6.311351351238572,1.7769418856176813,3.5808893841173446,2.1044951264814644,37.71442857142857,36.525,14,1,0.08070559750965585,False
139056,,"FAST ONE (CAMBODIA) CO., LTD",broadband,2024-Q1,2024,1,8.477741594904735,14.00711106434604,7.838078273451384,12.700512926600648,47.495444444444445,45.912,9,6,0.0518821698276359,False
138340,,ESURFING TECHNOLOGY CO.LTD,broadband,2024-Q1,2024,1,20.67470155536695,14.567961594766263,20.67183826126697,10.47407998369602,68.621,44.838499999999996,8,5,0.046117484291231914,False
17726,,Telecom Cambodia,broadband,2024-Q1,2024,1,4.454874572376428,17.996431318044134,5.483436540914277,11.257269042851112,62.23885714285713,52.508,7,4,0.040352798754827925,False
139588,,Institute of Technology of Cambodia,broadband,2024-Q1,2024,1,5.082132936794607,4.3262747958626475,4.349035743001292,3.8648474892778046,40.60699999999999,39.408,7,1,0.040352798754827925,False
137989,,"BigHub Co.,Ltd",broadband,2024-Q1,2024,1,1.8116095150487215,1.070849561388837,2.5770488780980907,1.4856047658347575,76.65433333333333,47.12,3,1,0.017294056609211968,False
35916,,MULTACOM CORPORATION,broadband,2024-Q1,2024,1,8.175351873884978,6.300774091348831,9.63982962201938,6.905802131744534,72.737,72.698,3,1,0.017294056609211968,False
55928,,NTT Communications (Phnom Penh ISP POP),broadband,2024-Q1,2024,1,7.332340955617377,14.307042219385963,1.576923028013281,14.71390767045,65.35066666666667,72.0,3,2,0.017294056609211968,False
135333,,AKCTV Pte. Ltd.,broadband,2024-Q1,2024,1,44.15366998814458,34.53133792645231,46.095188316134305,45.15374742031928,47.211666666666666,47.483,3,1,0.017294056609211968,False
142014,,MARVEL LINK LIMITED,broadband,2024-Q1,2024,1,24.082880890070925,,24.082880890070925,,85.868,85.868,2,2,0.011529371072807978,False
138606,,Suga Pte. Ltd,broadband,2024-Q1,2024,1,4.25762959120507,2.9478303101112844,4.25762959120507,2.9478303101112844,82.97800000000001,82.97800000000001,2,1,0.011529371072807978,False
139844,,"FIBER NANOTECH (Cambodia) Co.,Ltd",broadband,2024-Q1,2024,1,0.15490966576531778,0.0761422421271222,0.15490966576531778,0.0761422421271222,33.4345,33.4345,2,1,0.011529371072807978,False
138629,,"NSM SOLUTION AND MAINTENANCE CO., LTD.",broadband,2024-Q1,2024,1,16.54707292175712,8.974238962084552,16.54707292175712,8.812100333448166,197.00150000000002,197.00150000000002,2,2,0.011529371072807978,False
136998,,POIPETINTERNET DOT COM,broadband,2024-Q1,2024,1,22.538074186428734,19.324945007316792,22.538074186428734,19.324945007316792,31.6095,31.6095,2,2,0.011529371072807978,False
150381,,VENUS BROADBAND (CAMBODIA) PLC,broadband,2024-Q1,2024,1,12.425855954553363,19.831901110583022,12.425855954553363,19.831901110583022,52.3095,52.3095,2,1,0.011529371072807978,False
139871,,TONLE,broadband,2024-Q1,2024,1,45.09183475120289,29.54372739214557,45.09183475120289,29.54372739214557,52.298,52.298,1,1,0.005764685536403989,False
17981,,"Cambo Technology(ISP) Co.,Ltd",broadband,2024-Q1,2024,1,10.849080193199823,,10.849080193199823,,57.807,57.807,1,1,0.005764685536403989,False
135380,,Ministry of Industry Science Technology and Innovation,broadband,2024-Q1,2024,1,28.13441141178094,168.86416781265476,28.13441141178094,168.86416781265476,33.169,33.169,1,1,0.005764685536403989,False
17976,Cellcard,CAMGSM Company Ltd,broadband,2024-Q1,2024,1,100.34150627530974,160.28904444382223,100.34150627530974,160.28904444382223,97.991,97.991,1,1,0.005764685536403989,False
154515,,"IZOOM SOLUTIONS CO., LTD",broadband,2024-Q1,2024,1,28.414207101078148,14.926308659020812,28.414207101078148,14.926308659020812,38.422,38.422,1,1,0.005764685536403989,False
38623,Metfone,ISP/IXP IN CAMBODIA WITH THE BEST VERVICE IN THERE.,broadband,2024-Q2,2024,2,34.98760836787592,25.494328357171195,35.470370002663316,22.3052031886366,47.107772746128326,40.680499999999995,14465,2649,40.88930348258707,True
38235,,ANGKOR DATA COMMUNICATION,broadband,2024-Q2,2024,2,22.932067383607627,24.52151603774252,14.280057616059374,14.654474512800443,152.88329149064566,101.099,4973,685,14.057553143374038,True
131178,EZECOM,"EZECOM CO., LTD.",broadband,2024-Q2,2024,2,12.647607553154577,12.163940328677278,9.509582426729457,9.056373255738905,190.8535512654121,232.945,3083,1367,8.714947987336046,True
131207,,"SINET, Cambodia's specialist Internet and Telecom Service Provider.",broadband,2024-Q2,2024,2,31.30424725819458,23.814314357772865,19.802314834818,10.710132017476948,107.77155995659254,75.0,1843,419,5.209746720940751,True
38901,EZECOM,"EZECOM CO., LTD.",broadband,2024-Q2,2024,2,25.23259229917909,19.843126466889704,18.33385986844505,12.07310281383117,106.47155795454549,65.061,1763,348,4.983604703753958,True
23673,,"Cogetel Online, Cambodia, ISP",broadband,2024-Q2,2024,2,25.81537677779821,18.487894035718504,16.939817116608662,12.1427505433475,105.59520514761545,46.174,1321,362,3.7341700587969244,True
24492,,WiCAM Corporation Ltd.,broadband,2024-Q2,2024,2,22.84652609375033,19.178109078943482,19.090471538381223,16.392686377730698,42.793663265306115,38.2795,1176,207,3.324287652645862,True
9902,,"NEOCOMISP LIMITED, IPTX Transit and Network Service Provider in Cambodia.",broadband,2024-Q2,2024,2,59.61615642140255,27.71573114855304,30.404736896998493,22.87956142492079,49.802496219281714,39.6205,1058,132,2.9907281772953414,True
139285,,"Wingel cooperation co.,Ltd",broadband,2024-Q2,2024,2,11.08442086527747,8.488599004827776,12.867113158385443,7.508868523852642,70.99744615384616,50.129999999999995,910,35,2.572365445499774,True
45498,Smart,"SMART AXIATA Co., Ltd.",broadband,2024-Q2,2024,2,8.32902941418761,2.1262390702792895,6.151172978711546,1.691423300713211,109.51711259079903,106.3625,826,58,2.334916327453641,True
24441,,"CityLink Corporation, LTD",broadband,2024-Q2,2024,2,21.52369824286365,15.523302432913084,23.970613583096483,15.100686782266187,58.78799281609194,54.0,696,16,1.9674355495251017,True
174,Cogent,"Cogent Communications, LLC",broadband,2024-Q2,2024,2,16.8007957316544,17.135521730458798,15.507543257983347,14.387140234672199,175.80439162112938,211.706,549,138,1.551899592944369,True
133200,,NeocomISP Limited,broadband,2024-Q2,2024,2,15.639838126552993,14.364928394418712,12.365331617589622,11.19219160461996,43.2058223495702,40.955,349,115,0.9865445499773858,True
139628,,"Mega Truenet Communication Co., Ltd.",broadband,2024-Q2,2024,2,35.03167436281392,31.80765505509335,19.02393561832129,17.157647721722817,55.96095611285267,40.497,319,128,0.9017412935323383,True
38209,Camintel,"CAMINTEL, National Telecommunication Provider, Phnom Penh, Cambodia",broadband,2024-Q2,2024,2,9.497436309253587,12.215662646758254,4.886550352402895,5.952513245264234,110.8628529411765,52.1,272,40,0.7688828584350973,True
135375,,"Today Communication Co.,Ltd",broadband,2024-Q2,2024,2,24.287664960624227,20.12444835987371,11.020036559383385,10.0415136,149.54162692307696,209.0,260,59,0.7349615558570782,True
137853,,"TELNET CO.,LTD",broadband,2024-Q2,2024,2,9.984810281645164,7.996945541423643,5.5202564706917805,4.446824788669501,68.66114611872148,57.931,219,29,0.6190637720488467,True
55769,,"SOUTH EAST ASIA TELECOM (Cambodia) Co., LTD",broadband,2024-Q2,2024,2,27.091527313858606,14.77663407514618,15.292891719238643,7.425234181873877,63.19611111111112,67.94,198,33,0.5597014925373134,True
38600,Smart,"SMART AXIATA Co., Ltd.",broadband,2024-Q2,2024,2,26.926793482591656,22.498829388829115,19.74203753408578,16.558257856110895,80.65346625766871,53.253,163,31,0.46076436001809135,True
132080,,"M.A.T Co., Ltd.",broadband,2024-Q2,2024,2,19.956835790905668,18.71878177752076,12.153513237480714,8.861317596726918,57.373167832167816,38.724,143,13,0.40422885572139305,True
137811,,"BEE UNION (CAMBODIA) TELECOM CO., LTD",broadband,2024-Q2,2024,2,16.48131267357834,17.100940881595225,8.750175693267039,12.418485893961437,55.33019285714283,44.7675,140,22,0.39574853007688826,True
17976,Cellcard,CAMGSM Company Ltd,broadband,2024-Q2,2024,2,46.619289841572204,34.22632354681183,32.87914665492728,30.406306524683462,169.21475471698116,226.801,106,35,0.29963817277250115,True
132590,,AKCTV Pte. Ltd.,broadband,2024-Q2,2024,2,10.534287812348648,7.298739498995355,10.776893472219857,6.926689495310716,50.40034999999999,46.002,80,3,0.2261420171867933,False
17726,,Telecom Cambodia,broadband,2024-Q2,2024,2,10.806871087641108,52.04893947765503,10.783945132252452,27.928252280378093,47.3746984126984,49.636,63,46,0.17808683853459972,False
137952,,"ANGKOR E & C (CAMBODIA) Co.,Ltd.",broadband,2024-Q2,2024,2,15.890082613236517,6.86752322236924,12.701958328641531,4.834675436092614,45.58668085106384,40.916,47,4,0.13285843509724107,False
(unknown),,,broadband,2024-Q2,2024,2,16.120815793326734,7.529834778958439,18.794847266302572,5.158764791642085,69.68348936170213,58.89,47,15,0.13285843509724107,False
55636,,"TPLC Holding Ltd.,",broadband,2024-Q2,2024,2,20.734459512773945,8.879947701162894,11.192222507285589,8.77626767039726,60.130025,63.3705,40,17,0.11307100859339665,False
138528,,"EMPIRE TECH Co., Ltd.",broadband,2024-Q2,2024,2,27.791343787652753,15.117542667707161,27.67953423131257,16.220620035616715,51.75091428571429,45.613,35,6,0.09893713251922207,False
140659,,"Vonet technology Co., Ltd.",broadband,2024-Q2,2024,2,17.121995559038844,10.77576131652708,11.795579193917245,10.366528545916191,129.3324516129032,185.0,31,11,0.08763003165988241,False
137503,,"Spidernet Co.,Ltd",broadband,2024-Q2,2024,2,14.871633809300791,20.48051443166815,12.80437695331628,8.575502348044408,53.79096666666668,50.046,30,12,0.08480325644504749,False
137551,,"REDLINK TELECOM Co., Ltd",broadband,2024-Q2,2024,2,13.235718528759161,30.12656358773083,9.418422351329593,9.206146469128159,68.62959090909091,72.19749999999999,22,5,0.06218905472636816,False
137236,,"TURBOTECH CO., LTD.",broadband,2024-Q2,2024,2,25.824220973056544,22.47803524046422,19.92630920688091,13.587356790962348,46.9397619047619,49.579,21,11,0.05936227951153324,False
136379,,Istanaimpian Corporation Limited,broadband,2024-Q2,2024,2,9.881309790734386,11.000125250184075,4.531296663313277,6.758191929388272,51.93465,54.769,20,10,0.056535504296698326,False
58424,,Xinwei (Cambodia) Telecom Co. Ltd,broadband,2024-Q2,2024,2,15.141707712339871,7.662394095024892,10.248742773773518,6.858489366144286,52.884,46.36,15,12,0.042401628222523746,False
150381,,VENUS BROADBAND (CAMBODIA) PLC,broadband,2024-Q2,2024,2,82.83664137531119,52.121889000033946,60.276671443123846,10.704640643617052,39.21442857142857,35.81,14,2,0.03957485300768883,False
132730,,Maximum Business Information Technology,broadband,2024-Q2,2024,2,20.338733995972138,9.489820118363639,9.59762980680434,2.858496437651298,97.64599999999999,40.947,13,9,0.03674807779285391,False
132599,,Ministry of Posts and Telecommunication,broadband,2024-Q2,2024,2,10.152542472080514,13.039227722841684,9.496105790121787,13.51181427157432,130.4213333333333,51.453500000000005,12,5,0.033921302578018994,False
38286,,PPCTV broadband service is the first cable and DSL internet in Cambodia,broadband,2024-Q2,2024,2,13.808377979438916,2.245306376068498,9.565079235498537,2.8320935932982745,50.69216666666667,39.897499999999994,12,6,0.033921302578018994,False
138629,,"NSM SOLUTION AND MAINTENANCE CO., LTD.",broadband,2024-Q2,2024,2,18.402343613614413,12.26772797433922,17.87671190987915,12.478955119882178,80.469375,42.337999999999994,8,5,0.022614201718679332,False
139056,,"FAST ONE (CAMBODIA) CO., LTD",broadband,2024-Q2,2024,2,22.78915356345595,12.111878141367175,19.611669803845107,3.9605615003341406,44.746857142857145,44.329,7,4,0.019787426503844414,False
149634,,"RMO Technology Co., Ltd.",broadband,2024-Q2,2024,2,3.9774021590474713,6.81096726434244,2.285277487676623,6.81096726434244,77.04925,40.551500000000004,4,1,0.011307100859339666,False
135333,,AKCTV Pte. Ltd.,broadband,2024-Q2,2024,2,26.376810315367145,34.32774673391263,26.679542713972317,35.86370203243204,40.0215,39.6205,4,4,0.011307100859339666,False
139060,,"CHAOJI SUPER HIGH INTERNET TECHNOLOGY CO., LTD.",broadband,2024-Q2,2024,2,7.025880474061661,5.756959036857624,5.601038769871731,5.756959036857624,75.14,67.0,3,3,0.008480325644504749,False
136998,,POIPETINTERNET DOT COM,broadband,2024-Q2,2024,2,166.57464544091857,97.74484714522796,197.30591414698262,8.499952752898947,31.08566666666667,29.033,3,2,0.008480325644504749,False
35916,,MULTACOM CORPORATION,broadband,2024-Q2,2024,2,13.754818446234887,8.793882583246184,13.754818446234887,8.793882583246184,56.5875,56.5875,2,2,0.005653550429669833,False
139226,,"Brother Telecom (Cambodia) co., Ltd.",broadband,2024-Q2,2024,2,18.520066471019426,3.2091369541206465,18.520066471019426,3.2091369541206465,83.3415,83.3415,2,2,0.005653550429669833,False
138606,,Suga Pte. Ltd,broadband,2024-Q2,2024,2,7.913630583060309,,7.913630583060309,,78.461,78.461,2,1,0.005653550429669833,False
154515,,"IZOOM SOLUTIONS CO., LTD",broadband,2024-Q2,2024,2,40.530337900505074,,40.530337900505074,,40.686,40.686,1,1,0.0028267752148349165,False
137989,,"BigHub Co.,Ltd",broadband,2024-Q2,2024,2,22.317777852884127,10.442557056899364,22.317777852884127,10.442557056899364,46.085,46.085,1,1,0.0028267752148349165,False
147023,,ESURFING TECHNOLOGY CO.LTD,broadband,2024-Q2,2024,2,46.746626300338086,42.267128709148814,46.746626300338086,42.267128709148814,63.012,63.012,1,1,0.0028267752148349165,False
139844,,"FIBER NANOTECH (Cambodia) Co.,Ltd",broadband,2024-Q2,2024,2,57.25361734927653,42.21550213834184,57.25361734927653,42.21550213834184,33.197,33.197,1,1,0.0028267752148349165,False
55928,,NTT Communications (Phnom Penh ISP POP),broadband,2024-Q2,2024,2,13.642214152586487,2.4873257390360757,13.642214152586487,2.4873257390360757,34.037,34.037,1,1,0.0028267752148349165,False
142014,,MARVEL LINK LIMITED,broadband,2024-Q2,2024,2,15.821034031551529,3.6049423357825545,15.821034031551529,3.6049423357825545,88.652,88.652,1,1,0.0028267752148349165,False
139588,,Institute of Technology of Cambodia,broadband,2024-Q2,2024,2,9.295318303103901,,9.295318303103901,,42.481,42.481,1,1,0.0028267752148349165,False
38623,Metfone,ISP/IXP IN CAMBODIA WITH THE BEST VERVICE IN THERE.,broadband,2024-Q3,2024,3,32.959581239932646,22.70394973046713,29.03209209954479,16.32929763496673,55.49631379851037,48.038,10206,3328,41.484432159986994,True
38235,,ANGKOR DATA COMMUNICATION,broadband,2024-Q3,2024,3,39.325579107076805,38.37807633007776,26.843886615550947,24.66026929081166,54.6625079470199,44.2255,3020,587,12.275424762214454,True
131178,EZECOM,"EZECOM CO., LTD.",broadband,2024-Q3,2024,3,16.928270567261425,13.308483442973708,14.550151986800199,9.223189104047028,192.08406704545453,235.5425,1760,1079,7.153889927648159,True
23673,,"Cogetel Online, Cambodia, ISP",broadband,2024-Q3,2024,3,24.995290822056205,19.913415969471895,15.860520553150216,11.055952716538123,108.60572036262204,60.827,1435,391,5.832859117144948,True
131207,,"SINET, Cambodia's specialist Internet and Telecom Service Provider.",broadband,2024-Q3,2024,3,32.80637337847565,26.843576576434007,18.161941342527918,13.214535476214223,104.31810990840962,74.506,1201,335,4.881716933582635,True
38901,EZECOM,"EZECOM CO., LTD.",broadband,2024-Q3,2024,3,27.47216234554361,22.15272929427642,17.910411991008864,13.193097764339143,96.33617298797408,72.567,1081,344,4.3939517112429884,True
139628,,"Mega Truenet Communication Co., Ltd.",broadband,2024-Q3,2024,3,43.946960069163616,32.381979259644304,26.43132201771999,22.085137903409247,45.676721218961625,39.457,886,142,3.6013332249410617,True
174,Cogent,"Cogent Communications, LLC",broadband,2024-Q3,2024,3,20.45267880137439,18.24669588392511,19.073162610043337,15.399196060865691,49.67139698492466,44.995999999999995,797,168,3.23957401837249,True
9902,,"NEOCOMISP LIMITED, IPTX Transit and Network Service Provider in Cambodia.",broadband,2024-Q3,2024,3,36.42679344182104,38.2065573969818,31.29943774120701,27.512965197292115,46.22642977528088,40.1545,712,121,2.894073652548573,True
24492,,WiCAM Corporation Ltd.,broadband,2024-Q3,2024,3,27.414549024829938,21.81522841709095,19.511115283522194,14.518606517893723,44.4906369982548,38.949,573,177,2.329078936671815,True
45498,Smart,"SMART AXIATA Co., Ltd.",broadband,2024-Q3,2024,3,8.183571744618712,2.3875112180143216,7.216346468097059,1.428551657546186,102.45264864864863,71.3255,519,58,2.109584586618974,True
137853,,"TELNET CO.,LTD",broadband,2024-Q3,2024,3,17.33617606787913,8.884164840414844,8.078865958518954,4.739788477770066,68.00444665012405,59.398,404,47,1.6421429152101454,True
133200,,NeocomISP Limited,broadband,2024-Q3,2024,3,16.567008805168875,11.873458083082806,8.362810261274454,6.271092135584665,40.30587719298247,39.3645,342,111,1.3901308836679944,True
38600,Smart,"SMART AXIATA Co., Ltd.",broadband,2024-Q3,2024,3,40.844643604952076,38.47100580739995,40.51382831499043,33.34528182647233,69.05652314814813,54.4555,216,47,0.8779774002113649,True
135375,,"Today Communication Co.,Ltd",broadband,2024-Q3,2024,3,25.559980965624597,22.214642756408534,20.017286736137788,14.872279945981242,148.83686486486485,71.638,185,59,0.7519713844402894,True
136255,Mytel,"Telecom International Myanmar Co., Ltd",broadband,2024-Q3,2024,3,7.278564836673568,6.462515481204581,4.691491091272562,6.202063315379392,97.58904324324324,79.216,185,105,0.7519713844402894,True
38209,Camintel,"CAMINTEL, National Telecommunication Provider, Phnom Penh, Cambodia",broadband,2024-Q3,2024,3,16.072103925198917,12.78210291679666,10.326701675100068,6.626330523474138,53.915561643835616,43.2385,146,38,0.593447687179904,True
55769,,"SOUTH EAST ASIA TELECOM (Cambodia) Co., LTD",broadband,2024-Q3,2024,3,23.263687632979384,8.80390823632535,15.757355244301934,3.4756044020908563,64.07515555555555,57.42,90,49,0.3658239167547354,False
150381,,VENUS BROADBAND (CAMBODIA) PLC,broadband,2024-Q3,2024,3,17.885497675433786,25.112607489847168,10.292221551956768,18.873769677706708,65.38543820224723,46.228,90,13,0.3658239167547354,False
55636,,"TPLC Holding Ltd.,",broadband,2024-Q3,2024,3,10.303071328176124,11.407378160751874,7.681163115619368,9.193177272900101,54.49518666666666,38.792,75,20,0.30485326396227946,False
139285,,"Wingel cooperation co.,Ltd",broadband,2024-Q3,2024,3,24.3390788418064,15.350011474977144,12.311810877950643,12.7385664,67.01675757575757,57.551,66,30,0.26827087228680596,False
132080,,"M.A.T Co., Ltd.",broadband,2024-Q3,2024,3,21.576339733268686,9.880109035001324,10.948577488309578,5.845793453856022,50.18241818181818,38.362,55,11,0.22355906023900496,False
17976,Cellcard,CAMGSM Company Ltd,broadband,2024-Q3,2024,3,26.530340945867707,24.042232392530735,26.479353479849237,24.4633927382569,71.18694339622641,74.0,53,27,0.2154296398666775,False
137811,,"BEE UNION (CAMBODIA) TELECOM CO., LTD",broadband,2024-Q3,2024,3,22.240383142938818,24.198275467801672,13.344851499255869,8.173528844107082,71.91989361702126,57.479,47,17,0.19104137874969515,False
139871,,TONLE,broadband,2024-Q3,2024,3,6.490040263037337,17.22111869467073,4.147571095789716,19.547855365987385,49.53887804878049,44.156,41,3,0.1666531176327128,False
140659,,"Vonet technology Co., Ltd.",broadband,2024-Q3,2024,3,25.54814437763532,28.445302454135934,11.271044634299457,11.404221859235873,151.87179999999998,186.874,40,18,0.16258840744654907,False
58424,,Xinwei (Cambodia) Telecom Co. Ltd,broadband,2024-Q3,2024,3,13.281735656904193,12.721288036343111,12.47023773454489,10.096605244150975,106.794925,76.152,40,17,0.16258840744654907,False
137503,,"Spidernet Co.,Ltd",broadband,2024-Q3,2024,3,22.664762807934327,13.340463006321592,14.465794814393869,8.097286246594784,49.712,47.357,31,17,0.12600601577107554,False
132730,,Maximum Business Information Technology,broadband,2024-Q3,2024,3,30.240579724995026,17.080285873752853,20.540509522307605,8.666625085185256,49.034035714285714,43.2185,28,11,0.11381188521258434,False
137236,,"TURBOTECH CO., LTD.",broadband,2024-Q3,2024,3,38.204782773549034,30.146536283331205,38.99467752015492,24.864070602510168,53.087799999999994,59.44,25,10,0.10161775465409316,False
132590,,AKCTV Pte. Ltd.,broadband,2024-Q3,2024,3,7.842304607273253,6.571268383758511,7.2870216796308265,4.384342710279823,48.60004166666667,45.998999999999995,24,5,0.09755304446792944,False
35916,,MULTACOM CORPORATION,broadband,2024-Q3,2024,3,7.545417634800352,8.63485931646294,3.213888978807095,3.5700532962692613,47.61786363636364,41.199,22,5,0.08942362409560198,False
142014,,MARVEL LINK LIMITED,broadband,2024-Q3,2024,3,9.977401891281989,7.805633867389009,6.914730731432069,9.174611448321116,85.7125,83.70150000000001,20,2,0.08129420372327453,False
137551,,"REDLINK TELECOM Co., Ltd",broadband,2024-Q3,2024,3,22.536118742234958,11.067829063620316,17.076638470653513,9.216468454087872,48.11925,41.5655,20,10,0.08129420372327453,False
132599,,Ministry of Posts and Telecommunication,broadband,2024-Q3,2024,3,29.08812031752076,23.446282368964848,23.61338011610317,20.782627823528962,37.81655555555555,38.074,18,9,0.07316478335094707,False
24441,,"CityLink Corporation, LTD",broadband,2024-Q3,2024,3,24.199951666841017,16.526405859840327,12.566894259948649,9.450499238212323,81.40535294117647,61.789,17,12,0.06910007316478335,False
138528,,"EMPIRE TECH Co., Ltd.",broadband,2024-Q3,2024,3,9.731945524189829,19.294093639122533,1.9364734319946564,7.483403175176519,65.30417647058823,43.835,17,5,0.06910007316478335,False
(unknown),,,broadband,2024-Q3,2024,3,10.581731864308527,10.79266947928425,10.542219066079586,10.2222278666582,76.36864285714286,59.941500000000005,14,6,0.05690594260629217,False
136379,,Istanaimpian Corporation Limited,broadband,2024-Q3,2024,3,7.65437859575882,17.32317192708395,3.851913129340664,4.652256707312988,55.76438461538461,58.782,13,6,0.05284123242012845,False
139844,,"FIBER NANOTECH (Cambodia) Co.,Ltd",broadband,2024-Q3,2024,3,0.560100745621186,0.5363951762659581,0.5156677964157717,0.4742335570387961,61.184416666666664,44.08,12,1,0.04877652223396472,False
139056,,"FAST ONE (CAMBODIA) CO., LTD",broadband,2024-Q3,2024,3,26.365842649977196,21.7674478257517,17.394121011702513,13.099528392463402,69.01575000000001,45.807,12,6,0.04877652223396472,False
147023,,ESURFING TECHNOLOGY CO.LTD,broadband,2024-Q3,2024,3,33.618065989946714,31.400700723725738,20.556123360272252,19.069700816324858,46.4791,48.4815,10,7,0.040647101861637266,False
38286,,PPCTV broadband service is the first cable and DSL internet in Cambodia,broadband,2024-Q3,2024,3,23.448088291793237,1.0888095356143794,19.836455278490895,1.155342056521926,51.18722222222223,54.0,9,4,0.03658239167547354,False
138340,,ESURFING TECHNOLOGY CO.LTD,broadband,2024-Q3,2024,3,17.27398944774401,11.555533034600565,16.213780380405865,11.969432133779687,53.95466666666667,59.809,9,3,0.03658239167547354,False
138629,,"NSM SOLUTION AND MAINTENANCE CO., LTD.",broadband,2024-Q3,2024,3,15.072225803301762,8.11936304921123,11.053341484089188,7.945220393106352,279.04949999999997,356.019,8,4,0.032517681489309815,False
17726,,Telecom Cambodia,broadband,2024-Q3,2024,3,26.079309233839755,8.019659242763485,28.11458630867371,8.019659242763485,40.20471428571428,45.0,7,3,0.028452971303146085,False
138643,,XINYUAN INTERCONNECT COMPANY LTD,broadband,2024-Q3,2024,3,22.30546777276072,3.962281168740816,0.6493236437270021,3.962281168740816,137.4905,134.663,4,2,0.016258840744654907,False
55928,,NTT Communications (Phnom Penh ISP POP),broadband,2024-Q3,2024,3,41.82108892133172,49.205589192091566,20.35155591060164,18.24603871575732,55.21375,55.7685,4,4,0.016258840744654907,False
135333,,AKCTV Pte. Ltd.,broadband,2024-Q3,2024,3,14.606988292163672,26.832496043975823,9.077160950041412,26.832496043975823,44.065666666666665,44.226,3,2,0.01219413055849118,False
136998,,POIPETINTERNET DOT COM,broadband,2024-Q3,2024,3,203.8121466601674,62.668521623646775,216.45708878083627,54.94588315963172,32.73566666666667,31.547,3,1,0.01219413055849118,False
154515,,"IZOOM SOLUTIONS CO., LTD",broadband,2024-Q3,2024,3,11.478081107233804,8.22408849086416,11.031272087498326,8.22408849086416,56.26666666666667,51.0,3,1,0.01219413055849118,False
137952,,"ANGKOR E & C (CAMBODIA) Co.,Ltd.",broadband,2024-Q3,2024,3,4.621804406913537,2.2367283984004485,4.621804406913537,2.2367283984004485,37.152,37.152,2,2,0.008129420372327454,False
137989,,"BigHub Co.,Ltd",broadband,2024-Q3,2024,3,3.1875378714971094,3.745121019515922,3.1875378714971094,3.745121019515922,41.131,41.131,1,1,0.004064710186163727,False
139226,,"Brother Telecom (Cambodia) co., Ltd.",broadband,2024-Q3,2024,3,35.9348554004873,1.9082526091747392,35.9348554004873,1.9082526091747392,23.984,23.984,1,1,0.004064710186163727,False
38623,Metfone,ISP/IXP IN CAMBODIA WITH THE BEST VERVICE IN THERE.,broadband,2024-Q4,2024,4,34.448419146913835,27.687196522955006,30.799918200368097,23.521153740386413,49.75927421738546,44.0,7443,3072,34.43442054129077,True
38235,,ANGKOR DATA COMMUNICATION,broadband,2024-Q4,2024,4,28.32534473310759,31.665865753775577,14.755981541377707,18.880489716433303,48.65434677944046,42.0,3074,609,14.221605366643535,True
131178,EZECOM,"EZECOM CO., LTD.",broadband,2024-Q4,2024,4,14.523383471859445,11.98104558992179,12.14477251268601,13.074022759742805,185.27333520862635,227.851,2134,775,9.872773536895675,True
139628,,"Mega Truenet Communication Co., Ltd.",broadband,2024-Q4,2024,4,41.38272408157404,27.355925968105847,27.296451380919166,15.446096249091296,51.37312479061977,39.8395,1194,135,5.523941707147814,True
131207,,"SINET, Cambodia's specialist Internet and Telecom Service Provider.",broadband,2024-Q4,2024,4,30.791628201526372,27.598565770996398,14.164070523906442,14.79223637564576,105.50861913875596,73.491,1045,312,4.8346055979643765,True
38901,EZECOM,"EZECOM CO., LTD.",broadband,2024-Q4,2024,4,25.625153921539916,19.824368492403543,16.06375040077098,11.077302142074842,76.02652912621365,59.0,1032,268,4.774462179042332,True
23673,,"Cogetel Online, Cambodia, ISP",broadband,2024-Q4,2024,4,28.823443259740774,18.511077963318193,18.536185282685743,10.248705391700447,77.21740399999997,57.1135,1000,324,4.626416840157298,True
24492,,WiCAM Corporation Ltd.,broadband,2024-Q4,2024,4,24.96630077536281,24.048733646591405,16.675306045344747,15.643100755535013,47.49344870349493,39.473,887,166,4.103631737219524,True
174,Cogent,"Cogent Communications, LLC",broadband,2024-Q4,2024,4,27.449992021975383,23.687088294646266,22.25709921504351,18.49524668721631,47.81272511848341,43.0,633,289,2.9285218598195697,True
45498,Smart,"SMART AXIATA Co., Ltd.",broadband,2024-Q4,2024,4,9.905774832052225,2.781779409807954,7.599548550695002,1.2440481535734886,78.66506534653466,65.09,505,58,2.3363405042794354,True
136255,Mytel,"Telecom International Myanmar Co., Ltd",broadband,2024-Q4,2024,4,9.514170925990939,8.230797370360197,7.889063722001467,7.251229334784109,96.12472654155498,80.731,373,196,1.7256534813786721,True
135375,,"Today Communication Co.,Ltd",broadband,2024-Q4,2024,4,22.827389920788608,23.730585470986252,17.204176479022177,19.816335048141266,251.88292857142838,359.56600000000003,308,48,1.424936386768448,True
137853,,"TELNET CO.,LTD",broadband,2024-Q4,2024,4,20.470181598363816,11.74033472661852,9.489779582969886,5.49642640844869,66.8863357933579,58.56,271,49,1.2537589636826278,True
9902,,"NEOCOMISP LIMITED, IPTX Transit and Network Service Provider in Cambodia.",broadband,2024-Q4,2024,4,26.631482806485746,16.28688928793614,12.12541883688948,8.898076171491178,51.69259523809524,40.8905,252,65,1.1658570437196392,True
38600,Smart,"SMART AXIATA Co., Ltd.",broadband,2024-Q4,2024,4,50.60317463512394,39.40394201382952,39.57537402784558,27.303188340986097,56.47109417040359,52.452,223,60,1.0316909553550775,True
55769,,"SOUTH EAST ASIA TELECOM (Cambodia) Co., LTD",broadband,2024-Q4,2024,4,18.614270568569903,19.947139360907578,4.001026790408262,4.4972522002607525,51.56982000000001,45.510000000000005,200,39,0.9252833680314596,True
133200,,NeocomISP Limited,broadband,2024-Q4,2024,4,21.82231714077979,19.379849896073058,11.718502217769156,9.057537536851775,43.40469680851063,41.0,188,79,0.869766365949572,True
132730,,Maximum Business Information Technology,broadband,2024-Q4,2024,4,32.59215458850288,46.8085120449444,5.700767670751024,53.107384203354215,49.719,45.641,129,17,0.5968077723802915,True
38209,Camintel,"CAMINTEL, National Telecommunication Provider, Phnom Penh, Cambodia",broadband,2024-Q4,2024,4,27.022955225568314,26.473067337406718,13.20141199615181,14.282953252204326,57.745628571428576,42.83,70,30,0.3238491788110109,False
140659,,"Vonet technology Co., Ltd.",broadband,2024-Q4,2024,4,28.758966091009448,20.07189941501912,18.650838860998746,12.5617381079038,131.78907812499997,74.4765,64,24,0.2960906777700671,False
55636,,"TPLC Holding Ltd.,",broadband,2024-Q4,2024,4,6.190149810965681,9.38355836317942,2.8848774723227417,4.320038828897571,80.8722258064516,56.7195,62,20,0.2868378440897525,False
132080,,"M.A.T Co., Ltd.",broadband,2024-Q4,2024,4,51.31355108702819,27.557283084014717,21.9922060015588,10.44588921781811,55.09850847457627,39.759,59,11,0.2729585935692806,False
17976,Cellcard,CAMGSM Company Ltd,broadband,2024-Q4,2024,4,17.971094070641822,34.605419806187875,3.419637877003853,31.934108777516425,120.10945652173916,107.393,46,4,0.2128151746472357,False
138528,,"EMPIRE TECH Co., Ltd.",broadband,2024-Q4,2024,4,28.438428125269372,16.504657028081603,33.51632915005178,12.13054899733205,83.06397435897436,59.837,39,12,0.18043025676613464,False
139285,,"Wingel cooperation co.,Ltd",broadband,2024-Q4,2024,4,66.30816346131377,43.19583672012029,15.294440931540361,26.064199192987857,50.42388235294117,38.6525,34,21,0.15729817256534814,False
137503,,"Spidernet Co.,Ltd",broadband,2024-Q4,2024,4,27.839714911072633,34.53122003272112,20.25684833557302,20.068439470898966,50.35278787878788,50.298,33,13,0.15267175572519084,False
150381,,VENUS BROADBAND (CAMBODIA) PLC,broadband,2024-Q4,2024,4,27.076891260482352,25.80474832834227,23.15650397906895,19.377768498453314,49.05763636363637,38.811,33,12,0.15267175572519084,False
139056,,"FAST ONE (CAMBODIA) CO., LTD",broadband,2024-Q4,2024,4,14.808727830013355,13.866120177314066,9.481966631995224,8.081263173908567,63.95885185185185,45.827,27,11,0.12491325468424705,False
24441,,"CityLink Corporation, LTD",broadband,2024-Q4,2024,4,39.70839864620452,33.99703622139579,10.707933701012639,6.826290479871541,138.09825925925924,72.301,27,18,0.12491325468424705,False
58424,,Xinwei (Cambodia) Telecom Co. Ltd,broadband,2024-Q4,2024,4,14.030696297497942,9.685986406018115,12.50721714051915,8.227479742485349,75.46754545454544,64.209,22,11,0.10178117048346055,False
17726,,Telecom Cambodia,broadband,2024-Q4,2024,4,22.626738815646927,27.50932133468762,11.173285109272316,11.85236367762666,80.053,76.737,21,12,0.09715475364330327,False
137551,,"REDLINK TELECOM Co., Ltd",broadband,2024-Q4,2024,4,29.90955195099018,24.287412026823322,28.029818392860392,19.809551739057316,63.785052631578935,68.59,19,12,0.08790191996298867,False
137811,,"BEE UNION (CAMBODIA) TELECOM CO., LTD",broadband,2024-Q4,2024,4,10.948960662384517,9.367878576405369,5.762410582852413,5.098488261022724,67.94722222222222,70.9685,18,6,0.08327550312283137,False
136379,,Istanaimpian Corporation Limited,broadband,2024-Q4,2024,4,14.266587778565217,24.79387958274123,4.860923746672318,27.743798687909155,52.301294117647046,55.578,17,9,0.07864908628267407,False
139226,,"Brother Telecom (Cambodia) co., Ltd.",broadband,2024-Q4,2024,4,13.01363514544356,13.560684489906002,4.842188489051463,4.335221494843969,58.204142857142855,54.593,14,4,0.06476983576220217,False
151977,,Royal University of Phnom Penh,broadband,2024-Q4,2024,4,61.01678424031261,23.91330597269174,73.03410341402515,19.60924707615761,67.93228571428571,69.878,14,1,0.06476983576220217,False
132599,,Ministry of Posts and Telecommunication,broadband,2024-Q4,2024,4,19.77261769128785,11.216063888645843,18.71692510930079,5.653454737011362,50.28253846153847,50.111,13,9,0.060143418922044875,False
132590,,AKCTV Pte. Ltd.,broadband,2024-Q4,2024,4,27.498242714666187,11.655375524960652,37.28423157393818,4.398184406630442,44.77658333333333,41.111999999999995,12,6,0.055517002081887576,False
137236,,"TURBOTECH CO., LTD.",broadband,2024-Q4,2024,4,29.19470181571577,18.294576274221292,24.387657621551483,19.050285549603114,46.959909090909086,51.89,11,4,0.05089058524173028,False
38286,,PPCTV broadband service is the first cable and DSL internet in Cambodia,broadband,2024-Q4,2024,4,9.971123254148326,5.2450296989145935,11.22194810796501,1.4041525767266356,54.26155555555556,53.717,9,5,0.041637751561415685,False
(unknown),,,broadband,2024-Q4,2024,4,19.479803446959565,13.60007228926767,24.506765321671836,11.253358675202943,59.539,44.9525,8,5,0.037011334721258386,False
147023,,ESURFING TECHNOLOGY CO.LTD,broadband,2024-Q4,2024,4,22.417546470918303,11.145362617518026,11.057553119182767,16.959520723219,46.234375,38.434,8,4,0.037011334721258386,False
35916,,MULTACOM CORPORATION,broadband,2024-Q4,2024,4,34.052553394447045,38.48804334771391,47.03234539329352,41.90329455526314,43.606857142857145,41.366,7,4,0.03238491788110109,False
138629,,"NSM SOLUTION AND MAINTENANCE CO., LTD.",broadband,2024-Q4,2024,4,16.749675999351727,7.560770801801698,11.705701977840532,6.2172956333622285,203.6462857142857,210.543,7,4,0.03238491788110109,False
136998,,POIPETINTERNET DOT COM,broadband,2024-Q4,2024,4,68.32445694535375,99.74400721554612,44.18643623338207,75.78977946948537,32.8996,32.0,5,4,0.023132084200786492,False
17981,,"Cambo Technology(ISP) Co.,Ltd",broadband,2024-Q4,2024,4,8.780855549329472,,8.181988700908994,,56.646,56.426,4,1,0.018505667360629193,False
137989,,"BigHub Co.,Ltd",broadband,2024-Q4,2024,4,16.76142430906775,26.739031572850102,13.772292637462847,29.018752107224056,58.477000000000004,58.5065,4,1,0.018505667360629193,False
142014,,MARVEL LINK LIMITED,broadband,2024-Q4,2024,4,15.626611807690306,9.457059970552677,15.144774011639875,8.298295314209009,117.42500000000001,80.229,4,3,0.018505667360629193,False
139871,,TONLE,broadband,2024-Q4,2024,4,23.899414148241604,2.7556402150098265,2.0931510952513825,1.1411000476596938,39.45433333333333,38.0,3,2,0.013879250520471894,False
55928,,NTT Communications (Phnom Penh ISP POP),broadband,2024-Q4,2024,4,12.841424783867192,18.62510202511834,6.82684343051749,17.735426358286777,39.760333333333335,39.573,3,3,0.013879250520471894,False
138340,,ESURFING TECHNOLOGY CO.LTD,broadband,2024-Q4,2024,4,49.47599917836645,8.400343446525358,49.47599917836645,8.400343446525358,56.5995,56.5995,2,2,0.009252833680314597,False
137966,,NeocomISP Limited,broadband,2024-Q4,2024,4,22.160968383931042,0.3677847726205007,22.160968383931042,0.3677847726205007,37.874,37.874,2,2,0.009252833680314597,False
139844,,"FIBER NANOTECH (Cambodia) Co.,Ltd",broadband,2024-Q4,2024,4,8.74032482174128,,8.74032482174128,,70.379,70.379,1,1,0.004626416840157298,False
138606,,Suga Pte. Ltd,broadband,2024-Q4,2024,4,88.28512666580784,93.59685168062967,88.28512666580784,93.59685168062967,54.5,54.5,1,1,0.004626416840157298,False
135333,,AKCTV Pte. Ltd.,broadband,2024-Q4,2024,4,10.956451948271386,12.21665571535446,10.956451948271386,10.210954713384652,40.594,40.594,1,1,0.004626416840157298,False
38623,Metfone,ISP/IXP IN CAMBODIA WITH THE BEST VERVICE IN THERE.,broadband,2025-Q1,2025,1,40.7239603225635,36.84241335613897,43.40609774907367,34.51808382718586,48.20224548861343,43.783,17350,2513,31.51737542916311,True
38235,,ANGKOR DATA COMMUNICATION,broadband,2025-Q1,2025,1,41.84951996952601,34.690387277671256,24.901652346413506,19.041991368894763,47.88727489207633,40.161,7185,565,13.052008210866683,True
131178,EZECOM,"EZECOM CO., LTD.",broadband,2025-Q1,2025,1,15.44376018119414,10.317398620638263,15.960361011754857,10.31677920740939,201.24375161023957,231.265,6056,693,11.00110810368944,True
131207,,"SINET, Cambodia's specialist Internet and Telecom Service Provider.",broadband,2025-Q1,2025,1,22.716871565446468,19.202455213139846,10.78066013753718,7.924076332358195,113.58476717472946,80.951,4529,268,8.227215753238024,True
23673,,"Cogetel Online, Cambodia, ISP",broadband,2025-Q1,2025,1,34.678772008044874,25.68604641463256,32.00720523973801,19.720583668957932,56.45873081395347,51.954,3445,254,6.258061000199822,True
38901,EZECOM,"EZECOM CO., LTD.",broadband,2025-Q1,2025,1,32.311432415126546,27.255416568722804,15.143158526961997,16.49035500152524,49.736869114126094,42.0,2506,265,4.552307943831859,True
139628,,"Mega Truenet Communication Co., Ltd.",broadband,2025-Q1,2025,1,23.780894814356227,22.52182771262725,13.247896289701746,11.791097976023643,36.849551847437425,35.945,1678,116,3.048193427673527,True
45498,Smart,"SMART AXIATA Co., Ltd.",broadband,2025-Q1,2025,1,14.921131168657322,4.019810335386879,13.19663881398071,3.8488236887019958,77.69919098309332,69.501,1598,58,2.9028683536485675,True
136255,Mytel,"Telecom International Myanmar Co., Ltd",broadband,2025-Q1,2025,1,9.334948838783223,8.008370901422682,8.110069473971379,8.32339567182943,88.15079707252167,75.186,1504,319,2.7321113916692403,True
24492,,WiCAM Corporation Ltd.,broadband,2025-Q1,2025,1,30.06722842779483,24.8798838258655,18.421283815673483,15.910501085848772,39.80076802507838,32.513999999999996,1279,143,2.3233846209740414,True
132080,,"M.A.T Co., Ltd.",broadband,2025-Q1,2025,1,7.0328568142624714,4.610145824548526,4.615911390546206,4.098090131948411,46.38598666666664,33.228,1276,16,2.3179349306981054,True
9902,,"NEOCOMISP LIMITED, IPTX Transit and Network Service Provider in Cambodia.",broadband,2025-Q1,2025,1,75.43436912415635,60.10949383820491,40.191118572006715,21.306326424306217,45.059520559930014,39.326,1145,68,2.079965121982234,True
135375,,"Today Communication Co.,Ltd",broadband,2025-Q1,2025,1,25.050774825946846,28.437379749831603,18.349043062217632,23.346776466095378,288.8316068965517,388.66200000000003,870,47,1.5804101800214354,True
133200,,NeocomISP Limited,broadband,2025-Q1,2025,1,24.694686813842527,28.93077030162217,16.205152904337773,22.284229486308206,44.12773569482288,38.9715,734,79,1.3333575541790041,True
38600,Smart,"SMART AXIATA Co., Ltd.",broadband,2025-Q1,2025,1,161.0320499387109,70.31661364588318,59.531842196255965,54.238409020828264,60.10574927113705,55.7315,686,86,1.2461625097640283,True
139285,,"Wingel cooperation co.,Ltd",broadband,2025-Q1,2025,1,40.99054183584463,38.845069405336645,9.560707302611775,4.6566271493268525,51.73301581027676,33.0055,506,24,0.9191810932078693,True
174,Cogent,"Cogent Communications, LLC",broadband,2025-Q1,2025,1,62.43558480854858,64.07441866511849,88.7295682153347,88.93961250592633,45.60275124378111,40.58,402,57,0.7302584969754219,True
38209,Camintel,"CAMINTEL, National Telecommunication Provider, Phnom Penh, Cambodia",broadband,2025-Q1,2025,1,17.841505199313175,19.44117438487235,16.75194676220358,19.31416870882884,40.82456484149857,39.878,347,25,0.6303475085832622,True
140659,,"Vonet technology Co., Ltd.",broadband,2025-Q1,2025,1,18.317567804295656,10.253670988998428,18.04814847769049,8.562712024406332,184.59602453987725,226.63299999999998,326,12,0.5921996766517102,True
137853,,"TELNET CO.,LTD",broadband,2025-Q1,2025,1,13.373063499837235,6.656860858079277,5.063697550873879,3.3798018899276516,82.32482266009852,61.836,203,27,0.36876237533833495,True
132730,,Maximum Business Information Technology,broadband,2025-Q1,2025,1,68.31446349020867,64.98046632961886,72.1715106625575,83.85702406921328,46.57895238095237,40.391,189,25,0.343330487383967,True
137811,,"BEE UNION (CAMBODIA) TELECOM CO., LTD",broadband,2025-Q1,2025,1,15.586459030800471,16.996004415528294,16.010909580717975,18.17900563049336,64.65601081081081,56.978,185,7,0.33606423368271904,True
136379,,Istanaimpian Corporation Limited,broadband,2025-Q1,2025,1,2.7009270597049526,2.278217144959268,1.9460772873509635,2.021924610818817,62.98860240963855,54.0965,166,15,0.30154952860179113,True
24441,,"CityLink Corporation, LTD",broadband,2025-Q1,2025,1,7.881864739443432,6.462712988019477,3.8894827163289847,4.305198523192955,62.428244755244755,52.617,143,14,0.25976856981961527,True
55769,,"SOUTH EAST ASIA TELECOM (Cambodia) Co., LTD",broadband,2025-Q1,2025,1,27.071497845181717,29.92636967927431,17.419810692738636,15.832816595907424,55.89364835164835,47.0,91,41,0.16530727170339152,False
17726,,Telecom Cambodia,broadband,2025-Q1,2025,1,12.756450688750279,24.00625114304595,14.180663850548434,17.036247592991685,86.65172368421051,80.9265,76,21,0.1380588203237116,False
55636,,"TPLC Holding Ltd.,",broadband,2025-Q1,2025,1,5.321426333820324,10.322814413343357,1.9912680699012961,3.242737654591983,58.19249275362319,47.793,69,21,0.12534287634652763,False
132599,,Ministry of Posts and Telecommunication,broadband,2025-Q1,2025,1,37.057139864438405,24.361793496175864,26.78065658756026,20.46490215776555,141.61195384615388,199.417,65,7,0.11807662264527966,False
138528,,"EMPIRE TECH Co., Ltd.",broadband,2025-Q1,2025,1,27.62241649714598,25.875916819850456,33.499454365655566,27.374654603890956,122.3914677419355,67.6845,62,10,0.11262693236934368,False
132590,,AKCTV Pte. Ltd.,broadband,2025-Q1,2025,1,21.072604344944434,17.180809867068092,7.425974401951446,8.998810086206905,59.56558333333333,42.180499999999995,48,9,0.08719504441497575,False
142014,,MARVEL LINK LIMITED,broadband,2025-Q1,2025,1,20.419136321427388,25.370940645741726,15.930694185196518,18.758198711845633,99.70949999999999,96.951,44,2,0.07992879071372777,False
17976,Cellcard,CAMGSM Company Ltd,broadband,2025-Q1,2025,1,20.921501915516245,14.959580156469572,17.234014594101893,14.976037726226867,150.5631,104.17599999999999,40,12,0.0726625370124798,False
150381,,VENUS BROADBAND (CAMBODIA) PLC,broadband,2025-Q1,2025,1,30.713843726047156,21.562197720465292,20.830039740286598,16.97023468752147,53.70171428571429,35.405,35,18,0.06357971988591982,False
137503,,"Spidernet Co.,Ltd",broadband,2025-Q1,2025,1,24.06089230864058,19.974058253989902,15.174375562584615,14.437746491153867,52.89132352941176,42.4685,34,18,0.06176315646060782,False
58424,,Xinwei (Cambodia) Telecom Co. Ltd,broadband,2025-Q1,2025,1,12.718967328321302,8.627983333563607,8.563475107104537,6.412633510183646,68.03771428571429,66.606,21,12,0.03814783193155189,False
137551,,"REDLINK TELECOM Co., Ltd",broadband,2025-Q1,2025,1,32.967864362117766,25.71644709909166,15.317179959480567,16.24599167476298,82.60331578947368,69.947,19,12,0.0345147050809279,False
138629,,"NSM SOLUTION AND MAINTENANCE CO., LTD.",broadband,2025-Q1,2025,1,12.601055960483793,14.85937944498425,8.167153590257929,9.954862964215307,230.70666666666673,212.92950000000002,18,9,0.03269814165561591,False
(unknown),,,broadband,2025-Q1,2025,1,24.00270729863843,5.32252206286694,25.707394311150146,6.642131098281964,39.839470588235294,33.404,17,6,0.03088157823030391,False
139871,,TONLE,broadband,2025-Q1,2025,1,40.124267435869555,27.510361571989414,41.34256354054635,29.742079796494043,43.43575,40.324,16,4,0.029065014804991917,False
147023,,ESURFING TECHNOLOGY CO.LTD,broadband,2025-Q1,2025,1,12.548342061927169,13.26111674845169,7.2220465883736225,8.534787894131853,33.68693333333333,30.556,15,9,0.027248451379679923,False
137236,,"TURBOTECH CO., LTD.",broadband,2025-Q1,2025,1,72.30274997456665,28.422426620143746,32.49801338254933,28.694462826560883,47.19433333333333,37.920500000000004,12,5,0.021798761103743937,False
139056,,"FAST ONE (CAMBODIA) CO., LTD",broadband,2025-Q1,2025,1,10.548381690561115,6.652978963366505,3.3917075996603354,4.896799927450751,48.452,46.834,9,5,0.016349070827807954,False
135333,,AKCTV Pte. Ltd.,broadband,2025-Q1,2025,1,8.94431739025703,9.010501835476624,9.5805314185626,9.52368252684077,41.674749999999996,41.497,8,1,0.014532507402495959,False
38286,,PPCTV broadband service is the first cable and DSL internet in Cambodia,broadband,2025-Q1,2025,1,8.056786848539351,13.780417755767452,7.019226565276608,18.921891927837226,50.66533333333333,42.186,6,3,0.010899380551871968,False
138606,,Suga Pte. Ltd,broadband,2025-Q1,2025,1,56.732278154340214,45.005052866067366,36.494951072499305,45.005052866067366,56.26899999999999,56.166,5,3,0.009082817126559974,False
137989,,"BigHub Co.,Ltd",broadband,2025-Q1,2025,1,52.323472639043395,51.656608017097135,25.0183419645611,38.06510560565783,42.6366,43.141,5,2,0.009082817126559974,False
139844,,"FIBER NANOTECH (Cambodia) Co.,Ltd",broadband,2025-Q1,2025,1,31.2029145088612,27.818719683391112,30.46513700231993,18.0661084414276,101.93560000000001,29.836,5,3,0.009082817126559974,False
35916,,MULTACOM CORPORATION,broadband,2025-Q1,2025,1,35.02064039861057,10.829783711037487,43.14215032366698,5.31538275919129,43.231,39.1235,4,3,0.007266253701247979,False
138340,,ESURFING TECHNOLOGY CO.LTD,broadband,2025-Q1,2025,1,1.1065433550603647,0.024743390253917728,0.5111580898679777,0.02559764486947635,127.262,122.294,3,1,0.005449690275935984,False
137966,,NeocomISP Limited,broadband,2025-Q1,2025,1,18.86337370719372,34.55206414733824,9.808806560342857,30.44068470493649,53.35466666666667,41.55,3,3,0.005449690275935984,False
3491,,PCCW Global (HK) Ltd.,broadband,2025-Q1,2025,1,169.8010304976034,128.49819280651442,169.8010304976034,128.49819280651442,3.465,3.465,2,1,0.0036331268506239896,False
151977,,Royal University of Phnom Penh,broadband,2025-Q1,2025,1,84.46184835568585,22.40160489526726,84.46184835568585,22.40160489526726,52.1995,52.1995,2,1,0.0036331268506239896,False
137952,,"ANGKOR E & C (CAMBODIA) Co.,Ltd.",broadband,2025-Q1,2025,1,8.857234917674962,3.905575605391497,8.857234917674962,3.905575605391497,218.2855,218.2855,2,2,0.0036331268506239896,False
139226,,"Brother Telecom (Cambodia) co., Ltd.",broadband,2025-Q1,2025,1,8.451703031700662,1.5742693759853295,8.451703031700662,1.5742693759853295,41.391,41.391,2,2,0.0036331268506239896,False
140974,,Mengly J. Quach Education PLC,broadband,2025-Q1,2025,1,67.66511994222557,75.83875414713305,67.66511994222557,75.83875414713305,37.696,37.696,1,1,0.0018165634253119948,False
136998,,POIPETINTERNET DOT COM,broadband,2025-Q1,2025,1,262.66119907799697,264.16256814304154,262.66119907799697,264.16256814304154,31.811,31.811,1,1,0.0018165634253119948,False
154515,,"IZOOM SOLUTIONS CO., LTD",broadband,2025-Q1,2025,1,6.485122563260674,1.1952385222329083,6.485122563260674,1.1952385222329083,57.0,57.0,1,1,0.0018165634253119948,False
38623,Metfone,ISP/IXP IN CAMBODIA WITH THE BEST VERVICE IN THERE.,broadband,2025-Q2,2025,2,27.311398102619826,25.543832479171357,21.36225566529607,21.240611314512,48.297527579836355,41.265,18949,3974,60.761239017507854,True
38235,,ANGKOR DATA COMMUNICATION,broadband,2025-Q2,2025,2,22.51871918701096,19.711891335281585,16.0419530233372,15.37029894704287,48.29820788863108,41.134,2156,777,6.913358558327455,True
131178,EZECOM,"EZECOM CO., LTD.",broadband,2025-Q2,2025,2,15.435977816105567,12.051108194283941,14.626039654286732,9.956936598140604,171.63622878932313,214.848,2099,1446,6.7305842365163855,True
131207,,"SINET, Cambodia's specialist Internet and Telecom Service Provider.",broadband,2025-Q2,2025,2,30.271115606117124,27.029677994548557,17.26147332672293,15.397481349558246,112.7157350187266,79.888,1068,368,3.4246136086705574,True
23673,,"Cogetel Online, Cambodia, ISP",broadband,2025-Q2,2025,2,25.147246782044526,20.244470944775742,16.285154825783504,14.023218247405712,88.93604541062804,55.207,1035,389,3.3187968960430965,True
38901,EZECOM,"EZECOM CO., LTD.",broadband,2025-Q2,2025,2,25.571371880651075,20.793114285100643,15.380742455162764,12.322059158142501,66.49541960784313,47.0025,1020,332,3.270698390303341,True
24492,,WiCAM Corporation Ltd.,broadband,2025-Q2,2025,2,24.429498101825683,21.032783235471463,14.345019882357091,13.353559799757983,42.36643593314763,31.741500000000002,718,285,2.302315141409607,True
45498,Smart,"SMART AXIATA Co., Ltd.",broadband,2025-Q2,2025,2,10.265045716442529,2.375019884684741,8.123615435877142,1.7355168700107697,76.8380583501006,69.979,498,58,1.5968703905598667,True
136255,Mytel,"Telecom International Myanmar Co., Ltd",broadband,2025-Q2,2025,2,7.417667587718321,6.652962153136956,6.784834763465339,6.640285270708096,98.6191552795031,77.0,483,161,1.5487718848201115,True
38600,Smart,"SMART AXIATA Co., Ltd.",broadband,2025-Q2,2025,2,38.05375911003004,35.48832338683298,28.37084569206665,20.00493986267182,68.9542936507936,59.922,378,130,1.2120823446418265,True
139628,,"Mega Truenet Communication Co., Ltd.",broadband,2025-Q2,2025,2,25.49029828117738,25.95548988427251,15.7646223637134,16.862657787796465,44.393567493112954,38.81,363,159,1.1639838389020714,True
17976,Cellcard,CAMGSM Company Ltd,broadband,2025-Q2,2025,2,30.644844303988176,28.974097809451774,26.327399806695105,19.81442294452328,71.48961010830327,73.746,277,87,0.8882190726608094,True
9902,,"NEOCOMISP LIMITED, IPTX Transit and Network Service Provider in Cambodia.",broadband,2025-Q2,2025,2,23.930849943272587,19.31685352145842,12.56407085929414,12.45398362458668,46.17573722627737,38.6785,274,119,0.8785993715128584,True
137853,,"TELNET CO.,LTD",broadband,2025-Q2,2025,2,9.817940863001493,5.988019671446027,5.794135747203544,3.6527201767979545,135.11058910891092,112.78550000000001,202,73,0.6477265439620342,True
133200,,NeocomISP Limited,broadband,2025-Q2,2025,2,25.76637387106516,32.2768074003756,13.620916256540317,10.918548041476345,49.385126262626265,42.760999999999996,198,81,0.6349002757647663,True
135375,,"Today Communication Co.,Ltd",broadband,2025-Q2,2025,2,18.38854392096783,15.575654263481663,12.145938804437197,8.002507197492802,260.01404907975456,202.046,164,77,0.5258769960879882,True
55769,,"SOUTH EAST ASIA TELECOM (Cambodia) Co., LTD",broadband,2025-Q2,2025,2,24.093449290797782,17.24336233025192,17.23026982101613,9.64117578241006,56.26224999999999,42.653999999999996,148,77,0.4745719232989162,True
132730,,Maximum Business Information Technology,broadband,2025-Q2,2025,2,24.84695544826559,36.35906141229235,9.667764161923579,21.090735066309517,81.28063461538463,44.929500000000004,104,41,0.33348297312896813,True
139285,,"Wingel cooperation co.,Ltd",broadband,2025-Q2,2025,2,17.746393624018776,13.648078417150964,7.821692760977171,8.34310934362459,52.337763440860215,47.405,93,35,0.2982107355864811,False
58424,,Xinwei (Cambodia) Telecom Co. Ltd,broadband,2025-Q2,2025,2,11.45488056853181,13.779621376173438,8.980434006233395,9.270603044648126,75.22752941176469,76.815,85,59,0.2725581991919451,False
17726,,Telecom Cambodia,broadband,2025-Q2,2025,2,10.689706782581391,23.483083956930106,8.638257221571845,17.688098612050823,75.45641249999998,75.995,80,56,0.2565253639453601,False
137503,,"Spidernet Co.,Ltd",broadband,2025-Q2,2025,2,21.878637331027562,19.058035961189997,9.343135482673206,9.269991282662616,58.11463636363636,47.585,77,30,0.24690566279740908,False
138629,,"NSM SOLUTION AND MAINTENANCE CO., LTD.",broadband,2025-Q2,2025,2,20.178345787338227,24.20216703257792,13.703679987413942,20.736968936246,56.72477049180327,44.864,61,7,0.19560059000833707,False
55636,,"TPLC Holding Ltd.,",broadband,2025-Q2,2025,2,8.839323249785833,12.460202234723342,3.1291444875192695,4.995173406628444,60.16713333333333,63.6005,60,21,0.19239402295902008,False
174,Cogent,"Cogent Communications, LLC",broadband,2025-Q2,2025,2,27.229193183210608,17.845718736557462,8.964146690085268,11.16568167607838,49.42176666666667,43.4055,60,28,0.19239402295902008,False
132080,,"M.A.T Co., Ltd.",broadband,2025-Q2,2025,2,27.38126914554939,12.011020126659757,21.34702281641622,8.21099717942326,40.70747169811321,33.754,53,18,0.16994805361380105,False
137811,,"BEE UNION (CAMBODIA) TELECOM CO., LTD",broadband,2025-Q2,2025,2,22.026653809551334,22.423094534229485,14.979175412715266,17.33114637187146,63.856489795918385,58.392,49,15,0.15712178541653307,False
137236,,"TURBOTECH CO., LTD.",broadband,2025-Q2,2025,2,30.642575490699308,14.256916107135059,27.79504992085954,12.768988046517931,60.62295238095238,54.3655,42,16,0.13467581607131404,False
38209,Camintel,"CAMINTEL, National Telecommunication Provider, Phnom Penh, Cambodia",broadband,2025-Q2,2025,2,24.69398754757829,33.2238861156158,14.440387382392286,15.800982615487518,51.76987804878049,42.0,41,22,0.13146924902199705,False
137551,,"REDLINK TELECOM Co., Ltd",broadband,2025-Q2,2025,2,15.024125064356644,10.028667529971015,8.936224179690988,5.805733923358548,83.6008717948718,74.027,39,17,0.12505611492336305,False
(unknown),,,broadband,2025-Q2,2025,2,19.300879429658572,12.251514209693728,20.40427389251613,10.01269906565448,53.523941176470586,34.7505,34,6,0.10902327967677804,False
140659,,"Vonet technology Co., Ltd.",broadband,2025-Q2,2025,2,34.31347024620658,8.947202007774125,22.369925237350422,8.367945167317934,72.34091176470588,68.24549999999999,34,17,0.10902327967677804,False
35916,,MULTACOM CORPORATION,broadband,2025-Q2,2025,2,17.1700525194668,16.837295783139943,7.206818951760192,8.012342027733764,72.76987878787877,42.0,33,12,0.10581671262746103,False
24441,,"CityLink Corporation, LTD",broadband,2025-Q2,2025,2,35.0410149652865,56.059103632468194,7.372985742149521,12.935872336863973,51.5221935483871,51.0,31,16,0.09940357852882704,False
139056,,"FAST ONE (CAMBODIA) CO., LTD",broadband,2025-Q2,2025,2,11.764505485906852,17.459764150661513,8.07918039827328,13.324247458201025,45.12495454545455,44.043,22,10,0.07054447508497402,False
137966,,NeocomISP Limited,broadband,2025-Q2,2025,2,31.072166385767204,9.470895384259519,7.164827791822724,11.530704081868352,82.90063636363635,62.351,22,7,0.07054447508497402,False
138528,,"EMPIRE TECH Co., Ltd.",broadband,2025-Q2,2025,2,28.31843938617377,23.16348989162674,26.774408036355716,18.156941147694603,59.423272727272746,45.305,22,9,0.07054447508497402,False
136379,,Istanaimpian Corporation Limited,broadband,2025-Q2,2025,2,9.852313540428604,7.778025284090195,5.908171644100869,3.15189950626256,62.60058823529412,68.616,17,5,0.05451163983838902,False
139871,,TONLE,broadband,2025-Q2,2025,2,34.797756836993464,13.671057687512782,35.71745125973744,12.075911884511083,42.11590909090909,40.794,11,4,0.03527223754248701,False
132590,,AKCTV Pte. Ltd.,broadband,2025-Q2,2025,2,16.29266812640765,22.811614835167692,9.251455892914477,11.688927544303152,44.813909090909085,42.766,11,9,0.03527223754248701,False
132599,,Ministry of Posts and Telecommunication,broadband,2025-Q2,2025,2,38.27524100331609,20.02412560486896,13.9664596483867,17.706240078534172,81.6445,51.5095,10,9,0.03206567049317001,False
138340,,ESURFING TECHNOLOGY CO.LTD,broadband,2025-Q2,2025,2,42.18794623236547,3.3579817572344988,41.38928986461934,3.3579817572344988,62.157125,58.001000000000005,8,4,0.025652536394536008,False
38286,,PPCTV broadband service is the first cable and DSL internet in Cambodia,broadband,2025-Q2,2025,2,27.144120140707802,15.199194442544014,21.644398087943035,15.732660933394673,34.785875,36.5785,8,5,0.025652536394536008,False
135333,,AKCTV Pte. Ltd.,broadband,2025-Q2,2025,2,33.33429248916581,52.777916227553334,8.316363349501986,23.2161991579463,48.043285714285716,41.935,7,5,0.02244596934521901,False
139226,,"Brother Telecom (Cambodia) co., Ltd.",broadband,2025-Q2,2025,2,19.149363803476103,34.13267669494327,21.26857465895801,38.64263267524452,48.0585,46.6995,6,2,0.019239402295902007,False
137952,,"ANGKOR E & C (CAMBODIA) Co.,Ltd.",broadband,2025-Q2,2025,2,9.037104181675558,5.7376003457017415,11.582965734498062,6.902897226483545,215.70466666666667,189.46699999999998,6,4,0.019239402295902007,False
154515,,"IZOOM SOLUTIONS CO., LTD",broadband,2025-Q2,2025,2,39.7031482892011,64.50819118746067,47.49457629234227,82.06449904689684,41.709666666666664,37.7785,6,2,0.019239402295902007,False
139060,,"CHAOJI SUPER HIGH INTERNET TECHNOLOGY CO., LTD.",broadband,2025-Q2,2025,2,26.949472420477008,1.6824309751286115,32.859877585103824,0.09281246747054887,176.90366666666668,240.53,6,3,0.019239402295902007,False
138606,,Suga Pte. Ltd,broadband,2025-Q2,2025,2,31.59770209557299,10.857231357772356,33.03380067055011,0.10306980855758448,59.741,56.055,4,1,0.012826268197268004,False
150381,,VENUS BROADBAND (CAMBODIA) PLC,broadband,2025-Q2,2025,2,12.82772969526987,11.660988422614466,12.214458216772218,15.311805970747738,45.000249999999994,45.2285,4,3,0.012826268197268004,False
147023,,ESURFING TECHNOLOGY CO.LTD,broadband,2025-Q2,2025,2,17.387713791563634,29.27955398498215,16.960790472710478,29.27955398498215,64.71499999999999,52.84,3,2,0.009619701147951003,False
138999,,"PPIN INTERNET CO., LTD.",broadband,2025-Q2,2025,2,172.3516079458783,109.62425978843785,214.38799553356222,106.62339557043556,31.65233333333333,31.941,3,3,0.009619701147951003,False
137989,,"BigHub Co.,Ltd",broadband,2025-Q2,2025,2,209.18613422026374,309.3579521735942,209.18613422026374,309.3579521735942,36.5,36.5,2,1,0.006413134098634002,False
139844,,"FIBER NANOTECH (Cambodia) Co.,Ltd",broadband,2025-Q2,2025,2,8.326147726007916,8.873187161772089,8.326147726007916,8.873187161772089,60.96,60.96,1,1,0.003206567049317001,False
135380,,Ministry of Industry Science Technology and Innovation,broadband,2025-Q2,2025,2,44.97067707300527,39.83429386504641,44.97067707300527,39.83429386504641,353.84,353.84,1,1,0.003206567049317001,False
38623,Metfone,ISP/IXP IN CAMBODIA WITH THE BEST VERVICE IN THERE.,broadband,2025-Q3,2025,3,26.159839741057564,23.694726003400767,19.392752935790504,18.739736137330013,67.54140375164395,61.404,14454,3503,58.444866766406534,True
38235,,ANGKOR DATA COMMUNICATION,broadband,2025-Q3,2025,3,22.509339694153926,20.19008530164303,15.670672407242407,12.80370407657487,64.17005936493331,62.838,2174,824,8.790586713032226,True
131178,EZECOM,"EZECOM CO., LTD.",broadband,2025-Q3,2025,3,20.85473069685251,16.257898238440486,17.074172329316923,13.208664750753067,101.79761415220293,56.795500000000004,1498,900,6.057175205208038,True
23673,,"Cogetel Online, Cambodia, ISP",broadband,2025-Q3,2025,3,25.85119447082843,20.973693415866258,17.71530670909319,11.934885231580775,74.96418322580644,73.715,776,367,3.13776232259108,True
131207,,"SINET, Cambodia's specialist Internet and Telecom Service Provider.",broadband,2025-Q3,2025,3,34.54544047319588,29.81878170358961,18.875740011111095,14.139650915381797,77.08300265604248,69.738,753,264,3.044761635194695,True
38901,EZECOM,"EZECOM CO., LTD.",broadband,2025-Q3,2025,3,23.95343658560994,21.285490793849597,14.30331919146057,11.800500556596216,82.22058759689928,80.494,645,315,2.608062755246452,True
24492,,WiCAM Corporation Ltd.,broadband,2025-Q3,2025,3,23.44893212684464,17.11269173794166,15.522434458685355,12.07925015380822,72.58141530054645,52.969,549,195,2.2198859730702356,True
45498,Smart,"SMART AXIATA Co., Ltd.",broadband,2025-Q3,2025,3,11.656953763298265,2.747867775437049,10.00430500590173,1.9902089017475324,84.97335944700463,73.11699999999999,434,58,1.7548825360883102,True
38600,Smart,"SMART AXIATA Co., Ltd.",broadband,2025-Q3,2025,3,44.76940988687613,37.49713308328577,35.202999088482954,26.946765375791017,59.97249734042552,56.551,376,117,1.520359063523513,True
17976,Cellcard,CAMGSM Company Ltd,broadband,2025-Q3,2025,3,28.517491033166287,30.281554231406172,20.77029510427922,16.639961060785886,83.99945565749236,88.358,327,116,1.3222271642877361,True
139628,,"Mega Truenet Communication Co., Ltd.",broadband,2025-Q3,2025,3,24.573319377223353,24.3352923153076,13.441752053141876,17.348360480755396,57.17528025477706,58.464,314,141,1.2696615583680402,True
136255,Mytel,"Telecom International Myanmar Co., Ltd",broadband,2025-Q3,2025,3,8.701791193157412,7.602222816392644,8.019885544324742,7.75035064964935,87.64275185185184,74.868,270,187,1.0917471998706076,True
9902,,"NEOCOMISP LIMITED, IPTX Transit and Network Service Provider in Cambodia.",broadband,2025-Q3,2025,3,37.560381093670536,34.98665278672497,14.84650472285301,11.962189881907037,63.738091324200894,51.227,219,104,0.8855282843394929,True
137551,,"REDLINK TELECOM Co., Ltd",broadband,2025-Q3,2025,3,17.85699793647875,11.534685328268644,11.166827156439938,3.405157039686367,96.31302564102565,90.154,195,18,0.788484088795439,True
137853,,"TELNET CO.,LTD",broadband,2025-Q3,2025,3,16.355906587753108,10.801011998060497,7.7261288131772226,6.994340105093905,73.71947159090908,50.5045,176,73,0.7116574339897295,True
133200,,NeocomISP Limited,broadband,2025-Q3,2025,3,15.758524650945782,14.057946168885351,9.031416925526187,8.495597578615738,61.247973333333334,54.027,150,77,0.6065262221503376,True
139285,,"Wingel cooperation co.,Ltd",broadband,2025-Q3,2025,3,19.006345453757902,15.542430891501699,8.795368061439996,7.068613762912093,83.46062585034014,76.899,147,57,0.5943956977073309,True
55769,,"SOUTH EAST ASIA TELECOM (Cambodia) Co., LTD",broadband,2025-Q3,2025,3,18.782902980777838,17.13810371876314,10.490567292944707,6.2033028955225955,77.72435338345865,55.529,133,70,0.537786583639966,True
135375,,"Today Communication Co.,Ltd",broadband,2025-Q3,2025,3,20.99419920311095,16.914496749935868,11.130703376424291,10.91294721228393,190.1382786885246,192.2865,122,52,0.49330799401560793,True
55636,,"TPLC Holding Ltd.,",broadband,2025-Q3,2025,3,3.3280614475094437,7.960218509795022,1.902373659573808,3.648447728312902,104.14452173913043,85.237,115,17,0.46500343698192553,True
137503,,"Spidernet Co.,Ltd",broadband,2025-Q3,2025,3,7.800063992475301,10.193366052723805,4.266850233165415,8.808348524074793,88.44321929824558,84.47749999999999,114,11,0.4609599288342566,True
58424,,Xinwei (Cambodia) Telecom Co. Ltd,broadband,2025-Q3,2025,3,16.773486976577452,14.448705978774804,9.13843072062455,10.937854880189477,98.57645652173915,85.9605,92,45,0.3720027495855404,False
17726,,Telecom Cambodia,broadband,2025-Q3,2025,3,13.213767404265658,30.99804693840329,6.840598666364346,23.307043117838532,48.33055999999999,44.0,75,39,0.3032631110751688,False
132730,,Maximum Business Information Technology,broadband,2025-Q3,2025,3,28.345055020719286,22.875502232585458,13.040066249781013,9.204626633941874,57.44694520547946,51.267,73,44,0.295176094779831,False
174,Cogent,"Cogent Communications, LLC",broadband,2025-Q3,2025,3,39.00583969858035,40.62026957516859,34.35604882894206,33.688855440495445,49.06328125000001,43.0815,64,22,0.2587845214508107,False
136379,,Istanaimpian Corporation Limited,broadband,2025-Q3,2025,3,9.762651619841678,7.729485336081509,8.102520746857229,2.8455339502369377,68.96412698412698,63.844,63,11,0.2547410133031418,False
132080,,"M.A.T Co., Ltd.",broadband,2025-Q3,2025,3,28.884915991446956,19.183577476904468,28.434316845264664,18.00593150866323,69.85196428571429,48.6265,56,21,0.22643645626945938,False
138528,,"EMPIRE TECH Co., Ltd.",broadband,2025-Q3,2025,3,22.43888585296229,22.25202185233963,19.496992938559764,23.29388921009018,74.14646808510638,80.663,47,10,0.1900448829404391,False
38209,Camintel,"CAMINTEL, National Telecommunication Provider, Phnom Penh, Cambodia",broadband,2025-Q3,2025,3,10.515929447607416,7.398982248116585,7.390865704323929,2.7331633615976885,79.77273333333332,77.786,45,20,0.1819578666451013,False
24441,,"CityLink Corporation, LTD",broadband,2025-Q3,2025,3,55.476612219119055,55.09874052121741,31.910201763270408,46.611151716581396,65.02162499999999,55.607,40,11,0.16174032590675672,False
139056,,"FAST ONE (CAMBODIA) CO., LTD",broadband,2025-Q3,2025,3,18.192682146864875,14.682007264835363,13.138805853345929,14.433197288008728,62.020900000000005,59.802,30,13,0.12130524443006753,False
35916,,MULTACOM CORPORATION,broadband,2025-Q3,2025,3,18.63337486507951,12.845697640641601,9.26068338977165,15.57759650945082,46.00217857142858,38.0695,28,16,0.11321822813472969,False
138629,,"NSM SOLUTION AND MAINTENANCE CO., LTD.",broadband,2025-Q3,2025,3,11.105626145778873,10.121365061919423,9.147473242088687,5.581856036309257,74.24215384615385,75.91,26,4,0.10513121183939185,False
140659,,"Vonet technology Co., Ltd.",broadband,2025-Q3,2025,3,26.491549005493543,26.95923054043739,12.318028607651346,13.077743724708096,76.16452,69.854,25,12,0.10108770369172294,False
137236,,"TURBOTECH CO., LTD.",broadband,2025-Q3,2025,3,27.84901133070048,35.45608961973746,19.074592491933263,29.884412794720856,69.14787499999998,75.70400000000001,24,5,0.09704419554405402,False
132599,,Ministry of Posts and Telecommunication,broadband,2025-Q3,2025,3,34.467630845136554,16.041016601201804,19.45850178284818,9.48402061805842,61.92375000000002,61.707,20,13,0.08087016295337836,False
137966,,NeocomISP Limited,broadband,2025-Q3,2025,3,21.760337311777473,21.463767824224778,9.628864961208517,21.749300608864132,74.31442857142858,51.8675,14,10,0.056609114067364845,False
132590,,AKCTV Pte. Ltd.,broadband,2025-Q3,2025,3,25.585620244633418,8.864047054689118,13.756677621396339,8.385737188364196,72.15666666666668,68.43549999999999,12,10,0.04852209777202701,False
147023,,ESURFING TECHNOLOGY CO.LTD,broadband,2025-Q3,2025,3,32.70575287905822,20.748234504990236,15.307646658604941,13.117794990966692,58.7745,48.173,10,9,0.04043508147668918,False
137811,,"BEE UNION (CAMBODIA) TELECOM CO., LTD",broadband,2025-Q3,2025,3,43.57620168059689,23.022763407549707,46.34141966700146,28.822592586814952,71.267,73.36099999999999,8,5,0.03234806518135134,False
139871,,TONLE,broadband,2025-Q3,2025,3,18.168091146751305,7.218993077235867,16.34627384244856,6.803344516736052,45.58166666666667,42.336,6,4,0.024261048886013506,False
(unknown),,,broadband,2025-Q3,2025,3,20.59489190640071,5.136587417083824,3.7515945612857733,0.8936566986287888,73.72279999999999,72.309,5,4,0.02021754073834459,False
139226,,"Brother Telecom (Cambodia) co., Ltd.",broadband,2025-Q3,2025,3,34.20064170054339,9.53135571559522,41.91937730765829,5.457345861141482,21.288,19.64,4,2,0.01617403259067567,False
138606,,Suga Pte. Ltd,broadband,2025-Q3,2025,3,57.922772392753735,44.96981157901935,64.87085071275199,44.96981157901935,37.68366666666667,34.266,3,2,0.012130524443006753,False
137989,,"BigHub Co.,Ltd",broadband,2025-Q3,2025,3,58.23206299131292,53.12464583285214,55.550500381077974,64.36557226264496,85.37633333333333,84.902,3,2,0.012130524443006753,False
137952,,"ANGKOR E & C (CAMBODIA) Co.,Ltd.",broadband,2025-Q3,2025,3,94.57803970754226,119.97670511477956,33.43518523820215,119.97670511477956,38.815999999999995,30.081,3,3,0.012130524443006753,False
38286,,PPCTV broadband service is the first cable and DSL internet in Cambodia,broadband,2025-Q3,2025,3,35.178905251295824,25.882504805458627,31.457313601939664,14.781593194673814,49.97266666666667,54.899,3,2,0.012130524443006753,False
135333,,AKCTV Pte. Ltd.,broadband,2025-Q3,2025,3,21.376215927011156,16.324573523651488,27.540290503191436,16.324573523651488,60.18533333333334,60.526,3,2,0.012130524443006753,False
139060,,"CHAOJI SUPER HIGH INTERNET TECHNOLOGY CO., LTD.",broadband,2025-Q3,2025,3,9.970531061587192,2.921750205329456,9.970531061587192,2.921750205329456,62.0,62.0,2,1,0.008087016295337835,False
138340,,ESURFING TECHNOLOGY CO.LTD,broadband,2025-Q3,2025,3,1.3322400314684624,,1.3322400314684624,,60.0215,60.0215,2,1,0.008087016295337835,False
142014,,MARVEL LINK LIMITED,broadband,2025-Q3,2025,3,17.525968882360058,15.922409637156656,17.525968882360058,15.922409637156656,170.687,170.687,1,1,0.004043508147668917,False
153715,,General Department of Public Financial Management Information Technology,broadband,2025-Q3,2025,3,208.71808985252906,,208.71808985252906,,75.934,75.934,1,1,0.004043508147668917,False
138999,,"PPIN INTERNET CO., LTD.",broadband,2025-Q3,2025,3,1.339998265186962,,1.339998265186962,,228.305,228.305,1,1,0.004043508147668917,False
140974,,Mengly J. Quach Education PLC,broadband,2025-Q3,2025,3,76.90372479381256,,76.90372479381256,,56.39,56.39,1,1,0.004043508147668917,False
38623,Metfone,ISP/IXP IN CAMBODIA WITH THE BEST VERVICE IN THERE.,broadband,2025-Q4,2025,4,30.162807853074824,30.72315381204126,22.07372556180074,22.019106427870575,82.69043993231811,61.187,6502,2774,52.120240480961925,True
38235,,ANGKOR DATA COMMUNICATION,broadband,2025-Q4,2025,4,22.45529110016775,20.140888200879772,15.786902604128136,11.147840923376672,105.27741010770504,68.0,1207,737,9.675350701402806,True
131178,EZECOM,"EZECOM CO., LTD.",broadband,2025-Q4,2025,4,21.156303159239517,17.24163530723839,18.091209117011953,14.064637814735207,75.76467194244603,53.151,695,436,5.571142284569138,True
23673,,"Cogetel Online, Cambodia, ISP",broadband,2025-Q4,2025,4,26.032284607983264,24.1793925396587,10.91669816061144,11.037056228867714,72.97150099800399,75.64,501,262,4.0160320641282565,True
131207,,"SINET, Cambodia's specialist Internet and Telecom Service Provider.",broadband,2025-Q4,2025,4,32.56933839906468,28.113742675064994,16.209201097729007,13.327126221436053,97.79406746987952,71.841,416,187,3.3346693386773545,True
38901,EZECOM,"EZECOM CO., LTD.",broadband,2025-Q4,2025,4,26.924579069042526,22.73233277810262,15.676496049058837,12.855977913349031,66.62885714285713,61.697500000000005,350,181,2.80561122244489,True
136255,Mytel,"Telecom International Myanmar Co., Ltd",broadband,2025-Q4,2025,4,10.639671139151398,10.254417260316382,7.695796574743339,7.917344380625505,106.49081875000002,84.0255,320,143,2.565130260521042,True
45498,Smart,"SMART AXIATA Co., Ltd.",broadband,2025-Q4,2025,4,13.639436578062602,3.020532836887067,11.875119171023266,2.1860413724994956,89.71191638795987,73.022,299,58,2.396793587174349,True
38600,Smart,"SMART AXIATA Co., Ltd.",broadband,2025-Q4,2025,4,47.11143818852604,39.003560278040396,42.783036104407685,30.735073369367463,56.60147445255476,56.861000000000004,274,80,2.1963927855711423,True
24492,,WiCAM Corporation Ltd.,broadband,2025-Q4,2025,4,23.88001290008537,20.271681551933394,13.835983945404388,13.031971562465,81.58728571428571,52.362,273,139,2.188376753507014,True
139628,,"Mega Truenet Communication Co., Ltd.",broadband,2025-Q4,2025,4,19.341196634591117,22.562794515679368,9.02073290564359,9.163914732333113,63.35170305676855,55.494,229,73,1.8356713426853708,True
17976,Cellcard,CAMGSM Company Ltd,broadband,2025-Q4,2025,4,27.889843729753107,28.2603996061408,21.255563919880217,20.32621451778543,79.51515525114154,82.594,219,93,1.7555110220440882,True
9902,,"NEOCOMISP LIMITED, IPTX Transit and Network Service Provider in Cambodia.",broadband,2025-Q4,2025,4,32.15103881720712,30.838710039710573,15.10584283705671,17.538826653951432,49.367918032786875,46.361,183,69,1.4669338677354709,True
55636,,"TPLC Holding Ltd.,",broadband,2025-Q4,2025,4,2.4084491553057097,7.329558107581728,2.057013970909493,5.852131160730237,80.94975373134329,81.19749999999999,134,9,1.0741482965931863,True
135375,,"Today Communication Co.,Ltd",broadband,2025-Q4,2025,4,25.541587546057556,24.16018791009476,19.104536365491498,17.695131439166968,41.42329133858268,32.796,127,37,1.0180360721442885,True
137853,,"TELNET CO.,LTD",broadband,2025-Q4,2025,4,17.906363421393404,11.72869324221969,2.700903038721922,6.864550629601521,63.80469599999999,41.686,125,37,1.002004008016032,True
133200,,NeocomISP Limited,broadband,2025-Q4,2025,4,27.342716144498272,17.897868505070402,10.079780172953155,6.1899504037401005,73.34417948717949,55.3375,78,42,0.625250501002004,False
55769,,"SOUTH EAST ASIA TELECOM (Cambodia) Co., LTD",broadband,2025-Q4,2025,4,22.82495466553786,25.02151898578578,7.5414969669428,10.242442643442159,60.72450877192983,60.0,57,27,0.45691382765531063,False
139285,,"Wingel cooperation co.,Ltd",broadband,2025-Q4,2025,4,18.61384226743651,18.969765891907326,9.381344550658179,8.8103709014967,86.7091020408163,77.728,49,28,0.3927855711422846,False
137503,,"Spidernet Co.,Ltd",broadband,2025-Q4,2025,4,10.965587387852397,15.797885920612313,7.659107593853029,12.749342665314987,85.99172727272727,80.7025,44,18,0.3527054108216433,False
137551,,"REDLINK TELECOM Co., Ltd",broadband,2025-Q4,2025,4,10.985517530979212,10.714124182982472,6.481031447052182,6.1867598023889325,87.83205555555554,79.50800000000001,36,20,0.28857715430861725,False
132730,,Maximum Business Information Technology,broadband,2025-Q4,2025,4,20.462759798447184,22.525710698564954,9.669469403933627,5.525036995942471,144.78381818181822,195.253,33,15,0.26452905811623245,False
17726,,Telecom Cambodia,broadband,2025-Q4,2025,4,20.4001760722912,21.704227880931086,13.78999277454012,15.323554423469384,123.24821875,61.6205,32,17,0.2565130260521042,False
174,Cogent,"Cogent Communications, LLC",broadband,2025-Q4,2025,4,44.39769284913662,34.19679507811848,36.88929603951792,24.63499344429894,50.61693548387096,49.985,31,21,0.24849699398797595,False
58424,,Xinwei (Cambodia) Telecom Co. Ltd,broadband,2025-Q4,2025,4,14.743776017451017,11.789130458092863,5.991190751592225,4.473051275718601,108.46374193548388,87.582,31,24,0.24849699398797595,False
132080,,"M.A.T Co., Ltd.",broadband,2025-Q4,2025,4,21.90808159564194,16.792570731379737,16.15668794728036,13.675448728922055,52.728206896551725,49.696,29,13,0.23246492985971945,False
137811,,"BEE UNION (CAMBODIA) TELECOM CO., LTD",broadband,2025-Q4,2025,4,9.091661572380458,6.3073502581124155,4.689514123047794,3.221136847714878,101.04834615384614,76.9515,26,6,0.20841683366733466,False
38209,Camintel,"CAMINTEL, National Telecommunication Provider, Phnom Penh, Cambodia",broadband,2025-Q4,2025,4,19.07527566603675,19.91983119233868,9.622064362274603,9.57221761905441,62.112956521739136,68.738,23,13,0.1843687374749499,False
138528,,"EMPIRE TECH Co., Ltd.",broadband,2025-Q4,2025,4,47.39716564386067,50.02273044370344,47.21796695068474,58.21821858178142,70.20644999999999,50.214,20,4,0.16032064128256512,False
136379,,Istanaimpian Corporation Limited,broadband,2025-Q4,2025,4,20.5886181687084,26.72033020673818,10.68107796161409,8.936743093392032,63.877333333333326,63.658,18,10,0.14428857715430862,False
137989,,"BigHub Co.,Ltd",broadband,2025-Q4,2025,4,2.549772173203858,14.297680663911887,0.30329364384627916,9.412265924343869,165.05092307692308,62.031,13,2,0.10420841683366733,False
(unknown),,,broadband,2025-Q4,2025,4,13.60765439220567,11.404479751550525,12.662236971476073,10.743185571262515,93.871,94.625,13,5,0.10420841683366733,False
24441,,"CityLink Corporation, LTD",broadband,2025-Q4,2025,4,17.96803426799985,20.87181798955084,9.325086506120744,13.111803064590806,54.277666666666654,51.5835,12,7,0.09619238476953908,False
139056,,"FAST ONE (CAMBODIA) CO., LTD",broadband,2025-Q4,2025,4,5.81055241980032,7.912332494000761,2.975484924006457,5.5839187799391725,50.75981818181819,59.179,11,9,0.08817635270541083,False
147023,,ESURFING TECHNOLOGY CO.LTD,broadband,2025-Q4,2025,4,17.692532901380254,16.448365675324084,24.07504112413467,10.38546600321747,71.25399999999999,80.368,9,4,0.07214428857715431,False
132590,,AKCTV Pte. Ltd.,broadband,2025-Q4,2025,4,17.45015773212793,13.9329921717801,11.174620856661472,7.664440025227337,62.90075,62.24849999999999,8,4,0.06412825651302605,False
35916,,MULTACOM CORPORATION,broadband,2025-Q4,2025,4,16.85511600621215,11.48422851809184,9.121142147115263,8.919210665676852,68.755,66.6265,8,4,0.06412825651302605,False
137236,,"TURBOTECH CO., LTD.",broadband,2025-Q4,2025,4,23.91154265569548,27.75974957652888,19.006130226074188,24.521816323618623,67.79414285714286,72.0,7,3,0.056112224448897796,False
140659,,"Vonet technology Co., Ltd.",broadband,2025-Q4,2025,4,43.73449030178512,28.32077020948766,40.444191406033895,26.195787339258853,53.470142857142854,57.269,7,4,0.056112224448897796,False
132599,,Ministry of Posts and Telecommunication,broadband,2025-Q4,2025,4,36.94725918886163,50.33785262021547,18.717666987154445,50.33785262021547,50.69566666666666,54.917,3,3,0.02404809619238477,False
3491,,PCCW Global (HK) Ltd.,broadband,2025-Q4,2025,4,105.46188458640802,92.35381079550471,131.50970933590605,97.0026778207033,3.251333333333333,3.26,3,1,0.02404809619238477,False
38286,,PPCTV broadband service is the first cable and DSL internet in Cambodia,broadband,2025-Q4,2025,4,15.337673488729934,15.63120826082158,21.255249013606797,15.63120826082158,51.406,48.079,3,3,0.02404809619238477,False
138999,,"PPIN INTERNET CO., LTD.",broadband,2025-Q4,2025,4,59.77989984420185,109.38397404574368,22.356864219076986,109.38397404574368,97.06266666666666,97.255,3,3,0.02404809619238477,False
138160,,"ZTNET CO., LTD",broadband,2025-Q4,2025,4,45.752540184314626,42.7415420007952,45.752540184314626,42.7415420007952,68.2575,68.2575,2,1,0.01603206412825651,False
55329,,Telcotech Ltd.,broadband,2025-Q4,2025,4,51.35369150651658,44.919788806484256,51.35369150651658,44.919788806484256,49.14,49.14,2,1,0.01603206412825651,False
139871,,TONLE,broadband,2025-Q4,2025,4,270.2981501942565,54.364092598204216,270.2981501942565,42.51135971149787,43.117000000000004,43.117000000000004,2,2,0.01603206412825651,False
138629,,"NSM SOLUTION AND MAINTENANCE CO., LTD.",broadband,2025-Q4,2025,4,50.896488454114404,25.627151409754475,50.896488454114404,36.157153974199,51.469,51.469,2,2,0.01603206412825651,False
135333,,AKCTV Pte. Ltd.,broadband,2025-Q4,2025,4,30.05260530074563,,30.05260530074563,,71.29650000000001,71.29650000000001,2,2,0.01603206412825651,False
137966,,NeocomISP Limited,broadband,2025-Q4,2025,4,17.082274456840338,17.705601870643303,17.082274456840338,17.705601870643303,55.8045,55.8045,2,2,0.01603206412825651,False
138340,,ESURFING TECHNOLOGY CO.LTD,broadband,2025-Q4,2025,4,8.800790959603026,8.420902668212772,8.800790959603026,8.420902668212772,51.776,51.776,1,1,0.008016032064128256,False
138643,,XINYUAN INTERCONNECT COMPANY LTD,broadband,2025-Q4,2025,4,30.15222579944285,17.80614441800266,30.15222579944285,17.80614441800266,50.176,50.176,1,1,0.008016032064128256,False
38623,Metfone,ISP/IXP IN CAMBODIA WITH THE BEST VERVICE IN THERE.,cellular,2023-Q1,2023,1,16.63754702669873,5.884867073267678,13.95631989096277,5.122242440892478,121.17770274748025,99.7085,14490,762,91.62187796395827,True
45498,Smart,"SMART AXIATA Co., Ltd.",cellular,2023-Q1,2023,1,16.019584346041487,5.274002760370097,11.520231180430574,1.898500490146622,249.87423793490464,213.539,891,387,5.633891874802403,True
17976,Cellcard,CAMGSM Company Ltd,cellular,2023-Q1,2023,1,18.478628086669417,7.248272841435053,11.383750451430943,3.3065110087782212,146.0052890625,96.169,385,247,2.4343977236800507,True
55769,,"SOUTH EAST ASIA TELECOM (Cambodia) Co., LTD",cellular,2023-Q1,2023,1,3.623566419081147,2.341713071437023,1.2161853711421595,1.2339117932751507,196.36775510204083,187.169,49,28,0.30983243755927914,False
38623,Metfone,ISP/IXP IN CAMBODIA WITH THE BEST VERVICE IN THERE.,cellular,2023-Q2,2023,2,11.762294361362109,7.642925261104642,7.325395051005802,7.446355864688472,105.99568354430376,90.364,32236,740,96.48030647671496,True
45498,Smart,"SMART AXIATA Co., Ltd.",cellular,2023-Q2,2023,2,19.837958165625473,7.056529460834783,13.19792401846449,1.959013160684186,115.20365696202535,85.71799999999999,790,387,2.3644199688734586,True
17976,Cellcard,CAMGSM Company Ltd,cellular,2023-Q2,2023,2,16.12372614333395,6.806740683382514,7.84761146138817,3.16317654806176,148.3753216374269,91.7775,342,241,1.0235843409553453,True
55769,,"SOUTH EAST ASIA TELECOM (Cambodia) Co., LTD",cellular,2023-Q2,2023,2,4.391329358293874,3.3876828390426894,1.6878424128893066,2.651444072184776,104.1625476190476,83.102,44,25,0.13168921345624326,False
38623,Metfone,ISP/IXP IN CAMBODIA WITH THE BEST VERVICE IN THERE.,cellular,2023-Q3,2023,3,15.288961011668166,6.028631337798582,5.741932347912967,3.1552983428138117,99.98640418567743,84.31200000000001,10088,1294,80.95008826833575,True
45498,Smart,"SMART AXIATA Co., Ltd.",cellular,2023-Q3,2023,3,16.417277177151995,6.889351614565006,8.952951462777818,3.2181948016946076,97.18591393442621,76.2245,1708,647,13.705665222275718,True
17976,Cellcard,CAMGSM Company Ltd,cellular,2023-Q3,2023,3,14.83398961772323,6.078518115511472,6.618140672738226,2.6856888128397687,159.79737458745873,82.01599999999999,606,300,4.862782859894078,True
55769,,"SOUTH EAST ASIA TELECOM (Cambodia) Co., LTD",cellular,2023-Q3,2023,3,4.1060722681636985,7.295338516814459,1.638681842828222,2.6923839027879124,110.78515,91.699,60,35,0.4814636494944632,False
38623,Metfone,ISP/IXP IN CAMBODIA WITH THE BEST VERVICE IN THERE.,cellular,2023-Q4,2023,4,24.43378647661165,10.079646926715041,14.95702644975081,4.759208142699421,74.75987628976785,60.0095,9305,1057,83.08035714285714,True
45498,Smart,"SMART AXIATA Co., Ltd.",cellular,2023-Q4,2023,4,16.170883616914953,6.595880278682597,7.946351162218235,2.9645688082025687,97.3173492286115,79.732,1428,621,12.75,True
17976,Cellcard,CAMGSM Company Ltd,cellular,2023-Q4,2023,4,17.131704579520203,6.932416575818317,8.64560460410221,3.4570729415413224,145.1804716494846,91.1915,388,245,3.4642857142857144,True
55769,,"SOUTH EAST ASIA TELECOM (Cambodia) Co., LTD",cellular,2023-Q4,2023,4,7.153605852616945,3.733330619534735,2.9221064628145066,2.57786534657009,107.01444303797467,92.78,79,33,0.7053571428571429,False
38623,Metfone,ISP/IXP IN CAMBODIA WITH THE BEST VERVICE IN THERE.,cellular,2024-Q1,2024,1,15.891919812303758,11.043760871820721,10.243154825313685,6.648563367729602,93.65202126234719,85.997,5974,1217,68.75359650132351,True
45498,Smart,"SMART AXIATA Co., Ltd.",cellular,2024-Q1,2024,1,22.261643642507508,7.939723206183606,11.94329727014115,3.8062778615341064,107.49574048835886,68.372,1765,800,20.313039475198526,True
17976,Cellcard,CAMGSM Company Ltd,cellular,2024-Q1,2024,1,31.28176732208877,10.140581777539689,18.72805731255654,5.334817493441943,101.63862637362638,82.882,819,429,9.425710668661527,True
55769,,"SOUTH EAST ASIA TELECOM (Cambodia) Co., LTD",cellular,2024-Q1,2024,1,9.635364464825889,4.271398446703413,7.151505942772154,3.9412621750937697,110.26282442748094,88.258,131,39,1.5076533548164346,True
38623,Metfone,ISP/IXP IN CAMBODIA WITH THE BEST VERVICE IN THERE.,cellular,2024-Q2,2024,2,31.52439755482711,18.981106258220375,19.69960517135828,11.247344090463164,62.23990425531919,52.888999999999996,7145,2187,41.26956622191417,True
45498,Smart,"SMART AXIATA Co., Ltd.",cellular,2024-Q2,2024,2,25.265573902774626,8.735538781028506,13.903437534769942,4.265442403672789,119.87064368629669,100.09899999999999,7064,1230,40.80170969791486,True
17976,Cellcard,CAMGSM Company Ltd,cellular,2024-Q2,2024,2,26.014152662564346,8.79481792963377,12.174272682231015,5.34392473327418,144.81940080563948,114.826,2979,1171,17.206723271530063,True
55769,,"SOUTH EAST ASIA TELECOM (Cambodia) Co., LTD",cellular,2024-Q2,2024,2,6.746760125038023,4.291631935201876,3.080857031970528,4.393289198904519,90.49908800000001,83.051,125,43,0.7220008086409057,True
38623,Metfone,ISP/IXP IN CAMBODIA WITH THE BEST VERVICE IN THERE.,cellular,2024-Q3,2024,3,24.74961929139554,12.864146687933543,14.195266122742831,7.3431244650753404,74.06332359444097,63.089,6335,2547,44.08796715150672,True
45498,Smart,"SMART AXIATA Co., Ltd.",cellular,2024-Q3,2024,3,31.431570066311497,10.409720780832298,18.72671404512323,5.64755661535597,84.0785699723566,68.3445,5788,1449,40.28116083234742,True
17976,Cellcard,CAMGSM Company Ltd,cellular,2024-Q3,2024,3,31.08532854278091,10.637539548551938,19.52981333559061,4.899477339735485,103.3273712051518,92.332,2174,1153,15.129793305031665,True
55769,,"SOUTH EAST ASIA TELECOM (Cambodia) Co., LTD",cellular,2024-Q3,2024,3,4.6208948277879704,2.703195115740417,1.817844699115713,1.9756299424591142,96.11502777777781,61.521,72,33,0.5010787111142042,False
45498,Smart,"SMART AXIATA Co., Ltd.",cellular,2024-Q4,2024,4,27.92108272663541,8.800700318197055,15.035189991425497,3.315174821208749,74.13521884174007,64.811,3747,1363,41.32112924569916,True
38623,Metfone,ISP/IXP IN CAMBODIA WITH THE BEST VERVICE IN THERE.,cellular,2024-Q4,2024,4,24.119920794162972,12.52332591868942,12.577560110471813,8.115676019024438,70.49953131371977,59.546,3433,1672,37.85840317600353,True
17976,Cellcard,CAMGSM Company Ltd,cellular,2024-Q4,2024,4,27.815990813005442,13.110282185907833,15.261772865500069,8.27678018891611,103.81147219193025,93.384,1834,1090,20.224966916629906,True
55769,,"SOUTH EAST ASIA TELECOM (Cambodia) Co., LTD",cellular,2024-Q4,2024,4,14.086791631526888,9.18474163352732,7.678964175518427,7.284406963215475,60.81561111111111,51.318,54,22,0.5955006616674019,False
38623,Metfone,ISP/IXP IN CAMBODIA WITH THE BEST VERVICE IN THERE.,cellular,2025-Q1,2025,1,40.01307440704949,19.26077707341611,19.89826626070323,12.347658299947522,61.03746836982963,53.0175,5757,1500,43.703028922796626,True
45498,Smart,"SMART AXIATA Co., Ltd.",cellular,2025-Q1,2025,1,24.708016158884025,10.030597615040673,17.334494878937733,5.426181195463087,81.36470925507903,69.97749999999999,4432,1092,33.644576026721325,True
17976,Cellcard,CAMGSM Company Ltd,cellular,2025-Q1,2025,1,21.25583309389012,12.7116367759434,13.562545278817932,7.026450962968652,108.44413966101685,113.235,2950,871,22.394291353526153,True
55769,,"SOUTH EAST ASIA TELECOM (Cambodia) Co., LTD",cellular,2025-Q1,2025,1,13.173553224997669,7.340664064918343,3.2311890768371816,2.437335867033536,68.94364705882354,66.388,34,20,0.25810369695589463,False
38623,Metfone,ISP/IXP IN CAMBODIA WITH THE BEST VERVICE IN THERE.,cellular,2025-Q2,2025,2,19.346390137453987,14.32002834099272,10.127600340396455,8.613456912770603,64.94134700992224,54.117,3729,1892,45.03623188405797,True
45498,Smart,"SMART AXIATA Co., Ltd.",cellular,2025-Q2,2025,2,17.997499900534983,6.98448635063764,10.3902033103376,2.6032487130570674,74.40826563528638,69.666,3039,1363,36.70289855072464,True
17976,Cellcard,CAMGSM Company Ltd,cellular,2025-Q2,2025,2,18.117705722532126,10.322580367752657,10.051213023644165,5.38162787483818,101.28262352122478,94.049,1437,811,17.355072463768117,True
55769,,"SOUTH EAST ASIA TELECOM (Cambodia) Co., LTD",cellular,2025-Q2,2025,2,6.140800810363627,5.3137240908774235,3.2259206329709054,3.517595553359229,81.78218666666668,60.538,75,40,0.9057971014492754,False
38623,Metfone,ISP/IXP IN CAMBODIA WITH THE BEST VERVICE IN THERE.,cellular,2025-Q3,2025,3,19.762912103769516,14.550154676177769,11.09760263891169,9.178691685267273,82.44882280557832,69.175,3657,2296,44.838155958803334,True
45498,Smart,"SMART AXIATA Co., Ltd.",cellular,2025-Q3,2025,3,20.27450157043098,7.861873962506061,12.041222461201102,2.8989240076884815,76.16877468839884,72.274,3130,1343,38.3766552231486,True
17976,Cellcard,CAMGSM Company Ltd,cellular,2025-Q3,2025,3,17.962859521288845,10.052436700603721,9.596012983376081,5.29324785042681,110.32047678018577,105.138,1293,846,15.853359489946053,True
55769,,"SOUTH EAST ASIA TELECOM (Cambodia) Co., LTD",cellular,2025-Q3,2025,3,9.47611765272434,6.720489153099526,2.114427554987142,2.382664778307451,94.23197368421054,67.146,76,35,0.9318293281020108,False
38623,Metfone,ISP/IXP IN CAMBODIA WITH THE BEST VERVICE IN THERE.,cellular,2025-Q4,2025,4,19.562458472054306,14.742465150279296,10.477003749637728,8.209427136668879,106.79873494525539,75.69200000000001,2192,1201,41.84004581026914,True
45498,Smart,"SMART AXIATA Co., Ltd.",cellular,2025-Q4,2025,4,21.043597839984724,7.577464862009638,10.675504681356669,2.6661872371556803,78.03753034040453,71.022,2027,794,38.69058980721512,True
17976,Cellcard,CAMGSM Company Ltd,cellular,2025-Q4,2025,4,23.01005501955672,11.930327211034319,12.532271932958299,7.086934071406144,100.16231510934391,96.6035,1006,546,19.20213781255965,True
55769,,"SOUTH EAST ASIA TELECOM (Cambodia) Co., LTD",cellular,2025-Q4,2025,4,3.2576441995774883,3.8851670608089925,1.638529022502762,1.5426385180216031,92.81814285714287,59.5635,14,12,0.2672265699560985,False
