asn,operator,as_name,network_type,quarter,year,quarter_num,avg_d_mbps,avg_u_mbps,med_d_mbps,med_u_mbps,avg_lat_ms,med_lat_ms,total_tests,n_ips_approx,market_share_pct,is_reliable
9506,,Singtel Fibre Broadband,broadband,2023-Q1,2023,1,135.48612948390587,79.34855946238542,78.42971221738966,30.70882358867054,57.84495665648956,39.285,260194,68132,26.01898369626086,True
55430,,Starhub Ltd,broadband,2023-Q1,2023,1,156.3161563366603,117.88810704767499,83.00818865853262,50.17338500938003,31.977260688693967,6.973,188081,73347,18.807799075214795,True
4657,,StarHub Ltd,broadband,2023-Q1,2023,1,73.8530551530051,44.9816536082366,36.47350220368815,18.499379649689825,36.01906061327236,16.517,163893,20053,16.389037775395593,True
4773,,MobileOne Ltd. Mobile/Internet Service Provider Singapore,broadband,2023-Q1,2023,1,177.1799878698573,133.44040254685248,91.78640421192101,63.68423852603864,33.108233963799414,6.488,125421,29974,12.541899329610727,True
3758,,SingNet,broadband,2023-Q1,2023,1,77.25687136099846,39.737532828001875,40.93301664114009,17.020624016499212,48.17424035474906,29.81,73425,8304,7.34238252187965,True
56300,,MyRepublic Ltd.,broadband,2023-Q1,2023,1,216.59377204862056,120.01666102302536,113.09223957573492,56.05549678842844,25.65686402012767,6.067,59253,3963,5.925205196716853,True
18106,,Viewqwest Pte Ltd,broadband,2023-Q1,2023,1,195.48265315992583,115.75408731266488,110.54508798723825,56.533904292648074,23.726069506396733,5.991,20412,2301,2.041167341322539,True
17547,,M1 NET LTD,broadband,2023-Q1,2023,1,107.20109575692808,91.54361640012847,57.61016059991489,42.288079050006345,32.76157015918011,7.595,18354,2509,1.8353706340698548,True
132356,,Changi Airport Group (Singapore) Pte Ltd,broadband,2023-Q1,2023,1,20.950640529501786,13.203728991612293,18.207403210461127,14.884444308190778,24.082149831017645,4.309,13315,40,1.3314786963408585,True
135600,,Whiz Communications Pte Ltd,broadband,2023-Q1,2023,1,137.1432565022543,87.25099970675633,73.44696371999223,35.48824512138161,48.665833693101824,21.851,10657,1945,1.0656829490728148,True
4817,,Simba Telecom Pte Ltd,broadband,2023-Q1,2023,1,15.700737142282364,2.973180198422316,7.289370461825904,1.739838950542819,51.127070454545446,22.713,10132,5944,1.0131837890593751,True
133466,,Robert Bosch GmbH,broadband,2023-Q1,2023,1,16.4082853950579,14.602937323438649,9.164092522769998,6.608791259826834,45.472398039684435,1.511,4183,4,0.4182933073070831,True
(unknown),,,broadband,2023-Q1,2023,1,79.46738480349555,60.94023297355036,39.45476988077352,15.659471775042395,140.4634461373964,82.314,3741,436,0.37409401449576807,True
135409,,Kacific Broadband Satellites Pte Ltd,broadband,2023-Q1,2023,1,6.191247254257614,1.7562500158234586,5.56163677184792,1.425276680814197,72.55139449236896,67.699,3014,118,0.3013951776771572,True
38258,,Sony - ASN for Asia Pacific,broadband,2023-Q1,2023,1,23.57393189652297,12.10068672901963,9.668703227708967,2.5453045196227224,170.8780563717116,109.04,2932,1072,0.293195308875058,True
7472,,NUS Information Technology,broadband,2023-Q1,2023,1,49.42675409632804,42.95998357814187,45.293743417724016,33.17700955235557,42.93405708390646,6.258,2908,959,0.2907953472744436,True
109,,"CISCO SYSTEMS, INC.",broadband,2023-Q1,2023,1,28.713356870899002,15.557573628376236,18.39258784296486,3.8642545221210525,268.01863819444446,260.9535,2881,1187,0.28809539047375243,True
23856,,SPTEL PTE. LTD.,broadband,2023-Q1,2023,1,189.2845503426253,162.6445480916696,92.57967278001003,66.00831588721078,21.850924505450145,5.201,2477,284,0.24769603686341019,True
9419,,Nanyang Technological University,broadband,2023-Q1,2023,1,75.54837490799744,65.4495580984235,69.86677594269673,45.930834903714235,23.300583197389887,18.933,2452,239,0.2451960768627702,True
14398,,"Autodesk, Inc.",broadband,2023-Q1,2023,1,35.96019397747559,10.57415439260206,25.964488377014362,3.3522287124008274,121.74848538306453,88.78399999999999,1985,20,0.19849682405081517,True
137268,,CBRE Pty Limited,broadband,2023-Q1,2023,1,24.336932813142248,12.419299860528906,15.158715526220604,2.7066888370584206,220.0604558058926,189.84,1734,2,0.1733972256443897,True
394984,,"Fragomen, Del Rey, Bernsen & Loewy, LLP",broadband,2023-Q1,2023,1,13.763929203837597,12.99308443893786,6.74076419123266,6.737198131204844,152.4350349872774,193.8795,1572,1,0.15719748484024257,True
203724,,Musarubra Germany GmbH,broadband,2023-Q1,2023,1,144.9554688219127,58.44143629951078,69.68436698640707,19.111696439273928,20.477930699930702,1.293,1443,2,0.1442976912369402,True
24467,,Deutsche Bank APAC RHO in Singapore Internet AS,broadband,2023-Q1,2023,1,49.682740330661176,34.38107015356123,12.35035710645015,6.6239497376050265,28.764942877801882,32.344,1383,7,0.13829778723540423,True
7862,,Chevron Corporation,broadband,2023-Q1,2023,1,31.700399911379353,18.54179368853468,20.721595895677158,3.556377919931033,184.67933024976873,163.105,1084,56,0.10839826562774996,True
58955,,"Bangmod Enterprise Co., Ltd.",broadband,2023-Q1,2023,1,7.9730881221403145,5.080280891891703,2.6981478124972273,3.795448455318467,91.9761092896175,80.147,915,42,0.09149853602342363,True
133782,,Elsevier Ltd,broadband,2023-Q1,2023,1,22.36803028539096,19.27851379316295,8.81133205389327,2.605530363318218,184.1178650385604,168.74349999999998,779,3,0.07789875361994208,True
23728,,Republic Polytechnic. Multihoming AS Singapore,broadband,2023-Q1,2023,1,88.58099484974713,79.70599941176854,45.87080725318576,53.39968637280103,24.350472847682124,9.955,755,20,0.07549879201932769,True
10024,,LGA International,broadband,2023-Q1,2023,1,73.77265733130281,51.275008027540956,38.684727371852695,25.43431519494754,32.930005594405586,4.885,715,66,0.0714988560183037,True
2559,,VISA INTERNATIONAL SERVICE ASSOCIATION,broadband,2023-Q1,2023,1,14.777295315977371,20.43540869359645,6.420387675828913,4.238976277056415,120.40081206171108,96.0,713,3,0.0712988592182525,True
55415,,4 Shenton Way,broadband,2023-Q1,2023,1,39.7385586735332,25.02146316229772,40.33734526020797,12.284487702190757,27.497173290938,4.914,629,47,0.06289899361610214,True
2047,,Hoffmann - La Roche Ltd.,broadband,2023-Q1,2023,1,16.404387637974143,14.014381167609278,10.396202027071327,4.956578873746054,31.939771019677995,1.545,559,1,0.05589910561431017,True
4628,,Pacific Internet Pte Ltd,broadband,2023-Q1,2023,1,57.31054445492404,43.31335378824287,24.18686057231765,10.61961130827974,129.29409515260323,82.447,559,99,0.05589910561431017,True
8220,,COLT Technology Services Group Limited,broadband,2023-Q1,2023,1,49.340991145113485,47.56862343554395,28.48704673487397,27.20405458677599,109.99631311154599,14.302,519,67,0.05189916961328619,True
8360,,Allianz Technology SE,broadband,2023-Q1,2023,1,91.95567552557638,43.96060674544264,31.241855458787573,6.904734486257172,54.39136268343815,35.0,477,4,0.047699236812211006,True
133728,,Chubb Asia Pacific Pte Ltd,broadband,2023-Q1,2023,1,15.157671950971718,8.467801401471288,3.1506569004751372,1.2298854770114522,32.670185779816514,15.5085,436,1,0.043599302411161424,True
32537,,Xilinx Incorporated,broadband,2023-Q1,2023,1,49.801173933907464,19.34141125530594,21.042191505083952,1.3298291379942322,153.32087587822014,80.346,427,5,0.042699316810931025,True
2687,,"AT&T Enterprises, LLC",broadband,2023-Q1,2023,1,15.571878564874886,4.920653375001306,4.43952413598754,0.434980784287348,196.6218169014084,171.512,427,16,0.042699316810931025,True
20055,,Wholesail networks LLC,broadband,2023-Q1,2023,1,49.84887902794905,73.59043195188433,21.688481582546995,86.7218489545825,28.2253073286052,1.512,423,6,0.042299323210828625,True
138539,,Jewel Changi Airport Trustee Pte. Ltd.,broadband,2023-Q1,2023,1,35.14293904538295,26.79800426512156,25.47128090569612,13.781576180819629,25.620590476190483,4.9990000000000006,420,66,0.041999328010751825,True
30613,,Chicago Mercantile Exchange,broadband,2023-Q1,2023,1,14.315812602867936,8.983072215748528,6.801968893562361,2.788781432300433,60.916893401015244,46.1375,394,2,0.03939936961008624,True
134078,,NETPLUZ HOLDINGS PRIVATE LIMITED,broadband,2023-Q1,2023,1,60.48985700357995,48.007672360455295,28.89488713230984,27.094737077880495,18.631815384615386,4.6495,390,98,0.03899937600998384,True
131195,,SIM Headquarters,broadband,2023-Q1,2023,1,150.6981443716683,111.2144464736163,107.93925990977446,18.599659890575836,33.67616710182768,5.752,383,24,0.03829938720980464,True
138345,,StarHub Ltd,broadband,2023-Q1,2023,1,24.27820843361541,6.573002518102927,13.347477400042223,2.151544770199198,57.3203253968254,30.18,378,254,0.037799395209676644,True
56094,,ITENET:wq,broadband,2023-Q1,2023,1,114.17195728391924,100.42831963398244,44.75531937872248,47.22532170897434,26.979860273972605,5.509,365,18,0.03649941600934385,True
3549,,"Level 3 Parent, LLC",broadband,2023-Q1,2023,1,26.559066179798933,19.76343725296838,14.130943264454384,5.726626061505556,103.30138011695907,71.2955,342,26,0.03419945280875506,True
136271,,IMS Health India Pvt Ltd,broadband,2023-Q1,2023,1,22.82354838122394,16.152372243098892,13.090224832597608,5.533676511926301,209.44798235294118,159.9855,340,9,0.03399945600870386,True
138699,,TIKTOK PTE. LTD.,broadband,2023-Q1,2023,1,32.37233374636758,14.854237059801125,13.864669221455483,3.5632650441282987,83.97527508090614,51.414,310,3,0.03099950400793587,True
35163,,Procter & Gamble Service GmbH,broadband,2023-Q1,2023,1,85.08114733572621,71.60214737045908,55.41291002006629,38.46255750616374,131.16740000000001,127.294,305,5,0.030499512007807875,True
15695,,Expereo International BV,broadband,2023-Q1,2023,1,43.851209227488404,24.109887060143198,45.658477763161294,19.120557515538483,17.84854934210526,5.6225000000000005,304,9,0.030399513607782275,True
9877,,Ngee Ann Polytechnic Computer Center,broadband,2023-Q1,2023,1,52.10677634169226,47.2724103014408,29.366213434588424,28.557037974122764,33.43837541528239,1.445,301,3,0.030099518407705476,True
29990,,Xandr Inc.,broadband,2023-Q1,2023,1,32.18932436144331,15.272042441394918,14.396878105662775,1.6965865541868945,183.67730434782604,134.00349999999997,280,6,0.027999552007167885,True
131475,,Singapore Institute of Technology,broadband,2023-Q1,2023,1,112.87693814103626,98.18691206723025,98.71862085337108,82.45664749017259,26.376516245487366,19.262,277,24,0.027699556807091085,True
23767,,A-STAR,broadband,2023-Q1,2023,1,169.76492372364348,148.91707215286198,113.48180000933941,85.62499125806244,19.206520446096647,4.992,269,83,0.02689956960688629,True
55487,,Globalfoundries Singapore Pte Ltd,broadband,2023-Q1,2023,1,62.28525291127537,55.3559662034364,26.109846280909522,15.861594659962154,26.520760456273766,2.047,263,5,0.026299579206732693,True
55919,,20 Dover Drive Singapore 138682,broadband,2023-Q1,2023,1,302.3546271445518,158.51221369641473,206.72662464008715,77.45644437323938,24.437266159695813,5.043,263,4,0.026299579206732693,True
3573,,Accenture LLP,broadband,2023-Q1,2023,1,14.721071979253452,6.239581474561594,5.121084505084309,3.9691142925351377,82.7993125,39.0,256,17,0.025599590406553494,True
141469,,Cargill Asia Pacific Holdings Pte Ltd,broadband,2023-Q1,2023,1,78.27051442102598,26.41932123166782,33.109711653641,11.261765970196892,49.8695439330544,0.829,239,4,0.023899617606118303,True
137220,,"Texas Instruments, Inc",broadband,2023-Q1,2023,1,21.31790275022671,9.292437299009896,13.899129509768668,1.0474710157246632,154.34042358078602,204.618,229,3,0.022899633605862307,True
139028,,Singapore Technologies Engineering Ltd,broadband,2023-Q1,2023,1,28.834706731196718,45.83187729337133,14.864154632359783,21.821207819106277,18.466963636363634,1.278,220,5,0.021999648005631908,True
174,Cogent,"Cogent Communications, LLC",broadband,2023-Q1,2023,1,7.837466469224662,6.609729495328166,4.6981237347667895,2.774520452187512,104.54494954128441,28.591,218,4,0.021799651205580712,True
38862,,TullettPrebon Singapore multihoming ISP connection AS,broadband,2023-Q1,2023,1,303.32567507300627,222.28414314454835,395.6959819396479,256.0778015819049,16.423729857819907,1.033,211,1,0.021099662405401513,True
150218,,PT Wijaya Mandiri Network,broadband,2023-Q1,2023,1,6.674194759697089,7.487857372994776,5.821213682408365,5.932801387875251,159.8777121212121,183.2385,199,5,0.019899681605094317,True
38055,,ACE Insurance Singapore,broadband,2023-Q1,2023,1,19.31030981600624,12.683554726633384,4.323551233742555,3.4637514559254567,32.64305128205128,5.709,195,2,0.01949968800499192,True
56039,,SPH Media Limited,broadband,2023-Q1,2023,1,304.28234672305416,262.79794251510475,94.86153985876183,86.90993056660551,26.63977894736842,5.3035,190,15,0.01899969600486392,True
2906,,Netflix Streaming Services Inc.,broadband,2023-Q1,2023,1,21.050844164932148,7.332666958709162,14.984565558824464,2.5414450646257345,359.57214814814813,329.0,190,40,0.01899969600486392,True
56043,,PEPSICO INTERNATIONAL PTE. LTD.,broadband,2023-Q1,2023,1,19.575869570218238,10.630462292100141,6.636707166567941,2.3709067185246857,41.461913513513515,2.568,185,2,0.018499704004735926,True
15224,,Adobe Inc.,broadband,2023-Q1,2023,1,23.403513345716895,16.97139798520917,15.357035295464474,10.880773849776837,133.56243956043954,116.431,182,1,0.018199708804659126,True
9255,,Singapore Telecom,broadband,2023-Q1,2023,1,15.82415857199858,22.8639289612044,10.235508247909806,5.24274083856177,65.76155172413792,35.5325,174,20,0.01739972160445433,True
18723,,Seagate Technology LLC,broadband,2023-Q1,2023,1,98.94117457966614,55.952420139516576,63.31783430000776,21.80534138741754,72.9983546511628,47.474999999999994,172,4,0.01719972480440313,True
138610,,SAP SE,broadband,2023-Q1,2023,1,22.689298399611552,14.292484004452023,11.238894352862864,4.353105426779811,174.91709999999998,112.3535,160,56,0.015999744004095935,True
2912,,Citigroup Inc.,broadband,2023-Q1,2023,1,4.770478195032217,8.265815512081819,5.309749138773115,5.312286364849987,164.03876433121022,132.0,157,53,0.015699748804019135,True
58521,,Garena Online Pte Ltd,broadband,2023-Q1,2023,1,38.66079275969859,39.58732856870902,9.617881037287134,9.09878799531008,40.77846753246754,20.244,154,16,0.015399753603942338,True
29802,,"HIVELOCITY, Inc.",broadband,2023-Q1,2023,1,8.843549748087321,7.787105916027631,4.446267227000722,3.5733875537644395,283.86913157894736,324.9,152,30,0.015199756803891138,True
4844,,SuperInternet ACCESS Pte Ltd,broadband,2023-Q1,2023,1,101.45201226108802,104.16537120514495,41.847627025229066,44.723472319585014,26.535859060402682,18.325,149,24,0.01489976160381434,True
11158,,"NTT America, Inc.",broadband,2023-Q1,2023,1,18.070258804771402,11.928459986069734,12.77914333556832,7.470159445148363,58.546151724137935,35.366,145,6,0.01449976800371194,True
14762,,"AMGEN, Inc.",broadband,2023-Q1,2023,1,12.337806466495499,21.62314657799142,4.808746949691773,3.9460040215983914,37.09058450704226,1.859,142,1,0.014199772803635142,True
131217,,8 Kallang Sector,broadband,2023-Q1,2023,1,57.989884253660364,66.98822637118225,35.632486211649436,34.93162370009592,42.441624999999995,13.3885,136,2,0.013599782403481545,True
7054,,"Merck and Co., Inc.",broadband,2023-Q1,2023,1,36.28937850145565,23.15671342599663,13.609086817257165,12.103290088566956,128.88204444444446,193.113,135,3,0.013499784003455945,True
17733,,Office of Communications & IT,broadband,2023-Q1,2023,1,133.27935699513637,114.84229367860141,92.88060550904991,90.65362214957604,16.62602272727273,6.4755,132,12,0.013199788803379147,True
40339,,Jump Trading LLC,broadband,2023-Q1,2023,1,34.41781180028484,36.0549675561521,14.14613372918195,22.53328855270653,17.661519083969463,2.0,131,1,0.013099790403353547,True
394161,,"Tesla Motors, Inc.",broadband,2023-Q1,2023,1,29.071926804807635,6.028879072883762,30.897709352045187,1.9964490077410417,334.57049618320605,316.29,131,13,0.013099790403353547,True
3257,,GTT Communications Inc.,broadband,2023-Q1,2023,1,93.61631319332868,102.92188031437287,56.399561082050525,50.78753294014636,99.4488923076923,48.5,130,12,0.012999792003327947,True
24012,,Refinitiv Australia PTY Limited,broadband,2023-Q1,2023,1,26.674321844368283,13.265690329271777,8.931119199540614,4.654554423713872,134.76787704918033,101.1005,122,9,0.01219980480312315,True
6453,,TATA COMMUNICATIONS (AMERICA) INC,broadband,2023-Q1,2023,1,118.739413804239,88.85685102250781,31.38685505829216,18.85177278888968,79.97088983050848,40.483999999999995,118,13,0.011799811203020752,True
714,,Apple Inc.,broadband,2023-Q1,2023,1,79.65451985941914,67.36993989387858,69.52951505762533,70.55322841554053,19.380273504273504,3.977,117,67,0.011699812802995152,True
44356,,Epsilon Telecommunications Ltd,broadband,2023-Q1,2023,1,11.983854048949748,38.80695521431992,13.006073268093058,13.346766339551472,95.4429568965517,29.0,116,60,0.011599814402969552,True
4410,,Credit Suisse Group,broadband,2023-Q1,2023,1,41.88257025482889,31.813542783937333,11.761407674817187,16.734890074716255,37.573913043478264,35.016,115,4,0.011499816002943954,True
17617,,Nanyang Polytechnic,broadband,2023-Q1,2023,1,28.72560646593186,31.821169106769837,20.51463185782982,21.868456096748922,13.669405405405408,2.552,111,2,0.011099822402841554,True
13443,,LinkedIn Corporation,broadband,2023-Q1,2023,1,116.41451323582329,124.0644119135869,107.46813519327533,111.3151360843705,57.27469696969697,36.467,99,98,0.009899841602534359,False
33619,,"Advanced Micro Devices, Inc.",broadband,2023-Q1,2023,1,53.53895263469038,60.66640627826987,3.1193130257890163,4.147804675379737,286.6654270833333,335.507,96,3,0.00959984640245756,False
56197,,KDDI ASIA PACIFIC PTE. LTD.,broadband,2023-Q1,2023,1,57.10470296822468,25.90744993534531,45.47758980180602,10.525720339402541,29.202771739130437,16.281,92,12,0.009199852802355163,False
24545,,HKTEL,broadband,2023-Q1,2023,1,5.334807699436046,1.3134410125931206,1.0541195724655184,0.6680355480758073,169.36532608695654,113.995,92,41,0.009199852802355163,False
132361,,Citrix Systems Asia Pacific Pty Ltd,broadband,2023-Q1,2023,1,154.75158635583313,171.89033384900966,76.21043472313521,80.19935848014329,89.41265934065935,93.384,91,3,0.009099854402329563,False
40810,,Ernst & Young LLP,broadband,2023-Q1,2023,1,22.48978248874732,19.931378995697024,21.65527601650538,11.692241848004072,91.0641098901099,37.438,91,2,0.009099854402329563,False
54092,,"DRW Holdings, LLC",broadband,2023-Q1,2023,1,43.246408913806704,23.672560861272324,29.085853080023718,24.209119033662343,98.06777528089889,68.077,89,1,0.008899857602278363,False
49362,,DSV A/S,broadband,2023-Q1,2023,1,19.13120728232224,19.858582800633716,13.715436311120678,20.189591660592523,82.9694367816092,76.321,87,5,0.008699860802227165,False
17350,,Moody's Corp.,broadband,2023-Q1,2023,1,103.11274376804826,9.909981718232197,58.395459009107256,2.4622585400652057,208.16440697674417,208.391,86,4,0.008599862402201565,False
45597,,POINT72 ASIA,broadband,2023-Q1,2023,1,50.754613846800275,37.44924094700178,36.675814847720716,10.296310069955606,120.84003571428569,93.372,84,1,0.008399865602150365,False
134981,,UBER SINGAPORE TECHNOLOGY PTE. LTD,broadband,2023-Q1,2023,1,90.44416633641443,92.81033910239488,77.94560776897094,87.51059974804286,120.66855952380952,81.4565,84,32,0.008399865602150365,False
14381,,"Caterpillar, Inc.",broadband,2023-Q1,2023,1,7.655942386363366,42.09360583102934,1.2595255563005279,37.91901327591285,147.3429638554217,116.887,83,1,0.008299867202124766,False
137991,,Lifeway Singapore Pte. Ltd.,broadband,2023-Q1,2023,1,58.995921769512314,58.32750999880809,28.756939008368494,16.25051451573325,104.38924358974359,105.8695,78,9,0.007799875201996768,False
133013,,"AbbVie, Inc.",broadband,2023-Q1,2023,1,35.79047336194435,18.927130923822325,24.976614991395365,3.726936301084676,6.946906666666665,2.044,75,1,0.007499880001919969,False
136513,,FILINVEST BUSINESS SERVICES CORPORATION,broadband,2023-Q1,2023,1,5.2233090323269735,3.636522256520315,4.3182122597377255,0.14839808566469492,175.33744117647058,195.33100000000002,68,2,0.006799891201740772,False
1828,,Unitas Global,broadband,2023-Q1,2023,1,127.48904964074066,38.1728520638021,141.05813643191857,32.43597228447112,72.37495588235294,59.841,68,1,0.006799891201740772,False
4913,,"Speedcast Communications, Inc",broadband,2023-Q1,2023,1,2.438136443730685,0.3164213548728562,0.8117899289803161,0.14605423448438534,111.35522388059702,74.809,67,12,0.006699892801715172,False
4637,,Telstra Global,broadband,2023-Q1,2023,1,49.24570926055678,36.41914178075896,26.124145926575103,19.712742813830562,126.8465,79.2355,66,7,0.006599894401689573,False
3356,,"Level 3 Parent, LLC",broadband,2023-Q1,2023,1,77.95497384538369,58.15361749366597,38.179378140989186,4.765504268950906,88.56927272727273,40.025000000000006,66,20,0.006599894401689573,False
205080,,Societe Internationale de Telecommunications Aeronautiques,broadband,2023-Q1,2023,1,8.25794003834194,2.902580146955415,3.63028026817729,1.7308605387140688,65.19829230769231,14.967,65,24,0.0064998960016639734,False
45133,,Singapore Polytechnic,broadband,2023-Q1,2023,1,120.09081123476167,122.07836555556626,38.00045892282932,49.35232669477595,27.951553846153846,5.316,65,13,0.0064998960016639734,False
137003,,INSEAD,broadband,2023-Q1,2023,1,127.72522878338083,196.73700696753954,45.08363815372961,34.39493431271781,34.408671874999996,33.8435,64,1,0.0063998976016383735,False
16669,,Applied Materials,broadband,2023-Q1,2023,1,105.42825931374318,103.44557756221155,72.77825230522424,87.80602638060263,18.529,2.178,63,2,0.0062998992016127745,False
134457,,BMC Software Asia Pacific Pte Ltd,broadband,2023-Q1,2023,1,4.470901681363279,7.02589587750824,5.039719586916296,1.3496763550902915,105.76781355932204,79.414,59,1,0.005899905601510376,False
41378,,Kirino LLC,broadband,2023-Q1,2023,1,236.9507689007191,36.34133371024347,119.26058655090388,27.176265837325808,99.77999999999999,35.584,57,13,0.005699908801459177,False
13167,,Merck KGaA,broadband,2023-Q1,2023,1,13.524829058904675,4.248998078232089,9.928464583854625,2.398820921458322,40.31728571428572,18.4065,56,1,0.005599910401433577,False
139636,,WORKDAY AUSTRALIA PTY LTD,broadband,2023-Q1,2023,1,37.608154233561294,28.276685271931683,25.823035767386468,17.42981284745979,49.992309090909096,21.115,55,1,0.005499912001407977,False
17645,,ASN - NTT SINGAPORE PTE LTD,broadband,2023-Q1,2023,1,51.071057394763436,46.55124764598705,17.476049919435045,13.140290038464407,39.147462962962955,16.8205,54,18,0.005399913601382378,False
141760,,Mercedes-Benz Singapore Pte. Ltd.,broadband,2023-Q1,2023,1,29.472178307976485,27.868624691685937,25.871431522858913,23.565626372263086,84.54256603773584,82.292,53,20,0.005299915201356778,False
135391,,AOFEI DATA INTERNATIONAL COMPANY LIMITED,broadband,2023-Q1,2023,1,39.37931750055177,15.375733612529693,37.38490042459776,16.237965231440914,50.1759,0.189,50,5,0.004999920001279979,False
25888,,HP Inc.,broadband,2023-Q1,2023,1,55.214563867724785,40.16150992905264,54.581341217657176,12.694728057220734,57.686387755102054,50.586,49,10,0.00489992160125438,False
4058,,CITIC Telecom International CPC Limited,broadband,2023-Q1,2023,1,84.084271630838,49.16257016977992,95.32336292562714,18.60009013890932,29.040553191489362,4.689,47,7,0.0046999248012031805,False
140693,,The Walt Disney Company (HK) Ltd,broadband,2023-Q1,2023,1,207.48059231627468,160.97672567776218,37.862643280339555,0.11505667795318548,80.0746590909091,76.33699999999999,44,4,0.004399929601126382,False
3300,,British Telecommunications Limited,broadband,2023-Q1,2023,1,46.841682398114514,38.869398754883846,15.196472868250833,7.700749773551948,36.049775000000004,18.8975,40,9,0.003999936001023984,False
18725,,PVH Corp.,broadband,2023-Q1,2023,1,9.752992818199303,13.330391845466327,7.878870496088606,7.12802815644284,167.2232894736842,208.4715,38,1,0.0037999392009727844,False
24182,,Interpublic GIS,broadband,2023-Q1,2023,1,94.45995936312315,59.24075040170582,44.3864627927992,6.746412956829049,65.81959459459459,40.627,37,2,0.003699940800947185,False
7246,,Bristol-Myers Squibb Company,broadband,2023-Q1,2023,1,10.250861638486876,6.917737440082516,6.8641129644052885,0.997501312940655,115.27802857142858,96.592,35,2,0.0034999440008959856,False
135066,,Schroders Investment Management (Singapore) Limited,broadband,2023-Q1,2023,1,28.560868800901336,43.461905756666894,27.938099917970543,26.23791819305174,36.848571428571425,14.263,35,3,0.0034999440008959856,False
17978,,SERVCORP AUSTRALIAN HOLDINGS LTD,broadband,2023-Q1,2023,1,61.292511516406776,69.40598892910913,47.37772259002172,68.62030799581323,32.707057142857145,24.595,35,5,0.0034999440008959856,False
134839,,PropertyGuru Pte Ltd,broadband,2023-Q1,2023,1,41.37327355491313,38.453268034201294,30.20062478385611,4.656083938380922,190.33440625000003,195.39600000000002,32,10,0.0031999488008191868,False
10100,,UBS Group AG,broadband,2023-Q1,2023,1,209.9006562866569,174.73436285110236,254.8434480992387,233.22604088852947,49.839275862068966,33.759,29,3,0.002899953600742388,False
203554,,Louis Vuitton Malletier SA,broadband,2023-Q1,2023,1,18.101493847561983,15.175620163332642,11.946581685935636,15.047491791303356,280.205551724138,246.861,29,9,0.002899953600742388,False
19637,,Avago Technologies U.S. Inc.,broadband,2023-Q1,2023,1,129.82887392396475,141.8794449086085,99.35906350291745,104.30771415337429,37.10029629629629,17.449,27,1,0.002699956800691189,False
133322,,XIMBO Internet Limited,broadband,2023-Q1,2023,1,4.880817842591007,6.300268835454173,1.836146489797717,0.7406350982506824,321.9435555555555,338.356,27,4,0.002699956800691189,False
11746,,"Waggener Edstrom Worldwide, Inc.",broadband,2023-Q1,2023,1,233.61302836767203,298.5408841865396,242.52965234714594,315.06861558380314,27.03373076923077,31.191,26,1,0.0025999584006655896,False
138199,,Transatel,broadband,2023-Q1,2023,1,25.296214567397985,8.340530169904918,15.519409594954961,5.241925312221573,185.31984615384616,180.526,26,2,0.0025999584006655896,False
133136,,MyRepublic Ltd.,broadband,2023-Q1,2023,1,70.87914543785472,34.050107424329155,64.92305285811854,6.095409071908869,42.36268,12.895,25,4,0.0024999600006399897,False
29207,,"Takeda Pharmaceuticals U.S.A., Inc.",broadband,2023-Q1,2023,1,23.776513443032886,21.406562824394268,14.24801377995999,6.8517193243497285,109.22624,44.08,25,5,0.0024999600006399897,False
2914,,"NTT America, Inc.",broadband,2023-Q1,2023,1,98.36327492659795,54.50479802643191,47.9787768531705,25.445778140563817,109.42315999999997,79.028,25,5,0.0024999600006399897,False
132364,,TEC,broadband,2023-Q1,2023,1,178.67413773102874,143.35343140274776,127.76472203682312,98.53426399504905,23.139760000000003,3.386,25,4,0.0024999600006399897,False
27399,,Balyasny Asset Management L.P.,broadband,2023-Q1,2023,1,66.98174041809747,22.40327919236798,88.50405173371854,26.90650364593651,46.45033333333333,2.4995000000000003,24,1,0.00239996160061439,False
20868,,ABB Information Systems Ltd,broadband,2023-Q1,2023,1,33.51349353292601,16.407466603513292,16.57535501150771,7.171535305619059,192.33516666666665,173.5125,24,2,0.00239996160061439,False
59326,,DSO National Laboratories,broadband,2023-Q1,2023,1,238.6764757048586,194.32801113052344,124.53642547416206,113.71382977212846,38.8495652173913,4.458,23,9,0.0022999632005887907,False
399686,,SEMIBAND LLC,broadband,2023-Q1,2023,1,76.08932159531484,32.01529674218734,65.44432292163435,3.134336778307094,51.96836363636363,28.0125,22,3,0.002199964800563191,False
17003,,Zoetis Inc.,broadband,2023-Q1,2023,1,10.772840358895413,3.1095644613978943,4.340789003400921,3.0227021201492006,229.3566363636364,198.95049999999998,22,1,0.002199964800563191,False
23766,,"Electronic Arts, Singapore",broadband,2023-Q1,2023,1,48.831285448239,34.43437813430051,22.206017055887724,3.0199551045554145,305.5274285714286,322.663,21,1,0.0020999664005375914,False
34414,,Nokia APAC,broadband,2023-Q1,2023,1,24.50419936860523,23.011818427948768,25.588243793919602,23.965890809310288,44.49076190476191,0.236,21,2,0.0020999664005375914,False
400190,,Freeport-McMoRan Inc.,broadband,2023-Q1,2023,1,18.35192029525094,46.807832746811684,2.1078573202544737,21.3991755312001,131.7011,155.07150000000001,20,6,0.001999968000511992,False
9226,,1-Net Singapore Pte Ltd,broadband,2023-Q1,2023,1,46.722188247325285,46.39151411614043,32.01033929333752,29.240312983737297,15.59115789473684,8.876,19,3,0.0018999696004863922,False
38136,,Akari Networks,broadband,2023-Q1,2023,1,133.18765551943153,15.669957128655172,82.81814460122816,9.104091910729696,33.24615789473684,35.0,19,21,0.0018999696004863922,False
5580,,GTT Communications Netherlands B.V.,broadband,2023-Q1,2023,1,5.900424467879105,5.75509864375865,6.324117419111309,3.21579982388553,137.726,156.493,19,4,0.0018999696004863922,False
64050,,BGP Network Limited,broadband,2023-Q1,2023,1,8.830261485836608,10.769489055719946,6.512380026880501,9.631458948328413,84.89444444444445,80.98750000000001,18,6,0.0017999712004607925,False
7473,,Singapore Telecommunications Ltd,broadband,2023-Q1,2023,1,39.606830492625505,21.592356830708027,24.949101359847646,7.222002848119633,140.44011111111112,144.8015,18,3,0.0017999712004607925,False
142594,,SpeedyPage Ltd,broadband,2023-Q1,2023,1,63.67923573933341,34.10463624396307,43.36308931879057,15.091676544985035,83.55388888888889,47.1355,18,9,0.0017999712004607925,False
24331,,eBay Inc ASIA ASN eCommerce San Jose,broadband,2023-Q1,2023,1,40.24152175763878,23.165231488855,25.329601038776435,6.522890594014507,269.5658235294118,259.27,17,2,0.001699972800435193,False
206720,,AIRBUS SAS,broadband,2023-Q1,2023,1,29.173920472695904,45.21727947704559,3.5164254242953934,3.9927295191741083,46.51370588235294,39.82,17,2,0.001699972800435193,False
1449,,"PayPal, Inc.",broadband,2023-Q1,2023,1,104.07502593504857,86.16070171387244,62.83278073443853,56.901853989420715,21.594117647058827,9.739,17,6,0.001699972800435193,False
30081,,CacheFly,broadband,2023-Q1,2023,1,58.6547461034192,7.9524695541378785,62.40727810273283,0.07510450025315477,119.4145625,74.19800000000001,16,2,0.0015999744004095934,False
38166,,Standard Chartered Bank (Hong Kong) Limited.Banking and,broadband,2023-Q1,2023,1,46.20147451826095,69.9840149418047,38.12717411341349,83.95830365000528,53.23186666666667,44.0,15,4,0.001499976000383994,False
56308,,"TELEKOMUNIKASI INDONESIA INTERNATIONAL, PTE.LTD",broadband,2023-Q1,2023,1,75.42136854462892,79.04471417226733,46.68293702912996,30.93606435023837,33.86659999999999,16.531,15,10,0.001499976000383994,False
46078,,Dimension Data AP Kaki Bukit Singapore,broadband,2023-Q1,2023,1,44.79254264026939,29.818894216915123,44.864688874094064,20.25783085320945,61.038866666666664,60.029,15,1,0.001499976000383994,False
44493,,Chelyabinsk-Signal LLC,broadband,2023-Q1,2023,1,5.559727463789261,1.6421839862906287,0.13552323506648914,0.07594015987213704,110.4887142857143,87.731,14,6,0.0013999776003583942,False
133426,,Northtelecom PTE LTD,broadband,2023-Q1,2023,1,2.1203233865042668,0.5917346315725092,2.064135363606287,0.4023536124399115,59.45721428571428,2.8815,14,4,0.0013999776003583942,False
63526,,Systems Solutions & development Technologies Limited,broadband,2023-Q1,2023,1,10.380095302326854,13.163060413339077,9.170693518238748,14.102368442761259,70.47184615384614,71.343,13,4,0.0012999792003327948,False
3561,,"CenturyLink Communications, LLC",broadband,2023-Q1,2023,1,217.76074832529878,62.15174116154742,18.037296158974225,8.72308418147604,127.47953846153847,98.016,13,2,0.0012999792003327948,False
7700,,SINGAPORE TELECOMMUNICATIONS LTD,broadband,2023-Q1,2023,1,1.3506355642709866,0.42005591891916194,0.5803618490453463,0.09949364318629014,455.4078333333334,306.2155,12,6,0.001199980800307195,False
64086,,Australia and New Zealand Banking Group Limited (ANZ),broadband,2023-Q1,2023,1,75.20438766300633,81.73962696779805,60.41033156288027,0.15609823994710811,106.15875,69.366,12,7,0.001199980800307195,False
136537,,SQUAREPOINT OPERATIONS PRIVATE LIMITED,broadband,2023-Q1,2023,1,391.77259706768103,189.48898029122384,399.9032342604024,58.96231022148377,25.710666666666665,16.229,12,1,0.001199980800307195,False
133587,,Bain and Company,broadband,2023-Q1,2023,1,45.42989852926021,9.950966381742239,44.78710131668146,0.07540728223536529,146.41916666666668,146.558,12,1,0.001199980800307195,False
17905,,Commerzbank AG,broadband,2023-Q1,2023,1,12.015400401167907,7.308771687251816,6.790134732465605,6.87295711264523,26.659909090909093,20.483,11,1,0.0010999824002815954,False
56173,,internet content provider,broadband,2023-Q1,2023,1,56.94163838707986,6.725454920428421,31.281246839704007,8.242290596504192,115.0920909090909,89.286,11,4,0.0010999824002815954,False
133600,,ESSEC,broadband,2023-Q1,2023,1,40.227674117734416,14.093331756451494,32.82916866201369,12.196909274636361,10.704454545454547,5.648,11,2,0.0010999824002815954,False
10794,,"Bank of America, National Association",broadband,2023-Q1,2023,1,13.239064020037858,13.882234560937459,7.425082941427662,6.173551740503386,62.400000000000006,60.806,11,1,0.0010999824002815954,False
13431,,"Millennium Partners, L.P.",broadband,2023-Q1,2023,1,51.99762400104637,95.81805388956256,36.186175881082676,75.48680953000932,101.3106,100.372,10,1,0.000999984000255996,False
134407,,MediaCorp Pte Ltd,broadband,2023-Q1,2023,1,377.94323893364145,360.57540480379896,208.16250120582168,118.49580437468214,16.3039,6.21,10,3,0.000999984000255996,False
139349,,Diebold Nixdorf Singapore PTE. LTD.,broadband,2023-Q1,2023,1,66.47516944514886,41.014230129474434,83.91042374320676,29.652631985541245,45.5045,34.7715,10,1,0.000999984000255996,False
132242,,Hogarth Worldwide Pte,broadband,2023-Q1,2023,1,522.6600260586214,165.63450309307012,700.5606119805952,100.8372955938421,24.045499999999997,7.0,10,2,0.000999984000255996,False
59248,,ROCKWELL AUTOMATION BV,broadband,2023-Q1,2023,1,5.889553825351189,4.375099085888981,6.2313579294789445,5.067262504066264,215.79660000000004,185.94299999999998,10,3,0.000999984000255996,False
139883,,SPTEL PTE. LTD.,broadband,2023-Q1,2023,1,109.16572425915783,80.73490398894297,72.0683740503911,40.03468435243793,20.222,5.2785,10,4,0.000999984000255996,False
132132,,MyRepublic Ltd.,broadband,2023-Q1,2023,1,21.912220099235892,17.324745017452436,26.177309427398498,15.908954674627664,89.56311111111111,76.266,9,1,0.0008999856002303963,False
132277,,XTRA COMMUNICATION,broadband,2023-Q1,2023,1,67.33652144264104,74.61869980948448,25.76072179785933,15.968288218530043,5.0904444444444445,1.912,9,2,0.0008999856002303963,False
7358,,The Dun & Bradstreet Corporation,broadband,2023-Q1,2023,1,27.25239501785628,1.2915474079668507,31.037490805132474,0.08172760791981372,249.91355555555552,305.113,9,1,0.0008999856002303963,False
40513,,"Edge Technology Group, LLC",broadband,2023-Q1,2023,1,26.26414250698254,82.68218210395814,16.21663613774001,113.45466255052597,156.685,21.392,8,2,0.0007999872002047967,False
135161,,"GMO-Z com NetDesign Holdings Co., Ltd.",broadband,2023-Q1,2023,1,10.129226749063058,6.0010227632768,2.7550366772005472,2.827782189928523,74.286,60.219,8,3,0.0007999872002047967,False
8444,,JANUS HENDERSON ADMINISTRATION UK LIMITED,broadband,2023-Q1,2023,1,18.39717032622118,8.49202977093995,4.557691618245588,1.3552237465815455,151.482375,210.62,8,1,0.0007999872002047967,False
19239,,KLA Corporation,broadband,2023-Q1,2023,1,171.09181632281167,87.91678074831844,92.40138912716968,84.07008238212822,72.54075,41.951499999999996,8,1,0.0007999872002047967,False
55854,,LOREAL,broadband,2023-Q1,2023,1,10.128265344433531,1.0275885182751126,1.844941972951123,1.2767882703969176,190.059375,167.5575,8,1,0.0007999872002047967,False
64003,,8 Anthony Road,broadband,2023-Q1,2023,1,57.076579169003374,56.38036457226454,53.83546714173409,55.035327646153554,26.839428571428567,2.0,7,3,0.0006999888001791971,False
6461,,Zayo Bandwidth,broadband,2023-Q1,2023,1,64.79806910869476,37.467357887327644,64.80917585585229,17.215366464748598,165.118,207.841,7,4,0.0006999888001791971,False
9299,PLDT,Philippine Long Distance Telephone Company,broadband,2023-Q1,2023,1,68.71409472302318,36.5843479413386,49.702675515590606,6.618663500348041,87.59271428571427,97.745,7,1,0.0006999888001791971,False
140610,,Bayer (South East Asia) Pte Ltd,broadband,2023-Q1,2023,1,54.11722996397727,27.579636351259254,16.834445255022782,2.6935438996016035,94.30657142857142,70.938,7,2,0.0006999888001791971,False
23703,,"RigNet, Communication to remote locations in Asia/Pacific.",broadband,2023-Q1,2023,1,0.9862135605485557,0.36652354903287926,0.7469238990464806,0.2822935833984923,496.49733333333324,581.7829999999999,6,3,0.0005999904001535975,False
134190,,IPDC SOLUTIONS PTE LTD,broadband,2023-Q1,2023,1,10.73975202517623,7.718114560729046,6.390253431183794,6.455315582493773,90.67883333333333,63.3465,6,1,0.0005999904001535975,False
50010,,Omani Qatari Telecommunication Company SAOC,broadband,2023-Q1,2023,1,50.71694931799782,4.212605307428775,44.55302818673346,3.9938373620773775,100.17616666666667,96.3685,6,4,0.0005999904001535975,False
48266,,Catixs Ltd,broadband,2023-Q1,2023,1,279.5280493200044,8.217674088650282,276.67105910990693,8.217674088650282,14.4985,14.406,6,3,0.0005999904001535975,False
24482,,SG.GS,broadband,2023-Q1,2023,1,44.5942997406351,13.323336043669945,40.04305317970832,19.808966208230256,34.38566666666667,26.078,6,2,0.0005999904001535975,False
135525,,"Exoduspoint Capital Management Singapore, Pte. Ltd.",broadband,2023-Q1,2023,1,346.2673363847713,139.45111500580288,317.3948755916381,0.08823721175626827,16.735800000000005,11.642,5,1,0.000499992000127998,False
38870,,BGC Partners - APAC,broadband,2023-Q1,2023,1,96.65185405185417,17.510646792259216,110.2440819379366,10.00762259161515,34.5794,40.646,5,2,0.000499992000127998,False
54201,,We Link Networks LLC,broadband,2023-Q1,2023,1,20.8960792750637,17.894410792759047,5.2530935918345385,19.330182804029743,261.50059999999996,261.624,5,4,0.000499992000127998,False
38891,,Measat Satellite Systems Sdn. Bhd.,broadband,2023-Q1,2023,1,0.795359992385541,0.33891787859704775,0.4664363537156867,0.36466253060423404,55.8568,50.346,5,1,0.000499992000127998,False
59210,,PhoenixNAP,broadband,2023-Q1,2023,1,1312.9797370362041,771.9182847392563,759.5070747651177,454.99761636975757,6.183,0.62,5,3,0.000499992000127998,False
6507,,"Riot Games, Inc",broadband,2023-Q1,2023,1,411.2274492690543,255.03846914686946,492.6524187455329,14.066503444024416,42.3266,33.28,5,1,0.000499992000127998,False
58885,,IQON GLOBAL PTE LTD,broadband,2023-Q1,2023,1,299.681225806292,222.52440262191715,375.7310334393221,308.2467534025973,6.4799999999999995,2.703,5,2,0.000499992000127998,False
55426,,Amphenol FCI Asia Pte Ltd,broadband,2023-Q1,2023,1,18.047097647387588,40.746609923809096,12.855933187836746,38.02874529939145,65.2706,7.098,5,1,0.000499992000127998,False
17497,,Liasail Global Hongkong Limited,broadband,2023-Q1,2023,1,43.214820468282994,29.731805250543772,19.904580644707636,29.731805250543772,59.77,27.867,5,5,0.000499992000127998,False
24247,,PacketFabric (Hong Kong) Limited,broadband,2023-Q1,2023,1,532.3383463754428,283.6762774663948,486.5057979125871,245.4904275979158,24.179000000000002,21.994500000000002,4,1,0.00039999360010239835,False
132334,,LUCASFILM VISUAL EFFECTS INDIA PRIVATE LIMITED,broadband,2023-Q1,2023,1,82.15740877332736,22.77723793560067,29.015212886099587,22.77723793560067,99.63575,29.3585,4,1,0.00039999360010239835,False
16509,,"Amazon.com, Inc.",broadband,2023-Q1,2023,1,5.064641949330737,7.087503109851446,3.5005991233123437,0.0819976292222853,52.27025,51.518,4,1,0.00039999360010239835,False
24516,,Virtutel Pty Ltd,broadband,2023-Q1,2023,1,86.32800643792693,24.433039889685322,72.11666106556414,14.476374841987989,23.227500000000003,20.1525,4,3,0.00039999360010239835,False
62651,,"Strong Technology, LLC.",broadband,2023-Q1,2023,1,16.24031183701701,0.4421976496795307,15.184306485635519,0.07530401943052266,0.12425,0.1245,4,1,0.00039999360010239835,False
199053,,Euronodes Ltd,broadband,2023-Q1,2023,1,177.4271894407347,29.131691448456163,78.39646022933388,31.893977198057662,22.828000000000003,21.542,4,4,0.00039999360010239835,False
57695,,"Misaka Network, Inc.",broadband,2023-Q1,2023,1,53.018321451560816,36.210797252943564,42.172433508821484,36.210797252943564,58.2295,31.2655,4,3,0.00039999360010239835,False
48647,,Solvay SA,broadband,2023-Q1,2023,1,10.860704680408846,6.9504452546436735,14.284841580663695,7.467737553665533,296.78375,160.0085,4,1,0.00039999360010239835,False
64049,,Reliance Jio Infocomm Pte Ltd Singapore,broadband,2023-Q1,2023,1,31.45786759396084,13.339624342684187,28.06313401458121,6.10138645927899,56.516000000000005,25.3855,4,1,0.00039999360010239835,False
13014,,Hewlett Packard France S.A.S.,broadband,2023-Q1,2023,1,20.42537038026867,0.0850520767261412,17.300292521838642,0.0850520767261412,99.01966666666665,77.057,3,3,0.0002999952000767988,False
18402,,NATIONAL LIBRARY BOARD,broadband,2023-Q1,2023,1,64.1377810920326,47.928762873297934,67.30551732006768,47.928762873297934,3.576,3.0,3,1,0.0002999952000767988,False
6660,,VODAFONE ENTERPRISE EQUIPMENT LIMITED,broadband,2023-Q1,2023,1,9.205068056581277,8.435050057154086,10.212676260308001,8.435050057154086,161.981,178.166,3,1,0.0002999952000767988,False
10122,,NETSTAR (SG) PTE. LTD.,broadband,2023-Q1,2023,1,0.8343381696705832,1.365856070614967,0.33845363574399145,1.5070541191618112,470.1283333333333,382.635,3,1,0.0002999952000767988,False
395753,,KKR,broadband,2023-Q1,2023,1,211.1263709572453,397.06042599530963,211.627136728728,397.06042599530963,4.974333333333333,5.009,3,1,0.0002999952000767988,False
132829,,Nevigate Communications (S) Pte Ltd,broadband,2023-Q1,2023,1,14.375217492642514,0.23536541170767064,16.07626373753918,0.23536541170767064,100.11033333333334,20.576,3,2,0.0002999952000767988,False
14127,,Iland Internet Solutions Corporation,broadband,2023-Q1,2023,1,15.564292608605113,7.0250156231136005,15.652993125305796,4.326148240673121,86.79866666666668,55.157,3,1,0.0002999952000767988,False
134363,,EZIT Solutions Pte Ltd,broadband,2023-Q1,2023,1,22.52519866878561,12.48869000150963,22.832481314275142,13.242084513982999,105.906,115.858,3,1,0.0002999952000767988,False
204669,,NETLABS LLC,broadband,2023-Q1,2023,1,391.67503799021284,16.6295130315629,526.7620722511093,16.6295130315629,32.303,33.407,3,2,0.0002999952000767988,False
393954,,CFN Services Inc.,broadband,2023-Q1,2023,1,35.475965425551856,56.86775463414378,41.0219109043622,56.86775463414378,35.317,18.546,3,2,0.0002999952000767988,False
6279,,PCCW Global (HK) Ltd.,broadband,2023-Q1,2023,1,13.198062064697504,2.0262050829170875,2.791373514881838,2.854059532585093,168.24666666666667,177.712,3,1,0.0002999952000767988,False
45652,,VPLS ASIA,broadband,2023-Q1,2023,1,1.8820406987248133,0.6992975641852102,1.8141459861547267,0.7352176144270179,35.45033333333333,35.586,3,1,0.0002999952000767988,False
5091,,"Stripe, Inc.",broadband,2023-Q1,2023,1,68.68311634931582,83.92253444793141,68.68311634931582,83.92253444793141,334.717,334.717,2,1,0.00019999680005119917,False
19773,,"Motorola, Inc.",broadband,2023-Q1,2023,1,21.882701428844815,0.08228688175595478,21.882701428844815,0.08228688175595478,139.76250000000002,139.76250000000002,2,2,0.00019999680005119917,False
26940,,Levi Strauss & Co.,broadband,2023-Q1,2023,1,170.67494327215886,,170.67494327215886,,20.379,20.379,2,1,0.00019999680005119917,False
139225,,Whatbox Inc.,broadband,2023-Q1,2023,1,125.66554054714554,97.35727299244014,125.66554054714554,97.35727299244014,22.075,22.075,2,1,0.00019999680005119917,False
142119,,NEX CORPORATEIT PTE LTD,broadband,2023-Q1,2023,1,195.42529267585041,179.56627221921542,195.42529267585041,179.56627221921542,1.441,1.441,2,1,0.00019999680005119917,False
134349,,Panduit Singapore Pte Ltd,broadband,2023-Q1,2023,1,167.68065628642282,34.486209415008176,167.68065628642282,34.486209415008176,15.5205,15.5205,2,1,0.00019999680005119917,False
45938,,3 Tai Seng drive # 04-00,broadband,2023-Q1,2023,1,56.54083717189485,51.43076401381845,56.54083717189485,51.43076401381845,10.9025,10.9025,2,1,0.00019999680005119917,False
395592,,Ericsson Inc.,broadband,2023-Q1,2023,1,21.261896924561682,122.55750857177819,21.261896924561682,122.55750857177819,1.443,1.443,2,1,0.00019999680005119917,False
208187,,TeamViewer Germany GmbH,broadband,2023-Q1,2023,1,2.823956165623504,,2.823956165623504,,331.1685,331.1685,2,1,0.00019999680005119917,False
132337,,Axclusive,broadband,2023-Q1,2023,1,152.7982241573285,0.19283396168758915,152.7982241573285,0.19283396168758915,61.083,61.083,2,1,0.00019999680005119917,False
13414,,Twitter Inc.,broadband,2023-Q1,2023,1,82.65757120211103,9.490787338888339,82.65757120211103,9.490787338888339,18.2315,18.2315,2,1,0.00019999680005119917,False
212238,,Datacamp Limited,broadband,2023-Q1,2023,1,15.710809766660905,11.762868415074049,15.710809766660905,11.762868415074049,36.256499999999996,36.256499999999996,2,2,0.00019999680005119917,False
136448,,AIA Shared Services (Hong Kong) Ltd,broadband,2023-Q1,2023,1,4.621002421752697,11.950465209407138,4.621002421752697,11.950465209407138,36.9755,36.9755,2,2,0.00019999680005119917,False
38532,,Exabytes Network (Singapore) Pte. Ltd.,broadband,2023-Q1,2023,1,93.89866646613426,67.90425662011194,93.89866646613426,67.90425662011194,13.666,13.666,1,1,9.999840002559959e-05,False
133541,,SIPPE-SG,broadband,2023-Q1,2023,1,4.7225380952342375,3.913499742852803,4.7225380952342375,3.913499742852803,2.0,2.0,1,1,9.999840002559959e-05,False
28959,,Vitol Services Ltd,broadband,2023-Q1,2023,1,894.4735651268418,891.2192516299458,894.4735651268418,891.2192516299458,1.497,1.497,1,1,9.999840002559959e-05,False
46320,,BLU Fibre Networks inc.,broadband,2023-Q1,2023,1,48.38325273204905,0.007999089612563346,48.38325273204905,0.007999089612563346,46.011,46.011,1,1,9.999840002559959e-05,False
132265,,Singapore Airlines Limited,broadband,2023-Q1,2023,1,74.02486662025517,58.82616812112228,74.02486662025517,58.82616812112228,31.298,31.298,1,1,9.999840002559959e-05,False
136202,,Freepoint Commodities Singapore Pte. Ltd.,broadband,2023-Q1,2023,1,288.46412930321776,,288.46412930321776,,0.441,0.441,1,1,9.999840002559959e-05,False
14630,,"Invesco Group Services, Inc.",broadband,2023-Q1,2023,1,11.563540811539815,,11.563540811539815,,1.297,1.297,1,1,9.999840002559959e-05,False
59451,,Al-Bank Al-Arabi PLC. CO.,broadband,2023-Q1,2023,1,14.828803537237906,0.21308387739829554,14.828803537237906,0.21308387739829554,190.817,190.817,1,1,9.999840002559959e-05,False
36184,,Virtu Financial Operating LLC,broadband,2023-Q1,2023,1,107.52274735723475,,107.52274735723475,,37.068,37.068,1,1,9.999840002559959e-05,False
133134,,AION TECHNOLOGIES PTE LTD,broadband,2023-Q1,2023,1,26.38946930993082,,26.38946930993082,,174.083,174.083,1,1,9.999840002559959e-05,False
35908,,Krypt Technologies,broadband,2023-Q1,2023,1,6.243212453312789,10.749075884192285,6.243212453312789,10.749075884192285,214.551,214.551,1,1,9.999840002559959e-05,False
137563,,Flow Traders Asia Pte. Ltd.,broadband,2023-Q1,2023,1,25.14357192301668,,25.14357192301668,,190.277,190.277,1,1,9.999840002559959e-05,False
136149,,MediaCorp Pte Ltd,broadband,2023-Q1,2023,1,57.499111419298806,,57.499111419298806,,183.45,183.45,1,1,9.999840002559959e-05,False
136464,,Pacific Internet Pte Ltd,broadband,2023-Q1,2023,1,109.09288519005321,219.1009027635697,109.09288519005321,219.1009027635697,28.558,28.558,1,1,9.999840002559959e-05,False
3918,,Shell Information Technology International B.V.,broadband,2023-Q1,2023,1,7.382965876953688,42.28833635018225,7.382965876953688,42.28833635018225,149.1,149.1,1,1,9.999840002559959e-05,False
6421,,TATA COMMUNICATIONS (AMERICA) INC,broadband,2023-Q1,2023,1,5.07589903169334,,5.07589903169334,,171.94,171.94,1,1,9.999840002559959e-05,False
147188,,Rocket Network Pte. Ltd.,broadband,2023-Q1,2023,1,582.065495729498,735.6882126547534,582.065495729498,735.6882126547534,0.486,0.486,1,1,9.999840002559959e-05,False
16875,,AON Corporation,broadband,2023-Q1,2023,1,4.081283971276596,14.101555768567557,4.081283971276596,14.101555768567557,331.41,331.41,1,1,9.999840002559959e-05,False
49544,,i3D.net B.V,broadband,2023-Q1,2023,1,99.47731978084457,64.62213088016442,99.47731978084457,64.62213088016442,8.936,8.936,1,1,9.999840002559959e-05,False
139646,,"HONG KONG LIGHTLAYER TECHNOLOGY CO., LIMITED",broadband,2023-Q1,2023,1,3.452769475117556,1.2047226519938112,3.452769475117556,1.2047226519938112,1.229,1.229,1,1,9.999840002559959e-05,False
7138,,"Encompass Digital Media, LLC",broadband,2023-Q1,2023,1,73.61107450837031,95.54400795907505,73.61107450837031,95.54400795907505,223.079,223.079,1,1,9.999840002559959e-05,False
29066,,velia.net Internetdienste GmbH,broadband,2023-Q1,2023,1,13.922889149051993,32.168395132888186,13.922889149051993,32.168395132888186,251.015,251.015,1,1,9.999840002559959e-05,False
152194,,CTG Server Limited,broadband,2023-Q1,2023,1,8.587622389439868,10.507884243540937,8.587622389439868,10.507884243540937,44.061,44.061,1,1,9.999840002559959e-05,False
55781,,Fujitsu Asia Pte. Ltd.,broadband,2023-Q1,2023,1,73.86757739790646,29.874895742785842,73.86757739790646,29.874895742785842,32.345,32.345,1,1,9.999840002559959e-05,False
23920,,Asia Mediatel Pte Ltd,broadband,2023-Q1,2023,1,10.83796412619528,0.20754621699666295,10.83796412619528,0.20754621699666295,85.299,85.299,1,1,9.999840002559959e-05,False
45166,,Pacific Internet Pte Ltd,broadband,2023-Q1,2023,1,32.41935535321531,,32.41935535321531,,29.651,29.651,1,1,9.999840002559959e-05,False
136552,,Pacific Comnet (M) Sdn. Bhd.,broadband,2023-Q1,2023,1,36.06620126785665,56.087499722526246,36.06620126785665,56.087499722526246,16.23,16.23,1,1,9.999840002559959e-05,False
9506,,Singtel Fibre Broadband,broadband,2023-Q2,2023,2,136.9183670529604,94.6599478100987,78.91418801626992,41.67429693289717,62.848364509010295,40.203,229372,53505,24.520356839331434,True
4657,,StarHub Ltd,broadband,2023-Q2,2023,2,60.30752621500231,33.900355460924445,37.530256480817435,18.593624761272487,31.76081527220566,13.195,223103,14140,23.850187345994108,True
55430,,Starhub Ltd,broadband,2023-Q2,2023,2,147.2666398670415,113.91207096687246,78.76558099705234,48.38428421625117,37.718535639159555,17.207,165533,52299,17.695831351189554,True
4773,,MobileOne Ltd. Mobile/Internet Service Provider Singapore,broadband,2023-Q2,2023,2,178.7752860050962,134.18031731733117,92.72966324448863,63.021192772315864,39.40734221958927,16.47,106398,21757,11.374173512857654,True
3758,,SingNet,broadband,2023-Q2,2023,2,108.07422129138642,70.934454346135,44.879095795044584,18.533385814566245,50.8319231647538,31.361,50809,8854,5.431590650339147,True
56300,,MyRepublic Ltd.,broadband,2023-Q2,2023,2,203.63700856044116,113.10162424472593,104.67331407304678,51.62741802940561,28.88785792906645,15.265,49083,4252,5.247077562845093,True
18106,,Viewqwest Pte Ltd,broadband,2023-Q2,2023,2,185.9685376705351,110.10844902017966,107.17420420265152,51.42524905083136,25.637072704144032,15.797,20444,2262,2.1855072773629383,True
17547,,M1 NET LTD,broadband,2023-Q2,2023,2,105.80465245460049,87.79901782843704,56.1233848795111,40.798291883101726,30.609203802239232,16.5445,18050,2622,1.929583562727501,True
4817,,Simba Telecom Pte Ltd,broadband,2023-Q2,2023,2,15.783871244625198,2.9365867992259775,7.220406717991272,1.6728636253105695,59.832862121483615,32.1525,11170,6931,1.1940968640258276,True
135600,,Whiz Communications Pte Ltd,broadband,2023-Q2,2023,2,150.15135993469943,94.23202683050216,80.86107246952278,40.72957057363098,50.69824361244624,19.0015,7908,1988,0.8453820949611678,True
133466,,Robert Bosch GmbH,broadband,2023-Q2,2023,2,15.837444532468433,13.134637140206035,8.004468216358548,4.821904538017396,48.51465229710586,3.0,4941,16,0.5282034561460711,True
(unknown),,,broadband,2023-Q2,2023,2,89.12172183804442,62.72189874849993,43.68301887594886,10.418192178268797,103.28122251539135,39.727000000000004,4551,328,0.48651162293478434,True
132356,,Changi Airport Group (Singapore) Pte Ltd,broadband,2023-Q2,2023,2,21.843705828303463,16.28363503374498,25.561189837485973,19.064720103366263,32.6760434641583,15.741,3085,58,0.3297930909149219,True
137268,,CBRE Pty Limited,broadband,2023-Q2,2023,2,22.542503303441197,12.044642979482372,14.523217604510865,2.407887971762965,226.1829876803942,198.507,2844,2,0.3040296760330755,True
23856,,SPTEL PTE. LTD.,broadband,2023-Q2,2023,2,151.18917269500423,122.03425169042127,77.17139145405885,44.48977576141453,70.9044148742253,32.345,2743,304,0.29323256025271666,True
38258,,Sony - ASN for Asia Pacific,broadband,2023-Q2,2023,2,23.783260893810386,11.28714928447308,12.060645860514521,1.952905539568965,165.7702469043152,103.257,2669,1379,0.2853218021562161,True
132277,,XTRA COMMUNICATION,broadband,2023-Q2,2023,2,39.41696672646957,17.49291441956975,40.052485841921026,17.859887164649933,15.058171372549019,2.3975,2550,1,0.2726004479199517,True
24467,,Deutsche Bank APAC RHO in Singapore Internet AS,broadband,2023-Q2,2023,2,48.28898669921582,33.124169243256674,16.115995677743975,8.624776798436164,39.907617680180174,14.975000000000001,1776,7,0.18985819431601342,True
135409,,Kacific Broadband Satellites Pte Ltd,broadband,2023-Q2,2023,2,5.862337772153295,1.4248450082814677,5.133186120384834,1.2359269470784504,63.814061388410785,61.863,1743,108,0.1863304238135199,True
109,,"CISCO SYSTEMS, INC.",broadband,2023-Q2,2023,2,27.780087656729652,17.787116367138044,18.662430811699828,4.285847109968926,247.4302786885246,250.0205,1342,634,0.143462667101402,True
7862,,Chevron Corporation,broadband,2023-Q2,2023,2,20.948257735747962,11.446078257270923,14.503830902831934,1.7853558266883967,213.21519341563788,256.098,1215,33,0.12988609577362403,True
7472,,NUS Information Technology,broadband,2023-Q2,2023,2,100.76036997214112,88.70585701132202,79.57523636064786,58.797552073339006,56.07498984771574,22.500500000000002,1182,410,0.12635832527113056,True
9419,,Nanyang Technological University,broadband,2023-Q2,2023,2,119.63969879050843,125.70738758331959,75.8857276256034,61.29825850951532,20.317556223175963,15.005,1165,182,0.1245409889516642,True
2559,,VISA INTERNATIONAL SERVICE ASSOCIATION,broadband,2023-Q2,2023,2,10.28946843298907,16.583073721855293,5.000287864871831,8.52867843021859,173.58753358208955,199.6815,804,3,0.08594931769711418,True
394984,,"Fragomen, Del Rey, Bernsen & Loewy, LLP",broadband,2023-Q2,2023,2,7.6918645048439025,9.898103287944314,5.508223163824283,5.992206416871841,111.98184968152866,98.144,785,1,0.08391817710476944,True
55415,,4 Shenton Way,broadband,2023-Q2,2023,2,43.66813218609661,33.24101146865264,42.04198725027774,24.877448688586217,28.015599415204676,6.752,684,54,0.07312106132441057,True
997,,Beyotta Services LLP,broadband,2023-Q2,2023,2,9.566036189362219,4.102289053263406,7.530852049363279,1.4608278050628787,393.352919236417,349.021,681,16,0.07280035491509297,True
203724,,Musarubra Germany GmbH,broadband,2023-Q2,2023,2,137.56057220217286,61.058971851356446,68.87319968551023,14.784661256634083,18.90266353677622,13.0,639,1,0.06831046518464672,True
4628,,Pacific Internet Pte Ltd,broadband,2023-Q2,2023,2,86.75056613363834,67.86996876680976,38.06548232291077,22.320889125139715,53.13264171974523,32.6365,628,117,0.06713454168381555,True
56094,,ITENET:wq,broadband,2023-Q2,2023,2,63.46871401576713,56.39937065515711,0.6548079687473576,15.484744977022437,30.756851419031726,14.438,599,20,0.06403437972707884,True
10024,,LGA International,broadband,2023-Q2,2023,2,78.7493832832727,66.08035661407733,30.97902751340052,26.192863194478957,33.37271379310345,5.396,580,61,0.06200323913473411,True
2047,,Hoffmann - La Roche Ltd.,broadband,2023-Q2,2023,2,21.3040984951024,16.192981628371367,11.778355482700313,7.739195237402724,25.935469090909088,2.0715000000000003,550,2,0.05879617504155821,True
9877,,Ngee Ann Polytechnic Computer Center,broadband,2023-Q2,2023,2,30.47111283503203,30.34818277651095,17.716935083209385,15.285575847738931,31.006482568807346,1.902,545,3,0.058261664359362225,True
23728,,Republic Polytechnic. Multihoming AS Singapore,broadband,2023-Q2,2023,2,139.37220014670046,95.03159617280932,119.5361419893508,78.7655609690636,36.60697888675623,13.473,521,24,0.0556960130848215,True
133782,,Elsevier Ltd,broadband,2023-Q2,2023,2,26.21086215117708,25.532073886662953,11.488621643493985,4.220228807176294,162.12834791252484,141.554,503,3,0.05377177462891596,True
23767,,A-STAR,broadband,2023-Q2,2023,2,201.5852272559053,137.5677924020759,91.83156315216429,67.10622392390468,98.47034907597538,31.986,488,117,0.05216824258232801,True
30613,,Chicago Mercantile Exchange,broadband,2023-Q2,2023,2,11.359866404768926,10.961280104124008,6.211673612497795,6.77056121740346,52.21372107438016,35.3295,484,2,0.05174063403657122,True
138345,,StarHub Ltd,broadband,2023-Q2,2023,2,40.200854975509635,9.629185821363103,18.498687311197838,3.1138231949158692,67.1650366972477,30.557,436,226,0.046609331487489775,True
35163,,Procter & Gamble Service GmbH,broadband,2023-Q2,2023,2,95.64810728500468,75.92277474148894,60.586571383057965,39.44089436517802,121.032488997555,118.692,409,5,0.043722973803631465,True
8220,,COLT Technology Services Group Limited,broadband,2023-Q2,2023,2,74.02143201161088,59.64906294306173,34.810200073373096,33.98488598290602,48.0756116751269,14.212,394,52,0.04211944175704351,True
2687,,"AT&T Enterprises, LLC",broadband,2023-Q2,2023,2,21.547544303762955,14.159921491652833,14.059583795313536,0.9488640790619128,220.78074278215223,227.342,381,16,0.04072971398333396,True
29990,,Xandr Inc.,broadband,2023-Q2,2023,2,15.520898514286149,9.264096620347413,8.973736362375382,1.42818211734559,213.04355256064684,161.77,371,6,0.03966069261894199,True
134078,,NETPLUZ HOLDINGS PRIVATE LIMITED,broadband,2023-Q2,2023,2,69.65640161290806,45.10957818574968,46.582254254962166,28.37726599713422,31.900964497041425,17.427,338,124,0.036132922116448495,True
17617,,Nanyang Polytechnic,broadband,2023-Q2,2023,2,32.54247565348229,37.35188008978638,17.638447053474408,26.092833044077565,28.082637288135594,2.814,295,3,0.03153613024956304,True
24012,,Refinitiv Australia PTY Limited,broadband,2023-Q2,2023,2,35.03706915369634,16.9319075132756,18.936216861374,2.178105286904475,148.6967073170732,134.704,287,11,0.030680913158049463,True
138539,,Jewel Changi Airport Trustee Pte. Ltd.,broadband,2023-Q2,2023,2,30.646985811081386,22.944844377115327,24.60923636162917,8.967228075416973,26.49882685512367,7.0,283,63,0.030253304612292677,True
150218,,PT Wijaya Mandiri Network,broadband,2023-Q2,2023,2,10.632312389602289,9.382331272257026,10.058174281071011,9.565458351036856,59.25128776978416,42.855999999999995,279,6,0.02982569606653589,True
136873,,MEGADATA-ISP,broadband,2023-Q2,2023,2,4.257609462584073,4.039475830983014,2.529414505720971,2.3928612354646366,134.37051449275364,101.09700000000001,276,5,0.0295049896572183,True
8360,,Allianz Technology SE,broadband,2023-Q2,2023,2,104.39445932494439,55.39378598944052,27.28388136572137,7.888277291579917,54.52240073529412,33.0,272,4,0.029077381111461513,True
13778,,Johnson & Johnson,broadband,2023-Q2,2023,2,176.2378535281258,171.48450373235084,179.9504264243711,194.925010024168,54.36792481203008,41.196,266,13,0.02843596829282633,True
32537,,Xilinx Incorporated,broadband,2023-Q2,2023,2,54.294866670766694,15.165410989303096,16.154950064061786,0.8605058370422025,215.28015267175573,104.94149999999999,262,5,0.028008359747069545,True
137220,,"Texas Instruments, Inc",broadband,2023-Q2,2023,2,15.420119793561797,6.836235434043258,10.34222994242474,0.9923877893429051,213.5579618320611,208.06900000000002,262,3,0.028008359747069545,True
133728,,Chubb Asia Pacific Pte Ltd,broadband,2023-Q2,2023,2,26.250082779942897,18.312482356752195,4.575952657600798,1.875526439307415,45.682377862595416,5.3629999999999995,262,1,0.028008359747069545,True
55919,,20 Dover Drive Singapore 138682,broadband,2023-Q2,2023,2,220.08403496336436,137.9555743683752,144.15486485283614,36.19470805378012,67.71842084942085,31.081,259,6,0.027687653337751954,True
55487,,Globalfoundries Singapore Pte Ltd,broadband,2023-Q2,2023,2,50.55237717653026,40.72269305379591,24.90196013337465,8.216253618719188,24.619748062015496,13.849,258,5,0.02758075120131276,True
9255,,Singapore Telecom,broadband,2023-Q2,2023,2,7.838706681031046,5.402254293659526,4.565251873117065,0.9395669692124862,94.36775376884421,38.618,199,17,0.02127352515140015,True
14398,,"Autodesk, Inc.",broadband,2023-Q2,2023,2,40.51576393432102,14.744066748038918,23.76382843867094,3.210651457156403,142.1162929292929,113.7095,198,17,0.021166623014960955,True
3300,,British Telecommunications Limited,broadband,2023-Q2,2023,2,33.36812001237396,24.809742870871858,18.133105113867135,6.811314517401527,134.8536954314721,101.956,197,12,0.021059720878521756,True
56039,,SPH Media Limited,broadband,2023-Q2,2023,2,173.55973320948482,151.53760612166295,70.02560473711115,37.02625612187557,88.00263589743591,37.0,195,12,0.020845916605643364,True
174,Cogent,"Cogent Communications, LLC",broadband,2023-Q2,2023,2,6.662733245824669,6.00265694351873,3.0191431204098724,2.032699523875174,163.07892631578946,209.04649999999998,190,6,0.02031140592344738,True
131195,,SIM Headquarters,broadband,2023-Q2,2023,2,157.24516641534632,194.2077342477218,127.2338321621429,169.8312400507574,23.45594972067039,7.872,180,17,0.019242384559055414,True
2906,,Netflix Streaming Services Inc.,broadband,2023-Q2,2023,2,18.9927084067443,14.394768713913173,12.264266927404904,0.657189141794635,381.5731091954023,377.91200000000003,174,58,0.018600971740420233,True
18723,,Seagate Technology LLC,broadband,2023-Q2,2023,2,54.180632308386734,37.07050905453084,38.531261904391116,23.0737052609476,191.92057142857144,224.929,168,4,0.01795955892178505,True
142594,,SpeedyPage Ltd,broadband,2023-Q2,2023,2,134.57551458471693,23.15828078019943,155.23668680469314,24.759782173888357,106.26354658385094,47.233,161,16,0.017211243966710674,True
40339,,Jump Trading LLC,broadband,2023-Q2,2023,2,25.958774468954246,28.352193356803287,16.12986283891436,12.99347660130468,47.05018666666667,13.3225,150,1,0.01603532046587951,True
141469,,Cargill Asia Pacific Holdings Pte Ltd,broadband,2023-Q2,2023,2,48.039880599261316,20.538235425959304,19.45985568475184,5.329377370916461,59.91104697986578,14.382,149,4,0.015928418329440315,True
137991,,Lifeway Singapore Pte. Ltd.,broadband,2023-Q2,2023,2,46.64944846676794,27.59571853007411,22.860753386063855,18.209921968628166,41.94009589041095,12.2265,146,9,0.015607711920122724,True
394161,,"Tesla Motors, Inc.",broadband,2023-Q2,2023,2,20.982268648039994,7.454031123236209,21.75427641239132,1.5353720124610422,358.9938188405797,372.9625,138,13,0.01475249482860915,True
58521,,Garena Online Pte Ltd,broadband,2023-Q2,2023,2,35.47073902887388,34.72289403204355,9.912305486757157,9.61922956474653,55.44215328467153,51.534,137,13,0.014645592692169952,True
14762,,"AMGEN, Inc.",broadband,2023-Q2,2023,2,9.951432700651988,13.129083156622276,4.713188837651327,5.805328160375133,148.59900000000002,194.747,137,2,0.014645592692169952,True
17350,,Moody's Corp.,broadband,2023-Q2,2023,2,73.60864046913767,25.57368337380157,7.356750441114221,2.2679701667607475,96.33671323529413,106.56700000000001,136,6,0.014538690555730756,True
3573,,Accenture LLP,broadband,2023-Q2,2023,2,18.925148407905475,11.754159270156649,4.510194595243061,2.7574048119693177,183.72774626865666,209.839,134,16,0.014324886282852363,True
138610,,SAP SE,broadband,2023-Q2,2023,2,20.620703869195257,9.65830485021643,7.083002929277988,2.5190231439756383,166.21783333333337,160.2185,126,54,0.013469669191338789,True
3356,,"Level 3 Parent, LLC",broadband,2023-Q2,2023,2,50.23511208365237,24.175827663123204,39.211708062242046,9.798065580514335,147.8058790322581,130.482,124,20,0.013255864918460395,True
131475,,Singapore Institute of Technology,broadband,2023-Q2,2023,2,93.60281696639815,82.7515260219763,84.18818506997808,77.79792140773668,38.91942276422763,30.858,123,19,0.013148962782021198,True
40810,,Ernst & Young LLP,broadband,2023-Q2,2023,2,11.583415383206322,12.413382858526527,9.2295665205874,9.337317389509286,194.5689669421488,199.912,121,3,0.012935158509142805,True
17733,,Office of Communications & IT,broadband,2023-Q2,2023,2,106.97930437621969,109.01712700513706,83.26701138576017,96.286536139705,31.098225000000003,4.1884999999999994,120,11,0.012828256372703609,True
714,,Apple Inc.,broadband,2023-Q2,2023,2,145.0643189373735,132.099392588992,94.22025426984666,89.07481910988353,29.17994957983193,19.569,119,61,0.012721354236264412,True
24545,,HKTEL,broadband,2023-Q2,2023,2,5.717840132365504,1.524069893152565,5.24619777526925,1.016473577298778,168.70359322033897,118.4805,118,42,0.012614452099825216,True
56043,,PEPSICO INTERNATIONAL PTE. LTD.,broadband,2023-Q2,2023,2,16.109397111261455,6.5905255257352415,12.552308615486671,3.360186152174543,34.471917431192665,8.0,109,2,0.011652332871872444,True
2912,,Citigroup Inc.,broadband,2023-Q2,2023,2,5.441606904753371,4.167154144368553,5.478329410301194,5.3003925215421885,150.59628155339803,123.0,103,38,0.011010920053237264,True
134457,,BMC Software Asia Pacific Pte Ltd,broadband,2023-Q2,2023,2,3.677195094117283,5.413333853838,3.9698529147692514,2.3633793835882395,124.80356435643564,100.076,101,1,0.01079711578035887,True
4844,,SuperInternet ACCESS Pte Ltd,broadband,2023-Q2,2023,2,199.93224420943508,141.8924758994353,156.47085518992918,56.64994207985536,45.13772631578947,28.788,95,20,0.01015570296172369,False
205080,,Societe Internationale de Telecommunications Aeronautiques,broadband,2023-Q2,2023,2,14.572653233372405,8.121183307875295,5.405227951334849,1.1846937980567316,58.843222222222224,15.939,90,50,0.009621192279527707,False
15224,,Adobe Inc.,broadband,2023-Q2,2023,2,23.269816189741995,17.310860877616715,11.477129948227127,6.525870360761627,256.92297674418603,195.1275,86,1,0.009193583733770919,False
17645,,ASN - NTT SINGAPORE PTE LTD,broadband,2023-Q2,2023,2,54.35627498850164,41.387855348721104,22.720426121199704,19.362378402464643,55.935720930232556,35.979,86,20,0.009193583733770919,False
3549,,"Level 3 Parent, LLC",broadband,2023-Q2,2023,2,33.912811222682585,32.40439964133322,7.649626184343287,1.2851390394239772,109.84646428571429,65.07300000000001,84,6,0.008979779460892526,False
138699,,TIKTOK PTE. LTD.,broadband,2023-Q2,2023,2,54.01431985800622,20.726340227750814,20.065915109696544,4.723095840948109,115.44980722891567,69.584,83,38,0.00887287732445333,False
45133,,Singapore Polytechnic,broadband,2023-Q2,2023,2,218.93244374094422,186.06479581643728,59.70659080866704,38.85018822711912,25.78083116883117,13.801,77,12,0.008231464505818149,False
11158,,"NTT America, Inc.",broadband,2023-Q2,2023,2,33.34115717442467,23.315434689981572,29.054392024556087,11.436238437615623,71.1367922077922,33.933,77,7,0.008231464505818149,False
56197,,KDDI ASIA PACIFIC PTE. LTD.,broadband,2023-Q2,2023,2,62.31090683968217,17.985824494080966,47.09011887925723,3.91456790666652,30.165671052631577,11.013,76,7,0.008124562369378953,False
132361,,Citrix Systems Asia Pacific Pty Ltd,broadband,2023-Q2,2023,2,61.33922247250479,65.79025621443931,3.865514838040382,3.266547391288424,111.93835526315787,96.59299999999999,76,3,0.008124562369378953,False
6453,,TATA COMMUNICATIONS (AMERICA) INC,broadband,2023-Q2,2023,2,126.40243627868006,138.68790093786743,44.66680299186571,74.85007897990522,76.01897333333335,43.608,75,16,0.008017660232939755,False
17497,,Liasail Global Hongkong Limited,broadband,2023-Q2,2023,2,62.828634304511056,19.80827332212087,51.25851582249305,14.156115528469332,47.11694594594594,20.929000000000002,74,41,0.007910758096500558,False
33619,,"Advanced Micro Devices, Inc.",broadband,2023-Q2,2023,2,65.48261590415336,51.75215120227824,36.432145172897705,15.665255991370364,155.93713888888885,114.36850000000001,72,3,0.007696953823622165,False
41378,,Kirino LLC,broadband,2023-Q2,2023,2,125.7300664056663,27.249684353239804,116.1521171191305,15.661083109107047,65.08691549295774,27.821,71,11,0.007590051687182968,False
5580,,GTT Communications Netherlands B.V.,broadband,2023-Q2,2023,2,17.123708301369007,9.163175734968025,8.093957185898482,6.704792668218153,183.20224285714286,179.3495,70,7,0.0074831495507437715,False
15695,,Expereo International BV,broadband,2023-Q2,2023,2,31.699057156536604,15.930423254822193,15.592448300701118,6.700322790496949,75.1618115942029,65.994,69,12,0.007376247414304575,False
16731,,Royal Bank of Canada,broadband,2023-Q2,2023,2,44.44553971613692,28.550112676011597,35.84326658141592,23.557510127101786,181.35539130434785,166.333,69,3,0.007376247414304575,False
49362,,DSV A/S,broadband,2023-Q2,2023,2,11.094595230682767,16.09922344656641,7.486043411246928,10.938170215502602,88.30809374999998,96.0,64,5,0.006841736732108591,False
54092,,"DRW Holdings, LLC",broadband,2023-Q2,2023,2,29.871736811471713,14.213316580435679,20.706130735450824,9.352414430797424,150.51372413793104,132.48649999999998,58,1,0.00620032391347341,False
4410,,Credit Suisse Group,broadband,2023-Q2,2023,2,45.745632368775944,30.12778961137676,16.662326847474176,12.30733529720381,48.90827586206896,15.8755,58,2,0.00620032391347341,False
20868,,ABB Information Systems Ltd,broadband,2023-Q2,2023,2,17.86765048014537,6.331263238009545,13.388242023546377,1.9494997819099447,306.58601724137935,284.6195,58,3,0.00620032391347341,False
131217,,8 Kallang Sector,broadband,2023-Q2,2023,2,123.42055679211495,135.356362717705,85.75738550797679,87.67429164097331,30.21231578947368,2.963,57,2,0.006093421777034214,False
139636,,WORKDAY AUSTRALIA PTY LTD,broadband,2023-Q2,2023,2,80.81588942405574,34.185145061522014,40.416453751149746,27.589005362562183,36.00885964912281,21.424,57,1,0.006093421777034214,False
3561,,"CenturyLink Communications, LLC",broadband,2023-Q2,2023,2,17.43888333629873,15.898175838317371,5.14154642970925,8.121943927551172,192.08751785714284,200.265,56,2,0.005986519640595017,False
203554,,Louis Vuitton Malletier SA,broadband,2023-Q2,2023,2,20.431906639411302,15.992441693584931,6.748634666465653,3.850815646632155,262.9762,262.67,55,10,0.0058796175041558206,False
4637,,Telstra Global,broadband,2023-Q2,2023,2,77.28608631572361,86.53648931325024,25.894679081247677,18.489941869231487,130.7146181818182,67.073,55,9,0.0058796175041558206,False
13167,,Merck KGaA,broadband,2023-Q2,2023,2,19.51401753747028,6.0712110606454415,16.278951015883088,4.072565820778583,43.503176470588244,18.463,51,1,0.005452008958399033,False
135066,,Schroders Investment Management (Singapore) Limited,broadband,2023-Q2,2023,2,37.43208037085239,28.58420110119531,25.106773092194206,15.99163439916344,53.10866,15.055,50,2,0.005345106821959837,False
134981,,UBER SINGAPORE TECHNOLOGY PTE. LTD,broadband,2023-Q2,2023,2,100.2842652865515,115.71176491727877,95.64292214358724,97.63308435758788,100.46833333333335,83.22149999999999,48,24,0.005131302549081443,False
4913,,"Speedcast Communications, Inc",broadband,2023-Q2,2023,2,1.0852378613265599,0.2544815893163178,0.48669395790103775,0.26312322683927475,152.5032978723404,113.115,47,12,0.005024400412642247,False
23766,,"Electronic Arts, Singapore",broadband,2023-Q2,2023,2,35.130108931899514,24.11511149450524,21.933489327872056,12.421883907636923,289.9423478260869,250.5,46,1,0.00491749827620305,False
38055,,ACE Insurance Singapore,broadband,2023-Q2,2023,2,24.60279864373788,18.114039214989084,5.689029433371542,1.203954215576364,36.32063157894737,29.3615,38,2,0.0040622811846894764,False
134839,,PropertyGuru Pte Ltd,broadband,2023-Q2,2023,2,58.99554908469817,22.67040704358671,45.89046409019407,2.489599025914983,153.17256756756757,185.223,37,17,0.003955379048250279,False
212238,,Datacamp Limited,broadband,2023-Q2,2023,2,21.96965472398958,5.849603501506334,12.069594143725498,2.13837096084373,179.45705405405408,167.0,37,2,0.003955379048250279,False
59248,,ROCKWELL AUTOMATION BV,broadband,2023-Q2,2023,2,13.499247104091609,3.9862823214630225,7.867118922224655,2.7249173176030386,205.1337297297297,196.502,37,6,0.003955379048250279,False
133587,,Bain and Company,broadband,2023-Q2,2023,2,51.491359812658786,22.178196069443086,33.69240344586447,8.869444701765328,123.3838888888889,104.152,36,1,0.0038484769118110823,False
2914,,"NTT America, Inc.",broadband,2023-Q2,2023,2,57.909885033392435,39.10692111945958,15.424531103228357,2.9283880317258544,167.80186111111112,167.94850000000002,36,5,0.0038484769118110823,False
56308,,"TELEKOMUNIKASI INDONESIA INTERNATIONAL, PTE.LTD",broadband,2023-Q2,2023,2,81.48392344807316,53.26205955914343,87.55142112144719,55.67624010235912,25.513885714285713,13.855,35,10,0.0037415747753718857,False
24182,,Interpublic GIS,broadband,2023-Q2,2023,2,168.68854177205267,152.10677637552448,62.874364128197065,68.52419949486395,72.00542857142857,40.838,35,1,0.0037415747753718857,False
38862,,TullettPrebon Singapore multihoming ISP connection AS,broadband,2023-Q2,2023,2,28.22430774281072,35.37509124299296,5.784624643490901,18.187956329369868,64.75805882352942,40.1515,34,2,0.003634672638932689,False
45597,,POINT72 ASIA,broadband,2023-Q2,2023,2,33.855709656257964,10.253372986140958,38.884325394436445,11.661053667572627,161.34847058823527,133.2845,34,1,0.003634672638932689,False
14114,,SAP America Inc.,broadband,2023-Q2,2023,2,506.1788596981504,377.779324398501,569.8414034223198,153.2889885995513,35.15512903225807,17.622,31,9,0.003313966229615099,False
63526,,Systems Solutions & development Technologies Limited,broadband,2023-Q2,2023,2,9.515701803209025,11.911640433461036,8.875551996467223,6.133277031896629,85.83980645161289,80.099,31,10,0.003313966229615099,False
10794,,"Bank of America, National Association",broadband,2023-Q2,2023,2,9.598415547231788,16.749975761850067,4.595752908236781,7.754974228881981,109.33963333333335,68.6505,30,1,0.0032070640931759022,False
13443,,LinkedIn Corporation,broadband,2023-Q2,2023,2,120.55065805734094,95.88563958874172,71.30091200302942,39.23368650037828,87.49963333333332,52.8625,30,25,0.0032070640931759022,False
3257,,GTT Communications Inc.,broadband,2023-Q2,2023,2,60.22701290196343,73.50600312200537,44.26816385696682,68.52614857699439,139.47385714285716,104.432,28,7,0.0029932598202975086,False
9226,,1-Net Singapore Pte Ltd,broadband,2023-Q2,2023,2,34.21245867445117,20.007181706660237,13.404395794634329,14.513661344495386,26.491185185185184,28.581,27,3,0.002886357683858312,False
6461,,Zayo Bandwidth,broadband,2023-Q2,2023,2,44.474906747687186,29.854430640929614,24.835846503407524,0.7171155975478335,41.66165384615385,11.452,26,3,0.0027794555474191154,False
134407,,MediaCorp Pte Ltd,broadband,2023-Q2,2023,2,144.4646316676771,126.48643960429683,83.49824785965836,88.70899961162172,48.443961538461544,15.703,26,5,0.0027794555474191154,False
393954,,CFN Services Inc.,broadband,2023-Q2,2023,2,33.45448540713252,29.57177733207708,38.29257949677547,31.008473976272867,48.78326923076922,49.0315,26,1,0.0027794555474191154,False
19239,,KLA Corporation,broadband,2023-Q2,2023,2,151.31232098829292,136.48610287867461,61.2765116108892,10.51678489990499,50.50807999999999,31.551,25,1,0.0026725534109799183,False
136513,,FILINVEST BUSINESS SERVICES CORPORATION,broadband,2023-Q2,2023,2,4.941481413016742,3.4764220774927863,4.495203244423448,2.983574760636229,182.14408,252.704,25,1,0.0026725534109799183,False
138199,,Transatel,broadband,2023-Q2,2023,2,39.01262178668582,8.981498803017576,33.994260079006565,2.6363887654763185,190.30226086956523,166.682,23,2,0.002458749138101525,False
7246,,Bristol-Myers Squibb Company,broadband,2023-Q2,2023,2,12.144855722366982,8.399629227305024,8.73992971902193,8.021259339168719,187.26713636363635,209.48649999999998,22,2,0.002351847001662328,False
13431,,"Millennium Partners, L.P.",broadband,2023-Q2,2023,2,9.660078204386497,19.84614490504617,9.425243595941478,19.308788181037123,209.95081818181816,213.061,22,1,0.002351847001662328,False
20055,,Wholesail networks LLC,broadband,2023-Q2,2023,2,33.33522119508468,11.398640497572822,21.05689079878988,5.257810260318179,68.72095454545456,45.126999999999995,22,5,0.002351847001662328,False
46078,,Dimension Data AP Kaki Bukit Singapore,broadband,2023-Q2,2023,2,105.13045184562472,46.95834612682631,77.36259616176855,30.497344797108106,51.68923809523809,37.267,21,1,0.0022449448652231314,False
4058,,CITIC Telecom International CPC Limited,broadband,2023-Q2,2023,2,76.87305094520063,49.02809324042907,82.57946299685518,22.954609781560873,77.71185714285714,31.162,21,4,0.0022449448652231314,False
16669,,Applied Materials,broadband,2023-Q2,2023,2,126.38319413213847,24.908626428298238,79.75539011633666,11.943416366626375,76.6242,39.251999999999995,20,2,0.002138042728783935,False
7018,,"AT&T Enterprises, LLC",broadband,2023-Q2,2023,2,26.918287656182923,24.412458886112425,31.49453252311858,29.257187290131128,7.7368,6.1735,20,1,0.002138042728783935,False
140693,,The Walt Disney Company (HK) Ltd,broadband,2023-Q2,2023,2,186.3599517561256,177.06198549971148,86.47522550033207,89.28629966746234,88.0444,37.726,20,3,0.002138042728783935,False
400190,,Freeport-McMoRan Inc.,broadband,2023-Q2,2023,2,21.68860770702314,7.37167233795916,2.1808174234746946,3.553542134590094,118.06673684210527,110.177,19,7,0.0020311405923447382,False
29207,,"Takeda Pharmaceuticals U.S.A., Inc.",broadband,2023-Q2,2023,2,11.725211811381659,10.024007474767007,9.92847105836483,7.212679153442712,154.94815789473685,88.142,19,5,0.0020311405923447382,False
132364,,TEC,broadband,2023-Q2,2023,2,88.77475786096007,79.77435899021769,68.79556547024133,70.83360007356461,131.81636842105263,223.869,19,4,0.0020311405923447382,False
133125,,PG Lion ReSources Aust Pty Ltd,broadband,2023-Q2,2023,2,67.44618561587335,90.34648969818441,51.46609009510133,90.92898046724106,99.35094736842106,97.575,19,2,0.0020311405923447382,False
19637,,Avago Technologies U.S. Inc.,broadband,2023-Q2,2023,2,122.04109815567206,102.42812638846868,131.06144584635996,42.29360222640357,42.88638888888889,17.208,18,1,0.0019242384559055412,False
137003,,INSEAD,broadband,2023-Q2,2023,2,103.61900678461276,117.40021124765386,96.63000399857683,67.30960154179317,27.691111111111113,31.315,18,1,0.0019242384559055412,False
139349,,Diebold Nixdorf Singapore PTE. LTD.,broadband,2023-Q2,2023,2,75.71563467901179,32.548483395390335,94.10699294021657,31.20121684138978,65.7975294117647,60.253,17,1,0.0018173363194663446,False
38136,,Akari Networks,broadband,2023-Q2,2023,2,136.14810853126642,23.11786599933248,100.67352373670165,18.449721577366592,139.48976470588235,30.928,17,15,0.0018173363194663446,False
24482,,SG.GS,broadband,2023-Q2,2023,2,53.72991658072548,8.176947231456728,55.476048440104535,2.4526865974325816,33.869,38.298,17,5,0.0018173363194663446,False
132337,,Axclusive,broadband,2023-Q2,2023,2,200.5500288206874,60.68053465106165,94.1253577536302,30.834169439242395,13.929937499999998,5.5195,16,2,0.0017104341830271477,False
136537,,SQUAREPOINT OPERATIONS PRIVATE LIMITED,broadband,2023-Q2,2023,2,462.5782052358886,212.638288950307,517.306685239539,100.44632008419978,20.605999999999998,2.5665,16,1,0.0017104341830271477,False
25888,,HP Inc.,broadband,2023-Q2,2023,2,71.55762220731827,68.75067177572447,56.34067824476646,28.7816828310941,43.39033333333334,49.926,15,4,0.0016035320465879511,False
139028,,Singapore Technologies Engineering Ltd,broadband,2023-Q2,2023,2,30.436260778718488,30.579374602538323,12.899709746271572,6.822400277732199,93.83407142857143,34.449,14,2,0.0014966299101487543,False
133136,,MyRepublic Ltd.,broadband,2023-Q2,2023,2,92.29383086111353,56.96379534939347,79.22062226972278,51.97721465738286,18.1825,22.1685,14,3,0.0014966299101487543,False
6279,,PCCW Global (HK) Ltd.,broadband,2023-Q2,2023,2,38.41207171234908,4.979875547085056,43.796983573869106,4.281575278334199,307.429,299.69100000000003,14,1,0.0014966299101487543,False
59326,,DSO National Laboratories,broadband,2023-Q2,2023,2,85.77481231207537,61.415982574122815,96.6321609244558,77.3961715852169,18.859785714285717,2.2225,14,7,0.0014966299101487543,False
16509,,"Amazon.com, Inc.",broadband,2023-Q2,2023,2,6.146173293436546,4.588131697096405,2.541302660662421,2.658716003472236,17.087142857142858,3.0250000000000004,14,1,0.0014966299101487543,False
395592,,Ericsson Inc.,broadband,2023-Q2,2023,2,35.17824464505931,83.22407876457272,16.96223841579808,102.08143644850324,201.48338461538458,202.518,13,1,0.0013897277737095577,False
139883,,SPTEL PTE. LTD.,broadband,2023-Q2,2023,2,71.39085662120323,47.10254123584319,65.96778481531003,43.9647393724709,89.8179230769231,38.722,13,3,0.0013897277737095577,False
7473,,Singapore Telecommunications Ltd,broadband,2023-Q2,2023,2,191.8593733670233,103.16949811041347,54.56308374837718,1.4814236153298235,179.4120769230769,123.475,13,2,0.0013897277737095577,False
40513,,"Edge Technology Group, LLC",broadband,2023-Q2,2023,2,1.3439461268561035,1.0697171370876482,1.6103520830908296,0.22645316151803424,456.2015384615385,390.134,13,1,0.0013897277737095577,False
10100,,UBS Group AG,broadband,2023-Q2,2023,2,230.69618687256084,173.33972600805572,262.92295198974216,209.79360187329647,42.735749999999996,1.831,12,2,0.0012828256372703609,False
141760,,Mercedes-Benz Singapore Pte. Ltd.,broadband,2023-Q2,2023,2,55.954099971194886,52.15456541345283,49.491502170181406,36.78013942553989,103.30927272727273,108.045,11,7,0.001175923500831164,False
1248,,HERE Global BV,broadband,2023-Q2,2023,2,15.108562685179708,2.2399411884015845,11.57314468933877,0.7709851738312367,411.77963636363637,419.97,11,4,0.001175923500831164,False
13014,,Hewlett Packard France S.A.S.,broadband,2023-Q2,2023,2,33.04831618959011,5.387275145504894,23.299401388002988,1.4968337161822964,163.02936363636363,146.196,11,5,0.001175923500831164,False
135391,,AOFEI DATA INTERNATIONAL COMPANY LIMITED,broadband,2023-Q2,2023,2,53.63975835335138,33.521399727593064,53.20537954303199,41.72818868350438,189.8363,190.9685,10,6,0.0010690213643919674,False
28959,,Vitol Services Ltd,broadband,2023-Q2,2023,2,196.94957507139384,296.0892177228651,202.67003321161872,180.10823413975015,27.8479,28.868000000000002,10,1,0.0010690213643919674,False
64086,,Australia and New Zealand Banking Group Limited (ANZ),broadband,2023-Q2,2023,2,56.857395673007616,62.73466509955259,35.02297458431643,52.195953341851954,125.6875,94.7515,10,5,0.0010690213643919674,False
38891,,Measat Satellite Systems Sdn. Bhd.,broadband,2023-Q2,2023,2,0.41721912721366283,0.11844154525531925,0.33655218692688227,0.11597788600104708,12.211699999999999,6.254,10,4,0.0010690213643919674,False
24331,,eBay Inc ASIA ASN eCommerce San Jose,broadband,2023-Q2,2023,2,52.84723029072008,13.013463710863853,7.417268627934289,2.616564038964314,175.88188888888888,107.607,9,2,0.0009621192279527706,False
18725,,PVH Corp.,broadband,2023-Q2,2023,2,35.5515861856735,18.7003488384264,33.063585572148554,6.288409535853047,58.21755555555555,32.738,9,1,0.0009621192279527706,False
132280,,Symphony Communication (Thailand) PCL.,broadband,2023-Q2,2023,2,42.03190377622623,28.765450400464275,38.58306123320371,30.48972615606865,64.18044444444443,51.4,9,1,0.0009621192279527706,False
6660,,VODAFONE ENTERPRISE EQUIPMENT LIMITED,broadband,2023-Q2,2023,2,16.562389901664794,10.613869701537778,18.833034882085585,7.9837015651964105,50.05244444444445,40.0,9,1,0.0009621192279527706,False
16875,,AON Corporation,broadband,2023-Q2,2023,2,56.880120008004695,37.303939849675345,53.6355488098944,28.025732651894515,241.08444444444442,182.843,9,3,0.0009621192279527706,False
17003,,Zoetis Inc.,broadband,2023-Q2,2023,2,17.266435371276966,17.929328806440704,6.956829602216997,8.66765460029638,167.610125,174.79399999999998,8,1,0.0008552170915135739,False
133426,,Northtelecom PTE LTD,broadband,2023-Q2,2023,2,1.524964204155274,0.6389754627953405,1.373195711061823,0.8658113013440281,122.132625,122.799,8,6,0.0008552170915135739,False
395753,,KKR,broadband,2023-Q2,2023,2,119.68451360759607,148.75968557741382,87.88428233053867,210.49956993449126,45.49475,37.554,8,1,0.0008552170915135739,False
17978,,SERVCORP AUSTRALIAN HOLDINGS LTD,broadband,2023-Q2,2023,2,48.57627536947731,33.61258275291091,40.692001315702655,33.41886475484218,58.22562500000001,54.83,8,5,0.0008552170915135739,False
7700,,SINGAPORE TELECOMMUNICATIONS LTD,broadband,2023-Q2,2023,2,0.9123905723508259,0.609171940604873,0.9786107773390041,0.20887905524893616,465.2175,396.54150000000004,8,4,0.0008552170915135739,False
150171,,DIGISIGMA PTE. LTD.,broadband,2023-Q2,2023,2,24.9781704392688,20.367416570755537,30.810755313713315,5.056520394481444,319.2557142857143,302.349,7,3,0.0007483149550743771,False
8444,,JANUS HENDERSON ADMINISTRATION UK LIMITED,broadband,2023-Q2,2023,2,13.50885090790303,6.602507173288496,13.361017700991544,7.696212900470534,175.69442857142855,171.303,7,1,0.0007483149550743771,False
64050,,BGP Network Limited,broadband,2023-Q2,2023,2,12.489919892988224,11.053580319204878,2.266359673539284,9.206947823152493,68.39885714285715,75.978,7,4,0.0007483149550743771,False
28939,,ARM Ltd,broadband,2023-Q2,2023,2,13.934616616718756,1.1382345954594655,18.253170462989342,0.11017665952514558,382.6171428571428,344.097,7,3,0.0007483149550743771,False
132242,,Hogarth Worldwide Pte,broadband,2023-Q2,2023,2,467.17922367392583,292.4507635132702,492.43129649544096,282.0209793849655,18.610999999999997,6.34,7,1,0.0007483149550743771,False
55854,,LOREAL,broadband,2023-Q2,2023,2,1.5368236358217635,0.7518447884992885,1.5396872507521935,0.32249936628897324,123.83157142857144,110.465,7,1,0.0007483149550743771,False
54187,,EZE Castle Integration Inc.,broadband,2023-Q2,2023,2,43.93144355604502,21.3109070385562,35.45733950527479,20.483694190131445,24.983,10.718499999999999,6,1,0.0006414128186351804,False
9299,PLDT,Philippine Long Distance Telephone Company,broadband,2023-Q2,2023,2,96.93177121594623,45.53670780675926,74.63781517026669,10.835819927882868,99.84916666666668,96.606,6,1,0.0006414128186351804,False
9892,,Iconz-Webvisions Pte. Ltd.,broadband,2023-Q2,2023,2,88.63978344652757,36.26056305985734,93.2831822151679,23.575442896388193,11.700999999999999,3.407,6,2,0.0006414128186351804,False
64049,,Reliance Jio Infocomm Pte Ltd Singapore,broadband,2023-Q2,2023,2,66.57099509023088,67.1190504979789,69.32808024182691,73.88793727351029,133.3323333333333,169.81900000000002,6,1,0.0006414128186351804,False
38166,,Standard Chartered Bank (Hong Kong) Limited.Banking and,broadband,2023-Q2,2023,2,20.55471096708301,3.0669071825393543,12.091099308273957,2.2811426409148696,78.669,65.0525,6,3,0.0006414128186351804,False
6507,,"Riot Games, Inc",broadband,2023-Q2,2023,2,293.6522987751505,210.01758431655813,202.246973112506,62.281491620554185,16.24866666666667,15.9935,6,1,0.0006414128186351804,False
1828,,Unitas Global,broadband,2023-Q2,2023,2,61.97372214346408,6.959064215163967,56.717731173699065,8.775116301464918,27.909000000000002,19.2875,6,2,0.0006414128186351804,False
3918,,Shell Information Technology International B.V.,broadband,2023-Q2,2023,2,25.798771702527542,34.101592809506634,24.70379245643479,31.09519192991484,94.331,77.3485,6,1,0.0006414128186351804,False
132334,,LUCASFILM VISUAL EFFECTS INDIA PRIVATE LIMITED,broadband,2023-Q2,2023,2,81.88949483999062,163.78414410134832,30.009836801280848,163.78414410134832,87.4956,29.251,5,1,0.0005345106821959837,False
133322,,XIMBO Internet Limited,broadband,2023-Q2,2023,2,12.16271606222248,10.925918152235095,4.406734645482571,10.925918152235095,125.229,32.251,5,4,0.0005345106821959837,False
134190,,IPDC SOLUTIONS PTE LTD,broadband,2023-Q2,2023,2,10.652931576345521,11.14635723172079,4.017660119321679,2.3978665211761414,59.242599999999996,50.516,5,1,0.0005345106821959837,False
45166,,Pacific Internet Pte Ltd,broadband,2023-Q2,2023,2,63.10045873982408,0.08830885870615839,66.97883031011995,0.08830885870615839,10.668000000000001,3.288,5,2,0.0005345106821959837,False
24516,,Virtutel Pty Ltd,broadband,2023-Q2,2023,2,126.08448993440793,53.34353585659858,164.35980073874478,52.59840029694943,33.741,17.953,5,2,0.0005345106821959837,False
30417,,BTIG LLC,broadband,2023-Q2,2023,2,13.520430896179139,23.40316161829905,10.749508369053984,27.82835434653748,55.02080000000001,36.465,5,1,0.0005345106821959837,False
132829,,Nevigate Communications (S) Pte Ltd,broadband,2023-Q2,2023,2,26.238053307632054,0.9488171457767658,10.752485213765278,0.7744942491669354,179.01999999999998,34.425,5,3,0.0005345106821959837,False
135525,,"Exoduspoint Capital Management Singapore, Pte. Ltd.",broadband,2023-Q2,2023,2,390.2278697789573,334.4388081050346,321.10329819560087,318.2484944519646,8.828800000000001,0.826,5,1,0.0005345106821959837,False
18402,,NATIONAL LIBRARY BOARD,broadband,2023-Q2,2023,2,100.42228968401245,133.75433251530453,88.60814810785212,86.66510320469038,21.8468,30.057,5,1,0.0005345106821959837,False
44493,,Chelyabinsk-Signal LLC,broadband,2023-Q2,2023,2,2.2586854857793575,1.6333793734154398,2.363408640083826,2.3347398880402586,208.027,199.349,5,1,0.0005345106821959837,False
703,,Verizon Business,broadband,2023-Q2,2023,2,32.202192606928286,25.41790275160686,25.45390095294936,12.642981747680409,34.94825,34.0695,4,1,0.00042760854575678693,False
206720,,AIRBUS SAS,broadband,2023-Q2,2023,2,32.37332753582402,0.08162040846203353,18.197462178226626,0.08162040846203353,24.95125,24.5955,4,2,0.00042760854575678693,False
142119,,NEX CORPORATEIT PTE LTD,broadband,2023-Q2,2023,2,113.2414598049166,110.6101361481811,115.27946186429534,112.2692158127933,4.964499999999999,2.0460000000000003,4,2,0.00042760854575678693,False
133541,,SIPPE-SG,broadband,2023-Q2,2023,2,0.5384997846995767,28.89459400277511,0.5326624985918247,28.89459400277511,61.83075,36.425,4,1,0.00042760854575678693,False
10122,,NETSTAR (SG) PTE. LTD.,broadband,2023-Q2,2023,2,22.572191139335338,24.641750252403806,19.45938370057359,24.178488783471643,94.94375000000001,51.173,4,3,0.00042760854575678693,False
55781,,Fujitsu Asia Pte. Ltd.,broadband,2023-Q2,2023,2,21.044533525358716,7.632392832842628,20.062058633860097,7.632392832842628,29.549500000000002,15.8415,4,2,0.00042760854575678693,False
139062,,Synamedia Asia Private Ltd,broadband,2023-Q2,2023,2,151.9843338613127,64.97620947785369,137.02149747638393,52.58318629008229,109.12475,67.773,4,3,0.00042760854575678693,False
44356,,Epsilon Telecommunications Ltd,broadband,2023-Q2,2023,2,33.18335403260671,36.22421273430128,9.190878686427343,8.244898661037235,61.93566666666666,16.319,3,2,0.0003207064093175902,False
133600,,ESSEC,broadband,2023-Q2,2023,2,83.1001415939507,28.046504171893094,87.84603060720949,24.65801412953527,12.632,4.666,3,1,0.0003207064093175902,False
19773,,"Motorola, Inc.",broadband,2023-Q2,2023,2,43.58100569512334,38.884536396004464,41.5544887709982,38.884536396004464,73.47033333333333,79.021,3,3,0.0003207064093175902,False
14630,,"Invesco Group Services, Inc.",broadband,2023-Q2,2023,2,20.357856729747613,33.177368325675275,19.229713237949984,12.906934853617578,124.82799999999999,186.519,3,1,0.0003207064093175902,False
11746,,"Waggener Edstrom Worldwide, Inc.",broadband,2023-Q2,2023,2,160.28348509994592,180.66245751824636,122.17509422686868,131.93341442274195,4.891333333333334,4.772,3,1,0.0003207064093175902,False
58885,,IQON GLOBAL PTE LTD,broadband,2023-Q2,2023,2,365.07238235566524,263.03994009400776,377.98619963057155,321.1136919696794,6.308333333333334,2.059,3,1,0.0003207064093175902,False
399686,,SEMIBAND LLC,broadband,2023-Q2,2023,2,33.905529670286455,18.46769098722711,30.15395983500279,23.845031022113854,248.44266666666667,242.435,3,3,0.0003207064093175902,False
34414,,Nokia APAC,broadband,2023-Q2,2023,2,5.218594454541611,21.86046818037222,4.712492490995304,12.661058075296356,159.48366666666666,186.415,3,1,0.0003207064093175902,False
140610,,Bayer (South East Asia) Pte Ltd,broadband,2023-Q2,2023,2,28.70787254986341,,29.20473237098024,,73.904,85.612,3,2,0.0003207064093175902,False
59210,,PhoenixNAP,broadband,2023-Q2,2023,2,350.21330256073475,326.05104772857675,90.50759091807676,53.628428164385355,15.069666666666665,13.187,3,2,0.0003207064093175902,False
45941,,DOCOMO interTouch - Philippines CC,broadband,2023-Q2,2023,2,20.41589563270249,4.587740562548367,23.46123754423915,4.587740562548367,77.78133333333334,72.986,3,1,0.0003207064093175902,False
17905,,Commerzbank AG,broadband,2023-Q2,2023,2,6.256887479989307,3.3810334518468443,6.385129297164471,3.3810334518468443,80.89266666666667,78.443,3,1,0.0003207064093175902,False
64003,,8 Anthony Road,broadband,2023-Q2,2023,2,57.86867611924564,55.802799596412115,55.605835072494685,59.61184854995102,1.3113333333333335,1.0,3,1,0.0003207064093175902,False
39337,,JSC Corp Soft,broadband,2023-Q2,2023,2,38.245883639888945,52.22089289314274,25.188275123335757,52.22089289314274,154.34799999999998,220.025,3,2,0.0003207064093175902,False
60142,,NXP Semiconductors Netherlands B.V.,broadband,2023-Q2,2023,2,7.03304710726438,24.316396571952396,7.03304710726438,24.316396571952396,225.94299999999998,225.94299999999998,2,1,0.00021380427287839347,False
395793,,Arisk Communications inc.,broadband,2023-Q2,2023,2,22.082726746999086,12.634674593155982,22.082726746999086,12.634674593155982,16.453,16.453,2,1,0.00021380427287839347,False
138947,,NORTHERN TRUST CORPORATION,broadband,2023-Q2,2023,2,14.787860355497589,24.691007533328605,14.787860355497589,24.691007533328605,140.739,140.739,2,2,0.00021380427287839347,False
58621,,Vodien Internet Solutions Pte Ltd,broadband,2023-Q2,2023,2,3.51426276847498,24.21872040101115,3.51426276847498,24.21872040101115,162.6015,162.6015,2,1,0.00021380427287839347,False
206216,,Advin Services LLC,broadband,2023-Q2,2023,2,53.311568932527685,43.228112965650894,53.311568932527685,43.228112965650894,233.9155,233.9155,2,2,0.00021380427287839347,False
63440,,TELNYX LLC,broadband,2023-Q2,2023,2,0.12469131664332891,2.829132228512692,0.12469131664332891,2.829132228512692,1078.7714999999998,1078.7714999999998,2,1,0.00021380427287839347,False
396998,,"Path Network, Inc.",broadband,2023-Q2,2023,2,63.29988961026572,,63.29988961026572,,201.4145,201.4145,2,2,0.00021380427287839347,False
208185,,Net Gate Telecom S.R.L.,broadband,2023-Q2,2023,2,139.03725893405732,,139.03725893405732,,5.3405000000000005,5.3405000000000005,2,1,0.00021380427287839347,False
17886,,Matrix Networks Pte Ltd,broadband,2023-Q2,2023,2,208.07102708809734,154.30512546458948,208.07102708809734,154.30512546458948,25.962500000000002,25.962500000000002,2,2,0.00021380427287839347,False
138948,,NORTHERN TRUST CORPORATION,broadband,2023-Q2,2023,2,13.366316241033408,16.254555541800023,13.366316241033408,16.254555541800023,227.3825,227.3825,2,2,0.00021380427287839347,False
139617,,ISEAS Yusof Ishak Institute,broadband,2023-Q2,2023,2,135.76407805817882,145.40162558779957,135.76407805817882,145.40162558779957,168.3755,168.3755,2,1,0.00021380427287839347,False
62651,,"Strong Technology, LLC.",broadband,2023-Q2,2023,2,64.7911526458138,0.5419269536359336,64.7911526458138,0.5419269536359336,0.1255,0.1255,2,1,0.00021380427287839347,False
152194,,CTG Server Limited,broadband,2023-Q2,2023,2,3.3865883615444172,1.663296223480808,3.3865883615444172,1.663296223480808,257.4105,257.4105,2,1,0.00021380427287839347,False
45505,,T-Global Pte Ltd,broadband,2023-Q2,2023,2,113.91227836274822,49.49052278760334,113.91227836274822,49.49052278760334,18.134,18.134,2,2,0.00021380427287839347,False
35908,,Krypt Technologies,broadband,2023-Q2,2023,2,15.190149869707625,13.044116702981771,15.190149869707625,13.044116702981771,217.3275,217.3275,2,2,0.00021380427287839347,False
142066,,Northern Point Technology Private Limited,broadband,2023-Q2,2023,2,2.803053628874917,3.891906117188525,2.803053628874917,3.891906117188525,45.9445,45.9445,2,1,0.00021380427287839347,False
14127,,Iland Internet Solutions Corporation,broadband,2023-Q2,2023,2,94.12076501395026,77.80731503514559,94.12076501395026,77.80731503514559,1.9,1.9,2,1,0.00021380427287839347,False
31216,,BSO Network Solutions SAS,broadband,2023-Q2,2023,2,88.32538593581609,27.117869808129313,88.32538593581609,27.117869808129313,42.863,42.863,2,1,0.00021380427287839347,False
54201,,We Link Networks LLC,broadband,2023-Q2,2023,2,69.82370629237244,49.373948992860136,69.82370629237244,49.373948992860136,138.863,138.863,2,2,0.00021380427287839347,False
11179,,"Aryaka Networks, Inc.",broadband,2023-Q2,2023,2,50.77906147573671,21.383372441424697,50.77906147573671,21.383372441424697,53.5,53.5,2,1,0.00021380427287839347,False
47444,,Novartis AG,broadband,2023-Q2,2023,2,12.930630095913603,,12.930630095913603,,51.795,51.795,2,1,0.00021380427287839347,False
23764,,CTGNet,broadband,2023-Q2,2023,2,37.60522014678481,19.513089281137734,37.60522014678481,19.513089281137734,251.166,251.166,1,1,0.00010690213643919673,False
132398,,Science and Engineering Institutes,broadband,2023-Q2,2023,2,1274.7706713959362,695.6855424804811,1274.7706713959362,695.6855424804811,15.879,15.879,1,1,0.00010690213643919673,False
59451,,Al-Bank Al-Arabi PLC. CO.,broadband,2023-Q2,2023,2,2.840508107389658,7.064075768171124,2.840508107389658,7.064075768171124,2.0,2.0,1,1,0.00010690213643919673,False
7138,,"Encompass Digital Media, LLC",broadband,2023-Q2,2023,2,207.8715304171297,,207.8715304171297,,42.601,42.601,1,1,0.00010690213643919673,False
199053,,Euronodes Ltd,broadband,2023-Q2,2023,2,77.9886927693066,25.20986136332728,77.9886927693066,25.20986136332728,92.868,92.868,1,1,0.00010690213643919673,False
45652,,VPLS ASIA,broadband,2023-Q2,2023,2,1.1664567913306323,0.09237556787541773,1.1664567913306323,0.09237556787541773,197.326,197.326,1,1,0.00010690213643919673,False
151338,,POLONETWORK LIMITED,broadband,2023-Q2,2023,2,6.6841218981638555,0.4244232528637484,6.6841218981638555,0.4244232528637484,0.285,0.285,1,1,0.00010690213643919673,False
136599,,IEC Telecom Singapore Pte Ltd,broadband,2023-Q2,2023,2,1.1357267413930834,0.10429119164963889,1.1357267413930834,0.1011017834762791,154.644,154.644,1,1,0.00010690213643919673,False
136744,,DREAM POWER TECHNOLOGY LIMITED,broadband,2023-Q2,2023,2,71.73301763866888,333.38296450548705,71.73301763866888,333.38296450548705,34.709,34.709,1,1,0.00010690213643919673,False
56173,,internet content provider,broadband,2023-Q2,2023,2,87.15856784188995,,87.15856784188995,,211.169,211.169,1,1,0.00010690213643919673,False
147188,,Rocket Network Pte. Ltd.,broadband,2023-Q2,2023,2,272.1503957490784,265.9043008804319,272.1503957490784,265.9043008804319,28.822,28.822,1,1,0.00010690213643919673,False
4800,,PT Aplikanusa Lintasarta,broadband,2023-Q2,2023,2,0.6310799327701251,,0.6310799327701251,,222.772,222.772,1,1,0.00010690213643919673,False
14381,,"Caterpillar, Inc.",broadband,2023-Q2,2023,2,10.86998270654351,64.33196264523271,10.86998270654351,64.33196264523271,81.617,81.617,1,1,0.00010690213643919673,False
133748,,CORETEL NETWORKS (INTERNATIONAL) PTE LTD,broadband,2023-Q2,2023,2,208.3938256260318,80.29191666477517,208.3938256260318,80.29191666477517,1.43,1.43,1,1,0.00010690213643919673,False
5091,,"Stripe, Inc.",broadband,2023-Q2,2023,2,114.52029931249804,50.47353059666861,114.52029931249804,50.47353059666861,168.656,168.656,1,1,0.00010690213643919673,False
36184,,Virtu Financial Operating LLC,broadband,2023-Q2,2023,2,90.4335668544136,,90.4335668544136,,3.0,3.0,1,1,0.00010690213643919673,False
204669,,NETLABS LLC,broadband,2023-Q2,2023,2,496.681977258705,,496.681977258705,,54.31,54.31,1,1,0.00010690213643919673,False
141435,,Bayer (South East Asia) Pte Ltd,broadband,2023-Q2,2023,2,20.791981382542236,0.09447188746185198,20.791981382542236,0.09447188746185198,2.804,2.804,1,1,0.00010690213643919673,False
24247,,PacketFabric (Hong Kong) Limited,broadband,2023-Q2,2023,2,411.90714081857186,247.14421799534722,411.90714081857186,247.14421799534722,39.159,39.159,1,1,0.00010690213643919673,False
138341,,SHOPEE SINGAPORE PRIVATE LIMITED,broadband,2023-Q2,2023,2,701.2247397004323,592.4179613537474,701.2247397004323,592.4179613537474,38.526,38.526,1,1,0.00010690213643919673,False
136149,,MediaCorp Pte Ltd,broadband,2023-Q2,2023,2,197.73946314982825,,197.73946314982825,,77.512,77.512,1,1,0.00010690213643919673,False
45938,,3 Tai Seng drive # 04-00,broadband,2023-Q2,2023,2,228.37019700822987,165.14073468360925,228.37019700822987,165.14073468360925,40.0,40.0,1,1,0.00010690213643919673,False
133471,,SYNAPXE PTE. LTD.,broadband,2023-Q2,2023,2,1.1175683546299664,,1.1175683546299664,,105.077,105.077,1,1,0.00010690213643919673,False
211843,,Nanjing Tiankai Information Technology Co.Ltd.,broadband,2023-Q2,2023,2,73.87696017901413,5.094327275723575,73.87696017901413,5.094327275723575,220.485,220.485,1,1,0.00010690213643919673,False
136448,,AIA Shared Services (Hong Kong) Ltd,broadband,2023-Q2,2023,2,39.05064582446761,,39.05064582446761,,43.941,43.941,1,1,0.00010690213643919673,False
134363,,EZIT Solutions Pte Ltd,broadband,2023-Q2,2023,2,44.98843435701414,0.08864966636077196,44.98843435701414,0.08864966636077196,6.984,6.984,1,1,0.00010690213643919673,False
9506,,Singtel Fibre Broadband,broadband,2023-Q3,2023,3,157.6876626376338,107.91795135057177,89.50218055476284,48.47663510097349,47.19452392376082,38.173,219766,53138,28.746370176586005,True
55430,,Starhub Ltd,broadband,2023-Q3,2023,3,164.72141160734296,126.96337947930091,85.7677646298839,56.96806084381785,21.769537383282447,6.257,178312,57741,23.324002616088947,True
4773,,MobileOne Ltd. Mobile/Internet Service Provider Singapore,broadband,2023-Q3,2023,3,191.47052878893925,138.58032558279905,93.97207586803495,63.97001065942196,24.109247247023074,5.851,102764,25998,13.441988227599738,True
56300,,MyRepublic Ltd.,broadband,2023-Q3,2023,3,233.18956855248715,136.61346132086032,122.71971015631297,60.98275499625526,18.208669580929072,5.16,51498,4201,6.7361674296926095,True
4657,,StarHub Ltd,broadband,2023-Q3,2023,3,160.0680743419506,113.0771845435035,53.34053320496335,20.802728152361173,21.519453744836728,6.382,51344,17868,6.716023544800524,True
3758,,SingNet,broadband,2023-Q3,2023,3,145.20135456662416,93.87207892134613,65.67962194464269,26.74867115361719,41.16928202465348,29.915,44317,7393,5.796860693263571,True
18106,,Viewqwest Pte Ltd,broadband,2023-Q3,2023,3,181.75332808156978,111.5805786556043,92.80890893071388,51.392678264528314,21.46923479313073,5.141,21508,2221,2.8133420536298233,True
17547,,M1 NET LTD,broadband,2023-Q3,2023,3,108.97432873325772,89.97070950790732,59.212113040265606,46.33570346127553,46.29611665600342,9.437000000000001,18761,2729,2.4540222367560496,True
4817,,Simba Telecom Pte Ltd,broadband,2023-Q3,2023,3,20.280797410839536,4.431149517070403,10.136975819390866,2.2647841707739405,45.25099065189128,20.064,16183,9784,2.1168083714846304,True
135600,,Whiz Communications Pte Ltd,broadband,2023-Q3,2023,3,174.48845489601334,112.9492748871486,93.11149083092641,52.62639087345218,35.91536920406644,19.241999999999997,8071,1430,1.0557226945716154,True
133466,,Robert Bosch GmbH,broadband,2023-Q3,2023,3,22.7404311462798,18.542603158125814,12.629348922949875,6.194528781764659,14.981313815921396,2.411,4987,17,0.6523217789404839,True
9419,,Nanyang Technological University,broadband,2023-Q3,2023,3,121.70072954615833,113.4788706841238,74.81000656634797,59.096752490324754,12.162372188633615,4.056,4135,212,0.540876389797253,True
(unknown),,,broadband,2023-Q3,2023,3,84.56537872592199,52.59002935119193,49.80719304326896,14.140866291863304,43.4011874342797,15.417,3805,347,0.4977109221713538,True
132356,,Changi Airport Group (Singapore) Pte Ltd,broadband,2023-Q3,2023,3,21.964608208848993,16.021240688065358,26.374063343565375,18.591159477361302,24.118231155778894,4.711,3384,35,0.4426422498364944,True
23856,,SPTEL PTE. LTD.,broadband,2023-Q3,2023,3,137.15708454714547,112.15108321014645,65.67106279590641,47.38287988612478,59.151922077922066,12.976,3160,418,0.4133420536298234,True
38258,,Sony - ASN for Asia Pacific,broadband,2023-Q3,2023,3,29.438092876184708,10.496656902206459,14.343063568189931,1.2395310083751934,122.89106375227686,80.633,2748,931,0.35945062132112493,True
7472,,NUS Information Technology,broadband,2023-Q3,2023,3,158.929078375497,141.79311948354015,94.15302548780573,90.4734888898158,31.77621691331924,9.396,2365,595,0.30935251798561153,True
24467,,Deutsche Bank APAC RHO in Singapore Internet AS,broadband,2023-Q3,2023,3,46.25442933360711,30.350934453777572,16.21542564435073,10.438825823105951,11.10434268426843,2.679,1818,7,0.23780248528449968,True
135409,,Kacific Broadband Satellites Pte Ltd,broadband,2023-Q3,2023,3,7.165347545251733,1.6185983712756025,6.493088523906769,1.4710706378062715,53.6755023923445,48.867999999999995,1254,123,0.16402877697841728,True
137268,,CBRE Pty Limited,broadband,2023-Q3,2023,3,24.385471901305884,12.029766996599344,14.180043208215604,1.6373571461500023,215.23696820083683,190.45,1196,1,0.15644211903204708,True
7862,,Chevron Corporation,broadband,2023-Q3,2023,3,16.191374654373853,8.30449819848451,10.269340927987042,1.047024361717521,286.870201304753,279.952,1075,33,0.1406147809025507,True
2559,,VISA INTERNATIONAL SERVICE ASSOCIATION,broadband,2023-Q3,2023,3,19.642178339009707,23.51733721476453,8.5080051218326,11.034334196451308,142.4815925925926,194.313,1053,5,0.13773708306082408,True
109,,"CISCO SYSTEMS, INC.",broadband,2023-Q3,2023,3,32.7700872019636,21.313323580498523,18.318945785651994,5.753983899670731,223.5139210266535,236.511,1015,555,0.1327665140614781,True
14398,,"Autodesk, Inc.",broadband,2023-Q3,2023,3,42.00437132716612,20.01486823206873,28.324797629406646,3.9891142775859216,121.95446626506023,87.00450000000001,831,7,0.10869849574885546,True
4628,,Pacific Internet Pte Ltd,broadband,2023-Q3,2023,3,66.99511809880946,64.68720749183485,32.636526175379174,27.454484096974372,59.83447162162162,33.8595,742,146,0.09705689993459778,True
55415,,4 Shenton Way,broadband,2023-Q3,2023,3,35.74933928806306,24.27253446887442,40.0465920013239,22.42295092461404,16.943680180180177,4.838,666,49,0.08711576193590582,True
2047,,Hoffmann - La Roche Ltd.,broadband,2023-Q3,2023,3,29.092380238721677,20.806886621979526,18.79587583130674,7.965436200470037,14.725434634974532,1.645,589,3,0.07704381948986265,True
10024,,LGA International,broadband,2023-Q3,2023,3,149.18240324614678,147.11670661795986,54.91034991858556,54.724727998753615,25.604807167235492,15.0,587,76,0.07678221059516023,True
56094,,ITENET:wq,broadband,2023-Q3,2023,3,90.90343404327032,113.45971480507724,12.294323813874206,81.10575499734455,20.29777199281867,4.905,557,24,0.07285807717462393,True
394984,,"Fragomen, Del Rey, Bernsen & Loewy, LLP",broadband,2023-Q3,2023,3,7.118993206634616,9.76566636292577,5.761127806604442,7.7673071787806975,151.50530055658626,198.593,539,1,0.07050359712230216,True
138345,,StarHub Ltd,broadband,2023-Q3,2023,3,34.395951834975534,8.885041002973256,19.568995634317833,3.4463051073897852,47.612369387755095,20.3095,490,209,0.06409417920209287,True
8360,,Allianz Technology SE,broadband,2023-Q3,2023,3,97.75216063475884,43.88270684711472,38.045769660400126,5.457605809285216,83.52379567307692,76.663,416,4,0.05441465009810333,True
203724,,Musarubra Germany GmbH,broadband,2023-Q3,2023,3,111.95116145895216,53.64238199574432,55.609077167679246,26.217144435384512,33.72785572139304,1.102,402,1,0.052583387835186395,True
136873,,MEGADATA-ISP,broadband,2023-Q3,2023,3,7.476710009552329,3.333373447940903,3.786967837658737,1.2540450657256454,73.4209347826087,32.084,368,5,0.04813603662524526,True
23767,,A-STAR,broadband,2023-Q3,2023,3,128.88412074864235,124.00206144534916,76.77028373957076,72.28180574326444,77.15873024523161,17.845,367,69,0.04800523217789405,True
138539,,Jewel Changi Airport Trustee Pte. Ltd.,broadband,2023-Q3,2023,3,39.062364029552995,26.37132887448229,29.638334885669952,17.37522839342227,14.730700288184435,4.469,347,64,0.04538914323086985,True
9877,,Ngee Ann Polytechnic Computer Center,broadband,2023-Q3,2023,3,34.93254547596273,30.960362214431147,23.16422058388116,16.15797930743154,21.192452662721895,1.9015,338,2,0.04421190320470896,True
35163,,Procter & Gamble Service GmbH,broadband,2023-Q3,2023,3,98.2865934956705,68.18773269086292,77.52659606955282,55.24071054993544,124.19515151515152,116.6095,330,5,0.04316546762589928,True
55919,,20 Dover Drive Singapore 138682,broadband,2023-Q3,2023,3,244.38188699428105,226.62693444585713,133.52089150625295,92.34734064537149,40.59007055214724,12.893,327,5,0.04277305428384565,True
8220,,COLT Technology Services Group Limited,broadband,2023-Q3,2023,3,99.83787514578498,97.85060686396787,48.84862147585305,54.07006272291863,22.090190476190475,4.34,316,47,0.041334205362982344,True
32537,,Xilinx Incorporated,broadband,2023-Q3,2023,3,89.05665894036841,40.418708601692146,39.22613629523027,2.45169208377915,128.12484142394823,48.421,309,5,0.040418574231523875,True
3300,,British Telecommunications Limited,broadband,2023-Q3,2023,3,47.91732926624346,27.487433391273605,33.585348598234255,4.0058433754957825,124.65148251748252,75.5535,289,7,0.03780248528449967,True
131475,,Singapore Institute of Technology,broadband,2023-Q3,2023,3,114.16176945337945,103.70225316584614,89.90823173039455,87.3622937521316,26.919558718861207,8.566,281,24,0.03675604970568999,True
13778,,Johnson & Johnson,broadband,2023-Q3,2023,3,195.69965644612185,167.07706095759568,190.475223994604,190.71383603831885,53.333489130434785,40.483000000000004,276,13,0.03610202746893394,True
137220,,"Texas Instruments, Inc",broadband,2023-Q3,2023,3,16.208013609754616,10.29821616144651,9.66962464157994,2.5444807090802914,203.97448507462684,208.3395,268,3,0.03505559189012426,True
134078,,NETPLUZ HOLDINGS PRIVATE LIMITED,broadband,2023-Q3,2023,3,74.69523072334361,58.39411946783705,44.003410777706605,31.331016382823435,18.846281954887218,5.068,266,98,0.03479398299542184,True
133728,,Chubb Asia Pacific Pte Ltd,broadband,2023-Q3,2023,3,27.882029278879962,17.122125426441595,3.6604365040397893,2.149529549833901,28.396833962264157,16.257,265,1,0.03466317854807063,True
133782,,Elsevier Ltd,broadband,2023-Q3,2023,3,23.448874503460647,19.192830199234997,13.317308772391076,4.15098846591442,164.55376153846154,158.399,260,3,0.034009156311314584,True
38055,,ACE Insurance Singapore,broadband,2023-Q3,2023,3,20.568657205198587,15.381786546523573,4.77215186105099,3.640338903525535,34.201744,16.8745,250,2,0.032701111837802485,True
38136,,Akari Networks,broadband,2023-Q3,2023,3,133.38269488923538,25.044249228479497,62.29049566242599,21.236105378016276,131.9342874493927,28.0,247,63,0.032308698495748855,True
55487,,Globalfoundries Singapore Pte Ltd,broadband,2023-Q3,2023,3,95.30554886334362,64.48090199135187,37.64804663351606,16.789300347819097,16.240963562753038,2.196,247,5,0.032308698495748855,True
2906,,Netflix Streaming Services Inc.,broadband,2023-Q3,2023,3,20.277837974314448,8.29412511739665,10.369707139991684,1.3512975111286663,363.89067088607607,347.283,237,55,0.031000654022236757,True
4913,,"Speedcast Communications, Inc",broadband,2023-Q3,2023,3,5.340231858326743,1.0629288534089034,0.846215940787818,0.38750631701611654,226.34804910714288,133.38299999999998,224,25,0.029300196206671028,True
30613,,Chicago Mercantile Exchange,broadband,2023-Q3,2023,3,15.543379982519774,17.8005485526355,7.992348053478722,9.539053828138764,38.765704545454554,33.265,220,2,0.02877697841726619,True
174,Cogent,"Cogent Communications, LLC",broadband,2023-Q3,2023,3,8.178260119368872,7.571103331146663,5.521671087338266,3.316241952133853,29.157506976744184,1.537,215,4,0.028122956180510136,True
24012,,Refinitiv Australia PTY Limited,broadband,2023-Q3,2023,3,30.944278466674955,15.459361918948293,22.22085752434557,1.3002925685079005,157.34177251184835,139.459,212,11,0.027730542838456506,True
17645,,ASN - NTT SINGAPORE PTE LTD,broadband,2023-Q3,2023,3,97.06458480037199,68.9205601662817,64.03416807065653,28.197244739640603,39.7265960591133,18.088,203,33,0.026553302812295617,True
18723,,Seagate Technology LLC,broadband,2023-Q3,2023,3,118.08363241599241,76.27043924358391,58.35633345567985,25.802226938876345,107.837185,72.8775,200,1,0.026160889470241987,True
9255,,Singapore Telecom,broadband,2023-Q3,2023,3,9.538760989482748,7.804455227401419,6.632904192616737,3.195428933192302,59.00337435897436,36.808,195,21,0.025506867233485938,True
14762,,"AMGEN, Inc.",broadband,2023-Q3,2023,3,7.793712321522507,13.244974544679025,5.8189475584638615,6.366293790544578,166.4592419354839,204.0365,186,1,0.02432962720732505,True
131195,,SIM Headquarters,broadband,2023-Q3,2023,3,181.45357134954938,200.63503741001813,160.19616941333987,163.21069886288183,23.2294262295082,5.659,183,13,0.02393721386527142,True
38862,,TullettPrebon Singapore multihoming ISP connection AS,broadband,2023-Q3,2023,3,68.33517659118773,58.0926497998948,20.449029648838668,18.427490047290807,31.978027932960895,16.009,179,3,0.02341399607586658,True
15224,,Adobe Inc.,broadband,2023-Q3,2023,3,26.888218275397467,20.766215888876314,9.76593472212542,10.415470468900992,144.20288135593222,108.888,177,1,0.02315238718116416,True
29990,,Xandr Inc.,broadband,2023-Q3,2023,3,24.56411867769924,12.728274758028649,12.073144496638948,2.2416650483718485,212.31117714285713,148.984,175,6,0.02289077828646174,True
62654,,"MENLO SECURITY, INC.",broadband,2023-Q3,2023,3,1076.93452422058,786.1442966926032,1073.5797156542233,758.5902336488158,17.20015789473684,4.0,171,30,0.0223675604970569,True
24545,,HKTEL,broadband,2023-Q3,2023,3,6.3065781284963585,2.1238937828359195,2.338780494423489,0.6853124369160595,152.80065497076023,107.167,171,44,0.0223675604970569,True
58521,,Garena Online Pte Ltd,broadband,2023-Q3,2023,3,45.03834648385882,47.4479540897583,10.974156575968335,9.366916688890976,51.217333333333336,37.808,165,16,0.02158273381294964,True
16669,,Applied Materials,broadband,2023-Q3,2023,3,65.91689435297681,5.634955125028139,37.82187553216201,0.13468364427865187,43.04687421383649,42.849,159,1,0.020797907128842382,True
3356,,"Level 3 Parent, LLC",broadband,2023-Q3,2023,3,63.753292157118004,40.03958683654668,38.518831758342074,14.14059881081323,167.39963157894735,207.849,152,30,0.01988227599738391,True
714,,Apple Inc.,broadband,2023-Q3,2023,3,109.42998754121837,99.68688941181327,90.30944995403101,90.9850158001679,14.683066666666667,4.9275,150,95,0.01962066710268149,True
13443,,LinkedIn Corporation,broadband,2023-Q3,2023,3,98.96200134587106,99.89284339424262,80.28154901010201,69.48870527122136,51.57011564625851,36.907,148,110,0.01935905820797907,True
131217,,8 Kallang Sector,broadband,2023-Q3,2023,3,75.08316870878801,61.291087294931415,48.90761386138294,46.37720462089901,29.752184931506847,13.984,146,2,0.01909744931327665,True
56043,,PEPSICO INTERNATIONAL PTE. LTD.,broadband,2023-Q3,2023,3,20.964905349862878,11.964455149943209,16.14800396186351,4.505940489430187,30.478363013698633,8.8255,146,2,0.01909744931327665,True
134981,,UBER SINGAPORE TECHNOLOGY PTE. LTD,broadband,2023-Q3,2023,3,85.3418673744015,67.37627173492409,72.97235388412244,52.29272100724285,113.00338461538462,127.314,143,37,0.01870503597122302,True
17617,,Nanyang Polytechnic,broadband,2023-Q3,2023,3,40.17260579747553,47.79356057582776,33.241653933161544,43.32435099806405,22.09689130434783,2.5685000000000002,138,2,0.01805101373446697,True
44356,,Epsilon Telecommunications Ltd,broadband,2023-Q3,2023,3,16.37677649709393,7.0337535660066175,11.192127932969921,2.4614496043895433,345.5884615384617,342.843,130,1,0.017004578155657292,True
2687,,"AT&T Enterprises, LLC",broadband,2023-Q3,2023,3,21.008768926833167,15.399505282221686,6.890731380611131,0.8528860629986255,180.65331999999998,174.657,125,7,0.016350555918901243,True
11158,,"NTT America, Inc.",broadband,2023-Q3,2023,3,36.96816760320484,24.561839411250975,29.296046289372903,21.805175471764052,46.00914516129033,31.846,124,9,0.016219751471550033,True
17350,,Moody's Corp.,broadband,2023-Q3,2023,3,100.56224321471471,63.76043960860303,11.300131895500263,3.5211663350917166,112.98426050420169,92.948,119,6,0.015565729234793983,True
394161,,"Tesla Motors, Inc.",broadband,2023-Q3,2023,3,27.09271190396366,12.813160246204292,26.58477711621548,3.198252846556109,357.6039831932772,379.641,119,12,0.015565729234793983,True
138610,,SAP SE,broadband,2023-Q3,2023,3,17.580822952367082,7.173841250283056,10.012590734849306,2.2332592973961902,163.49341284403667,133.406,109,42,0.014257684761281884,True
3561,,"CenturyLink Communications, LLC",broadband,2023-Q3,2023,3,16.993668414261514,11.53453481148243,9.461927050338938,6.547485890502822,131.5030098039216,194.143,102,2,0.013342053629823413,True
205080,,Societe Internationale de Telecommunications Aeronautiques,broadband,2023-Q3,2023,3,15.127218975364293,4.4229848033812855,6.8714684470170075,1.4427477118092962,50.07773267326732,3.212,101,35,0.013211249182472204,True
4844,,SuperInternet ACCESS Pte Ltd,broadband,2023-Q3,2023,3,230.22116293760783,199.55604366950584,93.98230935214558,92.94839391251685,10.132960396039602,3.421,101,33,0.013211249182472204,True
139636,,WORKDAY AUSTRALIA PTY LTD,broadband,2023-Q3,2023,3,98.83984205199609,68.55347401003293,69.76966458321289,27.599729203520354,37.41015957446809,20.836,94,1,0.012295618051013734,False
10794,,"Bank of America, National Association",broadband,2023-Q3,2023,3,18.946018700604956,18.167286498440685,8.706640675995773,6.917637559268218,143.28414285714285,207.634,91,1,0.011903204708960105,False
141469,,Cargill Asia Pacific Holdings Pte Ltd,broadband,2023-Q3,2023,3,68.1084600218907,14.971507028015761,26.246364949540705,0.7044648762966799,19.48256666666667,1.534,90,4,0.011772400261608895,False
41378,,Kirino LLC,broadband,2023-Q3,2023,3,64.51175316537683,17.525199325320493,25.1574916114,9.890769756113658,158.39773493975903,102.484,83,12,0.010856769130150426,False
56039,,SPH Media Limited,broadband,2023-Q3,2023,3,305.97617710370935,285.98162633930957,123.5740811195366,148.3993507907311,33.821626506024096,4.567,83,12,0.010856769130150426,False
4058,,CITIC Telecom International CPC Limited,broadband,2023-Q3,2023,3,22.573947830294568,17.944142726294004,13.512647033192415,15.494981485625207,17.138573170731703,5.38,82,4,0.010725964682799216,False
4637,,Telstra Global,broadband,2023-Q3,2023,3,66.03328066522023,57.088778777852404,26.84280360777543,16.911739053033966,88.01465853658536,67.8605,82,10,0.010725964682799216,False
997,,Beyotta Services LLP,broadband,2023-Q3,2023,3,7.936276249592857,6.35857061652763,3.090494357483017,1.3800033360264488,488.53817105263147,504.5055,76,15,0.009941137998691955,False
3573,,Accenture LLP,broadband,2023-Q3,2023,3,47.70135249132597,20.26256667466207,5.225461868767211,2.924410390255902,103.68981578947368,78.043,76,19,0.009941137998691955,False
21509,,"Apollo Management, L.P.",broadband,2023-Q3,2023,3,11.529130296415067,9.638722515568674,9.382228320432167,7.037525074905029,88.59793333333334,65.249,75,1,0.009810333551340745,False
38481,,JPMORGAN Singapore,broadband,2023-Q3,2023,3,538.5876159655966,335.86588199723195,514.4557892213912,322.47955410520393,13.189079999999999,2.865,75,3,0.009810333551340745,False
17733,,Office of Communications & IT,broadband,2023-Q3,2023,3,122.90967722667256,131.81304484944843,84.48261385043136,80.80750583214076,30.48056944444444,17.509,72,12,0.009417920209287115,False
56197,,KDDI ASIA PACIFIC PTE. LTD.,broadband,2023-Q3,2023,3,87.38876559440612,52.197396222603615,32.76364658176709,17.670274695339472,20.650492957746483,6.353,71,9,0.009287115761935905,False
23728,,Republic Polytechnic. Multihoming AS Singapore,broadband,2023-Q3,2023,3,141.5500766361696,99.93802146746242,136.96911663152258,82.96185067367725,83.45895454545453,11.1025,66,13,0.008633093525179856,False
6453,,TATA COMMUNICATIONS (AMERICA) INC,broadband,2023-Q3,2023,3,70.68889054150667,53.72934680060908,36.410387848738765,18.386827566941836,101.46643939393938,83.09649999999999,66,13,0.008633093525179856,False
14114,,SAP America Inc.,broadband,2023-Q3,2023,3,952.5067543875202,494.10116799470865,1013.0584390949834,578.9498456618022,15.479765624999999,1.529,64,9,0.008371484630477436,False
23703,,"RigNet, Communication to remote locations in Asia/Pacific.",broadband,2023-Q3,2023,3,0.8127838385236574,0.6738399596398428,0.5778527547062603,0.5445175541012155,123.11430909090909,57.238,55,4,0.007194244604316547,False
15695,,Expereo International BV,broadband,2023-Q3,2023,3,38.162659155029004,31.812060789324995,24.428469927290024,11.43783048650854,57.12598076923078,44.863,53,13,0.0069326357096141265,False
138699,,TIKTOK PTE. LTD.,broadband,2023-Q3,2023,3,41.65097721702557,15.936452528170182,26.67280560400054,6.944170628733339,79.97294339622643,77.676,53,28,0.0069326357096141265,False
45133,,Singapore Polytechnic,broadband,2023-Q3,2023,3,444.8161429814427,402.66296154529005,302.1514509859761,305.99281977534037,25.509132075471697,5.09,53,11,0.0069326357096141265,False
7246,,Bristol-Myers Squibb Company,broadband,2023-Q3,2023,3,26.737567509798055,21.894754410470032,20.604021880807498,12.913212172701158,107.31158823529412,62.306,51,2,0.006671026814911707,False
23766,,"Electronic Arts, Singapore",broadband,2023-Q3,2023,3,41.56072267069334,24.777767598695053,31.927162953561552,4.006067935802911,238.22530612244896,233.903,49,1,0.006409417920209287,False
26496,,"GoDaddy.com, LLC",broadband,2023-Q3,2023,3,54.42837946054005,16.919949519147504,57.16590026911914,10.688541212820533,217.9010638297872,219.817,47,12,0.006147809025506867,False
19637,,Avago Technologies U.S. Inc.,broadband,2023-Q3,2023,3,126.14203499538628,52.07745612557381,131.56007879508311,9.83087994069422,69.35495652173913,55.732,46,1,0.006017004578155657,False
141760,,Mercedes-Benz Singapore Pte. Ltd.,broadband,2023-Q3,2023,3,53.676207458265154,12.34892219860707,47.46938460313743,10.146148671981244,71.90393478260872,58.045,46,24,0.006017004578155657,False
133426,,Northtelecom PTE LTD,broadband,2023-Q3,2023,3,0.9318015346809075,0.421430039904939,0.7360838908260583,0.400789388553866,171.81569565217387,127.1155,46,10,0.006017004578155657,False
60142,,NXP Semiconductors Netherlands B.V.,broadband,2023-Q3,2023,3,73.06713286098271,78.1516105045722,61.65397074203942,64.43743279411963,55.784477272727266,33.1205,44,2,0.0057553956834532375,False
20868,,ABB Information Systems Ltd,broadband,2023-Q3,2023,3,27.962916850088757,19.784077836644986,18.241692522987563,16.575825147680742,178.96009090909092,184.721,44,2,0.0057553956834532375,False
1828,,Unitas Global,broadband,2023-Q3,2023,3,150.32591167098087,46.0654905285443,192.8399118163015,50.97038138773191,49.99095121951219,38.297,41,4,0.005362982341399608,False
54092,,"DRW Holdings, LLC",broadband,2023-Q3,2023,3,41.306324629652046,21.847943765395748,41.91749731166292,10.12089004525816,93.3969512195122,99.034,41,1,0.005362982341399608,False
142594,,SpeedyPage Ltd,broadband,2023-Q3,2023,3,151.4029545837299,10.684047038489044,110.9584667992331,0.15493254629005596,31.43953846153846,1.889,39,7,0.005101373446697188,False
33619,,"Advanced Micro Devices, Inc.",broadband,2023-Q3,2023,3,52.01310309037329,28.700219878073884,21.829421262103047,1.7922561548769025,131.01897297297296,83.394,37,3,0.0048397645519947675,False
7700,,SINGAPORE TELECOMMUNICATIONS LTD,broadband,2023-Q3,2023,3,9.662811472670867,0.5094991738294181,3.02548855620312,0.40602021807847605,368.33451351351357,246.978,37,6,0.0048397645519947675,False
2914,,"NTT America, Inc.",broadband,2023-Q3,2023,3,73.66237537905447,15.70687678194383,32.66265789526989,7.033853986458405,100.68508333333335,126.89150000000001,36,6,0.004708960104643558,False
3549,,"Level 3 Parent, LLC",broadband,2023-Q3,2023,3,170.89539401443585,75.84506676658538,48.355431606438174,6.832703537899848,107.48218181818183,34.719,33,4,0.004316546762589928,False
5580,,GTT Communications Netherlands B.V.,broadband,2023-Q3,2023,3,17.07109148284192,10.817929709430613,7.030262173313105,2.386321885222226,173.81754545454544,177.531,33,7,0.004316546762589928,False
203554,,Louis Vuitton Malletier SA,broadband,2023-Q3,2023,3,17.92228966238947,5.806084588944632,11.668297216740207,4.469430292153554,261.86651515151516,268.803,33,13,0.004316546762589928,False
134407,,MediaCorp Pte Ltd,broadband,2023-Q3,2023,3,152.23819139661367,177.0237713529313,102.00615187265448,94.83207551747479,22.060312499999995,6.455,32,6,0.004185742315238718,False
16731,,Royal Bank of Canada,broadband,2023-Q3,2023,3,28.78854565097067,17.483633331786205,26.31610269071221,11.198449799107255,117.21228125,94.6135,32,3,0.004185742315238718,False
140693,,The Walt Disney Company (HK) Ltd,broadband,2023-Q3,2023,3,119.45001787506193,71.23051280715416,46.258450132543956,2.4744800013938377,95.2734375,98.65899999999999,32,4,0.004185742315238718,False
135066,,Schroders Investment Management (Singapore) Limited,broadband,2023-Q3,2023,3,33.27351916792543,40.07928629206435,13.322204808694442,27.669991878784508,15.75365625,2.891,32,3,0.004185742315238718,False
400190,,Freeport-McMoRan Inc.,broadband,2023-Q3,2023,3,32.452208429392584,32.511337560483156,2.1125511371849264,10.803328404386074,133.794125,154.89350000000002,32,9,0.004185742315238718,False
132337,,Axclusive,broadband,2023-Q3,2023,3,451.46433263564256,332.88361571003946,524.5844746794693,503.4344593614191,10.249225806451612,3.898,31,4,0.004054937867887508,False
24182,,Interpublic GIS,broadband,2023-Q3,2023,3,170.29887148218737,160.07346863235924,57.45058147198395,55.07084300609404,63.675200000000004,64.472,30,1,0.003924133420536298,False
8444,,JANUS HENDERSON ADMINISTRATION UK LIMITED,broadband,2023-Q3,2023,3,24.721246164923507,17.150426673954072,20.913379291985528,11.842119787892903,67.32325,28.2145,28,1,0.0036625245258338785,False
13014,,Hewlett Packard France S.A.S.,broadband,2023-Q3,2023,3,16.00799833654405,3.82314940628162,13.083556421554366,1.1808811344000705,261.05882142857143,281.3965,28,12,0.0036625245258338785,False
11911,,The Bank of New York Mellon Corporation,broadband,2023-Q3,2023,3,31.92050795482247,47.796932052002546,22.129499296623393,18.934560961815723,4.876222222222223,2.0,27,2,0.0035317200784826686,False
138199,,Transatel,broadband,2023-Q3,2023,3,36.73361264671073,7.040055264850864,27.431974050368552,3.782295529671904,225.8934615384615,192.79250000000002,26,2,0.0034009156311314583,False
134457,,BMC Software Asia Pacific Pte Ltd,broadband,2023-Q3,2023,3,18.69001535102349,10.071059981752587,4.578145173859024,5.704541952784768,151.08446153846154,98.011,26,1,0.0034009156311314583,False
49362,,DSV A/S,broadband,2023-Q3,2023,3,5.007210505358377,4.397731036865072,3.25657238750998,2.3210626002282533,194.42000000000002,173.3895,26,6,0.0034009156311314583,False
137003,,INSEAD,broadband,2023-Q3,2023,3,36.47110881672142,50.32093611101998,22.518076278359096,28.892226693063083,13.97396153846154,3.575,26,1,0.0034009156311314583,False
9226,,1-Net Singapore Pte Ltd,broadband,2023-Q3,2023,3,130.34306376058854,99.80275286678463,32.12612373475265,54.34680491384633,23.859320000000004,12.859,25,9,0.0032701111837802484,False
13431,,"Millennium Partners, L.P.",broadband,2023-Q3,2023,3,26.292884363454196,31.01903433601627,9.675443066806977,27.686492804865185,196.56664,212.869,25,1,0.0032701111837802484,False
136537,,SQUAREPOINT OPERATIONS PRIVATE LIMITED,broadband,2023-Q3,2023,3,419.64351186867964,95.21106239062655,424.73707954696476,58.41035252311498,33.471160000000005,34.384,25,1,0.0032701111837802484,False
132280,,Symphony Communication (Thailand) PCL.,broadband,2023-Q3,2023,3,45.06724614700255,49.932931533744785,36.727010277382846,33.4033709612184,51.17758333333333,60.2705,24,5,0.0031393067364290385,False
139883,,SPTEL PTE. LTD.,broadband,2023-Q3,2023,3,72.1579550068167,62.5309036345287,27.640915591233043,4.792653872395753,79.03970833333334,16.549500000000002,24,3,0.0031393067364290385,False
3257,,GTT Communications Inc.,broadband,2023-Q3,2023,3,60.40429766591632,20.09936946963517,40.76231963092178,0.5356674824713586,126.183,38.704,24,5,0.0031393067364290385,False
40339,,Jump Trading LLC,broadband,2023-Q3,2023,3,24.766046645698317,14.536015196811011,9.782591891991618,4.465821419843475,11.698608695652172,1.355,23,1,0.0030085022890778287,False
16509,,"Amazon.com, Inc.",broadband,2023-Q3,2023,3,13.621929759087033,5.335647983453406,5.7393613575032365,0.2971325007171958,56.06799999999999,17.226,22,3,0.0028776978417266188,False
132242,,Hogarth Worldwide Pte,broadband,2023-Q3,2023,3,210.88662524907986,115.68609929005032,110.41548447529716,91.28638123385335,46.57190476190476,13.0,21,3,0.002746893394375409,False
24482,,SG.GS,broadband,2023-Q3,2023,3,33.1144345320592,0.08424360516785552,19.341323112920012,0.07514248614638161,15.131650000000002,2.1025,20,2,0.002616088947024199,False
7473,,Singapore Telecommunications Ltd,broadband,2023-Q3,2023,3,39.31915057670473,49.990453386549845,14.600365645260997,0.979125326173257,103.604,86.1865,20,3,0.002616088947024199,False
133587,,Bain and Company,broadband,2023-Q3,2023,3,97.38659075440242,23.996726832428795,109.2668086570109,14.915705758648173,104.0128,104.574,20,1,0.002616088947024199,False
14127,,Iland Internet Solutions Corporation,broadband,2023-Q3,2023,3,317.48503578423527,341.18838877495887,95.61681693500584,93.63756760818885,3.3333157894736836,1.961,19,5,0.0024852844996729887,False
5091,,"Stripe, Inc.",broadband,2023-Q3,2023,3,215.48179783779347,213.17888356554658,124.86796231697207,135.94336183788027,77.69473684210526,15.367,19,5,0.0024852844996729887,False
17497,,Liasail Global Hongkong Limited,broadband,2023-Q3,2023,3,63.350626974094105,11.143474377710815,44.65819070747797,1.9141423555472712,18.847421052631578,0.833,19,16,0.0024852844996729887,False
138948,,NORTHERN TRUST CORPORATION,broadband,2023-Q3,2023,3,21.39819742213401,18.322406684636167,19.434627382472982,17.174831757729425,184.3701666666667,205.0385,18,9,0.002354480052321779,False
45597,,POINT72 ASIA,broadband,2023-Q3,2023,3,98.07328706847768,67.55333166247468,25.878500774327666,11.213908773671536,71.7583888888889,71.38900000000001,18,2,0.002354480052321779,False
138947,,NORTHERN TRUST CORPORATION,broadband,2023-Q3,2023,3,18.57198690513914,11.538395455228377,18.178838599929946,8.194609896221,194.79200000000003,210.529,17,7,0.002223675604970569,False
150218,,PT Wijaya Mandiri Network,broadband,2023-Q3,2023,3,9.834964416105489,9.566254977291335,9.578384279834266,11.021981263985229,25.05376470588235,15.591,17,4,0.002223675604970569,False
132277,,XTRA COMMUNICATION,broadband,2023-Q3,2023,3,218.303421612116,138.6996871418881,252.70856999323442,76.09493726295584,5.034058823529412,1.933,17,1,0.002223675604970569,False
137991,,Lifeway Singapore Pte. Ltd.,broadband,2023-Q3,2023,3,35.87597100611497,37.43178177489781,19.10790725181332,10.600980883377733,137.08382352941177,7.524,17,9,0.002223675604970569,False
6461,,Zayo Bandwidth,broadband,2023-Q3,2023,3,66.72352922820734,19.06040342764602,36.119354186870765,14.584156921469631,50.61671428571429,41.573499999999996,14,2,0.0018312622629169393,False
19239,,KLA Corporation,broadband,2023-Q3,2023,3,151.67815464624746,166.59409772870725,152.7906010408633,173.90398538874257,27.40414285714286,5.060499999999999,14,1,0.0018312622629169393,False
9299,PLDT,Philippine Long Distance Telephone Company,broadband,2023-Q3,2023,3,90.74138706931127,42.72894794369237,81.97995543117102,4.61650336180407,87.88649999999998,98.3405,14,1,0.0018312622629169393,False
56308,,"TELEKOMUNIKASI INDONESIA INTERNATIONAL, PTE.LTD",broadband,2023-Q3,2023,3,44.66643223895442,37.816842506895966,47.887305840007876,42.335103449772255,15.715000000000002,5.813,14,3,0.0018312622629169393,False
139349,,Diebold Nixdorf Singapore PTE. LTD.,broadband,2023-Q3,2023,3,63.36785248064522,28.82107495426551,42.539355808308756,18.273090107112367,45.54728571428571,38.891,14,1,0.0018312622629169393,False
6507,,"Riot Games, Inc",broadband,2023-Q3,2023,3,111.4013476288807,53.0054905991265,86.87372167914572,77.33019496691385,124.72523076923075,207.878,13,1,0.0017004578155657292,False
133600,,ESSEC,broadband,2023-Q3,2023,3,38.957550242692626,9.530763877712351,40.88333508346311,10.961759956442576,8.481916666666667,6.0245,12,2,0.0015696533682145193,False
34414,,Nokia APAC,broadband,2023-Q3,2023,3,24.67431572253398,26.562921747441127,16.324928778295515,16.28118072380943,27.336454545454547,12.966,11,2,0.0014388489208633094,False
29207,,"Takeda Pharmaceuticals U.S.A., Inc.",broadband,2023-Q3,2023,3,5.6065561630525504,8.689204072165833,0.8781938258332054,3.7635672537657863,326.88090909090903,272.758,11,2,0.0014388489208633094,False
13167,,Merck KGaA,broadband,2023-Q3,2023,3,12.46163838019141,4.199725437431098,13.047565400471933,2.470659926902558,51.39481818181819,16.584,11,1,0.0014388489208633094,False
132829,,Nevigate Communications (S) Pte Ltd,broadband,2023-Q3,2023,3,39.74473074170942,19.492225341426288,27.515577573209086,0.33943636302398483,103.91254545454545,130.261,11,2,0.0014388489208633094,False
4410,,Credit Suisse Group,broadband,2023-Q3,2023,3,78.99622510981035,97.12061498731025,66.38609102525194,106.90873645794971,55.641999999999996,19.969,10,3,0.0013080444735120995,False
55781,,Fujitsu Asia Pte. Ltd.,broadband,2023-Q3,2023,3,16.361783043749533,12.140274277205737,17.018754659319843,14.81988656609617,13.646700000000001,2.6775,10,1,0.0013080444735120995,False
136149,,MediaCorp Pte Ltd,broadband,2023-Q3,2023,3,72.34952539231142,76.1369266774993,80.85110591874312,87.1275922110269,10.1111,1.83,10,1,0.0013080444735120995,False
46078,,Dimension Data AP Kaki Bukit Singapore,broadband,2023-Q3,2023,3,76.99912237663251,45.24676174765809,38.403435818803445,39.620667341528815,57.633,60.124,9,1,0.0011772400261608894,False
154177,,LIGHT NODE LIMITED,broadband,2023-Q3,2023,3,6.979025562229888,1.718518827389958,0.6683602633179017,0.6529032445748068,66.21088888888889,80.916,9,4,0.0011772400261608894,False
18402,,NATIONAL LIBRARY BOARD,broadband,2023-Q3,2023,3,49.1072328275494,52.00756659004535,40.3232767385014,53.323782942672956,27.171000000000003,16.527,9,1,0.0011772400261608894,False
38891,,Measat Satellite Systems Sdn. Bhd.,broadband,2023-Q3,2023,3,2.505376406166615,2.4946707578413734,2.2381197429686788,2.478619713126885,19.025625,10.2595,8,4,0.0010464355788096795,False
139829,,RigNet Pte Ltd,broadband,2023-Q3,2023,3,0.7541725081513234,0.2646039425340574,0.7838556726093757,0.07529419670566889,770.3981249999999,736.2565,8,1,0.0010464355788096795,False
64086,,Australia and New Zealand Banking Group Limited (ANZ),broadband,2023-Q3,2023,3,44.16497877729398,43.424324816257425,20.803509378662078,24.92275997805838,102.2595,104.3185,8,2,0.0010464355788096795,False
133136,,MyRepublic Ltd.,broadband,2023-Q3,2023,3,96.79998634093889,86.38050004986475,79.48507005369012,85.56508349612125,12.455,5.452999999999999,8,3,0.0010464355788096795,False
54201,,We Link Networks LLC,broadband,2023-Q3,2023,3,67.6402246926002,69.38594627117853,43.10458058603803,73.87308930198407,134.92287499999998,131.77800000000002,8,5,0.0010464355788096795,False
20055,,Wholesail networks LLC,broadband,2023-Q3,2023,3,32.8952584643186,11.373962053634392,24.081184235681555,6.1350571851459845,30.367375,27.106,8,2,0.0010464355788096795,False
152194,,CTG Server Limited,broadband,2023-Q3,2023,3,14.631637740964504,11.095403195935758,2.033523289610544,0.8143315545775354,112.2105,7.445,8,2,0.0010464355788096795,False
24331,,eBay Inc ASIA ASN eCommerce San Jose,broadband,2023-Q3,2023,3,12.026838216811187,4.160082533215792,3.157214295985019,3.1377922854144797,147.17,150.161,8,1,0.0010464355788096795,False
395592,,Ericsson Inc.,broadband,2023-Q3,2023,3,74.03600044139192,134.46029085543745,7.2558247519325905,10.225470845408658,274.171875,353.0085,8,2,0.0010464355788096795,False
140610,,Bayer (South East Asia) Pte Ltd,broadband,2023-Q3,2023,3,25.10175115804361,32.89202261317329,23.55758456418342,16.013950331643375,58.01542857142858,50.596,7,2,0.0009156311314584696,False
28939,,ARM Ltd,broadband,2023-Q3,2023,3,12.122921486775923,4.697434068519147,16.010997505455602,1.3076288201858268,165.4007142857143,169.485,7,2,0.0009156311314584696,False
141435,,Bayer (South East Asia) Pte Ltd,broadband,2023-Q3,2023,3,118.244346805353,32.312356232988236,99.69666823361197,36.39561599586196,2.284333333333333,2.0,6,1,0.0007848266841072596,False
133125,,PG Lion ReSources Aust Pty Ltd,broadband,2023-Q3,2023,3,121.76939884182742,4.427668721216926,130.78974312321265,5.750892751040753,166.26733333333334,130.711,6,2,0.0007848266841072596,False
134739,,"AGB Communication Co., Ltd",broadband,2023-Q3,2023,3,13.736671357065271,10.663264349016593,13.887306512281507,12.939443112299486,101.61766666666666,80.336,6,1,0.0007848266841072596,False
133422,,Aviva Asia Pte Ltd,broadband,2023-Q3,2023,3,229.10989993601314,20.81155332209761,259.7417417446337,0.075364094559395,38.13766666666667,29.932000000000002,6,1,0.0007848266841072596,False
393954,,CFN Services Inc.,broadband,2023-Q3,2023,3,55.17238870970087,57.07840373234052,46.97288129708022,79.65207565388363,28.764666666666667,18.024500000000003,6,1,0.0007848266841072596,False
23764,,CTGNet,broadband,2023-Q3,2023,3,47.04587513462344,43.60501824120135,46.09887840943622,39.07621861664279,14.187,9.603,6,1,0.0007848266841072596,False
48266,,Catixs Ltd,broadband,2023-Q3,2023,3,47.71906038828069,18.18523829093084,48.29266044512305,25.659091370458373,54.46560000000001,72.0,5,4,0.0006540222367560497,False
132850,,TS Global Network Sdn. Bhd.,broadband,2023-Q3,2023,3,3.3683826724278525,1.325915704765199,4.084626844655215,1.3017023249256756,48.123000000000005,58.044,5,3,0.0006540222367560497,False
17978,,SERVCORP AUSTRALIAN HOLDINGS LTD,broadband,2023-Q3,2023,3,98.3027477800936,86.47513465561343,92.14327984145925,86.3675778442976,7.021800000000001,4.428,5,1,0.0006540222367560497,False
6279,,PCCW Global (HK) Ltd.,broadband,2023-Q3,2023,3,26.160116675360143,7.9068532160880975,22.200042976471632,5.239597598489417,379.82219999999995,318.304,5,1,0.0006540222367560497,False
64049,,Reliance Jio Infocomm Pte Ltd Singapore,broadband,2023-Q3,2023,3,79.49474676708003,0.6856254830708542,78.32483817771038,0.08155379882020342,110.91879999999999,154.718,5,1,0.0006540222367560497,False
150171,,DIGISIGMA PTE. LTD.,broadband,2023-Q3,2023,3,26.719182493921892,38.74594105515223,28.305646946794496,53.41533118787396,305.1444,299.926,5,3,0.0006540222367560497,False
59326,,DSO National Laboratories,broadband,2023-Q3,2023,3,80.63426114925919,29.904326890241446,93.60812272097802,29.904326890241446,19.204,1.877,5,3,0.0006540222367560497,False
35923,,KENVUE BRANDS LLC,broadband,2023-Q3,2023,3,33.858332131542774,4.959107800647486,34.92342687651559,4.959107800647486,29.670749999999998,25.618000000000002,4,1,0.0005232177894048398,False
132236,,NEC ASIA PACIFIC PTE LTD,broadband,2023-Q3,2023,3,145.47393315460414,119.03456978178926,188.92025419566858,150.74694945933476,6.90775,4.46,4,3,0.0005232177894048398,False
133471,,SYNAPXE PTE. LTD.,broadband,2023-Q3,2023,3,12.080886755244702,3.279230013787953,9.748863376988409,0.5959552673211548,12.21925,9.042,4,1,0.0005232177894048398,False
206216,,Advin Services LLC,broadband,2023-Q3,2023,3,58.782048906813046,67.49125779452497,69.68674362911203,67.49125779452497,204.726,204.582,4,4,0.0005232177894048398,False
139062,,Synamedia Asia Private Ltd,broadband,2023-Q3,2023,3,208.2475292340767,58.81835038196629,222.6523347373868,58.81835038196629,53.47,37.150999999999996,4,4,0.0005232177894048398,False
142066,,Northern Point Technology Private Limited,broadband,2023-Q3,2023,3,43.06156261836587,33.10141587976596,43.486012415470256,36.12465771561865,7.196,7.018000000000001,4,1,0.0005232177894048398,False
138598,,PT Nevigate Telekomunikasi Indonesia,broadband,2023-Q3,2023,3,4.74637689247493,1.539174664470281,2.745826613986032,1.539174664470281,118.09325000000001,75.6805,4,1,0.0005232177894048398,False
141364,,Bayer (South East Asia) Pte Ltd,broadband,2023-Q3,2023,3,14.691576403063301,12.985252057492511,15.051451085819847,1.5773766869526324,81.463,77.93299999999999,4,1,0.0005232177894048398,False
134839,,PropertyGuru Pte Ltd,broadband,2023-Q3,2023,3,165.67709077646757,199.82095340778906,131.71719704591698,211.8413865948795,120.89075,48.789500000000004,4,3,0.0005232177894048398,False
17003,,Zoetis Inc.,broadband,2023-Q3,2023,3,16.029431746584656,11.785709919876275,16.341887893707593,9.477059531229703,154.20624999999998,132.8175,4,1,0.0005232177894048398,False
17886,,Matrix Networks Pte Ltd,broadband,2023-Q3,2023,3,41.25235678050424,38.081250332337035,25.038534997326096,14.355579803940078,57.93033333333333,30.87,3,2,0.0003924133420536298,False
14593,Starlink,Space Exploration Technologies Corporation,broadband,2023-Q3,2023,3,90.67750202874173,1.7546347007626355,87.3704370294032,1.7546347007626355,51.12233333333334,55.842,3,2,0.0003924133420536298,False
55426,,Amphenol FCI Asia Pte Ltd,broadband,2023-Q3,2023,3,9.602813846792456,8.759845031052889,9.841615265623098,8.759845031052889,64.81533333333333,55.146,3,2,0.0003924133420536298,False
135525,,"Exoduspoint Capital Management Singapore, Pte. Ltd.",broadband,2023-Q3,2023,3,325.35090397675543,0.08825431707260184,295.8224635561589,0.08825431707260184,134.886,1.438,3,1,0.0003924133420536298,False
206720,,AIRBUS SAS,broadband,2023-Q3,2023,3,21.227775064233896,22.152064041274855,29.273127103642484,4.034956396497001,83.08266666666667,121.68,3,1,0.0003924133420536298,False
395753,,KKR,broadband,2023-Q3,2023,3,34.71965201567546,41.95494027625999,17.01813426072098,17.03723318152033,228.40200000000002,221.623,3,1,0.0003924133420536298,False
59210,,PhoenixNAP,broadband,2023-Q3,2023,3,591.1838201978918,460.9384033138989,861.7412450665175,460.9384033138989,17.785666666666668,1.845,3,2,0.0003924133420536298,False
58885,,IQON GLOBAL PTE LTD,broadband,2023-Q3,2023,3,189.77383563196204,132.29714466753032,236.692831176955,181.34686918443896,14.039666666666667,2.596,3,1,0.0003924133420536298,False
133449,,VASTSPACE PTE. LTD.,broadband,2023-Q3,2023,3,58.1593905133037,92.94232826899209,58.1593905133037,92.94232826899209,20.4815,20.4815,2,1,0.0002616088947024199,False
133322,,XIMBO Internet Limited,broadband,2023-Q3,2023,3,43.680161828658456,,43.680161828658456,,163.4715,163.4715,2,2,0.0002616088947024199,False
1449,,"PayPal, Inc.",broadband,2023-Q3,2023,3,130.99508760044867,151.46767042984825,130.99508760044867,151.46767042984825,65.7805,65.7805,2,2,0.0002616088947024199,False
149493,,HRT SG PTE. LTD.,broadband,2023-Q3,2023,3,47.974107018496866,0.20000402492158237,47.974107018496866,0.20000402492158237,211.3265,211.3265,2,1,0.0002616088947024199,False
132364,,TEC,broadband,2023-Q3,2023,3,314.4453419569598,450.8536585497145,314.4453419569598,450.8536585497145,116.11699999999999,116.11699999999999,2,2,0.0002616088947024199,False
7545,,TPG Telecom Limited,broadband,2023-Q3,2023,3,310.12935224193427,0.07583772469226822,310.12935224193427,0.07583772469226822,2.866,2.866,2,1,0.0002616088947024199,False
133391,,SYSNETPRO SOLUTION PTE LTD,broadband,2023-Q3,2023,3,138.40193508729593,152.72298277846485,138.40193508729593,152.72298277846485,46.613,46.613,2,1,0.0002616088947024199,False
16875,,AON Corporation,broadband,2023-Q3,2023,3,6.733001643909367,17.74506080234357,6.733001643909367,17.74506080234357,104.06049999999999,104.06049999999999,2,2,0.0002616088947024199,False
212238,,Datacamp Limited,broadband,2023-Q3,2023,3,55.14288031603742,0.03844171828348874,55.14288031603742,0.03844171828348874,50.641000000000005,50.641000000000005,2,2,0.0002616088947024199,False
396998,,"Path Network, Inc.",broadband,2023-Q3,2023,3,92.23170688149088,42.450951379003754,92.23170688149088,42.450951379003754,202.039,202.039,2,2,0.0002616088947024199,False
64003,,8 Anthony Road,broadband,2023-Q3,2023,3,44.278270243736344,28.96211637189719,44.278270243736344,28.96211637189719,35.878,35.878,2,2,0.0002616088947024199,False
133134,,AION TECHNOLOGIES PTE LTD,broadband,2023-Q3,2023,3,147.72213129651826,158.40751477253875,147.72213129651826,158.40751477253875,15.41,15.41,2,1,0.0002616088947024199,False
134349,,Panduit Singapore Pte Ltd,broadband,2023-Q3,2023,3,8.42845629392249,35.48769085688481,8.42845629392249,35.48769085688481,7.259,7.259,2,1,0.0002616088947024199,False
29066,,velia.net Internetdienste GmbH,broadband,2023-Q3,2023,3,62.07054980005989,8.955421564137186,62.07054980005989,8.955421564137186,204.53050000000002,204.53050000000002,2,1,0.0002616088947024199,False
28959,,Vitol Services Ltd,broadband,2023-Q3,2023,3,540.677121070298,516.104747805933,540.677121070298,516.104747805933,1.6875,1.6875,2,1,0.0002616088947024199,False
133541,,SIPPE-SG,broadband,2023-Q3,2023,3,0.5359639589602401,,0.5359639589602401,,3.2945,3.2945,2,1,0.0002616088947024199,False
47444,,Novartis AG,broadband,2023-Q3,2023,3,33.71683323072375,,33.71683323072375,,2.4619999999999997,2.4619999999999997,2,1,0.0002616088947024199,False
11746,,"Waggener Edstrom Worldwide, Inc.",broadband,2023-Q3,2023,3,196.18531310301194,184.85129483463135,196.18531310301194,184.85129483463135,22.6645,22.6645,2,1,0.0002616088947024199,False
199053,,Euronodes Ltd,broadband,2023-Q3,2023,3,139.49347805068535,0.06205109750413937,139.49347805068535,0.06205109750413937,39.4825,39.4825,2,2,0.0002616088947024199,False
64010,,BasicBrix LLP,broadband,2023-Q3,2023,3,14.117009909263604,0.34539765129597116,14.117009909263604,0.34539765129597116,1.022,1.022,1,1,0.00013080444735120994,False
25717,,Essity Hygiene and Health,broadband,2023-Q3,2023,3,20.28942330544857,0.15120717141021772,20.28942330544857,0.15120717141021772,242.371,242.371,1,1,0.00013080444735120994,False
24516,,Virtutel Pty Ltd,broadband,2023-Q3,2023,3,140.01128539657344,,140.01128539657344,,5.612,5.612,1,1,0.00013080444735120994,False
208187,,TeamViewer Germany GmbH,broadband,2023-Q3,2023,3,1.081138119599813,,1.081138119599813,,223.167,223.167,1,1,0.00013080444735120994,False
138341,,SHOPEE SINGAPORE PRIVATE LIMITED,broadband,2023-Q3,2023,3,55.04682878136484,,55.04682878136484,,1.41,1.41,1,1,0.00013080444735120994,False
136041,,"Singapore Telecom, ConnectPlus",broadband,2023-Q3,2023,3,45.14944492492878,47.31303893140847,45.14944492492878,47.31303893140847,28.297,28.297,1,1,0.00013080444735120994,False
44493,,Chelyabinsk-Signal LLC,broadband,2023-Q3,2023,3,14.696878731093294,16.342111663106696,14.696878731093294,16.342111663106696,101.913,101.913,1,1,0.00013080444735120994,False
140845,,Threadneedle Investments Singapore (pte.) limited,broadband,2023-Q3,2023,3,60.83816478975347,7.093357220647768,60.83816478975347,7.093357220647768,143.64,143.64,1,1,0.00013080444735120994,False
10122,,NETSTAR (SG) PTE. LTD.,broadband,2023-Q3,2023,3,6.744321251838389,,6.744321251838389,,7.538,7.538,1,1,0.00013080444735120994,False
7138,,"Encompass Digital Media, LLC",broadband,2023-Q3,2023,3,790.9091862871417,661.1177337293598,790.9091862871417,661.1177337293598,1.396,1.396,1,1,0.00013080444735120994,False
62651,,"Strong Technology, LLC.",broadband,2023-Q3,2023,3,18.540203187459593,0.11875435598428496,18.540203187459593,0.11875435598428496,0.12,0.12,1,1,0.00013080444735120994,False
151326,,DCConnect Communication Pte. Ltd.,broadband,2023-Q3,2023,3,58.541882095554634,15.132957355353787,58.541882095554634,15.132957355353787,60.332,60.332,1,1,0.00013080444735120994,False
1299,,Arelion Sweden AB,broadband,2023-Q3,2023,3,12.166480608828362,4.691580052598422,12.166480608828362,4.691580052598422,74.782,74.782,1,1,0.00013080444735120994,False
208185,,Net Gate Telecom S.R.L.,broadband,2023-Q3,2023,3,670.6013171598751,37.421136820816905,670.6013171598751,37.421136820816905,5.457,5.457,1,1,0.00013080444735120994,False
57695,,"Misaka Network, Inc.",broadband,2023-Q3,2023,3,3.8810176745016993,,3.8810176745016993,,13.0,13.0,1,1,0.00013080444735120994,False
4765,,Pacific Internet Pte Ltd,broadband,2023-Q3,2023,3,10.567636839558855,8.402012438188805,10.567636839558855,8.402012438188805,59.173,59.173,1,1,0.00013080444735120994,False
703,,Verizon Business,broadband,2023-Q3,2023,3,252.8076085547842,233.02043548080493,252.8076085547842,233.02043548080493,1.823,1.823,1,1,0.00013080444735120994,False
199877,,Kennametal Shared Services GmbH,broadband,2023-Q3,2023,3,62.12406554471036,89.59774217866679,62.12406554471036,89.59774217866679,3.402,3.402,1,1,0.00013080444735120994,False
137182,,BLUE WIRELESS PTE LTD,broadband,2023-Q3,2023,3,15.088286162395606,2.124630024926005,15.088286162395606,2.124630024926005,198.126,198.126,1,1,0.00013080444735120994,False
40810,,Ernst & Young LLP,broadband,2023-Q3,2023,3,62.222777332872916,,62.222777332872916,,29.048,29.048,1,1,0.00013080444735120994,False
14630,,"Invesco Group Services, Inc.",broadband,2023-Q3,2023,3,7.565801011510589,47.12209791548193,7.565801011510589,47.12209791548193,1.206,1.206,1,1,0.00013080444735120994,False
139646,,"HONG KONG LIGHTLAYER TECHNOLOGY CO., LIMITED",broadband,2023-Q3,2023,3,4.556896220006832,4.338535460984042,4.556896220006832,4.338535460984042,60.148,60.148,1,1,0.00013080444735120994,False
45652,,VPLS ASIA,broadband,2023-Q3,2023,3,16.647167689946905,,16.647167689946905,,186.0,186.0,1,1,0.00013080444735120994,False
64050,,BGP Network Limited,broadband,2023-Q3,2023,3,0.4728224334072903,11.357467048850598,0.4728224334072903,11.357467048850598,82.944,82.944,1,1,0.00013080444735120994,False
6660,,VODAFONE ENTERPRISE EQUIPMENT LIMITED,broadband,2023-Q3,2023,3,18.589297592443028,,18.589297592443028,,31.466,31.466,1,1,0.00013080444735120994,False
45166,,Pacific Internet Pte Ltd,broadband,2023-Q3,2023,3,32.60145001217802,,32.60145001217802,,30.272,30.272,1,1,0.00013080444735120994,False
9506,,Singtel Fibre Broadband,broadband,2023-Q4,2023,4,171.75706776821474,129.27928269281765,96.07532957137448,59.94903294357985,44.98781708300995,30.0,261631,68074,30.81804196693814,True
55430,,Starhub Ltd,broadband,2023-Q4,2023,4,182.6708414994276,152.82253435039607,92.15960566178373,74.64792983114098,14.78531414845375,5.599,200540,89356,23.622010144248097,True
4773,,MobileOne Ltd. Mobile/Internet Service Provider Singapore,broadband,2023-Q4,2023,4,214.1377898264548,162.65083113642595,106.76718684158581,78.88199226096755,14.371437603200276,5.337,117557,31081,13.84727558854779,True
56300,,MyRepublic Ltd.,broadband,2023-Q4,2023,4,273.2744161379704,192.16565286902232,144.32501782861195,81.92730115611141,12.49875081854751,4.775,64156,3922,7.557064340352952,True
3758,,SingNet,broadband,2023-Q4,2023,4,140.86761652628925,106.81207112346956,72.64731334969362,36.58545969380255,37.289179530384935,34.6,45707,9485,5.383919505650483,True
4657,,StarHub Ltd,broadband,2023-Q4,2023,4,187.03362248574535,164.52158429261848,82.81249316292711,62.996167711113635,13.411319342581953,5.081,45284,20238,5.334093484452632,True
18106,,Viewqwest Pte Ltd,broadband,2023-Q4,2023,4,215.45368143575044,150.32343042524374,110.26553844339914,74.26030384702699,16.61764304771902,4.574,22878,2183,2.694845657126299,True
17547,,M1 NET LTD,broadband,2023-Q4,2023,4,95.32101159577772,85.7106425380067,41.74124529079542,32.81555284348508,76.89934251991396,9.57,17208,2596,2.026964947452983,True
4817,,Simba Telecom Pte Ltd,broadband,2023-Q4,2023,4,27.686735713438644,11.538241578679541,11.43215534480607,2.5305634564032364,38.07663015052455,19.2885,13172,10174,1.551556385858362,True
135600,,Whiz Communications Pte Ltd,broadband,2023-Q4,2023,4,174.35748641292474,123.3750424549325,95.75289410978888,56.38446164741449,30.132194819257037,24.063000000000002,12011,1920,1.4147998595919213,True
(unknown),,,broadband,2023-Q4,2023,4,82.81913065487252,57.23034521334756,48.2431404014074,9.623415295962893,65.67838158909746,16.881,3894,482,0.45868209584971625,True
38258,,Sony - ASN for Asia Pacific,broadband,2023-Q4,2023,4,24.404681677210075,10.571955672828485,9.549514316493736,0.8813621903449949,148.5428898851219,88.784,3574,1078,0.42098865191753615,True
132356,,Changi Airport Group (Singapore) Pte Ltd,broadband,2023-Q4,2023,4,21.798222040950645,15.672658284283914,26.27156932170737,18.77827057107502,23.03718100308209,4.38,3572,35,0.42075306789296,True
23856,,SPTEL PTE. LTD.,broadband,2023-Q4,2023,4,184.70039332928545,144.93453544014668,83.07702424134854,61.48344771624971,12.47900831393415,4.008,3007,505,0.3542005809502046,True
9419,,Nanyang Technological University,broadband,2023-Q4,2023,4,142.2833620583635,136.9762708773043,76.73666897640489,67.55404086478094,11.512976052848888,3.7215,2423,203,0.285410045773976,True
133466,,Robert Bosch GmbH,broadband,2023-Q4,2023,4,23.760697956335182,15.327137620724637,13.200603254722203,5.757384809058498,7.764213106796116,2.0,2060,17,0.2426515453134092,True
7472,,NUS Information Technology,broadband,2023-Q4,2023,4,152.90850503837478,145.6289767472116,94.24001777441603,90.62421538665723,18.081571500000003,4.593500000000001,2000,520,0.23558402457612546,True
24467,,Deutsche Bank APAC RHO in Singapore Internet AS,broadband,2023-Q4,2023,4,38.904152687794046,27.26627195181727,15.832355126500596,8.435203691483455,14.853133653187113,2.666,1459,7,0.1718585459282835,True
7862,,Chevron Corporation,broadband,2023-Q4,2023,4,24.880334199564317,16.360471493859425,15.548579237451177,2.297739238674494,235.0970698380567,271.33799999999997,988,33,0.11637850814060596,True
2559,,VISA INTERNATIONAL SERVICE ASSOCIATION,broadband,2023-Q4,2023,4,23.752653356782687,24.227545979889616,8.203213923630278,5.408785124653715,93.40183654822337,47.363,985,6,0.11602513210374178,True
132277,,XTRA COMMUNICATION,broadband,2023-Q4,2023,4,38.49598635241759,17.24606065997497,40.4387508870025,17.86039319357198,7.4545214723926385,1.932,978,1,0.11520058801772534,True
55415,,4 Shenton Way,broadband,2023-Q4,2023,4,41.94100257411929,28.63037024712933,42.506210386458235,21.20997292520306,14.692888127853879,4.58,876,55,0.10318580276434294,True
394984,,"Fragomen, Del Rey, Bernsen & Loewy, LLP",broadband,2023-Q4,2023,4,6.72879990297857,5.740733472306998,5.812679137710904,5.030778812311525,202.19420961775583,199.107,811,1,0.09552932196561886,True
109,,"CISCO SYSTEMS, INC.",broadband,2023-Q4,2023,4,34.96502989971429,22.102167007149937,11.390471153884558,3.6552751857341454,201.72765275908478,187.35,743,363,0.0875194651300306,True
4628,,Pacific Internet Pte Ltd,broadband,2023-Q4,2023,4,92.82854038069691,80.15979962917434,38.30002427864004,25.360595893382936,64.78661780821918,5.9925,732,147,0.08622375299486192,True
138345,,StarHub Ltd,broadband,2023-Q4,2023,4,27.353816464450286,8.4304972893633,12.529890922739092,3.3105569329677684,42.07546094946401,17.872,653,283,0.07691818402410495,True
174,Cogent,"Cogent Communications, LLC",broadband,2023-Q4,2023,4,23.46322935322196,20.420672022262337,9.660987270382934,9.146535386899595,59.963178217821785,24.756,606,89,0.07138195944656602,True
38136,,Akari Networks,broadband,2023-Q4,2023,4,133.35684136432158,24.001819092906114,64.93855180274547,18.173885086942544,149.11831309297915,2.439,527,154,0.062076390475809054,True
14398,,"Autodesk, Inc.",broadband,2023-Q4,2023,4,44.7215334082587,17.995225623518362,24.916119976796764,5.112129260454006,123.38302745098039,89.20349999999999,510,9,0.060073926266911985,True
135409,,Kacific Broadband Satellites Pte Ltd,broadband,2023-Q4,2023,4,5.043245897253329,1.6928556272951674,5.076465066060119,1.5135950410991943,60.64890380761522,50.573,499,93,0.0587782141317433,True
10024,,LGA International,broadband,2023-Q4,2023,4,111.5332453869351,81.3678184207418,49.6246311654365,30.255397680199255,23.217431451612903,14.655000000000001,496,84,0.05842483809487911,True
24545,,HKTEL,broadband,2023-Q4,2023,4,6.617755367480095,1.9082890942615587,3.740535258648283,0.4944799187682762,185.08571035940804,131.87,473,57,0.05571562181225367,True
2047,,Hoffmann - La Roche Ltd.,broadband,2023-Q4,2023,4,33.85034675592142,25.660255880150803,16.896742655310003,8.510007881985812,8.279436807095344,1.472,451,3,0.05312419754191629,True
134078,,NETPLUZ HOLDINGS PRIVATE LIMITED,broadband,2023-Q4,2023,4,57.58082637645714,49.10286839665523,34.29684304146425,39.35149764987953,11.88928341013825,3.7995,434,89,0.05112173333301922,True
11158,,"NTT America, Inc.",broadband,2023-Q4,2023,4,36.96006744762452,16.404861162453702,39.20974318091559,7.39570934588224,64.24943896713616,54.7815,426,9,0.05017939723471472,True
62654,,"MENLO SECURITY, INC.",broadband,2023-Q4,2023,4,1193.7427982865188,968.7952019301405,1243.0671201982013,1032.3664291846394,7.287322164948453,3.0,388,39,0.04570330076776834,True
137268,,CBRE Pty Limited,broadband,2023-Q4,2023,4,30.035751905785677,22.390254796450947,15.814999794273305,1.896088651955674,216.9988492063492,174.51850000000002,380,1,0.04476096466946383,True
26496,,"GoDaddy.com, LLC",broadband,2023-Q4,2023,4,59.92453258538533,8.308783805037724,47.69663803610501,2.2595132034966663,177.05794444444447,192.8185,378,23,0.04452538064488771,True
203724,,Musarubra Germany GmbH,broadband,2023-Q4,2023,4,147.39462028938178,41.885263831755424,55.60905331959436,10.090911171165478,3.1653545706371182,0.702,361,2,0.04252291643599064,True
56094,,ITENET:wq,broadband,2023-Q4,2023,4,94.79018412365173,97.5958583098208,1.183149162833335,11.425104033980467,14.569846368715083,5.588,358,23,0.04216954039912645,True
55487,,Globalfoundries Singapore Pte Ltd,broadband,2023-Q4,2023,4,62.57148335610457,41.872329453672464,35.28385871930708,19.94767484327315,9.041648876404496,1.9665,356,5,0.04193395637455033,True
131195,,SIM Headquarters,broadband,2023-Q4,2023,4,105.67457672171916,154.96177509192944,61.674020184412754,113.91430483809982,44.058947368421045,18.5375,342,13,0.04028486820251745,True
151469,,CrimsonLogic Pte Ltd,broadband,2023-Q4,2023,4,212.6089661031027,139.57740586912968,181.37825312569575,49.15599571258865,36.30348082595871,39.884,339,1,0.03993149216565326,True
8220,,COLT Technology Services Group Limited,broadband,2023-Q4,2023,4,96.85914049750959,76.46235198923347,51.27896210365107,33.199476681673616,22.11449552238806,3.885,335,48,0.039460324116501015,True
9877,,Ngee Ann Polytechnic Computer Center,broadband,2023-Q4,2023,4,24.286546499306862,21.65735517590628,15.41816218712039,15.414729153516962,4.388550898203593,1.5655000000000001,334,3,0.03934253210421295,True
35163,,Procter & Gamble Service GmbH,broadband,2023-Q4,2023,4,91.2663878658622,54.38631449314222,67.63300149388252,36.321212718180924,134.44904416403784,116.957,317,4,0.03734006789531588,True
133782,,Elsevier Ltd,broadband,2023-Q4,2023,4,19.09696103898673,17.563526848605846,7.85235941068926,3.825514382222848,170.57924920127795,161.826,314,2,0.036986691858451694,True
4913,,"Speedcast Communications, Inc",broadband,2023-Q4,2023,4,1.2639774990731014,0.605125232975904,0.678867375702082,0.24266883949274348,309.23487419354836,250.082,310,25,0.03651552380929944,True
55919,,20 Dover Drive Singapore 138682,broadband,2023-Q4,2023,4,216.0852221175194,120.02548177720985,126.34530656565812,49.72211616902105,12.167820846905537,4.563,307,4,0.03616214777243525,True
138539,,Jewel Changi Airport Trustee Pte. Ltd.,broadband,2023-Q4,2023,4,32.0561233119268,24.88969823309987,25.21850493872203,11.009672207906368,6.8800816993464045,4.3035,306,59,0.036044355760147195,True
131217,,8 Kallang Sector,broadband,2023-Q4,2023,4,142.63449832567093,180.57483808227136,41.35208692763237,41.72102169036694,26.543989510489507,17.771,286,3,0.03368851551438594,True
133728,,Chubb Asia Pacific Pte Ltd,broadband,2023-Q4,2023,4,24.036666264223857,14.59475471778522,6.68799173330113,1.7156214638079936,22.131129032258062,16.415,279,1,0.0328639714283695,True
15224,,Adobe Inc.,broadband,2023-Q4,2023,4,20.021737223745934,19.41701761393676,14.805877408594457,17.63934527799652,103.22457196969698,105.273,264,1,0.03109709124404856,True
137220,,"Texas Instruments, Inc",broadband,2023-Q4,2023,4,17.705715307747,14.258246657783104,11.769160019401948,5.759454531877175,199.88659090909093,209.34,242,2,0.02850566697371118,True
29990,,Xandr Inc.,broadband,2023-Q4,2023,4,24.50961044805485,21.918428538516284,15.824419204234276,11.168904927172793,268.66340425531916,264.165,235,6,0.02768112288769474,True
131475,,Singapore Institute of Technology,broadband,2023-Q4,2023,4,112.54917441983388,100.0882124726484,87.4409095166674,86.46811001937617,11.367780172413795,4.492,232,21,0.027327746850830552,True
17617,,Nanyang Polytechnic,broadband,2023-Q4,2023,4,83.22673209575844,87.95415500132671,75.654980744765,77.96729701010969,14.568730434782609,4.0745000000000005,230,2,0.027092162826254425,True
24012,,Refinitiv Australia PTY Limited,broadband,2023-Q4,2023,4,22.871851851364035,17.825532776372242,9.414997397741091,4.339111099709864,196.68065022421524,173.945,223,10,0.02626761874023799,True
32537,,Xilinx Incorporated,broadband,2023-Q4,2023,4,81.3283932186129,43.68917133519933,42.72543368288112,9.713116477019891,75.21999526066351,43.816,212,5,0.024971906605069295,True
3300,,British Telecommunications Limited,broadband,2023-Q4,2023,4,67.48612656041003,41.876611922491634,51.05340835432157,17.17288832867759,66.64327093596059,51.499,203,9,0.023911778494476732,True
23767,,A-STAR,broadband,2023-Q4,2023,4,221.01357553256548,163.04924785259408,116.15681670800846,99.94889465854867,20.173412060301505,4.378,199,46,0.023440610445324483,True
38055,,ACE Insurance Singapore,broadband,2023-Q4,2023,4,23.363727024471917,10.906363834127966,10.288696150453578,1.952155262219732,37.24127040816327,35.838,196,4,0.023087234408460295,True
58521,,Garena Online Pte Ltd,broadband,2023-Q4,2023,4,61.97925646452831,54.83889722817979,10.907740537094005,9.586694817554127,45.57355897435897,31.517,195,17,0.02296944239617223,True
2687,,"AT&T Enterprises, LLC",broadband,2023-Q4,2023,4,34.89144062873986,15.804463956522932,23.22359486855786,2.519393130857621,130.92588648648646,133.09,185,24,0.021791522273291602,True
141469,,Cargill Asia Pacific Holdings Pte Ltd,broadband,2023-Q4,2023,4,62.998923001586995,13.475382414484754,32.70910645643366,7.414753125691911,27.554300546448086,32.676,183,4,0.02155593824871548,True
18723,,Seagate Technology LLC,broadband,2023-Q4,2023,4,90.23487961268879,79.41983222099162,61.86804460039629,31.83661011841355,102.38567777777774,72.7885,180,4,0.02120256221185129,True
3356,,"Level 3 Parent, LLC",broadband,2023-Q4,2023,4,174.70287015374794,87.5867143298348,53.03254235871189,8.680773748895884,105.43675862068964,75.23249999999999,174,17,0.020495810138122912,True
205080,,Societe Internationale de Telecommunications Aeronautiques,broadband,2023-Q4,2023,4,38.79793068730302,15.476639769457165,6.819741796143092,1.4699231321924944,90.23916860465116,40.4725,173,57,0.02037801812583485,True
14762,,"AMGEN, Inc.",broadband,2023-Q4,2023,4,6.2665658064253105,10.38369614295176,4.697144109611582,5.011743492681116,176.74233526011562,206.06,173,2,0.02037801812583485,True
44356,,Epsilon Telecommunications Ltd,broadband,2023-Q4,2023,4,19.678513758608325,6.594864911175928,9.185698845788195,1.561014477971044,332.6084593023255,331.1115,172,5,0.02026022611354679,True
2906,,Netflix Streaming Services Inc.,broadband,2023-Q4,2023,4,28.28430984838617,24.618623656175153,14.828150902529973,2.2320123071925178,343.7497215189873,358.96500000000003,158,51,0.018611137941513912,True
41378,,Kirino LLC,broadband,2023-Q4,2023,4,214.19134296401114,37.665059743810396,98.8321254105933,26.598880936773504,75.90203999999999,1.238,150,18,0.01766880184320941,True
23728,,Republic Polytechnic. Multihoming AS Singapore,broadband,2023-Q4,2023,4,155.01404448710792,127.9328020687379,151.47995824098817,133.77894553893026,18.140620689655172,4.699,145,13,0.017079841781769096,True
38862,,TullettPrebon Singapore multihoming ISP connection AS,broadband,2023-Q4,2023,4,120.95563881333538,83.04996923306926,54.19701823419865,23.018389006993623,26.74940972222223,34.055499999999995,144,4,0.01696204976948103,True
714,,Apple Inc.,broadband,2023-Q4,2023,4,89.04250703573992,83.99693334200224,86.36163445456216,87.25253592527503,8.400454545454545,4.67,143,117,0.01684425775719297,True
9255,,Singapore Telecom,broadband,2023-Q4,2023,4,14.43466496889364,16.501794261363756,7.289365799544178,3.4067383597128345,67.98773381294964,36.291,139,18,0.016373089708040717,True
54092,,"DRW Holdings, LLC",broadband,2023-Q4,2023,4,60.06108277900252,36.164237580743915,43.946620247687115,19.09258794953216,65.06009701492538,44.959500000000006,134,1,0.015784129646600406,True
17645,,ASN - NTT SINGAPORE PTE LTD,broadband,2023-Q4,2023,4,113.00191767850546,78.85656424635732,86.75788320545911,26.023349950859775,37.1783937007874,3.474,128,27,0.015077377572872029,True
141760,,Mercedes-Benz Singapore Pte. Ltd.,broadband,2023-Q4,2023,4,48.246990534487466,38.68665029783015,48.30995143528577,41.5661885033216,49.486645161290326,47.954,124,32,0.014606209523719778,True
59134,,PT. Datacomm Diangraha,broadband,2023-Q4,2023,4,143.46205788486952,5.91435672201808,91.33950203092405,2.8244671920288678,6.240893442622951,2.0,122,3,0.014370625499143651,True
137991,,Lifeway Singapore Pte. Ltd.,broadband,2023-Q4,2023,4,49.61251975397199,51.849598602417885,18.74424783596951,24.017094982893717,12.326680672268903,5.975,119,13,0.014017249462279464,True
13778,,Johnson & Johnson,broadband,2023-Q4,2023,4,167.87742387712183,146.52586857007003,157.22461224420755,145.48635716984796,61.27331304347825,65.061,115,13,0.013546081413127213,True
63916,,IPTELECOM Global,broadband,2023-Q4,2023,4,200.20053580617102,31.067261782399,157.4689150231248,30.524660753817837,45.47809649122807,36.616,114,7,0.01342828940083915,True
38481,,JPMORGAN Singapore,broadband,2023-Q4,2023,4,392.10064995358164,269.18833147977705,375.28658626449766,270.80933625085135,11.056669642857145,2.815,112,3,0.013192705376263025,True
138610,,SAP SE,broadband,2023-Q4,2023,4,34.813409552954276,17.771297205516216,16.984495933313717,7.144573797524607,121.86583035714285,74.743,112,48,0.013192705376263025,True
56043,,PEPSICO INTERNATIONAL PTE. LTD.,broadband,2023-Q4,2023,4,22.139223294638278,9.123662048410573,15.052731321248881,4.774630058853528,13.166225225225224,2.534,111,2,0.013074913363974962,True
133426,,Northtelecom PTE LTD,broadband,2023-Q4,2023,4,1.5476785212814461,0.42002985709686824,1.4248293741373461,0.3146318138109274,127.32784403669726,115.106,109,15,0.012839329339398837,True
135607,Infinivan,Infinivan Incorporated,broadband,2023-Q4,2023,4,54.53351846655824,42.872646351507285,46.04645981566459,23.39936362553646,54.79416981132075,82.2635,106,11,0.012485953302534648,True
17350,,Moody's Corp.,broadband,2023-Q4,2023,4,109.23944434631649,76.52580271712392,77.26124601225185,3.7360507446729154,176.15544444444444,212.554,99,6,0.011661409216518209,False
9299,PLDT,Philippine Long Distance Telephone Company,broadband,2023-Q4,2023,4,54.87198145515268,34.523064709092154,31.52049312937592,3.558397322250443,99.26764285714287,59.084999999999994,98,31,0.011543617204230147,False
10794,,"Bank of America, National Association",broadband,2023-Q4,2023,4,33.70042086649016,36.59962991387593,8.552766147338314,5.494433228847406,38.17395833333334,33.0325,96,1,0.011308033179654021,False
3573,,Accenture LLP,broadband,2023-Q4,2023,4,16.897681462577506,15.849183860862757,5.132886032960496,5.650330747238837,74.82,61.0,89,11,0.010483489093637582,False
45133,,Singapore Polytechnic,broadband,2023-Q4,2023,4,144.5049309152782,132.69252155432616,90.79539861160154,59.130261082551264,27.32379545454546,25.727999999999998,88,11,0.01036569708134952,False
21509,,"Apollo Management, L.P.",broadband,2023-Q4,2023,4,11.277768076202237,10.031847933359138,9.884654633875993,4.3574807144951,134.18185365853657,142.933,82,1,0.009658945007621144,False
394161,,"Tesla Motors, Inc.",broadband,2023-Q4,2023,4,25.620302505667524,11.034130910306438,20.015412271947632,2.0256822889850277,309.70148749999987,306.90250000000003,80,13,0.009423360983045017,False
6279,,PCCW Global (HK) Ltd.,broadband,2023-Q4,2023,4,16.500075470487225,3.945442165824558,15.887246304127528,2.6228140369396358,296.16010126582285,314.465,79,1,0.009305568970756956,False
56039,,SPH Media Limited,broadband,2023-Q4,2023,4,101.88119268758139,58.84538635738034,39.501394497489905,2.067622766807188,14.229506329113924,4.966,79,7,0.009305568970756956,False
14114,,SAP America Inc.,broadband,2023-Q4,2023,4,844.0842589804327,388.91543316912976,808.119891642415,328.9128389919742,9.74263157894737,1.575,76,10,0.008952192933892766,False
60142,,NXP Semiconductors Netherlands B.V.,broadband,2023-Q4,2023,4,121.87260670243813,82.1010348880774,104.34748029324452,88.22484305117305,36.53406756756756,33.2665,74,2,0.008716608909316642,False
3257,,GTT Communications Inc.,broadband,2023-Q4,2023,4,59.780513392648906,43.361918442186585,15.065936987471463,5.149726861637262,162.24493243243242,67.6465,74,7,0.008716608909316642,False
56197,,KDDI ASIA PACIFIC PTE. LTD.,broadband,2023-Q4,2023,4,93.79024368057165,29.199938465563847,82.87968312754626,4.935465828693705,12.699000000000002,4.716,74,6,0.008716608909316642,False
138199,,Transatel,broadband,2023-Q4,2023,4,25.063351131885796,4.183367273455774,15.354511760985817,1.8336941483763323,191.88420547945205,186.141,73,2,0.008598816897028579,False
5580,,GTT Communications Netherlands B.V.,broadband,2023-Q4,2023,4,16.659493432925515,13.306642853288889,11.977791799298295,5.661477903677099,197.76997142857138,191.40699999999998,70,11,0.00824544086016439,False
24482,,SG.GS,broadband,2023-Q4,2023,4,76.20703847869117,9.19960540454188,43.455090146696435,3.4373907338302754,4.39468115942029,1.0,69,5,0.008127648847876328,False
134981,,UBER SINGAPORE TECHNOLOGY PTE. LTD,broadband,2023-Q4,2023,4,93.01749382775138,104.36562529831934,84.6412594989442,93.92219704296683,111.2118823529412,102.4725,68,33,0.008009856835588264,False
25888,,HP Inc.,broadband,2023-Q4,2023,4,88.72569856948742,68.42174410923934,74.99388367796578,34.95513787425478,35.43637878787879,38.7295,66,11,0.00777427281101214,False
33619,,"Advanced Micro Devices, Inc.",broadband,2023-Q4,2023,4,97.82056569057292,77.42552157230176,16.51252744010162,9.174034307368373,97.30658333333334,80.7835,60,3,0.0070675207372837634,False
138699,,TIKTOK PTE. LTD.,broadband,2023-Q4,2023,4,44.42994378216361,20.246136365473063,22.101358206135217,13.603817663031359,93.50376666666665,47.331,60,31,0.0070675207372837634,False
8444,,JANUS HENDERSON ADMINISTRATION UK LIMITED,broadband,2023-Q4,2023,4,28.908039102727113,23.698719014445377,15.135954710874232,12.329565585341491,25.986033898305088,1.479,59,1,0.0069497287249957,False
139636,,WORKDAY AUSTRALIA PTY LTD,broadband,2023-Q4,2023,4,64.41310205735442,28.782731222940004,26.893949125162997,26.10235758665906,18.27850909090909,19.591,55,1,0.006478560675843449,False
20868,,ABB Information Systems Ltd,broadband,2023-Q4,2023,4,18.693148936828702,7.0502939527266,9.577682487968461,2.197277590672122,193.86096363636366,234.46,55,2,0.006478560675843449,False
49362,,DSV A/S,broadband,2023-Q4,2023,4,5.584699932115131,6.580331546662075,4.16123409743765,5.101445319991746,168.16025454545456,174.515,55,9,0.006478560675843449,False
7473,,Singapore Telecommunications Ltd,broadband,2023-Q4,2023,4,46.70928997590237,53.70635267639823,14.91384626067216,9.603537424952705,155.78434545454544,125.0,55,10,0.006478560675843449,False
140693,,The Walt Disney Company (HK) Ltd,broadband,2023-Q4,2023,4,153.68220394986315,145.76953324698448,11.791850805089492,2.6236986508616065,118.42609433962262,134.024,53,4,0.006242976651267324,False
17733,,Office of Communications & IT,broadband,2023-Q4,2023,4,153.20585892067197,150.13317972565082,87.5851130913941,84.49070931846657,26.857698113207555,5.585,53,12,0.006242976651267324,False
132280,,Symphony Communication (Thailand) PCL.,broadband,2023-Q4,2023,4,69.42324477018121,55.890939290430985,56.67376071559821,36.02410802674399,48.42672549019607,55.535,51,9,0.006007392626691199,False
400190,,Freeport-McMoRan Inc.,broadband,2023-Q4,2023,4,21.923888766762218,15.386791373159053,4.3745272269753395,1.6865961801466254,122.2151568627451,108.126,51,12,0.006007392626691199,False
4058,,CITIC Telecom International CPC Limited,broadband,2023-Q4,2023,4,42.872568706582406,33.79928056523409,7.702083685414202,15.268202334228826,15.196156862745097,4.101,51,10,0.006007392626691199,False
6453,,TATA COMMUNICATIONS (AMERICA) INC,broadband,2023-Q4,2023,4,99.61440685847411,77.80027600537782,56.25636657487442,55.25600863029989,65.85068627450981,75.668,51,16,0.006007392626691199,False
3561,,"CenturyLink Communications, LLC",broadband,2023-Q4,2023,4,9.520863626608078,11.4826353813729,4.813772358840076,9.926084517142204,123.42767999999998,194.09300000000002,50,2,0.005889600614403136,False
45597,,POINT72 ASIA,broadband,2023-Q4,2023,4,133.48931857377883,44.60644346228096,72.11810607137195,10.919105262291186,108.69012244897957,97.41,49,1,0.005771808602115074,False
24182,,Interpublic GIS,broadband,2023-Q4,2023,4,145.71617054412488,96.73966925795958,123.12716240046959,61.49440273657323,66.73515217391305,34.0045,46,1,0.005418432565250885,False
64003,,8 Anthony Road,broadband,2023-Q4,2023,4,39.35717941540344,22.624280336458213,45.14072170140078,19.65415857020095,39.22924444444445,3.0,45,3,0.005300640552962823,False
150436,,Byteplus Pte. Ltd.,broadband,2023-Q4,2023,4,7.539718251011685,4.143974800942804,8.299037804905481,3.7764322469759115,104.88223255813956,104.751,43,1,0.005065056528386697,False
135066,,Schroders Investment Management (Singapore) Limited,broadband,2023-Q4,2023,4,28.280362825292894,17.305064351278777,18.275547495643217,9.229447759264186,31.596999999999998,34.6195,42,2,0.004947264516098634,False
132829,,Nevigate Communications (S) Pte Ltd,broadband,2023-Q4,2023,4,21.077162059151394,0.6794760195050913,17.503474879221365,0.08190130281436983,164.50517499999998,166.54649999999998,40,2,0.004711680491522509,False
4637,,Telstra Global,broadband,2023-Q4,2023,4,103.05999587235326,88.520041886178,34.88170802513887,27.40983536230779,103.13025641025641,78.655,39,9,0.004593888479234446,False
17639,Converge,Converge ICT Solutions Inc.,broadband,2023-Q4,2023,4,55.942641724967956,41.45796023641365,41.24858995410357,55.59264507722669,107.34351351351354,19.916,37,5,0.004358304454658321,False
3549,,"Level 3 Parent, LLC",broadband,2023-Q4,2023,4,95.10429506167128,62.309996589061136,33.41525649726169,24.762153313218626,61.651891891891886,4.265,37,12,0.004358304454658321,False
136873,,MEGADATA-ISP,broadband,2023-Q4,2023,4,4.348957083538195,3.5430904606014924,3.9271076126922635,3.1929217691057548,65.07836111111112,27.0075,36,2,0.004240512442370258,False
11911,,The Bank of New York Mellon Corporation,broadband,2023-Q4,2023,4,200.3653821013676,228.62506660127423,37.941301336603864,52.03964093440574,14.932941176470589,1.8695,34,1,0.004004928417794132,False
4844,,SuperInternet ACCESS Pte Ltd,broadband,2023-Q4,2023,4,146.6951002493247,43.63727848643111,94.15355298169646,17.64851885316284,27.090833333333332,4.922,30,7,0.0035337603686418817,False
142594,,SpeedyPage Ltd,broadband,2023-Q4,2023,4,138.35274088434588,40.50358498356221,73.98033873735372,37.88745406696072,89.96480000000003,54.019,30,6,0.0035337603686418817,False
13014,,Hewlett Packard France S.A.S.,broadband,2023-Q4,2023,4,26.38972323171733,27.86385252867102,19.501053414634143,19.489368025368144,158.26049999999995,108.457,30,7,0.0035337603686418817,False
132337,,Axclusive,broadband,2023-Q4,2023,4,503.4994146562334,426.0842241161849,530.8196437517562,528.4581974403945,6.196655172413793,2.0,29,3,0.003415968356353819,False
15695,,Expereo International BV,broadband,2023-Q4,2023,4,46.579673514315616,43.34282566091986,44.25746625767858,28.31727982323299,27.738310344827585,9.47,29,10,0.003415968356353819,False
212238,,Datacamp Limited,broadband,2023-Q4,2023,4,106.17468992701475,26.37358510399623,87.20369821096821,28.289078477096027,87.25475862068967,50.763,29,7,0.003415968356353819,False
147188,,Rocket Network Pte. Ltd.,broadband,2023-Q4,2023,4,153.5683938587522,82.60911484360781,142.8942793063636,37.622538754609025,8.485821428571427,2.511,28,5,0.0032981763440657562,False
151338,,POLONETWORK LIMITED,broadband,2023-Q4,2023,4,97.73181529359263,31.728076655762827,97.00627399635141,21.851437855909012,2.525714285714286,0.8865000000000001,28,5,0.0032981763440657562,False
7246,,Bristol-Myers Squibb Company,broadband,2023-Q4,2023,4,12.517579421655642,20.244965233674947,9.184024029578769,9.14475431738181,199.2202857142857,213.9145,28,2,0.0032981763440657562,False
40339,,Jump Trading LLC,broadband,2023-Q4,2023,4,25.701336800839556,24.543205509546087,12.494129410908322,12.040808770672095,16.70207142857143,1.5825,28,1,0.0032981763440657562,False
132242,,Hogarth Worldwide Pte,broadband,2023-Q4,2023,4,521.0688371869834,351.35186394483634,702.2944791186907,380.02904262683245,8.39175,1.213,28,3,0.0032981763440657562,False
16669,,Applied Materials,broadband,2023-Q4,2023,4,130.30418600741152,52.93766112978247,91.40679613686676,18.72809872257826,7.295333333333333,3.964,27,1,0.0031803843317776935,False
27399,,Balyasny Asset Management L.P.,broadband,2023-Q4,2023,4,33.265472435238024,30.684205186271157,16.07251738934457,15.971237300470971,107.09876923076924,39.951,26,1,0.0030625923194896308,False
13443,,LinkedIn Corporation,broadband,2023-Q4,2023,4,87.35667679811966,97.32442776183458,29.176071674253336,50.26739392906692,354.31620833333335,212.469,24,14,0.0028270082949135053,False
23766,,"Electronic Arts, Singapore",broadband,2023-Q4,2023,4,74.92548840365124,36.05212299939079,81.06577695511771,25.34148673286359,181.8434166666667,197.92450000000002,24,1,0.0028270082949135053,False
17506,,ARTERIA Networks Corporation,broadband,2023-Q4,2023,4,33.2268844670165,22.747362068940383,37.68310941015336,37.639794673823666,6.65591304347826,4.843,23,4,0.0027092162826254425,False
137003,,INSEAD,broadband,2023-Q4,2023,4,125.54679302375798,123.00717034192591,80.89154913707412,95.6153606231657,8.195478260869567,4.001,23,1,0.0027092162826254425,False
134457,,BMC Software Asia Pacific Pte Ltd,broadband,2023-Q4,2023,4,18.223603587941486,10.55184943032713,4.722777092465671,3.0833519166034837,105.03068181818185,106.517,22,1,0.00259142427033738,False
16731,,Royal Bank of Canada,broadband,2023-Q4,2023,4,25.209025985039684,15.47546288550627,19.308851187134113,8.111567195209924,141.36085714285713,95.027,21,2,0.002473632258049317,False
139883,,SPTEL PTE. LTD.,broadband,2023-Q4,2023,4,66.89076499294369,43.67658750725411,64.12788660195307,18.51157691875248,52.09795238095237,4.863,21,3,0.002473632258049317,False
8360,,Allianz Technology SE,broadband,2023-Q4,2023,4,80.17569193073533,30.98091662684418,28.479778022836896,4.064516135483845,57.97333333333332,77.326,21,4,0.002473632258049317,False
7700,,SINGAPORE TELECOMMUNICATIONS LTD,broadband,2023-Q4,2023,4,9.448575050485081,0.3201215407017441,1.8045423400591007,0.21988360510208102,418.1455238095238,253.127,21,6,0.002473632258049317,False
203554,,Louis Vuitton Malletier SA,broadband,2023-Q4,2023,4,43.510992571525904,14.189698541839936,26.210792669214648,11.692635627449938,264.27284999999995,227.086,20,7,0.0023558402457612543,False
51847,,Nearoute Limited,broadband,2023-Q4,2023,4,101.1472924015499,24.008912492860002,106.79897408074217,13.870110669620324,23.22015,0.994,20,4,0.0023558402457612543,False
136537,,SQUAREPOINT OPERATIONS PRIVATE LIMITED,broadband,2023-Q4,2023,4,435.3980011481067,256.2094566508184,392.7929937655418,262.29086860439617,46.763000000000005,34.86,19,1,0.0022380482334731916,False
133587,,Bain and Company,broadband,2023-Q4,2023,4,82.07447653038152,15.737502591873918,91.41228437273494,14.714108540789585,116.614,114.792,19,1,0.0022380482334731916,False
22764,,"Fluor Enterprises, Inc.",broadband,2023-Q4,2023,4,9.433764538061995,8.318239273906384,5.5307966464864515,6.1389425001093745,151.19821052631576,144.639,19,1,0.0022380482334731916,False
399686,,SEMIBAND LLC,broadband,2023-Q4,2023,4,71.46953931797424,19.32346809741365,78.44450505464246,4.272206278378691,164.16072222222223,218.7885,18,6,0.002120256221185129,False
56308,,"TELEKOMUNIKASI INDONESIA INTERNATIONAL, PTE.LTD",broadband,2023-Q4,2023,4,78.80502207562483,32.33408212789544,39.66748436815921,12.362137760740342,15.171888888888889,13.957,18,11,0.002120256221185129,False
54201,,We Link Networks LLC,broadband,2023-Q4,2023,4,49.248814472400156,48.47757638595249,50.14579854172912,44.77428957479893,59.09533333333334,3.5700000000000003,18,16,0.002120256221185129,False
1828,,Unitas Global,broadband,2023-Q4,2023,4,121.64612978640905,173.20937281934604,142.18061707851058,100.45695652777539,38.732055555555554,38.203500000000005,18,2,0.002120256221185129,False
38166,,Standard Chartered Bank (Hong Kong) Limited.Banking and,broadband,2023-Q4,2023,4,54.674041271533355,83.01692971550844,31.714085967581433,63.953748385312,13.123222222222223,5.939,18,4,0.002120256221185129,False
55781,,Fujitsu Asia Pte. Ltd.,broadband,2023-Q4,2023,4,10.88336699598052,15.16266116332572,17.40602986350309,18.392882675287957,2.501705882352941,2.374,17,1,0.002002464208897066,False
2914,,"NTT America, Inc.",broadband,2023-Q4,2023,4,86.77306986738355,56.13426755284764,25.14582550432977,12.366404103938441,152.3125625,150.03199999999998,16,7,0.0018846721966090036,False
3911,,"Micron Technology, Inc.",broadband,2023-Q4,2023,4,66.7148555101606,61.571345847305274,54.93634010926582,52.93537134927208,27.371,10.078,15,2,0.0017668801843209409,False
397423,,Tier.Net Technologies LLC,broadband,2023-Q4,2023,4,24.924447501001833,7.609785754629947,17.284148677560452,3.988328618706027,257.9750666666667,219.166,15,13,0.0017668801843209409,False
16509,,"Amazon.com, Inc.",broadband,2023-Q4,2023,4,6.81187424575701,6.460689501967451,2.71626787675305,0.31341940510509403,348.9799333333333,226.786,15,4,0.0017668801843209409,False
13431,,"Millennium Partners, L.P.",broadband,2023-Q4,2023,4,16.01342037852084,25.973777619470365,10.516682335091156,31.97845183141716,195.54606666666666,207.594,15,1,0.0017668801843209409,False
59210,,PhoenixNAP,broadband,2023-Q4,2023,4,245.32270105267025,94.40407387949752,3.821624725259273,0.08187390840587964,209.8859285714286,180.6755,14,3,0.0016490881720328781,False
19239,,KLA Corporation,broadband,2023-Q4,2023,4,111.43631821707265,129.07133780116516,22.23056380571431,29.444950618282576,43.69428571428572,47.825,14,1,0.0016490881720328781,False
57695,,"Misaka Network, Inc.",broadband,2023-Q4,2023,4,141.52479256770582,26.015017972251577,82.97194327651876,25.094592536943594,3.441857142857143,1.079,14,5,0.0016490881720328781,False
59326,,DSO National Laboratories,broadband,2023-Q4,2023,4,112.59247839912551,50.85376722110991,105.16848229858793,59.52735209756588,3.297307692307692,2.445,13,5,0.0015312961597448154,False
133600,,ESSEC,broadband,2023-Q4,2023,4,35.85705445809904,8.288475456067854,40.76529869899221,6.629924129294623,12.130307692307694,4.952,13,2,0.0015312961597448154,False
13167,,Merck KGaA,broadband,2023-Q4,2023,4,28.62983676390564,17.27057795220225,33.48408924413094,13.564762129615158,24.580250000000003,35.368,12,1,0.0014135041474567526,False
6461,,Zayo Bandwidth,broadband,2023-Q4,2023,4,117.0605478689995,10.904508501187703,51.350855150775374,13.720102504517214,35.76525,15.802,12,4,0.0014135041474567526,False
133136,,MyRepublic Ltd.,broadband,2023-Q4,2023,4,58.8631161738117,40.712349018828554,23.98476178435753,21.999087898704836,20.091545454545454,4.733,11,4,0.00129571213516869,False
2856,,British Telecommunications Limited,broadband,2023-Q4,2023,4,30.799000452601412,27.907265264992475,34.3199944638405,25.455155521345286,4.5777,4.1515,10,1,0.0011779201228806272,False
14593,Starlink,Space Exploration Technologies Corporation,broadband,2023-Q4,2023,4,117.92663140141255,8.924428453456306,128.57455330673116,7.67727831860099,40.4491,30.884,10,3,0.0011779201228806272,False
64086,,Australia and New Zealand Banking Group Limited (ANZ),broadband,2023-Q4,2023,4,35.29297331572504,29.261836892422803,20.93071610189059,1.854978475848707,111.97170000000001,80.852,10,3,0.0011779201228806272,False
134407,,MediaCorp Pte Ltd,broadband,2023-Q4,2023,4,366.9760558615154,316.52413415901714,170.4412705261608,47.53782853472157,6.893100000000001,3.8845,10,4,0.0011779201228806272,False
205091,,EuroNet Internet Ltd,broadband,2023-Q4,2023,4,12.452051483098824,0.409510798078119,9.15094600321105,0.4425423048996715,175.71970000000002,159.5025,10,5,0.0011779201228806272,False
18725,,PVH Corp.,broadband,2023-Q4,2023,4,26.74418174587415,29.343407816797985,31.557729222707774,2.1826076600513487,144.52688888888892,197.998,9,1,0.0010601281105925644,False
147293,,Nearoute Limited.,broadband,2023-Q4,2023,4,55.13509712160638,32.393770219859135,61.51208364740829,30.98866499949601,187.383125,184.3395,8,6,0.0009423360983045018,False
46078,,Dimension Data AP Kaki Bukit Singapore,broadband,2023-Q4,2023,4,38.62761277719049,27.789667945125945,36.43447131375598,26.06842393314666,41.700874999999996,40.596500000000006,8,1,0.0009423360983045018,False
29207,,"Takeda Pharmaceuticals U.S.A., Inc.",broadband,2023-Q4,2023,4,23.810735336101473,25.969937903827418,7.820499910717414,5.861901953717837,236.95725000000002,258.4365,8,4,0.0009423360983045018,False
44493,,Chelyabinsk-Signal LLC,broadband,2023-Q4,2023,4,3.7480218777259546,0.8305926697237753,2.802992639318001,0.8305926697237753,123.689,66.262,7,2,0.0008245440860164391,False
206216,,Advin Services LLC,broadband,2023-Q4,2023,4,54.348940919225875,66.4989188832566,87.42213628083236,68.84986256997252,231.0897142857143,205.642,7,3,0.0008245440860164391,False
30613,,Chicago Mercantile Exchange,broadband,2023-Q4,2023,4,114.52063779384909,114.53618281829415,115.32301619729958,156.4443221171486,88.18928571428572,94.873,7,1,0.0008245440860164391,False
136975,,Global Technology,broadband,2023-Q4,2023,4,12.06070477925078,4.679467411516868,11.439188960697692,2.00936288540705,78.095,78.336,7,2,0.0008245440860164391,False
140362,,DIGISIGMA PTE. LTD.,broadband,2023-Q4,2023,4,44.78716553268943,28.67431010315681,39.85844365737148,24.089989152954008,108.51357142857141,48.276,7,7,0.0008245440860164391,False
133541,,SIPPE-SG,broadband,2023-Q4,2023,4,0.5924780338573387,9.646084222533297,0.5577396839982951,7.652706728911124,25.235142857142854,3.0,7,1,0.0008245440860164391,False
24331,,eBay Inc ASIA ASN eCommerce San Jose,broadband,2023-Q4,2023,4,30.509910975776133,3.722057717891603,25.07914458675803,1.146427110036827,220.74028571428568,193.398,7,1,0.0008245440860164391,False
6660,,VODAFONE ENTERPRISE EQUIPMENT LIMITED,broadband,2023-Q4,2023,4,11.717459360330087,4.161694028101928,13.842802641297366,0.14174248676577045,186.62257142857143,161.269,7,1,0.0008245440860164391,False
136552,,Pacific Comnet (M) Sdn. Bhd.,broadband,2023-Q4,2023,4,16.45686795627375,13.447765660134444,18.074620868836416,11.669458324954947,13.534166666666666,11.437999999999999,6,3,0.0007067520737283763,False
28939,,ARM Ltd,broadband,2023-Q4,2023,4,43.04851160780674,10.113180014936246,43.24134914537926,5.1476246430304915,101.89866666666666,102.44900000000001,6,1,0.0007067520737283763,False
150171,,DIGISIGMA PTE. LTD.,broadband,2023-Q4,2023,4,18.786771459849138,6.372889330678834,3.6323969340203277,7.054907861046858,500.35566666666665,480.78000000000003,6,1,0.0007067520737283763,False
48266,,Catixs Ltd,broadband,2023-Q4,2023,4,27.234595998902574,0.329688619112227,29.574560436129453,0.329688619112227,120.7305,2.024,6,3,0.0007067520737283763,False
14127,,Iland Internet Solutions Corporation,broadband,2023-Q4,2023,4,620.3304395142881,164.86562019212917,499.631375444628,24.92663250718422,37.339666666666666,45.870999999999995,6,4,0.0007067520737283763,False
140227,,"Hong Kong Communications International Co., Limited",broadband,2023-Q4,2023,4,57.88202182040067,15.49480721690891,45.461768797329555,17.865123236462203,52.47416666666666,18.613,6,2,0.0007067520737283763,False
136744,,DREAM POWER TECHNOLOGY LIMITED,broadband,2023-Q4,2023,4,47.64590618914814,69.17854427357508,52.76041431153835,57.7340932341643,109.91600000000001,106.106,6,4,0.0007067520737283763,False
5091,,"Stripe, Inc.",broadband,2023-Q4,2023,4,163.87585409493994,129.8482992552907,137.7486080614139,98.81128024640915,84.4686,4.51,5,1,0.0005889600614403136,False
38870,,BGC Partners - APAC,broadband,2023-Q4,2023,4,55.64650007113387,67.76723839159133,34.335212818933904,40.951820233617894,16.3506,1.916,5,1,0.0005889600614403136,False
9226,,1-Net Singapore Pte Ltd,broadband,2023-Q4,2023,4,11.226523011553649,8.398361194415724,8.955146073341785,8.932289510479384,52.6198,17.526,5,3,0.0005889600614403136,False
134839,,PropertyGuru Pte Ltd,broadband,2023-Q4,2023,4,44.96023976701717,43.35777548258356,46.171085805302965,51.292038693787184,44.199200000000005,32.438,5,3,0.0005889600614403136,False
154177,,LIGHT NODE LIMITED,broadband,2023-Q4,2023,4,17.18768431646684,23.182072820736263,10.50095512441594,12.398176686016937,68.45179999999999,84.901,5,2,0.0005889600614403136,False
206720,,AIRBUS SAS,broadband,2023-Q4,2023,4,58.70626640741993,42.7557877171734,55.29987052357355,55.31306095453444,7.470599999999999,7.169,5,1,0.0005889600614403136,False
7545,,TPG Telecom Limited,broadband,2023-Q4,2023,4,110.47476088575237,16.467341799035548,49.740680980029445,16.467341799035548,5.1832,2.465,5,2,0.0005889600614403136,False
133125,,PG Lion ReSources Aust Pty Ltd,broadband,2023-Q4,2023,4,26.9231204200996,2.070504509448773,24.175855321118316,1.2536473020219974,172.09480000000002,91.272,5,1,0.0005889600614403136,False
132850,,TS Global Network Sdn. Bhd.,broadband,2023-Q4,2023,4,0.6712125502102383,1.6073204270788488,0.6931431761007907,1.7965676870610552,48.8674,58.691,5,3,0.0005889600614403136,False
138947,,NORTHERN TRUST CORPORATION,broadband,2023-Q4,2023,4,28.739733865764066,17.221015620568327,21.385303607536642,17.599916640966963,115.13775,85.4545,4,1,0.0004711680491522509,False
4800,,PT Aplikanusa Lintasarta,broadband,2023-Q4,2023,4,4.639116892323222,7.025299754114449,0.736223543759776,7.025299754114449,441.06125,580.0165,4,3,0.0004711680491522509,False
17978,,SERVCORP AUSTRALIAN HOLDINGS LTD,broadband,2023-Q4,2023,4,76.34119324799065,64.14158870311269,67.84716761343647,55.35476745823555,5.89325,6.288,4,1,0.0004711680491522509,False
139349,,Diebold Nixdorf Singapore PTE. LTD.,broadband,2023-Q4,2023,4,73.19576716504965,34.92024068027163,80.34782579396659,34.92024068027163,69.64750000000001,73.8255,4,1,0.0004711680491522509,False
149485,,MonoCloud Pty Ltd,broadband,2023-Q4,2023,4,92.97332521158143,23.607181715832972,73.00267735086132,21.746535350480197,77.62225000000001,78.0455,4,4,0.0004711680491522509,False
142119,,NEX CORPORATEIT PTE LTD,broadband,2023-Q4,2023,4,232.298717677522,92.91688661219122,238.6699133153045,92.91688661219122,6.28925,4.095,4,3,0.0004711680491522509,False
10100,,UBS Group AG,broadband,2023-Q4,2023,4,293.3021048286182,167.0319150572501,292.5979975701555,155.89299590722788,1.62975,1.7595,4,2,0.0004711680491522509,False
19855,,"Masergy Communications, Inc.",broadband,2023-Q4,2023,4,144.49020207797926,18.795094364699224,148.9330547732743,0.07008409139041671,37.74275,45.049,4,1,0.0004711680491522509,False
7138,,"Encompass Digital Media, LLC",broadband,2023-Q4,2023,4,238.07764793854852,457.2488513625135,89.01753293339841,459.24097196000986,28.092000000000002,8.6165,4,1,0.0004711680491522509,False
18402,,NATIONAL LIBRARY BOARD,broadband,2023-Q4,2023,4,73.16341324516517,72.93326349961099,75.68612936381916,86.21530106567647,20.03425,19.9075,4,1,0.0004711680491522509,False
139028,,Singapore Technologies Engineering Ltd,broadband,2023-Q4,2023,4,52.1968743633245,60.643448418829074,56.63966882004986,47.56872611324204,2.6585,2.4385,4,3,0.0004711680491522509,False
58885,,IQON GLOBAL PTE LTD,broadband,2023-Q4,2023,4,57.031872925335705,47.02819317551433,51.251924790034735,45.90770874711162,95.86124999999998,94.9425,4,1,0.0004711680491522509,False
199053,,Euronodes Ltd,broadband,2023-Q4,2023,4,152.31214376832332,23.432059421646088,111.47852265557347,23.432059421646088,82.13575,84.96600000000001,4,3,0.0004711680491522509,False
393954,,CFN Services Inc.,broadband,2023-Q4,2023,4,48.89906190065205,82.87082574153209,62.3114820748759,82.87082574153209,37.705333333333336,32.633,3,1,0.00035337603686418816,False
45941,,DOCOMO interTouch - Philippines CC,broadband,2023-Q4,2023,4,16.539521821188654,3.3968132523777483,16.44985845277253,0.14942559422657478,58.0,53.0,3,1,0.00035337603686418816,False
23764,,CTGNet,broadband,2023-Q4,2023,4,25.47810542002934,21.40130695860168,27.653694108969486,20.074110338361802,4.185333333333333,4.233,3,1,0.00035337603686418816,False
138948,,NORTHERN TRUST CORPORATION,broadband,2023-Q4,2023,4,18.570488252742376,10.947583766305904,9.49860855795336,10.947583766305904,167.905,204.471,3,3,0.00035337603686418816,False
34414,,Nokia APAC,broadband,2023-Q4,2023,4,27.471858958163352,2.8832141991898967,32.719139787398944,2.8832141991898967,39.56066666666667,14.253,3,1,0.00035337603686418816,False
140610,,Bayer (South East Asia) Pte Ltd,broadband,2023-Q4,2023,4,37.15084114329938,0.2165020127218665,24.55881938956897,0.2165020127218665,55.89833333333333,43.423,3,2,0.00035337603686418816,False
136384,,Optix Pakistan (Pvt.) Limited,broadband,2023-Q4,2023,4,11.762816429260608,8.38047298050659,12.71588465539561,4.62017263816483,209.04966666666667,219.0,3,2,0.00035337603686418816,False
133391,,SYSNETPRO SOLUTION PTE LTD,broadband,2023-Q4,2023,4,22.002658910513215,,16.01377151095572,,48.65633333333333,22.825,3,1,0.00035337603686418816,False
9664,,SOUTHEAST ASIA TELECOM(SG) PTE. LTD.,broadband,2023-Q4,2023,4,38.42097841422946,19.009136233587174,21.280327738315602,19.009136233587174,55.882666666666665,50.049,3,2,0.00035337603686418816,False
136513,,FILINVEST BUSINESS SERVICES CORPORATION,broadband,2023-Q4,2023,4,26.04895144910331,23.55317871010185,38.61076084451286,20.912822029032675,170.698,171.994,3,3,0.00035337603686418816,False
19773,,"Motorola, Inc.",broadband,2023-Q4,2023,4,65.65898479926017,108.49457018203863,56.83608003987695,108.49457018203863,41.949666666666666,41.672,3,3,0.00035337603686418816,False
134363,,EZIT Solutions Pte Ltd,broadband,2023-Q4,2023,4,40.93222950206465,57.56376266704479,44.741984423531584,57.56376266704479,34.576,4.34,3,1,0.00035337603686418816,False
4765,,Pacific Internet Pte Ltd,broadband,2023-Q4,2023,4,24.42647155122612,10.226225354482587,10.349107771606011,10.226225354482587,40.787,31.065,3,2,0.00035337603686418816,False
139062,,Synamedia Asia Private Ltd,broadband,2023-Q4,2023,4,472.6174515887965,59.02513750328722,684.231069882958,1.6192229631998245,2.853666666666667,2.319,3,3,0.00035337603686418816,False
17886,,Matrix Networks Pte Ltd,broadband,2023-Q4,2023,4,53.88604998514707,24.027947899387563,53.88604998514707,24.027947899387563,14.036,14.036,2,1,0.00023558402457612545,False
55854,,LOREAL,broadband,2023-Q4,2023,4,1.5954887361073136,1.2726314868324748,1.5954887361073136,1.2726314868324748,87.3545,87.3545,2,1,0.00023558402457612545,False
29066,,velia.net Internetdienste GmbH,broadband,2023-Q4,2023,4,84.2511523108297,91.35097339927947,84.2511523108297,91.35097339927947,218.294,218.294,2,1,0.00023558402457612545,False
30417,,BTIG LLC,broadband,2023-Q4,2023,4,17.781008917903335,14.414479313686243,17.781008917903335,14.414479313686243,3.1075,3.1075,2,2,0.00023558402457612545,False
139225,,Whatbox Inc.,broadband,2023-Q4,2023,4,53.22893657345853,14.22126079110218,53.22893657345853,14.22126079110218,153.8205,153.8205,2,2,0.00023558402457612545,False
45166,,Pacific Internet Pte Ltd,broadband,2023-Q4,2023,4,169.54918468599678,190.42207542525813,169.54918468599678,190.42207542525813,28.247500000000002,28.247500000000002,2,1,0.00023558402457612545,False
1299,,Arelion Sweden AB,broadband,2023-Q4,2023,4,190.88287716617725,24.966691652993518,190.88287716617725,24.966691652993518,34.468,34.468,2,2,0.00023558402457612545,False
49544,,i3D.net B.V,broadband,2023-Q4,2023,4,640.5117517655265,595.4170397552465,640.5117517655265,885.684874989075,1.1684999999999999,1.1684999999999999,2,1,0.00023558402457612545,False
395753,,KKR,broadband,2023-Q4,2023,4,212.6280826031266,28.21729529390889,212.6280826031266,28.21729529390889,4.4595,4.4595,2,1,0.00023558402457612545,False
24516,,Virtutel Pty Ltd,broadband,2023-Q4,2023,4,46.791178720282915,22.7995179508318,46.791178720282915,22.7995179508318,21.1685,21.1685,2,2,0.00023558402457612545,False
23703,,"RigNet, Communication to remote locations in Asia/Pacific.",broadband,2023-Q4,2023,4,0.5933813564483065,0.5375457412114305,0.5933813564483065,0.5375457412114305,872.6125,872.6125,2,1,0.00023558402457612545,False
16875,,AON Corporation,broadband,2023-Q4,2023,4,12.083817875361863,0.0756012474353812,12.083817875361863,0.0756012474353812,37.269999999999996,37.269999999999996,2,2,0.00023558402457612545,False
133322,,XIMBO Internet Limited,broadband,2023-Q4,2023,4,68.7393597675328,0.07531341674980548,68.7393597675328,0.07531341674980548,87.5,87.5,2,1,0.00023558402457612545,False
28959,,Vitol Services Ltd,broadband,2023-Q4,2023,4,813.1701502261676,704.6576995842743,813.1701502261676,704.6576995842743,15.3165,15.3165,2,2,0.00023558402457612545,False
40513,,"Edge Technology Group, LLC",broadband,2023-Q4,2023,4,49.009401582541095,12.427101988506221,49.009401582541095,12.427101988506221,248.07100000000003,248.07100000000003,2,2,0.00023558402457612545,False
1449,,"PayPal, Inc.",broadband,2023-Q4,2023,4,117.6043175092324,71.67442157832593,117.6043175092324,71.67442157832593,4.0995,4.0995,2,1,0.00023558402457612545,False
149720,,PT Adi Solusindo Teknologi,broadband,2023-Q4,2023,4,3.374965131535819,6.649401786066957,3.374965131535819,6.649401786066957,238.2905,238.2905,2,2,0.00023558402457612545,False
134349,,Panduit Singapore Pte Ltd,broadband,2023-Q4,2023,4,8.711240738452108,36.68444724582471,8.711240738452108,36.68444724582471,6.0595,6.0595,2,1,0.00023558402457612545,False
35908,,Krypt Technologies,broadband,2023-Q4,2023,4,44.71432560182587,88.85757370533076,44.71432560182587,88.85757370533076,8.298,8.298,2,2,0.00023558402457612545,False
38321,,DOCOMO interTouch - Headquarter,broadband,2023-Q4,2023,4,84.96794110029427,56.20060462941296,84.96794110029427,56.20060462941296,20.6805,20.6805,2,1,0.00023558402457612545,False
64050,,BGP Network Limited,broadband,2023-Q4,2023,4,42.31187891706809,21.00098254941633,42.31187891706809,21.00098254941633,54.480999999999995,54.480999999999995,2,2,0.00023558402457612545,False
35923,,KENVUE BRANDS LLC,broadband,2023-Q4,2023,4,216.52309661900875,103.71347703334143,216.52309661900875,103.71347703334143,32.3055,32.3055,2,1,0.00023558402457612545,False
55426,,Amphenol FCI Asia Pte Ltd,broadband,2023-Q4,2023,4,17.186835468795877,19.586376295690823,17.186835468795877,19.586376295690823,196.479,196.479,2,1,0.00023558402457612545,False
29802,,"HIVELOCITY, Inc.",broadband,2023-Q4,2023,4,1080.70745059552,,1080.70745059552,,0.197,0.197,1,1,0.00011779201228806272,False
37989,,DCS1 Pte. Ltd.,broadband,2023-Q4,2023,4,269.8753571428571,,269.8753571428571,,1.319,1.319,1,1,0.00011779201228806272,False
62651,,"Strong Technology, LLC.",broadband,2023-Q4,2023,4,313.9144852393598,54.7110041102619,313.9144852393598,54.7110041102619,1.805,1.805,1,1,0.00011779201228806272,False
45530,,Agoda Company Pte. Ltd.,broadband,2023-Q4,2023,4,611.2538929085432,565.6261736746486,611.2538929085432,565.6261736746486,34.565,34.565,1,1,0.00011779201228806272,False
38891,,Measat Satellite Systems Sdn. Bhd.,broadband,2023-Q4,2023,4,0.3424875584995511,0.06865647792268256,0.3424875584995511,0.06865647792268256,21.691,21.691,1,1,0.00011779201228806272,False
17003,,Zoetis Inc.,broadband,2023-Q4,2023,4,4.278656081740397,0.3506947037965955,4.278656081740397,0.3506947037965955,319.983,319.983,1,1,0.00011779201228806272,False
11746,,"Waggener Edstrom Worldwide, Inc.",broadband,2023-Q4,2023,4,253.91474129384974,379.45697701115404,253.91474129384974,379.45697701115404,5.268,5.268,1,1,0.00011779201228806272,False
64049,,Reliance Jio Infocomm Pte Ltd Singapore,broadband,2023-Q4,2023,4,96.73600619825682,0.07533697573774688,96.73600619825682,0.07533697573774688,188.158,188.158,1,1,0.00011779201228806272,False
396856,,"Sharon Networks, LLC",broadband,2023-Q4,2023,4,19.034135398062865,10.873547411620708,19.034135398062865,10.873547411620708,67.511,67.511,1,1,0.00011779201228806272,False
3918,,Shell Information Technology International B.V.,broadband,2023-Q4,2023,4,103.04734318280067,,103.04734318280067,,33.824,33.824,1,1,0.00011779201228806272,False
18228,,NCS IDC in Singapore,broadband,2023-Q4,2023,4,30.81262803446998,,30.81262803446998,,3.399,3.399,1,1,0.00011779201228806272,False
24739,,SEVEREN TELECOM,broadband,2023-Q4,2023,4,62.85907957708824,,62.85907957708824,,99.145,99.145,1,1,0.00011779201228806272,False
18464,,ALVIDI TECHNOLOGY Inc,broadband,2023-Q4,2023,4,99.87261044589543,0.6362715927039423,99.87261044589543,0.6362715927039423,0.311,0.311,1,1,0.00011779201228806272,False
9125,,Drustvo za telekomunikacije Orion telekom doo Beograd-Zemun,broadband,2023-Q4,2023,4,31.795852243745603,79.60177796977452,31.795852243745603,79.60177796977452,3.62,3.62,1,1,0.00011779201228806272,False
54187,,EZE Castle Integration Inc.,broadband,2023-Q4,2023,4,31.732918255815143,10.300494306885867,31.732918255815143,10.300494306885867,98.849,98.849,1,1,0.00011779201228806272,False
152194,,CTG Server Limited,broadband,2023-Q4,2023,4,21.83828145614019,0.7107941881878967,21.83828145614019,0.7107941881878967,2.306,2.306,1,1,0.00011779201228806272,False
26940,,Levi Strauss & Co.,broadband,2023-Q4,2023,4,121.56474000658791,0.15528612159087637,121.56474000658791,0.15528612159087637,5.0,5.0,1,1,0.00011779201228806272,False
6421,,TATA COMMUNICATIONS (AMERICA) INC,broadband,2023-Q4,2023,4,3.678824816053049,20.678779981313674,3.678824816053049,20.678779981313674,63.559,63.559,1,1,0.00011779201228806272,False
38532,,Exabytes Network (Singapore) Pte. Ltd.,broadband,2023-Q4,2023,4,21.391970190397796,48.080401813066764,21.391970190397796,48.080401813066764,14.96,14.96,1,1,0.00011779201228806272,False
33442,,Zebra Technologies Corporation,broadband,2023-Q4,2023,4,14.188501318747676,,14.188501318747676,,10.478,10.478,1,1,0.00011779201228806272,False
151326,,DCConnect Communication Pte. Ltd.,broadband,2023-Q4,2023,4,15.139793799341223,11.022969746504662,15.139793799341223,11.022969746504662,219.265,219.265,1,1,0.00011779201228806272,False
10122,,NETSTAR (SG) PTE. LTD.,broadband,2023-Q4,2023,4,1.284084026927408,0.7896349670662767,1.284084026927408,0.7896349670662767,313.188,313.188,1,1,0.00011779201228806272,False
9892,,Iconz-Webvisions Pte. Ltd.,broadband,2023-Q4,2023,4,99.93814649737077,,99.93814649737077,,4.371,4.371,1,1,0.00011779201228806272,False
36184,,Virtu Financial Operating LLC,broadband,2023-Q4,2023,4,120.90551483271764,,120.90551483271764,,30.689,30.689,1,1,0.00011779201228806272,False
14630,,"Invesco Group Services, Inc.",broadband,2023-Q4,2023,4,31.621358245486835,,31.621358245486835,,13.852,13.852,1,1,0.00011779201228806272,False
21595,,Baxter Healthcare,broadband,2023-Q4,2023,4,91.25311437295002,96.15941891304595,91.25311437295002,96.15941891304595,205.811,205.811,1,1,0.00011779201228806272,False
61461,,Airtek Solutions C.A.,broadband,2023-Q4,2023,4,93.48797541518226,35.09081960570916,93.48797541518226,35.09081960570916,122.181,122.181,1,1,0.00011779201228806272,False
9506,,Singtel Fibre Broadband,broadband,2024-Q1,2024,1,178.9447601933506,135.807963439987,104.91157850883468,64.1633847386071,46.5206412703299,37.798,253508,58997,27.46149013150768,True
55430,,Starhub Ltd,broadband,2024-Q1,2024,1,206.83592013108088,173.36425940343864,102.37413526950601,86.49363362037242,10.817535850555446,5.08,236758,91031,25.647030786229607,True
4773,,MobileOne Ltd. Mobile/Internet Service Provider Singapore,broadband,2024-Q1,2024,1,217.13443998772289,168.02082328113858,103.79098265546477,84.42751545204982,16.67949052975014,4.997,116526,29162,12.62278744285807,True
56300,,MyRepublic Ltd.,broadband,2024-Q1,2024,1,287.2169492022687,197.51527929192966,160.22101968705962,92.42505583248573,13.432451080837655,4.497,71085,3981,7.700348809498018,True
3758,,SingNet,broadband,2024-Q1,2024,1,113.65133269752656,93.59186524357067,49.03065257054133,30.852439781303087,33.15909935026933,34.602,66660,8470,7.2210065645514225,True
4657,,StarHub Ltd,broadband,2024-Q1,2024,1,191.5832654645468,181.94758313079615,88.12955207650407,65.58379333777839,8.776369659429635,4.548,47320,17881,5.125983057824382,True
18106,,Viewqwest Pte Ltd,broadband,2024-Q1,2024,1,255.86166805220603,182.46673987374564,136.22820046835014,88.78528931530565,15.188259891619039,4.3845,26968,1852,2.921333708863228,True
17547,,M1 NET LTD,broadband,2024-Q1,2024,1,127.34728909605403,111.96597354998636,79.32762329418655,64.86992781014985,11.419025325805944,5.0,18968,2754,2.054726260372208,True
135600,,Whiz Communications Pte Ltd,broadband,2024-Q1,2024,1,200.53236715942666,146.85753043215865,126.21569562972577,78.01864375814293,31.52877945393344,34.8315,16048,3114,1.7384145416729857,True
16731,,Royal Bank of Canada,broadband,2024-Q1,2024,1,21.79844264834633,10.262215169015688,12.021431649498574,10.29587502103571,310.3228161628103,206.0,11842,3,1.2827956756288321,True
(unknown),,,broadband,2024-Q1,2024,1,79.70808771703568,57.200752563210756,40.60379423734683,8.616210487175872,62.088940034716735,12.0,6345,538,0.6873280325844401,True
132356,,Changi Airport Group (Singapore) Pte Ltd,broadband,2024-Q1,2024,1,21.643743626464857,14.805174308823092,26.334032734284403,16.13055922096435,19.266953928845663,4.0,3907,36,0.4232294126568018,True
4817,,Simba Telecom Pte Ltd,broadband,2024-Q1,2024,1,254.21147092824503,189.15017145953277,176.51434650886205,105.61262477352551,42.73228006635334,65.0,3618,329,0.3919232185800637,True
38258,,Sony - ASN for Asia Pacific,broadband,2024-Q1,2024,1,26.763350175053294,12.964563264339908,12.980008100087536,1.4705176953027188,188.65643549735296,158.283,3596,1087,0.3895400480967134,True
23856,,SPTEL PTE. LTD.,broadband,2024-Q1,2024,1,145.1072298945249,114.51402560770254,60.25566968412488,43.94517728223408,12.293356203007518,4.0,3193,417,0.34588469787897824,True
7472,,NUS Information Technology,broadband,2024-Q1,2024,1,179.85469782339547,160.61431914945763,96.40544227395051,91.75663839195096,9.724706151832459,4.3,3058,691,0.3312606971856923,True
9419,,Nanyang Technological University,broadband,2024-Q1,2024,1,115.99642135906873,126.54319987170399,75.82050233806245,67.34880698687704,7.6374221818181836,3.601,2750,224,0.29789631041878806,True
133466,,Robert Bosch GmbH,broadband,2024-Q1,2024,1,25.711032696534645,16.045356766205018,13.227753140454803,6.440663167262459,5.784957620211899,2.0,2454,20,0.2658318348246203,True
7862,,Chevron Corporation,broadband,2024-Q1,2024,1,19.09465429809471,11.358263210842068,10.65321732744809,1.2335913770112632,286.36009222661403,281.17999999999995,1523,33,0.1649803930064779,True
24467,,Deutsche Bank APAC RHO in Singapore Internet AS,broadband,2024-Q1,2024,1,55.41718084039928,34.36447148394118,17.494332163398386,10.264360231905037,5.378336625514403,2.623,1215,7,0.13161600623957362,True
2559,,VISA INTERNATIONAL SERVICE ASSOCIATION,broadband,2024-Q1,2024,1,22.10605327957268,23.01415787547403,6.534190350673631,6.222510473179212,86.28049600709849,38.193,1127,3,0.12208332430617241,True
4628,,Pacific Internet Pte Ltd,broadband,2024-Q1,2024,1,82.78469257011817,63.713698507254065,34.178951587850165,13.920895684132692,57.32343310875842,6.546,1039,116,0.1125506423727712,True
59134,,PT. Datacomm Diangraha,broadband,2024-Q1,2024,1,86.62742709841625,20.36544573298707,41.33413180217026,2.6759994843990205,12.879179518072288,14.0,830,17,0.0899105227809433,True
38136,,Akari Networks,broadband,2024-Q1,2024,1,175.37028763540278,30.888595023384887,115.57455804043025,20.224315549957822,60.26459037711314,1.238,769,165,0.08330264098619927,True
393559,,"WEBBING USA, INC.",broadband,2024-Q1,2024,1,44.27519386471127,14.721549781844828,26.87482667230143,6.2926758097753135,195.89738389261746,224.04,746,26,0.08081114457178759,True
38862,,TullettPrebon Singapore multihoming ISP connection AS,broadband,2024-Q1,2024,1,46.62399331481245,34.975164832340624,35.26156928957085,6.944735566743331,22.21386910197869,33.673,657,3,0.071170136707325,True
397423,,Tier.Net Technologies LLC,broadband,2024-Q1,2024,1,27.467956968554084,19.37105557979146,19.747970978198378,6.215617975535741,226.90730427892234,217.999,631,112,0.06835366249972918,True
14398,,"Autodesk, Inc.",broadband,2024-Q1,2024,1,21.546342544976167,9.532517543855361,3.6885926340126507,0.16656234589355443,104.78292321116926,81.111,573,10,0.062070758498169294,True
55415,,4 Shenton Way,broadband,2024-Q1,2024,1,37.952034657698746,23.283081721836798,42.558805978566525,17.23919475126209,11.542367383512545,4.025,558,41,0.060445869532248626,True
109,,"CISCO SYSTEMS, INC.",broadband,2024-Q1,2024,1,51.37175064804379,34.01153464706923,27.246997091165944,8.740014480531713,161.25983754512637,176.43099999999998,554,274,0.06001256580800312,True
394984,,"Fragomen, Del Rey, Bernsen & Loewy, LLP",broadband,2024-Q1,2024,1,7.503356252716125,5.611520530345233,6.689262342074819,4.422581680110549,197.51587593984962,206.54700000000003,532,1,0.05762939532465282,True
10024,,LGA International,broadband,2024-Q1,2024,1,113.64511902107677,119.46275633808315,59.910763110763114,69.22461859568652,11.439254237288136,2.985,531,78,0.05752106939359144,True
6364,,"Atlantic.net, Inc.",broadband,2024-Q1,2024,1,80.3397609277755,27.780038235197356,53.997980471291875,4.3014746586542,146.69266601941746,202.671,515,125,0.0557878544966094,True
2047,,Hoffmann - La Roche Ltd.,broadband,2024-Q1,2024,1,40.50608929581498,33.22066914033642,27.80275002018395,16.312148336896254,6.983174168297457,1.423,511,2,0.05535455077236389,True
26496,,"GoDaddy.com, LLC",broadband,2024-Q1,2024,1,58.32071949195963,21.84703150831291,53.729990910289615,2.20573992971881,186.99506981519505,186.418,487,42,0.05275472842689083,True
56094,,ITENET:wq,broadband,2024-Q1,2024,1,263.68118955304084,148.6122150130438,137.44625811778334,113.7970040465911,9.646429824561404,3.9299999999999997,457,20,0.04950495049504951,True
133782,,Elsevier Ltd,broadband,2024-Q1,2024,1,19.276952655486042,15.082483470354259,15.552757401041553,4.953492492589779,177.57062009803923,165.22899999999998,408,3,0.04419697987304201,True
133728,,Chubb Asia Pacific Pte Ltd,broadband,2024-Q1,2024,1,32.26189491109197,22.64143951639012,18.095245365026035,6.948476082438268,21.690819753086423,33.379,405,1,0.04387200207985788,True
49362,,DSV A/S,broadband,2024-Q1,2024,1,15.255799476503276,18.5943310246579,5.4081754539718405,8.398738937983671,87.91738642297649,110.0,383,7,0.04148883159650757,True
55487,,Globalfoundries Singapore Pte Ltd,broadband,2024-Q1,2024,1,83.97956307137908,42.081649728896544,39.62834209225775,7.815943668569716,2.198269633507854,1.8275000000000001,382,5,0.041380505665446196,True
138539,,Jewel Changi Airport Trustee Pte. Ltd.,broadband,2024-Q1,2024,1,24.31339310286117,18.74271301478466,20.680041702379313,10.335244244981666,5.47642328042328,4.0,378,64,0.04094720194120068,True
138345,,StarHub Ltd,broadband,2024-Q1,2024,1,38.103935908037215,7.705276268453297,19.211682769493347,1.9327259333373612,54.34355882352943,17.4595,375,253,0.04062222414801655,True
62654,,"MENLO SECURITY, INC.",broadband,2024-Q1,2024,1,998.7070420486564,839.4230101242997,954.6892638355683,871.9270953415248,3.1476900269541783,3.0,371,33,0.04018892042377104,True
24545,,HKTEL,broadband,2024-Q1,2024,1,8.939953113873278,2.141769853609316,6.764575443595375,1.5698605336716014,200.6265116959064,164.9155,343,70,0.037155794354052474,True
135409,,Kacific Broadband Satellites Pte Ltd,broadband,2024-Q1,2024,1,5.940022667329976,1.5566543063562899,6.031602962215031,1.2059714774567472,58.86236176470589,52.704,340,55,0.03683081656086834,True
136975,,Global Technology,broadband,2024-Q1,2024,1,8.533385588419513,18.02009344679388,7.119714337779089,11.669654223032248,76.35121921921923,75.619,333,13,0.0360725350434387,True
131195,,SIM Headquarters,broadband,2024-Q1,2024,1,135.4611627555773,191.53716498069574,96.93643947837889,162.64882852982842,28.363252559726966,5.223,293,13,0.0317394978009836,True
24482,,SG.GS,broadband,2024-Q1,2024,1,115.38005960494107,5.67336943610504,56.93713926262361,1.5355881092034944,1.3284158075601373,0.859,291,10,0.031522845938860844,True
38055,,ACE Insurance Singapore,broadband,2024-Q1,2024,1,31.513946193756947,19.04822868814478,22.064481085042008,6.9348430323005354,27.18042049469964,33.753,283,4,0.030656238490369823,True
134078,,NETPLUZ HOLDINGS PRIVATE LIMITED,broadband,2024-Q1,2024,1,97.62872653859871,68.8265075016671,47.188174101921575,43.4299526067109,8.747406474820142,4.398,278,99,0.030114608835062937,True
131475,,Singapore Institute of Technology,broadband,2024-Q1,2024,1,94.27499671541122,94.15392101761779,81.77071225384466,84.67227691318108,8.26598916967509,4.314,277,23,0.03000628290400156,True
4913,,"Speedcast Communications, Inc",broadband,2024-Q1,2024,1,1.0568896573180515,0.3966011444082823,0.7673518890576763,0.17318987847819511,226.50624723247233,236.817,271,18,0.029356327317633296,True
8220,,COLT Technology Services Group Limited,broadband,2024-Q1,2024,1,105.37574933338703,57.402887753572415,35.684634378821485,13.57050222123334,21.18622846441948,4.524,267,53,0.028923023593387786,True
23767,,A-STAR,broadband,2024-Q1,2024,1,207.40119866524114,169.3878264972314,127.74693094957793,87.35410462419927,17.9202084942085,3.84,259,69,0.028056416144896765,True
55919,,20 Dover Drive Singapore 138682,broadband,2024-Q1,2024,1,236.36772097810902,257.0403854448464,167.45406847206547,184.30565951209044,11.125046511627907,3.6685,258,4,0.02794809021383539,True
35163,,Procter & Gamble Service GmbH,broadband,2024-Q1,2024,1,134.4212291820345,112.599610931305,110.38114352978256,74.43206855507927,121.84351778656126,117.96,253,10,0.027406460558528502,True
136873,,MEGADATA-ISP,broadband,2024-Q1,2024,1,4.443064616824442,5.913210159006689,3.288160360348392,3.8883472244692507,31.834067460317467,19.0,252,11,0.02729813462746712,True
174,Cogent,"Cogent Communications, LLC",broadband,2024-Q1,2024,1,10.111930425921315,13.442078895756142,6.641351886136091,3.2330199028161752,131.85352968036528,61.025,219,11,0.023723378902441666,True
46559,,ZGX US LLC,broadband,2024-Q1,2024,1,9.467219030767023,2.4359494789838942,7.365626099370265,1.1475534935842782,179.59218181818187,138.621,209,106,0.022640119591827892,True
3300,,British Telecommunications Limited,broadband,2024-Q1,2024,1,58.380901652549426,33.164860906138195,32.3227927753452,6.704298920578121,77.91853,59.106,201,9,0.021773512143336872,True
9877,,Ngee Ann Polytechnic Computer Center,broadband,2024-Q1,2024,1,52.27722893857143,31.51629733701921,28.25667975908205,18.897636781107128,2.0693333333333332,1.584,198,4,0.02144853435015274,True
44356,,Epsilon Telecommunications Ltd,broadband,2024-Q1,2024,1,16.668964127688763,7.456740077235423,13.496942100175819,1.2658416230474152,351.6573191489361,331.5825,188,5,0.020365275039538965,True
2687,,"AT&T Enterprises, LLC",broadband,2024-Q1,2024,1,18.259635720313987,4.683668584537477,8.110696583557422,0.7929558041849236,138.6570107526882,125.414,186,4,0.02014862317741621,True
137991,,Lifeway Singapore Pte. Ltd.,broadband,2024-Q1,2024,1,78.63876800337282,76.62589794654869,50.776380870246676,48.74178449033665,6.729926553672316,6.187,177,10,0.019173689797863814,True
41378,,Kirino LLC,broadband,2024-Q1,2024,1,261.25705344619905,31.646979039141783,140.06095423705415,29.964491474567904,39.11808139534884,7.034000000000001,172,13,0.018632060142556927,True
7473,,Singapore Telecommunications Ltd,broadband,2024-Q1,2024,1,55.17768351811097,73.27701259633383,12.018643289079867,4.503276747050927,212.20613664596274,182.0,161,11,0.017440474900881773,True
141469,,Cargill Asia Pacific Holdings Pte Ltd,broadband,2024-Q1,2024,1,61.36966267779733,24.983853433077417,27.731788502994505,9.434397822262593,22.68195,32.64,160,4,0.017332148969820396,True
14762,,"AMGEN, Inc.",broadband,2024-Q1,2024,1,10.586715769388139,26.788003403087984,5.624886840951351,6.747558142025419,69.19585806451613,2.056,155,2,0.01679051931451351,True
3356,,"Level 3 Parent, LLC",broadband,2024-Q1,2024,1,152.90452932603375,80.71390134235979,67.63299299457123,15.627054138951582,52.80230405405407,5.901,148,18,0.016032237797083865,True
15224,,Adobe Inc.,broadband,2024-Q1,2024,1,61.27465357242758,47.06679408130073,64.49129026536224,59.22140474648813,80.94935616438356,81.2705,146,1,0.015815585934961112,True
137220,,"Texas Instruments, Inc",broadband,2024-Q1,2024,1,24.227778300751016,21.187914261902723,17.23975527120966,5.482784379356379,78.68302941176471,51.2935,136,2,0.014732326624347336,True
18723,,Seagate Technology LLC,broadband,2024-Q1,2024,1,92.24492721789726,72.04192662969149,67.76913286907696,58.24797016177306,100.66030075187972,86.634,133,7,0.014407348831163205,True
714,,Apple Inc.,broadband,2024-Q1,2024,1,95.29493876036027,89.95780820091323,83.86524334567096,81.8704022437733,7.61124427480916,4.59,131,87,0.01419069696904045,True
2906,,Netflix Streaming Services Inc.,broadband,2024-Q1,2024,1,38.11648078707258,15.121996902744621,19.327791262956858,2.7024358289287935,296.33737096774195,367.39549999999997,124,28,0.013432415451610807,True
38481,,JPMORGAN Singapore,broadband,2024-Q1,2024,1,464.2345281393957,284.9319952999935,428.4765313046112,286.4531080745156,10.90440650406504,2.588,123,3,0.013324089520549429,True
29990,,Xandr Inc.,broadband,2024-Q1,2024,1,22.231265009474434,11.47038492707486,7.004183423119131,2.900446916341095,195.50811666666667,136.94,120,5,0.012999111727365297,True
56043,,PEPSICO INTERNATIONAL PTE. LTD.,broadband,2024-Q1,2024,1,22.79382623590355,13.381024394770813,20.84647158907424,9.157613423823733,6.08789075630252,2.33,119,2,0.012890785796303919,True
17733,,Office of Communications & IT,broadband,2024-Q1,2024,1,136.12034445747028,112.63458869450854,76.14329672791125,44.21685373869329,31.72109243697479,7.129,119,11,0.012890785796303919,True
131217,,8 Kallang Sector,broadband,2024-Q1,2024,1,43.65709194636657,47.088791907726424,29.165753660597495,33.488290952812704,19.254974576271188,4.0275,118,2,0.012782459865242542,True
9255,,Singapore Telecom,broadband,2024-Q1,2024,1,11.801623514645243,11.178611415188323,7.034419554523615,3.0627668061462545,48.62295575221239,35.421,113,20,0.012240830209935655,True
32537,,Xilinx Incorporated,broadband,2024-Q1,2024,1,86.4302139559992,47.98372707909484,58.52066361400776,5.158885166198594,85.94654867256638,62.727,113,6,0.012240830209935655,True
142594,,SpeedyPage Ltd,broadband,2024-Q1,2024,1,124.04093798769732,157.75046595198626,41.688540171308865,6.52323769148419,5.60391891891892,1.254,111,16,0.0120241783478129,True
6279,,PCCW Global (HK) Ltd.,broadband,2024-Q1,2024,1,12.34599232360157,3.2052342548802484,10.56691557849864,2.1493939644952933,267.3438333333333,153.1285,108,3,0.011699200554628766,True
17645,,ASN - NTT SINGAPORE PTE LTD,broadband,2024-Q1,2024,1,59.32202874133079,45.24656543257674,33.76796397769696,11.774064826594243,52.72902803738318,3.507,107,17,0.01159087462356739,True
11158,,"NTT America, Inc.",broadband,2024-Q1,2024,1,44.80749398774972,29.98158417979954,26.456870549091963,21.949315666896737,85.43833333333333,57.596,105,9,0.011374222761444635,True
14114,,SAP America Inc.,broadband,2024-Q1,2024,1,645.1457396976981,204.0342183827084,640.1398009422999,13.409990942163944,34.174333333333344,33.019999999999996,102,10,0.011049244968260503,True
14593,Starlink,Space Exploration Technologies Corporation,broadband,2024-Q1,2024,1,77.27527584415687,7.669884765877557,60.95654876859789,6.5678178618367795,55.540737373737365,50.431,99,6,0.01072426717507637,False
56197,,KDDI ASIA PACIFIC PTE. LTD.,broadband,2024-Q1,2024,1,67.8334776805642,20.995552241063873,61.899134366366475,8.355839459873533,18.378,3.912,99,6,0.01072426717507637,False
138610,,SAP SE,broadband,2024-Q1,2024,1,19.74375872302861,7.350051545357141,7.821137418777099,1.8595378205208652,171.53591666666662,174.7545,96,37,0.010399289381892237,False
400190,,Freeport-McMoRan Inc.,broadband,2024-Q1,2024,1,24.95613209174801,20.29073586128177,14.631518871815645,6.737209297242792,122.13426881720432,132.933,93,17,0.010074311588708106,False
17617,,Nanyang Polytechnic,broadband,2024-Q1,2024,1,84.85645260551529,90.77911883167239,79.5043330941653,84.52953005542236,6.1427634408602145,3.773,93,2,0.010074311588708106,False
394161,,"Tesla Motors, Inc.",broadband,2024-Q1,2024,1,36.40816150542609,17.66649388190355,30.565154536928727,2.035411399255942,269.427054347826,281.98400000000004,92,13,0.009965985657646727,False
6453,,TATA COMMUNICATIONS (AMERICA) INC,broadband,2024-Q1,2024,1,52.479695411773555,46.332607847731765,25.31195525942759,15.723756525968675,114.04856818181815,82.9575,88,10,0.009532681933401217,False
20868,,ABB Information Systems Ltd,broadband,2024-Q1,2024,1,16.714720288735478,11.12148624157398,11.113033966969192,2.168973750329547,337.54917045454545,379.7305,88,2,0.009532681933401217,False
3573,,Accenture LLP,broadband,2024-Q1,2024,1,32.69120664455845,25.30555001978008,4.96406700424226,3.140901770772971,121.53090697674418,80.09450000000001,86,18,0.009316030071278463,False
10794,,"Bank of America, National Association",broadband,2024-Q1,2024,1,33.5891446966658,38.613699169253415,8.125915966378045,6.247251234344356,32.98312790697674,32.756,86,1,0.009316030071278463,False
137268,,CBRE Pty Limited,broadband,2024-Q1,2024,1,27.459514561643445,14.524135830401878,18.171658321284944,0.9920958837836319,192.65098837209302,161.1275,86,1,0.009316030071278463,False
3257,,GTT Communications Inc.,broadband,2024-Q1,2024,1,23.061918644150587,18.43924618717295,6.917155144230197,3.9154839159974872,153.0157619047619,34.618,84,6,0.009099378209155708,False
135607,Infinivan,Infinivan Incorporated,broadband,2024-Q1,2024,1,131.20562544354274,97.07889438718308,20.76086181022191,68.5678320801396,78.49246987951808,60.517,83,3,0.00899105227809433,False
134981,,UBER SINGAPORE TECHNOLOGY PTE. LTD,broadband,2024-Q1,2024,1,54.1524173846038,53.821055686864256,55.04921561796409,33.35285804891564,162.4812911392405,183.729,79,32,0.00855774855384882,False
23728,,Republic Polytechnic. Multihoming AS Singapore,broadband,2024-Q1,2024,1,147.69747738701707,131.81674656436545,152.41751065723614,143.6361283768109,15.484279999999996,4.492,75,10,0.008124444829603311,False
5580,,GTT Communications Netherlands B.V.,broadband,2024-Q1,2024,1,14.66707648947704,8.679473786899578,9.672523810383957,2.8978047927322024,239.14333783783783,240.368,74,4,0.008016118898541933,False
10100,,UBS Group AG,broadband,2024-Q1,2024,1,106.44241820620891,72.06961735436379,82.50315835366588,67.41021444593437,59.400547945205474,60.843,73,4,0.007907792967480556,False
15412,,Flag Telecom UK Limited,broadband,2024-Q1,2024,1,25.832065591468726,7.857051466209134,21.725106653377008,3.9154759138116493,53.35261643835616,35.765,73,3,0.007907792967480556,False
8444,,JANUS HENDERSON ADMINISTRATION UK LIMITED,broadband,2024-Q1,2024,1,27.232446785527905,31.350436530941966,10.291874517316753,3.5549280237207035,1.1504411764705882,0.8979999999999999,68,1,0.007366163312173668,False
205080,,Societe Internationale de Telecommunications Aeronautiques,broadband,2024-Q1,2024,1,69.68455218443991,44.64793676444593,9.374785796589048,1.526387271439677,124.09847058823529,102.309,68,23,0.007366163312173668,False
135066,,Schroders Investment Management (Singapore) Limited,broadband,2024-Q1,2024,1,27.30742816049491,18.934857718156465,13.736812570158241,10.672894091609587,91.27871212121211,88.6445,66,2,0.007149511450050913,False
133125,,PG Lion ReSources Aust Pty Ltd,broadband,2024-Q1,2024,1,95.1705965441659,5.911042229027649,126.93341531263506,2.750495468488204,171.2424696969697,124.742,66,3,0.007149511450050913,False
24012,,Refinitiv Australia PTY Limited,broadband,2024-Q1,2024,1,33.177427243580105,27.533998399798595,24.093533478983986,15.165689090653812,159.70001538461537,153.003,65,10,0.0070411855189895355,False
51847,,Nearoute Limited,broadband,2024-Q1,2024,1,92.58291079530854,31.898684650864013,59.24874693566815,12.872205126522143,4.883354838709679,0.8095,62,12,0.006716207725805404,False
33619,,"Advanced Micro Devices, Inc.",broadband,2024-Q1,2024,1,169.45810262831884,120.80049424835157,32.55057567120295,8.276918188801757,101.1976964285714,88.8615,56,2,0.006066252139437138,False
40339,,Jump Trading LLC,broadband,2024-Q1,2024,1,42.217980407917686,39.1688769616234,9.694816475426233,7.118495606957421,1.116418181818182,0.727,55,2,0.005957926208375761,False
63916,,IPTELECOM Global,broadband,2024-Q1,2024,1,125.15816167402662,41.85865891188489,110.32806309328699,41.73938330424668,36.854927272727274,36.367,55,2,0.005957926208375761,False
13778,,Johnson & Johnson,broadband,2024-Q1,2024,1,165.4473340038191,168.51468046070445,160.24285682801076,148.78399223867086,61.40148,67.5715,50,11,0.005416296553068874,False
23766,,"Electronic Arts, Singapore",broadband,2024-Q1,2024,1,38.82162674356509,20.480270300896,26.162259988578942,3.066713092841216,173.1546875,152.8775,48,1,0.005199644690946119,False
138699,,TIKTOK PTE. LTD.,broadband,2024-Q1,2024,1,49.249421606140665,27.73256839757656,20.37878175367865,6.730261990450147,123.7695319148936,83.081,47,28,0.005091318759884741,False
45133,,Singapore Polytechnic,broadband,2024-Q1,2024,1,211.55675030631764,248.4564334057949,88.11269162905447,69.40447219365474,24.045434782608698,19.156,46,11,0.0049829928288233636,False
17350,,Moody's Corp.,broadband,2024-Q1,2024,1,105.08616238352558,111.15359829910267,85.54570725704059,4.1822350869901825,114.06542222222221,90.475,45,5,0.004874666897761986,False
133587,,Bain and Company,broadband,2024-Q1,2024,1,55.78165919465798,8.485721860020615,46.96109986015075,0.08870222044540103,143.8897619047619,139.45,42,1,0.004549689104577854,False
140443,,PT Herza Digital Indonesia,broadband,2024-Q1,2024,1,26.715768303360473,7.5670649086927755,24.36507596229354,1.2354151205219743,104.2832619047619,166.0,42,7,0.004549689104577854,False
137003,,INSEAD,broadband,2024-Q1,2024,1,133.95506351767102,96.923663360166,108.1368493060688,40.32503629619561,4.958658536585366,3.443,41,1,0.004441363173516477,False
15695,,Expereo International BV,broadband,2024-Q1,2024,1,46.36315044762375,34.94752755465092,39.42411209348995,18.65670908101047,83.1358048780488,61.308,41,7,0.004441363173516477,False
56039,,SPH Media Limited,broadband,2024-Q1,2024,1,336.1386992619472,284.3443854556336,164.29505764581955,108.68064536322431,11.746150000000002,3.4139999999999997,40,7,0.004333037242455099,False
395592,,Ericsson Inc.,broadband,2024-Q1,2024,1,80.60618739977475,68.1349191041921,91.00906715266609,7.183354537851991,191.66842499999998,206.6695,40,2,0.004333037242455099,False
7246,,Bristol-Myers Squibb Company,broadband,2024-Q1,2024,1,67.90825050626393,51.90949563159586,11.567528748418725,31.31698020490594,154.59887179487183,213.995,39,2,0.0042247113113937215,False
24182,,Interpublic GIS,broadband,2024-Q1,2024,1,121.80656282290865,96.56343012005122,88.43165790865008,33.57086881770021,44.92374358974358,23.624,39,1,0.0042247113113937215,False
4637,,Telstra Global,broadband,2024-Q1,2024,1,79.04074759867063,65.56803265721607,37.07131266388053,7.976945895092543,121.78594736842105,149.5,38,6,0.004116385380332344,False
59326,,DSO National Laboratories,broadband,2024-Q1,2024,1,94.71426212341578,55.947058451000615,95.00837321763188,47.17300770257369,1.9995526315789476,1.858,38,7,0.004116385380332344,False
133426,,Northtelecom PTE LTD,broadband,2024-Q1,2024,1,1.079290648396938,0.4087675798783682,0.984167131637036,0.23423669660908328,108.47152631578946,112.663,38,17,0.004116385380332344,False
38321,,DOCOMO interTouch - Headquarter,broadband,2024-Q1,2024,1,47.6648141311354,32.25591264521031,59.094725079196486,42.23309745946942,59.279459459459474,3.679,37,1,0.004008059449270966,False
13014,,Hewlett Packard France S.A.S.,broadband,2024-Q1,2024,1,24.587198230234154,21.75631774448198,13.005909717359405,0.8809196139723583,247.17245945945945,119.984,37,9,0.004008059449270966,False
137904,,Black & Veatch (SEA) PTE LTD,broadband,2024-Q1,2024,1,55.42947485392124,35.507955865907775,31.022615997062687,4.565310756716947,132.92316666666665,110.369,36,2,0.003899733518209589,False
139636,,WORKDAY AUSTRALIA PTY LTD,broadband,2024-Q1,2024,1,49.36568989427923,34.687836462170125,27.228146970592917,27.424847926408113,62.2095,20.2125,36,1,0.003899733518209589,False
139883,,SPTEL PTE. LTD.,broadband,2024-Q1,2024,1,62.75656680716213,53.30600986386103,12.796174361460114,5.242386470239915,4.956657142857143,4.89,35,5,0.0037914075871482117,False
58521,,Garena Online Pte Ltd,broadband,2024-Q1,2024,1,16.023920548264925,6.1116161887449305,15.647215699985983,3.7879612801912694,135.50326470588237,92.686,34,3,0.003683081656086834,False
4058,,CITIC Telecom International CPC Limited,broadband,2024-Q1,2024,1,74.9025607100001,80.69073239574553,51.25810372463481,58.048463427831,23.68675,4.99,32,9,0.003466429793964079,False
150436,,Byteplus Pte. Ltd.,broadband,2024-Q1,2024,1,8.369972947782584,4.256568662831285,8.559057596611543,4.570115299290032,105.51619354838711,102.276,31,3,0.003358103862902702,False
212238,,Datacamp Limited,broadband,2024-Q1,2024,1,139.08453850040553,28.512144842666437,98.65439250258783,26.902671886605688,141.3767,61.0,30,11,0.0032497779318413243,False
3918,,Shell Information Technology International B.V.,broadband,2024-Q1,2024,1,46.42865964341067,37.66411195594048,33.90907361548947,30.912814705787945,161.06296551724142,89.882,29,1,0.0031414520007799467,False
60142,,NXP Semiconductors Netherlands B.V.,broadband,2024-Q1,2024,1,54.35138242442859,40.98437137362572,63.21175009871528,18.86566015801177,101.10086206896553,72.471,29,2,0.0031414520007799467,False
134457,,BMC Software Asia Pacific Pte Ltd,broadband,2024-Q1,2024,1,17.11475515111112,9.053396394481199,8.964748265683152,0.9005915886421011,92.42610344827584,67.738,29,1,0.0031414520007799467,False
3549,,"Level 3 Parent, LLC",broadband,2024-Q1,2024,1,46.23166277217628,21.15100225159237,25.164708548190006,2.5488066310419017,44.9645,3.255,28,5,0.003033126069718569,False
203554,,Louis Vuitton Malletier SA,broadband,2024-Q1,2024,1,39.67802442392124,12.647297306954949,30.785363113312954,10.212981430044742,174.9671785714286,178.2605,28,9,0.003033126069718569,False
1828,,Unitas Global,broadband,2024-Q1,2024,1,132.40317477483418,143.8259574093251,129.43926970613137,102.0024644257651,38.259,38.862,26,1,0.0028164742075958145,False
4800,,PT Aplikanusa Lintasarta,broadband,2024-Q1,2024,1,4.048697232461122,3.8719958272972734,0.9709178414859692,0.30927082477086587,503.02592307692305,571.7335,26,9,0.0028164742075958145,False
3561,,"CenturyLink Communications, LLC",broadband,2024-Q1,2024,1,9.810043865817141,7.57795725414253,2.464195204947795,5.5232316801802295,167.44819999999999,226.281,25,2,0.002708148276534437,False
139829,,RigNet Pte Ltd,broadband,2024-Q1,2024,1,1.8665752889540845,0.6502929923544942,1.3523507790585636,0.2861522191120672,765.1069200000001,729.143,25,2,0.002708148276534437,False
16669,,Applied Materials,broadband,2024-Q1,2024,1,231.84387352892304,136.2928456766993,200.49843208762644,63.537260089159666,9.731,4.149,25,2,0.002708148276534437,False
13443,,LinkedIn Corporation,broadband,2024-Q1,2024,1,87.00676943933306,69.63923122415027,61.60498755261825,2.845910517668776,156.01736000000002,116.201,25,13,0.002708148276534437,False
38166,,Standard Chartered Bank (Hong Kong) Limited.Banking and,broadband,2024-Q1,2024,1,51.43781237180539,46.28424847660892,33.98310080644955,16.31848102906289,19.586374999999997,8.211,24,4,0.0025998223454730593,False
56308,,"TELEKOMUNIKASI INDONESIA INTERNATIONAL, PTE.LTD",broadband,2024-Q1,2024,1,21.55450188073914,6.22345408881689,21.6028458772378,3.3157267850657774,5.939608695652175,2.752,23,4,0.0024914964144116818,False
138199,,Transatel,broadband,2024-Q1,2024,1,48.61927729521344,9.169569896489604,51.563183788697124,7.968562346909074,128.7382608695652,96.285,23,2,0.0024914964144116818,False
54092,,"DRW Holdings, LLC",broadband,2024-Q1,2024,1,194.4017607524708,53.32938917832081,45.501614149733456,26.964336589129875,53.988136363636364,36.405,22,1,0.0023831704833503042,False
7700,,SINGAPORE TELECOMMUNICATIONS LTD,broadband,2024-Q1,2024,1,2.275511104111341,0.3370296672848215,0.7792133360284245,0.14638317514675586,413.24928571428575,211.896,21,5,0.002274844552288927,False
64086,,Australia and New Zealand Banking Group Limited (ANZ),broadband,2024-Q1,2024,1,35.99330097347032,56.55344015107101,28.392554510512724,48.22669801817131,132.25752380952383,79.807,21,2,0.002274844552288927,False
28939,,ARM Ltd,broadband,2024-Q1,2024,1,46.000565853682126,33.87631160812121,40.24414753296223,5.068465910142024,196.00914285714285,162.737,21,2,0.002274844552288927,False
13167,,Merck KGaA,broadband,2024-Q1,2024,1,30.220676728623793,23.535512922008806,29.51520393459193,25.316825055613243,42.150666666666666,36.004,21,1,0.002274844552288927,False
133600,,ESSEC,broadband,2024-Q1,2024,1,41.851716273534464,11.977581078379721,39.79916168707751,11.860719305678366,6.675571428571429,5.145,21,3,0.002274844552288927,False
54201,,We Link Networks LLC,broadband,2024-Q1,2024,1,119.11171905396209,127.38592216570085,52.631813023266254,47.026365273304506,3.384150000000001,3.0,20,17,0.0021665186212275495,False
140693,,The Walt Disney Company (HK) Ltd,broadband,2024-Q1,2024,1,280.878516690547,237.70945600297526,42.29404424798913,5.676350795245895,53.32845,60.061,20,4,0.0021665186212275495,False
6461,,Zayo Bandwidth,broadband,2024-Q1,2024,1,50.87855149836654,22.174998023262635,50.321249422324314,10.559751984979957,148.3094,154.97050000000002,20,5,0.0021665186212275495,False
141760,,Mercedes-Benz Singapore Pte. Ltd.,broadband,2024-Q1,2024,1,14.986313747414075,2.7041811933493345,1.0205859801338093,0.6765674705294104,62.02115789473683,37.979,19,9,0.002058192690166172,False
134839,,PropertyGuru Pte Ltd,broadband,2024-Q1,2024,1,180.1819527723999,3.0961541212220616,221.418704974316,1.2184461063260932,59.14747368421051,31.274,19,7,0.002058192690166172,False
23703,,"RigNet, Communication to remote locations in Asia/Pacific.",broadband,2024-Q1,2024,1,0.8653307507427437,0.6289696236981729,0.37941917606593817,0.4054613916377795,427.3375789473684,518.0,19,5,0.002058192690166172,False
135525,,"Exoduspoint Capital Management Singapore, Pte. Ltd.",broadband,2024-Q1,2024,1,323.2560930451708,244.81974346038587,282.9525656373506,41.107882475121706,228.02626315789473,34.841,19,1,0.002058192690166172,False
2914,,"NTT America, Inc.",broadband,2024-Q1,2024,1,97.04174929770016,129.20608450319074,24.149323838300397,8.662963248628259,97.69216666666667,4.4725,18,4,0.0019498667591047944,False
19637,,Avago Technologies U.S. Inc.,broadband,2024-Q1,2024,1,127.18313284904768,129.31729339858524,93.39851791597218,78.4129304725027,58.95823529411765,5.141,17,1,0.001841540828043417,False
13431,,"Millennium Partners, L.P.",broadband,2024-Q1,2024,1,101.54973492282379,84.01132732762913,129.93814248259613,32.60794651581682,107.30370588235293,40.434,17,1,0.001841540828043417,False
393954,,CFN Services Inc.,broadband,2024-Q1,2024,1,50.748265180478526,30.213924527445055,69.69255898909775,29.21072142532073,41.9738125,36.4985,16,2,0.0017332148969820395,False
45597,,POINT72 ASIA,broadband,2024-Q1,2024,1,71.76515118650624,40.48729053298909,37.0651373319132,6.587785653443721,54.49756250000001,42.206,16,1,0.0017332148969820395,False
21509,,"Apollo Management, L.P.",broadband,2024-Q1,2024,1,17.804214411410452,8.576082248145166,10.992685631099675,5.623064703890721,26.660625000000003,1.2149999999999999,16,1,0.0017332148969820395,False
136513,,FILINVEST BUSINESS SERVICES CORPORATION,broadband,2024-Q1,2024,1,30.629050156143865,34.69966862754451,28.242827553058632,45.55079692648781,193.4096875,187.772,16,4,0.0017332148969820395,False
27399,,Balyasny Asset Management L.P.,broadband,2024-Q1,2024,1,6.568297933076136,10.29083397496041,3.3889119920478397,7.755977702409584,111.29726666666667,74.677,15,1,0.0016248889659206621,False
151338,,POLONETWORK LIMITED,broadband,2024-Q1,2024,1,156.29523575688376,27.684017326739017,131.57015455017975,33.15324239273033,0.7236666666666666,0.796,15,5,0.0016248889659206621,False
132850,,TS Global Network Sdn. Bhd.,broadband,2024-Q1,2024,1,0.9712806406832587,0.6644474513229459,0.5912786705240369,0.4215118903924613,103.58642857142857,10.7485,14,4,0.0015165630348592846,False
63981,,NTDKL,broadband,2024-Q1,2024,1,12.314739339915262,7.576200303539181,8.028371216668894,4.612885057669412,83.76242857142857,70.3605,14,4,0.0015165630348592846,False
206720,,AIRBUS SAS,broadband,2024-Q1,2024,1,29.50900643360978,52.67641771733725,30.580876409965917,67.55046722916029,8.871538461538462,6.624,13,2,0.0014082371037979072,False
29207,,"Takeda Pharmaceuticals U.S.A., Inc.",broadband,2024-Q1,2024,1,6.078781996379596,4.539299229301261,6.4705615461815205,4.762122815988411,209.61253846153846,215.45,13,3,0.0014082371037979072,False
23154,,Sanmina-SCI Corporation,broadband,2024-Q1,2024,1,80.84032895335756,71.11416050107233,119.612601499188,100.48889595526583,3.7443076923076926,3.56,13,1,0.0014082371037979072,False
56173,,internet content provider,broadband,2024-Q1,2024,1,89.15184046388259,54.96158719035072,47.82420843979341,12.542739484447488,66.27307692307691,53.507,13,9,0.0014082371037979072,False
1248,,HERE Global BV,broadband,2024-Q1,2024,1,127.13306645614603,117.98803235300699,88.95290428807935,0.08845369237046104,103.01308333333333,62.334500000000006,12,4,0.0012999111727365297,False
134407,,MediaCorp Pte Ltd,broadband,2024-Q1,2024,1,262.70410653358914,128.53345717166695,201.11423202115327,93.96556532125373,4.109666666666666,4.4325,12,6,0.0012999111727365297,False
22764,,"Fluor Enterprises, Inc.",broadband,2024-Q1,2024,1,34.41742605776023,24.521611474709147,17.36883242608513,7.171657467231669,220.72150000000002,138.04,12,2,0.0012999111727365297,False
211407,,AS Perwira Media,broadband,2024-Q1,2024,1,5.705004089556456,3.476609551631396,6.736965882611434,4.446058298886149,40.46183333333334,25.136,12,1,0.0012999111727365297,False
45530,,Agoda Company Pte. Ltd.,broadband,2024-Q1,2024,1,706.6173658190792,712.3826709880507,667.8091437041396,731.6471211350761,19.642636363636367,30.812,11,1,0.0011915852416751521,False
7138,,"Encompass Digital Media, LLC",broadband,2024-Q1,2024,1,708.3261159187,597.9667142837525,841.9603901411292,591.2479822080712,2.051909090909091,2.054,11,2,0.0011915852416751521,False
64003,,8 Anthony Road,broadband,2024-Q1,2024,1,37.32326648755915,36.272100710325525,35.35198951045035,41.29213657058527,14.534454545454544,3.0,11,2,0.0011915852416751521,False
132242,,Hogarth Worldwide Pte,broadband,2024-Q1,2024,1,540.9352860335871,329.1864255328257,434.29249329775945,250.87646238857968,16.6228,2.073,10,2,0.0010832593106137748,False
138341,,SHOPEE SINGAPORE PRIVATE LIMITED,broadband,2024-Q1,2024,1,217.64440234159082,179.28747767463895,206.7323898814836,129.33924554591619,30.001700000000007,31.188,10,2,0.0010832593106137748,False
34414,,Nokia APAC,broadband,2024-Q1,2024,1,31.866560019850375,16.288979658801903,20.10245088813894,4.465858185315633,67.40780000000001,7.8935,10,2,0.0010832593106137748,False
9664,,SOUTHEAST ASIA TELECOM(SG) PTE. LTD.,broadband,2024-Q1,2024,1,74.14885967775831,20.101080975524116,90.74796820509512,17.548692483634607,32.904714285714284,1.314,7,6,0.0007582815174296423,False
139062,,Synamedia Asia Private Ltd,broadband,2024-Q1,2024,1,183.0091008356791,90.64143295309552,193.91956598716828,124.21814741852582,11.153999999999998,2.592,7,4,0.0007582815174296423,False
16509,,"Amazon.com, Inc.",broadband,2024-Q1,2024,1,5.774091708372203,0.46276135514530986,0.36255672661957256,0.08853212871444545,58.174571428571426,61.023,7,3,0.0007582815174296423,False
18725,,PVH Corp.,broadband,2024-Q1,2024,1,21.884125719904482,51.362815281229835,17.955695168061666,43.717077417361274,186.87328571428571,209.649,7,1,0.0007582815174296423,False
24331,,eBay Inc ASIA ASN eCommerce San Jose,broadband,2024-Q1,2024,1,7.2673674018138446,3.5093730215271144,5.221413983166872,0.08214166072505348,218.25900000000001,223.95,7,1,0.0007582815174296423,False
212336,,ByteVirt LLC,broadband,2024-Q1,2024,1,35.97032978722336,0.18256030071899432,0.9382547020927207,0.13284139431661787,43.786142857142856,30.965,7,2,0.0007582815174296423,False
140362,,DIGISIGMA PTE. LTD.,broadband,2024-Q1,2024,1,70.30915555158978,17.50645939662669,69.11749216798273,1.6751089743423093,102.8532857142857,36.758,7,6,0.0007582815174296423,False
133391,,SYSNETPRO SOLUTION PTE LTD,broadband,2024-Q1,2024,1,71.86862735798503,53.912457833509706,27.915017419743528,29.10643062576787,59.730333333333334,81.4675,6,1,0.0006499555863682648,False
46078,,Dimension Data AP Kaki Bukit Singapore,broadband,2024-Q1,2024,1,44.596961741438236,18.476420980295273,38.27960016400448,8.862022238113271,47.28383333333334,39.436,6,1,0.0006499555863682648,False
3911,,"Micron Technology, Inc.",broadband,2024-Q1,2024,1,90.97996049718743,72.90158191753058,91.97974387583213,88.36657186856263,67.4585,39.614999999999995,6,2,0.0006499555863682648,False
11911,,The Bank of New York Mellon Corporation,broadband,2024-Q1,2024,1,633.5707358951892,560.227727458879,744.2836122072176,664.5964577030637,2.318,2.165,6,1,0.0006499555863682648,False
18186,,Nebula Global LLC,broadband,2024-Q1,2024,1,7.958940483921704,3.1978814465384215,10.365307071505146,2.9815636083977566,37.035833333333336,37.5285,6,3,0.0006499555863682648,False
134835,,Starry Network Limited,broadband,2024-Q1,2024,1,25.391849257183114,13.898450148007385,17.40710005818896,3.522296048955493,1.0508333333333333,0.9530000000000001,6,5,0.0006499555863682648,False
19773,,"Motorola, Inc.",broadband,2024-Q1,2024,1,56.24489584635358,64.4555237587557,58.23504689171183,95.15565215687012,44.27883333333333,46.6095,6,5,0.0006499555863682648,False
17978,,SERVCORP AUSTRALIAN HOLDINGS LTD,broadband,2024-Q1,2024,1,162.8188107012834,130.24003658073306,172.13199446977688,135.26381110642455,17.31416666666667,16.743,6,3,0.0006499555863682648,False
139028,,Singapore Technologies Engineering Ltd,broadband,2024-Q1,2024,1,65.37673271042652,73.21691155919358,41.34605858522505,85.26630034186826,20.5612,1.964,5,2,0.0005416296553068874,False
10122,,NETSTAR (SG) PTE. LTD.,broadband,2024-Q1,2024,1,10.924589704290188,14.297787065063451,11.645848304108494,12.0874441044787,77.7636,46.769,5,4,0.0005416296553068874,False
63526,,Systems Solutions & development Technologies Limited,broadband,2024-Q1,2024,1,2.9052109229307943,0.40073231424269046,1.3212394841712662,0.30197650908058227,115.92580000000001,122.392,5,2,0.0005416296553068874,False
35908,,Krypt Technologies,broadband,2024-Q1,2024,1,11.084515698781866,19.30336443829695,3.860455460283236,2.6939083121163483,126.38799999999999,176.648,5,3,0.0005416296553068874,False
151326,,DCConnect Communication Pte. Ltd.,broadband,2024-Q1,2024,1,13.037442316860197,22.89191494059947,13.415543102862971,30.568562010700454,286.1552,281.581,5,3,0.0005416296553068874,False
17497,,Liasail Global Hongkong Limited,broadband,2024-Q1,2024,1,49.941974519394186,23.730528547490167,54.63959562132291,24.309923095422974,124.5068,203.33,5,5,0.0005416296553068874,False
211439,,Jurgita Jurgaitiene trading as LOCOTORPI,broadband,2024-Q1,2024,1,38.595951085460484,38.398617124388394,19.1408250700113,37.58248810541603,176.85280000000003,176.659,5,2,0.0005416296553068874,False
19239,,KLA Corporation,broadband,2024-Q1,2024,1,220.67682530104904,308.1184892592486,158.16261319165596,168.3852440428725,4.8275999999999994,4.321,5,1,0.0005416296553068874,False
149485,,MonoCloud Pty Ltd,broadband,2024-Q1,2024,1,166.64129969070208,51.42264758405821,173.34384321653144,56.59403957866296,78.8126,78.36,5,4,0.0005416296553068874,False
59210,,PhoenixNAP,broadband,2024-Q1,2024,1,3.6301092534842496,2.44504842801334,3.4456804498926688,2.44504842801334,195.3274,194.598,5,1,0.0005416296553068874,False
18402,,NATIONAL LIBRARY BOARD,broadband,2024-Q1,2024,1,69.16522604756682,0.0841832099604896,39.87080838552379,0.08839899218621336,29.6884,34.997,5,1,0.0005416296553068874,False
150218,,PT Wijaya Mandiri Network,broadband,2024-Q1,2024,1,18.90214107632951,21.900575822082338,19.897093970591566,20.84489907956887,30.162399999999998,29.941,5,1,0.0005416296553068874,False
399686,,SEMIBAND LLC,broadband,2024-Q1,2024,1,183.6523567395929,125.36795403237093,106.21626602737162,29.73822286070511,171.708,187.037,5,3,0.0005416296553068874,False
138948,,NORTHERN TRUST CORPORATION,broadband,2024-Q1,2024,1,7.168310284418384,5.752910444931306,5.0588005561125415,1.3948002709194312,176.35075,205.725,4,3,0.00043330372424550987,False
57695,,"Misaka Network, Inc.",broadband,2024-Q1,2024,1,206.00289379921458,18.095586351985705,54.306658897685956,9.817489026633876,0.8427500000000001,0.6755,4,4,0.00043330372424550987,False
141435,,Bayer (South East Asia) Pte Ltd,broadband,2024-Q1,2024,1,21.23851085813185,1.098712873967486,22.495353317441662,0.5355280511403061,2.77175,2.6719999999999997,4,1,0.00043330372424550987,False
38891,,Measat Satellite Systems Sdn. Bhd.,broadband,2024-Q1,2024,1,1.6357014646606918,1.4107708688673664,1.5086284027080352,1.4107708688673664,34.3565,31.950000000000003,4,1,0.00043330372424550987,False
38870,,BGC Partners - APAC,broadband,2024-Q1,2024,1,109.6366892047846,158.73565909232582,127.53935089260963,198.10147546909872,66.78075000000001,74.5635,4,2,0.00043330372424550987,False
7054,,"Merck and Co., Inc.",broadband,2024-Q1,2024,1,37.92500875334146,28.738814525568046,35.9121306265627,24.6253092918755,76.00274999999999,48.458,4,2,0.00043330372424550987,False
138947,,NORTHERN TRUST CORPORATION,broadband,2024-Q1,2024,1,31.597640078332034,117.96657542048703,15.399083750828785,117.96657542048703,40.19925,40.2275,4,2,0.00043330372424550987,False
199053,,Euronodes Ltd,broadband,2024-Q1,2024,1,59.84203529130269,24.24514008321218,36.821107311315565,29.206198779556466,39.221000000000004,50.5,4,2,0.00043330372424550987,False
38532,,Exabytes Network (Singapore) Pte. Ltd.,broadband,2024-Q1,2024,1,6.2589827824373625,35.96264810669884,6.04143680382219,38.26337871768616,4.3420000000000005,4.198,4,1,0.00043330372424550987,False
136744,,DREAM POWER TECHNOLOGY LIMITED,broadband,2024-Q1,2024,1,89.31140311430721,133.29849727037282,67.45362853937254,67.12159924641583,42.042500000000004,34.847,4,4,0.00043330372424550987,False
136537,,SQUAREPOINT OPERATIONS PRIVATE LIMITED,broadband,2024-Q1,2024,1,620.8806165183142,414.4236467233579,618.5706346098877,373.151769311822,2.8645,2.868,4,1,0.00043330372424550987,False
133541,,SIPPE-SG,broadband,2024-Q1,2024,1,1.5538664982983181,3.598359462188161,2.05853200427741,3.598359462188161,2.5996666666666663,2.799,3,1,0.0003249777931841324,False
137182,,BLUE WIRELESS PTE LTD,broadband,2024-Q1,2024,1,3.763556593218175,0.9781031444079057,5.472905945692446,1.4590871050795038,182.54,220.677,3,2,0.0003249777931841324,False
132364,,TEC,broadband,2024-Q1,2024,1,667.9097007789956,247.64462384813064,580.4743488423837,304.95283717516764,1.5093333333333334,1.623,3,2,0.0003249777931841324,False
64050,,BGP Network Limited,broadband,2024-Q1,2024,1,18.349545351702044,18.016594426091398,12.613346746411818,8.70857049608094,80.84466666666667,81.102,3,3,0.0003249777931841324,False
14127,,Iland Internet Solutions Corporation,broadband,2024-Q1,2024,1,467.5474162459061,316.06794109468774,107.0741098794907,316.06794109468774,124.57066666666667,175.224,3,2,0.0003249777931841324,False
30613,,Chicago Mercantile Exchange,broadband,2024-Q1,2024,1,62.7988465929924,48.57519627982552,49.848649641072946,48.57519627982552,75.524,76.192,3,1,0.0003249777931841324,False
150171,,DIGISIGMA PTE. LTD.,broadband,2024-Q1,2024,1,48.69631970239624,46.745153025061676,57.91430487962436,52.3920293680335,98.64366666666666,110.802,3,2,0.0003249777931841324,False
11746,,"Waggener Edstrom Worldwide, Inc.",broadband,2024-Q1,2024,1,193.70821035501328,277.9685742814592,164.60023105979204,287.6738481956911,5.180000000000001,5.147,3,1,0.0003249777931841324,False
154177,,LIGHT NODE LIMITED,broadband,2024-Q1,2024,1,11.509279620190226,0.0051180606725774085,2.8574656392218527,0.0051180606725774085,29.206999999999997,0.511,3,2,0.0003249777931841324,False
206804,,EstNOC OU,broadband,2024-Q1,2024,1,5.240865438909771,3.1093114105323285,4.973242590474253,3.1093114105323285,203.75,191.397,3,2,0.0003249777931841324,False
9304,,HGC Global Communications Limited,broadband,2024-Q1,2024,1,101.92577237440838,34.435551470575646,93.87155889177366,34.435551470575646,148.32533333333333,203.512,3,3,0.0003249777931841324,False
17003,,Zoetis Inc.,broadband,2024-Q1,2024,1,4.843180853462553,2.2267760624604156,5.76153518218601,2.2267760624604156,133.44333333333333,133.183,3,1,0.0003249777931841324,False
211029,,XTX Markets Limited,broadband,2024-Q1,2024,1,57.47686393830896,62.44917408495469,57.47686393830896,62.44917408495469,299.297,299.297,2,1,0.00021665186212275494,False
48266,,Catixs Ltd,broadband,2024-Q1,2024,1,91.79639049238352,20.749247695288744,91.79639049238352,20.749247695288744,0.5974999999999999,0.5974999999999999,2,1,0.00021665186212275494,False
9292,,21 Tampines Avenue 1,broadband,2024-Q1,2024,1,222.77329188656398,191.80655737892013,222.77329188656398,191.80655737892013,3.4445,3.4445,2,2,0.00021665186212275494,False
216101,,Homura Network Limited,broadband,2024-Q1,2024,1,34.8934945960822,1.8375475692092809,34.8934945960822,1.8375475692092809,0.6305000000000001,0.6305000000000001,2,1,0.00021665186212275494,False
132236,,NEC ASIA PACIFIC PTE LTD,broadband,2024-Q1,2024,1,226.7117503585569,165.97160940502707,226.7117503585569,165.97160940502707,11.0285,11.0285,2,2,0.00021665186212275494,False
136552,,Pacific Comnet (M) Sdn. Bhd.,broadband,2024-Q1,2024,1,11.345900109879743,,11.345900109879743,,19.268,19.268,2,1,0.00021665186212275494,False
18464,,ALVIDI TECHNOLOGY Inc,broadband,2024-Q1,2024,1,8.450202623672428,2.799818584626855,8.450202623672428,2.799818584626855,134.583,134.583,2,1,0.00021665186212275494,False
137563,,Flow Traders Asia Pte. Ltd.,broadband,2024-Q1,2024,1,54.63611886183724,49.97985226611395,54.63611886183724,49.97985226611395,1.432,1.432,2,1,0.00021665186212275494,False
20326,,TeraSwitch Networks Inc.,broadband,2024-Q1,2024,1,189.11920150678594,27.826688690539818,189.11920150678594,27.826688690539818,0.744,0.744,2,1,0.00021665186212275494,False
140227,,"Hong Kong Communications International Co., Limited",broadband,2024-Q1,2024,1,234.76777871247063,,234.76777871247063,,112.1605,112.1605,2,2,0.00021665186212275494,False
5091,,"Stripe, Inc.",broadband,2024-Q1,2024,1,166.67820980628028,,166.67820980628028,,3.8535000000000004,3.8535000000000004,2,2,0.00021665186212275494,False
45700,,PT. NAP Info Lintas Nusa,broadband,2024-Q1,2024,1,97.48699685948453,17.651882251062915,97.48699685948453,17.651882251062915,16.181,16.181,2,1,0.00021665186212275494,False
64049,,Reliance Jio Infocomm Pte Ltd Singapore,broadband,2024-Q1,2024,1,250.59525365685224,197.55320868234804,250.59525365685224,197.55320868234804,135.4615,135.4615,2,1,0.00021665186212275494,False
800,,OneWeb,broadband,2024-Q1,2024,1,45.86088747548254,10.575728025455293,45.86088747548254,10.575728025455293,146.94650000000001,146.94650000000001,2,2,0.00021665186212275494,False
208185,,Net Gate Telecom S.R.L.,broadband,2024-Q1,2024,1,110.14111487312954,42.68214357476118,110.14111487312954,42.68214357476118,0.34950000000000003,0.34950000000000003,2,1,0.00021665186212275494,False
55426,,Amphenol FCI Asia Pte Ltd,broadband,2024-Q1,2024,1,55.68808484080347,4.582322187737396,55.68808484080347,4.582322187737396,30.5545,30.5545,2,1,0.00021665186212275494,False
208187,,TeamViewer Germany GmbH,broadband,2024-Q1,2024,1,24.823607567319208,19.01893737395566,24.823607567319208,19.01893737395566,210.5125,210.5125,2,1,0.00021665186212275494,False
33442,,Zebra Technologies Corporation,broadband,2024-Q1,2024,1,159.54489177800411,178.16682728090805,159.54489177800411,178.16682728090805,5.897,5.897,2,1,0.00021665186212275494,False
134363,,EZIT Solutions Pte Ltd,broadband,2024-Q1,2024,1,86.93552180644252,67.7434849259883,86.93552180644252,67.7434849259883,6.359500000000001,6.359500000000001,2,1,0.00021665186212275494,False
45652,,VPLS ASIA,broadband,2024-Q1,2024,1,6.408574263403693,0.08200789508182821,6.408574263403693,0.08200789508182821,1.9015,1.9015,2,1,0.00021665186212275494,False
140610,,Bayer (South East Asia) Pte Ltd,broadband,2024-Q1,2024,1,16.6585739684676,1.0331107056657525,16.6585739684676,1.0331107056657525,155.745,155.745,2,1,0.00021665186212275494,False
21660,,Baxalta Incorporated,broadband,2024-Q1,2024,1,29.07842591784332,18.840189148334318,29.07842591784332,18.840189148334318,195.0075,195.0075,2,2,0.00021665186212275494,False
200017,,Elisteka UAB,broadband,2024-Q1,2024,1,69.759922955653,,69.759922955653,,175.23,175.23,1,1,0.00010832593106137747,False
45505,,T-Global Pte Ltd,broadband,2024-Q1,2024,1,55.66742456537824,47.97170596607132,55.66742456537824,47.97170596607132,7.026,7.026,1,1,0.00010832593106137747,False
1299,,Arelion Sweden AB,broadband,2024-Q1,2024,1,47.334398230648624,54.886082318667604,47.334398230648624,54.886082318667604,46.0,46.0,1,1,0.00010832593106137747,False
1449,,"PayPal, Inc.",broadband,2024-Q1,2024,1,202.07573365879276,,202.07573365879276,,5.024,5.024,1,1,0.00010832593106137747,False
139225,,Whatbox Inc.,broadband,2024-Q1,2024,1,24.431604075289187,8.784722279855227,24.431604075289187,8.784722279855227,267.916,267.916,1,1,0.00010832593106137747,False
141678,,Private Limited Company,broadband,2024-Q1,2024,1,48.56390219846043,45.47254070416737,48.56390219846043,45.47254070416737,3.504,3.504,1,1,0.00010832593106137747,False
137272,,PSiDEO (Singapore) Pte Ltd,broadband,2024-Q1,2024,1,155.0627332942564,311.0396792976356,155.0627332942564,311.0396792976356,1.429,1.429,1,1,0.00010832593106137747,False
137825,,UniCredit Business Integrated Solutions S.C.P.A Singapore Branch,broadband,2024-Q1,2024,1,13.755164369352368,27.033332290087944,13.755164369352368,27.033332290087944,15.768,15.768,1,1,0.00010832593106137747,False
55781,,Fujitsu Asia Pte. Ltd.,broadband,2024-Q1,2024,1,0.17832200851089222,38.45534826006215,0.17832200851089222,38.45534826006215,201.695,201.695,1,1,0.00010832593106137747,False
132334,,LUCASFILM VISUAL EFFECTS INDIA PRIVATE LIMITED,broadband,2024-Q1,2024,1,705.8154999007781,0.07531439413598275,705.8154999007781,0.07531439413598275,2.518,2.518,1,1,0.00010832593106137747,False
45470,,8 to Infinity Pte Ltd,broadband,2024-Q1,2024,1,93.24460068367775,91.63193686866838,93.24460068367775,91.63193686866838,3.942,3.942,1,1,0.00010832593106137747,False
136448,,AIA Shared Services (Hong Kong) Ltd,broadband,2024-Q1,2024,1,88.2771307188708,,88.2771307188708,,32.553,32.553,1,1,0.00010832593106137747,False
151361,,TCPL,broadband,2024-Q1,2024,1,18.116683636396097,29.89471128442521,18.116683636396097,29.89471128442521,22.137,22.137,1,1,0.00010832593106137747,False
395753,,KKR,broadband,2024-Q1,2024,1,198.95865488506135,0.07511007334889977,198.95865488506135,0.07511007334889977,4.351,4.351,1,1,0.00010832593106137747,False
26940,,Levi Strauss & Co.,broadband,2024-Q1,2024,1,122.14593586936758,53.3634808,122.14593586936758,53.3634808,6.169,6.169,1,1,0.00010832593106137747,False
9226,,1-Net Singapore Pte Ltd,broadband,2024-Q1,2024,1,898.2220666154697,790.2838864913226,898.2220666154697,790.2838864913226,3.054,3.054,1,1,0.00010832593106137747,False
132277,,XTRA COMMUNICATION,broadband,2024-Q1,2024,1,288.14581143670404,,288.14581143670404,,1.922,1.922,1,1,0.00010832593106137747,False
14381,,"Caterpillar, Inc.",broadband,2024-Q1,2024,1,39.78315723832196,,39.78315723832196,,180.369,180.369,1,1,0.00010832593106137747,False
146962,,GATEWAY TECHNOLOGY DEVELOPMENT PTE. LTD.,broadband,2024-Q1,2024,1,40.737477454072405,20.47595189058143,40.737477454072405,20.47595189058143,64.805,64.805,1,1,0.00010832593106137747,False
136041,,"Singapore Telecom, ConnectPlus",broadband,2024-Q1,2024,1,6.016321156589542,2.98454071850043,6.016321156589542,2.98454071850043,221.79,221.79,1,1,0.00010832593106137747,False
61461,,Airtek Solutions C.A.,broadband,2024-Q1,2024,1,47.190231599965955,23.508079777376622,47.190231599965955,23.508079777376622,0.72,0.72,1,1,0.00010832593106137747,False
30081,,CacheFly,broadband,2024-Q1,2024,1,0.5362171954129467,,0.5362171954129467,,18.863,18.863,1,1,0.00010832593106137747,False
39337,,JSC Corp Soft,broadband,2024-Q1,2024,1,252.0209876041066,3.93980363039961,252.0209876041066,3.93980363039961,16.184,16.184,1,1,0.00010832593106137747,False
24516,,Virtutel Pty Ltd,broadband,2024-Q1,2024,1,18.023851829733513,15.915011886180261,18.023851829733513,15.915011886180261,17.885,17.885,1,1,0.00010832593106137747,False
136202,,Freepoint Commodities Singapore Pte. Ltd.,broadband,2024-Q1,2024,1,281.1128681469461,122.08304529204112,281.1128681469461,122.08304529204112,1.012,1.012,1,1,0.00010832593106137747,False
13414,,Twitter Inc.,broadband,2024-Q1,2024,1,55.24909515109779,59.21089375768301,55.24909515109779,59.21089375768301,163.0,163.0,1,1,0.00010832593106137747,False
38235,,ANGKOR DATA COMMUNICATION,broadband,2024-Q1,2024,1,3.5200329941843966,0.26355012960739205,3.5200329941843966,0.26355012960739205,75.776,75.776,1,1,0.00010832593106137747,False
17886,,Matrix Networks Pte Ltd,broadband,2024-Q1,2024,1,261.24606455046165,307.73796212407575,261.24606455046165,307.73796212407575,2.739,2.739,1,1,0.00010832593106137747,False
140928,,T20025,broadband,2024-Q1,2024,1,4.609261303329654,10.010779010289419,4.609261303329654,10.010779010289419,4.688,4.688,1,1,0.00010832593106137747,False
206378,,FOP Dmytro Nedilskyi,broadband,2024-Q1,2024,1,171.93952485029234,16.233050986852795,171.93952485029234,16.233050986852795,16.137,16.137,1,1,0.00010832593106137747,False
29066,,velia.net Internetdienste GmbH,broadband,2024-Q1,2024,1,766.0134178477101,909.8782863020441,766.0134178477101,909.8782863020441,1.971,1.971,1,1,0.00010832593106137747,False
215540,,GLOBAL CONNECTIVITY SOLUTIONS LLP,broadband,2024-Q1,2024,1,105.15701401589745,16.298204556284052,105.15701401589745,16.298204556284052,72.0,72.0,1,1,0.00010832593106137747,False
24038,,"Fujitsu Asia Pte Ltd, NOC and RIM",broadband,2024-Q1,2024,1,9.871358493878883,3.0016322295952302,9.871358493878883,3.0016322295952302,0.747,0.747,1,1,0.00010832593106137747,False
40810,,Ernst & Young LLP,broadband,2024-Q1,2024,1,6.785658936932971,,6.785658936932971,,206.731,206.731,1,1,0.00010832593106137747,False
135391,,AOFEI DATA INTERNATIONAL COMPANY LIMITED,broadband,2024-Q1,2024,1,145.8267105205749,,145.8267105205749,,72.116,72.116,1,1,0.00010832593106137747,False
45166,,Pacific Internet Pte Ltd,broadband,2024-Q1,2024,1,92.35913080194227,,92.35913080194227,,3.905,3.905,1,1,0.00010832593106137747,False
6421,,TATA COMMUNICATIONS (AMERICA) INC,broadband,2024-Q1,2024,1,28.748914705279724,9.325803958770745,28.748914705279724,9.325803958770745,46.531,46.531,1,1,0.00010832593106137747,False
23764,,CTGNet,broadband,2024-Q1,2024,1,90.1000365894109,90.16671088255956,90.1000365894109,90.16671088255956,4.649,4.649,1,1,0.00010832593106137747,False
55430,,Starhub Ltd,broadband,2024-Q2,2024,2,225.96005294347546,194.8376608317869,120.70983182768553,93.95051687586322,10.380036977861797,4.89,317454,137014,27.854172150565937,True
9506,,Singtel Fibre Broadband,broadband,2024-Q2,2024,2,165.7545810894606,117.25705691767634,113.79155654025483,54.848115383110034,59.134262775931994,70.573,290912,57690,25.525313679038344,True
4773,,MobileOne Ltd. Mobile/Internet Service Provider Singapore,broadband,2024-Q2,2024,2,222.39340954700228,167.74988344409536,106.61354440161853,89.03373109240773,20.108932283683995,4.83,143617,29263,12.601298587347548,True
56300,,MyRepublic Ltd.,broadband,2024-Q2,2024,2,297.96192182884124,216.14218654319248,186.4791643375042,101.48359659752757,9.666654046455161,4.772,93939,4813,8.242432219005002,True
3758,,SingNet,broadband,2024-Q2,2024,2,119.59898678635024,86.22791405004894,61.321505726009896,28.96326836922193,44.240578195930155,37.499,69849,8695,6.1287180837062385,True
4657,,StarHub Ltd,broadband,2024-Q2,2024,2,208.2282285528486,193.3233648097602,92.95201946793186,75.69757765222181,12.134444628811552,4.338,46421,16109,4.073089409493726,True
18106,,Viewqwest Pte Ltd,broadband,2024-Q2,2024,2,288.61399082268366,201.7561335930326,198.25267350014553,121.40163238919902,9.193562841366058,4.271,33329,2319,2.924366061244187,True
17547,,M1 NET LTD,broadband,2024-Q2,2024,2,134.2835750776703,116.06666045500354,78.05146836476948,61.40192871321819,15.021140062126195,5.0,21574,3359,1.8929542862156707,True
135600,,Whiz Communications Pte Ltd,broadband,2024-Q2,2024,2,169.1151180422207,125.4209544727608,108.45109079774286,61.267231224182616,40.49827567567567,38.3,19802,4848,1.73747477406335,True
16731,,Royal Bank of Canada,broadband,2024-Q2,2024,2,26.682997004868316,11.935211840784078,28.615147357528286,12.450020698965051,281.69631060606054,195.7665,19272,3,1.6909713082390103,True
4817,,Simba Telecom Pte Ltd,broadband,2024-Q2,2024,2,155.4616540135996,130.41724644663708,88.57062751850299,76.08699167602857,80.88303260225251,70.024,8436,294,0.7401947881021321,True
(unknown),,,broadband,2024-Q2,2024,2,73.75066723375183,43.64833536122506,39.92762808663031,6.86667027148992,29.83676732471068,13.582,7346,505,0.6445555848030183,True
38258,,Sony - ASN for Asia Pacific,broadband,2024-Q2,2024,2,23.276696356492707,10.549801472955162,5.156953236676099,0.6021444562083195,242.27859289340097,239.58350000000002,5932,1971,0.5204878476792139,True
38136,,Akari Networks,broadband,2024-Q2,2024,2,154.11779598601697,35.13834420654639,118.03275687533913,27.81029038390194,41.33602421984165,1.0,4294,202,0.3767658155654997,True
23856,,SPTEL PTE. LTD.,broadband,2024-Q2,2024,2,158.55623265241078,126.2852493396457,74.51912069048637,53.29083287650082,10.427299338999056,4.04,4238,517,0.3718522418180223,True
132356,,Changi Airport Group (Singapore) Pte Ltd,broadband,2024-Q2,2024,2,29.15856642506731,21.040625911920845,26.96195124851506,17.002105841668186,25.855662913096694,5.305,4088,69,0.35869088356585066,True
133466,,Robert Bosch GmbH,broadband,2024-Q2,2024,2,21.02463722916305,15.979247804819808,11.01402252406096,4.477100128676582,6.454877102199225,1.6035,3092,20,0.2712994647714311,True
7472,,NUS Information Technology,broadband,2024-Q2,2024,2,95.72543436755423,95.48351260503392,89.28305233842104,82.65292924961466,12.900738674296615,4.403,2097,481,0.1839957883653593,True
41378,,Kirino LLC,broadband,2024-Q2,2024,2,317.84560755562416,60.852513967279705,338.44407082488306,69.11049831483245,35.03690473764646,36.0,1963,17,0.17223830832675266,True
212238,,Datacamp Limited,broadband,2024-Q2,2024,2,23.283744651953967,5.977964838039967,12.88199818282101,1.2885610954967697,264.08754843918194,314.0,1858,92,0.1630253575502325,True
136271,,IMS Health India Pvt Ltd,broadband,2024-Q2,2024,2,34.870167156002694,35.4295088048609,27.18267987984433,18.753508203264985,167.97321507760532,149.2495,1805,9,0.15837501096779855,True
24467,,Deutsche Bank APAC RHO in Singapore Internet AS,broadband,2024-Q2,2024,2,46.426348830766564,26.67079882852524,16.36107480746086,8.838023674799791,4.3123345111896345,2.2245,1698,7,0.1489865754145828,True
136873,,MEGADATA-ISP,broadband,2024-Q2,2024,2,7.39836461946811,7.7891023868449665,4.084470665583021,4.549613021680329,27.404940201302544,20.855,1689,11,0.14819689391945248,True
9419,,Nanyang Technological University,broadband,2024-Q2,2024,2,85.91332513739654,95.39764941415785,75.43730023526868,64.61051155802775,7.645194057004247,3.132,1650,180,0.14477494077388786,True
393559,,"WEBBING USA, INC.",broadband,2024-Q2,2024,2,24.947857274626305,9.262492859347553,16.27097977296905,3.414882225481988,248.99367492012786,245.756,1252,38,0.10985347021145915,True
140362,,DIGISIGMA PTE. LTD.,broadband,2024-Q2,2024,2,62.65542266552672,24.5624641009121,55.39975532041544,19.66972093306765,134.86952725793327,49.548,1229,221,0.10783539527945951,True
2559,,VISA INTERNATIONAL SERVICE ASSOCIATION,broadband,2024-Q2,2024,2,23.707775470469922,19.08668460001941,8.174319937516954,4.631284665976691,80.30643261802574,42.307,1165,3,0.10221988242519961,True
6364,,"Atlantic.net, Inc.",broadband,2024-Q2,2024,2,88.93217713660495,59.16529761995565,30.629398948706942,2.6806069650070015,108.39800867302688,16.129,1153,215,0.10116697376502588,True
7862,,Chevron Corporation,broadband,2024-Q2,2024,2,25.049648899042186,13.480630088731408,16.131660752940537,1.9627392466196876,238.69246842601316,272.782,1063,33,0.09327015881372291,True
55415,,4 Shenton Way,broadband,2024-Q2,2024,2,45.446427825595094,46.67860826136586,40.32843452485531,30.680192022258968,17.4893290891283,4.64,1021,60,0.08958497850311485,True
109,,"CISCO SYSTEMS, INC.",broadband,2024-Q2,2024,2,23.442385360039246,25.77647147138352,13.361238988911683,5.527126561757982,236.59226100000004,222.8005,1000,511,0.08774238834781083,True
4628,,Pacific Internet Pte Ltd,broadband,2024-Q2,2024,2,90.78540420627233,65.53718218597145,33.39026215124872,10.814818656419167,67.39086217948719,8.5635,936,139,0.08212687549355094,True
24545,,HKTEL,broadband,2024-Q2,2024,2,9.198176936877845,2.2830263383471756,6.233658351147295,1.1463853454632953,197.63477062146893,168.0,885,112,0.07765201368781258,True
142594,,SpeedyPage Ltd,broadband,2024-Q2,2024,2,98.33201851052935,40.5234017887001,83.58253259696282,32.22682116535192,1.853241706161137,0.962,844,59,0.07405457576555234,True
51847,,Nearoute Limited,broadband,2024-Q2,2024,2,214.0110638613777,36.79907823648418,229.27838853589617,41.005776410465636,7.634464646464647,0.352,693,26,0.060805475125032905,True
26496,,"GoDaddy.com, LLC",broadband,2024-Q2,2024,2,47.63300148151048,10.021910620680591,43.681616687822704,3.3611092197080312,192.4283097072419,194.243,649,41,0.05694481003772923,True
46559,,ZGX US LLC,broadband,2024-Q2,2024,2,8.013632410252075,2.105566481683516,6.116590542441578,1.326676330659753,186.52896915584412,155.578,616,130,0.05404931122225147,True
10024,,LGA International,broadband,2024-Q2,2024,2,99.80492060065244,107.96870698803347,29.77779325063171,49.274396919408055,5.40635,2.8815,600,64,0.052645433008686494,True
138345,,StarHub Ltd,broadband,2024-Q2,2024,2,19.209839675990793,6.804313173194018,9.903815091452042,2.6183262615365215,89.30000172413794,17.899,581,240,0.05097832763007809,True
17617,,Nanyang Polytechnic,broadband,2024-Q2,2024,2,269.9555250827019,272.89066746376284,100.0696892352716,113.05486211386804,6.668022140221402,3.965,542,2,0.04755637448451347,True
138539,,Jewel Changi Airport Trustee Pte. Ltd.,broadband,2024-Q2,2024,2,18.647105171526235,15.925216390682346,13.4262379797126,5.9526483634844745,9.9517134935305,4.368,542,59,0.04755637448451347,True
394984,,"Fragomen, Del Rey, Bernsen & Loewy, LLP",broadband,2024-Q2,2024,2,12.461287025611606,7.3656672791748905,9.204199115844816,5.469695944806176,183.00302676864243,199.143,523,1,0.045889269105905066,True
9877,,Ngee Ann Polytechnic Computer Center,broadband,2024-Q2,2024,2,48.611596738636635,57.68647140932114,31.316302780322523,49.885310515612524,2.1295555555555556,1.405,513,3,0.045011845222426954,True
2047,,Hoffmann - La Roche Ltd.,broadband,2024-Q2,2024,2,39.1880860125923,32.25239222854404,27.027124991828856,15.954149393858426,4.45131506849315,1.516,512,2,0.044924102834079147,True
56094,,ITENET:wq,broadband,2024-Q2,2024,2,216.3758304580988,178.5431083865125,118.92378239551716,127.01309494907068,14.377179640718563,3.671,501,22,0.04395893656225323,True
133728,,Chubb Asia Pacific Pte Ltd,broadband,2024-Q2,2024,2,25.623190730376532,14.28161093135488,13.910997544603347,4.372382986191493,33.356721627408994,35.988,467,1,0.040975695358427655,True
44356,,Epsilon Telecommunications Ltd,broadband,2024-Q2,2024,2,10.238213029679754,6.907096393994023,1.113031115636673,0.9423003638776426,437.51707792207793,433.0385,462,4,0.0405369834166886,True
35163,,Procter & Gamble Service GmbH,broadband,2024-Q2,2024,2,143.9862936718814,133.65842585514693,81.43448895707327,76.32718148386246,131.9153908045977,91.28,435,9,0.03816793893129771,True
134078,,NETPLUZ HOLDINGS PRIVATE LIMITED,broadband,2024-Q2,2024,2,100.78967255789411,69.85400565248437,48.1590794637325,34.88988559809846,13.974901678657076,3.968,417,99,0.036588575941037114,True
38055,,ACE Insurance Singapore,broadband,2024-Q2,2024,2,25.507166734919632,15.845730362859102,16.381681638168164,4.413808165479586,45.34762531017369,35.703,403,4,0.03536018250416776,True
397423,,Tier.Net Technologies LLC,broadband,2024-Q2,2024,2,23.3527166404332,13.421103443170017,14.743524227284958,6.956653295885638,281.8383036649214,324.6945,384,111,0.033693077125559356,True
8220,,COLT Technology Services Group Limited,broadband,2024-Q2,2024,2,157.36781054148216,132.25936007289528,55.116619767715434,45.311850227859,30.168430939226525,3.652,362,48,0.03176274458190752,True
133782,,Elsevier Ltd,broadband,2024-Q2,2024,2,24.367496594851303,26.907357359296377,14.323634034259907,10.630940004855963,146.70376737160117,136.941,332,3,0.029130472931473195,True
11158,,"NTT America, Inc.",broadband,2024-Q2,2024,2,54.65694816867267,45.54490429715168,45.01497963289418,16.9066902499969,40.598248366013074,19.1515,306,9,0.026849170834430114,True
135409,,Kacific Broadband Satellites Pte Ltd,broadband,2024-Q2,2024,2,7.331918393369339,1.1538515597371568,7.787005740043767,0.7566853141021468,53.39451815181518,49.879,303,27,0.026585943669386682,True
3300,,British Telecommunications Limited,broadband,2024-Q2,2024,2,57.433481042987054,39.257257931141595,34.53596912959265,13.388795245604923,83.2632369337979,59.302,289,9,0.025357550232517328,True
131195,,SIM Headquarters,broadband,2024-Q2,2024,2,85.27294286991483,115.5336348920086,41.633105208102975,57.132559879790946,68.52866058394162,6.679,274,13,0.024041414407300166,True
136975,,Global Technology,broadband,2024-Q2,2024,2,8.146913682860793,10.11951371248692,5.989527035233374,5.830640330965149,87.22984701492538,75.928,268,14,0.023514960077213303,True
55487,,Globalfoundries Singapore Pte Ltd,broadband,2024-Q2,2024,2,84.00623237259155,74.71024413050856,19.51231939303387,10.136527553529168,3.3103408239700376,1.86,267,4,0.023427217688865493,True
49362,,DSV A/S,broadband,2024-Q2,2024,2,11.719004485903776,13.981873801839107,6.384733867823111,8.455493040102377,57.21302264150944,32.052,265,5,0.023251732912169868,True
15224,,Adobe Inc.,broadband,2024-Q2,2024,2,44.042283378622095,37.02634003206146,46.604757063102895,34.57785601391559,124.78311068702291,131.0625,262,2,0.022988505747126436,True
4913,,"Speedcast Communications, Inc",broadband,2024-Q2,2024,2,1.2451306330608993,0.4214856150622628,0.6411338073688571,0.20070803730945821,232.83884523809522,213.8755,252,18,0.022111081863648328,True
23767,,A-STAR,broadband,2024-Q2,2024,2,229.0118186967826,207.31576515879314,126.2734108082022,114.27878446557128,5.203617283950618,2.711,243,61,0.02132140036851803,True
131217,,8 Kallang Sector,broadband,2024-Q2,2024,2,48.01262745547959,57.72073307376077,40.06375947690062,30.357095143023884,31.413749999999997,36.0785,236,2,0.020707203650083356,True
137991,,Lifeway Singapore Pte. Ltd.,broadband,2024-Q2,2024,2,58.92890142420182,46.90457410255749,23.27297911219777,21.118581328404094,15.673144680851063,7.0,235,6,0.020619461261735545,True
14762,,"AMGEN, Inc.",broadband,2024-Q2,2024,2,7.744191235305838,8.394600592820693,5.878512378679463,3.779337840997341,142.87468831168832,206.16,231,2,0.0202684917083443,True
141995,,Contabo Asia Private Limited,broadband,2024-Q2,2024,2,14.810264025145603,8.057130766891158,5.96082782604925,1.2516917287970457,130.80587391304348,111.455,230,45,0.02018074931999649,True
133136,,MyRepublic Ltd.,broadband,2024-Q2,2024,2,48.130105484254926,26.58576059368853,24.477734564165793,3.447127689274108,79.03569298245614,51.1925,228,2,0.020005264543300868,True
24482,,SG.GS,broadband,2024-Q2,2024,2,72.29222337511396,9.824078471222078,43.15541869316033,7.266277244906714,1.3797224669603525,0.842,227,11,0.019917522154953057,True
140443,,PT Herza Digital Indonesia,broadband,2024-Q2,2024,2,40.06353587859994,5.961893947365307,40.976299757459245,1.7798305632030011,97.48912000000001,152.242,225,10,0.019742037378257436,True
17645,,ASN - NTT SINGAPORE PTE LTD,broadband,2024-Q2,2024,2,74.08808695323378,58.095714303954786,64.07428828486648,14.209322909733624,29.75953488372093,3.153,215,30,0.018864613494779327,True
20868,,ABB Information Systems Ltd,broadband,2024-Q2,2024,2,14.769112971991834,10.262079996039473,10.920771633240836,1.7674592292589766,455.4657272727272,538.934,209,2,0.018338159164692464,True
38862,,TullettPrebon Singapore multihoming ISP connection AS,broadband,2024-Q2,2024,2,162.85223580774053,190.77316403061016,40.99352645696718,28.446339627577313,29.871492227979267,34.851,193,3,0.01693428095112749,True
141469,,Cargill Asia Pacific Holdings Pte Ltd,broadband,2024-Q2,2024,2,72.85515825386452,30.49680548003546,30.057783403434644,14.971253258720672,23.28393513513513,1.0,185,4,0.016232341844345004,True
174,Cogent,"Cogent Communications, LLC",broadband,2024-Q2,2024,2,7.930272763443971,5.236364077990144,2.2616007778860343,1.4583254249834945,298.5857333333334,219.65800000000002,180,11,0.01579362990260595,True
23728,,Republic Polytechnic. Multihoming AS Singapore,broadband,2024-Q2,2024,2,138.5005961732193,131.09960936582664,133.55538201780496,115.80993390650606,18.733558659217877,5.987,179,11,0.015705887514258138,True
3257,,GTT Communications Inc.,broadband,2024-Q2,2024,2,12.468166065858888,12.133561432184072,3.9079430373290176,1.125260822965581,259.3064748603352,339.286,179,9,0.015705887514258138,True
3918,,Shell Information Technology International B.V.,broadband,2024-Q2,2024,2,42.04559275219101,26.510425997310232,23.10461270033042,8.849529938536518,82.70141011235954,73.892,178,3,0.015618145125910327,True
131475,,Singapore Institute of Technology,broadband,2024-Q2,2024,2,110.09904769815532,96.01137555096615,90.50409013262396,56.696899650530206,18.43394375,5.349,160,30,0.014038782135649732,True
56043,,PEPSICO INTERNATIONAL PTE. LTD.,broadband,2024-Q2,2024,2,21.618607043912373,10.927583561176386,10.654900204211394,3.9177677709308476,38.5379375,36.956,160,2,0.014038782135649732,True
61112,,AkileCloud Network,broadband,2024-Q2,2024,2,166.4594177374578,38.267456313994444,146.57504710968936,42.33801713838292,5.287389937106918,0.306,159,10,0.013951039747301922,True
17733,,Office of Communications & IT,broadband,2024-Q2,2024,2,165.34255139440293,201.81042072855024,144.38204646781918,189.8248545327624,33.747389610389625,36.016000000000005,154,10,0.013512327805562867,True
5580,,GTT Communications Netherlands B.V.,broadband,2024-Q2,2024,2,19.252027587476167,8.848629157255427,11.375151790877897,3.9715562566456293,216.38951655629137,232.997,151,10,0.013249100640519434,True
55919,,20 Dover Drive Singapore 138682,broadband,2024-Q2,2024,2,270.05383859149714,226.49883011896662,182.0793695187117,107.58321686052638,23.05222297297297,3.6545,148,4,0.012985873475476003,True
9664,,SOUTHEAST ASIA TELECOM(SG) PTE. LTD.,broadband,2024-Q2,2024,2,72.89553703147556,22.757614962585823,71.50847089007416,17.55576823621108,60.09339455782314,57.556,147,49,0.012898131087128192,True
714,,Apple Inc.,broadband,2024-Q2,2024,2,96.88428310356248,88.34293505344209,93.61091821105187,97.40888682849882,5.318862318840581,4.272,138,102,0.012108449591997894,True
23766,,"Electronic Arts, Singapore",broadband,2024-Q2,2024,2,27.230688098137048,13.233530125076543,17.166275650183927,0.5341652476342732,296.7030147058824,257.38599999999997,136,1,0.011932964815302273,True
2906,,Netflix Streaming Services Inc.,broadband,2024-Q2,2024,2,24.873079390887753,14.222075143531509,14.680491158715819,1.6921311785627502,353.22006015037596,397.82,133,43,0.01166973765025884,True
133600,,ESSEC,broadband,2024-Q2,2024,2,212.70961586249382,33.74379067072947,236.90034480416602,35.36345845497266,6.016076923076922,5.617,130,3,0.011406510485215408,True
205080,,Societe Internationale de Telecommunications Aeronautiques,broadband,2024-Q2,2024,2,18.293503034802242,5.9978277795052435,7.045719782726442,1.592856617254522,110.60384375,123.4395,128,47,0.011231025708519787,True
15695,,Expereo International BV,broadband,2024-Q2,2024,2,47.19384206740297,29.547180335969344,26.126085326991067,6.152265280965933,99.35796850393702,54.057,127,17,0.011143283320171974,True
137904,,Black & Veatch (SEA) PTE LTD,broadband,2024-Q2,2024,2,55.32943670544593,39.362115736805535,28.636321994417052,5.252500864746454,145.81510317460317,97.924,126,2,0.011055540931824164,True
33619,,"Advanced Micro Devices, Inc.",broadband,2024-Q2,2024,2,125.61711370561673,126.2633371252456,20.981405635909432,3.3506124971792315,86.93083478260868,83.034,115,5,0.010090374659998244,True
14114,,SAP America Inc.,broadband,2024-Q2,2024,2,546.6310615513365,116.7051554341921,605.2114126045908,17.15254145086166,64.04270796460177,33.164,113,10,0.009914889883302623,True
400190,,Freeport-McMoRan Inc.,broadband,2024-Q2,2024,2,29.665611717573796,27.69799621540539,6.484156898157945,7.715794290571472,119.2759642857143,105.232,112,12,0.009827147494954813,True
29990,,Xandr Inc.,broadband,2024-Q2,2024,2,28.6573080037333,16.02457025501693,9.751088704551965,5.01800871020942,208.07199099099097,134.845,111,6,0.009739405106607002,True
10100,,UBS Group AG,broadband,2024-Q2,2024,2,109.851700594666,97.88056187819484,81.42521585897393,82.30551955312453,64.91777272727272,63.1565,110,4,0.009651662718259192,True
32537,,Xilinx Incorporated,broadband,2024-Q2,2024,2,118.17714237448773,58.663400401679944,57.08259857994364,12.309101761214489,84.06198181818183,46.841499999999996,110,4,0.009651662718259192,True
45133,,Singapore Polytechnic,broadband,2024-Q2,2024,2,171.65270040589283,187.03069744636986,56.64115631973151,46.978872901461656,59.34550909090908,34.939,110,11,0.009651662718259192,True
24012,,Refinitiv Australia PTY Limited,broadband,2024-Q2,2024,2,33.93165600947499,19.34120366138659,24.59908850153095,1.5984368125055,182.63233018867928,133.14049999999997,106,10,0.009300693164867948,True
15412,,Flag Telecom UK Limited,broadband,2024-Q2,2024,2,20.93986591623234,8.164829290153701,15.95370455071784,3.256648926995023,146.7367358490566,94.0095,106,2,0.009300693164867948,True
13443,,LinkedIn Corporation,broadband,2024-Q2,2024,2,28.361080842691255,39.363091907802946,7.4220736733413455,4.199622878671096,308.79926923076926,319.7855,104,35,0.009125208388172327,True
3356,,"Level 3 Parent, LLC",broadband,2024-Q2,2024,2,156.0900328442053,113.14360050744614,46.49927130276905,13.572603277075885,109.6733980582524,105.425,103,27,0.009037465999824515,True
63526,,Systems Solutions & development Technologies Limited,broadband,2024-Q2,2024,2,12.742953169778273,11.059577707229577,9.244351290407382,8.907710465233983,105.0118686868687,90.837,99,12,0.008686496446433272,False
2687,,"AT&T Enterprises, LLC",broadband,2024-Q2,2024,2,15.794502397204475,7.586931741031972,7.474049999328217,5.385580836982049,287.16768367346936,277.0075,98,6,0.008598754058085462,False
9255,,Singapore Telecom,broadband,2024-Q2,2024,2,21.77931229464601,12.939631389615819,8.942248985941871,1.6000597160516952,89.23490721649485,56.47,97,20,0.00851101166973765,False
10794,,"Bank of America, National Association",broadband,2024-Q2,2024,2,28.389713302949236,23.744647286521747,7.962097705857463,4.803803517717889,83.56904166666666,33.199,96,1,0.008423269281389839,False
56197,,KDDI ASIA PACIFIC PTE. LTD.,broadband,2024-Q2,2024,2,123.48805345117636,73.5549362967089,108.35289001623308,68.36094802070023,10.502864583333333,4.567,96,7,0.008423269281389839,False
7473,,Singapore Telecommunications Ltd,broadband,2024-Q2,2024,2,177.65558143379283,163.05865750747634,76.16891305493982,80.33206060001106,127.73507777777779,93.9145,90,6,0.007896814951302974,False
45700,,PT. NAP Info Lintas Nusa,broadband,2024-Q2,2024,2,43.43902671801401,4.62338420665372,24.211298492422067,3.3303202714875657,65.19241573033707,57.018,89,20,0.007809072562955164,False
6453,,TATA COMMUNICATIONS (AMERICA) INC,broadband,2024-Q2,2024,2,146.2584496489276,128.1057983108494,75.54297109456377,41.582511962957376,68.10755294117646,72.765,85,10,0.007458103009563921,False
4637,,Telstra Global,broadband,2024-Q2,2024,2,98.45540242361837,61.740195569388646,51.564069203996254,8.719617292643147,100.79674117647059,34.724,85,10,0.007458103009563921,False
9304,,HGC Global Communications Limited,broadband,2024-Q2,2024,2,105.99241602137697,19.562790125004035,93.43124411291733,13.384354940470317,47.54082926829269,35.946,82,7,0.007194875844520488,False
139646,,"HONG KONG LIGHTLAYER TECHNOLOGY CO., LIMITED",broadband,2024-Q2,2024,2,4.5133558527442394,3.288747507840681,4.267176245941872,2.8524019942182113,173.83717073170732,132.409,82,2,0.007194875844520488,False
8851,,GCI Network Solutions Limited,broadband,2024-Q2,2024,2,154.09082922170532,54.65378051184106,88.74724866397322,51.16785731606984,1.338194805194805,0.223,77,11,0.006756163902781434,False
133426,,Northtelecom PTE LTD,broadband,2024-Q2,2024,2,1.3120911509674709,0.7192269827954891,1.1069814302717238,0.6950667187070868,119.36127777777776,115.91,72,20,0.006317451961042379,False
40339,,Jump Trading LLC,broadband,2024-Q2,2024,2,37.27895827633321,29.361707952488857,9.531813742617635,0.6782369196691235,1.4081830985915493,0.725,71,1,0.006229709572694569,False
135066,,Schroders Investment Management (Singapore) Limited,broadband,2024-Q2,2024,2,27.9326326501795,13.546489792884847,9.100041359512835,2.665670786228506,199.55892424242424,178.5915,66,3,0.005790997630955514,False
13014,,Hewlett Packard France S.A.S.,broadband,2024-Q2,2024,2,21.95485028571686,14.527038731625698,4.029420709387294,1.6133799799300301,255.23732812500006,308.552,64,14,0.005615512854259893,False
134981,,UBER SINGAPORE TECHNOLOGY PTE. LTD,broadband,2024-Q2,2024,2,90.42014326317027,80.81147790573588,65.58207603584793,59.943342473038584,133.9988888888889,145.85,63,31,0.005527770465912082,False
17350,,Moody's Corp.,broadband,2024-Q2,2024,2,163.847811198654,118.2499715127922,163.45392788517688,1.836416313928828,81.28549152542375,90.491,59,3,0.005176800912520839,False
57695,,"Misaka Network, Inc.",broadband,2024-Q2,2024,2,227.20380663194743,20.075336740368936,132.20845239632513,11.827008029545642,14.158135593220338,0.219,59,7,0.005176800912520839,False
139883,,SPTEL PTE. LTD.,broadband,2024-Q2,2024,2,89.10751442021927,69.7458437762973,52.709420929853025,35.38787130536238,9.01749090909091,3.366,55,5,0.004825831359129596,False
212336,,ByteVirt LLC,broadband,2024-Q2,2024,2,71.4273933424439,25.772253075736934,74.46378433801598,28.947388073245968,87.67132727272725,68.025,55,11,0.004825831359129596,False
21509,,"Apollo Management, L.P.",broadband,2024-Q2,2024,2,45.99641990771143,22.984353840393798,15.495880742855881,7.348987486643904,36.193176470588234,1.161,51,1,0.004474861805738352,False
8444,,JANUS HENDERSON ADMINISTRATION UK LIMITED,broadband,2024-Q2,2024,2,54.56144076935601,44.50845573799849,21.73080012822946,24.692643476864443,12.012529411764703,1.319,51,1,0.004474861805738352,False
56039,,SPH Media Limited,broadband,2024-Q2,2024,2,330.81481884506616,336.5499880988922,101.0293780885844,113.96481138719145,63.233760000000004,4.8515,50,7,0.0043871194173905415,False
149485,,MonoCloud Pty Ltd,broadband,2024-Q2,2024,2,20.894639041964815,16.871135503599696,9.490465175709893,15.144098204494833,77.02226530612245,76.936,49,6,0.004299377029042731,False
18723,,Seagate Technology LLC,broadband,2024-Q2,2024,2,47.717017611760035,39.39609862924061,23.95716729185729,9.487641028734075,239.15955102040817,225.259,49,3,0.004299377029042731,False
137003,,INSEAD,broadband,2024-Q2,2024,2,101.5432224810569,86.46840982080342,46.49339115152152,31.20931431038029,4.014125,3.186,48,2,0.0042116346406949196,False
54201,,We Link Networks LLC,broadband,2024-Q2,2024,2,173.90647303702428,195.06046445069393,53.077829521965015,45.988318535011096,4.025434782608696,3.0,46,40,0.0040361498639992985,False
6279,,PCCW Global (HK) Ltd.,broadband,2024-Q2,2024,2,12.301746553047115,3.6192464529642763,12.982799522089838,2.0324837832858873,221.68213043478264,189.3885,46,2,0.0040361498639992985,False
2914,,"NTT America, Inc.",broadband,2024-Q2,2024,2,45.722691114368764,17.285197497491893,1.141532965057094,1.3887771142408012,147.28772727272727,207.9265,44,6,0.0038606650873036765,False
54092,,"DRW Holdings, LLC",broadband,2024-Q2,2024,2,34.40101868863382,8.198980770249634,9.746864709277865,2.637910650250463,109.04470454545456,100.619,44,1,0.0038606650873036765,False
13431,,"Millennium Partners, L.P.",broadband,2024-Q2,2024,2,12.02216496611382,23.286838846801963,10.92355382265413,29.979097697037297,200.45732558139534,205.759,43,1,0.0037729226989558656,False
138699,,TIKTOK PTE. LTD.,broadband,2024-Q2,2024,2,56.58404814938061,48.0579755139197,21.435961381047118,34.187328338289646,96.07111627906977,63.165,43,21,0.0037729226989558656,False
7246,,Bristol-Myers Squibb Company,broadband,2024-Q2,2024,2,92.5969239892142,92.6280348842341,48.80212324572382,37.24482354177631,97.67542857142858,34.5175,42,2,0.0036851803106080546,False
35908,,Krypt Technologies,broadband,2024-Q2,2024,2,30.23697086132067,26.39396585387167,15.217633562847158,10.419033230196472,13.807904761904762,1.8425,42,3,0.0036851803106080546,False
4058,,CITIC Telecom International CPC Limited,broadband,2024-Q2,2024,2,67.62041859725593,54.559721223250286,49.9247050645472,25.821516248895264,70.00797619047619,33.036,42,11,0.0036851803106080546,False
395266,,"Keysight Technologies, Inc",broadband,2024-Q2,2024,2,94.42153453248561,63.72667915023619,54.62880171440086,15.664362615897097,66.02965853658536,67.083,41,3,0.003597437922260244,False
60142,,NXP Semiconductors Netherlands B.V.,broadband,2024-Q2,2024,2,13.047308129903707,13.889849573725066,7.870813942185495,11.71761650349358,308.7515365853659,309.945,41,2,0.003597437922260244,False
16669,,Applied Materials,broadband,2024-Q2,2024,2,52.4712436659359,39.36099487569022,10.222686891696616,3.269477134098018,72.74434210526314,76.743,38,2,0.0033342107572168116,False
139636,,WORKDAY AUSTRALIA PTY LTD,broadband,2024-Q2,2024,2,87.72897565186776,56.2777310306277,31.221847655051995,27.59836353856318,41.837842105263164,23.8345,38,2,0.0033342107572168116,False
400318,,"Versa Networks, Inc.",broadband,2024-Q2,2024,2,31.426419292357835,9.700220254946796,27.543912265362255,3.2172729274448972,78.37613157894737,46.4245,38,4,0.0033342107572168116,False
138199,,Transatel,broadband,2024-Q2,2024,2,32.922240070956754,7.564237885261621,25.32320733839633,5.600951786128905,137.482,126.252,37,2,0.0032464683688690006,False
137220,,"Texas Instruments, Inc",broadband,2024-Q2,2024,2,25.70397981000866,11.324316934467962,20.40594029383491,1.7322007702239794,96.41797297297298,28.944,37,5,0.0032464683688690006,False
6461,,Zayo Bandwidth,broadband,2024-Q2,2024,2,76.28246307833675,64.59003661986067,74.596295805932,53.42474997679932,198.51318918918918,236.366,37,7,0.0032464683688690006,False
63981,,NTDKL,broadband,2024-Q2,2024,2,9.669055584175531,7.185556855386958,9.291975817313547,6.985901355027773,92.82041666666667,112.44,36,4,0.0031587259805211897,False
140693,,The Walt Disney Company (HK) Ltd,broadband,2024-Q2,2024,2,192.32560653047653,202.17046414038091,37.11841658507906,5.39618928022193,64.18970588235294,71.07249999999999,34,4,0.002983241203825568,False
38166,,Standard Chartered Bank (Hong Kong) Limited.Banking and,broadband,2024-Q2,2024,2,57.17278502811966,68.42158369690027,27.004972491546763,57.20436714191723,27.72551515151515,9.868,33,4,0.002895498815477757,False
132242,,Hogarth Worldwide Pte,broadband,2024-Q2,2024,2,486.8891691491627,299.3997640361213,511.72797447927076,297.310380075324,10.662125,1.5,32,2,0.0028077564271299467,False
134457,,BMC Software Asia Pacific Pte Ltd,broadband,2024-Q2,2024,2,29.399760711219628,16.01654829114578,32.98222672133454,13.757322798535974,81.47121875,72.273,32,1,0.0028077564271299467,False
151326,,DCConnect Communication Pte. Ltd.,broadband,2024-Q2,2024,2,6.259199589657103,1.8602763544324006,2.925000044911922,0.2717035423367195,309.5500625000001,302.4595,32,3,0.0028077564271299467,False
22764,,"Fluor Enterprises, Inc.",broadband,2024-Q2,2024,2,22.739086999216507,5.6588073192324355,19.649603873844143,0.8211701203238635,230.50809677419352,208.754,31,2,0.0027200140387821357,False
16509,,"Amazon.com, Inc.",broadband,2024-Q2,2024,2,2.2682489783062865,2.2538460083613914,1.9906349015900653,1.786547955431892,52.25390322580645,36.773,31,2,0.0027200140387821357,False
7054,,"Merck and Co., Inc.",broadband,2024-Q2,2024,2,84.36525817807379,60.68521531047684,67.28164441780072,53.576465574299654,93.15706666666665,114.06649999999999,30,10,0.0026322716504343247,False
154177,,LIGHT NODE LIMITED,broadband,2024-Q2,2024,2,20.066253044917897,23.228564258726855,2.2205523765045623,8.184558830882338,155.3353,46.5465,30,9,0.0026322716504343247,False
11911,,The Bank of New York Mellon Corporation,broadband,2024-Q2,2024,2,123.32644328862597,132.63281062918307,38.60454374057315,37.9573492767713,2.482413793103448,2.091,29,3,0.002544529262086514,False
203554,,Louis Vuitton Malletier SA,broadband,2024-Q2,2024,2,16.485621304355227,13.591844541820135,13.283926582295356,8.392589128893045,208.43867857142854,216.018,28,11,0.002456786873738703,False
401243,,Komi LLC,broadband,2024-Q2,2024,2,183.3027307947564,45.805386338915646,158.8564325992176,52.10279552804313,103.07838461538459,86.963,26,4,0.0022813020970430817,False
394161,,"Tesla Motors, Inc.",broadband,2024-Q2,2024,2,55.17010632942586,39.053563616070996,46.3923299034614,25.16480403803881,266.0649615384615,278.696,26,10,0.0022813020970430817,False
150436,,Byteplus Pte. Ltd.,broadband,2024-Q2,2024,2,8.553033882403152,5.779307166474322,9.017890096986195,5.285688431739546,113.19975,101.90100000000001,24,3,0.0021058173203474598,False
135607,Infinivan,Infinivan Incorporated,broadband,2024-Q2,2024,2,272.94542656759967,237.30407056418846,84.47749296057366,78.04682909697598,43.61295833333333,3.9335,24,4,0.0021058173203474598,False
18725,,PVH Corp.,broadband,2024-Q2,2024,2,17.127268273952584,12.189217329949809,14.837756386365974,4.2877840776420975,214.14429166666665,209.7635,24,1,0.0021058173203474598,False
24182,,Interpublic GIS,broadband,2024-Q2,2024,2,208.12207651972312,216.24775018717213,225.40003064323014,209.52880464804352,11.162565217391306,3.895,23,1,0.0020180749319996492,False
133125,,PG Lion ReSources Aust Pty Ltd,broadband,2024-Q2,2024,2,65.65834085004681,7.108076196351753,23.79314426891245,3.6867931135547107,185.31504347826086,197.972,23,3,0.0020180749319996492,False
136513,,FILINVEST BUSINESS SERVICES CORPORATION,broadband,2024-Q2,2024,2,7.8880393288881,3.7800781210708077,4.761424292949211,4.388904038781325,187.6420434782609,185.887,23,2,0.0020180749319996492,False
28939,,ARM Ltd,broadband,2024-Q2,2024,2,16.709161445901515,7.010672962175864,10.929648279898519,0.8074690127724694,319.41569565217395,307.539,23,2,0.0020180749319996492,False
56308,,"TELEKOMUNIKASI INDONESIA INTERNATIONAL, PTE.LTD",broadband,2024-Q2,2024,2,58.31455942210935,22.189169369693467,63.05051598291733,17.40491598443685,17.475863636363638,18.201999999999998,22,6,0.0019303325436518383,False
7700,,SINGAPORE TELECOMMUNICATIONS LTD,broadband,2024-Q2,2024,2,1.5822385400330101,0.39306750010238667,0.9131451083853404,0.17954339206103131,511.52633333333335,341.253,21,4,0.0018425901553040273,False
19239,,KLA Corporation,broadband,2024-Q2,2024,2,397.26246258300023,382.3085059557408,209.77981644259023,363.44709307988353,3.980190476190477,3.473,21,1,0.0018425901553040273,False
64086,,Australia and New Zealand Banking Group Limited (ANZ),broadband,2024-Q2,2024,2,40.27116059402512,26.555394334938374,31.474191532693258,6.24289649877403,94.5878,81.7915,20,3,0.0017548477669562166,False
136744,,DREAM POWER TECHNOLOGY LIMITED,broadband,2024-Q2,2024,2,59.047871090305634,49.36046602123602,65.55485846621288,53.19940296370162,76.1507,33.677,20,12,0.0017548477669562166,False
134407,,MediaCorp Pte Ltd,broadband,2024-Q2,2024,2,298.32217185556374,225.308866062037,190.81642508788832,217.7360807501929,24.0303,3.8064999999999998,20,3,0.0017548477669562166,False
34414,,Nokia APAC,broadband,2024-Q2,2024,2,11.748351466719937,4.892948847045344,11.070019582256542,3.421764889229812,208.44689999999997,275.041,20,2,0.0017548477669562166,False
4800,,PT Aplikanusa Lintasarta,broadband,2024-Q2,2024,2,6.922594222720744,7.419203857191638,4.525409155527845,1.452767471699102,238.78815789473686,6.987,19,4,0.0016671053786084058,False
133587,,Bain and Company,broadband,2024-Q2,2024,2,69.94472294356581,43.57092152900383,26.605595257850307,1.8732753675014342,101.979,105.323,19,1,0.0016671053786084058,False
3911,,"Micron Technology, Inc.",broadband,2024-Q2,2024,2,77.6582383590746,60.897625190114546,61.99116324595112,49.093382027349875,37.4811052631579,37.296,19,2,0.0016671053786084058,False
56173,,internet content provider,broadband,2024-Q2,2024,2,55.15784062882212,7.596007243265193,61.38003475911237,3.3808100782722645,173.1518888888889,96.803,18,6,0.0015793629902605948,False
3549,,"Level 3 Parent, LLC",broadband,2024-Q2,2024,2,109.58686122526876,120.51933218356906,113.34204254429962,157.50730019951106,107.48172222222223,76.75200000000001,18,4,0.0015793629902605948,False
59326,,DSO National Laboratories,broadband,2024-Q2,2024,2,261.0812085528455,68.14353352806347,148.62128418977167,18.165449706107573,2.1285294117647062,1.921,17,6,0.001491620601912784,False
138610,,SAP SE,broadband,2024-Q2,2024,2,41.31989313120395,36.56860203810715,23.206167846862833,21.503426588875488,129.6385882352941,92.606,17,13,0.001491620601912784,False
141760,,Mercedes-Benz Singapore Pte. Ltd.,broadband,2024-Q2,2024,2,37.615881760553286,25.836004250937375,34.48738695849596,21.78796296422875,62.541117647058826,66.246,17,11,0.001491620601912784,False
17497,,Liasail Global Hongkong Limited,broadband,2024-Q2,2024,2,20.109488391123595,10.903829813659286,19.053437986768934,4.168247048080488,53.35743749999999,1.1105,16,9,0.0014038782135649733,False
23703,,"RigNet, Communication to remote locations in Asia/Pacific.",broadband,2024-Q2,2024,2,5.975132974153534,1.6489596825293695,2.5569611288275116,2.0281483155550535,207.84624999999997,15.761,16,6,0.0014038782135649733,False
3573,,Accenture LLP,broadband,2024-Q2,2024,2,119.36261226628909,76.53282954772256,144.9994493990199,78.06897073102927,42.55918749999999,3.8680000000000003,16,12,0.0014038782135649733,False
151338,,POLONETWORK LIMITED,broadband,2024-Q2,2024,2,93.06701058284567,22.91597763298461,64.31457415130356,18.981439366972264,11.855062499999999,0.5785,16,5,0.0014038782135649733,False
64003,,8 Anthony Road,broadband,2024-Q2,2024,2,23.50366612517661,17.994376436054342,16.85313446091518,16.038164475834094,17.9495,4.0,16,3,0.0014038782135649733,False
1828,,Unitas Global,broadband,2024-Q2,2024,2,150.7501001549041,229.8073165253836,186.07477685412897,76.22136494734478,37.205799999999996,35.995,15,2,0.0013161358252171624,False
136537,,SQUAREPOINT OPERATIONS PRIVATE LIMITED,broadband,2024-Q2,2024,2,444.2302494809559,113.94707169261522,439.57570826666876,54.91386730135862,34.5244,36.434,15,1,0.0013161358252171624,False
133391,,SYSNETPRO SOLUTION PTE LTD,broadband,2024-Q2,2024,2,103.87222774914059,16.413096861306954,73.3766201905308,7.538132383564841,46.424571428571426,10.89,14,1,0.0012283934368693516,False
45597,,POINT72 ASIA,broadband,2024-Q2,2024,2,234.6255865841259,190.84796272076602,72.71745479472361,7.980434651209587,72.29171428571429,41.149,14,1,0.0012283934368693516,False
24739,,SEVEREN TELECOM,broadband,2024-Q2,2024,2,35.57685483895708,14.911447149613931,16.67698707830842,3.64918684553665,74.90357142857144,71.3785,14,3,0.0012283934368693516,False
132132,,MyRepublic Ltd.,broadband,2024-Q2,2024,2,14.620628341807414,4.483631087975824,16.43186700588224,2.323199714772752,73.73500000000001,64.995,14,2,0.0012283934368693516,False
1248,,HERE Global BV,broadband,2024-Q2,2024,2,43.51850140993836,26.14376711188582,24.340469504746046,25.959182489350564,322.29871428571425,336.504,14,7,0.0012283934368693516,False
216245,,CYBERJET PTE. LTD.,broadband,2024-Q2,2024,2,78.1774247250221,12.452265528059378,44.6134931688595,12.463135161762432,167.86746153846155,41.03,13,9,0.0011406510485215409,False
24331,,eBay Inc ASIA ASN eCommerce San Jose,broadband,2024-Q2,2024,2,23.38870477998987,5.966600438465688,6.922945337843088,0.716445325332012,199.32115384615383,200.125,13,1,0.0011406510485215409,False
132236,,NEC ASIA PACIFIC PTE LTD,broadband,2024-Q2,2024,2,35.63315671024503,19.712910922796343,0.20664596209883862,0.08272222564351653,223.35600000000002,98.147,13,1,0.0011406510485215409,False
62654,,"MENLO SECURITY, INC.",broadband,2024-Q2,2024,2,683.8006076259677,580.6345516151565,730.0963145055741,639.0723827514321,2.734916666666667,2.909,12,5,0.0010529086601737299,False
139028,,Singapore Technologies Engineering Ltd,broadband,2024-Q2,2024,2,61.62499956757052,79.08983616095692,43.81293335042998,84.71651115579202,1.6204166666666666,1.3935,12,2,0.0010529086601737299,False
7138,,"Encompass Digital Media, LLC",broadband,2024-Q2,2024,2,357.93993002448445,357.0794526635409,84.59562529628454,48.27222838910133,116.43816666666667,107.4335,12,3,0.0010529086601737299,False
19773,,"Motorola, Inc.",broadband,2024-Q2,2024,2,40.673098838340486,22.38432327534274,31.60884695843235,0.9787760991344499,89.52308333333333,48.331999999999994,12,11,0.0010529086601737299,False
5065,,Bunny Communications,broadband,2024-Q2,2024,2,28.82661143661664,8.967286032467577,30.67344889336057,3.0506156968497984,208.7266666666667,205.22,12,3,0.0010529086601737299,False
132337,,Axclusive,broadband,2024-Q2,2024,2,115.30988138445993,91.06945692764393,37.92379350208524,16.279613512965113,4.288416666666667,4.4375,12,2,0.0010529086601737299,False
27399,,Balyasny Asset Management L.P.,broadband,2024-Q2,2024,2,13.774051088386466,7.353139993540988,11.451479359139283,0.8385578920073987,213.16563636363637,205.694,11,1,0.0009651662718259191,False
204761,,Prysmian S.p.A.,broadband,2024-Q2,2024,2,0.9549203259359014,1.2836443893876635,0.7853077709278871,1.2038616199840424,136.70509090909093,129.589,11,1,0.0009651662718259191,False
45530,,Agoda Company Pte. Ltd.,broadband,2024-Q2,2024,2,612.7522048241833,660.3335754697308,684.7392121648513,673.6763791375325,31.940363636363635,30.526,11,1,0.0009651662718259191,False
138341,,SHOPEE SINGAPORE PRIVATE LIMITED,broadband,2024-Q2,2024,2,126.63483724698543,103.9619777829846,57.47421975998289,10.712941169511417,14.6054,5.2745,10,3,0.0008774238834781083,False
18402,,NATIONAL LIBRARY BOARD,broadband,2024-Q2,2024,2,29.88890648399152,24.20846542937779,19.620473422710702,5.479387774774008,38.1528,34.218,10,1,0.0008774238834781083,False
1299,,Arelion Sweden AB,broadband,2024-Q2,2024,2,51.61088797263718,6.873060451145749,12.715986225844805,3.9168206412201405,88.77459999999999,71.5715,10,3,0.0008774238834781083,False
38891,,Measat Satellite Systems Sdn. Bhd.,broadband,2024-Q2,2024,2,3.2024936228517844,0.8543429344108596,3.4634540605082877,0.17247851923331725,27.2748,6.9915,10,2,0.0008774238834781083,False
48266,,Catixs Ltd,broadband,2024-Q2,2024,2,229.45923318880816,26.557156552761022,241.00481953596736,32.029898431610306,1.2034444444444443,1.275,9,2,0.0007896814951302974,False
13167,,Merck KGaA,broadband,2024-Q2,2024,2,19.456879661210564,10.228273029014746,18.389855123071587,4.553938349828832,50.32933333333334,45.3,9,1,0.0007896814951302974,False
395753,,KKR,broadband,2024-Q2,2024,2,566.4993139280164,628.1448148791296,531.6775634615793,840.2971009398603,2.707666666666667,2.556,9,2,0.0007896814951302974,False
199053,,Euronodes Ltd,broadband,2024-Q2,2024,2,287.57672965130524,121.54041890058043,71.9878419392099,7.6709646064955095,18.343666666666664,1.045,9,5,0.0007896814951302974,False
30613,,Chicago Mercantile Exchange,broadband,2024-Q2,2024,2,99.9238355383018,55.50257102544392,110.57854890559649,55.50257102544392,74.94377777777777,74.445,9,1,0.0007896814951302974,False
8360,,Allianz Technology SE,broadband,2024-Q2,2024,2,42.03053727906138,59.525364385569496,13.203150065963442,14.625985448347313,244.35188888888888,251.903,9,2,0.0007896814951302974,False
132850,,TS Global Network Sdn. Bhd.,broadband,2024-Q2,2024,2,2.304343818526709,1.3350686603756972,2.4023244544956257,1.569164594091002,84.11833333333334,114.864,9,3,0.0007896814951302974,False
133524,,"Global Technology Co., Ltd.",broadband,2024-Q2,2024,2,30.478502409400846,14.493021039042873,32.42743437755662,10.618180014665027,80.36625,81.2055,8,6,0.0007019391067824867,False
9292,,21 Tampines Avenue 1,broadband,2024-Q2,2024,2,241.28628377654928,171.0239703463848,114.46665855568622,104.2145318946587,8.965875,2.7605000000000004,8,4,0.0007019391067824867,False
25917,,ROCKWELL AUTOMATION Inc.,broadband,2024-Q2,2024,2,83.42016951772948,44.63731316020744,98.94548739695543,3.1294958176281717,150.421875,139.311,8,6,0.0007019391067824867,False
206804,,EstNOC OU,broadband,2024-Q2,2024,2,20.473176745121577,13.789592600309472,9.954355576399333,0.16139542774031584,235.171375,227.0785,8,3,0.0007019391067824867,False
997,,Beyotta Services LLP,broadband,2024-Q2,2024,2,102.18357058700863,35.006562116158065,79.64745092281002,33.80887902241955,167.95275,144.99450000000002,8,4,0.0007019391067824867,False
5091,,"Stripe, Inc.",broadband,2024-Q2,2024,2,90.1542357559757,95.87452515551071,64.66157780103448,70.37104339747867,188.47757142857148,261.939,7,3,0.0006141967184346758,False
132708,,VNG Singapore PTE. LTD.,broadband,2024-Q2,2024,2,203.83541661933523,257.3025466606183,184.937689486022,258.18641653566795,75.68585714285715,77.0,7,1,0.0006141967184346758,False
14398,,"Autodesk, Inc.",broadband,2024-Q2,2024,2,210.26669996441973,190.04343679334872,170.0812416583889,214.84962351949383,18.132285714285715,4.0,7,5,0.0006141967184346758,False
45652,,VPLS ASIA,broadband,2024-Q2,2024,2,36.66494855505904,0.09347915066355335,39.553289905307686,0.02473651260408831,52.629,2.2235,6,1,0.0005264543300868649,False
133541,,SIPPE-SG,broadband,2024-Q2,2024,2,0.5255285441852332,30.15425992588416,0.5285256816496942,32.96331333472813,61.69,4.0,6,1,0.0005264543300868649,False
393954,,CFN Services Inc.,broadband,2024-Q2,2024,2,66.00015857218938,58.382048263190484,73.9931337455917,81.20543202674263,21.61883333333333,19.6735,6,1,0.0005264543300868649,False
140610,,Bayer (South East Asia) Pte Ltd,broadband,2024-Q2,2024,2,24.21010675198349,2.5266556066102748,14.39359325225336,2.947147539934441,110.37333333333333,41.4375,6,2,0.0005264543300868649,False
141364,,Bayer (South East Asia) Pte Ltd,broadband,2024-Q2,2024,2,4.274745268704299,2.5777212061961503,1.6949602021918877,2.6694064506187605,11.7725,11.974499999999999,6,1,0.0005264543300868649,False
150218,,PT Wijaya Mandiri Network,broadband,2024-Q2,2024,2,23.617042231810633,25.43969163513847,21.25857332699444,22.53970274119088,14.070600000000002,15.0,5,1,0.00043871194173905414,False
17978,,SERVCORP AUSTRALIAN HOLDINGS LTD,broadband,2024-Q2,2024,2,101.73557228028179,98.55567195242158,124.19399341339276,105.56672717391574,5.4294,5.488,5,1,0.00043871194173905414,False
22098,,"The Capital Group Companies, Inc.",broadband,2024-Q2,2024,2,43.33068376072978,30.743730950035673,51.943463831957196,37.17068365961766,218.39720000000003,205.751,5,1,0.00043871194173905414,False
60486,,Swiss Networking Solutions AG,broadband,2024-Q2,2024,2,10.821278038236276,3.3471779696461024,11.948434783663721,1.8655497699380348,379.65959999999995,388.049,5,4,0.00043871194173905414,False
63916,,IPTELECOM Global,broadband,2024-Q2,2024,2,17.454163943407103,24.51786531605463,11.748339859393687,24.51786531605463,33.3376,34.575,5,2,0.00043871194173905414,False
9226,,1-Net Singapore Pte Ltd,broadband,2024-Q2,2024,2,51.738658487510044,30.226293845547833,58.60005943669532,31.378837876477764,6.7414000000000005,3.245,5,2,0.00043871194173905414,False
141167,,AgotoZ HK Limited,broadband,2024-Q2,2024,2,9.02783318325466,5.95059579106595,9.219998853760268,5.980683640876528,19.3668,19.581,5,1,0.00043871194173905414,False
64049,,Reliance Jio Infocomm Pte Ltd Singapore,broadband,2024-Q2,2024,2,227.92761225410376,41.840972381559276,225.6405105787229,44.48981057401093,137.8915,136.8105,4,1,0.00035096955339124333,False
28959,,Vitol Services Ltd,broadband,2024-Q2,2024,2,170.8800268417617,201.6885200626618,216.59077743158173,197.94883396794296,5.01025,1.5765,4,1,0.00035096955339124333,False
984,,OCTOPUS WEB SOLUTION INC,broadband,2024-Q2,2024,2,15.701264005435547,10.9532577130157,15.728373053856693,8.88733638951068,3.9314999999999998,0.4175,4,1,0.00035096955339124333,False
44493,,Chelyabinsk-Signal LLC,broadband,2024-Q2,2024,2,1.323018279025024,0.8214543149271942,1.4386396869123028,0.8214543149271942,117.39850000000001,108.7755,4,1,0.00035096955339124333,False
139062,,Synamedia Asia Private Ltd,broadband,2024-Q2,2024,2,100.23425733330002,69.31001885429122,87.2210979439217,68.52887766231278,89.566,86.8705,4,2,0.00035096955339124333,False
45941,,DOCOMO interTouch - Philippines CC,broadband,2024-Q2,2024,2,48.865824289511465,30.704170337145854,48.139078312296434,28.769577877409027,39.03366666666667,39.322,3,3,0.00026322716504343247,False
7540,,HongKong Commercial Internet Exchange,broadband,2024-Q2,2024,2,25.560415811970543,106.55813091674234,26.26158661336224,19.736530203446886,221.778,328.031,3,1,0.00026322716504343247,False
59210,,PhoenixNAP,broadband,2024-Q2,2024,2,317.4013874992197,302.7260967173543,2.1169996801392146,2.238049315112328,20.410999999999998,29.531,3,2,0.00026322716504343247,False
142636,,SynOption Pte. Ltd.,broadband,2024-Q2,2024,2,131.63688346554895,105.969816473466,180.52074177296603,93.28675658456775,1.0703333333333334,0.502,3,2,0.00026322716504343247,False
206720,,AIRBUS SAS,broadband,2024-Q2,2024,2,55.80552554755582,105.75417886880064,58.09257804676031,105.75417886880064,6.633333333333333,6.823,3,2,0.00026322716504343247,False
11746,,"Waggener Edstrom Worldwide, Inc.",broadband,2024-Q2,2024,2,283.6510551082974,312.144472917749,255.83902185816913,316.6947767608055,5.212,5.26,3,1,0.00026322716504343247,False
135526,,KM Holdings Pty Ltd,broadband,2024-Q2,2024,2,191.3991215302774,33.822339786646786,195.52289406536374,6.932552754238284,86.796,87.098,3,1,0.00026322716504343247,False
62651,,"Strong Technology, LLC.",broadband,2024-Q2,2024,2,43.83290589829542,2.7633111858538664,47.65909866193764,2.7633111858538664,0.511,0.111,3,1,0.00026322716504343247,False
396904,,QualiSpace Inc,broadband,2024-Q2,2024,2,71.8365857641806,15.879354408065396,77.62060719065299,20.752476989669745,222.44033333333334,220.208,3,2,0.00026322716504343247,False
800,,OneWeb,broadband,2024-Q2,2024,2,16.34438544838043,2.6291818504070323,13.898320574518106,3.0790703785635225,315.7246666666667,315.877,3,1,0.00026322716504343247,False
136552,,Pacific Comnet (M) Sdn. Bhd.,broadband,2024-Q2,2024,2,30.21613172898961,23.381358361809394,26.57929786509798,23.381358361809394,15.394666666666666,17.697,3,2,0.00026322716504343247,False
55781,,Fujitsu Asia Pte. Ltd.,broadband,2024-Q2,2024,2,16.16013223439118,18.877173244916083,19.226586703348268,18.523859394704477,2.349,2.169,3,1,0.00026322716504343247,False
64050,,BGP Network Limited,broadband,2024-Q2,2024,2,30.67280966840491,25.16480836219111,37.55232997467811,31.54689586552067,84.57766666666667,80.601,3,2,0.00026322716504343247,False
18186,,Nebula Global LLC,broadband,2024-Q2,2024,2,21.337752001229706,12.98099749791493,18.19616146758047,12.98099749791493,76.58533333333334,30.764,3,2,0.00026322716504343247,False
133471,,SYNAPXE PTE. LTD.,broadband,2024-Q2,2024,2,148.1204021500831,95.74596060129886,26.053568196585648,22.39985536225635,23.87966666666667,34.069,3,1,0.00026322716504343247,False
33442,,Zebra Technologies Corporation,broadband,2024-Q2,2024,2,49.903370250242645,48.05873506611245,49.903370250242645,48.05873506611245,228.5,228.5,2,1,0.00017548477669562167,False
38532,,Exabytes Network (Singapore) Pte. Ltd.,broadband,2024-Q2,2024,2,39.44429015874173,16.480372796559188,39.44429015874173,16.480372796559188,120.245,120.245,2,2,0.00017548477669562167,False
49544,,i3D.net B.V,broadband,2024-Q2,2024,2,637.954404969482,915.5609732097714,637.954404969482,915.5609732097714,2.0285,2.0285,2,1,0.00017548477669562167,False
31216,,BSO Network Solutions SAS,broadband,2024-Q2,2024,2,467.71270071571814,469.3456144653856,467.71270071571814,469.3456144653856,1.2685,1.2685,2,2,0.00017548477669562167,False
200017,,Elisteka UAB,broadband,2024-Q2,2024,2,71.8023781149694,52.8164950927579,71.8023781149694,52.8164950927579,202.1995,202.1995,2,1,0.00017548477669562167,False
46078,,Dimension Data AP Kaki Bukit Singapore,broadband,2024-Q2,2024,2,43.368955763839516,42.06918728322586,43.368955763839516,42.06918728322586,37.6685,37.6685,2,1,0.00017548477669562167,False
6421,,TATA COMMUNICATIONS (AMERICA) INC,broadband,2024-Q2,2024,2,19.982058639392065,5.778739719921783,19.982058639392065,5.778739719921783,128.218,128.218,2,1,0.00017548477669562167,False
211029,,XTX Markets Limited,broadband,2024-Q2,2024,2,932.4746055827085,909.5733361886424,932.4746055827085,909.5733361886424,0.3175,0.3175,2,1,0.00017548477669562167,False
134839,,PropertyGuru Pte Ltd,broadband,2024-Q2,2024,2,55.16925121568678,97.55408500483591,55.16925121568678,97.55408500483591,205.3175,205.3175,2,2,0.00017548477669562167,False
14127,,Iland Internet Solutions Corporation,broadband,2024-Q2,2024,2,77.48131865469738,,77.48131865469738,,173.9855,173.9855,2,1,0.00017548477669562167,False
3561,,"CenturyLink Communications, LLC",broadband,2024-Q2,2024,2,19.63990995588358,21.917974050294553,19.63990995588358,21.917974050294553,60.907,60.907,2,1,0.00017548477669562167,False
10074,,iBasis Singapore ICO,broadband,2024-Q2,2024,2,5.087453795189214,13.215564545047467,5.087453795189214,13.215564545047467,370.7605,370.7605,2,1,0.00017548477669562167,False
21595,,Baxter Healthcare,broadband,2024-Q2,2024,2,1.1119015940908004,,1.1119015940908004,,249.0,249.0,2,1,0.00017548477669562167,False
133322,,XIMBO Internet Limited,broadband,2024-Q2,2024,2,402.94471773585065,283.2644416267005,402.94471773585065,283.2644416267005,34.3845,34.3845,2,2,0.00017548477669562167,False
15830,,Equinix (EMEA) Acquisition Enterprises B.V.,broadband,2024-Q2,2024,2,105.48678255956901,19.81988320607893,105.48678255956901,19.81988320607893,44.194,44.194,2,2,0.00017548477669562167,False
136736,,NEOLINK TECHNOLOGY PTE. LTD.,broadband,2024-Q2,2024,2,17.577723263499028,3.8458798923127357,17.577723263499028,3.8458798923127357,164.828,164.828,2,2,0.00017548477669562167,False
132364,,TEC,broadband,2024-Q2,2024,2,367.62448801666824,40.94313094722291,367.62448801666824,40.94313094722291,1.318,1.318,2,2,0.00017548477669562167,False
13778,,Johnson & Johnson,broadband,2024-Q2,2024,2,128.44052831236462,138.9700798849559,128.44052831236462,138.9700798849559,59.3115,59.3115,2,1,0.00017548477669562167,False
216101,,Homura Network Limited,broadband,2024-Q2,2024,2,69.59436450374182,27.920740468099076,69.59436450374182,27.920740468099076,16.943,16.943,2,2,0.00017548477669562167,False
45470,,8 to Infinity Pte Ltd,broadband,2024-Q2,2024,2,332.978453377753,129.11471435185746,332.978453377753,129.11471435185746,3.5275000000000003,3.5275000000000003,2,2,0.00017548477669562167,False
135525,,"Exoduspoint Capital Management Singapore, Pte. Ltd.",broadband,2024-Q2,2024,2,321.73734906210996,23.44444831110338,321.73734906210996,23.44444831110338,1.7585,1.7585,2,1,0.00017548477669562167,False
40810,,Ernst & Young LLP,broadband,2024-Q2,2024,2,46.46468618178243,26.692297776833442,46.46468618178243,26.692297776833442,243.458,243.458,1,1,8.774238834781083e-05,False
30081,,CacheFly,broadband,2024-Q2,2024,2,35.86923829687423,,35.86923829687423,,287.0,287.0,1,1,8.774238834781083e-05,False
17886,,Matrix Networks Pte Ltd,broadband,2024-Q2,2024,2,214.6155714621088,293.1399064497661,214.6155714621088,293.1399064497661,3.275,3.275,1,1,8.774238834781083e-05,False
142119,,NEX CORPORATEIT PTE LTD,broadband,2024-Q2,2024,2,145.79917811249047,144.17787121736666,145.79917811249047,144.17787121736666,1.833,1.833,1,1,8.774238834781083e-05,False
208187,,TeamViewer Germany GmbH,broadband,2024-Q2,2024,2,2.4666644256418064,,2.4666644256418064,,388.435,388.435,1,1,8.774238834781083e-05,False
132829,,Nevigate Communications (S) Pte Ltd,broadband,2024-Q2,2024,2,84.77725504941256,,84.77725504941256,,6.642,6.642,1,1,8.774238834781083e-05,False
16875,,AON Corporation,broadband,2024-Q2,2024,2,2.420573282282533,0.002393418100224383,2.420573282282533,0.002393418100224383,85.747,85.747,1,1,8.774238834781083e-05,False
11427,,Charter Communications Inc,broadband,2024-Q2,2024,2,39.15490681046399,,39.15490681046399,,69.853,69.853,1,1,8.774238834781083e-05,False
137182,,BLUE WIRELESS PTE LTD,broadband,2024-Q2,2024,2,6.9279079400360795,2.1921022973446043,6.9279079400360795,2.1921022973446043,228.543,228.543,1,1,8.774238834781083e-05,False
58521,,Garena Online Pte Ltd,broadband,2024-Q2,2024,2,12.714220843622474,14.682202334389899,12.714220843622474,14.682202334389899,121.0,121.0,1,1,8.774238834781083e-05,False
23764,,CTGNet,broadband,2024-Q2,2024,2,74.58960839766573,86.03624765863412,74.58960839766573,86.03624765863412,3.991,3.991,1,1,8.774238834781083e-05,False
45166,,Pacific Internet Pte Ltd,broadband,2024-Q2,2024,2,39.33070210755344,,39.33070210755344,,2.833,2.833,1,1,8.774238834781083e-05,False
56172,,Agora Communications Pte Ltd,broadband,2024-Q2,2024,2,54.53028565097498,,54.53028565097498,,4.138,4.138,1,1,8.774238834781083e-05,False
150171,,DIGISIGMA PTE. LTD.,broadband,2024-Q2,2024,2,35.2371576972694,29.949636090875078,35.2371576972694,29.949636090875078,117.522,117.522,1,1,8.774238834781083e-05,False
147188,,Rocket Network Pte. Ltd.,broadband,2024-Q2,2024,2,402.77543701591844,299.0124571316118,402.77543701591844,299.0124571316118,0.932,0.932,1,1,8.774238834781083e-05,False
136733,,Racks Central Pte Ltd,broadband,2024-Q2,2024,2,162.90547742084385,786.3452422619031,162.90547742084385,786.3452422619031,1.237,1.237,1,1,8.774238834781083e-05,False
206216,,Advin Services LLC,broadband,2024-Q2,2024,2,90.35146100170489,5.496363188134777,90.35146100170489,5.496363188134777,205.035,205.035,1,1,8.774238834781083e-05,False
55426,,Amphenol FCI Asia Pte Ltd,broadband,2024-Q2,2024,2,21.307022917110015,0.08215662644337668,21.307022917110015,0.08215662644337668,59.347,59.347,1,1,8.774238834781083e-05,False
26940,,Levi Strauss & Co.,broadband,2024-Q2,2024,2,63.165861490822415,94.48239244650576,63.165861490822415,94.48239244650576,208.329,208.329,1,1,8.774238834781083e-05,False
6079,,RCN,broadband,2024-Q2,2024,2,8.560504137878674,9.842645667502365,8.560504137878674,9.842645667502365,30.146,30.146,1,1,8.774238834781083e-05,False
31898,,Oracle Corporation,broadband,2024-Q2,2024,2,2.9104260708602605,0.27166021833238885,2.9104260708602605,0.27166021833238885,183.137,183.137,1,1,8.774238834781083e-05,False
138947,,NORTHERN TRUST CORPORATION,broadband,2024-Q2,2024,2,8.636882393534233,5.0044823582551965,8.636882393534233,5.0044823582551965,205.0,205.0,1,1,8.774238834781083e-05,False
63440,,TELNYX LLC,broadband,2024-Q2,2024,2,0.7064881887408824,,0.7064881887408824,,902.166,902.166,1,1,8.774238834781083e-05,False
141435,,Bayer (South East Asia) Pte Ltd,broadband,2024-Q2,2024,2,2.401652478793139,0.05882956470226118,2.401652478793139,0.05882956470226118,2.0,2.0,1,1,8.774238834781083e-05,False
23154,,Sanmina-SCI Corporation,broadband,2024-Q2,2024,2,161.22366342138656,112.16619607335846,161.22366342138656,112.16619607335846,1.293,1.293,1,1,8.774238834781083e-05,False
152111,,CTCSCI TECH LIMITED,broadband,2024-Q2,2024,2,6.01026828578141,6.255490212685027,6.01026828578141,6.255490212685027,247.85,247.85,1,1,8.774238834781083e-05,False
136041,,"Singapore Telecom, ConnectPlus",broadband,2024-Q2,2024,2,2.5026786928410765,0.008474526275161124,2.5026786928410765,0.008474526275161124,322.111,322.111,1,1,8.774238834781083e-05,False
132277,,XTRA COMMUNICATION,broadband,2024-Q2,2024,2,96.41361020839629,41.37676135421602,96.41361020839629,41.37676135421602,3.545,3.545,1,1,8.774238834781083e-05,False
55430,,Starhub Ltd,broadband,2024-Q3,2024,3,240.75119087634647,208.42252769031194,130.9874393719936,100.62012773968344,13.926361576645373,4.889,288233,136123,27.731697202998376,True
9506,,Singtel Fibre Broadband,broadband,2024-Q3,2024,3,186.6203103185131,153.03007478476079,112.48236227332023,78.37961966673839,39.83399428400368,37.337,247346,67095,23.797845411083518,True
4773,,MobileOne Ltd. Mobile/Internet Service Provider Singapore,broadband,2024-Q3,2024,3,246.7937850574874,189.7044688331987,129.40022968505173,93.68516530096637,20.86441681028234,5.132,124230,24495,11.952513222040809,True
56300,,MyRepublic Ltd.,broadband,2024-Q3,2024,3,313.60558601399265,249.6134228078778,194.7309883743004,125.51777417886099,9.957518399981103,5.0,84710,4444,8.150184295573347,True
3758,,SingNet,broadband,2024-Q3,2024,3,133.22843302348494,108.11194262255319,63.79228937089015,39.169750163902584,32.21176459541984,35.161500000000004,65523,8921,6.304149753262335,True
16731,,Royal Bank of Canada,broadband,2024-Q3,2024,3,27.563113112826667,11.881315518109897,24.705255708136775,13.868128248531313,221.18092587480345,233.501,41295,3,3.973106604718467,True
4657,,StarHub Ltd,broadband,2024-Q3,2024,3,231.97285383805846,208.02634058925287,91.45487189611461,75.23007936115877,11.032275783169963,4.346,35416,11100,3.4074716917958403,True
18106,,Viewqwest Pte Ltd,broadband,2024-Q3,2024,3,309.7988387047608,237.56455549639637,193.01032553046576,133.90305595909905,9.445414726077427,4.158,34238,1922,3.29413304110306,True
17547,,M1 NET LTD,broadband,2024-Q3,2024,3,127.71693094333894,114.77097226887571,76.06837320854524,60.88713631128637,25.90961318349231,9.1065,21185,2638,2.0382676697169324,True
4817,,Simba Telecom Pte Ltd,broadband,2024-Q3,2024,3,173.1835604997967,193.10612802521055,74.30213921585882,93.22594801253517,81.72345332837486,72.496,18831,1301,1.8117827938843312,True
135600,,Whiz Communications Pte Ltd,broadband,2024-Q3,2024,3,200.9532335070954,158.661222788016,119.32924838684306,83.760014399856,28.14512251291635,21.756,18206,4398,1.7516498085846812,True
132356,,Changi Airport Group (Singapore) Pte Ltd,broadband,2024-Q3,2024,3,58.382668481856854,51.64613288030971,48.083462395315806,41.37072428836014,24.108534161490677,4.88,4350,69,0.4185255776855632,True
38258,,Sony - ASN for Asia Pacific,broadband,2024-Q3,2024,3,33.94130259633028,15.446755550155062,15.383398282575268,1.0754452641985244,141.07033778437193,78.38,4050,1414,0.3896617447417312,True
9419,,Nanyang Technological University,broadband,2024-Q3,2024,3,70.59237206603991,73.96027699138602,73.43948050592233,62.89081248940887,6.913612422360247,3.19,4025,207,0.38725642532974525,True
23856,,SPTEL PTE. LTD.,broadband,2024-Q3,2024,3,201.1827214679454,145.42469965935092,90.88177641796264,49.557732261442574,9.04887418382722,3.9924999999999997,3984,542,0.3833117014940882,True
(unknown),,,broadband,2024-Q3,2024,3,92.4566136932667,63.34159960184207,52.044688350502476,16.281739958575653,27.173911261697324,0.91,3099,205,0.29816339430978395,True
141995,,Contabo Asia Private Limited,broadband,2024-Q3,2024,3,26.698485812668398,34.83401173052115,6.199339026802867,1.3858196447140063,135.69508017027317,113.497,2823,153,0.2716086680014586,True
133466,,Robert Bosch GmbH,broadband,2024-Q3,2024,3,22.736404879305343,28.976323871394943,14.892628030736837,11.86126675603325,8.284628122769451,1.229,2802,19,0.26958819969539033,True
7472,,NUS Information Technology,broadband,2024-Q3,2024,3,84.21164747597953,75.2959694768362,88.82580349838494,83.99900097684497,12.591738505747124,4.3235,2784,680,0.2678563697187604,True
2559,,VISA INTERNATIONAL SERVICE ASSOCIATION,broadband,2024-Q3,2024,3,28.934574074452286,22.073398391570137,10.233489250868498,5.93349149555616,96.05437379421222,39.939499999999995,1244,3,0.11968869394042313,True
6364,,"Atlantic.net, Inc.",broadband,2024-Q3,2024,3,58.880582110436116,11.143653818968115,17.746569996205693,0.8237631153299381,115.06939967767931,33.548,1241,95,0.11940005561098481,True
24467,,Deutsche Bank APAC RHO in Singapore Internet AS,broadband,2024-Q3,2024,3,50.98402774063627,30.782196947697006,21.526934984520125,10.703601717391868,5.3110162206001625,2.19,1233,7,0.11863035339914929,True
212238,,Datacamp Limited,broadband,2024-Q3,2024,3,17.093706184785546,5.268267333107171,8.796698057757867,1.8311765486686284,183.3503241436926,174.734,1197,85,0.11516669344588945,True
41378,,Kirino LLC,broadband,2024-Q3,2024,3,303.2348202555274,63.80693155606039,343.2143348427294,69.54120155457811,31.506315266485995,36.0,1107,13,0.10650754356273986,True
4628,,Pacific Internet Pte Ltd,broadband,2024-Q3,2024,3,77.79327697965104,62.25078078165616,21.533245613561405,13.539080913786293,47.523002967359055,6.051,1011,152,0.09727111702071364,True
26496,,"GoDaddy.com, LLC",broadband,2024-Q3,2024,3,44.70307770118987,6.995378965161421,38.45787238191732,1.9205798959974352,190.48121393034828,195.68,1005,35,0.09669384036183701,True
136873,,MEGADATA-ISP,broadband,2024-Q3,2024,3,8.790226510251717,7.805895762945024,3.895909317278675,4.3212948321294835,29.307125958378972,18.715,913,17,0.08784226492572855,True
7862,,Chevron Corporation,broadband,2024-Q3,2024,3,32.145610607516794,19.619327390418672,17.60466989057969,2.461194435502162,203.87239360529216,257.899,909,33,0.08745741381981079,True
109,,"CISCO SYSTEMS, INC.",broadband,2024-Q3,2024,3,31.959824412261565,21.39183918892003,21.56982789688277,18.070384141214262,137.6286997690531,79.00899999999999,867,299,0.08341647720767431,True
55415,,4 Shenton Way,broadband,2024-Q3,2024,3,35.90095435625935,29.16314303490337,39.56918418161165,33.27376936904974,11.114923362175526,4.416,809,51,0.07783613617186681,True
38136,,Akari Networks,broadband,2024-Q3,2024,3,229.74199169192593,27.514804894674327,162.76687196593218,17.505934586798862,25.72571212121212,31.493,792,155,0.07620051897171633,True
56094,,ITENET:wq,broadband,2024-Q3,2024,3,166.30350937845208,116.26610460185191,83.6003258011651,77.67614037719636,50.668663173652696,5.6465,668,24,0.0642701346882658,True
393559,,"WEBBING USA, INC.",broadband,2024-Q3,2024,3,19.233169168226407,7.448607824490333,13.37184999247326,3.1996077915041132,303.47937019969277,308.55,652,32,0.06273073026459476,True
138345,,StarHub Ltd,broadband,2024-Q3,2024,3,21.715934605111464,6.775212352413698,6.152199921061682,1.4890843225719301,114.50849554367203,18.19,562,213,0.054071580381445175,True
136513,,FILINVEST BUSINESS SERVICES CORPORATION,broadband,2024-Q3,2024,3,28.091598178965377,33.15304378861359,7.079621923426019,8.398572165140205,77.21769341563784,71.0,486,2,0.04675940936900775,True
133728,,Chubb Asia Pacific Pte Ltd,broadband,2024-Q3,2024,3,27.745999196684075,13.291661984415434,22.22013340498636,5.647864925779918,18.171761410788385,3.343,482,1,0.04637455826308999,True
46559,,ZGX US LLC,broadband,2024-Q3,2024,3,10.219873728676914,2.7167273598221,7.556975337255462,1.5521877737467151,158.00663090128754,128.1705,466,126,0.044835153839418954,True
394984,,"Fragomen, Del Rey, Bernsen & Loewy, LLP",broadband,2024-Q3,2024,3,15.457681950824426,13.100160985352561,9.737292026987893,8.414856825131606,161.97973522458634,205.718,423,1,0.04069800445080304,True
2047,,Hoffmann - La Roche Ltd.,broadband,2024-Q3,2024,3,38.75865893992631,33.62069009432478,21.543420332052897,11.542809440066783,41.8121590909091,1.8665,396,2,0.038100259485858164,True
35163,,Procter & Gamble Service GmbH,broadband,2024-Q3,2024,3,150.95965753331907,151.40512222787126,97.56375168392279,78.90304357900295,126.9790126903553,115.338,394,9,0.03790783393289929,True
137991,,Lifeway Singapore Pte. Ltd.,broadband,2024-Q3,2024,3,24.34329246640799,28.49151920938428,12.349924449076562,14.079217084544752,117.05350895140668,153.202,392,7,0.037715408379940404,True
134078,,NETPLUZ HOLDINGS PRIVATE LIMITED,broadband,2024-Q3,2024,3,81.5736862512605,62.293477340482966,48.969057267310475,31.64624920778352,13.378361538461538,4.0145,390,92,0.03752298282698153,True
138539,,Jewel Changi Airport Trustee Pte. Ltd.,broadband,2024-Q3,2024,3,26.2506126750675,23.212888104346987,22.026528056940094,9.384419680700162,11.196883419689122,4.0,386,61,0.03713813172106377,True
10024,,LGA International,broadband,2024-Q3,2024,3,129.92683882790064,124.57191186569075,71.46025431502451,81.36974014170752,5.307241192411925,3.047,369,76,0.03550251452091329,True
131475,,Singapore Institute of Technology,broadband,2024-Q3,2024,3,117.11579653199982,119.99340963250023,23.01492666536804,22.88045997618333,7.621652777777778,3.7405,360,95,0.03463659953259833,True
8220,,COLT Technology Services Group Limited,broadband,2024-Q3,2024,3,117.97654992421803,107.8737236456527,44.143255381621714,33.42410727066043,24.745947214076246,3.951,342,68,0.03290476955596842,True
133782,,Elsevier Ltd,broadband,2024-Q3,2024,3,31.944613635215774,33.11429525518049,29.006999894817127,19.46691906936337,139.41806006006004,110.869,333,2,0.03203885456765346,True
44356,,Epsilon Telecommunications Ltd,broadband,2024-Q3,2024,3,17.47031184678745,10.079179020250539,11.80655496938804,2.1171175269924745,324.1090189873418,310.7695,318,5,0.03059566292046186,True
136271,,IMS Health India Pvt Ltd,broadband,2024-Q3,2024,3,37.650312457420874,33.22665252193108,27.382702348728074,9.586246935262265,152.50933009708737,118.126,309,10,0.029729747932146902,True
3300,,British Telecommunications Limited,broadband,2024-Q3,2024,3,54.39750151527444,39.01641022629976,27.356628326145184,9.779646044070791,81.12134090909089,52.731,308,13,0.02963353515566746,True
19239,,KLA Corporation,broadband,2024-Q3,2024,3,752.6466056869901,607.2985855434722,844.5775785965913,634.5948402810319,2.8479933993399342,1.604,303,1,0.029152471273270263,True
38055,,ACE Insurance Singapore,broadband,2024-Q3,2024,3,29.479158587550838,19.965034092873644,22.683237543363,6.580655767737693,22.409714776632303,15.827,291,4,0.027997917955516986,True
23767,,A-STAR,broadband,2024-Q3,2024,3,281.02761850485905,219.83641877891264,134.06814017535635,108.71039402502035,8.32640579710145,2.092,276,60,0.026554726308325387,True
56043,,PEPSICO INTERNATIONAL PTE. LTD.,broadband,2024-Q3,2024,3,11.58834521920936,7.215528924708133,3.6017382400279248,3.2611810384507427,43.60665151515152,39.4195,264,2,0.02540017299057211,True
14762,,"AMGEN, Inc.",broadband,2024-Q3,2024,3,7.780860302953992,14.649331275585197,6.603127116629385,5.189181077214897,174.31395817490497,216.805,263,3,0.02530396021409267,True
10794,,"Bank of America, National Association",broadband,2024-Q3,2024,3,31.464156733387323,21.742815626993973,9.243308618274604,6.8794667365311675,82.02962595419848,33.3995,262,1,0.02520774743761323,True
17617,,Nanyang Polytechnic,broadband,2024-Q3,2024,3,158.66938701949385,150.48795365589632,88.18720406885947,88.97334074532073,5.537115079365079,4.1305,252,1,0.02424561967281883,True
24482,,SG.GS,broadband,2024-Q3,2024,3,97.02568530802043,8.587315660670454,43.99243252032293,4.349852261652439,2.227,0.86,241,12,0.023187279131544995,True
49362,,DSV A/S,broadband,2024-Q3,2024,3,13.940148123775462,15.877333554616389,7.771192562578143,7.224408797254846,44.67800854700855,41.6095,234,4,0.022513789696188915,True
55487,,Globalfoundries Singapore Pte Ltd,broadband,2024-Q3,2024,3,89.23235009048373,71.77348446070931,29.371749118601095,12.87451901404871,3.613036036036036,1.8335,222,4,0.021359236378435637,True
62654,,"MENLO SECURITY, INC.",broadband,2024-Q3,2024,3,864.2839198078658,910.4455445905284,874.0138098746511,910.7192511796816,3.0268967136150233,2.964,213,29,0.02049332139012068,True
131195,,SIM Headquarters,broadband,2024-Q3,2024,3,121.45029102050306,103.2231563545318,105.03448206921294,74.23644303186983,16.9526192893401,4.955,197,15,0.018953916966449644,True
714,,Apple Inc.,broadband,2024-Q3,2024,3,122.00903794831314,119.7976238256565,85.27841615555889,88.02902846120695,9.795415384615385,4.523,195,95,0.018761491413490764,True
140362,,DIGISIGMA PTE. LTD.,broadband,2024-Q3,2024,3,71.59013332213904,28.250634031627257,57.36359176638264,24.407741288113563,64.45339690721649,45.7325,194,100,0.018665278637011323,True
55919,,20 Dover Drive Singapore 138682,broadband,2024-Q3,2024,3,209.612657135766,210.97242008276368,139.4290650465096,180.46698648535542,17.41954347826087,3.951,184,4,0.017703150872216925,True
400190,,Freeport-McMoRan Inc.,broadband,2024-Q3,2024,3,38.79978499225506,34.509957862642146,14.464857399307439,5.3710597962771,76.54508888888888,66.3375,180,15,0.017318299766299165,True
9877,,Ngee Ann Polytechnic Computer Center,broadband,2024-Q3,2024,3,58.47257175173238,64.40379906080368,35.38362122359112,36.93214583580253,2.049540229885057,1.3435000000000001,174,6,0.016741023107422526,True
25917,,ROCKWELL AUTOMATION Inc.,broadband,2024-Q3,2024,3,66.16374281310037,51.395221123448195,59.54964484986688,15.141261232204293,147.28367441860468,136.7885,172,7,0.016548597554463647,True
142594,,SpeedyPage Ltd,broadband,2024-Q3,2024,3,69.23927367332139,21.09735344299839,73.68044679944097,11.433125482463332,2.6277294117647063,0.966,170,56,0.016356172001504767,True
136258,,"BrainStorm Network, Inc",broadband,2024-Q3,2024,3,14.362811361255945,7.282838336627838,0.757750568499145,0.6080100508371648,188.3363072289157,183.5605,166,21,0.015971320895587008,True
15830,,Equinix (EMEA) Acquisition Enterprises B.V.,broadband,2024-Q3,2024,3,51.66794471942672,29.807459398722294,26.084409394303037,8.669913626880792,79.77487037037038,78.491,162,16,0.015586469789669249,True
11158,,"NTT America, Inc.",broadband,2024-Q3,2024,3,92.90634615843058,108.14624415167916,94.81495626792756,142.7186819485272,33.4902375,10.3735,160,2,0.01539404423671037,True
141469,,Cargill Asia Pacific Holdings Pte Ltd,broadband,2024-Q3,2024,3,81.332981056979,34.09681048307388,33.0283476473044,9.856989235057597,1.3024090909090908,0.654,154,4,0.01481676757783373,True
3918,,Shell Information Technology International B.V.,broadband,2024-Q3,2024,3,48.99643411895912,31.572845663893393,24.542325072054403,9.65716866753312,76.39582000000001,59.866,150,3,0.014431916471915971,True
51847,,Nearoute Limited,broadband,2024-Q3,2024,3,124.98065020518702,25.442237361837865,110.6883781193554,17.547653497581152,23.020536912751677,31.599,149,25,0.014335703695436531,True
15695,,Expereo International BV,broadband,2024-Q3,2024,3,65.21153384625434,40.12513423531625,28.242259873160492,7.035592260111054,37.74329452054794,36.620000000000005,146,20,0.014047065365998212,True
13443,,LinkedIn Corporation,broadband,2024-Q3,2024,3,23.248093261522204,27.314943555624243,11.859162607726415,2.7673854067684873,315.5280342465754,312.867,146,61,0.014047065365998212,True
29990,,Xandr Inc.,broadband,2024-Q3,2024,3,21.016153349058328,12.60243964157339,5.4560001415274755,1.4312392694404563,242.68909929078015,267.97,141,6,0.013566001483601013,True
9255,,Singapore Telecom,broadband,2024-Q3,2024,3,17.473423294137376,12.522187891981648,3.206886525473663,3.5681172471017923,57.530866666666675,39.328,135,18,0.012988724824724374,True
205080,,Societe Internationale de Telecommunications Aeronautiques,broadband,2024-Q3,2024,3,18.978857624729965,6.565324208046658,7.355285345855464,3.26854975441589,92.89776153846154,82.3495,130,35,0.012507660942327175,True
15224,,Adobe Inc.,broadband,2024-Q3,2024,3,64.24948751822227,50.3014943937732,60.3363762998607,51.78979228218611,87.99580620155038,79.688,129,1,0.012411448165847735,True
14114,,SAP America Inc.,broadband,2024-Q3,2024,3,334.3180521593407,19.046355341557035,175.08416460149525,13.594476047700606,92.51270542635658,33.272,129,11,0.012411448165847735,True
17733,,Office of Communications & IT,broadband,2024-Q3,2024,3,149.8250691127079,182.3873343555928,114.91191721058242,175.84265261716348,31.198095999999996,8.672,125,13,0.012026597059929976,True
54092,,"DRW Holdings, LLC",broadband,2024-Q3,2024,3,64.29517395638739,37.391128522444134,28.4254579605623,6.016572700563796,52.00635483870968,37.097,124,1,0.011930384283450536,True
8851,,GCI Network Solutions Limited,broadband,2024-Q3,2024,3,155.35980501697253,20.340602677723073,92.65370661111598,10.50824592602999,2.697415254237288,0.231,118,23,0.011353107624573897,True
3257,,GTT Communications Inc.,broadband,2024-Q3,2024,3,26.177772794067664,17.27737509201752,11.507122540523088,1.9869896274596937,259.5004144144144,346.38,111,13,0.010679618189217819,True
4913,,"Speedcast Communications, Inc",broadband,2024-Q3,2024,3,1.5854357084958302,0.5577498746523296,0.792075767742479,0.34031340699189716,173.76204545454542,116.2405,110,23,0.010583405412738379,True
2687,,"AT&T Enterprises, LLC",broadband,2024-Q3,2024,3,26.21351988187151,9.695459112903757,9.799121968366466,0.7837165119342507,190.2781818181818,184.2115,110,5,0.010583405412738379,True
17645,,ASN - NTT SINGAPORE PTE LTD,broadband,2024-Q3,2024,3,90.35449302314764,86.96210165427424,52.90416410178575,63.486474551485024,57.94026363636364,3.5555,110,21,0.010583405412738379,True
133524,,"Global Technology Co., Ltd.",broadband,2024-Q3,2024,3,26.894570207761593,28.713726597848627,22.72222364347722,26.09935482838755,75.04312264150943,70.84299999999999,106,15,0.01019855430682062,True
140693,,The Walt Disney Company (HK) Ltd,broadband,2024-Q3,2024,3,115.37882393026318,94.49767886188336,19.38134856155545,6.238081891502543,87.44761538461537,56.66,104,4,0.01000612875386174,True
133600,,ESSEC,broadband,2024-Q3,2024,3,159.3374474442628,33.22713175350535,130.71902403476767,35.10794503013742,5.827868686868686,5.579,99,4,0.009525064871464541,False
5580,,GTT Communications Netherlands B.V.,broadband,2024-Q3,2024,3,17.00758265006698,11.602288624963514,13.13668591766911,9.428774787157938,207.66715555555552,235.6775,90,6,0.008659149883149583,False
400318,,"Versa Networks, Inc.",broadband,2024-Q3,2024,3,34.349918164622025,15.289510026626033,23.449451485617708,5.134424455710984,43.10502409638555,33.115,83,4,0.007985660447793504,False
3356,,"Level 3 Parent, LLC",broadband,2024-Q3,2024,3,191.61576687011927,152.49127785332328,70.56809880541311,35.27290905532359,85.74293975903615,51.0,83,18,0.007985660447793504,False
133426,,Northtelecom PTE LTD,broadband,2024-Q3,2024,3,1.8098466592290308,0.8570995476224801,1.5504731532547176,0.6951385944562217,109.75997530864197,119.741,81,15,0.007793234894834624,False
2906,,Netflix Streaming Services Inc.,broadband,2024-Q3,2024,3,18.38430436045537,10.409239307674534,10.20365849861819,1.1661987998852081,247.32589999999996,176.45999999999998,80,32,0.007697022118355185,False
13014,,Hewlett Packard France S.A.S.,broadband,2024-Q3,2024,3,12.325666611378663,9.463916819612047,7.830824456401469,1.1276578019791321,215.96844303797465,226.955,79,12,0.007600809341875745,False
3549,,"Level 3 Parent, LLC",broadband,2024-Q3,2024,3,58.21106977213594,50.206723934388286,32.445904638659016,24.127472830310207,116.48575641025644,88.798,78,11,0.007504596565396305,False
136599,,IEC Telecom Singapore Pte Ltd,broadband,2024-Q3,2024,3,1.822055289145734,0.5478590598676155,1.3395129617941377,0.1479788596486228,206.5590135135135,93.19149999999999,76,1,0.007312171012437425,False
139636,,WORKDAY AUSTRALIA PTY LTD,broadband,2024-Q3,2024,3,82.52918427690958,77.80652837031712,27.20700932084741,27.088438875979666,30.106373333333334,32.845,75,1,0.0072159582359579855,False
136975,,Global Technology,broadband,2024-Q3,2024,3,11.471626289736529,10.443754464986187,6.622162534236182,7.839725690139533,102.59374324324324,87.969,74,13,0.007119745459478546,False
135409,,Kacific Broadband Satellites Pte Ltd,broadband,2024-Q3,2024,3,9.793287389662645,1.2714155447770414,10.411911129015532,1.52830816109527,45.00293243243243,38.482,74,12,0.007119745459478546,False
23728,,Republic Polytechnic. Multihoming AS Singapore,broadband,2024-Q3,2024,3,178.39668210440487,166.0218860499196,183.22139242667134,181.58593390998908,14.960438356164385,4.834,73,9,0.007023532682999106,False
45700,,PT. NAP Info Lintas Nusa,broadband,2024-Q3,2024,3,68.58193592058599,7.921614264947366,51.59302610316594,8.10824566661057,35.703944444444446,26.143,72,17,0.006927319906519666,False
137904,,Black & Veatch (SEA) PTE LTD,broadband,2024-Q3,2024,3,44.29177087265164,17.593194316776444,7.24697920912534,2.9166940621841024,93.0425352112676,90.33,71,2,0.006831107130040226,False
134677,,Dromatics Systems Pte Ltd,broadband,2024-Q3,2024,3,36.4375058681721,4.286501758272435,39.167348070858125,1.8953761458092413,308.74524285714284,320.5285,70,7,0.0067348943535607865,False
7473,,Singapore Telecommunications Ltd,broadband,2024-Q3,2024,3,135.75580300764977,85.55959200552532,63.069183611506254,14.306680375498257,124.33617142857145,119.167,70,9,0.0067348943535607865,False
38862,,TullettPrebon Singapore multihoming ISP connection AS,broadband,2024-Q3,2024,3,184.67798393629474,305.45551093798787,93.91453331280012,154.3140731842526,29.670420289855077,34.577,69,3,0.006638681577081347,False
7246,,Bristol-Myers Squibb Company,broadband,2024-Q3,2024,3,73.0401261999313,48.86195379743269,33.58199951158992,13.58359201592024,71.67892753623188,34.802,69,2,0.006638681577081347,False
2912,,Citigroup Inc.,broadband,2024-Q3,2024,3,57.273092402052946,56.1461788892545,12.991186009772967,17.548866500780846,47.88508695652174,1.387,69,17,0.006638681577081347,False
33619,,"Advanced Micro Devices, Inc.",broadband,2024-Q3,2024,3,277.5518828825468,335.08547833482265,318.00273394168596,374.27261067677784,32.90230882352941,5.609500000000001,68,5,0.006542468800601907,False
20868,,ABB Information Systems Ltd,broadband,2024-Q3,2024,3,34.317600655213795,21.569256944752237,29.415482363115032,4.922955243513921,158.10950769230766,116.445,65,2,0.0062538304711635875,False
8444,,JANUS HENDERSON ADMINISTRATION UK LIMITED,broadband,2024-Q3,2024,3,27.980710876821956,29.50569740874489,11.244271987495335,18.0664050066405,2.7243833333333334,1.15,60,1,0.005772766588766388,False
5065,,Bunny Communications,broadband,2024-Q3,2024,3,66.30631852613479,29.4926414144384,74.50755908863565,37.31778595684145,205.67848275862067,205.7495,58,9,0.005580341035807509,False
35908,,Krypt Technologies,broadband,2024-Q3,2024,3,41.78033063750696,28.71487881110397,16.791369455704547,29.21381147229401,13.798793103448274,1.467,58,3,0.005580341035807509,False
35923,,KENVUE BRANDS LLC,broadband,2024-Q3,2024,3,6.835532545725544,5.887850949411495,6.764720514755796,6.303833430582521,104.10980701754386,120.0,57,1,0.005484128259328069,False
133587,,Bain and Company,broadband,2024-Q3,2024,3,43.800930430441376,6.71083140946061,23.008291223991286,0.08943494679631538,119.78253571428571,110.405,56,1,0.005387915482848629,False
395266,,"Keysight Technologies, Inc",broadband,2024-Q3,2024,3,118.3281504058968,87.59838702971695,60.437687728268244,30.00278788513913,44.209535714285714,12.704,56,3,0.005387915482848629,False
212336,,ByteVirt LLC,broadband,2024-Q3,2024,3,85.05878873279009,26.85891983475855,69.00377925811556,25.269027257406577,25.729222222222226,30.857,54,6,0.00519548992988975,False
24012,,Refinitiv Australia PTY Limited,broadband,2024-Q3,2024,3,40.6077815666056,29.23074656395529,33.83874626528527,2.7680055955223244,179.48545283018868,156.269,53,11,0.00509927715341031,False
21509,,"Apollo Management, L.P.",broadband,2024-Q3,2024,3,18.3485572264413,21.071835895430375,8.577762757899617,5.766010786689254,173.2707884615385,193.53,52,1,0.00500306437693087,False
6307,,American Express Company,broadband,2024-Q3,2024,3,11.35593529500261,6.373780882695467,12.26283121105747,5.900985409112126,112.89744230769232,71.75049999999999,52,5,0.00500306437693087,False
24182,,Interpublic GIS,broadband,2024-Q3,2024,3,208.80388408953917,213.64715835506814,207.37689482253114,225.58308242566022,21.059865384615385,3.638,52,1,0.00500306437693087,False
140443,,PT Herza Digital Indonesia,broadband,2024-Q3,2024,3,40.427794536800185,4.5793019803369175,33.662594084879736,1.6486206261766096,28.72672549019608,31.0,51,9,0.00490685160045143,False
45597,,POINT72 ASIA,broadband,2024-Q3,2024,3,54.516358713355515,42.4276608666033,1.947733425848369,9.993772670457357,276.92448,358.845,50,1,0.00481063882397199,False
6453,,TATA COMMUNICATIONS (AMERICA) INC,broadband,2024-Q3,2024,3,93.48148131354901,82.45397406566217,32.39946190037972,8.670958843918127,28.738940000000003,16.773,50,13,0.00481063882397199,False
56308,,"TELEKOMUNIKASI INDONESIA INTERNATIONAL, PTE.LTD",broadband,2024-Q3,2024,3,34.26014531075178,17.572428291258035,10.833826744461309,4.538918729351939,24.33475510204082,21.068,49,9,0.0047144260474925506,False
34414,,Nokia APAC,broadband,2024-Q3,2024,3,18.26691479956315,4.370595495743085,13.417228349280764,0.09624260502201157,185.68910204081632,192.7,49,2,0.0047144260474925506,False
136537,,SQUAREPOINT OPERATIONS PRIVATE LIMITED,broadband,2024-Q3,2024,3,1056.789780469896,691.3795157508862,1157.5760537453766,781.4906803900743,9.990041666666668,0.8925000000000001,48,1,0.004618213271013111,False
136744,,DREAM POWER TECHNOLOGY LIMITED,broadband,2024-Q3,2024,3,60.58135237999213,42.698750876444464,66.70632259034818,55.369117702935924,35.772,34.7765,46,24,0.004425787718054231,False
401243,,Komi LLC,broadband,2024-Q3,2024,3,150.07511836035746,18.16426001283487,146.38693516800163,7.535878378013515,74.16702272727274,84.6865,44,15,0.0042333621650953515,False
22764,,"Fluor Enterprises, Inc.",broadband,2024-Q3,2024,3,43.64090961767733,4.713834153093729,37.8830598617495,3.603049511498062,227.2029069767442,193.583,44,2,0.0042333621650953515,False
56197,,KDDI ASIA PACIFIC PTE. LTD.,broadband,2024-Q3,2024,3,111.33304179271522,64.98789409844053,86.3965132897628,68.95370762786933,11.020093023255814,3.487,43,7,0.004137149388615912,False
17350,,Moody's Corp.,broadband,2024-Q3,2024,3,191.24344876140742,127.04568036650122,144.42303201613902,4.92077165866293,57.97561904761905,60.021,42,4,0.004040936612136472,False
1248,,HERE Global BV,broadband,2024-Q3,2024,3,13.687304382265163,9.112964349111603,3.9463759487125945,1.3162215593771847,532.724880952381,528.75,42,9,0.004040936612136472,False
40339,,Jump Trading LLC,broadband,2024-Q3,2024,3,113.9855741756478,74.19447004358501,17.733846474769205,6.554780539726311,1.1695476190476188,0.7164999999999999,42,2,0.004040936612136472,False
17978,,SERVCORP AUSTRALIAN HOLDINGS LTD,broadband,2024-Q3,2024,3,104.99793877994766,86.05456865533483,92.9416528829106,91.78977650281033,20.616829268292683,14.0,41,9,0.003944723835657032,False
174,Cogent,"Cogent Communications, LLC",broadband,2024-Q3,2024,3,82.45682089464444,77.78188507352279,38.21702165462565,45.39865319239082,251.4000487804878,240.005,41,9,0.003944723835657032,False
138199,,Transatel,broadband,2024-Q3,2024,3,32.67004238852469,5.332192254118002,16.079679550262185,2.803459924424474,109.09330769230769,94.852,39,2,0.0037522982826981525,False
48266,,Catixs Ltd,broadband,2024-Q3,2024,3,320.8126603847724,42.99243365342069,203.48969053437816,42.430490734101234,1.5455897435897437,0.807,39,13,0.0037522982826981525,False
154177,,LIGHT NODE LIMITED,broadband,2024-Q3,2024,3,24.955661838216667,10.504457701148738,10.981954742391347,2.861628472908249,30.991973684210524,10.009,38,4,0.0036560855062187127,False
56173,,internet content provider,broadband,2024-Q3,2024,3,67.5884669703074,7.506176588332162,62.20157902267871,5.719588201318743,138.50829729729728,124.405,37,17,0.003559872729739273,False
45133,,Singapore Polytechnic,broadband,2024-Q3,2024,3,200.62631473918398,172.239889052325,55.7113483567526,54.89431070571817,38.51816216216216,35.758,37,11,0.003559872729739273,False
135607,Infinivan,Infinivan Incorporated,broadband,2024-Q3,2024,3,85.14430567667344,176.98250972752933,52.84932735682668,30.826557735606833,63.25127777777779,72.4425,36,4,0.003463659953259833,False
59326,,DSO National Laboratories,broadband,2024-Q3,2024,3,89.25289645079654,42.265397736237475,97.19568322964597,4.128208345911553,1.935971428571429,1.921,35,6,0.0033674471767803933,False
139028,,Singapore Technologies Engineering Ltd,broadband,2024-Q3,2024,3,54.33441459887497,50.64504392086296,38.78025085928664,27.867743635027196,70.00217647058822,2.292,34,3,0.0032712344003009534,False
149485,,MonoCloud Pty Ltd,broadband,2024-Q3,2024,3,60.142255839802544,42.415116724497004,28.765282548685086,41.30864411843879,77.71578787878786,77.0,33,16,0.0031750216238215136,False
134135,,Uber Technologies,broadband,2024-Q3,2024,3,204.02944412848365,46.06118649414952,209.92125937719368,43.45720085524996,22.421757575757574,31.599,33,5,0.0031750216238215136,False
4058,,CITIC Telecom International CPC Limited,broadband,2024-Q3,2024,3,57.46834907659508,38.41486329455253,40.35681087216464,8.42510668804589,43.05664516129033,42.407,31,9,0.002982596070862634,False
135066,,Schroders Investment Management (Singapore) Limited,broadband,2024-Q3,2024,3,45.39793428466907,17.37093339517292,12.556297897281965,0.08119668664276895,119.78676666666665,158.644,30,2,0.002886383294383194,False
4637,,Telstra Global,broadband,2024-Q3,2024,3,381.9515198789109,348.7916954795841,266.308433680658,210.6072544592474,17.668333333333337,3.7825,30,10,0.002886383294383194,False
3911,,"Micron Technology, Inc.",broadband,2024-Q3,2024,3,78.02158305750092,47.52387386008211,79.34648826925748,21.717083782351835,34.61900000000001,35.637,30,2,0.002886383294383194,False
131217,,8 Kallang Sector,broadband,2024-Q3,2024,3,192.59907473055034,197.35433655645886,130.5740416740877,89.59810864397184,14.261933333333332,3.4000000000000004,30,1,0.002886383294383194,False
56039,,SPH Media Limited,broadband,2024-Q3,2024,3,553.1922087732517,492.8968393261037,300.52007074839656,293.184214892449,8.478068965517242,3.405,29,7,0.0027901705179037544,False
215311,,Regxa Company for Information Technology Ltd,broadband,2024-Q3,2024,3,9.02299177934795,5.170009098764729,2.4103010946706114,0.1659117023190293,285.37196428571434,284.523,28,2,0.0026939577414243146,False
137003,,INSEAD,broadband,2024-Q3,2024,3,91.71336552088094,124.75892938983795,46.0707060324366,55.40855352018253,11.543285714285714,3.2975,28,1,0.0026939577414243146,False
45530,,Agoda Company Pte. Ltd.,broadband,2024-Q3,2024,3,745.7840421354126,669.478516551061,696.9240579912964,637.5232709195105,29.879740740740743,31.22,27,1,0.002597744964944875,False
6279,,PCCW Global (HK) Ltd.,broadband,2024-Q3,2024,3,20.336302546432126,9.421773051413943,13.137158508231234,5.114518121535795,172.54003703703705,177.053,27,2,0.002597744964944875,False
4800,,PT Aplikanusa Lintasarta,broadband,2024-Q3,2024,3,3.3854591778779395,3.612450366298407,0.5768505628903846,0.5017659407121478,526.4527037037037,584.352,27,13,0.002597744964944875,False
24739,,SEVEREN TELECOM,broadband,2024-Q3,2024,3,58.186646588940775,19.12224382981611,23.182297831105913,18.256398326186012,75.55857692307691,54.088499999999996,26,9,0.002501532188465435,False
139883,,SPTEL PTE. LTD.,broadband,2024-Q3,2024,3,99.1080319006958,47.464803382173535,52.65892669896864,44.330103400541425,4.342519999999999,3.444,25,6,0.002405319411985995,False
400031,,GigaPacket LLC,broadband,2024-Q3,2024,3,37.4386318726682,30.13109664562921,54.53865364089024,31.189639532480008,301.86859999999996,304.633,25,1,0.002405319411985995,False
203554,,Louis Vuitton Malletier SA,broadband,2024-Q3,2024,3,35.89213376985858,9.12821774339411,25.869628349970586,5.191545659387031,153.44168000000002,151.505,25,10,0.002405319411985995,False
3573,,Accenture LLP,broadband,2024-Q3,2024,3,129.96753434561614,86.64484561442761,120.43864779299477,87.2417417049562,28.342833333333335,3.6335,24,22,0.0023091066355065554,False
134457,,BMC Software Asia Pacific Pte Ltd,broadband,2024-Q3,2024,3,17.440507645282022,3.6127434056117926,18.436650355566094,0.7818555439038821,118.0539090909091,77.74600000000001,22,1,0.0021166810825476758,False
18402,,NATIONAL LIBRARY BOARD,broadband,2024-Q3,2024,3,15.85748702934134,44.66530452908794,1.0654494505505325,47.92455261841077,4.973681818181818,2.234,22,1,0.0021166810825476758,False
18725,,PVH Corp.,broadband,2024-Q3,2024,3,17.39062383031312,20.058572924276394,12.132606816846694,9.883335534888946,221.38590909090908,219.505,22,1,0.0021166810825476758,False
138699,,TIKTOK PTE. LTD.,broadband,2024-Q3,2024,3,31.039416188053007,25.970013278304155,19.429567342401665,15.914458500815229,140.46442857142858,98.339,21,21,0.002020468306068236,False
9226,,1-Net Singapore Pte Ltd,broadband,2024-Q3,2024,3,73.86328144978677,44.88713998418618,38.87405946971825,33.17196366997326,3.7604761904761905,3.069,21,7,0.002020468306068236,False
63981,,NTDKL,broadband,2024-Q3,2024,3,6.425009811091363,3.713963020360506,5.352401934198053,4.016305978802228,82.24838095238094,78.737,21,9,0.002020468306068236,False
2914,,"NTT America, Inc.",broadband,2024-Q3,2024,3,56.67945838246285,35.358288560877895,23.502421799031282,5.799469537450621,119.61385714285714,155.186,21,7,0.002020468306068236,False
150436,,Byteplus Pte. Ltd.,broadband,2024-Q3,2024,3,4.835446489440858,4.499267823414174,1.69336799870511,4.139913279933857,126.38561904761904,119.071,21,2,0.002020468306068236,False
54201,,We Link Networks LLC,broadband,2024-Q3,2024,3,78.67580866165822,71.32570647719284,52.90821964437927,44.0973396667559,4.608380952380953,3.0,21,18,0.002020468306068236,False
138610,,SAP SE,broadband,2024-Q3,2024,3,33.51480845599894,10.295383714058989,22.54534354833707,4.920500467744705,182.5258,126.721,20,12,0.0019242555295887961,False
16669,,Applied Materials,broadband,2024-Q3,2024,3,106.82413141752816,56.3170136661938,115.28103009908637,21.64449702930219,60.45442105263158,77.675,19,2,0.0018280427531093563,False
38166,,Standard Chartered Bank (Hong Kong) Limited.Banking and,broadband,2024-Q3,2024,3,55.36021040938763,60.76335898829316,27.43655934410021,14.990706038674974,12.337473684210526,6.706,19,3,0.0018280427531093563,False
56172,,Agora Communications Pte Ltd,broadband,2024-Q3,2024,3,38.4499431107761,14.955448754577317,20.735651362945486,7.063950311711771,5.470941176470588,3.617,17,1,0.0016356172001504767,False
394161,,"Tesla Motors, Inc.",broadband,2024-Q3,2024,3,36.64357822726326,27.765360069620833,32.85085785134564,11.786426155291997,340.7336875,336.512,16,7,0.001539404423671037,False
60142,,NXP Semiconductors Netherlands B.V.,broadband,2024-Q3,2024,3,13.687394782885006,17.94405420261413,11.798138272975859,17.601006164437052,299.84706250000005,303.10400000000004,16,3,0.001539404423671037,False
132242,,Hogarth Worldwide Pte,broadband,2024-Q3,2024,3,364.4188614040397,246.44261494235732,170.26537705568512,117.15128516173857,12.3513125,2.3365,16,3,0.001539404423671037,False
134407,,MediaCorp Pte Ltd,broadband,2024-Q3,2024,3,323.8270178633447,288.1750031686362,258.8599192934673,161.6155219047822,5.9494375,3.702,16,5,0.001539404423671037,False
7054,,"Merck and Co., Inc.",broadband,2024-Q3,2024,3,74.35954432747134,59.69261761947851,51.5727017728054,53.10510269126967,105.73492857142857,51.3855,14,10,0.0013469788707121573,False
134839,,PropertyGuru Pte Ltd,broadband,2024-Q3,2024,3,70.69132139516361,43.71468743611512,61.64904586841014,18.865838704216333,123.91478571428571,132.2235,14,9,0.0013469788707121573,False
30613,,Chicago Mercantile Exchange,broadband,2024-Q3,2024,3,67.78535465002169,67.11287065427395,68.7495584764913,87.9830969064895,75.38628571428572,75.062,14,1,0.0013469788707121573,False
38891,,Measat Satellite Systems Sdn. Bhd.,broadband,2024-Q3,2024,3,0.7512904732372111,0.34402460552479774,0.3981182354212952,0.28468193136913456,7.071428571428572,6.5065,14,1,0.0013469788707121573,False
23766,,"Electronic Arts, Singapore",broadband,2024-Q3,2024,3,87.52279148103642,44.62195870269715,81.60390944952101,31.352872097305813,99.6060769230769,81.979,14,1,0.0013469788707121573,False
133125,,PG Lion ReSources Aust Pty Ltd,broadband,2024-Q3,2024,3,129.322923741209,22.864309272970555,153.85570221072192,6.302463988608746,119.98400000000002,124.3605,14,4,0.0013469788707121573,False
133136,,MyRepublic Ltd.,broadband,2024-Q3,2024,3,84.6952785256174,48.775424726749776,63.710770385666734,23.907289337721842,48.85885714285713,5.4795,14,5,0.0013469788707121573,False
8360,,Allianz Technology SE,broadband,2024-Q3,2024,3,43.803865448898236,25.808979790963644,34.72091440014511,17.788385610150293,201.02784615384616,195.988,13,1,0.0012507660942327175,False
137220,,"Texas Instruments, Inc",broadband,2024-Q3,2024,3,15.001431510397389,4.725486159792218,15.718208795261923,2.2988307760755933,235.84923076923076,288.717,13,2,0.0012507660942327175,False
57695,,"Misaka Network, Inc.",broadband,2024-Q3,2024,3,376.22584532215075,5.596989242033813,202.78919273467406,5.215561703493101,14.486923076923075,0.227,13,2,0.0012507660942327175,False
138341,,SHOPEE SINGAPORE PRIVATE LIMITED,broadband,2024-Q3,2024,3,79.02259354270927,108.01143329630668,28.18054007109367,27.926621904680502,27.43053846153846,27.553,13,2,0.0012507660942327175,False
14398,,"Autodesk, Inc.",broadband,2024-Q3,2024,3,557.9084350626953,292.7838160084465,408.07418921114953,179.42249812942924,19.24223076923077,2.751,13,7,0.0012507660942327175,False
64086,,Australia and New Zealand Banking Group Limited (ANZ),broadband,2024-Q3,2024,3,34.47084786812346,60.06689319969265,19.846657911838847,30.94362629436263,87.56466666666665,84.0805,12,4,0.0011545533177532777,False
401443,,WAP.AC LLC,broadband,2024-Q3,2024,3,170.23566684300474,67.25004343635932,189.31060092731923,24.795874634840697,38.667,36.8185,12,6,0.0011545533177532777,False
149446,,Firmus Grid,broadband,2024-Q3,2024,3,122.73132877538336,85.18137050597933,127.30028179319777,85.18137050597933,46.796090909090914,49.489,11,1,0.0010583405412738379,False
136149,,MediaCorp Pte Ltd,broadband,2024-Q3,2024,3,91.12537918509787,66.06845304298776,93.46712325684997,88.44749877525992,1.7902727272727275,1.593,11,1,0.0010583405412738379,False
10100,,UBS Group AG,broadband,2024-Q3,2024,3,143.8562176555536,94.59179446361962,113.42184638263508,93.14690237644697,45.418454545454544,33.793,11,2,0.0010583405412738379,False
24331,,eBay Inc ASIA ASN eCommerce San Jose,broadband,2024-Q3,2024,3,18.477059213455405,13.614529166006552,19.31982052014674,1.9200237408659426,230.3647,209.964,10,1,0.0009621277647943981,False
206720,,AIRBUS SAS,broadband,2024-Q3,2024,3,22.637594715521562,22.506867678922877,7.027629699117911,14.60415213760037,22.570599999999995,4.273,10,1,0.0009621277647943981,False
55781,,Fujitsu Asia Pte. Ltd.,broadband,2024-Q3,2024,3,15.111872901947972,15.525775863964016,19.250865498862662,17.5813094490775,2.1757,1.2930000000000001,10,3,0.0009621277647943981,False
7138,,"Encompass Digital Media, LLC",broadband,2024-Q3,2024,3,850.7053097171054,594.0690720723976,902.400841877788,787.5997684130759,1.4653,1.1035,10,1,0.0009621277647943981,False
1299,,Arelion Sweden AB,broadband,2024-Q3,2024,3,100.95453575908604,91.12139531904113,13.107417925740883,8.201180332563904,57.54209999999999,60.57899999999999,10,4,0.0009621277647943981,False
19773,,"Motorola, Inc.",broadband,2024-Q3,2024,3,48.82635277604506,62.17431919327727,49.15377628586456,47.85184917044947,89.48029999999999,75.0,10,6,0.0009621277647943981,False
7700,,SINGAPORE TELECOMMUNICATIONS LTD,broadband,2024-Q3,2024,3,1.3505801135439544,0.11267965673092051,0.8529928329312081,0.11049651785409108,418.12066666666664,254.368,9,4,0.0008659149883149583,False
63526,,Systems Solutions & development Technologies Limited,broadband,2024-Q3,2024,3,9.439918952971773,9.030618533659073,10.904141774227789,10.129598755762991,142.0775,110.744,8,1,0.0007697022118355185,False
141760,,Mercedes-Benz Singapore Pte. Ltd.,broadband,2024-Q3,2024,3,16.919856653372335,25.950423577557313,13.560489302137912,29.694765267368894,169.44162500000002,211.2375,8,4,0.0007697022118355185,False
40810,,Ernst & Young LLP,broadband,2024-Q3,2024,3,29.15309398313515,22.19294572930112,24.425359580162258,23.524200502162003,143.65062500000002,85.47550000000001,8,3,0.0007697022118355185,False
10111,,Zeofast Network,broadband,2024-Q3,2024,3,31.34756383442745,15.583410979908706,22.05495941561613,16.416058907685986,71.61914285714286,80.904,7,4,0.0006734894353560787,False
137182,,BLUE WIRELESS PTE LTD,broadband,2024-Q3,2024,3,7.542915864060447,1.8202006935196409,3.4322211621555017,2.1305048547533247,104.88885714285713,76.195,7,3,0.0006734894353560787,False
63440,,TELNYX LLC,broadband,2024-Q3,2024,3,17.188561333254032,5.415160512211865,14.65970655583897,1.1953307038134104,517.4795714285714,509.049,7,1,0.0006734894353560787,False
19637,,Avago Technologies U.S. Inc.,broadband,2024-Q3,2024,3,152.38683558116531,63.40898684092988,185.83568179000073,69.03572703472751,32.536428571428566,36.081,7,1,0.0006734894353560787,False
199053,,Euronodes Ltd,broadband,2024-Q3,2024,3,72.08786369322998,15.910969081495747,35.31376399685786,15.88159057483454,1.6667142857142854,2.0,7,1,0.0006734894353560787,False
13431,,"Millennium Partners, L.P.",broadband,2024-Q3,2024,3,39.071938703356494,38.102367365111434,11.69908054268471,34.16305372795959,177.95550000000003,206.13,6,1,0.0005772766588766388,False
206804,,EstNOC OU,broadband,2024-Q3,2024,3,43.303798803663085,39.968930824997834,58.563592731839535,42.17366175021337,236.37033333333338,196.0025,6,2,0.0005772766588766388,False
136733,,Racks Central Pte Ltd,broadband,2024-Q3,2024,3,119.90775516890255,229.61907766067273,13.834174335171863,189.87125768957884,35.2055,23.403000000000002,6,3,0.0005772766588766388,False
135391,,AOFEI DATA INTERNATIONAL COMPANY LIMITED,broadband,2024-Q3,2024,3,230.2372619235883,153.22462465867952,382.74895656719707,215.79123458119747,83.05600000000001,30.379,5,3,0.00048106388239719904,False
32537,,Xilinx Incorporated,broadband,2024-Q3,2024,3,46.79284670471441,0.0829473158014952,12.155140953964077,0.0829473158014952,100.327,85.553,5,3,0.00048106388239719904,False
136772,,DASSAULT SYSTEMES AUSTRALIA PTY LTD,broadband,2024-Q3,2024,3,213.32414550677927,126.6201785095886,210.89856006733885,120.32512545382085,86.1064,85.911,5,2,0.00048106388239719904,False
64049,,Reliance Jio Infocomm Pte Ltd Singapore,broadband,2024-Q3,2024,3,30.012542424837534,24.50435848217601,7.804731688116146,0.8565838074353611,201.58620000000002,231.934,5,1,0.00048106388239719904,False
138598,,PT Nevigate Telekomunikasi Indonesia,broadband,2024-Q3,2024,3,12.564375723741646,9.745024574342967,14.102148992206677,10.074638142882113,2.6736,2.736,5,1,0.00048106388239719904,False
16875,,AON Corporation,broadband,2024-Q3,2024,3,17.161764191192965,11.759555248037376,14.13569761781773,11.759555248037376,95.0944,37.458,5,1,0.00048106388239719904,False
206216,,Advin Services LLC,broadband,2024-Q3,2024,3,55.9997962684462,31.598855376632468,80.15695260661045,2.36765075405148,214.6582,205.208,5,3,0.00048106388239719904,False
133391,,SYSNETPRO SOLUTION PTE LTD,broadband,2024-Q3,2024,3,60.61862781326181,17.362844929624167,60.78681400372303,5.943606023341517,57.720000000000006,86.658,5,1,0.00048106388239719904,False
17497,,Liasail Global Hongkong Limited,broadband,2024-Q3,2024,3,18.34900310035881,8.623694418019266,22.360915433335105,2.3498107938976456,3.8104999999999998,1.3975,4,4,0.00038485110591775923,False
44493,,Chelyabinsk-Signal LLC,broadband,2024-Q3,2024,3,8.497330923987812,13.481508975473334,2.7392676608487463,13.481508975473334,255.76549999999997,170.7155,4,2,0.00038485110591775923,False
58580,,Fastrack Technology,broadband,2024-Q3,2024,3,153.59676595358272,232.08737128034622,180.98879503257987,232.08737128034622,102.79299999999999,96.782,4,3,0.00038485110591775923,False
140227,,"Hong Kong Communications International Co., Limited",broadband,2024-Q3,2024,3,282.759337316506,59.37070737277533,207.07563973674846,59.37070737277533,2.05275,1.94,4,2,0.00038485110591775923,False
135525,,"Exoduspoint Capital Management Singapore, Pte. Ltd.",broadband,2024-Q3,2024,3,327.5067129545513,204.7848025658141,327.1765527083466,204.7848025658141,0.6824999999999999,0.346,4,1,0.00038485110591775923,False
27399,,Balyasny Asset Management L.P.,broadband,2024-Q3,2024,3,132.44687612386699,59.33417623105322,20.909514276548656,29.98283204326633,19.698500000000003,19.582,4,1,0.00038485110591775923,False
132277,,XTRA COMMUNICATION,broadband,2024-Q3,2024,3,359.6603860757548,179.79641071592286,427.8392382296522,50.6007937891585,2.6905,2.6025,4,1,0.00038485110591775923,False
14630,,"Invesco Group Services, Inc.",broadband,2024-Q3,2024,3,186.4158488719871,34.676161941637275,50.30442964937231,20.85462971645974,60.530249999999995,33.543,4,2,0.00038485110591775923,False
5091,,"Stripe, Inc.",broadband,2024-Q3,2024,3,241.67689577675765,267.32116006832496,242.68424665979362,275.51811841769165,7.281500000000001,4.173,4,2,0.00038485110591775923,False
150171,,DIGISIGMA PTE. LTD.,broadband,2024-Q3,2024,3,50.01784920995219,10.687832351807238,60.60703349009643,10.687832351807238,215.32350000000002,257.793,4,2,0.00038485110591775923,False
38870,,BGC Partners - APAC,broadband,2024-Q3,2024,3,98.74400914910967,138.6730564618912,109.77518271500176,125.03964564215102,32.25925,41.167500000000004,4,1,0.00038485110591775923,False
4229,,Zenlayer Inc,broadband,2024-Q3,2024,3,44.970368272564386,26.819297743064055,44.888609242345346,26.505849235962398,214.248,212.49599999999998,4,3,0.00038485110591775923,False
139062,,Synamedia Asia Private Ltd,broadband,2024-Q3,2024,3,115.45551821569897,44.99068381313443,129.53243836957773,46.27855392078435,71.41433333333333,36.123,3,3,0.0002886383294383194,False
64003,,8 Anthony Road,broadband,2024-Q3,2024,3,30.01607854410661,33.64477273063826,29.847687650810993,47.276610620021316,13.572666666666668,1.718,3,2,0.0002886383294383194,False
17060,,NBCUniversal,broadband,2024-Q3,2024,3,7.3141825064122505,8.554608628975954,4.4863425795819385,8.554608628975954,502.454,597.553,3,1,0.0002886383294383194,False
42960,,VH Global Limited,broadband,2024-Q3,2024,3,0.6971557478995009,1.850223169309488,0.2972640817438343,1.850223169309488,260.651,360.46,3,1,0.0002886383294383194,False
9292,,21 Tampines Avenue 1,broadband,2024-Q3,2024,3,11.702797267244952,13.188626548159823,6.002027063406671,10.189316946182938,2.2066666666666666,2.214,3,1,0.0002886383294383194,False
16509,,"Amazon.com, Inc.",broadband,2024-Q3,2024,3,25.34106744937272,5.625405425708432,30.179058013628083,6.174355358289714,3.853,3.72,3,1,0.0002886383294383194,False
61112,,AkileCloud Network,broadband,2024-Q3,2024,3,107.33607092807783,12.78618059320474,71.14293519322523,10.719826064276425,21.945999999999998,29.613,3,3,0.0002886383294383194,False
150378,,THE ADVENTUS CONSULTANTS PTE LTD,broadband,2024-Q3,2024,3,50.29359140860738,4.796572910521688,60.92107384735569,4.796572910521688,81.00833333333334,33.156,3,1,0.0002886383294383194,False
395753,,KKR,broadband,2024-Q3,2024,3,228.6124195922895,142.0449290007031,239.56762092576523,173.57406533147187,3.97,3.804,3,1,0.0002886383294383194,False
24516,,Virtutel Pty Ltd,broadband,2024-Q3,2024,3,34.53739983029923,1.6920786275970223,12.06918189397082,1.6920786275970223,123.04299999999999,35.349,3,2,0.0002886383294383194,False
13778,,Johnson & Johnson,broadband,2024-Q3,2024,3,7.470283421977702,0.07820028347976123,7.506506754342444,0.07641783212080504,90.02233333333334,99.506,3,2,0.0002886383294383194,False
6461,,Zayo Bandwidth,broadband,2024-Q3,2024,3,191.57932746174313,18.81020336345769,85.80771009568247,18.81020336345769,48.695666666666675,2.0,3,1,0.0002886383294383194,False
142119,,NEX CORPORATEIT PTE LTD,broadband,2024-Q3,2024,3,359.08014995060427,328.03006835552276,359.8201139151014,328.03006835552276,6.377333333333333,1.722,3,3,0.0002886383294383194,False
151338,,POLONETWORK LIMITED,broadband,2024-Q3,2024,3,138.57142287323828,16.5516796200528,127.22584343178842,13.061912505929435,0.7829999999999999,0.292,3,3,0.0002886383294383194,False
18994,,Laboratory Corporation of America,broadband,2024-Q3,2024,3,1.995451001765374,0.0939527184154653,2.0988180761636386,0.08915963438958475,282.36033333333336,271.246,3,1,0.0002886383294383194,False
140939,,Tenpage Pte Ltd,broadband,2024-Q3,2024,3,47.88035290333534,51.51510927305552,47.92810188759245,51.802186296720556,2.3056666666666668,1.956,3,1,0.0002886383294383194,False
140610,,Bayer (South East Asia) Pte Ltd,broadband,2024-Q3,2024,3,77.47952685925297,22.0738678545298,38.10619250619251,22.0738678545298,106.02633333333334,85.497,3,1,0.0002886383294383194,False
396856,,"Sharon Networks, LLC",broadband,2024-Q3,2024,3,251.12097809285424,63.78849148230728,287.74981827559077,63.78849148230728,0.8983333333333334,0.997,3,2,0.0002886383294383194,False
135158,,Softnet Limited,broadband,2024-Q3,2024,3,4.708647683161088,0.3644005930086325,4.708647683161088,0.3644005930086325,400.5235,400.5235,2,1,0.00019242555295887961,False
11746,,"Waggener Edstrom Worldwide, Inc.",broadband,2024-Q3,2024,3,206.3804379214601,164.97146333731934,206.3804379214601,164.97146333731934,35.49,35.49,2,1,0.00019242555295887961,False
1828,,Unitas Global,broadband,2024-Q3,2024,3,96.53417700753076,0.08308344240543224,96.53417700753076,0.08308344240543224,21.3545,21.3545,2,2,0.00019242555295887961,False
141167,,AgotoZ HK Limited,broadband,2024-Q3,2024,3,43.04928976880962,46.24956424753328,43.04928976880962,46.24956424753328,33.5,33.5,2,1,0.00019242555295887961,False
60486,,Swiss Networking Solutions AG,broadband,2024-Q3,2024,3,24.81128232671211,10.17214462533751,24.81128232671211,10.17214462533751,292.4495,292.4495,2,2,0.00019242555295887961,False
29286,,SKYLOGIC S.P.A.,broadband,2024-Q3,2024,3,0.8195245739683881,,0.8195245739683881,,111.5385,111.5385,2,1,0.00019242555295887961,False
984,,OCTOPUS WEB SOLUTION INC,broadband,2024-Q3,2024,3,928.2858633155938,551.1376234709177,928.2858633155938,551.1376234709177,0.6765,0.6765,2,2,0.00019242555295887961,False
133134,,AION TECHNOLOGIES PTE LTD,broadband,2024-Q3,2024,3,50.97344957954945,,50.97344957954945,,3.7015000000000002,3.7015000000000002,2,1,0.00019242555295887961,False
64050,,BGP Network Limited,broadband,2024-Q3,2024,3,2.698135243949007,1.490178953060226,2.698135243949007,1.490178953060226,115.8085,115.8085,2,2,0.00019242555295887961,False
7540,,HongKong Commercial Internet Exchange,broadband,2024-Q3,2024,3,227.81888059128264,21.543814703662253,227.81888059128264,21.543814703662253,92.265,92.265,2,1,0.00019242555295887961,False
18186,,Nebula Global LLC,broadband,2024-Q3,2024,3,5.602218808150469,0.0024175470557194797,5.602218808150469,0.0024175470557194797,16.153499999999998,16.153499999999998,2,2,0.00019242555295887961,False
40513,,"Edge Technology Group, LLC",broadband,2024-Q3,2024,3,26.18162025483636,10.610671681796406,26.18162025483636,10.610671681796406,204.976,204.976,2,1,0.00019242555295887961,False
132364,,TEC,broadband,2024-Q3,2024,3,565.0141327819197,250.62581431478168,565.0141327819197,250.62581431478168,2.3165,2.3165,2,2,0.00019242555295887961,False
151326,,DCConnect Communication Pte. Ltd.,broadband,2024-Q3,2024,3,47.91077369657599,5.266405073088144,47.91077369657599,5.266405073088144,157.887,157.887,2,2,0.00019242555295887961,False
137272,,PSiDEO (Singapore) Pte Ltd,broadband,2024-Q3,2024,3,412.1289280411245,419.53896251995445,412.1289280411245,419.53896251995445,1.9935,1.9935,2,1,0.00019242555295887961,False
141389,,GOIP Telecom (Asia Pacific) Pte. Ltd.,broadband,2024-Q3,2024,3,46.88917026120827,55.39935189986709,46.88917026120827,55.39935189986709,1.4734999999999998,1.4734999999999998,2,1,0.00019242555295887961,False
7358,,The Dun & Bradstreet Corporation,broadband,2024-Q3,2024,3,21.539600998906934,,21.539600998906934,,305.8885,305.8885,2,1,0.00019242555295887961,False
10074,,iBasis Singapore ICO,broadband,2024-Q3,2024,3,9.2983554214922,1.1934479745473427,9.2983554214922,1.1934479745473427,369.653,369.653,1,1,9.621277647943981e-05,False
142066,,Northern Point Technology Private Limited,broadband,2024-Q3,2024,3,37.986880590346026,,37.986880590346026,,43.095,43.095,1,1,9.621277647943981e-05,False
38195,,Superloop,broadband,2024-Q3,2024,3,106.02645035034405,7.251781854832863,106.02645035034405,7.251781854832863,6.474,6.474,1,1,9.621277647943981e-05,False
134148,,SingAREN,broadband,2024-Q3,2024,3,904.0922962432977,570.4505445472772,904.0922962432977,570.4505445472772,1.636,1.636,1,1,9.621277647943981e-05,False
134981,,UBER SINGAPORE TECHNOLOGY PTE. LTD,broadband,2024-Q3,2024,3,267.0686499525608,299.5222084967614,267.0686499525608,299.5222084967614,7.274,7.274,1,1,9.621277647943981e-05,False
216382,,LAYER MARKETING SERVICES L.L.C,broadband,2024-Q3,2024,3,1973.1422473112434,1774.6816199551401,1973.1422473112434,1774.6816199551401,1.543,1.543,1,1,9.621277647943981e-05,False
139646,,"HONG KONG LIGHTLAYER TECHNOLOGY CO., LIMITED",broadband,2024-Q3,2024,3,13.750130371140415,8.748784669688352,13.750130371140415,8.748784669688352,253.447,253.447,1,1,9.621277647943981e-05,False
395592,,Ericsson Inc.,broadband,2024-Q3,2024,3,16.075086120326617,5.160897092443385,16.075086120326617,5.160897092443385,211.679,211.679,1,1,9.621277647943981e-05,False
136202,,Freepoint Commodities Singapore Pte. Ltd.,broadband,2024-Q3,2024,3,6.44146240898206,2.5355094295547382,6.44146240898206,2.5355094295547382,1.373,1.373,1,1,9.621277647943981e-05,False
22283,,Sidley Austin LLP,broadband,2024-Q3,2024,3,41.84725282401188,92.5830114961402,41.84725282401188,92.5830114961402,3.334,3.334,1,1,9.621277647943981e-05,False
3561,,"CenturyLink Communications, LLC",broadband,2024-Q3,2024,3,58.13672918284171,63.3816859044505,58.13672918284171,63.3816859044505,21.87,21.87,1,1,9.621277647943981e-05,False
21660,,Baxalta Incorporated,broadband,2024-Q3,2024,3,75.79621838718506,90.891892956639,75.79621838718506,90.891892956639,228.724,228.724,1,1,9.621277647943981e-05,False
9304,,HGC Global Communications Limited,broadband,2024-Q3,2024,3,70.66128919034863,14.579224889981472,70.66128919034863,14.579224889981472,206.306,206.306,1,1,9.621277647943981e-05,False
26940,,Levi Strauss & Co.,broadband,2024-Q3,2024,3,48.072741329149295,,48.072741329149295,,208.578,208.578,1,1,9.621277647943981e-05,False
55426,,Amphenol FCI Asia Pte Ltd,broadband,2024-Q3,2024,3,35.357533350579395,0.0832216136847045,35.357533350579395,0.0832216136847045,40.654,40.654,1,1,9.621277647943981e-05,False
133541,,SIPPE-SG,broadband,2024-Q3,2024,3,0.6708471743988713,,0.6708471743988713,,2.935,2.935,1,1,9.621277647943981e-05,False
4844,,SuperInternet ACCESS Pte Ltd,broadband,2024-Q3,2024,3,8.764263640865279,69.70112787217822,8.764263640865279,69.70112787217822,0.809,0.809,1,1,9.621277647943981e-05,False
13167,,Merck KGaA,broadband,2024-Q3,2024,3,18.70259090593338,6.7965570924896666,18.70259090593338,6.7965570924896666,1.201,1.201,1,1,9.621277647943981e-05,False
135530,,Acronis Asia Pte. Ltd,broadband,2024-Q3,2024,3,77.4686204882474,357.23207469698747,77.4686204882474,357.23207469698747,58.186,58.186,1,1,9.621277647943981e-05,False
33442,,Zebra Technologies Corporation,broadband,2024-Q3,2024,3,215.54363318468143,200.39704454615,215.54363318468143,200.39704454615,7.171,7.171,1,1,9.621277647943981e-05,False
29802,,"HIVELOCITY, Inc.",broadband,2024-Q3,2024,3,109.83739581795876,110.21106381702137,109.83739581795876,110.21106381702137,177.672,177.672,1,1,9.621277647943981e-05,False
132337,,Axclusive,broadband,2024-Q3,2024,3,165.52515868207155,7.104282294607677,165.52515868207155,7.104282294607677,5.219,5.219,1,1,9.621277647943981e-05,False
54801,,Zillion Network Inc.,broadband,2024-Q3,2024,3,7.973446991729035,1.2526205400424277,7.973446991729035,1.2526205400424277,49.255,49.255,1,1,9.621277647943981e-05,False
23764,,CTGNet,broadband,2024-Q3,2024,3,2.5744694850271475,1.7925329095029543,2.5744694850271475,1.7925329095029543,4.115,4.115,1,1,9.621277647943981e-05,False
136459,,F12 DATA PTE LTD,broadband,2024-Q3,2024,3,799.0030008064459,628.5051052969368,799.0030008064459,628.5051052969368,1.877,1.877,1,1,9.621277647943981e-05,False
63916,,IPTELECOM Global,broadband,2024-Q3,2024,3,78.2404584492378,,78.2404584492378,,235.859,235.859,1,1,9.621277647943981e-05,False
205489,,CODE ASSET LTD,broadband,2024-Q3,2024,3,23.193614116508755,21.322210218981315,23.193614116508755,21.322210218981315,184.858,184.858,1,1,9.621277647943981e-05,False
200017,,Elisteka UAB,broadband,2024-Q3,2024,3,58.03369935297242,,58.03369935297242,,250.546,250.546,1,1,9.621277647943981e-05,False
216101,,Homura Network Limited,broadband,2024-Q3,2024,3,376.23456039835315,13.60794763072469,376.23456039835315,13.60794763072469,0.837,0.837,1,1,9.621277647943981e-05,False
59210,,PhoenixNAP,broadband,2024-Q3,2024,3,4.159160322407483,1763.0350000318717,4.159160322407483,1763.0350000318717,32.601,32.601,1,1,9.621277647943981e-05,False
45470,,8 to Infinity Pte Ltd,broadband,2024-Q3,2024,3,240.82669774725036,,240.82669774725036,,4.879,4.879,1,1,9.621277647943981e-05,False
46078,,Dimension Data AP Kaki Bukit Singapore,broadband,2024-Q3,2024,3,49.860672874605584,50.99844109010499,49.860672874605584,50.99844109010499,40.098,40.098,1,1,9.621277647943981e-05,False
10099,,China Unicom Global,broadband,2024-Q3,2024,3,358.62271663602377,342.5567338083787,358.62271663602377,342.5567338083787,36.955,36.955,1,1,9.621277647943981e-05,False
55430,,Starhub Ltd,broadband,2024-Q4,2024,4,251.38864947326843,218.12205235408857,135.94889538895706,106.92264635083565,11.441436305997538,4.639,264474,85641,26.224153778880392,True
9506,,Singtel Fibre Broadband,broadband,2024-Q4,2024,4,196.71475015333746,165.21640472815147,117.74846502362634,82.505633225411,36.050692450165016,37.338,245798,48898,24.37231845300953,True
4773,,MobileOne Ltd. Mobile/Internet Service Provider Singapore,broadband,2024-Q4,2024,4,263.42995720023737,201.60246477459071,143.32149245449682,103.25918032746091,18.612877464133653,4.684,139804,37374,13.86238947837063,True
56300,,MyRepublic Ltd.,broadband,2024-Q4,2024,4,340.931959731028,282.38460759473185,215.72194245309268,146.82622530611582,9.34543661955158,4.956,84504,5002,8.379068985724528,True
16731,,Royal Bank of Canada,broadband,2024-Q4,2024,4,24.34632966022753,11.548708808479553,21.370308884244395,13.868340210602945,263.0941501728062,283.43449999999996,47452,3,4.705145099765694,True
3758,,SingNet,broadband,2024-Q4,2024,4,185.41676297321055,169.25487438971373,89.08785464755758,55.771536891385246,24.850361077541695,6.564,45526,9220,4.514170863439539,True
18106,,Viewqwest Pte Ltd,broadband,2024-Q4,2024,4,310.1623597781666,260.156096906739,175.32688318917448,144.36180563530618,12.178364267494148,4.08,38042,1769,3.7720882130423705,True
4657,,StarHub Ltd,broadband,2024-Q4,2024,4,229.09384157808466,220.9982579834641,87.44708624882186,72.7022964610438,10.193611442747493,4.094,25809,6674,2.5591142603020485,True
4817,,Simba Telecom Pte Ltd,broadband,2024-Q4,2024,4,337.7248875802644,276.0938000232013,251.15950692944335,174.3941873768477,9.848547033342603,4.624,25166,3188,2.4953570256407205,True
135600,,Whiz Communications Pte Ltd,broadband,2024-Q4,2024,4,237.67429255566745,200.82436862140543,136.02415060348008,93.75286115057223,14.709840404989297,5.338,19171,3268,1.9009174894126302,True
17547,,M1 NET LTD,broadband,2024-Q4,2024,4,126.64100801959441,117.88384712498002,52.05822321062272,39.61100369902891,38.28095342321837,7.134,17150,2207,1.700523443921893,True
132356,,Changi Airport Group (Singapore) Pte Ltd,broadband,2024-Q4,2024,4,71.4479860580729,62.1166886080728,67.41861720596407,59.51955131440855,7.918169758159192,3.947,4260,67,0.4224040741170416,True
23856,,SPTEL PTE. LTD.,broadband,2024-Q4,2024,4,180.87649488143944,142.00993645334768,81.07529260591636,65.41863954258105,11.075707775489185,4.1045,3885,545,0.3852206168884288,True
(unknown),,,broadband,2024-Q4,2024,4,152.02949248108868,128.66797467244157,52.11347933384874,36.88151863113377,14.829973614775724,2.0,3411,357,0.3382207269514622,True
9419,,Nanyang Technological University,broadband,2024-Q4,2024,4,132.2855766165974,142.82676916992867,78.04898648445959,75.66557965087235,6.394638991596636,3.436,2975,199,0.29498876068032837,True
38258,,Sony - ASN for Asia Pacific,broadband,2024-Q4,2024,4,32.444990311386974,15.567354598940192,17.094383247618815,2.023909556559713,174.2591203883495,175.87,2578,1454,0.25562387396097025,True
141995,,Contabo Asia Private Limited,broadband,2024-Q4,2024,4,21.70647357952349,3.9459048718964267,6.058113356766671,0.9080971628600376,142.5014966216216,101.32300000000001,2075,136,0.2057484633316576,True
133466,,Robert Bosch GmbH,broadband,2024-Q4,2024,4,27.759738249138806,23.580345003447643,17.214743801396068,8.2675347641315,7.54755588972431,1.0,1995,20,0.1978159924562202,True
393559,,"WEBBING USA, INC.",broadband,2024-Q4,2024,4,28.21125663129571,8.29731382971916,16.875975917233745,2.5139917864211947,214.01109426888053,187.912,1867,36,0.18512403905552036,True
7472,,NUS Information Technology,broadband,2024-Q4,2024,4,69.84699667450509,64.07481669390248,79.18838731287522,65.93363831281486,23.846872532430908,4.425,1773,490,0.1758033857768814,True
15830,,Equinix (EMEA) Acquisition Enterprises B.V.,broadband,2024-Q4,2024,4,42.72022764054841,31.06632037649378,17.987108117772163,5.66723459761469,79.57278089171976,70.82249999999999,1570,40,0.155674740930459,True
6364,,"Atlantic.net, Inc.",broadband,2024-Q4,2024,4,76.47196417685048,4.229323538361273,13.832096926316652,0.7406559397487658,182.81847010869566,226.945,1472,120,0.1459574641080482,True
4628,,Pacific Internet Pte Ltd,broadband,2024-Q4,2024,4,54.84670954637413,48.49947277257315,20.055712620669578,10.053058352114876,75.74652643678161,6.836,1305,144,0.12939843115557262,True
26496,,"GoDaddy.com, LLC",broadband,2024-Q4,2024,4,45.781643316689916,9.301058966662334,41.398546875486346,3.8575398136902797,177.79863851699278,187.861,971,37,0.09628036525062146,True
212238,,Datacamp Limited,broadband,2024-Q4,2024,4,27.031260201417776,6.882602651999181,15.048255751199118,1.7060209206071857,83.51265842696628,33.343,890,30,0.08824873848924109,True
2559,,VISA INTERNATIONAL SERVICE ASSOCIATION,broadband,2024-Q4,2024,4,38.7070861705166,26.273239790775694,8.9820538650728,8.400119370789355,137.907,195.483,857,3,0.08497659425312316,True
55415,,4 Shenton Way,broadband,2024-Q4,2024,4,38.29164238266357,31.551519813352684,41.26987213995629,31.777476357122943,4.831835365853658,3.7305,820,48,0.08130782647323337,True
46559,,ZGX US LLC,broadband,2024-Q4,2024,4,11.71214264578372,2.8724838075570522,5.649785170928781,1.2447982769662727,167.2723770718232,132.7775,724,183,0.07178886142270849,True
62654,,"MENLO SECURITY, INC.",broadband,2024-Q4,2024,4,828.8460948133977,884.141851560297,845.9203051188854,912.4930319843381,3.300751835535977,2.97,681,62,0.06752515832716088,True
109,,"CISCO SYSTEMS, INC.",broadband,2024-Q4,2024,4,30.526900261872537,24.534915900309535,17.63693849689928,9.651568215420983,226.61232348596744,214.992,679,333,0.06732684655527495,True
133728,,Chubb Asia Pacific Pte Ltd,broadband,2024-Q4,2024,4,26.958569501528036,11.221165057166921,20.012774027262406,1.7456804799182373,9.085524922118381,3.2535,642,5,0.06365807877538515,True
136258,,"BrainStorm Network, Inc",broadband,2024-Q4,2024,4,14.423931144496725,6.302901131810678,2.055381344373421,0.6401457060009836,208.09362302839116,169.4905,634,42,0.0628648316878414,True
7862,,Chevron Corporation,broadband,2024-Q4,2024,4,25.411544954413493,13.776022120484136,15.825861165691553,2.0071940605191867,232.2286794258373,262.308,627,33,0.06217074048624063,True
2047,,Hoffmann - La Roche Ltd.,broadband,2024-Q4,2024,4,32.932435873363225,27.351006571653762,15.348155094785097,9.384440925379785,53.92467003367003,53.57,594,2,0.058898596250122705,True
14762,,"AMGEN, Inc.",broadband,2024-Q4,2024,4,6.587849109083373,3.999694444060988,4.776214197070619,3.176941012458499,213.9268123827392,224.023,533,3,0.05285008720760169,True
24467,,Deutsche Bank APAC RHO in Singapore Internet AS,broadband,2024-Q4,2024,4,94.77752625333967,69.83801518796274,27.66076983191258,16.61487151343905,11.749276515151514,2.0,528,7,0.05235430777788685,True
394984,,"Fragomen, Del Rey, Bernsen & Loewy, LLP",broadband,2024-Q4,2024,4,8.54047925302385,5.12652646321708,7.507556343686307,3.9713835177106285,205.10280038022816,206.1685,526,1,0.05215599600600091,True
134078,,NETPLUZ HOLDINGS PRIVATE LIMITED,broadband,2024-Q4,2024,4,125.53557128574666,103.33613305813049,69.21390378550414,59.06935762319462,10.920311154598828,3.57,512,108,0.05076781360279937,True
17617,,Nanyang Polytechnic,broadband,2024-Q4,2024,4,162.9996979048522,174.10676625635818,46.52794212903242,59.104789645498045,30.106763747454174,3.766,493,1,0.04888385176988298,True
35163,,Procter & Gamble Service GmbH,broadband,2024-Q4,2024,4,132.30786264132627,114.04882508563185,80.55283773032772,69.75766765916848,129.08408314606743,110.343,445,10,0.04412436924462054,True
133782,,Elsevier Ltd,broadband,2024-Q4,2024,4,47.995687101388796,34.76178422265721,37.96152670910214,8.954165101084593,113.59030227272727,100.727,440,2,0.04362858981490571,True
131195,,SIM Headquarters,broadband,2024-Q4,2024,4,83.57306906586318,105.04596639895603,50.99548967210205,77.74853486408483,47.51080299251872,48.143,401,16,0.039761510263129976,True
56094,,ITENET:wq,broadband,2024-Q4,2024,4,192.5065736887598,148.63567073562584,90.93904403487582,77.5426520287358,23.959933842239188,4.953,393,20,0.038968263175586236,True
8220,,COLT Technology Services Group Limited,broadband,2024-Q4,2024,4,135.64743121260463,105.87901366646788,63.81120476254793,38.88545767181349,20.040406735751297,3.4265,386,61,0.038274171973985464,True
131475,,Singapore Institute of Technology,broadband,2024-Q4,2024,4,96.73858654573917,82.35711125433075,22.247034917481685,19.530312774218064,4.582629032258064,2.9234999999999998,372,53,0.036885989570783914,True
44356,,Epsilon Telecommunications Ltd,broadband,2024-Q4,2024,4,17.566596847760184,9.763696290972975,13.781569867789655,1.651534279486266,327.9751184573003,342.171,364,3,0.036092742483240174,True
2912,,Citigroup Inc.,broadband,2024-Q4,2024,4,140.84805357974028,114.22470295024662,18.82580565446616,42.51207581746918,7.150284507042254,0.261,355,12,0.035200339509753466,True
3300,,British Telecommunications Limited,broadband,2024-Q4,2024,4,90.03183127467808,48.34206138676297,67.35715990626483,7.876733046533907,57.76561061946901,43.85,339,9,0.033613845334665986,True
136873,,MEGADATA-ISP,broadband,2024-Q4,2024,4,8.577979523661249,7.455801277359934,4.659236635445296,4.702815572208894,31.056630952380953,19.0,336,13,0.03331637767683709,True
38055,,ACE Insurance Singapore,broadband,2024-Q4,2024,4,30.680497164338966,21.734265566544803,24.084511006955477,8.05676960788293,2.951210843373494,1.5615,332,4,0.032919754133065214,True
9877,,Ngee Ann Polytechnic Computer Center,broadband,2024-Q4,2024,4,87.13665172987734,102.54757911366322,35.51197165828314,45.33038275863229,3.5252452830188674,1.94,318,12,0.03153157172986367,True
136513,,FILINVEST BUSINESS SERVICES CORPORATION,broadband,2024-Q4,2024,4,11.242601878880258,27.26217849029336,4.700868376248011,5.08497534901479,87.25229523809526,104.224,316,2,0.031333259957977734,True
44022,,Barclays Bank PLC,broadband,2024-Q4,2024,4,9.165416280881193,9.464715929915604,7.0527410648253,3.9951263412112654,168.31015841584158,166.878,303,2,0.03004423344071916,True
10024,,LGA International,broadband,2024-Q4,2024,4,127.82241333427977,114.39500141055603,65.77149513759025,62.92505863969697,5.018109999999999,2.8645,300,74,0.029746765782890254,True
138539,,Jewel Changi Airport Trustee Pte. Ltd.,broadband,2024-Q4,2024,4,28.19933870991032,19.605834093900654,25.238312820760754,13.980264057672807,6.20669,3.9715,300,59,0.029746765782890254,True
23728,,Republic Polytechnic. Multihoming AS Singapore,broadband,2024-Q4,2024,4,75.99306868129077,135.54354824540107,23.873028546349452,143.68991368920706,8.98918181818182,9.173,297,4,0.029449298125061352,True
23767,,A-STAR,broadband,2024-Q4,2024,4,308.97521683254024,225.68782890928367,142.96651864315095,97.37982822057728,26.950582758620687,2.143,290,76,0.02875520692346058,True
138345,,StarHub Ltd,broadband,2024-Q4,2024,4,32.737872670862046,9.436061913472944,16.5732289110749,3.8926196113474023,57.25451601423487,16.434,281,200,0.027862803949973872,True
24482,,SG.GS,broadband,2024-Q4,2024,4,89.44850218031237,7.200192431199181,55.852080933567265,3.3187421214595694,1.2673860294117645,0.7975000000000001,272,11,0.026970400976487164,True
55487,,Globalfoundries Singapore Pte Ltd,broadband,2024-Q4,2024,4,126.39494019648177,157.48148506118372,40.71075724138844,30.98281211563653,2.448458823529412,1.863,255,3,0.025284750915456716,True
137991,,Lifeway Singapore Pte. Ltd.,broadband,2024-Q4,2024,4,25.163418893646778,32.01590244799338,8.806547618747858,13.91369453808874,125.26439166666665,154.7625,240,10,0.023797412626312204,True
55919,,20 Dover Drive Singapore 138682,broadband,2024-Q4,2024,4,217.34717909511787,177.60754001418272,156.56227679750248,115.57330680565697,12.76784388185654,4.238,237,4,0.023499944968483302,True
49362,,DSV A/S,broadband,2024-Q4,2024,4,11.156933909430391,13.63632437163161,5.473534231030328,7.965932748607051,58.643860576923075,41.813500000000005,208,4,0.020624424276137244,True
10794,,"Bank of America, National Association",broadband,2024-Q4,2024,4,27.56144286366169,20.650563675433954,9.28784870455805,6.284408294396661,86.42758510638299,33.293000000000006,188,1,0.018641306557277894,True
134677,,Dromatics Systems Pte Ltd,broadband,2024-Q4,2024,4,31.45224488773626,6.106091992068963,7.573304605210982,3.3879575573321405,136.51146276595748,16.7835,188,9,0.018641306557277894,True
17645,,ASN - NTT SINGAPORE PTE LTD,broadband,2024-Q4,2024,4,67.72030008315055,40.30433431257996,3.5328001975306,10.914631211691272,41.95386813186813,2.145,182,21,0.018046371241620087,True
38136,,Akari Networks,broadband,2024-Q4,2024,4,196.45931698000723,28.353674043301815,104.66636397622615,17.625391148887715,6.004423529411764,0.3075,170,45,0.016856500610304477,True
33619,,"Advanced Micro Devices, Inc.",broadband,2024-Q4,2024,4,200.31220303191063,238.92202583229957,203.4418779959854,115.97303416770512,86.18570909090909,55.649,165,5,0.01636072118058964,True
139636,,WORKDAY AUSTRALIA PTY LTD,broadband,2024-Q4,2024,4,103.68056632720865,86.12302458580189,87.86168606754002,71.82269022166079,45.08930201342282,20.297,149,2,0.01477422700550216,True
2906,,Netflix Streaming Services Inc.,broadband,2024-Q4,2024,4,37.35619271367047,25.173575306219842,25.542917543213917,11.081734055491697,163.54908843537416,147.962,147,35,0.014575915233616225,True
136975,,Global Technology,broadband,2024-Q4,2024,4,21.245072876025237,20.25063474443889,16.23247081328607,15.712079292900103,103.87415862068964,77.414,145,17,0.01437760346173029,True
3549,,"Level 3 Parent, LLC",broadband,2024-Q4,2024,4,54.08140000341094,46.55715943658881,21.145295121791413,20.972531663902863,127.39724137931036,99.052,145,18,0.01437760346173029,True
714,,Apple Inc.,broadband,2024-Q4,2024,4,83.76758079673512,86.98724705981522,81.34582280941616,81.86704615425843,6.3159586206896545,4.504,145,100,0.01437760346173029,True
8851,,GCI Network Solutions Limited,broadband,2024-Q4,2024,4,107.75809231488553,15.687609603948088,62.74826744173215,1.3009612922493439,7.054111888111889,0.246,143,18,0.014179291689844355,True
400190,,Freeport-McMoRan Inc.,broadband,2024-Q4,2024,4,53.0745485583779,50.05333913584154,24.41139558860441,19.331623144449562,85.48863503649636,73.702,137,16,0.01358435637418655,True
45700,,PT. NAP Info Lintas Nusa,broadband,2024-Q4,2024,4,65.27328213571016,7.5297334807280345,31.85462685895701,6.5772693177419335,38.15545185185185,25.246,135,27,0.013386044602300615,True
19239,,KLA Corporation,broadband,2024-Q4,2024,4,411.5425286344857,424.88508842762724,485.84811363851696,406.1291171351783,2.8582348484848485,2.9295,132,1,0.013088576944471712,True
142594,,SpeedyPage Ltd,broadband,2024-Q4,2024,4,80.58568207401756,24.068503889038006,82.49302836788236,6.777786166316864,9.824581395348837,0.808,129,51,0.01279110928664281,True
15224,,Adobe Inc.,broadband,2024-Q4,2024,4,58.00357555860893,38.05664633540232,55.481192963943926,26.052242041620204,133.80411999999998,82.177,125,1,0.01239448574287094,True
3918,,Shell Information Technology International B.V.,broadband,2024-Q4,2024,4,43.56761922425868,22.792352041144948,24.94364747411131,8.034955248462158,68.07695967741935,63.1335,124,2,0.012295329856927972,True
13443,,LinkedIn Corporation,broadband,2024-Q4,2024,4,21.989042200387104,15.828309399800949,13.322419419844207,2.3776031812619647,348.07561788617886,307.517,123,53,0.012196173970985005,True
141469,,Cargill Asia Pacific Holdings Pte Ltd,broadband,2024-Q4,2024,4,106.76768064779588,33.49122588181074,30.792624320638055,3.3290070321390655,23.992218487394958,0.736,119,4,0.011799550427213135,True
63526,,Systems Solutions & development Technologies Limited,broadband,2024-Q4,2024,4,12.361642551120934,15.257441815906885,8.57303352509539,13.52549489862038,80.95737931034483,83.815,116,10,0.011502082769384232,True
401243,,Komi LLC,broadband,2024-Q4,2024,4,207.667500303446,24.011061945492337,175.2554898970177,16.363231092611613,59.19899074074073,55.637,108,27,0.010708835681840492,True
4913,,"Speedcast Communications, Inc",broadband,2024-Q4,2024,4,0.7156139650765154,0.2308233588448197,0.5659370162339565,0.15995037954960056,232.61065740740742,249.3105,108,18,0.010708835681840492,True
38862,,TullettPrebon Singapore multihoming ISP connection AS,broadband,2024-Q4,2024,4,222.80560562879953,274.1264953436228,72.47040773401852,58.90247659504681,3.8401682242990662,0.831,107,3,0.010609679795897524,True
3257,,GTT Communications Inc.,broadband,2024-Q4,2024,4,35.42614220218153,23.473031249911227,19.33312762514425,2.979585142969598,267.50748113207544,347.4415,106,11,0.010510523909954557,True
8444,,JANUS HENDERSON ADMINISTRATION UK LIMITED,broadband,2024-Q4,2024,4,16.858563820805124,14.803730103236918,10.854301551996784,2.4706134705705707,6.624509615384615,0.8245,104,1,0.010312212138068622,True
133524,,"Global Technology Co., Ltd.",broadband,2024-Q4,2024,4,23.598153172256012,8.721636616513004,23.493000652556272,4.353447391414865,73.15940776699028,70.757,103,17,0.010213056252125654,True
205080,,Societe Internationale de Telecommunications Aeronautiques,broadband,2024-Q4,2024,4,17.739476728805826,7.763309733731385,9.615516431679382,3.028805679016148,105.59307446808515,88.97550000000001,94,37,0.009320653278638947,False
5580,,GTT Communications Netherlands B.V.,broadband,2024-Q4,2024,4,28.937032598241466,16.548588913768103,15.965407249245239,6.061169155865649,176.40223404255323,174.7175,94,7,0.009320653278638947,False
41378,,Kirino LLC,broadband,2024-Q4,2024,4,257.5739117596888,33.87957248862503,130.6833922449305,31.715114591318446,33.29297849462366,16.214,93,12,0.009221497392695979,False
14114,,SAP America Inc.,broadband,2024-Q4,2024,4,474.8056376951958,184.53692957266878,229.12832014122182,19.371254230116964,118.93996739130435,33.785,92,9,0.009122341506753012,False
7473,,Singapore Telecommunications Ltd,broadband,2024-Q4,2024,4,156.26043845749282,178.04722406767166,36.96697821850566,13.295858456762522,103.8075632183908,76.943,87,9,0.008626562077038174,False
3356,,"Level 3 Parent, LLC",broadband,2024-Q4,2024,4,173.0620606432664,127.37954468722461,32.48650107991361,13.411482688049702,73.22621839080459,4.48,87,13,0.008626562077038174,False
140693,,The Walt Disney Company (HK) Ltd,broadband,2024-Q4,2024,4,59.719373496845435,18.723648313220465,17.082210775633037,4.70986113454704,91.7429880952381,61.1365,84,4,0.008329094419209272,False
56043,,PEPSICO INTERNATIONAL PTE. LTD.,broadband,2024-Q4,2024,4,20.892322417773975,11.442947798982628,5.144013589445946,1.4266914048929928,9.98574074074074,1.848,81,2,0.008031626761380369,False
9255,,Singapore Telecom,broadband,2024-Q4,2024,4,30.3989693694335,17.092760845848012,15.116845467611089,7.728770935449049,24.236425000000004,7.6525,80,24,0.007932470875437402,False
24012,,Refinitiv Australia PTY Limited,broadband,2024-Q4,2024,4,33.347071185306575,24.023502295783242,18.2704418238588,5.537507259018048,169.61561333333333,146.821,75,10,0.0074366914457225635,False
136261,,VERTIV (SINGAPORE) PTE. LTD.,broadband,2024-Q4,2024,4,180.72681835025477,120.50665205848259,92.8097584420382,14.388068704428996,92.51601408450703,63.143,71,10,0.0070400679019506935,False
45133,,Singapore Polytechnic,broadband,2024-Q4,2024,4,158.63962002411063,95.95023260358285,74.24239671550103,50.218670858230745,34.832171428571435,4.314500000000001,70,10,0.006940912016007726,False
2687,,"AT&T Enterprises, LLC",broadband,2024-Q4,2024,4,23.93042461956605,20.35288307316297,18.694066888222846,3.363876897239159,152.25101470588234,153.4325,68,7,0.006742600244121791,False
135409,,Kacific Broadband Satellites Pte Ltd,broadband,2024-Q4,2024,4,8.320701252832944,1.382389023482584,7.276395763059936,1.47484976539061,58.22681818181818,42.325,66,20,0.006544288472235856,False
56172,,Agora Communications Pte Ltd,broadband,2024-Q4,2024,4,35.309970133487056,15.012776513246434,25.81807398037575,9.61885560241941,11.376046875,4.227499999999999,64,1,0.006345976700349921,False
60142,,NXP Semiconductors Netherlands B.V.,broadband,2024-Q4,2024,4,12.878003287752644,12.439412847122263,10.445737191273677,10.618333431327729,311.92811111111115,305.932,63,3,0.0062468208144069535,False
13014,,Hewlett Packard France S.A.S.,broadband,2024-Q4,2024,4,54.403994432120896,56.74839027575832,13.722240193849583,0.30229321355379357,148.66540983606558,137.972,61,13,0.0060485090425210185,False
15695,,Expereo International BV,broadband,2024-Q4,2024,4,89.4974986444184,60.06122244585696,71.866972828407,34.15600281378377,26.007316666666664,3.9695,60,21,0.005949353156578051,False
19637,,Avago Technologies U.S. Inc.,broadband,2024-Q4,2024,4,157.80637234133738,153.02216487798074,138.71260302676188,102.82927214555261,24.451400000000003,5.295,60,1,0.005949353156578051,False
17733,,Office of Communications & IT,broadband,2024-Q4,2024,4,275.7880204927353,225.93196026545155,149.79215727193514,203.84558543938738,16.35158333333333,3.261,60,13,0.005949353156578051,False
134457,,BMC Software Asia Pacific Pte Ltd,broadband,2024-Q4,2024,4,28.454569208103003,10.980929496773665,25.32498303405917,4.470862067808856,87.13313559322035,73.595,59,2,0.0058501972706350835,False
51847,,Nearoute Limited,broadband,2024-Q4,2024,4,159.07226752460292,20.137972389058326,130.5316032799691,14.426117379354714,3.8746779661016957,0.931,59,26,0.0058501972706350835,False
23766,,"Electronic Arts, Singapore",broadband,2024-Q4,2024,4,58.389308064394285,43.21473864761577,23.473450240401718,7.992633448993144,148.8048245614035,104.361,57,1,0.0056518854987491485,False
140362,,DIGISIGMA PTE. LTD.,broadband,2024-Q4,2024,4,64.15219010899825,36.89278322389896,59.22678221764146,28.107298274238456,51.56128571428571,61.33,56,38,0.005552729612806181,False
59326,,DSO National Laboratories,broadband,2024-Q4,2024,4,177.79176140900248,146.75225921899036,113.94369072706138,131.8284565261666,1.5673818181818182,1.423,55,9,0.0054535737268632135,False
3911,,"Micron Technology, Inc.",broadband,2024-Q4,2024,4,87.59501103804642,96.43992316744628,83.91822854513264,79.78686794982548,30.86562264150944,4.68,53,3,0.0052552619549772785,False
54092,,"DRW Holdings, LLC",broadband,2024-Q4,2024,4,64.52656834348737,30.689661410914038,43.18620591590728,18.825868179768946,52.66683018867925,36.538,53,1,0.0052552619549772785,False
22764,,"Fluor Enterprises, Inc.",broadband,2024-Q4,2024,4,59.30990847588982,5.581572556050319,63.079631611377245,2.404265959715563,224.42929411764706,228.107,51,1,0.0050569501830913435,False
151338,,POLONETWORK LIMITED,broadband,2024-Q4,2024,4,139.97446104950942,10.834269261717285,60.457206130486185,1.8172820520490705,8.31718,0.308,50,6,0.004957794297148376,False
25917,,ROCKWELL AUTOMATION Inc.,broadband,2024-Q4,2024,4,98.93157433583707,92.17435469205674,84.5284347405203,84.2453360490672,124.01101999999999,127.446,50,7,0.004957794297148376,False
24739,,SEVEREN TELECOM,broadband,2024-Q4,2024,4,91.70652123205636,287.78554657043463,30.16136341896501,45.679607478480534,7.872285714285715,1.278,49,10,0.0048586384112054085,False
4058,,CITIC Telecom International CPC Limited,broadband,2024-Q4,2024,4,44.5337957125613,38.42563825727715,32.726970441701404,13.869961634894736,90.994693877551,75.921,49,10,0.0048586384112054085,False
138199,,Transatel,broadband,2024-Q4,2024,4,26.170411930649163,7.605189401183364,10.865233194760672,2.784038942675949,136.7744285714286,104.931,49,2,0.0048586384112054085,False
137904,,Black & Veatch (SEA) PTE LTD,broadband,2024-Q4,2024,4,54.76854643296212,12.783275394849667,36.54123980025812,2.942165732075265,83.11008333333334,73.268,48,2,0.004759482525262441,False
29990,,Xandr Inc.,broadband,2024-Q4,2024,4,21.961372189603583,8.44892032531326,11.002436195406156,1.6162929272865496,179.71004255319147,103.721,47,6,0.0046603266393194735,False
4637,,Telstra Global,broadband,2024-Q4,2024,4,134.6445182543415,155.51628178405025,85.40275046915721,88.94236172825717,61.93374468085106,4.779,47,9,0.0046603266393194735,False
48266,,Catixs Ltd,broadband,2024-Q4,2024,4,242.1161041165003,27.467271227215665,244.0253038130167,5.083858764123582,4.047847826086957,1.0,46,17,0.004561170753376506,False
11158,,"NTT America, Inc.",broadband,2024-Q4,2024,4,48.19937881266117,50.7685285959107,43.107165708429676,59.25510512746182,97.34215217391304,71.8825,46,4,0.004561170753376506,False
400318,,"Versa Networks, Inc.",broadband,2024-Q4,2024,4,46.80382837858765,18.907325401797696,43.78895912531242,10.65586083890098,36.15227272727273,18.0305,44,3,0.004362858981490571,False
17350,,Moody's Corp.,broadband,2024-Q4,2024,4,50.61476329544892,33.572042938706026,50.274307493455744,19.27003239619167,108.19635714285715,63.355500000000006,42,3,0.004164547209604636,False
56173,,internet content provider,broadband,2024-Q4,2024,4,43.76478625025044,7.077836675639898,33.5708068771593,3.0708758974607484,122.303,119.316,42,13,0.004164547209604636,False
40339,,Jump Trading LLC,broadband,2024-Q4,2024,4,16.26374857829974,20.959373181846505,10.480760379924362,6.576656287181337,1.93575,0.7484999999999999,40,1,0.003966235437718701,False
395266,,"Keysight Technologies, Inc",broadband,2024-Q4,2024,4,66.67902183885472,57.74570759195828,17.552651402180395,14.690844346106061,56.81617499999999,43.881,40,3,0.003966235437718701,False
17978,,SERVCORP AUSTRALIAN HOLDINGS LTD,broadband,2024-Q4,2024,4,100.49719985586897,95.32466168364368,89.70391504833034,94.95692903097702,35.18169230769231,17.577,39,10,0.003867079551775733,False
154177,,LIGHT NODE LIMITED,broadband,2024-Q4,2024,4,30.47247676354835,7.874713209117096,24.99199659518442,1.2355790930821764,5.283552631578948,0.33599999999999997,38,5,0.0037679236658327655,False
7700,,SINGAPORE TELECOMMUNICATIONS LTD,broadband,2024-Q4,2024,4,2.580123752270932,0.5206381486464866,1.680099754349977,0.21531696403080716,365.9464736842105,343.996,38,5,0.0037679236658327655,False
7246,,Bristol-Myers Squibb Company,broadband,2024-Q4,2024,4,61.7898897946141,48.36055822597264,27.35924754897574,15.431018363449315,68.00481081081082,34.706,37,2,0.003668767779889798,False
56039,,SPH Media Limited,broadband,2024-Q4,2024,4,370.58216915664326,418.3911573491635,191.84721362762943,226.46974278716448,4.746166666666666,4.3870000000000005,36,9,0.0035696118939468305,False
24182,,Interpublic GIS,broadband,2024-Q4,2024,4,212.94897597877494,148.80045935731587,208.5992210879449,117.34150885497553,5.497314285714286,3.702,35,1,0.003470456008003863,False
133600,,ESSEC,broadband,2024-Q4,2024,4,163.19093941624124,14.969640329569808,161.62968209464594,13.40697484805922,9.15129411764706,5.608499999999999,34,4,0.0033713001220608955,False
45597,,POINT72 ASIA,broadband,2024-Q4,2024,4,104.86382667880348,153.87707744331885,57.263610743290364,26.70871748852282,68.72314705882351,46.196,34,1,0.0033713001220608955,False
24331,,eBay Inc ASIA ASN eCommerce San Jose,broadband,2024-Q4,2024,4,15.8264783934339,6.6945137879760575,8.867046957437179,0.3113166115362001,289.35818181818183,316.815,33,1,0.003272144236117928,False
133587,,Bain and Company,broadband,2024-Q4,2024,4,55.452830903563495,33.437272914409604,55.01616950321802,16.17706868856211,91.42484374999998,87.16149999999999,33,1,0.003272144236117928,False
135066,,Schroders Investment Management (Singapore) Limited,broadband,2024-Q4,2024,4,92.20855874703422,38.07765695501217,99.25619435492749,33.6194027933129,15.19184375,1.567,32,3,0.0031729883501749605,False
138610,,SAP SE,broadband,2024-Q4,2024,4,39.69509664162075,22.77225509018615,16.17474784139031,7.579927509161347,102.00393548387096,73.955,31,20,0.003073832464231993,False
10111,,Zeofast Network,broadband,2024-Q4,2024,4,14.747875694247988,3.7799346496200084,10.157551606608779,0.5153792971165301,111.6749,110.025,30,7,0.0029746765782890255,False
42960,,VH Global Limited,broadband,2024-Q4,2024,4,14.645029886955793,16.006436160645077,6.135609688648032,1.688288744628701,239.36293333333336,320.784,30,3,0.0029746765782890255,False
203554,,Louis Vuitton Malletier SA,broadband,2024-Q4,2024,4,76.48814291887479,20.58740847032637,30.616718196706632,12.613426089934539,156.8382758620689,172.676,29,7,0.002875520692346058,False
133125,,PG Lion ReSources Aust Pty Ltd,broadband,2024-Q4,2024,4,110.18701727316204,65.43841955838276,149.49257857160404,21.1694253327299,167.72110714285714,124.707,28,4,0.0027763648064030905,False
56197,,KDDI ASIA PACIFIC PTE. LTD.,broadband,2024-Q4,2024,4,55.40312234507546,38.10512685236927,64.78973986978315,18.07290648205629,4.723307692307691,3.207,26,10,0.0025780530345171555,False
131217,,8 Kallang Sector,broadband,2024-Q4,2024,4,116.2587866746368,64.02592589981224,129.93871968131836,73.98695931997426,2.3776153846153845,2.1825,26,2,0.0025780530345171555,False
153325,,Next Era Pte. Ltd.,broadband,2024-Q4,2024,4,67.4978875404133,74.66649762234593,85.65377666584672,89.44793249722237,210.86915999999997,207.487,25,15,0.002478897148574188,False
20868,,ABB Information Systems Ltd,broadband,2024-Q4,2024,4,34.44766984591811,29.458214564241974,38.605856044326465,17.812991502112002,154.17468,109.878,25,2,0.002478897148574188,False
34414,,Nokia APAC,broadband,2024-Q4,2024,4,18.183027990145252,3.6847453224162248,11.996707413926915,1.160823738990385,164.33572,193.481,25,2,0.002478897148574188,False
139028,,Singapore Technologies Engineering Ltd,broadband,2024-Q4,2024,4,102.59695978971493,108.77336285081519,87.93157670178577,94.0019152058876,27.056199999999993,4.776,25,3,0.002478897148574188,False
21509,,"Apollo Management, L.P.",broadband,2024-Q4,2024,4,15.172223927006634,11.831823133557705,12.976155982776444,11.01631278694977,233.274,218.01549999999997,24,1,0.0023797412626312205,False
212336,,ByteVirt LLC,broadband,2024-Q4,2024,4,480.2117402855957,240.52707913816647,432.0103965293463,21.321087875664954,8.206875,1.029,24,12,0.0023797412626312205,False
64086,,Australia and New Zealand Banking Group Limited (ANZ),broadband,2024-Q4,2024,4,56.784957704810125,69.54408092457528,64.2266918874925,58.86766742374315,121.279875,95.88550000000001,24,5,0.0023797412626312205,False
138699,,TIKTOK PTE. LTD.,broadband,2024-Q4,2024,4,38.6459628363801,20.818668539131984,25.225547039280805,6.334219689391013,118.1325,119.548,24,14,0.0023797412626312205,False
137220,,"Texas Instruments, Inc",broadband,2024-Q4,2024,4,18.43490129845929,7.368194787085513,16.504839887139603,2.497543196377991,149.3756956521739,124.0,23,5,0.002280585376688253,False
6279,,PCCW Global (HK) Ltd.,broadband,2024-Q4,2024,4,16.348480247914527,4.607573800666769,9.956927004413917,2.3939719179017764,261.24577272727277,174.1855,22,1,0.0021814294907452855,False
932,,XNNET LLC,broadband,2024-Q4,2024,4,3.3792252659751623,0.7112777013104823,2.636522824633788,0.12617718906519823,125.05781818181818,119.4255,22,4,0.0021814294907452855,False
54201,,We Link Networks LLC,broadband,2024-Q4,2024,4,53.85870636196013,52.07294813887214,53.18669784048852,49.223157719214484,2.687238095238095,2.258,21,18,0.002082273604802318,False
45530,,Agoda Company Pte. Ltd.,broadband,2024-Q4,2024,4,594.1267107125966,553.7934583662313,600.885230634481,572.6332953340933,35.646249999999995,35.5465,20,1,0.0019831177188593505,False
401443,,WAP.AC LLC,broadband,2024-Q4,2024,4,141.4410341185662,41.859975923413806,109.42301211556804,51.276301301493994,26.170849999999994,32.653999999999996,20,7,0.0019831177188593505,False
4800,,PT Aplikanusa Lintasarta,broadband,2024-Q4,2024,4,5.321467477336193,4.37978164682331,1.9029040033239821,0.6764611032285722,415.23249999999996,549.5565,20,5,0.0019831177188593505,False
140610,,Bayer (South East Asia) Pte Ltd,broadband,2024-Q4,2024,4,58.4509973928585,40.06015275122052,44.98610844109086,32.047380391055675,90.09855,75.166,20,2,0.0019831177188593505,False
134739,,"AGB Communication Co., Ltd",broadband,2024-Q4,2024,4,25.467536436089173,16.982664480786156,10.229854748200099,8.548535067490386,75.06665000000001,60.2705,20,3,0.0019831177188593505,False
139883,,SPTEL PTE. LTD.,broadband,2024-Q4,2024,4,65.1656731171545,27.327514665705937,66.60745823238669,8.421077935660405,14.100842105263158,4.948,19,6,0.0018839618329163828,False
137003,,INSEAD,broadband,2024-Q4,2024,4,119.66985580497682,176.08611247279438,47.22206053813686,47.42414902968301,3.791105263157894,3.827,19,1,0.0018839618329163828,False
6453,,TATA COMMUNICATIONS (AMERICA) INC,broadband,2024-Q4,2024,4,98.29661616035328,78.27142266885156,74.79484666242816,46.684866819996216,94.78789473684212,41.0,19,9,0.0018839618329163828,False
16669,,Applied Materials,broadband,2024-Q4,2024,4,91.90753377021638,40.55323509977077,98.69956687134797,23.88485583237476,46.70752631578947,46.028,19,2,0.0018839618329163828,False
136537,,SQUAREPOINT OPERATIONS PRIVATE LIMITED,broadband,2024-Q4,2024,4,1303.3690361193942,760.6374855425773,1337.6869980841777,848.0120408654345,2.96178947368421,0.647,19,1,0.0018839618329163828,False
5065,,Bunny Communications,broadband,2024-Q4,2024,4,59.75570320294794,31.364096003893007,67.85457886638605,37.68869305068685,217.26615789473684,216.04,19,12,0.0018839618329163828,False
10100,,UBS Group AG,broadband,2024-Q4,2024,4,213.87254080880876,164.74008311291192,204.5869135013756,209.24817205694617,24.245944444444447,33.361000000000004,18,2,0.0017848059469734153,False
150436,,Byteplus Pte. Ltd.,broadband,2024-Q4,2024,4,15.811144427127875,5.734207538674197,9.49276734219368,0.3476345443403939,7.3401764705882355,1.0,17,10,0.0016856500610304477,False
4229,,Zenlayer Inc,broadband,2024-Q4,2024,4,145.12398962962703,132.48373594842275,174.89111345732348,172.00132549802464,50.66458823529412,39.0,17,10,0.0016856500610304477,False
38891,,Measat Satellite Systems Sdn. Bhd.,broadband,2024-Q4,2024,4,0.5610750200632916,0.3345386401873259,0.35905874018410533,0.23733415756859663,9.525937499999998,6.493,16,3,0.0015864941750874802,False
46078,,Dimension Data AP Kaki Bukit Singapore,broadband,2024-Q4,2024,4,77.89055957575684,4.04068172083945,75.22712127513647,1.554826685188298,43.7591875,47.045500000000004,16,1,0.0015864941750874802,False
32537,,Xilinx Incorporated,broadband,2024-Q4,2024,4,62.444553547072985,20.082801976724195,30.635203326850434,13.572419935257294,117.70599999999999,132.743,16,5,0.0015864941750874802,False
3573,,Accenture LLP,broadband,2024-Q4,2024,4,140.35727031724946,108.29833496432917,141.0163159254196,114.65173409812148,22.8564,3.883,15,13,0.0014873382891445127,False
18725,,PVH Corp.,broadband,2024-Q4,2024,4,26.765397626701297,32.04855373462419,30.804083446000774,22.152631774733475,215.35379999999998,213.765,15,1,0.0014873382891445127,False
56308,,"TELEKOMUNIKASI INDONESIA INTERNATIONAL, PTE.LTD",broadband,2024-Q4,2024,4,87.86496155294549,103.55392942407167,27.556887709053203,27.109706387723723,11.837866666666667,5.669,15,7,0.0014873382891445127,False
30613,,Chicago Mercantile Exchange,broadband,2024-Q4,2024,4,101.28068231262904,168.62212339186328,98.26346617403796,199.72616443086457,68.23026666666667,74.24,15,1,0.0014873382891445127,False
27399,,Balyasny Asset Management L.P.,broadband,2024-Q4,2024,4,219.155548494774,231.8829093597968,151.4286559349389,216.41034578050449,2.2150666666666665,1.889,15,1,0.0014873382891445127,False
133136,,MyRepublic Ltd.,broadband,2024-Q4,2024,4,73.91131971575842,59.44524764387927,87.89623426737958,52.831575225316755,8.824800000000002,4.742,15,7,0.0014873382891445127,False
149485,,MonoCloud Pty Ltd,broadband,2024-Q4,2024,4,69.80122393932562,24.705451294724224,63.3277892189526,14.002185800195281,78.36928571428572,74.876,14,15,0.0013881824032015452,False
17003,,Zoetis Inc.,broadband,2024-Q4,2024,4,3.737722862666022,5.931095518766388,2.4499776033273166,5.801277931361812,246.1285,309.2875,14,1,0.0013881824032015452,False
6307,,American Express Company,broadband,2024-Q4,2024,4,9.06581945507539,7.407149089942879,9.132126218762593,8.641860501975579,178.98392857142855,230.495,14,4,0.0013881824032015452,False
14398,,"Autodesk, Inc.",broadband,2024-Q4,2024,4,641.6627767880457,707.049056672284,724.0027147239966,693.4841969261527,4.50723076923077,2.577,13,6,0.0012890265172585777,False
13431,,"Millennium Partners, L.P.",broadband,2024-Q4,2024,4,297.80312242457035,204.51657960224554,183.4093813662195,182.42487190042937,2.6365384615384615,1.605,13,1,0.0012890265172585777,False
2914,,"NTT America, Inc.",broadband,2024-Q4,2024,4,31.715720841948862,17.080612643567424,31.22291348837056,5.867089172712644,189.24800000000002,200.073,13,4,0.0012890265172585777,False
206804,,EstNOC OU,broadband,2024-Q4,2024,4,62.04251241685992,39.93478572437869,58.27918277685237,47.31636175980986,173.14863636363637,197.223,11,3,0.0010907147453726427,False
133391,,SYSNETPRO SOLUTION PTE LTD,broadband,2024-Q4,2024,4,110.44286078565837,70.54772410930431,89.95995274347335,49.97393701892904,34.217727272727274,12.048,11,1,0.0010907147453726427,False
394161,,"Tesla Motors, Inc.",broadband,2024-Q4,2024,4,43.23515675833354,25.924421776387053,53.33777332760522,15.713135946422028,199.62954545454548,217.911,11,5,0.0010907147453726427,False
7054,,"Merck and Co., Inc.",broadband,2024-Q4,2024,4,94.89782587040267,31.002181169347978,77.01145616138045,33.07474841420508,70.75072727272726,25.303,11,7,0.0010907147453726427,False
6461,,Zayo Bandwidth,broadband,2024-Q4,2024,4,38.09572310941271,27.10633562832332,9.111394371643971,6.344215010081948,173.69272727272727,206.329,11,3,0.0010907147453726427,False
135607,Infinivan,Infinivan Incorporated,broadband,2024-Q4,2024,4,97.48377868791695,156.8284387833519,86.40532482996672,196.64863495713752,82.77190909090909,86.24,11,3,0.0010907147453726427,False
13167,,Merck KGaA,broadband,2024-Q4,2024,4,12.325359551485601,8.749209587281424,10.343645003865554,9.756441316649282,166.90839999999997,159.0875,10,1,0.0009915588594296752,False
58580,,Fastrack Technology,broadband,2024-Q4,2024,4,185.9462507532432,175.21435715415237,189.3293048380918,214.34273905641894,96.47449999999999,96.64500000000001,10,9,0.0009915588594296752,False
5091,,"Stripe, Inc.",broadband,2024-Q4,2024,4,226.9700025872939,123.59514100471179,110.9080441601085,93.64036095432296,58.19777777777779,3.938,9,3,0.0008924029734867076,False
206720,,AIRBUS SAS,broadband,2024-Q4,2024,4,16.664934534831062,17.28535701251613,1.5562076120299557,3.5739259906076217,56.28655555555555,3.921,9,1,0.0008924029734867076,False
63981,,NTDKL,broadband,2024-Q4,2024,4,15.4096357697751,6.1248483055683165,9.91113980888602,4.029982601579367,135.7162222222222,77.203,9,5,0.0008924029734867076,False
60486,,Swiss Networking Solutions AG,broadband,2024-Q4,2024,4,10.833820352838334,3.872241973710988,8.171089251142975,2.3376763883865714,337.09812500000004,324.90049999999997,8,5,0.0007932470875437401,False
18402,,NATIONAL LIBRARY BOARD,broadband,2024-Q4,2024,4,72.28398532255885,73.71836916722593,3.0025683199497584,66.55930259499884,6.890875000000001,3.0465,8,1,0.0007932470875437401,False
61112,,AkileCloud Network,broadband,2024-Q4,2024,4,60.895279872225736,9.729554734524507,44.566635370227885,1.5439408179046636,19.228,29.954,7,4,0.0006940912016007726,False
35923,,KENVUE BRANDS LLC,broadband,2024-Q4,2024,4,6.642740500795198,3.37645784614066,7.07833001810339,2.957591284853231,118.54685714285714,117.791,7,1,0.0006940912016007726,False
17130,,Jones Day,broadband,2024-Q4,2024,4,11.30556613262353,57.78246449742583,12.331997541637126,68.22016906805571,35.95742857142857,2.393,7,2,0.0006940912016007726,False
17886,,Matrix Networks Pte Ltd,broadband,2024-Q4,2024,4,546.0066603357619,527.6933771846054,390.42811359323576,332.21151578284423,8.661142857142858,1.946,7,1,0.0006940912016007726,False
142119,,NEX CORPORATEIT PTE LTD,broadband,2024-Q4,2024,4,110.62422630185394,103.82351568115357,114.07475900356161,114.01910496065442,2.0881666666666665,2.1385,6,2,0.0005949353156578051,False
19773,,"Motorola, Inc.",broadband,2024-Q4,2024,4,53.710119639632126,44.338894027469195,51.36350585734803,30.58302238504897,115.98783333333331,42.5775,6,5,0.0005949353156578051,False
132337,,Axclusive,broadband,2024-Q4,2024,4,398.5421440182735,188.67700713887606,405.8113266772382,20.59383890634768,4.5168333333333335,4.3915,6,2,0.0005949353156578051,False
400031,,GigaPacket LLC,broadband,2024-Q4,2024,4,100.13724299652647,6.022714499853477,86.6855513096776,4.43582886845006,119.41033333333333,120.3365,6,3,0.0005949353156578051,False
149446,,Firmus Grid,broadband,2024-Q4,2024,4,457.4544460502043,317.99856040489465,325.34386584602686,317.99856040489465,8.063166666666666,3.517,6,1,0.0005949353156578051,False
64049,,Reliance Jio Infocomm Pte Ltd Singapore,broadband,2024-Q4,2024,4,160.04911826662337,82.06956064080083,101.09406560927442,65.35753657145,151.3305,182.341,6,1,0.0005949353156578051,False
40810,,Ernst & Young LLP,broadband,2024-Q4,2024,4,14.912001144517001,23.73130012075694,9.714601242335776,21.965357018778157,270.79633333333334,247.2425,6,1,0.0005949353156578051,False
138598,,PT Nevigate Telekomunikasi Indonesia,broadband,2024-Q4,2024,4,14.141868048795464,11.962999659310578,14.203995611622275,12.535286582955493,9.433333333333334,3.2975000000000003,6,1,0.0005949353156578051,False
18994,,Laboratory Corporation of America,broadband,2024-Q4,2024,4,1.051454314947092,1.1666394660555233,1.1502521699555415,1.390070723411523,297.2785,295.988,6,1,0.0005949353156578051,False
64050,,BGP Network Limited,broadband,2024-Q4,2024,4,26.89766996948507,1.4788616736368487,4.519269969531983,0.78840797184405,146.92049999999998,147.5445,6,4,0.0005949353156578051,False
136733,,Racks Central Pte Ltd,broadband,2024-Q4,2024,4,1.8649945977730789,1.1992974768736957,2.0443555394222117,1.1513062408965375,90.30760000000001,91.075,5,2,0.0004957794297148376,False
132364,,TEC,broadband,2024-Q4,2024,4,223.97874611765263,150.95798495560638,186.13376511196893,89.1502541568474,3.5286,3.122,5,3,0.0004957794297148376,False
64003,,8 Anthony Road,broadband,2024-Q4,2024,4,36.19535439477929,40.95301867886874,35.42973780197811,48.86516735614893,3.3808000000000007,3.575,5,2,0.0004957794297148376,False
174,Cogent,"Cogent Communications, LLC",broadband,2024-Q4,2024,4,35.326321532391894,4.8438407042288505,33.57012723643738,2.986125366634166,314.5866,247.799,5,2,0.0004957794297148376,False
18186,,Nebula Global LLC,broadband,2024-Q4,2024,4,18.8758787371505,5.161487874355862,14.526073039064965,4.739210769044414,73.09800000000001,43.957,4,2,0.00039662354377187006,False
139628,,"Mega Truenet Communication Co., Ltd.",broadband,2024-Q4,2024,4,52.947745494806554,11.962256415343425,46.28761338906934,11.962256415343425,40.28425,39.5825,4,3,0.00039662354377187006,False
54187,,EZE Castle Integration Inc.,broadband,2024-Q4,2024,4,7.1668978395158405,12.471161171040174,1.1907145852975138,11.255195127018252,184.87775,129.0495,4,2,0.00039662354377187006,False
9292,,21 Tampines Avenue 1,broadband,2024-Q4,2024,4,24.696788758830124,30.482771324632346,8.752956691935285,2.683348504382729,3.15675,3.093,4,2,0.00039662354377187006,False
132242,,Hogarth Worldwide Pte,broadband,2024-Q4,2024,4,252.21006164103795,180.2100642070949,49.59355069652091,33.71223792368665,19.542,17.84,4,3,0.00039662354377187006,False
136744,,DREAM POWER TECHNOLOGY LIMITED,broadband,2024-Q4,2024,4,171.29926199711002,292.65999772265405,205.60758913500428,285.4952279667021,42.62325,42.614000000000004,4,2,0.00039662354377187006,False
137182,,BLUE WIRELESS PTE LTD,broadband,2024-Q4,2024,4,13.316109923798,0.006533545771570096,4.016677864440846,0.006533545771570096,445.19575,103.0,4,4,0.00039662354377187006,False
10122,,NETSTAR (SG) PTE. LTD.,broadband,2024-Q4,2024,4,8.337474393589916,18.444619931663674,1.3905175067892723,18.444619931663674,206.4795,207.9845,4,3,0.00039662354377187006,False
396856,,"Sharon Networks, LLC",broadband,2024-Q4,2024,4,191.6687018375642,196.4166581138812,139.30355999675228,69.19359571209061,3.6295,2.737,4,4,0.00039662354377187006,False
134407,,MediaCorp Pte Ltd,broadband,2024-Q4,2024,4,472.55799882493886,310.178478460983,497.86805852296334,310.178478460983,4.66775,4.5265,4,3,0.00039662354377187006,False
24516,,Virtutel Pty Ltd,broadband,2024-Q4,2024,4,92.71228595852341,143.7965625482049,12.550818053603779,189.865476225952,16.82,6.0,3,2,0.00029746765782890256,False
1248,,HERE Global BV,broadband,2024-Q4,2024,4,41.71120195248384,65.97209421389182,26.217053003630873,45.23683031058057,206.60500000000002,278.277,3,2,0.00029746765782890256,False
133794,,ABN Amro Clearing Sydney Pty Ltd,broadband,2024-Q4,2024,4,125.29474854062386,52.14974778107486,121.84279263947178,56.52399284680344,3.6943333333333332,3.324,3,1,0.00029746765782890256,False
55426,,Amphenol FCI Asia Pte Ltd,broadband,2024-Q4,2024,4,154.6389221072611,78.10232290598147,191.93706989025827,78.10232290598147,3.360666666666667,2.274,3,1,0.00029746765782890256,False
9226,,1-Net Singapore Pte Ltd,broadband,2024-Q4,2024,4,73.6836757333523,58.33917071899757,88.88830107790741,66.4312553748925,7.8066666666666675,3.62,3,2,0.00029746765782890256,False
1299,,Arelion Sweden AB,broadband,2024-Q4,2024,4,21.61477132758458,1.0762215136869366,28.02510632791856,1.5559371924435896,259.3446666666667,152.32,3,1,0.00029746765782890256,False
23764,,CTGNet,broadband,2024-Q4,2024,4,63.22384859930876,61.945634392095904,88.66039754900613,91.46827181399661,3.3343333333333334,3.359,3,1,0.00029746765782890256,False
215540,,GLOBAL CONNECTIVITY SOLUTIONS LLP,broadband,2024-Q4,2024,4,3.444439389370217,1.473640750378463,2.332502554519575,1.0031531925199322,39.84366666666667,41.0,3,1,0.00029746765782890256,False
38870,,BGC Partners - APAC,broadband,2024-Q4,2024,4,84.86334036947095,60.36738141041552,96.24152412670283,60.36738141041552,36.92,37.307,3,1,0.00029746765782890256,False
135391,,AOFEI DATA INTERNATIONAL COMPANY LIMITED,broadband,2024-Q4,2024,4,5.007439759868377,4.223575187255828,2.8969207409606277,2.342841669109915,71.67866666666667,72.394,3,2,0.00029746765782890256,False
3561,,"CenturyLink Communications, LLC",broadband,2024-Q4,2024,4,2.2550102181488394,0.12803179977816379,2.361674314021168,0.11387080145219491,206.11266666666668,206.157,3,1,0.00029746765782890256,False
152475,,IENS TECHNOLOGY PTE. LTD,broadband,2024-Q4,2024,4,6.53664820066695,18.512262945502023,6.517954648767052,18.512262945502023,54.56666666666666,47.0,3,1,0.00029746765782890256,False
140443,,PT Herza Digital Indonesia,broadband,2024-Q4,2024,4,65.5678925091521,15.819214361518789,70.62958204969499,9.553903091453629,6.019666666666666,1.711,3,3,0.00029746765782890256,False
1828,,Unitas Global,broadband,2024-Q4,2024,4,75.8743538016483,40.561556435943885,73.89133426038426,40.561556435943885,4.914666666666666,4.904,3,1,0.00029746765782890256,False
138341,,SHOPEE SINGAPORE PRIVATE LIMITED,broadband,2024-Q4,2024,4,88.32917606529026,83.25592656578021,87.03395116388347,75.45458754545875,28.866,27.889,3,1,0.00029746765782890256,False
139617,,ISEAS Yusof Ishak Institute,broadband,2024-Q4,2024,4,256.2998848223305,,256.88494766469324,,2.2836666666666665,2.151,3,1,0.00029746765782890256,False
44493,,Chelyabinsk-Signal LLC,broadband,2024-Q4,2024,4,18.056798269740028,,9.353129556866797,,59.59833333333333,70.023,3,1,0.00029746765782890256,False
141760,,Mercedes-Benz Singapore Pte. Ltd.,broadband,2024-Q4,2024,4,292.0002994918631,257.93404591000586,292.0002994918631,257.93404591000586,97.9475,97.9475,2,2,0.00019831177188593503,False
11746,,"Waggener Edstrom Worldwide, Inc.",broadband,2024-Q4,2024,4,164.30764502477092,247.49722799735542,164.30764502477092,247.49722799735542,20.458,20.458,2,1,0.00019831177188593503,False
17497,,Liasail Global Hongkong Limited,broadband,2024-Q4,2024,4,34.34966494108659,8.202680380403203,34.34966494108659,8.202680380403203,0.795,0.795,2,2,0.00019831177188593503,False
9304,,HGC Global Communications Limited,broadband,2024-Q4,2024,4,56.88100323512289,266.78031219543215,56.88100323512289,266.78031219543215,17.26,17.26,2,2,0.00019831177188593503,False
25888,,HP Inc.,broadband,2024-Q4,2024,4,70.0651569987755,8.333797178292055,70.0651569987755,8.333797178292055,18.105,18.105,2,2,0.00019831177188593503,False
133541,,SIPPE-SG,broadband,2024-Q4,2024,4,0.5558437716129634,27.990448252251646,0.5558437716129634,27.990448252251646,2.0,2.0,2,1,0.00019831177188593503,False
7138,,"Encompass Digital Media, LLC",broadband,2024-Q4,2024,4,836.0067643652449,724.2636893596261,836.0067643652449,724.2636893596261,1.9645,1.9645,2,1,0.00019831177188593503,False
28959,,Vitol Services Ltd,broadband,2024-Q4,2024,4,219.4629802332398,860.8537012828233,219.4629802332398,860.8537012828233,1.5715,1.5715,2,1,0.00019831177188593503,False
9247,,National Institute of Education,broadband,2024-Q4,2024,4,275.6765374997117,205.03533677553375,275.6765374997117,205.03533677553375,1.9460000000000002,1.9460000000000002,2,1,0.00019831177188593503,False
63440,,TELNYX LLC,broadband,2024-Q4,2024,4,7.837430861058413,0.7925740298308648,7.837430861058413,0.7925740298308648,338.5725,338.5725,2,1,0.00019831177188593503,False
205627,,Daimler Truck AG,broadband,2024-Q4,2024,4,191.10809838651005,,191.10809838651005,,2.731,2.731,2,1,0.00019831177188593503,False
30417,,BTIG LLC,broadband,2024-Q4,2024,4,25.916792796679175,24.324350233409163,25.916792796679175,24.324350233409163,0.2695,0.2695,2,1,0.00019831177188593503,False
134135,,Uber Technologies,broadband,2024-Q4,2024,4,59.91257411664747,1.8829927487097162,59.91257411664747,1.8829927487097162,93.4915,93.4915,2,2,0.00019831177188593503,False
9234,,Sol One Application Delivery Network,broadband,2024-Q4,2024,4,298.04217522899603,92.88798679180587,298.04217522899603,92.88798679180587,5.3285,5.3285,2,1,0.00019831177188593503,False
62240,,Clouvider,broadband,2024-Q4,2024,4,258.4329013880867,1.3510219456186576,258.4329013880867,1.3510219456186576,0.4115,0.4115,2,1,0.00019831177188593503,False
136599,,IEC Telecom Singapore Pte Ltd,broadband,2024-Q4,2024,4,2.6509890359396406,0.029395567885152088,2.6509890359396406,0.029395567885152088,110.0425,110.0425,2,1,0.00019831177188593503,False
48647,,Solvay SA,broadband,2024-Q4,2024,4,81.58245734903434,140.32461615726734,81.58245734903434,140.32461615726734,154.9885,154.9885,2,1,0.00019831177188593503,False
38166,,Standard Chartered Bank (Hong Kong) Limited.Banking and,broadband,2024-Q4,2024,4,42.395100783067434,3.700690345712957,42.395100783067434,3.700690345712957,22.822,22.822,2,2,0.00019831177188593503,False
15081,,Omni Fiber,broadband,2024-Q4,2024,4,5.2036215160430075,0.08942944968638517,5.2036215160430075,0.08942944968638517,79.7695,79.7695,2,1,0.00019831177188593503,False
16509,,"Amazon.com, Inc.",broadband,2024-Q4,2024,4,39.68330893210833,42.31126340570337,39.68330893210833,42.31126340570337,3.484,3.484,1,1,9.915588594296752e-05,False
133159,,Mammoth Media Pty Ltd,broadband,2024-Q4,2024,4,6.970569675375427,,6.970569675375427,,95.406,95.406,1,1,9.915588594296752e-05,False
136202,,Freepoint Commodities Singapore Pte. Ltd.,broadband,2024-Q4,2024,4,102.53957338417065,43.7310522185799,102.53957338417065,43.7310522185799,38.0,38.0,1,1,9.915588594296752e-05,False
132236,,NEC ASIA PACIFIC PTE LTD,broadband,2024-Q4,2024,4,199.3354699474393,179.3057876211064,199.3354699474393,179.3057876211064,1.72,1.72,1,1,9.915588594296752e-05,False
22283,,Sidley Austin LLP,broadband,2024-Q4,2024,4,251.5848098954857,220.78898292847512,251.5848098954857,220.78898292847512,2.091,2.091,1,1,9.915588594296752e-05,False
20473,,"The Constant Company, LLC",broadband,2024-Q4,2024,4,2.777331428837119,,2.777331428837119,,190.753,190.753,1,1,9.915588594296752e-05,False
45652,,VPLS ASIA,broadband,2024-Q4,2024,4,23.30235325556908,,23.30235325556908,,222.635,222.635,1,1,9.915588594296752e-05,False
134981,,UBER SINGAPORE TECHNOLOGY PTE. LTD,broadband,2024-Q4,2024,4,215.58773314862037,172.8341890953789,215.58773314862037,172.8341890953789,7.009,7.009,1,1,9.915588594296752e-05,False
14630,,"Invesco Group Services, Inc.",broadband,2024-Q4,2024,4,53.6302276844024,,53.6302276844024,,35.318,35.318,1,1,9.915588594296752e-05,False
13778,,Johnson & Johnson,broadband,2024-Q4,2024,4,8.635497622511888,6.331253629947729,8.635497622511888,6.331253629947729,42.0,42.0,1,1,9.915588594296752e-05,False
133449,,VASTSPACE PTE. LTD.,broadband,2024-Q4,2024,4,575.5716381263001,304.17024367639175,575.5716381263001,304.17024367639175,2.424,2.424,1,1,9.915588594296752e-05,False
138463,,Interactive Brokers Singapore Pte. Ltd,broadband,2024-Q4,2024,4,26.228558777454076,18.050891378088664,26.228558777454076,18.050891378088664,1.629,1.629,1,1,9.915588594296752e-05,False
150640,,DIRECTOR GEODETIC & RESEARCH BRANCH SURVEY OF INDIA,broadband,2024-Q4,2024,4,204.6129974508873,268.11251059965736,204.6129974508873,268.11251059965736,30.723,30.723,1,1,9.915588594296752e-05,False
997,,Beyotta Services LLP,broadband,2024-Q4,2024,4,95.3007971310384,,95.3007971310384,,184.94,184.94,1,1,9.915588594296752e-05,False
45166,,Pacific Internet Pte Ltd,broadband,2024-Q4,2024,4,43.03064789434178,,43.03064789434178,,2.681,2.681,1,1,9.915588594296752e-05,False
203273,,NetCrafters OU,broadband,2024-Q4,2024,4,10.689357854576945,2.1765074994352585,10.689357854576945,2.1765074994352585,124.0,124.0,1,1,9.915588594296752e-05,False
135525,,"Exoduspoint Capital Management Singapore, Pte. Ltd.",broadband,2024-Q4,2024,4,332.0869598606689,,332.0869598606689,,0.339,0.339,1,1,9.915588594296752e-05,False
45470,,8 to Infinity Pte Ltd,broadband,2024-Q4,2024,4,184.64841107656187,,184.64841107656187,,4.991,4.991,1,1,9.915588594296752e-05,False
216101,,Homura Network Limited,broadband,2024-Q4,2024,4,3.164696520095495,3.104068921282962,3.164696520095495,3.104068921282962,2.535,2.535,1,1,9.915588594296752e-05,False
10099,,China Unicom Global,broadband,2024-Q4,2024,4,15.712929432697914,,15.712929432697914,,35.084,35.084,1,1,9.915588594296752e-05,False
136552,,Pacific Comnet (M) Sdn. Bhd.,broadband,2024-Q4,2024,4,27.244677545678822,24.745444849995497,27.244677545678822,24.745444849995497,22.256,22.256,1,1,9.915588594296752e-05,False
31713,,Gateway Communications,broadband,2024-Q4,2024,4,9.068131681325314,1.7546124387503053,9.068131681325314,1.7546124387503053,277.829,277.829,1,1,9.915588594296752e-05,False
136471,,Optiver Pty Ltd,broadband,2024-Q4,2024,4,51.48513995279376,3.458234879616136,51.48513995279376,3.458234879616136,258.106,258.106,1,1,9.915588594296752e-05,False
49544,,i3D.net B.V,broadband,2024-Q4,2024,4,884.5908907985066,828.8945665609135,884.5908907985066,828.8945665609135,1.593,1.593,1,1,9.915588594296752e-05,False
40513,,"Edge Technology Group, LLC",broadband,2024-Q4,2024,4,48.67899611358365,,48.67899611358365,,210.568,210.568,1,1,9.915588594296752e-05,False
45505,,T-Global Pte Ltd,broadband,2024-Q4,2024,4,15.712388690404246,,15.712388690404246,,101.651,101.651,1,1,9.915588594296752e-05,False
36007,,"Kamatera, Inc.",broadband,2024-Q4,2024,4,106.62188302054258,,106.62188302054258,,31.422,31.422,1,1,9.915588594296752e-05,False
140577,,Ahrefs Pte Ltd,broadband,2024-Q4,2024,4,659.0677012399366,0.02246570363018544,659.0677012399366,0.02246570363018544,40.232,40.232,1,1,9.915588594296752e-05,False
136772,,DASSAULT SYSTEMES AUSTRALIA PTY LTD,broadband,2024-Q4,2024,4,245.623177516387,260.5687010370268,245.623177516387,260.5687010370268,86.984,86.984,1,1,9.915588594296752e-05,False
24187,,KIRZ Service Provider,broadband,2024-Q4,2024,4,367.6444732318479,21.353482416818032,367.6444732318479,21.353482416818032,54.411,54.411,1,1,9.915588594296752e-05,False
151326,,DCConnect Communication Pte. Ltd.,broadband,2024-Q4,2024,4,1.0509025986907359,0.0500997847912339,1.0509025986907359,0.0500997847912339,100.598,100.598,1,1,9.915588594296752e-05,False
58562,,NCS MNS,broadband,2024-Q4,2024,4,24.51144210780651,1.5020694178912255,24.51144210780651,1.5020694178912255,3.0,3.0,1,1,9.915588594296752e-05,False
35908,,Krypt Technologies,broadband,2024-Q4,2024,4,5.724590310808627,11.542903356829722,5.724590310808627,11.542903356829722,1.723,1.723,1,1,9.915588594296752e-05,False
199877,,Kennametal Shared Services GmbH,broadband,2024-Q4,2024,4,0.46008638167495486,0.6736635284355301,0.46008638167495486,0.6736635284355301,246.696,246.696,1,1,9.915588594296752e-05,False
59210,,PhoenixNAP,broadband,2024-Q4,2024,4,935.2110777168411,1588.7859040742997,935.2110777168411,1588.7859040742997,1.896,1.896,1,1,9.915588594296752e-05,False
60022,,Sona Network B.V.,broadband,2024-Q4,2024,4,133.57569156658698,134.39822848496024,133.57569156658698,134.39822848496024,153.861,153.861,1,1,9.915588594296752e-05,False
215311,,Regxa Company for Information Technology Ltd,broadband,2024-Q4,2024,4,2.0654362456373034,5.296784186400649,2.0654362456373034,5.296784186400649,34.863,34.863,1,1,9.915588594296752e-05,False
21660,,Baxalta Incorporated,broadband,2024-Q4,2024,4,54.52537204769812,31.087430376395055,54.52537204769812,31.087430376395055,295.72,295.72,1,1,9.915588594296752e-05,False
45938,,3 Tai Seng drive # 04-00,broadband,2024-Q4,2024,4,167.7031835950185,,167.7031835950185,,2.825,2.825,1,1,9.915588594296752e-05,False
45477,,AP TRANSIT PTE LTD,broadband,2024-Q4,2024,4,0.2543996323233755,0.011694892493680848,0.2543996323233755,0.011694892493680848,949.494,949.494,1,1,9.915588594296752e-05,False
140883,,Zeyond Limited,broadband,2024-Q4,2024,4,18.847076934631513,15.743055586804827,18.847076934631513,15.743055586804827,4.11,4.11,1,1,9.915588594296752e-05,False
142636,,SynOption Pte. Ltd.,broadband,2024-Q4,2024,4,38.85756660268058,93.08474629830128,38.85756660268058,93.08474629830128,2.18,2.18,1,1,9.915588594296752e-05,False
57695,,"Misaka Network, Inc.",broadband,2024-Q4,2024,4,32.56899233361247,0.6105142471569731,32.56899233361247,0.6105142471569731,0.208,0.208,1,1,9.915588594296752e-05,False
10074,,iBasis Singapore ICO,broadband,2024-Q4,2024,4,12.343642207962532,1.86072152314553,12.343642207962532,1.86072152314553,63.135,63.135,1,1,9.915588594296752e-05,False
395753,,KKR,broadband,2024-Q4,2024,4,120.74013733790248,119.804095773844,120.74013733790248,119.804095773844,2.159,2.159,1,1,9.915588594296752e-05,False
54994,,Meteverse Limited.,broadband,2024-Q4,2024,4,11.214201815136239,1.871001609645152,11.214201815136239,1.871001609645152,235.711,235.711,1,1,9.915588594296752e-05,False
199053,,Euronodes Ltd,broadband,2024-Q4,2024,4,115.06279061302675,13.880103838753936,115.06279061302675,13.880103838753936,0.953,0.953,1,1,9.915588594296752e-05,False
204761,,Prysmian S.p.A.,broadband,2024-Q4,2024,4,8.083186305187734,2.6032949776935155,8.083186305187734,2.6032949776935155,88.739,88.739,1,1,9.915588594296752e-05,False
55781,,Fujitsu Asia Pte. Ltd.,broadband,2024-Q4,2024,4,18.210686646756038,20.48552110067615,18.210686646756038,20.48552110067615,1.257,1.257,1,1,9.915588594296752e-05,False
150171,,DIGISIGMA PTE. LTD.,broadband,2024-Q4,2024,4,0.4262475106244721,4.811980851962773,0.4262475106244721,4.811980851962773,71.515,71.515,1,1,9.915588594296752e-05,False
29457,,Options Technology Ltd,broadband,2024-Q4,2024,4,83.61962144996154,,83.61962144996154,,1.663,1.663,1,1,9.915588594296752e-05,False
55430,,Starhub Ltd,broadband,2025-Q1,2025,1,265.17181925693984,241.21288543180796,141.45625353709832,121.78565826461625,12.327053976561606,4.528,263815,102507,25.33362525843534,True
9506,,Singtel Fibre Broadband,broadband,2025-Q1,2025,1,205.09679239464018,173.3768445379072,133.6088595142249,86.41444547721345,37.35592029179824,37.39,220144,62222,21.13998672893122,True
4773,,MobileOne Ltd. Mobile/Internet Service Provider Singapore,broadband,2025-Q1,2025,1,295.1526850859792,234.1823605298642,175.34087365697644,123.89400016179914,11.781420878012323,4.618,133854,28476,12.853731119696013,True
56300,,MyRepublic Ltd.,broadband,2025-Q1,2025,1,356.6935451924055,304.13773802739047,236.53531960547997,161.4343374324872,9.2847766051904,4.966,78867,5402,7.57343980917317,True
3758,,SingNet,broadband,2025-Q1,2025,1,187.86798599208336,165.05745179670905,91.14339644299024,56.59965655279265,28.90418859542652,30.918,41215,6564,3.9577937760415915,True
16731,,Royal Bank of Canada,broadband,2025-Q1,2025,1,22.100664225691006,10.957364771034456,19.441271596128402,13.447853153353503,297.76673672013345,314.1385,38404,3,3.687859084680366,True
18106,,Viewqwest Pte Ltd,broadband,2025-Q1,2025,1,320.2950386288217,269.11696571203606,190.68522651855582,151.38127358018323,11.00290056575135,4.165,36257,1736,3.4816869813888145,True
4817,,Simba Telecom Pte Ltd,broadband,2025-Q1,2025,1,368.282694347315,299.1818364284409,270.2963505456125,184.68997012335825,7.241517352332799,4.367,30463,4245,2.9253007836844596,True
135600,,Whiz Communications Pte Ltd,broadband,2025-Q1,2025,1,235.36369217152753,216.28787410459765,115.06964746569294,103.94843517739938,14.985958803187492,5.427,19957,2890,1.916430677871213,True
4657,,StarHub Ltd,broadband,2025-Q1,2025,1,264.59400505890324,246.60675326569975,87.5431105352931,75.83229659907903,15.13572086066649,4.016,19061,3898,1.8303895951747853,True
17547,,M1 NET LTD,broadband,2025-Q1,2025,1,116.80877515082119,103.25833221325888,70.0930937587959,43.20223543669926,51.44718690707352,37.861,18033,2268,1.7316728172596876,True
150436,,Byteplus Pte. Ltd.,broadband,2025-Q1,2025,1,13.222730599613952,0.9198786979372248,10.405263808649776,0.9507821675694081,2.146473808559471,1.0,14815,233,1.4226547323075622,True
199527,,UAB Bite Lietuva,broadband,2025-Q1,2025,1,41.68236287877065,28.448433684981026,16.45810535513025,28.753473538470985,194.10406203325698,190.805,10043,140,0.9644091445538203,True
38136,,Akari Networks,broadband,2025-Q1,2025,1,162.25703302936435,30.505304846788803,126.7363875400524,27.381607496803788,1.1716639793281651,0.275,9675,82,0.9290708427320733,True
6364,,"Atlantic.net, Inc.",broadband,2025-Q1,2025,1,92.3047225223525,68.92405070366442,81.67726999206064,69.90794388690796,218.89775536213867,227.428,9651,72,0.9267661708741333,True
152194,,CTG Server Limited,broadband,2025-Q1,2025,1,10.544501285014006,6.909563766785791,8.721000045816687,5.220246539813778,54.20936492529172,53.05,9169,24,0.880480677727171,True
142594,,SpeedyPage Ltd,broadband,2025-Q1,2025,1,67.16104341444918,32.96564259443977,79.73412635004132,24.98685263015896,1.879708406086305,0.784,8018,104,0.7699524565401306,True
(unknown),,,broadband,2025-Q1,2025,1,78.27022891078286,32.0757895561351,41.83820669013962,5.404209547642267,18.367995238095244,1.433,5670,391,0.5444787264383313,True
132356,,Changi Airport Group (Singapore) Pte Ltd,broadband,2025-Q1,2025,1,72.43000711421247,64.23523134886742,70.22322031905563,63.08389735502636,8.728661984594474,3.883,4414,67,0.4238675658728032,True
140362,,DIGISIGMA PTE. LTD.,broadband,2025-Q1,2025,1,68.26146800820821,34.40395135122543,69.78035087177078,33.80938153210597,129.67218136675334,88.143,4229,340,0.4061023869678489,True
23856,,SPTEL PTE. LTD.,broadband,2025-Q1,2025,1,147.97954534043762,114.19851810519717,59.77236087804216,43.70532635499885,16.650411372207717,4.193,3449,520,0.331200551584798,True
9419,,Nanyang Technological University,broadband,2025-Q1,2025,1,123.09652126426623,143.95737954308575,75.38706249410592,69.95273964110727,9.138170265268354,3.4835000000000003,3242,196,0.31132275681006527,True
141995,,Contabo Asia Private Limited,broadband,2025-Q1,2025,1,40.65585015296191,26.484308695750467,11.994256935735164,1.2796380476033877,84.24584743915727,16.068,2753,129,0.2643650677045372,True
8851,,GCI Network Solutions Limited,broadband,2025-Q1,2025,1,180.39783942489098,19.678020631336825,129.68052836764508,14.115003472347762,2.1092697657393855,0.239,2732,28,0.2623484798288397,True
26496,,"GoDaddy.com, LLC",broadband,2025-Q1,2025,1,81.29988101460906,14.79086056853223,85.38386269584532,5.287564724272378,197.05929319165685,212.302,2541,30,0.24400713295940032,True
38258,,Sony - ASN for Asia Pacific,broadband,2025-Q1,2025,1,26.360187124719708,11.711043989901778,14.38372552266529,0.9347488101029178,271.3219771521828,247.029,2454,1037,0.23565269747436773,True
44022,,Barclays Bank PLC,broadband,2025-Q1,2025,1,9.755307894680513,13.066153949316277,9.123730914600836,9.90833796222921,170.08350261780112,167.359,2101,2,0.20175481556383318,True
212238,,Datacamp Limited,broadband,2025-Q1,2025,1,44.78868073055341,15.005565947589773,30.417815721627154,7.708584185362108,81.46506316976875,38.615,1773,45,0.17025763350531947,True
133466,,Robert Bosch GmbH,broadband,2025-Q1,2025,1,26.086366512434687,23.70439699314656,15.376521691013723,4.602456851699523,18.98457614360162,1.369,1727,19,0.1658403457776011,True
7472,,NUS Information Technology,broadband,2025-Q1,2025,1,102.26734467524,95.25355462480614,88.8357062830268,75.77165375325379,14.000380344607533,4.031,1567,496,0.15047586672466756,True
9304,,HGC Global Communications Limited,broadband,2025-Q1,2025,1,17.88288297558778,7.2815854030139,5.449320102151913,5.062364704330528,46.23338039215686,0.449,1530,15,0.1469228309436767,True
139021,,West263 International Limited,broadband,2025-Q1,2025,1,8.919528629206896,3.494664297854882,9.059042330601168,3.579178991618266,3.667393075356416,2.095,1473,1,0.14144923528106915,True
62654,,"MENLO SECURITY, INC.",broadband,2025-Q1,2025,1,865.7430141911095,783.1851701434995,839.8099455529896,770.7083566100014,3.369965346534653,2.907,1414,67,0.1357835836302999,True
174,Cogent,"Cogent Communications, LLC",broadband,2025-Q1,2025,1,16.22690615186952,15.983448743287422,12.769480898774406,13.446055817336571,174.5245061728395,166.687,1377,115,0.13223054784930904,True
51847,,Nearoute Limited,broadband,2025-Q1,2025,1,129.30465245161338,22.17830260868524,110.11402434811669,14.1237086002392,16.525869899923016,0.957,1299,57,0.12474036431100394,True
10146,,Ford Motor Company,broadband,2025-Q1,2025,1,10.366188036495688,17.280855751173114,3.524953271365291,6.106698922098971,31.399358245329,34.827,1231,23,0.1182104607135072,True
5065,,Bunny Communications,broadband,2025-Q1,2025,1,71.04878839066349,22.961924394150614,72.1511765972906,12.891396763063979,162.80238709677417,202.895,1209,20,0.11609784484372884,True
401243,,Komi LLC,broadband,2025-Q1,2025,1,235.6991324693668,28.917108184741352,203.3054316990587,28.6243637843222,49.500557611438175,38.346,1189,28,0.11417728496211216,True
393559,,"WEBBING USA, INC.",broadband,2025-Q1,2025,1,23.491916613805827,8.56160225764733,13.481317916840394,2.697993969363065,259.1474695945946,267.796,1184,45,0.11369714499170798,True
4352,,EMERSON ASIA PACIFIC PRIVATE LIMITED,broadband,2025-Q1,2025,1,45.51183569132397,22.57790164715399,29.87325217513677,7.085500023799895,125.13171003401366,90.816,1176,11,0.11292892103906131,True
2559,,VISA INTERNATIONAL SERVICE ASSOCIATION,broadband,2025-Q1,2025,1,12.33240580097189,13.288634828223461,5.090493814648883,1.6815383023219421,160.90283504193852,193.559,1073,3,0.10303803764873536,True
136258,,"BrainStorm Network, Inc",broadband,2025-Q1,2025,1,44.589261707287,11.033238770542221,15.344124234253364,3.383464653989968,138.2077109375,161.66899999999998,1025,37,0.0984286939328553,True
394984,,"Fragomen, Del Rey, Bernsen & Loewy, LLP",broadband,2025-Q1,2025,1,9.065759047589001,6.615106099130009,7.945468225576681,6.442275393543747,191.00511201866976,189.489,857,1,0.08229599092727512,True
200017,,Elisteka UAB,broadband,2025-Q1,2025,1,66.75530327866544,21.816955953719475,71.52442700032594,25.208432548227716,185.43525,176.15449999999998,848,10,0.0814317389805476,True
4628,,Pacific Internet Pte Ltd,broadband,2025-Q1,2025,1,77.23922677383715,70.14634557301304,28.267913226791322,17.254855470776384,62.27099402628434,6.15,837,103,0.08037543104565843,True
15830,,Equinix (EMEA) Acquisition Enterprises B.V.,broadband,2025-Q1,2025,1,64.83165478679285,54.121079183242514,31.918418938435007,14.910153289118165,61.067495673671196,51.875,809,33,0.07768664721139507,True
208185,,Net Gate Telecom S.R.L.,broadband,2025-Q1,2025,1,101.5262105748115,31.102112041249676,74.58792628873525,40.60570560401236,0.8980266159695818,0.381,789,5,0.07576608732977838,True
56094,,ITENET:wq,broadband,2025-Q1,2025,1,243.08016753978043,147.63930146790852,102.99246520637982,99.26922854511798,28.719663252240714,4.704,782,21,0.07509389137121254,True
136873,,MEGADATA-ISP,broadband,2025-Q1,2025,1,8.415733676822436,7.5851089324622825,4.2455021214072275,4.304140336476975,29.138556671449063,19.152,697,11,0.06693151187434161,True
8220,,COLT Technology Services Group Limited,broadband,2025-Q1,2025,1,494.5428112144786,528.104509393204,369.1276227905156,872.3448574688848,21.9318386167147,1.633,694,48,0.06664342789209911,True
55415,,4 Shenton Way,broadband,2025-Q1,2025,1,66.9481606012376,54.191299910034424,68.73485079961472,52.2163000858994,6.320705696202532,3.5540000000000003,632,42,0.060689692259087366,True
35163,,Procter & Gamble Service GmbH,broadband,2025-Q1,2025,1,136.85395460581202,100.51948899153531,119.25146954321173,57.62982098247003,146.78772943037976,120.66749999999999,632,7,0.060689692259087366,True
62240,,Clouvider,broadband,2025-Q1,2025,1,110.2506793747555,27.657450703764276,74.11042942817099,32.23968496000006,0.9372760330578512,0.395,605,5,0.058096936418904836,True
44533,,Davydov Vladimir Dmitrievich,broadband,2025-Q1,2025,1,6.584427673444257,5.410319300482655,7.079453838584575,6.432455794561887,4.839027303754266,4.6815,586,6,0.05627240453136898,True
7862,,Chevron Corporation,broadband,2025-Q1,2025,1,31.882189476831666,25.7433560068759,18.401461350317472,4.914831612994217,224.01445328719723,264.50350000000003,579,33,0.05560020857280314,True
401443,,WAP.AC LLC,broadband,2025-Q1,2025,1,114.70689903540728,12.909848825836868,86.88201088042308,6.496908258124747,54.44216727272727,67.003,550,24,0.052815396744458946,True
2047,,Hoffmann - La Roche Ltd.,broadband,2025-Q1,2025,1,37.1494158602241,39.75115247203702,12.606851143509672,23.36077436707076,32.120630909090906,2.407,550,2,0.052815396744458946,True
14762,,"AMGEN, Inc.",broadband,2025-Q1,2025,1,4.565368886969075,3.465447654742635,3.6109724417557265,2.3223443196475095,225.60095588235293,224.277,544,2,0.05223922877997394,True
133728,,Chubb Asia Pacific Pte Ltd,broadband,2025-Q1,2025,1,33.40140754752165,19.87047133718648,18.035977137366896,5.012205628960929,4.203997979797981,2.029,495,4,0.04753385707001305,True
997,,Beyotta Services LLP,broadband,2025-Q1,2025,1,69.38642569452638,10.130907209011433,74.5881548891998,9.730557201262952,86.25864241164241,28.0,481,3,0.046189465152881366,True
38055,,ACE Insurance Singapore,broadband,2025-Q1,2025,1,24.757423474256434,19.386059823737757,18.78033013468862,4.302158061892858,5.218204494382022,1.615,445,4,0.04273245736597133,True
133782,,Elsevier Ltd,broadband,2025-Q1,2025,1,51.85812407590429,37.474495624539685,32.917653964933024,15.411012357221423,113.16087243735763,102.519,439,2,0.04215628940148632,True
10111,,Zeofast Network,broadband,2025-Q1,2025,1,29.86861996936799,16.892847935363953,30.36597484649662,16.30925665841526,36.56862817551964,0.283,433,10,0.041580121437001315,True
134078,,NETPLUZ HOLDINGS PRIVATE LIMITED,broadband,2025-Q1,2025,1,101.42400342746262,79.82318310178717,54.64883062518685,36.61163068255398,15.199278846153845,3.4785000000000004,416,93,0.03994764553762713,True
4058,,CITIC Telecom International CPC Limited,broadband,2025-Q1,2025,1,15.773231231750628,6.023425133370526,12.921557569118638,3.687630180507971,147.5573153638814,125.985,371,9,0.03562638580398958,True
55487,,Globalfoundries Singapore Pte Ltd,broadband,2025-Q1,2025,1,117.76681506518257,88.78410720503648,61.464978752750795,17.279965403407665,3.5802582417582416,1.4885000000000002,364,4,0.034954189845423735,True
44356,,Epsilon Telecommunications Ltd,broadband,2025-Q1,2025,1,15.225913695725783,5.8753643534043976,11.173429206594566,0.4719573909459903,395.1194371428572,372.8395,354,4,0.03399390990461539,True
24482,,SG.GS,broadband,2025-Q1,2025,1,87.87357647597737,9.129126319334445,53.96297375492746,3.6037590527122543,3.2875045592705163,0.794,329,10,0.03159321005259453,True
10024,,LGA International,broadband,2025-Q1,2025,1,100.17807603284551,103.49151662130842,46.0713231350526,49.69250382722567,5.978253048780487,2.66,328,59,0.0314971820585137,True
109,,"CISCO SYSTEMS, INC.",broadband,2025-Q1,2025,1,34.957497338170796,26.746926072569646,18.774245860020113,6.298145750211322,226.08268111455106,219.466,323,176,0.031017042088109525,True
138539,,Jewel Changi Airport Trustee Pte. Ltd.,broadband,2025-Q1,2025,1,27.13303144497466,27.277155840186335,20.60160555917297,13.379395584945343,10.123579310344828,3.9074999999999998,290,64,0.02784811828344199,True
55919,,20 Dover Drive Singapore 138682,broadband,2025-Q1,2025,1,139.55739039433445,111.57867501528632,55.27202128610644,18.470039590813922,10.23713829787234,6.0165,282,5,0.027079894330795315,True
131475,,Singapore Institute of Technology,broadband,2025-Q1,2025,1,80.39625290374131,63.632535347213164,36.50517555232909,30.413213597829483,8.374779411764706,3.174,272,50,0.02611961438998697,True
131195,,SIM Headquarters,broadband,2025-Q1,2025,1,102.81304478282956,124.44732692249505,63.74008115739379,110.77832367291931,37.468760956175295,16.806,251,13,0.024103026514289444,True
23767,,A-STAR,broadband,2025-Q1,2025,1,371.7924003342682,294.6743802344457,163.54112328223573,157.24654425644727,14.936711382113824,3.3815,246,77,0.023622886543885273,True
10794,,"Bank of America, National Association",broadband,2025-Q1,2025,1,31.438013653208653,27.43210050056353,8.838453887504738,5.880979602334676,90.87714754098361,33.604,244,1,0.023430830555723606,True
19239,,KLA Corporation,broadband,2025-Q1,2025,1,549.9628657445777,586.3836245962208,562.7769160330748,591.938186970368,2.9196606334841624,1.579,221,1,0.021222186691864414,True
138345,,StarHub Ltd,broadband,2025-Q1,2025,1,27.551974883191154,6.27524994968939,15.769217883419433,3.430207690667589,40.304095454545454,17.136499999999998,220,112,0.021126158697783576,True
3300,,British Telecommunications Limited,broadband,2025-Q1,2025,1,43.40805211408797,26.886915591451032,25.569106586145654,5.615553142646876,64.38963594470046,58.325,217,11,0.020838074715541076,True
9877,,Ngee Ann Polytechnic Computer Center,broadband,2025-Q1,2025,1,142.14371646927668,153.31852104888395,119.00108353560285,147.80146035737135,6.745690140845071,3.973,213,37,0.020453962739217738,True
49362,,DSV A/S,broadband,2025-Q1,2025,1,10.71153465374511,13.696723163371237,5.000449266580677,7.707600874103819,95.515,42.536,212,7,0.0203579347451369,True
140443,,PT Herza Digital Indonesia,broadband,2025-Q1,2025,1,67.40629160087249,40.47937708929954,83.11677885771628,46.150363201109236,25.113502392344497,32.594,209,7,0.0200698507628944,True
400190,,Freeport-McMoRan Inc.,broadband,2025-Q1,2025,1,46.36900703732409,34.112350683036816,28.15392281231489,12.585498513836262,126.7934210526316,78.269,209,16,0.0200698507628944,True
63526,,Systems Solutions & development Technologies Limited,broadband,2025-Q1,2025,1,8.516035603491474,7.311502804960183,8.50192957784363,7.504697824570515,98.20913089005235,90.972,191,12,0.01834134686943938,True
5580,,GTT Communications Netherlands B.V.,broadband,2025-Q1,2025,1,20.942862086835493,15.771092942538521,12.850576230915378,8.998241976403941,177.17282681564245,173.446,179,9,0.017189010940469367,True
17617,,Nanyang Polytechnic,broadband,2025-Q1,2025,1,88.9413276166798,80.72997054390203,34.15119901606887,37.420540022487934,11.914118644067797,3.464,177,1,0.016996954952307696,True
141469,,Cargill Asia Pacific Holdings Pte Ltd,broadband,2025-Q1,2025,1,53.12493253403485,16.582710385683512,31.103862053241976,7.916865831726353,63.20885454545454,0.759,165,4,0.015844619023337683,True
2912,,Citigroup Inc.,broadband,2025-Q1,2025,1,147.1836570215223,208.99234338005544,33.12916697634786,81.20801119023652,1.3366878980891719,0.257,157,1,0.015076395070691008,True
134739,,"AGB Communication Co., Ltd",broadband,2025-Q1,2025,1,20.96171334532833,8.93318914356845,20.39489365358143,5.359149228563328,92.80591612903225,73.469,156,1,0.014980367076610173,True
135607,Infinivan,Infinivan Incorporated,broadband,2025-Q1,2025,1,168.80287294180226,151.4114477877358,132.17329925271852,102.62667798756274,52.41747058823529,51.976,153,5,0.01469228309436767,True
2906,,Netflix Streaming Services Inc.,broadband,2025-Q1,2025,1,25.350041466263868,13.74364627899158,20.100408085813324,3.6864915762101087,233.34259722222225,183.2995,144,53,0.01382803114764016,True
24467,,Deutsche Bank APAC RHO in Singapore Internet AS,broadband,2025-Q1,2025,1,261.6747531379311,184.5839141505345,127.32625078576967,60.99627888049464,3.740626760563381,2.0,142,7,0.013635975159478491,True
56043,,PEPSICO INTERNATIONAL PTE. LTD.,broadband,2025-Q1,2025,1,25.981990380518383,17.69250949080131,9.838433862433863,2.9375435371255807,10.023810218978102,1.88,137,4,0.013155835189074318,True
4913,,"Speedcast Communications, Inc",broadband,2025-Q1,2025,1,1.7504696937969582,0.39234431974481,0.568877209192561,0.24752033362420406,288.49241860465116,256.591,129,30,0.012387611236427643,True
154177,,LIGHT NODE LIMITED,broadband,2025-Q1,2025,1,12.270426912830814,5.195390885799698,5.620478396524913,2.8644735177665477,2.9404375000000003,0.39549999999999996,128,7,0.01229158324234681,True
135409,,Kacific Broadband Satellites Pte Ltd,broadband,2025-Q1,2025,1,9.192204398031125,2.0827650729320113,8.21368399310513,2.055235887457052,47.768039062499994,42.117999999999995,128,29,0.01229158324234681,True
714,,Apple Inc.,broadband,2025-Q1,2025,1,202.94042732339693,123.74952054847165,103.18851190123189,96.67177338680978,4.952195312500002,4.005,128,114,0.01229158324234681,True
45700,,PT. NAP Info Lintas Nusa,broadband,2025-Q1,2025,1,61.7597818214412,7.11320542323444,47.6856807954695,6.7748060829217716,28.915406504065047,23.134,123,36,0.011811443271942636,True
136261,,VERTIV (SINGAPORE) PTE. LTD.,broadband,2025-Q1,2025,1,83.03439202110444,42.69845678818948,60.746552640284904,21.048212804459748,117.75706557377049,118.03450000000001,122,10,0.011715415277861803,True
41378,,Kirino LLC,broadband,2025-Q1,2025,1,94.00562468446407,19.411985165840953,91.16048556206609,11.445132561505789,18.353669491525427,0.2065,118,6,0.011331303301538465,True
213607,,WORLD FIRST COMMUNICATION LTD,broadband,2025-Q1,2025,1,68.29266013247444,9.424380861489064,75.68066246824372,4.878498289897712,176.18962280701754,174.918,114,1,0.010947191325215126,True
137991,,Lifeway Singapore Pte. Ltd.,broadband,2025-Q1,2025,1,61.43430571670781,46.19816826997446,28.58768243817914,15.490022084701856,125.84568181818184,178.601,110,12,0.010563079348891788,True
17390,,IBM,broadband,2025-Q1,2025,1,74.18821314661693,60.07871058608139,69.98762562750494,36.63848551149164,100.31088888888888,91.99549999999999,108,16,0.01037102336073012,True
18186,,Nebula Global LLC,broadband,2025-Q1,2025,1,13.401946394451166,6.5661042014739746,11.478502034179282,4.175029440118294,78.78835,37.5805,100,7,0.009602799408083444,True
3549,,"Level 3 Parent, LLC",broadband,2025-Q1,2025,1,88.53476075071731,66.07748828066393,67.53317679316184,42.21858208620166,121.7793,90.667,100,7,0.009602799408083444,True
205080,,Societe Internationale de Telecommunications Aeronautiques,broadband,2025-Q1,2025,1,18.731652870917266,7.9554953671799575,5.4922346476675745,3.1795064810707614,95.16368421052631,73.597,95,28,0.009122659437679273,False
400318,,"Versa Networks, Inc.",broadband,2025-Q1,2025,1,26.387113397181533,15.269745347414752,16.199213951043692,12.055737722869711,19.96541111111111,15.258,90,4,0.0086425194672751,False
33619,,"Advanced Micro Devices, Inc.",broadband,2025-Q1,2025,1,324.1114412690396,341.13551021141154,281.4356015959024,299.02875587176584,32.25881395348838,4.224500000000001,86,3,0.008258407490951762,False
15695,,Expereo International BV,broadband,2025-Q1,2025,1,59.02758114261735,35.05580100991597,48.04887096222866,13.748361046142504,67.07227906976743,4.35,86,20,0.008258407490951762,False
48266,,Catixs Ltd,broadband,2025-Q1,2025,1,210.38755592226522,27.080691130488344,231.91884165064496,24.848604277701074,2.0223493975903617,1.0,83,6,0.007970323508709258,False
132132,,MyRepublic Ltd.,broadband,2025-Q1,2025,1,72.07570555376263,80.77329459442011,61.54151363864771,86.4437423620678,90.27259036144578,59.559,83,1,0.007970323508709258,False
3257,,GTT Communications Inc.,broadband,2025-Q1,2025,1,84.91135683725088,34.98293049581929,11.796418137644853,4.854757161942705,269.6968846153846,332.9915,78,12,0.007490183538305086,False
29990,,Xandr Inc.,broadband,2025-Q1,2025,1,26.793583753175508,14.586877807910238,5.273018801696647,3.153637291152787,113.1048831168831,77.218,77,6,0.007394155544224252,False
211439,,Jurgita Jurgaitiene trading as LOCOTORPI,broadband,2025-Q1,2025,1,69.75146665504155,32.20579151462215,67.80504684631605,32.702913061729696,181.75709333333333,177.086,75,2,0.007202099556062583,False
215540,,GLOBAL CONNECTIVITY SOLUTIONS LLP,broadband,2025-Q1,2025,1,6.898155094521913,7.089121721907037,8.556516836129065,8.377355976455473,41.509,41.579,73,4,0.007010043567900914,False
140693,,The Walt Disney Company (HK) Ltd,broadband,2025-Q1,2025,1,70.48734463018681,65.84007498809433,18.27791703124453,7.523675413976257,74.54227536231883,46.777,69,4,0.006625931591577577,False
3356,,"Level 3 Parent, LLC",broadband,2025-Q1,2025,1,176.5912084666353,139.71738749726245,66.5366671846897,34.58200286995695,62.22602985074627,4.354,67,21,0.006433875603415908,False
32135,,SAKURA LTD.,broadband,2025-Q1,2025,1,101.39061952399653,6.814128405028536,39.38661409618943,2.7419544257458375,2.706954545454545,1.2045,66,4,0.0063378476093350735,False
56039,,SPH Media Limited,broadband,2025-Q1,2025,1,405.8610942557307,504.1751123853146,222.75854305937526,252.07234909147635,4.183439393939395,3.7575000000000003,66,9,0.0063378476093350735,False
7473,,Singapore Telecommunications Ltd,broadband,2025-Q1,2025,1,63.82016537034621,29.926734290792854,32.03375546838271,11.394193263701133,196.64421875000002,212.48399999999998,64,6,0.006145791621173405,False
3918,,Shell Information Technology International B.V.,broadband,2025-Q1,2025,1,41.10892240882657,25.96199212297774,28.421274116856257,19.24335634182916,68.401796875,66.1395,64,2,0.006145791621173405,False
20868,,ABB Information Systems Ltd,broadband,2025-Q1,2025,1,16.71473872536694,7.8084104322245995,16.03161190999367,1.2905006820712241,304.0459180327869,245.198,61,2,0.0058577076389309014,False
137904,,Black & Veatch (SEA) PTE LTD,broadband,2025-Q1,2025,1,71.6603863233383,45.36788695237433,30.070397903909715,2.0572662772600077,129.64271666666662,113.0095,60,2,0.005761679644850067,False
61112,,AkileCloud Network,broadband,2025-Q1,2025,1,83.29611553714629,16.26991699343472,69.38873667500862,3.869960416170665,53.571118644067795,66.0,59,9,0.005665651650769233,False
50340,,JSC Selectel,broadband,2025-Q1,2025,1,98.40736837344892,26.62693775322086,96.68069720235161,24.160472915452345,2.0323793103448278,0.5825,58,7,0.005569623656688398,False
24012,,Refinitiv Australia PTY Limited,broadband,2025-Q1,2025,1,35.291446743111656,19.994728079136895,29.500754059708314,6.092802818234631,174.3787142857143,158.0455,56,9,0.0053775676685267285,False
7246,,Bristol-Myers Squibb Company,broadband,2025-Q1,2025,1,21.154690138810196,17.730882275752986,11.525895969958174,4.54799367085,112.65373214285715,36.133,56,2,0.0053775676685267285,False
17645,,ASN - NTT SINGAPORE PTE LTD,broadband,2025-Q1,2025,1,97.37493076820216,89.22274462972501,47.308562528920575,36.196322584045156,50.73389285714285,31.217,56,18,0.0053775676685267285,False
134677,,Dromatics Systems Pte Ltd,broadband,2025-Q1,2025,1,475.604381826174,60.82922554896691,661.4435960722659,51.818541744051146,44.03821818181818,2.0,55,16,0.005281539674445894,False
133600,,ESSEC,broadband,2025-Q1,2025,1,76.64938975533249,14.57235443292713,57.74241159343818,12.929365422301965,32.62096363636363,5.096,55,4,0.005281539674445894,False
17733,,Office of Communications & IT,broadband,2025-Q1,2025,1,181.4064204588625,177.64752818757535,116.07122262153875,149.13874182046104,13.789654545454544,4.309,55,10,0.005281539674445894,False
23728,,Republic Polytechnic. Multihoming AS Singapore,broadband,2025-Q1,2025,1,104.99416175588303,138.6401134488691,94.00259510708207,134.04779182794942,65.77866,4.513,50,4,0.004801399704041722,False
45133,,Singapore Polytechnic,broadband,2025-Q1,2025,1,457.07026522070834,344.3830101107052,165.45041343304416,267.32746942638755,9.072428571428572,2.45,49,9,0.004705371709960888,False
11158,,"NTT America, Inc.",broadband,2025-Q1,2025,1,51.52691375764655,35.696846563168634,56.00415408761261,27.409431606899282,52.761577777777774,31.11,45,4,0.00432125973363755,False
13443,,LinkedIn Corporation,broadband,2025-Q1,2025,1,27.266329266064194,26.107323376038522,18.132523576159322,3.1950297779598347,322.7861818181819,298.2025,44,29,0.004225231739556716,False
4229,,Zenlayer Inc,broadband,2025-Q1,2025,1,28.40648038736521,31.19096693148747,26.475285578328176,28.360496474474452,177.8218604651163,185.0,43,19,0.004129203745475881,False
9255,,Singapore Telecom,broadband,2025-Q1,2025,1,57.70887117900927,46.58987758620658,83.51621799889682,41.78731243321945,28.727975609756097,13.494,41,13,0.003937147757314212,False
2687,,"AT&T Enterprises, LLC",broadband,2025-Q1,2025,1,41.265770444098216,61.352471772274804,19.962863251438204,12.973924146024782,134.95621951219513,136.326,41,5,0.003937147757314212,False
40339,,Jump Trading LLC,broadband,2025-Q1,2025,1,40.955006122025566,46.661410231060295,10.223773261844725,8.123049514221655,1.2794146341463413,0.747,41,2,0.003937147757314212,False
151338,,POLONETWORK LIMITED,broadband,2025-Q1,2025,1,78.64801494467663,13.120474473521874,31.27036954450143,5.906993768234424,9.929878048780488,0.305,41,13,0.003937147757314212,False
38166,,Standard Chartered Bank (Hong Kong) Limited.Banking and,broadband,2025-Q1,2025,1,23.57955392850393,26.954226577502205,11.151623391281987,11.42995587013938,31.41375,19.1715,40,4,0.0038411197632333776,False
9664,,SOUTHEAST ASIA TELECOM(SG) PTE. LTD.,broadband,2025-Q1,2025,1,260.8899570505981,31.223813594402845,205.1372321093596,37.89017678681512,2.8897749999999998,1.0845,40,29,0.0038411197632333776,False
21509,,"Apollo Management, L.P.",broadband,2025-Q1,2025,1,9.6407321127837,4.844388577763591,4.095518841423211,4.215002823846668,315.84065000000004,211.067,40,1,0.0038411197632333776,False
138610,,SAP SE,broadband,2025-Q1,2025,1,32.41699678908709,23.054461125102172,14.71118532640494,6.995583630031316,115.54537499999996,88.916,40,20,0.0038411197632333776,False
25917,,ROCKWELL AUTOMATION Inc.,broadband,2025-Q1,2025,1,89.69058022285992,109.97463123906444,89.21676585601135,121.10716631426695,135.4120769230769,130.953,39,7,0.003745091769152543,False
38195,,Superloop,broadband,2025-Q1,2025,1,245.66690036644232,60.479501250925054,264.1313339093447,47.43930430378866,14.017081081081079,14.578,37,15,0.0035530357809908744,False
3911,,"Micron Technology, Inc.",broadband,2025-Q1,2025,1,77.0161514272268,91.93467689215252,71.11696410060014,80.74969283384115,20.472277777777784,4.555,36,9,0.00345700778691004,False
139028,,Singapore Technologies Engineering Ltd,broadband,2025-Q1,2025,1,124.29398738979505,127.18324794798428,128.20587921343835,112.81349519296305,36.371314285714284,4.134,35,4,0.0033609797928292055,False
398704,,STACKS INC,broadband,2025-Q1,2025,1,37.05890526046844,9.952785676274173,6.856867446509865,4.726331290238002,28.252,35.614,35,5,0.0033609797928292055,False
134457,,BMC Software Asia Pacific Pte Ltd,broadband,2025-Q1,2025,1,25.55138758422455,9.761438925644738,29.50176168421871,2.850636796759209,106.35954285714286,79.226,35,1,0.0033609797928292055,False
137003,,INSEAD,broadband,2025-Q1,2025,1,52.36276156786583,75.78349631529373,34.38205746880179,71.40535181129852,114.2239411764706,175.0805,34,2,0.003264951798748371,False
16669,,Applied Materials,broadband,2025-Q1,2025,1,101.95403528135978,61.90544258783208,82.3121571318465,17.7346723490759,16.143264705882352,7.74,34,1,0.003264951798748371,False
9226,,1-Net Singapore Pte Ltd,broadband,2025-Q1,2025,1,83.96558875021259,47.696517096650446,103.69227535205198,44.981973607545626,3.4387575757575757,3.113,33,5,0.0031689238046675367,False
19637,,Avago Technologies U.S. Inc.,broadband,2025-Q1,2025,1,144.46506642405487,119.0526141590667,130.83896320816072,102.78380803618792,29.025818181818185,3.797,33,1,0.0031689238046675367,False
138199,,Transatel,broadband,2025-Q1,2025,1,34.59287785657236,3.582214895115384,25.13203927577582,1.994372847563755,111.3385625,113.4375,32,2,0.0030728958105867023,False
23766,,"Electronic Arts, Singapore",broadband,2025-Q1,2025,1,92.30913294443972,28.44424853587781,31.245134469243762,21.727503552045953,194.60231249999998,112.05699999999999,32,1,0.0030728958105867023,False
54092,,"DRW Holdings, LLC",broadband,2025-Q1,2025,1,50.4482656396245,28.968165123181546,45.402208105261096,11.704994045506375,84.57253125,98.9665,32,1,0.0030728958105867023,False
46078,,Dimension Data AP Kaki Bukit Singapore,broadband,2025-Q1,2025,1,57.759645188655874,11.075668641111537,16.73397065204401,9.844755800247711,46.272999999999996,47.688,31,1,0.002976867816505868,False
6453,,TATA COMMUNICATIONS (AMERICA) INC,broadband,2025-Q1,2025,1,151.22413457241285,132.59309748884957,96.20172674403861,40.91527884759989,60.37340000000001,56.024,30,9,0.0028808398224250335,False
137220,,"Texas Instruments, Inc",broadband,2025-Q1,2025,1,12.264214693216312,7.624642857677918,8.554309140874892,2.866527747027858,95.2048275862069,85.0,29,3,0.002784811828344199,False
7700,,SINGAPORE TELECOMMUNICATIONS LTD,broadband,2025-Q1,2025,1,1.2565102970992519,0.49806540853288933,0.5527436792084048,0.1373999087987988,564.5795862068966,558.953,29,4,0.002784811828344199,False
137182,,BLUE WIRELESS PTE LTD,broadband,2025-Q1,2025,1,14.13209037772001,5.164577369900328,15.031083639772788,4.167515961357282,93.59365517241379,62.656,29,6,0.002784811828344199,False
56197,,KDDI ASIA PACIFIC PTE. LTD.,broadband,2025-Q1,2025,1,99.0182580656497,64.96739013545124,58.47262809850669,3.0607612253004124,17.589785714285718,4.5495,28,7,0.0026887838342633643,False
60142,,NXP Semiconductors Netherlands B.V.,broadband,2025-Q1,2025,1,8.24023161721272,11.238130935825485,7.43186732677599,12.94907398940208,319.0796428571429,315.845,28,3,0.0026887838342633643,False
139883,,SPTEL PTE. LTD.,broadband,2025-Q1,2025,1,77.73885106853515,53.24344069482538,48.91973688521958,28.64988131260114,5.107714285714285,4.7044999999999995,28,7,0.0026887838342633643,False
63440,,TELNYX LLC,broadband,2025-Q1,2025,1,6.914821974772361,1.770735255074302,6.677145277327053,0.6165316368674307,272.57764285714285,271.9105,28,1,0.0026887838342633643,False
24331,,eBay Inc ASIA ASN eCommerce San Jose,broadband,2025-Q1,2025,1,41.13689216785459,30.684207891120273,16.959217532830543,1.9739538226386053,157.266,150.27949999999998,28,2,0.0026887838342633643,False
142119,,NEX CORPORATEIT PTE LTD,broadband,2025-Q1,2025,1,315.0971403572551,256.4725421300123,338.9793296329764,324.53363061248774,1.8240000000000003,1.7395,26,5,0.0024967278461016955,False
19773,,"Motorola, Inc.",broadband,2025-Q1,2025,1,39.71397265044993,48.45412135497828,31.675651166363615,49.727973526925666,161.1996153846154,118.09100000000001,26,20,0.0024967278461016955,False
38862,,TullettPrebon Singapore multihoming ISP connection AS,broadband,2025-Q1,2025,1,86.28562887117741,134.77574824337793,45.08228349960382,107.87077985397153,6.502615384615386,0.8154999999999999,26,2,0.0024967278461016955,False
56172,,Agora Communications Pte Ltd,broadband,2025-Q1,2025,1,32.43099954201088,6.780259218674345,28.481990895873743,8.350028060072749,8.2102,4.558,25,1,0.002400699852020861,False
136537,,SQUAREPOINT OPERATIONS PRIVATE LIMITED,broadband,2025-Q1,2025,1,986.9596568182991,679.593248428685,984.4509384989802,844.3135580984073,4.923039999999999,0.664,25,1,0.002400699852020861,False
395266,,"Keysight Technologies, Inc",broadband,2025-Q1,2025,1,146.94157021965555,110.37916560768652,47.44127221329846,13.246076986375593,81.32964,41.218,25,3,0.002400699852020861,False
45597,,POINT72 ASIA,broadband,2025-Q1,2025,1,64.4510889785485,24.70212079715324,70.9530311124579,9.51109951019437,116.556125,189.827,24,1,0.0023046718579400266,False
59326,,DSO National Laboratories,broadband,2025-Q1,2025,1,213.60820901125717,157.13665231332885,286.472524964163,170.7917947120006,1.4905652173913044,1.279,23,10,0.0022086438638591922,False
140610,,Bayer (South East Asia) Pte Ltd,broadband,2025-Q1,2025,1,45.26953837953386,26.728295815476198,23.66286036171847,8.728271780419508,60.054434782608695,42.0,23,2,0.0022086438638591922,False
45530,,Agoda Company Pte. Ltd.,broadband,2025-Q1,2025,1,363.2414935376393,334.55222668649895,119.4303992601819,329.5691477923451,173.93152173913046,172.151,23,1,0.0022086438638591922,False
34414,,Nokia APAC,broadband,2025-Q1,2025,1,37.5012613386532,3.5080102850450174,23.11695706227512,2.5838387927213846,189.68800000000002,186.8375,22,2,0.002112615869778358,False
10100,,UBS Group AG,broadband,2025-Q1,2025,1,183.30931263150376,132.13826072247227,189.77741559024008,77.53583126416873,52.50877272727273,36.979,22,2,0.002112615869778358,False
6279,,PCCW Global (HK) Ltd.,broadband,2025-Q1,2025,1,13.804300406549677,3.8075190384990063,5.6275408828011715,1.3082408483402095,216.91409523809529,181.101,21,2,0.0020165878756975234,False
203273,,NetCrafters OU,broadband,2025-Q1,2025,1,159.8738450131847,119.22985240158482,161.28556476688095,129.06310745967244,129.67485000000002,128.74349999999998,20,2,0.0019205598816166888,False
131217,,8 Kallang Sector,broadband,2025-Q1,2025,1,82.2066579088729,100.05076679390767,84.31528464126453,109.03224214245773,3.6452777777777774,1.758,18,2,0.00172850389345502,False
13014,,Hewlett Packard France S.A.S.,broadband,2025-Q1,2025,1,23.035036555602904,19.482174226085824,5.938215379701428,3.7076777342317566,227.62294444444444,266.3865,18,5,0.00172850389345502,False
984,,OCTOPUS WEB SOLUTION INC,broadband,2025-Q1,2025,1,6.382231199310598,6.499341437981821,6.096409066836659,6.187892541183831,1.9669999999999999,0.5734999999999999,18,4,0.00172850389345502,False
36007,,"Kamatera, Inc.",broadband,2025-Q1,2025,1,607.5835865366001,333.5262978296142,592.1120540923758,35.20417455916509,26.583823529411763,32.743,17,6,0.0016324758993741856,False
18402,,NATIONAL LIBRARY BOARD,broadband,2025-Q1,2025,1,63.10967457280193,70.88737449697678,71.94248573691122,78.80983545634604,3.4295882352941174,2.185,17,1,0.0016324758993741856,False
13167,,Merck KGaA,broadband,2025-Q1,2025,1,10.318732993882675,4.034741851525566,11.070795600621382,1.292742324827553,168.1144705882353,161.662,17,1,0.0016324758993741856,False
135525,,"Exoduspoint Capital Management Singapore, Pte. Ltd.",broadband,2025-Q1,2025,1,92.8335245941816,27.77171112718645,45.05253376847974,31.701155349422326,283.3574117647059,342.761,17,1,0.0016324758993741856,False
6307,,American Express Company,broadband,2025-Q1,2025,1,16.957265139369746,10.335716188166215,15.374162300569278,13.602840751707221,40.3801875,37.947500000000005,16,4,0.0015364479052933512,False
13431,,"Millennium Partners, L.P.",broadband,2025-Q1,2025,1,437.46011633415173,186.70522595191002,482.31487228883316,202.09497131508604,3.7236875,1.6905000000000001,16,1,0.0015364479052933512,False
216245,,CYBERJET PTE. LTD.,broadband,2025-Q1,2025,1,58.39786211103444,47.45066170912986,38.451415299196135,45.68057328344033,45.403999999999996,0.289,16,6,0.0015364479052933512,False
132337,,Axclusive,broadband,2025-Q1,2025,1,229.81288946495977,87.06245440735496,45.264097008450804,10.192030257609078,75.5118,5.189,15,2,0.0014404199112125168,False
931,,Hyonix,broadband,2025-Q1,2025,1,1951.9377933439462,2017.98629114006,2028.393351925567,2317.3254670497545,0.39878571428571424,0.3295,14,7,0.0013443919171316821,False
4637,,Telstra Global,broadband,2025-Q1,2025,1,224.26458905086318,218.1529774435924,174.02349378043755,168.1106872308549,79.59178571428569,5.257,14,11,0.0013443919171316821,False
133125,,PG Lion ReSources Aust Pty Ltd,broadband,2025-Q1,2025,1,90.29289803787366,91.32865002223,103.27395677934844,103.70522470335402,211.38364285714283,146.97250000000003,14,2,0.0013443919171316821,False
8444,,JANUS HENDERSON ADMINISTRATION UK LIMITED,broadband,2025-Q1,2025,1,13.476990333185,12.47303011955723,12.736143830068707,7.068390898434767,0.7905384615384616,0.801,13,1,0.0012483639230508477,False
133587,,Bain and Company,broadband,2025-Q1,2025,1,35.35343150091403,14.74165515802288,28.19676012912126,9.10920373825974,134.9183076923077,79.475,13,1,0.0012483639230508477,False
17978,,SERVCORP AUSTRALIAN HOLDINGS LTD,broadband,2025-Q1,2025,1,72.26953288654605,86.78842690351384,81.3423495189711,100.59192861344962,4.308461538461539,3.645,13,2,0.0012483639230508477,False
17497,,Liasail Global Hongkong Limited,broadband,2025-Q1,2025,1,26.944385640585445,6.325202925211705,26.139407288878882,2.4164580102321067,3.374923076923077,1.6,13,4,0.0012483639230508477,False
57695,,"Misaka Network, Inc.",broadband,2025-Q1,2025,1,301.4859457012223,26.67734282762847,145.5141464360825,3.0366852719931536,0.3775833333333334,0.20700000000000002,12,5,0.0011523359289700133,False
18725,,PVH Corp.,broadband,2025-Q1,2025,1,25.717392506525645,30.083554887869393,29.303930873111,23.612314286185665,217.58,217.3355,12,1,0.0011523359289700133,False
56173,,internet content provider,broadband,2025-Q1,2025,1,38.75842315555337,10.367612668784748,27.743541987335107,7.65894994746483,142.13758333333334,121.47999999999999,12,9,0.0011523359289700133,False
54201,,We Link Networks LLC,broadband,2025-Q1,2025,1,58.455318947341766,43.06812669461163,52.7713409504351,49.51104838260487,2.7237499999999994,2.5335,12,13,0.0011523359289700133,False
64050,,BGP Network Limited,broadband,2025-Q1,2025,1,13.163966575738883,3.9909452187223913,14.085201727928917,3.114062356277163,263.03974999999997,266.80449999999996,12,1,0.0011523359289700133,False
56308,,"TELEKOMUNIKASI INDONESIA INTERNATIONAL, PTE.LTD",broadband,2025-Q1,2025,1,53.647476049424725,10.762064893039932,29.03554670046924,3.790867953154817,68.65154545454546,63.629,11,4,0.001056307934889179,False
30613,,Chicago Mercantile Exchange,broadband,2025-Q1,2025,1,93.95514027586925,90.70301556757457,101.87796448293443,64.13821899267151,73.8452,73.5505,10,1,0.0009602799408083444,False
133136,,MyRepublic Ltd.,broadband,2025-Q1,2025,1,76.21501362205065,39.032039953457684,73.18214357383597,17.924196520192414,3.5752,3.0,10,6,0.0009602799408083444,False
138699,,TIKTOK PTE. LTD.,broadband,2025-Q1,2025,1,24.73758618583311,29.16380779579949,4.6536414613715245,7.060423056489694,211.07799999999997,239.507,10,10,0.0009602799408083444,False
35923,,KENVUE BRANDS LLC,broadband,2025-Q1,2025,1,28.091386926192108,15.905927687930909,17.719844434678375,4.873598818528361,128.06310000000002,125.89500000000001,10,1,0.0009602799408083444,False
203554,,Louis Vuitton Malletier SA,broadband,2025-Q1,2025,1,92.53811419315896,21.79275075224709,29.18981834768735,3.13949874012041,143.0962,163.369,10,9,0.0009602799408083444,False
206720,,AIRBUS SAS,broadband,2025-Q1,2025,1,87.86980667773881,92.79908452889474,68.48082040671636,77.27990744365597,23.803,9.503499999999999,10,2,0.0009602799408083444,False
27399,,Balyasny Asset Management L.P.,broadband,2025-Q1,2025,1,168.19216900023991,69.2740153358816,28.611044301980133,4.677656366135816,2.002222222222222,1.907,9,1,0.00086425194672751,False
63981,,NTDKL,broadband,2025-Q1,2025,1,28.596659987199114,28.10210739497501,10.632039245749517,12.594227257980105,81.21022222222221,78.0,9,6,0.00086425194672751,False
132242,,Hogarth Worldwide Pte,broadband,2025-Q1,2025,1,436.35477169290175,338.7561532727208,265.8301825638659,74.98997508696762,12.19288888888889,1.0,9,4,0.00086425194672751,False
64086,,Australia and New Zealand Banking Group Limited (ANZ),broadband,2025-Q1,2025,1,77.21777205254264,145.04667425978877,78.03203701085243,120.07957327605817,82.904,82.969,9,4,0.00086425194672751,False
394161,,"Tesla Motors, Inc.",broadband,2025-Q1,2025,1,70.68297120358028,41.12398837527712,77.23229823999334,29.7142595472846,233.3614444444444,231.451,9,4,0.00086425194672751,False
64003,,8 Anthony Road,broadband,2025-Q1,2025,1,67.73935840631678,76.4120001375222,62.60514576630486,66.02971717207272,7.154624999999999,2.934,8,4,0.0007682239526466756,False
134407,,MediaCorp Pte Ltd,broadband,2025-Q1,2025,1,425.889551340206,258.05088044345797,362.28141105931024,173.53494476642575,4.679875,4.9395,8,3,0.0007682239526466756,False
153325,,Next Era Pte. Ltd.,broadband,2025-Q1,2025,1,1155.1744576131343,468.62285633008054,1154.7512202816704,439.63781285421703,20.48875,20.7185,8,3,0.0007682239526466756,False
212336,,ByteVirt LLC,broadband,2025-Q1,2025,1,52.509275462552324,17.60507385630523,5.51610612479134,14.906080235016624,110.143375,36.0065,8,4,0.0007682239526466756,False
31713,,Gateway Communications,broadband,2025-Q1,2025,1,16.69385323171901,12.390711054905088,11.664952081306428,0.22950622586880168,259.89574999999996,276.1825,8,1,0.0007682239526466756,False
14398,,"Autodesk, Inc.",broadband,2025-Q1,2025,1,361.6501497949821,912.7749359475705,293.2968892937219,912.7749359475705,2.9528571428571433,3.141,7,5,0.0006721959585658411,False
3573,,Accenture LLP,broadband,2025-Q1,2025,1,154.06938062706035,76.08592876733952,132.52378216173108,73.07100443399428,4.905857142857143,4.39,7,7,0.0006721959585658411,False
136744,,DREAM POWER TECHNOLOGY LIMITED,broadband,2025-Q1,2025,1,43.93338201808189,52.52616562694823,19.288682152434223,25.611956339465983,50.43157142857143,39.648,7,3,0.0006721959585658411,False
1248,,HERE Global BV,broadband,2025-Q1,2025,1,18.711512054165002,20.912398287299794,16.923134535111743,22.784869730501175,559.196,597.867,7,2,0.0006721959585658411,False
5091,,"Stripe, Inc.",broadband,2025-Q1,2025,1,197.63295838090377,197.3591735948585,217.68984317942886,215.8647326367178,4.041857142857142,4.253,7,4,0.0006721959585658411,False
149446,,Firmus Grid,broadband,2025-Q1,2025,1,149.10761845173633,130.3856085599136,159.08407938797373,110.54780383229337,62.58271428571429,5.279,7,1,0.0006721959585658411,False
24182,,Interpublic GIS,broadband,2025-Q1,2025,1,153.72459899903134,210.99168731757524,181.94081381307026,180.34218569836386,45.83457142857143,3.853,7,1,0.0006721959585658411,False
209699,,Coaxial Cable LLC,broadband,2025-Q1,2025,1,81.34290137618079,16.638751402559492,63.28323514918018,16.638751402559492,0.4588571428571429,0.376,7,5,0.0006721959585658411,False
132364,,TEC,broadband,2025-Q1,2025,1,302.77194601408945,238.35925372351363,327.7257760055131,284.4296405406366,2.8385714285714285,3.288,7,4,0.0006721959585658411,False
135066,,Schroders Investment Management (Singapore) Limited,broadband,2025-Q1,2025,1,75.10471975956781,34.5259116440552,81.15327268040676,11.387200330855716,1.6714285714285715,1.546,7,3,0.0006721959585658411,False
61292,,Blix Group AS,broadband,2025-Q1,2025,1,93.63995761866708,9.147888950141239,102.75469399686989,5.5760425028628156,97.77583333333332,74.0895,6,1,0.0005761679644850067,False
29457,,Options Technology Ltd,broadband,2025-Q1,2025,1,456.1184538446225,330.72082365620463,428.3077842746425,107.11251389357633,30.822333333333333,1.425,6,1,0.0005761679644850067,False
149020,,WebHorizon Internet Services,broadband,2025-Q1,2025,1,185.70683227088622,1893.4229623127517,33.041877417303,1049.4927495319303,30.122500000000002,24.751,6,4,0.0005761679644850067,False
44493,,Chelyabinsk-Signal LLC,broadband,2025-Q1,2025,1,8.090731661696063,8.26353876079385,7.381921450965639,7.131117454091273,113.75916666666666,109.43549999999999,6,1,0.0005761679644850067,False
134839,,PropertyGuru Pte Ltd,broadband,2025-Q1,2025,1,73.91330380280955,85.3194137076021,57.85351413398702,81.97871160425768,176.74283333333335,201.6605,6,3,0.0005761679644850067,False
152475,,IENS TECHNOLOGY PTE. LTD,broadband,2025-Q1,2025,1,6.282375331458707,17.38438917074913,3.7257443790110196,17.53079254857305,76.26266666666668,76.5865,6,1,0.0005761679644850067,False
22764,,"Fluor Enterprises, Inc.",broadband,2025-Q1,2025,1,13.093795716824776,4.673795557122969,7.869821461238592,5.054373424121027,184.4948,227.832,5,2,0.0004801399704041722,False
28959,,Vitol Services Ltd,broadband,2025-Q1,2025,1,764.6661610104599,681.3030875761999,741.1939227778432,717.3666354133834,1.3024,1.0,5,1,0.0004801399704041722,False
60486,,Swiss Networking Solutions AG,broadband,2025-Q1,2025,1,15.228658392643828,3.0494384640749765,17.628976457495664,2.583704964734183,340.65,333.0,5,2,0.0004801399704041722,False
25888,,HP Inc.,broadband,2025-Q1,2025,1,307.6445955480639,136.5143827524477,223.19766444432472,150.71735699832354,3.6650000000000005,4.027,5,2,0.0004801399704041722,False
58580,,Fastrack Technology,broadband,2025-Q1,2025,1,233.7995504797787,85.96792674529891,249.457291369587,57.90760534701041,83.1774,87.156,5,4,0.0004801399704041722,False
54994,,Meteverse Limited.,broadband,2025-Q1,2025,1,44.67166704381164,1.4675667583273126,50.31133036628237,0.6237497676306001,52.55500000000001,15.719,5,2,0.0004801399704041722,False
7054,,"Merck and Co., Inc.",broadband,2025-Q1,2025,1,87.78444332764084,84.37249533812941,83.94642466251915,77.11502375396665,113.975,66.482,5,4,0.0004801399704041722,False
2914,,"NTT America, Inc.",broadband,2025-Q1,2025,1,13.064180819192307,5.836534957114089,2.415534289684257,5.836534957114089,204.54739999999998,161.342,5,4,0.0004801399704041722,False
16875,,AON Corporation,broadband,2025-Q1,2025,1,34.62886218774919,23.322387547208315,22.459522870747236,25.473344864617083,128.2806,171.806,5,2,0.0004801399704041722,False
1828,,Unitas Global,broadband,2025-Q1,2025,1,78.45163228099045,51.27113935192774,82.56356252372497,38.44466547640058,4.8518,4.286,5,2,0.0004801399704041722,False
136448,,AIA Shared Services (Hong Kong) Ltd,broadband,2025-Q1,2025,1,30.657193804789745,23.266343382978732,21.58661335687207,20.26010052535078,148.8965,185.664,4,2,0.0003841119763233378,False
133391,,SYSNETPRO SOLUTION PTE LTD,broadband,2025-Q1,2025,1,126.720935097415,34.837345713411445,109.51808643768575,34.837345713411445,19.381999999999998,19.537,4,1,0.0003841119763233378,False
32884,,"DV TRADING, LLC",broadband,2025-Q1,2025,1,28.47562501619729,9.575205695510135,28.502133181180625,11.13124425975169,254.49625,252.5605,4,1,0.0003841119763233378,False
32537,,Xilinx Incorporated,broadband,2025-Q1,2025,1,21.039961661758873,17.472361513034038,5.835474052126202,1.7662634597580757,151.6595,158.80149999999998,4,3,0.0003841119763233378,False
211407,,AS Perwira Media,broadband,2025-Q1,2025,1,30.825695433572182,3.327464658985093,31.662132491868267,2.263653509603501,79.88024999999999,40.0215,4,4,0.0003841119763233378,False
30417,,BTIG LLC,broadband,2025-Q1,2025,1,10.871775287838673,0.08182472635774628,9.871314097320619,0.08182472635774628,103.6065,103.78999999999999,4,1,0.0003841119763233378,False
149485,,MonoCloud Pty Ltd,broadband,2025-Q1,2025,1,37.11490168965278,10.74671732116544,27.88177110174479,1.2321366454854137,127.29825,104.547,4,4,0.0003841119763233378,False
7138,,"Encompass Digital Media, LLC",broadband,2025-Q1,2025,1,70.90862547487498,19.0136474877992,69.61478398954583,19.133354774384532,251.55425000000002,256.122,4,1,0.0003841119763233378,False
141760,,Mercedes-Benz Singapore Pte. Ltd.,broadband,2025-Q1,2025,1,42.32468577900962,57.29083651249554,52.43954704021494,56.98838571311722,32.7365,20.322499999999998,4,3,0.0003841119763233378,False
150378,,THE ADVENTUS CONSULTANTS PTE LTD,broadband,2025-Q1,2025,1,305.2143222232822,35.67482697264262,142.57387875136277,35.67482697264262,68.79225,43.291,4,1,0.0003841119763233378,False
17350,,Moody's Corp.,broadband,2025-Q1,2025,1,98.43568046359442,110.76749842927654,107.90454686691407,110.76749842927654,52.19375000000001,66.614,4,3,0.0003841119763233378,False
59210,,PhoenixNAP,broadband,2025-Q1,2025,1,10.804679028894794,18.70226489911554,4.922096002423658,18.70226489911554,15.138,15.0,4,1,0.0003841119763233378,False
199877,,Kennametal Shared Services GmbH,broadband,2025-Q1,2025,1,10.589005244914489,0.8687635234724392,1.0874312186208337,1.0577884826634552,243.74800000000002,242.339,4,1,0.0003841119763233378,False
45166,,Pacific Internet Pte Ltd,broadband,2025-Q1,2025,1,23.807614182507933,25.30077572648526,23.979489117947082,25.30077572648526,3.40275,3.5925000000000002,4,1,0.0003841119763233378,False
55706,,G1 Enterprise 1 Technology Park Malaysia,broadband,2025-Q1,2025,1,8.554517961426544,7.093446024377847,4.8477112306850865,4.811667361323886,57.851,24.916,3,2,0.00028808398224250333,False
138341,,SHOPEE SINGAPORE PRIVATE LIMITED,broadband,2025-Q1,2025,1,46.558636970886475,55.926305414511,29.743174063102412,33.64069003248083,28.00933333333333,28.0,3,2,0.00028808398224250333,False
6461,,Zayo Bandwidth,broadband,2025-Q1,2025,1,195.5814588539387,8.494281037583466,76.23076584230657,8.494281037583466,19.459,5.992,3,1,0.00028808398224250333,False
54187,,EZE Castle Integration Inc.,broadband,2025-Q1,2025,1,46.790842310968735,39.34272359838899,51.46831954986239,29.823139455709864,18.781000000000002,23.818,3,2,0.00028808398224250333,False
139057,,Edgenext Legend Dynasty Pte. Ltd.,broadband,2025-Q1,2025,1,835.4875073484988,295.46259829668844,810.16825422569,295.46259829668844,26.233999999999998,30.941,3,2,0.00028808398224250333,False
216382,,LAYER MARKETING SERVICES L.L.C,broadband,2025-Q1,2025,1,376.49786919816916,135.5792825637902,282.93999612887234,171.09154066975884,14.989333333333335,3.282,3,2,0.00028808398224250333,False
136471,,Optiver Pty Ltd,broadband,2025-Q1,2025,1,93.74366214647449,96.21805571246108,108.04983256080371,116.78853905052864,93.30633333333333,112.501,3,3,0.00028808398224250333,False
29207,,"Takeda Pharmaceuticals U.S.A., Inc.",broadband,2025-Q1,2025,1,119.14473648338209,150.8370297937187,64.95799208227206,52.8709362742848,94.979,94.986,3,2,0.00028808398224250333,False
147188,,Rocket Network Pte. Ltd.,broadband,2025-Q1,2025,1,141.70827383377332,126.04126182436669,143.58507329244517,130.7816930781693,6.602,1.725,3,3,0.00028808398224250333,False
42960,,VH Global Limited,broadband,2025-Q1,2025,1,16.30941595005805,19.183588243167627,18.725956763375354,17.692822716261606,363.856,349.417,3,3,0.00028808398224250333,False
138995,,Antbox Networks Limited,broadband,2025-Q1,2025,1,8.240455049825371,2.8354480722147826,5.909030154284418,1.1171314581687648,237.79466666666667,253.0,3,2,0.00028808398224250333,False
14630,,"Invesco Group Services, Inc.",broadband,2025-Q1,2025,1,71.45790446831239,64.32012095915329,71.45790446831239,64.32012095915329,36.0355,36.0355,2,1,0.0001920559881616689,False
55781,,Fujitsu Asia Pte. Ltd.,broadband,2025-Q1,2025,1,54.56109394155441,90.1126494507867,54.56109394155441,90.1126494507867,7.552,7.552,2,2,0.0001920559881616689,False
10236,,AXA Technology Services Asia (HK) Limited,broadband,2025-Q1,2025,1,19.666843496461514,1.6234086010268913,19.666843496461514,1.6234086010268913,154.5275,154.5275,2,1,0.0001920559881616689,False
400031,,GigaPacket LLC,broadband,2025-Q1,2025,1,38.047057082640784,12.004915363571012,38.047057082640784,12.004915363571012,221.495,221.495,2,2,0.0001920559881616689,False
141389,,GOIP Telecom (Asia Pacific) Pte. Ltd.,broadband,2025-Q1,2025,1,2.2824731120238013,0.01031987822543694,2.2824731120238013,0.01031987822543694,70.0115,70.0115,2,1,0.0001920559881616689,False
38532,,Exabytes Network (Singapore) Pte. Ltd.,broadband,2025-Q1,2025,1,91.97197710827666,63.287888817314,91.97197710827666,63.287888817314,9.283,9.283,2,1,0.0001920559881616689,False
136202,,Freepoint Commodities Singapore Pte. Ltd.,broadband,2025-Q1,2025,1,22.375993367386453,0.9543823243481396,22.375993367386453,0.9543823243481396,55.9905,55.9905,2,2,0.0001920559881616689,False
18464,,ALVIDI TECHNOLOGY Inc,broadband,2025-Q1,2025,1,34.16207781513898,7.738645271729566,34.16207781513898,7.738645271729566,70.7775,70.7775,2,2,0.0001920559881616689,False
29286,,SKYLOGIC S.P.A.,broadband,2025-Q1,2025,1,2.042631887362202,0.10698224813966686,2.042631887362202,0.10698224813966686,35.6185,35.6185,2,1,0.0001920559881616689,False
133541,,SIPPE-SG,broadband,2025-Q1,2025,1,0.5386283636430858,0.7407107878934693,0.5386283636430858,0.7407107878934693,2.0,2.0,2,1,0.0001920559881616689,False
38891,,Measat Satellite Systems Sdn. Bhd.,broadband,2025-Q1,2025,1,1.024699339924738,0.12471934213503835,1.024699339924738,0.12471934213503835,7.523,7.523,2,2,0.0001920559881616689,False
400618,,Prime Security Corp.,broadband,2025-Q1,2025,1,287.98732350327464,30.749477911485947,287.98732350327464,30.749477911485947,0.1955,0.1955,2,2,0.0001920559881616689,False
134981,,UBER SINGAPORE TECHNOLOGY PTE. LTD,broadband,2025-Q1,2025,1,228.0609187503348,0.08319048456183277,228.0609187503348,0.08319048456183277,67.9815,67.9815,2,1,0.0001920559881616689,False
395753,,KKR,broadband,2025-Q1,2025,1,126.5478304142874,181.26404895878,126.5478304142874,181.26404895878,3.1935000000000002,3.1935000000000002,2,1,0.0001920559881616689,False
136733,,Racks Central Pte Ltd,broadband,2025-Q1,2025,1,658.3159231747034,576.0359476764627,658.3159231747034,576.0359476764627,0.9450000000000001,0.9450000000000001,2,1,0.0001920559881616689,False
24038,,"Fujitsu Asia Pte Ltd, NOC and RIM",broadband,2025-Q1,2025,1,9.716706420623709,6.018107995379652,9.716706420623709,6.018107995379652,1.762,1.762,1,1,9.602799408083445e-05,False
9292,,21 Tampines Avenue 1,broadband,2025-Q1,2025,1,2.9852904738945156,2.212815267498317,2.9852904738945156,2.212815267498317,3.786,3.786,1,1,9.602799408083445e-05,False
29802,,"HIVELOCITY, Inc.",broadband,2025-Q1,2025,1,20.133200175948982,0.21925709946120037,20.133200175948982,0.21925709946120037,203.688,203.688,1,1,9.602799408083445e-05,False
139225,,Whatbox Inc.,broadband,2025-Q1,2025,1,5.673139910959606,,5.673139910959606,,198.212,198.212,1,1,9.602799408083445e-05,False
11746,,"Waggener Edstrom Worldwide, Inc.",broadband,2025-Q1,2025,1,227.88513559685552,377.0000963944091,227.88513559685552,377.0000963944091,36.309,36.309,1,1,9.602799408083445e-05,False
54535,,"Nike, Inc.",broadband,2025-Q1,2025,1,11.049015522962929,14.646390173333238,11.049015522962929,14.646390173333238,324.681,324.681,1,1,9.602799408083445e-05,False
136149,,MediaCorp Pte Ltd,broadband,2025-Q1,2025,1,450.5028508543076,328.11764579053596,450.5028508543076,328.11764579053596,0.503,0.503,1,1,9.602799408083445e-05,False
1299,,Arelion Sweden AB,broadband,2025-Q1,2025,1,0.4176403170450397,11.80140437571275,0.4176403170450397,11.80140437571275,38.105,38.105,1,1,9.602799408083445e-05,False
133159,,Mammoth Media Pty Ltd,broadband,2025-Q1,2025,1,229.93669853104578,35.73960429366197,229.93669853104578,35.73960429366197,92.527,92.527,1,1,9.602799408083445e-05,False
31898,,Oracle Corporation,broadband,2025-Q1,2025,1,243.03677878484746,192.95611735344568,243.03677878484746,192.95611735344568,85.985,85.985,1,1,9.602799408083445e-05,False
202280,,NBI SIA,broadband,2025-Q1,2025,1,133.89104321774377,0.08948264520759971,133.89104321774377,0.08948264520759971,153.531,153.531,1,1,9.602799408083445e-05,False
132829,,Nevigate Communications (S) Pte Ltd,broadband,2025-Q1,2025,1,4.800707926385991,17.04759266795927,4.800707926385991,17.04759266795927,70.477,70.477,1,1,9.602799408083445e-05,False
135530,,Acronis Asia Pte. Ltd,broadband,2025-Q1,2025,1,293.69173763391416,149.54520673970902,293.69173763391416,149.54520673970902,77.722,77.722,1,1,9.602799408083445e-05,False
132708,,VNG Singapore PTE. LTD.,broadband,2025-Q1,2025,1,268.80698485217937,,268.80698485217937,,52.0,52.0,1,1,9.602799408083445e-05,False
37989,,DCS1 Pte. Ltd.,broadband,2025-Q1,2025,1,780.1116136261322,651.0479891032447,780.1116136261322,651.0479891032447,1.442,1.442,1,1,9.602799408083445e-05,False
30081,,CacheFly,broadband,2025-Q1,2025,1,17.926320019734764,10.91711669084402,17.926320019734764,10.066802536003525,299.977,299.977,1,1,9.602799408083445e-05,False
38321,,DOCOMO interTouch - Headquarter,broadband,2025-Q1,2025,1,64.2022183501856,65.40068779518543,64.2022183501856,65.40068779518543,3.75,3.75,1,1,9.602799408083445e-05,False
13778,,Johnson & Johnson,broadband,2025-Q1,2025,1,7.9767109233029885,5.463377446386581,7.9767109233029885,5.463377446386581,68.501,68.501,1,1,9.602799408083445e-05,False
134789,,OPTICALHASH COMMUNICATIONS PTE LTD,broadband,2025-Q1,2025,1,3.0012967298202904,,3.0012967298202904,,150.02,150.02,1,1,9.602799408083445e-05,False
18224,,Singapore Network Services,broadband,2025-Q1,2025,1,9.797217053445035,,9.797217053445035,,2.075,2.075,1,1,9.602799408083445e-05,False
141190,,Jindun Technology PTE. Ltd.,broadband,2025-Q1,2025,1,379.7777894013833,76.14939530941425,379.7777894013833,76.14939530941425,55.346,55.346,1,1,9.602799408083445e-05,False
10074,,iBasis Singapore ICO,broadband,2025-Q1,2025,1,0.9436296230951751,0.13241172208553242,0.9436296230951751,0.13241172208553242,404.636,404.636,1,1,9.602799408083445e-05,False
40810,,Ernst & Young LLP,broadband,2025-Q1,2025,1,51.26328613450659,14.986588204711133,51.26328613450659,14.986588204711133,283.827,283.827,1,1,9.602799408083445e-05,False
215023,,LIMEE NETWORK LTD,broadband,2025-Q1,2025,1,59.30272037127962,,59.30272037127962,,170.0,170.0,1,1,9.602799408083445e-05,False
206804,,EstNOC OU,broadband,2025-Q1,2025,1,27.71365994503721,,27.71365994503721,,232.613,232.613,1,1,9.602799408083445e-05,False
23764,,CTGNet,broadband,2025-Q1,2025,1,16.03115771389798,1.944644099211687,16.03115771389798,1.944644099211687,5.107,5.107,1,1,9.602799408083445e-05,False
45477,,AP TRANSIT PTE LTD,broadband,2025-Q1,2025,1,16.725099362893424,17.518698562602875,16.725099362893424,17.518698562602875,180.478,180.478,1,1,9.602799408083445e-05,False
14127,,Iland Internet Solutions Corporation,broadband,2025-Q1,2025,1,110.45882692094823,5.337083919737425,110.45882692094823,5.337083919737425,176.972,176.972,1,1,9.602799408083445e-05,False
9299,PLDT,Philippine Long Distance Telephone Company,broadband,2025-Q1,2025,1,15.580976018343723,,15.580976018343723,,191.645,191.645,1,1,9.602799408083445e-05,False
134148,,SingAREN,broadband,2025-Q1,2025,1,23.634130373186665,0.06938748653259966,23.634130373186665,0.06938748653259966,0.779,0.779,1,1,9.602799408083445e-05,False
17003,,Zoetis Inc.,broadband,2025-Q1,2025,1,10.486919175402516,,10.486919175402516,,250.0,250.0,1,1,9.602799408083445e-05,False
21660,,Baxalta Incorporated,broadband,2025-Q1,2025,1,30.124329168127094,,30.124329168127094,,176.203,176.203,1,1,9.602799408083445e-05,False
132236,,NEC ASIA PACIFIC PTE LTD,broadband,2025-Q1,2025,1,194.3638111946152,181.90742312040265,194.3638111946152,181.90742312040265,1.402,1.402,1,1,9.602799408083445e-05,False
24739,,SEVEREN TELECOM,broadband,2025-Q1,2025,1,21.924173587515593,1.083940462526406,21.924173587515593,1.083940462526406,1.64,1.64,1,1,9.602799408083445e-05,False
58885,,IQON GLOBAL PTE LTD,broadband,2025-Q1,2025,1,121.54750841647144,25.57794624871085,121.54750841647144,25.57794624871085,33.335,33.335,1,1,9.602799408083445e-05,False
4907,,IENS TECHNOLOGY PTE. LTD,broadband,2025-Q1,2025,1,9.93855764915388,10.4015601636716,9.93855764915388,10.4015601636716,32.81,32.81,1,1,9.602799408083445e-05,False
133012,,Cocoa Oriental Network Limited,broadband,2025-Q1,2025,1,36.845281613718534,48.283607829835304,36.845281613718534,48.283607829835304,172.339,172.339,1,1,9.602799408083445e-05,False
134835,,Starry Network Limited,broadband,2025-Q1,2025,1,10.897651865132525,,10.897651865132525,,0.515,0.515,1,1,9.602799408083445e-05,False
206216,,Advin Services LLC,broadband,2025-Q1,2025,1,85.72230493901911,66.04993316165759,85.72230493901911,66.04993316165759,214.908,214.908,1,1,9.602799408083445e-05,False
10122,,NETSTAR (SG) PTE. LTD.,broadband,2025-Q1,2025,1,32.4997842037117,7.44537285730253,32.4997842037117,7.44537285730253,49.986,49.986,1,1,9.602799408083445e-05,False
212982,,Lu Wang,broadband,2025-Q1,2025,1,55.99761120334431,34.67125811634497,55.99761120334431,34.67125811634497,179.325,179.325,1,1,9.602799408083445e-05,False
64049,,Reliance Jio Infocomm Pte Ltd Singapore,broadband,2025-Q1,2025,1,3.9298122891309415,4.36473962919241,3.9298122891309415,4.36473962919241,263.425,263.425,1,1,9.602799408083445e-05,False
55430,,Starhub Ltd,broadband,2025-Q2,2025,2,285.5623311829176,260.39811695498423,158.2147723635229,131.59432704736346,10.671685593903428,4.38,136549,55935,26.98762177129429,True
9506,,Singtel Fibre Broadband,broadband,2025-Q2,2025,2,205.3538246919708,180.1704651572408,128.10467803047916,89.46730402095574,37.080581049143575,36.797,123199,35895,24.34912020301639,True
4773,,MobileOne Ltd. Mobile/Internet Service Provider Singapore,broadband,2025-Q2,2025,2,324.11846800123226,272.4338580649228,201.7802574928763,141.91866165640613,9.622412409454824,4.533,62977,15982,12.446809982429754,True
56300,,MyRepublic Ltd.,broadband,2025-Q2,2025,2,365.2171224384614,325.591792087661,220.76885094777035,167.1945117355266,9.476823449353523,4.962,39691,3669,7.844551741312215,True
3758,,SingNet,broadband,2025-Q2,2025,2,187.42854190663257,166.5441715903498,89.77432437634836,53.06021761973465,39.90308727951692,36.567,25183,5757,4.977182396549987,True
18106,,Viewqwest Pte Ltd,broadband,2025-Q2,2025,2,355.8318588735343,275.8745673690852,229.16783123072986,148.58317334098322,8.974268296267267,3.997,20418,1698,4.035425095213343,True
4817,,Simba Telecom Pte Ltd,broadband,2025-Q2,2025,2,372.60838914458856,316.1640696152493,268.30082767148104,188.60290201076816,7.428732329215318,4.249,17731,3825,3.504364891920256,True
4657,,StarHub Ltd,broadband,2025-Q2,2025,2,245.52045791055272,239.62156290623494,84.84217178812987,65.00968893217747,11.075285919540226,3.947,11137,2809,2.2011229937011954,True
135600,,Whiz Communications Pte Ltd,broadband,2025-Q2,2025,2,268.3393445472733,239.51835455519893,135.53214763728613,103.20380490597033,20.092382776470572,4.775,10628,2205,2.1005239451428843,True
17547,,M1 NET LTD,broadband,2025-Q2,2025,2,140.3914056527835,113.5065130087497,73.56641194213876,41.788073072843844,52.609648514369226,36.047,10272,2131,2.03016390332214,True
396356,,Latitude.sh,broadband,2025-Q2,2025,2,75.12214250249605,58.921730537865024,82.33658382837386,60.8865456082787,215.10248529680368,219.0,5475,67,1.0820821038443067,True
44022,,Barclays Bank PLC,broadband,2025-Q2,2025,2,9.717627572531724,11.27166372565709,7.4750708888152735,5.055196789668609,166.1928306686046,167.257,2752,2,0.5439068401423802,True
393559,,"WEBBING USA, INC.",broadband,2025-Q2,2025,2,29.00536497537565,8.986218398154865,15.155160783284868,2.790850355523077,187.96240687679082,165.651,2443,52,0.4828359049665098,True
132356,,Changi Airport Group (Singapore) Pte Ltd,broadband,2025-Q2,2025,2,74.29244954718287,63.58331660272969,72.39772573009644,64.50076529219402,7.660476493011435,3.783,2361,67,0.46662937847970926,True
23856,,SPTEL PTE. LTD.,broadband,2025-Q2,2025,2,169.62104980156363,127.39157976245374,75.55701973317042,57.69996726066133,11.937362986142157,3.981,2238,478,0.4423195887495084,True
(unknown),,,broadband,2025-Q2,2025,2,85.07154183272877,57.5615819266167,45.9390387810567,7.489655870479873,48.20842988364973,1.0,1634,205,0.32294468633453827,True
38258,,Sony - ASN for Asia Pacific,broadband,2025-Q2,2025,2,31.92581035494319,17.057974375017135,16.904876108649074,1.8609162279399656,200.70436780772036,213.249,1375,821,0.27175577950427793,True
8220,,COLT Technology Services Group Limited,broadband,2025-Q2,2025,2,815.5820745187385,813.4036294222004,909.1555209057518,877.0955775482348,3.3238896604938275,1.623,1296,47,0.256142174718214,True
62654,,"MENLO SECURITY, INC.",broadband,2025-Q2,2025,2,900.1405603085606,781.186326886659,925.5789058902363,750.667669058046,2.9916116504854373,3.0,1133,67,0.223926762311525,True
4352,,EMERSON ASIA PACIFIC PRIVATE LIMITED,broadband,2025-Q2,2025,2,45.56235607025585,25.866336828757213,25.65199282648997,6.600821804439221,106.54579535299375,76.707,1121,11,0.22155507550857859,True
136258,,"BrainStorm Network, Inc",broadband,2025-Q2,2025,2,13.270404692433027,4.126651701255911,10.090975070336096,1.4536661535153952,185.43152535885167,162.807,1046,77,0.20673203299016343,True
2559,,VISA INTERNATIONAL SERVICE ASSOCIATION,broadband,2025-Q2,2025,2,15.616794467562974,19.581499329036525,8.343760195378406,10.359403643211508,148.8943800205973,176.758,971,3,0.19190899047174828,True
9419,,Nanyang Technological University,broadband,2025-Q2,2025,2,196.25852092571535,234.05378773825103,85.48787348456669,142.53101841827174,4.655751817237798,3.266,963,147,0.19032786593645065,True
394984,,"Fragomen, Del Rey, Bernsen & Loewy, LLP",broadband,2025-Q2,2025,2,8.548544847346639,5.249011343781007,7.983481681519831,5.283869397785589,210.86275185577944,206.149,943,1,0.1863750545982066,True
141995,,Contabo Asia Private Limited,broadband,2025-Q2,2025,2,16.505849536938868,6.707635827602301,9.029917647273187,0.3712733278257536,162.90229468085107,45.1785,940,83,0.18578213289747,True
212238,,Datacamp Limited,broadband,2025-Q2,2025,2,38.16552799834207,13.032503014488704,24.49640196129589,6.7962444234568045,98.72092552026285,43.33,913,46,0.18044583759084054,True
26496,,"GoDaddy.com, LLC",broadband,2025-Q2,2025,2,92.39843003243084,8.440821600316845,48.07189832722198,2.0761202464095607,27.836639383155394,15.128,843,20,0.16661099790698639,True
133466,,Robert Bosch GmbH,broadband,2025-Q2,2025,2,33.88737169001597,30.763283704284063,21.629601683142866,11.05626600306347,27.353983770287144,1.403,802,20,0.15850773466358611,True
7472,,NUS Information Technology,broadband,2025-Q2,2025,2,198.34401074081362,209.17760442826128,96.03562203945613,90.6477766337535,22.216997409326424,4.0665,772,388,0.15257851765622005,True
5065,,Bunny Communications,broadband,2025-Q2,2025,2,72.97819237655133,27.35154584518326,76.39262095704838,19.836604681040654,199.77538850889195,202.789,731,20,0.14447525441281975,True
10146,,Ford Motor Company,broadband,2025-Q2,2025,2,13.105660870468402,21.879840143035715,4.191388745229427,8.068399999720004,35.83873515248796,34.535,623,25,0.12313007318630192,True
140362,,DIGISIGMA PTE. LTD.,broadband,2025-Q2,2025,2,70.44427891445136,38.85730866067996,72.88821647436689,32.016046036662345,52.7664223034735,49.665,547,146,0.10810939010097456,True
7862,,Chevron Corporation,broadband,2025-Q2,2025,2,49.727928633142064,43.280827135523786,30.584212964005566,20.211681941505095,166.62435555555555,115.87950000000001,540,33,0.10672590613258916,True
55415,,4 Shenton Way,broadband,2025-Q2,2025,2,96.40900820007737,90.98046356912765,68.90438139659774,53.162190793993325,4.144365758754862,3.3535,515,75,0.1017848919597841,True
14762,,"AMGEN, Inc.",broadband,2025-Q2,2025,2,6.935913477488874,8.933979897709973,6.53951108174309,4.4367127018045664,166.01850392156865,205.042,510,3,0.10079668912522309,True
133782,,Elsevier Ltd,broadband,2025-Q2,2025,2,41.67169392227594,29.2830572837831,23.98318339004851,5.795247970665157,132.47985395537526,109.892,498,2,0.09842500232227666,True
133728,,Chubb Asia Pacific Pte Ltd,broadband,2025-Q2,2025,2,26.878702177209167,15.91339310727239,15.224446243937065,3.153463350638754,3.5576148936170213,1.9064999999999999,470,4,0.092891066448735,True
4628,,Pacific Internet Pte Ltd,broadband,2025-Q2,2025,2,68.80483544809402,65.1113960695673,30.446646900425286,10.740254067411461,54.167647826086956,5.234500000000001,460,86,0.09091466077961298,True
2047,,Hoffmann - La Roche Ltd.,broadband,2025-Q2,2025,2,41.744177332697014,39.25784841660612,14.178669291701206,21.868160530897764,48.30561556064073,36.366,437,2,0.08636892774063233,True
35163,,Procter & Gamble Service GmbH,broadband,2025-Q2,2025,2,136.89841795040124,138.09615891320215,83.79453679123608,76.13300341094411,137.2668725490196,138.341,408,6,0.08063735130017848,True
56094,,ITENET:wq,broadband,2025-Q2,2025,2,202.43326493223404,142.6040118548557,84.8370079633961,88.49175787225374,33.23284102564102,5.0395,390,24,0.07707982109575882,True
136873,,MEGADATA-ISP,broadband,2025-Q2,2025,2,14.503894340506042,11.70294841899496,7.321702554625675,5.350271196403074,22.410946745562132,18.905,338,16,0.06680251161632432,True
38055,,ACE Insurance Singapore,broadband,2025-Q2,2025,2,31.328254359430236,25.873207781588714,16.473179431980537,3.4997125165660043,2.5243999999999995,1.154,315,4,0.06225677857734367,True
10024,,LGA International,broadband,2025-Q2,2025,2,146.07908103358895,110.74438166682425,90.83751513967957,59.303275481273594,9.823794117647061,3.0,306,48,0.06047801347513385,True
31713,,Gateway Communications,broadband,2025-Q2,2025,2,35.90898169182744,34.42380915920571,36.10535543705759,35.8552781165144,77.7120786885246,76.004,305,1,0.06028037290822165,True
10794,,"Bank of America, National Association",broadband,2025-Q2,2025,2,28.244790719454784,24.249422708721657,8.832229819631166,6.3414504099004505,76.77398263888887,33.058499999999995,288,1,0.056920483270714216,True
45700,,PT. NAP Info Lintas Nusa,broadband,2025-Q2,2025,2,54.041562272227026,6.882060369730283,39.85148756619172,6.852102518073917,22.45243055555556,20.3735,288,98,0.056920483270714216,True
44356,,Epsilon Telecommunications Ltd,broadband,2025-Q2,2025,2,15.62001119886251,5.277168214708217,8.736678762883706,0.1026214120575112,368.587350877193,296.158,286,4,0.05652520213688981,True
131475,,Singapore Institute of Technology,broadband,2025-Q2,2025,2,113.72480616050343,137.42521304175992,36.589739107826766,21.378480828706508,4.408968085106383,2.8515,283,57,0.055932280436153205,True
140443,,PT Herza Digital Indonesia,broadband,2025-Q2,2025,2,65.02376108575541,9.839045039125443,50.49084118130216,6.456421237456773,2.1982654545454547,0.611,275,10,0.05435115590085558,True
63526,,Systems Solutions & development Technologies Limited,broadband,2025-Q2,2025,2,8.256328139568685,6.224610582513291,7.878728444623496,4.458852747124317,92.6677890625,90.6805,256,20,0.05059598512952375,True
55487,,Globalfoundries Singapore Pte Ltd,broadband,2025-Q2,2025,2,71.22556299897516,56.60697755152158,11.863619000381991,3.3162346450745845,1.5098607594936708,1.523,237,2,0.04684081435819191,True
142594,,SpeedyPage Ltd,broadband,2025-Q2,2025,2,85.1880611722149,51.717494371273126,83.09365626101543,64.20036738366575,3.409153191489361,0.199,235,55,0.0464455332243675,True
15830,,Equinix (EMEA) Acquisition Enterprises B.V.,broadband,2025-Q2,2025,2,81.57986972461525,72.09349130797676,47.87580911767314,30.704827304678144,35.95250218340612,2.895,229,42,0.045259689822894286,True
51847,,Nearoute Limited,broadband,2025-Q2,2025,2,129.67048925989,31.04504417636262,100.68686506669056,28.624807221502756,9.532082969432315,0.819,229,22,0.045259689822894286,True
138539,,Jewel Changi Airport Trustee Pte. Ltd.,broadband,2025-Q2,2025,2,28.361021018421468,17.459216912275984,25.942356127797,12.125528309098009,5.1617336448598135,3.7765,214,52,0.04229508131921125,True
3300,,British Telecommunications Limited,broadband,2025-Q2,2025,2,46.60218902361547,38.28234589908091,27.636826469070893,10.1185284970344,74.7251330049261,53.811,203,6,0.040121035083177034,True
17617,,Nanyang Polytechnic,broadband,2025-Q2,2025,2,136.63610233823175,157.3721906511445,44.1970869428165,55.69116770451487,43.88557213930351,3.656,202,1,0.03992339451626483,True
134078,,NETPLUZ HOLDINGS PRIVATE LIMITED,broadband,2025-Q2,2025,2,98.24134948568597,71.09528462972997,50.98798653276768,42.41911840226627,17.53170918367347,3.596,196,100,0.038737551114791616,True
138345,,StarHub Ltd,broadband,2025-Q2,2025,2,17.797495006305127,5.94010539481051,9.69898022956891,3.838317289254909,35.513489795918375,17.2905,196,105,0.038737551114791616,True
9877,,Ngee Ann Polytechnic Computer Center,broadband,2025-Q2,2025,2,215.52676039973724,218.7957729264606,213.47490293164847,223.43003146255398,5.6587759562841535,4.307,183,37,0.03616822374493299,True
49362,,DSV A/S,broadband,2025-Q2,2025,2,7.063802857611023,9.09542134047175,5.345783367559488,9.980403663613462,140.69414204545456,160.5925,176,9,0.03478473977654758,True
17497,,Liasail Global Hongkong Limited,broadband,2025-Q2,2025,2,43.92373612086894,38.55622022011466,47.77703816743387,47.86942597142106,45.71624390243903,40.197,164,70,0.03241305297360115,True
401443,,WAP.AC LLC,broadband,2025-Q2,2025,2,95.39686273791355,10.857688441579953,67.0627673893092,2.640996899637488,57.28246913580246,66.9885,162,10,0.03201777183977675,True
401243,,Komi LLC,broadband,2025-Q2,2025,2,278.513281632847,27.36915936623021,228.82803201669844,23.287143714572487,32.35594904458598,31.0,157,30,0.031029569005215734,True
23767,,A-STAR,broadband,2025-Q2,2025,2,224.31977588698865,168.72759064769204,97.398470206025,92.90144262451143,18.30422666666667,3.784,150,54,0.02964608503683032,True
4637,,Telstra Global,broadband,2025-Q2,2025,2,26.515503305242976,19.26535539010877,15.488208449198149,5.8044111955299424,318.49007692307697,407.572,143,12,0.028262601068444904,True
141469,,Cargill Asia Pacific Holdings Pte Ltd,broadband,2025-Q2,2025,2,88.13599055716281,23.480021357497186,36.48101119933415,13.038087594440391,5.486321678321678,0.753,143,4,0.028262601068444904,True
38136,,Akari Networks,broadband,2025-Q2,2025,2,177.5958366103862,19.528199474495494,126.35296450322733,4.623919841954946,17.102936170212768,1.0,141,39,0.0278673199346205,True
3549,,"Level 3 Parent, LLC",broadband,2025-Q2,2025,2,69.01765981590583,54.69488726122645,56.29777415779045,42.53115254688475,161.76626277372262,202.875,137,13,0.027076757666971693,True
2912,,Citigroup Inc.,broadband,2025-Q2,2025,2,174.79434344570302,187.2793310286554,28.24594989945544,62.945815180068784,0.8109562043795621,0.258,137,2,0.027076757666971693,True
6364,,"Atlantic.net, Inc.",broadband,2025-Q2,2025,2,40.713690570909314,26.240526963179885,1.5883508677748317,4.085558104856258,289.02622137404575,243.427,131,42,0.02589091426549848,True
24482,,SG.GS,broadband,2025-Q2,2025,2,125.8881597933932,17.658481348498846,53.04381726858162,4.1424378436906455,1.6536904761904763,0.769,126,9,0.024902711430937467,True
400190,,Freeport-McMoRan Inc.,broadband,2025-Q2,2025,2,63.86032917433953,55.18831349334656,43.117610574427665,13.964781825396317,109.44452066115703,96.146,121,19,0.023914508596376456,True
135409,,Kacific Broadband Satellites Pte Ltd,broadband,2025-Q2,2025,2,6.591685106988604,1.637082832826007,5.450408716971565,1.4876884589439638,69.74615833333334,56.153999999999996,120,27,0.023716868029464256,True
5580,,GTT Communications Netherlands B.V.,broadband,2025-Q2,2025,2,27.243015966117568,21.282534023821732,13.54110545296051,5.76162465153713,179.52041739130436,158.827,115,9,0.022728665194903245,True
56043,,PEPSICO INTERNATIONAL PTE. LTD.,broadband,2025-Q2,2025,2,37.591018732095286,18.527029944297226,11.492695207295329,2.3375843632452264,25.070300884955756,1.905,113,4,0.02233338406107884,True
136261,,VERTIV (SINGAPORE) PTE. LTD.,broadband,2025-Q2,2025,2,80.65388688198875,42.36054209014387,50.77290243220238,13.02118368324828,118.17753571428571,112.303,112,10,0.022135743494166638,True
109,,"CISCO SYSTEMS, INC.",broadband,2025-Q2,2025,2,40.33189370420698,24.80166029820537,28.214182722106596,4.429915305763592,247.00164485981307,229.854,107,76,0.021147540659605626,True
28939,,ARM Ltd,broadband,2025-Q2,2025,2,150.83277573557638,132.49599722614067,106.9409006662231,127.17212734102472,149.2006320754717,162.5455,106,1,0.020949900092693426,True
10122,,NETSTAR (SG) PTE. LTD.,broadband,2025-Q2,2025,2,33.37259784901299,30.4409553694386,35.42278817554088,32.52506221855653,145.70858762886598,96.257,97,2,0.019171134990483608,False
4913,,"Speedcast Communications, Inc",broadband,2025-Q2,2025,2,1.0264151895311135,0.41237876935066076,0.9215546843820466,0.23024561167727076,269.4043917525773,259.138,97,16,0.019171134990483608,False
131195,,SIM Headquarters,broadband,2025-Q2,2025,2,111.98534338750456,131.0474400997758,42.31118230752759,123.93904640838906,46.6805052631579,55.832,95,14,0.018775853856659204,False
2906,,Netflix Streaming Services Inc.,broadband,2025-Q2,2025,2,33.56586131120655,27.60026597122004,26.24194450088453,4.103036102653604,219.01805494505496,238.978,91,33,0.017985291589010393,False
23728,,Republic Polytechnic. Multihoming AS Singapore,broadband,2025-Q2,2025,2,83.79095693308601,163.4301707061277,30.268957309256187,183.57181050590845,8.33030681818182,6.0395,88,7,0.01739236988827379,False
9664,,SOUTHEAST ASIA TELECOM(SG) PTE. LTD.,broadband,2025-Q2,2025,2,124.48441036122902,36.71974497240491,60.49602801112613,21.236691377712024,127.08765909090909,58.6395,88,27,0.01739236988827379,False
8851,,GCI Network Solutions Limited,broadband,2025-Q2,2025,2,285.10709072300494,18.905354562562785,88.62438803200791,13.154809184632654,9.496920454545455,0.245,88,18,0.01739236988827379,False
9255,,Singapore Telecom,broadband,2025-Q2,2025,2,68.36306570470934,73.09832784870645,24.421433064401032,46.76431443833306,27.506034482758622,4.891,87,16,0.017194729321361586,False
55919,,20 Dover Drive Singapore 138682,broadband,2025-Q2,2025,2,214.3113112848942,220.761805229657,189.90430160116114,193.9365306887137,16.034297619047617,4.131,84,4,0.016601807620624978,False
134677,,Dromatics Systems Pte Ltd,broadband,2025-Q2,2025,2,69.8705802634924,19.505698641489214,44.547548848504654,11.770338328968839,90.47104225352112,56.772,71,14,0.014032480250766352,False
19637,,Avago Technologies U.S. Inc.,broadband,2025-Q2,2025,2,149.10782731005057,177.59074979577042,50.15887843796165,58.102652322163664,25.133514285714284,5.6754999999999995,70,1,0.013834839683854148,False
714,,Apple Inc.,broadband,2025-Q2,2025,2,111.33273729249025,92.67136230062997,100.79785951272234,93.32764560170632,8.045328358208955,3.969,67,60,0.013241917983117543,False
24012,,Refinitiv Australia PTY Limited,broadband,2025-Q2,2025,2,59.00629339205752,52.98263647570091,62.73729786985675,41.523763956430216,143.28481538461537,135.737,65,10,0.012846636849293139,False
20868,,ABB Information Systems Ltd,broadband,2025-Q2,2025,2,35.70435756296576,34.30249274855945,26.13385524330239,21.33333653310807,250.443921875,246.0815,64,2,0.012648996282380937,False
6453,,TATA COMMUNICATIONS (AMERICA) INC,broadband,2025-Q2,2025,2,151.36173207993994,149.17285593757484,137.22024464416543,67.10952718935684,66.26816949152543,56.706,59,9,0.011660793447819926,False
400318,,"Versa Networks, Inc.",broadband,2025-Q2,2025,2,17.864440943573847,17.005712964809323,7.590200155053651,14.540742992267152,36.99762068965517,15.1875,58,4,0.011463152880907724,False
18723,,Seagate Technology LLC,broadband,2025-Q2,2025,2,51.45179191145433,57.66737257812637,48.92932627937508,49.19613227432225,189.92418965517243,158.99099999999999,58,2,0.011463152880907724,False
132280,,Symphony Communication (Thailand) PCL.,broadband,2025-Q2,2025,2,68.08392513758787,59.8478703312785,42.94260263455783,27.002013796375167,42.654333333333334,29.564,57,17,0.01126551231399552,False
13443,,LinkedIn Corporation,broadband,2025-Q2,2025,2,28.800110817013802,28.798605868107867,13.174866298766327,8.838974501343861,328.67445283018867,300.846,53,34,0.010474950046346713,False
41378,,Kirino LLC,broadband,2025-Q2,2025,2,129.00644937664546,15.395735120226364,107.50035575897192,2.7349969720750926,51.8442075471698,60.046,53,6,0.010474950046346713,False
19239,,KLA Corporation,broadband,2025-Q2,2025,2,574.095111155308,577.1814778339403,662.3007068944535,678.540299372551,2.1823137254901956,1.53,51,1,0.01007966891252231,False
17645,,ASN - NTT SINGAPORE PTE LTD,broadband,2025-Q2,2025,2,87.44133767266575,62.59852790199173,44.06576447735064,25.303311411895567,66.08793877551021,42.057,49,15,0.009684387778697904,False
138610,,SAP SE,broadband,2025-Q2,2025,2,30.941104807801025,8.859021174633806,26.614472533888684,4.381713804900942,122.80183333333332,110.61449999999999,48,23,0.009486747211785702,False
17733,,Office of Communications & IT,broadband,2025-Q2,2025,2,154.36558018381547,201.33399209990608,118.09719812159148,116.8467843443254,15.709434782608694,4.5575,46,10,0.009091466077961298,False
6307,,American Express Company,broadband,2025-Q2,2025,2,16.762625350363688,6.601320974267811,16.372425676194247,5.82209404711695,73.1588888888889,64.201,45,4,0.008893825511049096,False
33619,,"Advanced Micro Devices, Inc.",broadband,2025-Q2,2025,2,242.1467676444333,247.21656945704157,91.20285418348716,96.08012552023641,130.2658222222222,177.171,45,2,0.008893825511049096,False
3918,,Shell Information Technology International B.V.,broadband,2025-Q2,2025,2,90.06538261793331,66.32317241187354,40.43064405751248,26.96980918297437,79.75067441860465,71.639,43,2,0.008498544377224691,False
27399,,Balyasny Asset Management L.P.,broadband,2025-Q2,2025,2,43.98473304273585,22.184291428191415,23.39443263708465,12.873541009392348,132.7677441860465,211.364,43,1,0.008498544377224691,False
3257,,GTT Communications Inc.,broadband,2025-Q2,2025,2,8.835410922835452,6.594137794586712,3.143539310409783,0.09548533250371605,297.95176744186045,308.27,43,9,0.008498544377224691,False
209554,,ISIF OU,broadband,2025-Q2,2025,2,197.7120924607903,48.9159775783247,148.16167262829345,41.00646123552406,1.2060697674418606,1.073,43,4,0.008498544377224691,False
140693,,The Walt Disney Company (HK) Ltd,broadband,2025-Q2,2025,2,98.26096881769378,55.232606825758445,25.381704270641457,3.5366741321054556,71.22338095238098,56.8305,42,4,0.008300903810312489,False
16669,,Applied Materials,broadband,2025-Q2,2025,2,88.27332995425483,78.96792355425099,84.52850155561723,60.388132975775015,6.583619047619046,5.6205,42,1,0.008300903810312489,False
22612,,"Namecheap, Inc.",broadband,2025-Q2,2025,2,40.6978196084215,15.816256412796347,32.83626172067327,3.8232181915958883,235.61540476190476,239.6895,42,9,0.008300903810312489,False
205080,,Societe Internationale de Telecommunications Aeronautiques,broadband,2025-Q2,2025,2,21.423357516823955,7.926208874058799,4.756241412611015,6.297911784935106,96.2795476190476,95.14150000000001,42,26,0.008300903810312489,False
21509,,"Apollo Management, L.P.",broadband,2025-Q2,2025,2,28.661274129949227,5.81172067581261,10.237050525331316,1.532649700164692,204.30726829268292,225.97,41,2,0.008103263243400287,False
6279,,PCCW Global (HK) Ltd.,broadband,2025-Q2,2025,2,13.539471280186348,4.455690909639392,11.277460318098385,1.5968983802178662,433.34017073170725,470.739,41,3,0.008103263243400287,False
211407,,AS Perwira Media,broadband,2025-Q2,2025,2,9.972275969675525,5.30071324040101,6.9446650816986555,2.00396138217378,50.854675,45.453,40,10,0.007905622676488085,False
139028,,Singapore Technologies Engineering Ltd,broadband,2025-Q2,2025,2,57.82361510005219,53.684428014122574,58.020521533464795,52.8736128603912,2.9522750000000006,1.4705,40,3,0.007905622676488085,False
45133,,Singapore Polytechnic,broadband,2025-Q2,2025,2,307.9466514264831,145.56417226198974,109.34990764337299,95.66956207889888,41.02094871794871,3.168,39,5,0.0077079821095758835,False
136744,,DREAM POWER TECHNOLOGY LIMITED,broadband,2025-Q2,2025,2,24.36789780500908,245.2030972172978,28.106341941069886,276.583470330474,46.229435897435906,40.428,39,4,0.0077079821095758835,False
13014,,Hewlett Packard France S.A.S.,broadband,2025-Q2,2025,2,11.06019591042957,10.57248665804885,6.229224768488542,2.3403866515423424,323.7683333333333,354.342,39,15,0.0077079821095758835,False
3356,,"Level 3 Parent, LLC",broadband,2025-Q2,2025,2,291.2220235933655,545.3723022674983,48.146142538496235,9.015580516250695,75.06436842105263,2.9345,38,12,0.007510341542663681,False
25917,,ROCKWELL AUTOMATION Inc.,broadband,2025-Q2,2025,2,93.31064951333352,46.43088844790183,82.77021129282583,10.143986360723277,118.34486486486485,120.084,37,7,0.007312700975751479,False
40339,,Jump Trading LLC,broadband,2025-Q2,2025,2,37.48425359858393,50.33658023434855,9.596516984431481,13.264896785281529,1.1051081081081078,0.747,37,2,0.007312700975751479,False
38862,,TullettPrebon Singapore multihoming ISP connection AS,broadband,2025-Q2,2025,2,195.5067658436362,195.4341128834021,31.16660725626206,50.72143834425714,1.116189189189189,0.843,37,2,0.007312700975751479,False
133600,,ESSEC,broadband,2025-Q2,2025,2,126.94855948681106,30.123052320565282,93.49444311472043,25.57027653171682,16.156121212121214,5.189,33,4,0.0065221387081026705,False
139883,,SPTEL PTE. LTD.,broadband,2025-Q2,2025,2,116.16901653096417,121.46779823119958,89.73494105052518,100.77138645221198,4.510909090909092,4.329,33,5,0.0065221387081026705,False
137220,,"Texas Instruments, Inc",broadband,2025-Q2,2025,2,13.740055248846073,12.406662646051595,6.959987913219198,3.338238355771521,207.4950606060606,235.215,33,5,0.0065221387081026705,False
7246,,Bristol-Myers Squibb Company,broadband,2025-Q2,2025,2,38.85862650058907,39.722285016025,13.309361730565499,4.801526751638511,81.94821875000001,34.7385,32,2,0.006324498141190469,False
2687,,"AT&T Enterprises, LLC",broadband,2025-Q2,2025,2,43.381445887130766,40.42008128475342,15.06227628887356,10.552209928508372,91.80078125,70.3175,32,5,0.006324498141190469,False
23766,,"Electronic Arts, Singapore",broadband,2025-Q2,2025,2,32.61078440654314,18.23828508212792,13.332440612695288,0.7274197812887874,177.06346875,99.531,32,1,0.006324498141190469,False
137904,,Black & Veatch (SEA) PTE LTD,broadband,2025-Q2,2025,2,21.494521139764185,9.12073967028161,23.18125372930153,6.057833219663905,83.35754838709677,59.546,31,2,0.006126857574278266,False
63440,,TELNYX LLC,broadband,2025-Q2,2025,2,6.40116512252969,3.1217032538958245,4.094505418177893,2.728269088813172,520.2787,569.5295,30,2,0.005929217007366064,False
137991,,Lifeway Singapore Pte. Ltd.,broadband,2025-Q2,2025,2,34.63290167881393,35.23030109139649,5.8959651712798316,1.9035384748434996,59.00736666666667,7.2844999999999995,30,7,0.005929217007366064,False
61292,,Blix Group AS,broadband,2025-Q2,2025,2,47.29516138734089,18.82293395809931,41.11383232160813,10.762896193567824,137.90386666666666,79.229,30,2,0.005929217007366064,False
3911,,"Micron Technology, Inc.",broadband,2025-Q2,2025,2,102.73609570057454,117.10198114430459,125.15450446491202,125.96299331437527,22.573448275862074,4.376,29,5,0.005731576440453862,False
38166,,Standard Chartered Bank (Hong Kong) Limited.Banking and,broadband,2025-Q2,2025,2,56.290695423844966,36.84165481922154,28.75677733853176,21.525173233170726,20.95689655172414,7.194,29,3,0.005731576440453862,False
36007,,"Kamatera, Inc.",broadband,2025-Q2,2025,2,287.1188672064869,106.20157320311179,140.78349509850028,4.689392232939381,29.638206896551722,32.92,29,6,0.005731576440453862,False
134457,,BMC Software Asia Pacific Pte Ltd,broadband,2025-Q2,2025,2,19.460622086112522,10.328811444075798,20.3444318689861,4.861787254197713,86.59717241379312,57.906,29,1,0.005731576440453862,False
61112,,AkileCloud Network,broadband,2025-Q2,2025,2,87.98786823597757,18.588391837869224,89.03382129506667,2.6751456152615134,65.73506896551724,67.352,29,5,0.005731576440453862,False
56197,,KDDI ASIA PACIFIC PTE. LTD.,broadband,2025-Q2,2025,2,96.5277085556513,113.12754478913989,27.57757475342434,17.45954186076952,9.972379310344827,3.579,29,9,0.005731576440453862,False
1299,,Arelion Sweden AB,broadband,2025-Q2,2025,2,6.31601706304574,6.532473810165338,7.076901202371225,6.182478562865246,42.42221428571429,40.8595,28,5,0.005533935873541659,False
19773,,"Motorola, Inc.",broadband,2025-Q2,2025,2,46.1954152355646,33.23714784212067,48.65832249030733,20.347426661948013,212.4031111111111,240.926,27,17,0.0053362953066294575,False
35923,,KENVUE BRANDS LLC,broadband,2025-Q2,2025,2,46.20018682312837,38.812080265507944,46.7921075195364,33.08413622350462,224.4937692307693,249.191,26,1,0.005138654739717256,False
138199,,Transatel,broadband,2025-Q2,2025,2,33.410257846702784,7.418789654941284,20.38178683470924,1.1419065734111338,57.67115384615385,74.41550000000001,26,2,0.005138654739717256,False
24467,,Deutsche Bank APAC RHO in Singapore Internet AS,broadband,2025-Q2,2025,2,400.08809834889576,231.98396785329086,337.1525686430249,260.0349160996687,7.66248,1.978,25,6,0.004941014172805053,False
23703,,"RigNet, Communication to remote locations in Asia/Pacific.",broadband,2025-Q2,2025,2,7.393187814552407,3.8393893726727657,1.0399977767273298,0.9858445756180474,325.49856,80.68,25,10,0.004941014172805053,False
24331,,eBay Inc ASIA ASN eCommerce San Jose,broadband,2025-Q2,2025,2,19.80626244538822,10.10956169755591,18.40420852099788,3.5630799590649467,240.95584,169.459,25,1,0.004941014172805053,False
149485,,MonoCloud Pty Ltd,broadband,2025-Q2,2025,2,57.3216232697763,56.22840166259772,48.242142518102,51.555433607024234,83.15858333333334,76.3,24,9,0.004743373605892851,False
25888,,HP Inc.,broadband,2025-Q2,2025,2,227.60371941783694,158.82361081944654,67.2420464838232,121.91798706616814,30.537791666666667,6.4864999999999995,24,6,0.004743373605892851,False
56039,,SPH Media Limited,broadband,2025-Q2,2025,2,379.91252636069,511.02606262558476,202.64085715765458,296.4486641807006,3.223875,3.2005,24,5,0.004743373605892851,False
132850,,TS Global Network Sdn. Bhd.,broadband,2025-Q2,2025,2,0.9716630715784625,1.0106623067554017,0.978483615417825,0.8878382528956459,586.1279565217391,569.934,23,3,0.004545733038980649,False
203554,,Louis Vuitton Malletier SA,broadband,2025-Q2,2025,2,24.242561771868342,13.949212328281325,15.462262035721093,6.445602223720195,86.26878260869566,76.768,23,10,0.004545733038980649,False
4058,,CITIC Telecom International CPC Limited,broadband,2025-Q2,2025,2,94.4715524923187,81.31335996090843,38.74323481274849,30.209040087617172,43.07878260869565,41.966,23,6,0.004545733038980649,False
29990,,Xandr Inc.,broadband,2025-Q2,2025,2,38.65928923097068,36.113526707432705,43.359844032444194,11.891519599137993,163.4575909090909,84.0375,22,5,0.004348092472068447,False
15695,,Expereo International BV,broadband,2025-Q2,2025,2,105.65483885950295,113.0667663265756,80.08581486787989,71.15251450531012,40.97540909090908,6.0515,22,13,0.004348092472068447,False
133125,,PG Lion ReSources Aust Pty Ltd,broadband,2025-Q2,2025,2,162.91039576750018,124.5372213567613,163.57982530232866,142.9195979422113,121.69854545454542,124.339,22,4,0.004348092472068447,False
16731,,Royal Bank of Canada,broadband,2025-Q2,2025,2,11.237068390991263,11.223372697974323,5.0232496683619,0.5883772840795165,256.0636666666667,293.448,21,2,0.0041504519051562445,False
132337,,Axclusive,broadband,2025-Q2,2025,2,116.8683834102917,77.20790696039288,77.16400864559118,66.76557591504336,6.224285714285715,6.187,21,2,0.0041504519051562445,False
64003,,8 Anthony Road,broadband,2025-Q2,2025,2,29.4971261423942,21.799502402696405,33.9239646893355,25.34486901598848,5.0547619047619055,3.0,21,3,0.0041504519051562445,False
5091,,"Stripe, Inc.",broadband,2025-Q2,2025,2,127.85494159876096,63.5431003622737,101.84995013584458,48.928581953481874,147.85745000000003,169.945,20,4,0.003952811338244043,False
54092,,"DRW Holdings, LLC",broadband,2025-Q2,2025,2,80.8734534124578,64.8412549366211,51.10900960305757,3.4633980083810516,60.000149999999984,43.497,20,1,0.003952811338244043,False
32135,,SAKURA LTD.,broadband,2025-Q2,2025,2,107.9771110198229,18.829925250765257,37.65188924733129,2.761655707660512,1.1040526315789472,1.067,19,3,0.0037551707713318404,False
141364,,Bayer (South East Asia) Pte Ltd,broadband,2025-Q2,2025,2,40.55417323004067,53.95738100734208,34.55157308867709,36.22634325133881,5.597722222222222,4.0085,18,1,0.0035575302044196385,False
132242,,Hogarth Worldwide Pte,broadband,2025-Q2,2025,2,262.8562405065375,221.74961813530254,45.47844636641978,16.523141768160826,21.734166666666663,2.736,18,3,0.0035575302044196385,False
45530,,Agoda Company Pte. Ltd.,broadband,2025-Q2,2025,2,254.63022396964683,205.58545477133657,57.0226302076086,52.228230993327145,194.93605555555555,304.95000000000005,18,1,0.0035575302044196385,False
56173,,internet content provider,broadband,2025-Q2,2025,2,26.157702951125856,16.870888324586147,18.848086274500922,14.541102716816807,129.56305882352942,122.0,17,9,0.003359889637507436,False
13431,,"Millennium Partners, L.P.",broadband,2025-Q2,2025,2,168.39378825926477,178.27440893259902,167.82966907308483,177.260190675673,1.2888823529411764,1.0,17,1,0.003359889637507436,False
151338,,POLONETWORK LIMITED,broadband,2025-Q2,2025,2,109.46433932673253,51.33412999943595,63.59097228948997,52.49713289121784,23.176562499999996,30.8035,16,4,0.0031622490705952343,False
398704,,STACKS INC,broadband,2025-Q2,2025,2,305.23674130566263,24.251357689116546,77.19390959250424,17.76161290306782,77.159,82.8465,16,9,0.0031622490705952343,False
64086,,Australia and New Zealand Banking Group Limited (ANZ),broadband,2025-Q2,2025,2,76.60852797572453,70.51959583417688,87.98892157481502,57.489237425981585,72.83253333333332,80.1,15,6,0.002964608503683032,False
9304,,HGC Global Communications Limited,broadband,2025-Q2,2025,2,89.04360777631697,11.920865925204197,93.36752139145266,11.176489317617092,192.51980000000003,202.729,15,2,0.002964608503683032,False
152475,,IENS TECHNOLOGY PTE. LTD,broadband,2025-Q2,2025,2,4.203771034282999,35.985477471330086,0.9820911387505735,8.16994339833199,113.49707142857142,111.047,14,2,0.0027669679367708297,False
59326,,DSO National Laboratories,broadband,2025-Q2,2025,2,220.18950084947554,229.31122032592737,288.4878656523369,271.4396074656263,1.4255,1.3535,14,5,0.0027669679367708297,False
135607,Infinivan,Infinivan Incorporated,broadband,2025-Q2,2025,2,127.349415034216,128.33944983423805,89.78883558994414,108.33699749450376,39.05585714285714,40.053,14,2,0.0027669679367708297,False
214483,,FiberPower LLC,broadband,2025-Q2,2025,2,70.09346271075839,11.46434446545682,58.69188053567226,13.113740444402007,14.456153846153846,1.318,13,6,0.002569327369858628,False
2914,,"NTT America, Inc.",broadband,2025-Q2,2025,2,77.12678882642268,106.51412490262945,15.729033046319001,4.084499411356887,209.3326923076923,210.086,13,5,0.002569327369858628,False
11158,,"NTT America, Inc.",broadband,2025-Q2,2025,2,56.268081550503425,9.76871217593327,63.9497320156729,10.402738955686946,60.554923076923075,62.03,13,5,0.002569327369858628,False
7473,,Singapore Telecommunications Ltd,broadband,2025-Q2,2025,2,356.2239147622426,694.9944400779643,65.96606901095063,284.16053825254306,107.59661538461539,69.351,13,2,0.002569327369858628,False
7700,,SINGAPORE TELECOMMUNICATIONS LTD,broadband,2025-Q2,2025,2,15.684739166312855,8.942622626287518,3.386836149699671,0.35943358300708067,321.34630769230773,172.512,13,5,0.002569327369858628,False
140610,,Bayer (South East Asia) Pte Ltd,broadband,2025-Q2,2025,2,26.255823631499098,7.413830988135546,29.761591441318576,0.809698527866309,38.81384615384616,36.835,13,1,0.002569327369858628,False
138699,,TIKTOK PTE. LTD.,broadband,2025-Q2,2025,2,38.5472717766121,8.791372721028432,38.28065602124471,3.805884076434395,148.69676923076923,129.687,13,10,0.002569327369858628,False
56308,,"TELEKOMUNIKASI INDONESIA INTERNATIONAL, PTE.LTD",broadband,2025-Q2,2025,2,94.66370904475617,24.319703343653657,55.3779882732588,11.480536740157621,24.77558333333333,12.559,12,9,0.0023716868029464255,False
34414,,Nokia APAC,broadband,2025-Q2,2025,2,31.59518063033578,13.987245009909755,18.869414732449442,7.525616256548964,66.14258333333335,7.585999999999999,12,2,0.0023716868029464255,False
394161,,"Tesla Motors, Inc.",broadband,2025-Q2,2025,2,20.656473931744255,12.480397030486568,22.17900787865684,5.528419735665341,295.38475,259.868,12,4,0.0023716868029464255,False
57695,,"Misaka Network, Inc.",broadband,2025-Q2,2025,2,243.1378875162784,3.473668202679573,264.7276642174006,0.1273938904244383,0.33866666666666667,0.2075,12,3,0.0023716868029464255,False
30613,,Chicago Mercantile Exchange,broadband,2025-Q2,2025,2,75.81476663347752,109.01383360025915,69.82323024491225,109.01383360025915,74.31466666666667,74.03450000000001,12,1,0.0023716868029464255,False
137003,,INSEAD,broadband,2025-Q2,2025,2,214.59827087485084,107.94126450420339,137.85548445669184,93.19776257123712,9.157166666666667,4.7125,12,2,0.0023716868029464255,False
3573,,Accenture LLP,broadband,2025-Q2,2025,2,119.62212970310965,93.46038959500383,133.70355827101574,94.75907005758059,105.40154545454544,4.621,11,10,0.0021740462360342236,False
60486,,Swiss Networking Solutions AG,broadband,2025-Q2,2025,2,12.843979044621925,2.445237925841889,9.951868864447,1.994149388389694,394.1366363636364,327.251,11,9,0.0021740462360342236,False
56172,,Agora Communications Pte Ltd,broadband,2025-Q2,2025,2,55.06948579178008,44.72118142226458,49.61770861477855,29.57878071513462,19.046181818181818,3.551,11,2,0.0021740462360342236,False
8444,,JANUS HENDERSON ADMINISTRATION UK LIMITED,broadband,2025-Q2,2025,2,96.5113391401202,46.96481714220161,13.143075286197568,22.054125813125964,1.0698181818181818,0.789,11,1,0.0021740462360342236,False
38891,,Measat Satellite Systems Sdn. Bhd.,broadband,2025-Q2,2025,2,0.9553049897750562,0.5143347880660076,0.7954021614209358,0.3944333776549337,24.5703,6.8975,10,2,0.0019764056691220213,False
131217,,8 Kallang Sector,broadband,2025-Q2,2025,2,95.96212168937981,80.99991864190486,110.67380272276162,82.24663518056097,1.8656,1.7235,10,2,0.0019764056691220213,False
3738,,State Street Bank and Trust Company,broadband,2025-Q2,2025,2,33.237590705396386,1.5164444406557678,30.66730216128197,1.277154346813482,172.952,169.769,9,1,0.0017787651022098192,False
7054,,"Merck and Co., Inc.",broadband,2025-Q2,2025,2,36.49437256056018,17.49139672056849,42.77431523796944,0.9291493994548399,232.11399999999998,327.084,9,3,0.0017787651022098192,False
400618,,Prime Security Corp.,broadband,2025-Q2,2025,2,117.15936553572364,62.46441563310047,44.73825493020491,64.04010178039698,130.58000000000004,227.685,9,2,0.0017787651022098192,False
32884,,"DV TRADING, LLC",broadband,2025-Q2,2025,2,27.696744338412284,11.36449087990969,28.04385433341611,0.15351658711880334,312.5518888888889,310.87,9,1,0.0017787651022098192,False
135525,,"Exoduspoint Capital Management Singapore, Pte. Ltd.",broadband,2025-Q2,2025,2,223.96426788073234,229.12504116037871,43.83265700417397,41.63222936822618,264.0,339.021,9,1,0.0017787651022098192,False
997,,Beyotta Services LLP,broadband,2025-Q2,2025,2,16.4097672725333,17.925939527242463,9.64502938869886,10.529532180817661,226.14974999999998,276.8435,8,3,0.0015811245352976172,False
18725,,PVH Corp.,broadband,2025-Q2,2025,2,18.549655866496114,9.983357873884904,14.584015243589384,7.309074660127964,218.93825,221.05,8,1,0.0015811245352976172,False
208187,,TeamViewer Germany GmbH,broadband,2025-Q2,2025,2,13.746190870615356,13.627677143663206,4.971504285796444,7.9803747287765585,293.200875,303.5665,8,1,0.0015811245352976172,False
13167,,Merck KGaA,broadband,2025-Q2,2025,2,7.449114243308529,5.967201949327084,7.616207970897298,6.76404776126172,173.554375,159.756,8,1,0.0015811245352976172,False
58580,,Fastrack Technology,broadband,2025-Q2,2025,2,245.92594104148753,104.47219076476351,254.4872707007237,44.24988406465168,79.65,86.4225,8,6,0.0015811245352976172,False
139628,,"Mega Truenet Communication Co., Ltd.",broadband,2025-Q2,2025,2,10.699357417491653,9.22136930023913,4.354774525950574,6.10056321040623,44.31471428571429,41.298,7,3,0.0013834839683854148,False
137535,,JT TELECOM INTERNATIONAL PTE.LTD.,broadband,2025-Q2,2025,2,1.9430441061514705,1.1289986726333276,1.7476267640301937,0.3155400816165911,240.0254285714286,209.756,7,4,0.0013834839683854148,False
136736,,NEOLINK TECHNOLOGY PTE. LTD.,broadband,2025-Q2,2025,2,11.33779520048635,5.11880741128562,12.97328313849133,5.209296409372729,97.81471428571429,60.0,7,2,0.0013834839683854148,False
16875,,AON Corporation,broadband,2025-Q2,2025,2,18.130011457676687,21.82951297602055,16.882343822747245,25.69716636366859,177.65042857142856,175.612,7,2,0.0013834839683854148,False
18186,,Nebula Global LLC,broadband,2025-Q2,2025,2,9.259366308548312,5.679077267931015,10.528180910462261,5.348776842976097,113.84714285714287,38.138,7,3,0.0013834839683854148,False
10100,,UBS Group AG,broadband,2025-Q2,2025,2,240.68015631059143,259.14636202867246,230.79739311305266,266.7968626776046,71.364,80.907,7,2,0.0013834839683854148,False
60142,,NXP Semiconductors Netherlands B.V.,broadband,2025-Q2,2025,2,8.403003073709376,12.879190722415052,7.567926354137615,13.62354384703819,350.3225714285714,315.931,7,3,0.0013834839683854148,False
133541,,SIPPE-SG,broadband,2025-Q2,2025,2,4.687814285038599,13.917934347566856,0.5347618390077665,7.922804322388558,14.887714285714285,2.0,7,2,0.0013834839683854148,False
22764,,"Fluor Enterprises, Inc.",broadband,2025-Q2,2025,2,27.982166325457502,4.244064618301462,3.788919940818675,1.6092560872812793,170.56200000000004,127.0,7,2,0.0013834839683854148,False
29286,,SKYLOGIC S.P.A.,broadband,2025-Q2,2025,2,1.4365166202776232,0.05328991160568553,0.7413594347168788,0.05328991160568553,123.25783333333334,122.1675,6,2,0.0011858434014732128,False
29457,,Options Technology Ltd,broadband,2025-Q2,2025,2,319.4572883577187,282.0735977200978,83.79330027231771,109.15584531681694,117.5415,175.0,6,1,0.0011858434014732128,False
10074,,iBasis Singapore ICO,broadband,2025-Q2,2025,2,47.622834800442796,33.574206966626136,64.17452808470759,41.83390985523639,199.8995,199.863,6,2,0.0011858434014732128,False
133136,,MyRepublic Ltd.,broadband,2025-Q2,2025,2,73.53032600939737,51.040988308236045,66.0477495399304,56.757452597496425,5.548666666666667,3.0004999999999997,6,2,0.0011858434014732128,False
400940,,Railway,broadband,2025-Q2,2025,2,26.153463810272502,13.184378006538147,17.52604581141847,13.184378006538147,0.45766666666666667,0.4875,6,3,0.0011858434014732128,False
150171,,DIGISIGMA PTE. LTD.,broadband,2025-Q2,2025,2,126.43288785542184,120.56340815241369,152.0487015466011,141.7266054483301,98.78283333333333,63.729,6,2,0.0011858434014732128,False
203156,,Relayify LLC,broadband,2025-Q2,2025,2,163.1016050596091,31.297758210357983,120.33877646371243,34.88296292486516,91.16200000000002,90.1945,6,4,0.0011858434014732128,False
136537,,SQUAREPOINT OPERATIONS PRIVATE LIMITED,broadband,2025-Q2,2025,2,1480.5932778574406,717.9073681410007,1522.5386923470037,771.8148263863725,0.7433333333333333,0.6415,6,1,0.0011858434014732128,False
63981,,NTDKL,broadband,2025-Q2,2025,2,14.024130331753673,15.352484326074574,11.953162542076477,8.988467341064968,76.36883333333333,70.725,6,5,0.0011858434014732128,False
14593,Starlink,Space Exploration Technologies Corporation,broadband,2025-Q2,2025,2,43.07403216998369,6.11248838056158,24.62509914170495,4.851843595263776,42.67350000000001,34.388000000000005,6,3,0.0011858434014732128,False
141760,,Mercedes-Benz Singapore Pte. Ltd.,broadband,2025-Q2,2025,2,121.45153812027452,130.69322199188335,120.14273964439636,112.56078944720367,142.3083333333333,141.711,6,2,0.0011858434014732128,False
10236,,AXA Technology Services Asia (HK) Limited,broadband,2025-Q2,2025,2,12.13987602528717,14.457715049876251,14.241972495699297,20.960137391684,162.60859999999997,75.87,5,2,0.0009882028345610107,False
18402,,NATIONAL LIBRARY BOARD,broadband,2025-Q2,2025,2,61.5477582212657,53.97605401357636,49.192261934164485,58.04586180859524,2.2206,2.0,5,1,0.0009882028345610107,False
16931,,"Global Payments, Inc.",broadband,2025-Q2,2025,2,89.59915746951404,80.94025039427757,95.48291678154078,79.063223953567,205.66199999999998,198.408,5,1,0.0009882028345610107,False
216444,,UAB Cherry Servers,broadband,2025-Q2,2025,2,1.0244084241872293,6.730795973010068,1.1581253738743114,6.730795973010068,271.55719999999997,271.736,5,2,0.0009882028345610107,False
11746,,"Waggener Edstrom Worldwide, Inc.",broadband,2025-Q2,2025,2,137.05041323705078,213.74025467868972,167.87871727906006,145.40688286659145,103.87640000000002,38.065,5,3,0.0009882028345610107,False
136552,,Pacific Comnet (M) Sdn. Bhd.,broadband,2025-Q2,2025,2,53.85399038799373,46.84346710776566,49.50292832776342,46.84346710776566,7.388599999999999,7.229,5,2,0.0009882028345610107,False
54201,,We Link Networks LLC,broadband,2025-Q2,2025,2,44.85550333963548,17.233833185611758,46.50610423628483,17.233833185611758,83.4064,2.794,5,4,0.0009882028345610107,False
38321,,DOCOMO interTouch - Headquarter,broadband,2025-Q2,2025,2,57.449982587870835,9.828110070856777,55.67785396305012,0.10272364886684997,3.3609999999999998,3.356,4,1,0.0007905622676488086,False
137182,,BLUE WIRELESS PTE LTD,broadband,2025-Q2,2025,2,12.862139415778067,3.6834709434347763,13.165861912882592,4.209123461609845,84.57275,51.2265,4,2,0.0007905622676488086,False
150436,,Byteplus Pte. Ltd.,broadband,2025-Q2,2025,2,32.90605120310816,7.965754313025526,18.637530426342956,7.965754313025526,1.75,2.0,4,3,0.0007905622676488086,False
6461,,Zayo Bandwidth,broadband,2025-Q2,2025,2,354.0888623429456,410.4173140128373,240.8452562488909,321.22373270781196,28.223999999999997,5.793,4,2,0.0007905622676488086,False
136448,,AIA Shared Services (Hong Kong) Ltd,broadband,2025-Q2,2025,2,28.007998724579636,32.1583942532346,18.433941877904026,32.1583942532346,72.87049999999999,38.4895,4,2,0.0007905622676488086,False
153325,,Next Era Pte. Ltd.,broadband,2025-Q2,2025,2,1176.1871124780519,580.5825044333869,1171.3671819176216,562.6757487455076,21.024,20.7825,4,2,0.0007905622676488086,False
17978,,SERVCORP AUSTRALIAN HOLDINGS LTD,broadband,2025-Q2,2025,2,113.1787928586287,150.35876969020248,106.61929644989729,127.9642418181249,15.793,15.838000000000001,4,3,0.0007905622676488086,False
44493,,Chelyabinsk-Signal LLC,broadband,2025-Q2,2025,2,4.424256949333763,2.1430754801557126,4.2937311148143396,2.6057965379809316,176.9905,173.19400000000002,4,1,0.0007905622676488086,False
45597,,POINT72 ASIA,broadband,2025-Q2,2025,2,48.086504702351085,40.40172016946097,44.681599799662024,40.40172016946097,0.796,0.3005,4,1,0.0007905622676488086,False
54187,,EZE Castle Integration Inc.,broadband,2025-Q2,2025,2,67.54933154141801,43.21931863978724,83.24134575423126,42.88960225322396,78.22025000000001,22.87,4,2,0.0007905622676488086,False
17350,,Moody's Corp.,broadband,2025-Q2,2025,2,48.29852833649141,17.068411871513952,20.108521930779993,12.455242556525924,113.68025,109.319,4,2,0.0007905622676488086,False
138995,,Antbox Networks Limited,broadband,2025-Q2,2025,2,19.930340613175296,18.61275218640137,15.675384258046801,16.567015017337276,271.14625,326.2045,4,2,0.0007905622676488086,False
17390,,IBM,broadband,2025-Q2,2025,2,84.31384732004437,128.5674156996408,81.45840475729233,143.2257637689976,73.47800000000001,73.437,4,4,0.0007905622676488086,False
134739,,"AGB Communication Co., Ltd",broadband,2025-Q2,2025,2,49.93737630939134,49.53751316998947,52.56857813169691,49.53751316998947,66.69475,59.326499999999996,4,1,0.0007905622676488086,False
31747,,"BlackRock Financial Management, Inc.",broadband,2025-Q2,2025,2,11.476413656113953,7.558611166451823,13.65614513031781,0.08854641888542839,231.85975,233.002,4,4,0.0007905622676488086,False
17003,,Zoetis Inc.,broadband,2025-Q2,2025,2,8.829629741296268,5.30061707436946,4.5666476671606535,5.30061707436946,411.049,487.46,3,1,0.0005929217007366064,False
208185,,Net Gate Telecom S.R.L.,broadband,2025-Q2,2025,2,74.68812411839399,32.776145045597964,77.9434688238161,41.45780033249453,0.32833333333333337,0.334,3,2,0.0005929217007366064,False
206216,,Advin Services LLC,broadband,2025-Q2,2025,2,79.39573549366527,25.125083049827285,79.04950534650543,19.697954280866334,228.05466666666666,229.891,3,3,0.0005929217007366064,False
400514,,ESpace Networks,broadband,2025-Q2,2025,2,8.062088100336366,1.7822735156405396,10.225098339675297,1.7822735156405396,81.632,82.428,3,1,0.0005929217007366064,False
138341,,SHOPEE SINGAPORE PRIVATE LIMITED,broadband,2025-Q2,2025,2,20.63840052393052,6.4481058646615885,18.800972340687217,6.353873734642145,419.3956666666666,272.73,3,1,0.0005929217007366064,False
134839,,PropertyGuru Pte Ltd,broadband,2025-Q2,2025,2,57.622748435096526,68.76299001017365,63.25324296285217,98.813407538553,205.1016666666667,199.32,3,2,0.0005929217007366064,False
134407,,MediaCorp Pte Ltd,broadband,2025-Q2,2025,2,518.4968458536132,868.583096485086,650.3000425972635,868.583096485086,2.837666666666667,2.59,3,2,0.0005929217007366064,False
154177,,LIGHT NODE LIMITED,broadband,2025-Q2,2025,2,79.25176301522085,31.24128901156971,78.92622207573984,11.365638482844998,24.162333333333333,18.141,3,3,0.0005929217007366064,False
9299,PLDT,Philippine Long Distance Telephone Company,broadband,2025-Q2,2025,2,133.7858407556818,151.4264573379596,129.01383871887515,127.80894277277015,100.94733333333333,50.917,3,3,0.0005929217007366064,False
200017,,Elisteka UAB,broadband,2025-Q2,2025,2,78.06885459023162,26.31378139297595,73.40328829506755,26.31378139297595,190.86766666666665,183.796,3,2,0.0005929217007366064,False
204761,,Prysmian S.p.A.,broadband,2025-Q2,2025,2,1.7660337128502726,1.20003442909219,1.4302244842348644,1.201650342341337,185.87066666666666,173.104,3,1,0.0005929217007366064,False
63916,,IPTELECOM Global,broadband,2025-Q2,2025,2,9.656102547763632,2.885674543957272,2.5144553248748798,2.885674543957272,59.654666666666664,69.881,3,2,0.0005929217007366064,False
984,,OCTOPUS WEB SOLUTION INC,broadband,2025-Q2,2025,2,7.155489521739708,,5.7979413708545655,,0.6769999999999999,0.792,3,3,0.0005929217007366064,False
139636,,WORKDAY AUSTRALIA PTY LTD,broadband,2025-Q2,2025,2,106.62588148126723,98.85946926856275,99.75423180966554,58.73685271493009,132.595,131.041,3,2,0.0005929217007366064,False
23764,,CTGNet,broadband,2025-Q2,2025,2,32.41301839708077,0.4593647292881853,3.622473246800294,0.4593647292881853,14.113999999999999,4.339,3,1,0.0005929217007366064,False
135066,,Schroders Investment Management (Singapore) Limited,broadband,2025-Q2,2025,2,67.39097863547632,50.591292238125774,66.14049423140692,50.669508269555614,1.3756666666666666,1.229,3,1,0.0005929217007366064,False
135391,,AOFEI DATA INTERNATIONAL COMPANY LIMITED,broadband,2025-Q2,2025,2,2.2704850740539637,15.403479583655114,0.7940637483702536,8.05532310595072,99.31733333333334,90.024,3,2,0.0005929217007366064,False
137567,,Campana Group Pte. Ltd.,broadband,2025-Q2,2025,2,36.753896187166085,47.98363951239483,40.530446563464125,47.98363951239483,58.72866666666667,57.821,3,1,0.0005929217007366064,False
214143,,SKYDIGITAL TELECOM LTD,broadband,2025-Q2,2025,2,62.147335021685244,0.04029508106727533,65.89084761414853,0.04271747776339583,174.92233333333334,174.943,3,1,0.0005929217007366064,False
45652,,VPLS ASIA,broadband,2025-Q2,2025,2,67.95034801124261,19.379949642877506,9.510289067916512,19.379949642877506,86.38366666666667,2.6,3,3,0.0005929217007366064,False
151326,,DCConnect Communication Pte. Ltd.,broadband,2025-Q2,2025,2,73.07492485835685,2.009137153098529,68.90830279743969,2.009137153098529,194.287,202.113,3,1,0.0005929217007366064,False
206720,,AIRBUS SAS,broadband,2025-Q2,2025,2,33.85378443328443,,33.85378443328443,,10.5525,10.5525,2,1,0.0003952811338244043,False
43180,,Trunk Networks LTD,broadband,2025-Q2,2025,2,3.3398346397004177,5.0032245074719395,3.3398346397004177,5.0032245074719395,715.8009999999999,715.8009999999999,2,1,0.0003952811338244043,False
13778,,Johnson & Johnson,broadband,2025-Q2,2025,2,6.852670855293818,,6.852670855293818,,125.695,125.695,2,1,0.0003952811338244043,False
149020,,WebHorizon Internet Services,broadband,2025-Q2,2025,2,478.98343951057103,676.2935693390233,478.98343951057103,676.2935693390233,56.3905,56.3905,2,2,0.0003952811338244043,False
395266,,"Keysight Technologies, Inc",broadband,2025-Q2,2025,2,55.110494401058915,71.51151353190244,55.110494401058915,71.51151353190244,25.303,25.303,2,2,0.0003952811338244043,False
28959,,Vitol Services Ltd,broadband,2025-Q2,2025,2,574.7455775538288,,574.7455775538288,,1.7375,1.7375,2,1,0.0003952811338244043,False
216382,,LAYER MARKETING SERVICES L.L.C,broadband,2025-Q2,2025,2,33.92036160397692,50.4904467725902,33.92036160397692,50.4904467725902,16.564999999999998,16.564999999999998,2,2,0.0003952811338244043,False
14630,,"Invesco Group Services, Inc.",broadband,2025-Q2,2025,2,106.23943555548567,,106.23943555548567,,34.32,34.32,2,1,0.0003952811338244043,False
133391,,SYSNETPRO SOLUTION PTE LTD,broadband,2025-Q2,2025,2,56.81993804298071,49.4728168402049,56.81993804298071,49.4728168402049,47.254000000000005,47.254000000000005,2,1,0.0003952811338244043,False
64050,,BGP Network Limited,broadband,2025-Q2,2025,2,10.797183395247663,4.723603924103283,10.797183395247663,4.723603924103283,81.6125,81.6125,2,2,0.0003952811338244043,False
54994,,Meteverse Limited.,broadband,2025-Q2,2025,2,4.3452550474562,4.45923914374899,4.3452550474562,4.45923914374899,260.218,260.218,2,2,0.0003952811338244043,False
139021,,West263 International Limited,broadband,2025-Q2,2025,2,2.287982588720585,0.7481860231331466,2.287982588720585,0.7481860231331466,1.771,1.771,2,1,0.0003952811338244043,False
174,Cogent,"Cogent Communications, LLC",broadband,2025-Q2,2025,2,199.2915131968239,197.0074102813579,199.2915131968239,197.0074102813579,33.571,33.571,2,1,0.0003952811338244043,False
18692,,Neuberger Berman,broadband,2025-Q2,2025,2,44.02252602518898,37.33543617027424,44.02252602518898,37.33543617027424,162.94850000000002,162.94850000000002,2,1,0.0003952811338244043,False
9226,,1-Net Singapore Pte Ltd,broadband,2025-Q2,2025,2,113.77694595691028,46.2208147360151,113.77694595691028,46.2208147360151,1.446,1.446,2,1,0.0003952811338244043,False
6660,,VODAFONE ENTERPRISE EQUIPMENT LIMITED,broadband,2025-Q2,2025,2,5.4020236261371775,0.06000794378075165,5.4020236261371775,0.06000794378075165,318.77599999999995,318.77599999999995,2,2,0.0003952811338244043,False
55706,,G1 Enterprise 1 Technology Park Malaysia,broadband,2025-Q2,2025,2,55.25246667768661,110.78640049031819,55.25246667768661,110.78640049031819,17.3305,17.3305,2,2,0.0003952811338244043,False
134789,,OPTICALHASH COMMUNICATIONS PTE LTD,broadband,2025-Q2,2025,2,12.308132044253359,3.593745288612205,12.308132044253359,3.593745288612205,148.334,148.334,2,1,0.0003952811338244043,False
40810,,Ernst & Young LLP,broadband,2025-Q2,2025,2,41.00960472152215,6.587322297534585,41.00960472152215,6.587322297534585,309.0,309.0,2,1,0.0003952811338244043,False
46078,,Dimension Data AP Kaki Bukit Singapore,broadband,2025-Q2,2025,2,100.50881861724082,123.22062159090295,100.50881861724082,123.22062159090295,38.745,38.745,1,1,0.00019764056691220214,False
13414,,Twitter Inc.,broadband,2025-Q2,2025,2,75.55020046749918,87.45108435272286,75.55020046749918,87.45108435272286,235.158,235.158,1,1,0.00019764056691220214,False
132204,,CORETEL NETWORKS (INTERNATIONAL) PTE LTD,broadband,2025-Q2,2025,2,12.248253431456183,10.862207340535223,12.248253431456183,10.862207340535223,48.98,48.98,1,1,0.00019764056691220214,False
3561,,"CenturyLink Communications, LLC",broadband,2025-Q2,2025,2,61.3007780868749,48.96559611169351,61.3007780868749,48.96559611169351,123.17,123.17,1,1,0.00019764056691220214,False
141678,,Private Limited Company,broadband,2025-Q2,2025,2,429.48344594966215,352.13920831097977,429.48344594966215,352.13920831097977,1.478,1.478,1,1,0.00019764056691220214,False
396856,,"Sharon Networks, LLC",broadband,2025-Q2,2025,2,271.02725653959635,1.7822280500337664,271.02725653959635,1.7822280500337664,38.45,38.45,1,1,0.00019764056691220214,False
37989,,DCS1 Pte. Ltd.,broadband,2025-Q2,2025,2,293.9472780573872,322.26162878158726,293.9472780573872,322.26162878158726,1.329,1.329,1,1,0.00019764056691220214,False
32537,,Xilinx Incorporated,broadband,2025-Q2,2025,2,18.84658404628887,17.800718814499042,18.84658404628887,17.800718814499042,59.009,59.009,1,1,0.00019764056691220214,False
132829,,Nevigate Communications (S) Pte Ltd,broadband,2025-Q2,2025,2,79.99167429482684,,79.99167429482684,,6.952,6.952,1,1,0.00019764056691220214,False
401783,,TOKALA COMMUNICATIONS INC.,broadband,2025-Q2,2025,2,10.667661404322187,,10.667661404322187,,1.488,1.488,1,1,0.00019764056691220214,False
45166,,Pacific Internet Pte Ltd,broadband,2025-Q2,2025,2,59.696944251880346,,59.696944251880346,,19.598,19.598,1,1,0.00019764056691220214,False
132364,,TEC,broadband,2025-Q2,2025,2,20.63824214405761,,20.63824214405761,,27.531,27.531,1,1,0.00019764056691220214,False
395753,,KKR,broadband,2025-Q2,2025,2,389.3644204255484,140.85551124913556,389.3644204255484,140.85551124913556,5.504,5.504,1,1,0.00019764056691220214,False
19855,,"Masergy Communications, Inc.",broadband,2025-Q2,2025,2,56.278546458141676,75.24684676540839,56.278546458141676,75.24684676540839,233.836,233.836,1,1,0.00019764056691220214,False
9247,,National Institute of Education,broadband,2025-Q2,2025,2,348.9403760851226,,348.9403760851226,,8.296,8.296,1,1,0.00019764056691220214,False
55854,,LOREAL,broadband,2025-Q2,2025,2,0.47848650331278664,52.554478914297626,0.47848650331278664,52.554478914297626,77.038,77.038,1,1,0.00019764056691220214,False
7138,,"Encompass Digital Media, LLC",broadband,2025-Q2,2025,2,0.9028751756017804,,0.9028751756017804,,240.181,240.181,1,1,0.00019764056691220214,False
134835,,Starry Network Limited,broadband,2025-Q2,2025,2,36.262426576479555,27.609509456346927,36.262426576479555,27.609509456346927,1.22,1.22,1,1,0.00019764056691220214,False
54535,,"Nike, Inc.",broadband,2025-Q2,2025,2,6.234157743798912,0.014534629384449046,6.234157743798912,0.014534629384449046,104.063,104.063,1,1,0.00019764056691220214,False
15224,,Adobe Inc.,broadband,2025-Q2,2025,2,335.1437756510741,333.2588863938976,335.1437756510741,333.2588863938976,1.338,1.338,1,1,0.00019764056691220214,False
42960,,VH Global Limited,broadband,2025-Q2,2025,2,1.0788886707449044,8.419760914886275,1.0788886707449044,8.419760914886275,191.296,191.296,1,1,0.00019764056691220214,False
30417,,BTIG LLC,broadband,2025-Q2,2025,2,25.846474510731337,4.812629858578271,25.846474510731337,4.812629858578271,199.0,199.0,1,1,0.00019764056691220214,False
212336,,ByteVirt LLC,broadband,2025-Q2,2025,2,97.02810684620368,,97.02810684620368,,29.989,29.989,1,1,0.00019764056691220214,False
55426,,Amphenol FCI Asia Pte Ltd,broadband,2025-Q2,2025,2,44.44229555749351,,44.44229555749351,,7.835,7.835,1,1,0.00019764056691220214,False
132132,,MyRepublic Ltd.,broadband,2025-Q2,2025,2,1.3823934035314516,,1.3823934035314516,,61.3,61.3,1,1,0.00019764056691220214,False
132824,,Beyotta Network LLP,broadband,2025-Q2,2025,2,5.177017535311173,7.181150453494842,5.177017535311173,7.181150453494842,78.0,78.0,1,1,0.00019764056691220214,False
30081,,CacheFly,broadband,2025-Q2,2025,2,15.131407890470802,2.4212391334477714,15.131407890470802,2.4212391334477714,205.88,205.88,1,1,0.00019764056691220214,False
216245,,CYBERJET PTE. LTD.,broadband,2025-Q2,2025,2,78.34447400303746,0.40585494863635424,78.34447400303746,0.40585494863635424,32.931,32.931,1,1,0.00019764056691220214,False
9292,,21 Tampines Avenue 1,broadband,2025-Q2,2025,2,27.22608982698138,10.552218564774195,27.22608982698138,10.552218564774195,3.172,3.172,1,1,0.00019764056691220214,False
1828,,Unitas Global,broadband,2025-Q2,2025,2,81.93676852290288,,81.93676852290288,,3.474,3.474,1,1,0.00019764056691220214,False
62240,,Clouvider,broadband,2025-Q2,2025,2,79.64108834931234,41.46083569749963,79.64108834931234,41.46083569749963,0.338,0.338,1,1,0.00019764056691220214,False
14127,,Iland Internet Solutions Corporation,broadband,2025-Q2,2025,2,0.9722431183505534,,0.9722431183505534,,233.934,233.934,1,1,0.00019764056691220214,False
132277,,XTRA COMMUNICATION,broadband,2025-Q2,2025,2,96.89926148951031,30.19375792027503,96.89926148951031,30.19375792027503,3.295,3.295,1,1,0.00019764056691220214,False
136202,,Freepoint Commodities Singapore Pte. Ltd.,broadband,2025-Q2,2025,2,5.778933495898353,3.230255141313758,5.778933495898353,3.230255141313758,2.197,2.197,1,1,0.00019764056691220214,False
14398,,"Autodesk, Inc.",broadband,2025-Q2,2025,2,1484.7394780668365,1453.4884639719185,1484.7394780668365,1453.4884639719185,1.315,1.315,1,1,0.00019764056691220214,False
6507,,"Riot Games, Inc",broadband,2025-Q2,2025,2,54.81386879767168,,54.81386879767168,,205.665,205.665,1,1,0.00019764056691220214,False
1248,,HERE Global BV,broadband,2025-Q2,2025,2,56.03990996099043,65.79648695299828,56.03990996099043,65.79648695299828,244.0,244.0,1,1,0.00019764056691220214,False
55430,,Starhub Ltd,broadband,2025-Q3,2025,3,309.33072732895045,285.53414701688627,179.3927984656636,142.1555804463994,11.578181774423099,4.257,143419,64799,27.467590047860817,True
9506,,Singtel Fibre Broadband,broadband,2025-Q3,2025,3,210.00340805086861,181.4610663379862,126.69062890526446,91.65141161986175,47.985336401594154,37.478,126551,40057,24.23703266754638,True
4773,,MobileOne Ltd. Mobile/Internet Service Provider Singapore,broadband,2025-Q3,2025,3,398.92173348340646,371.25857004003143,216.77490486610702,147.79258677615633,9.059512392367576,4.7,72603,21994,13.904918039066226,True
56300,,MyRepublic Ltd.,broadband,2025-Q3,2025,3,349.6107865979601,305.3251425866905,198.3321124219764,138.0470555671995,16.835831900532853,4.984,42239,3997,8.08960832268802,True
3758,,SingNet,broadband,2025-Q3,2025,3,200.0101948731784,203.2616799005845,93.67668862507868,77.65041429889531,34.12189610234814,19.545,25178,7700,4.8220876050247155,True
4817,,Simba Telecom Pte Ltd,broadband,2025-Q3,2025,3,385.61239294984136,343.6794490950656,265.12464726368734,193.92343763546762,8.453683013170902,4.25,19217,5991,3.6804375846278483,True
18106,,Viewqwest Pte Ltd,broadband,2025-Q3,2025,3,348.84979692101547,275.32965057016645,210.03626330414647,159.2079507235612,10.584114281222984,3.968,12730,1518,2.438048105964121,True
4657,,StarHub Ltd,broadband,2025-Q3,2025,3,217.86739586865127,244.6727326702655,89.0232016665945,80.2364550539918,12.13148273241577,3.955,11845,2759,2.2685530098307156,True
135600,,Whiz Communications Pte Ltd,broadband,2025-Q3,2025,3,314.4094066394031,268.43368799533204,206.25181113045258,132.64254863088365,12.832370068649883,4.416,10927,2558,2.092737757570302,True
17547,,M1 NET LTD,broadband,2025-Q3,2025,3,156.34099014295197,121.25263558841202,90.03800383422112,52.44335306796867,36.7744914212313,5.452,10906,1712,2.0887158400349333,True
23856,,SPTEL PTE. LTD.,broadband,2025-Q3,2025,3,141.85515353295352,93.37296637394321,57.5142174349165,17.88584133233787,61.525636241249316,4.9785,3714,439,0.7113048441123915,True
396356,,Latitude.sh,broadband,2025-Q3,2025,3,74.95723384506596,58.57274850934352,84.13639779520209,70.14284159270873,210.40894518915704,214.945,3357,94,0.6429322460111196,True
9419,,Nanyang Technological University,broadband,2025-Q3,2025,3,213.79930522573815,196.08688247311332,94.13613259218148,92.02996121333524,59.94164894932014,4.336,2428,224,0.46501027504170345,True
44022,,Barclays Bank PLC,broadband,2025-Q3,2025,3,10.74924546424879,12.520478549086867,7.900850262192236,6.504980736246576,163.61371994829815,167.114,2321,2,0.44451764759958556,True
132356,,Changi Airport Group (Singapore) Pte Ltd,broadband,2025-Q3,2025,3,79.43580673792569,77.03141612150594,67.12975006450066,64.67371983819653,8.80209151193634,3.9255,2262,75,0.4332179745240252,True
7472,,NUS Information Technology,broadband,2025-Q3,2025,3,65.56438991893639,54.76884791621422,72.9188717329478,64.89431683390458,56.13839139486469,5.139,1443,609,0.27636319064463677,True
(unknown),,,broadband,2025-Q3,2025,3,81.26036152538947,54.79548764010811,32.21912602967302,8.927862807271143,54.98038160753077,1.473,1383,187,0.2648719976864398,True
8220,,COLT Technology Services Group Limited,broadband,2025-Q3,2025,3,811.4363952703087,800.6086688877542,909.1953751565231,877.1905644658654,3.2947694566813515,1.627,1362,58,0.26085008015107086,True
38258,,Sony - ASN for Asia Pacific,broadband,2025-Q3,2025,3,33.44708651046101,14.638973503579418,18.10456050746707,1.7243337394584963,195.53758951310863,183.966,1336,790,0.2558705632025189,True
212238,,Datacamp Limited,broadband,2025-Q3,2025,3,39.14215634351088,9.607181592330662,30.274014322987945,3.194100340058844,102.44179043280181,68.071,1317,50,0.2522316854324232,True
141995,,Contabo Asia Private Limited,broadband,2025-Q3,2025,3,15.77545433126051,6.118211079210565,8.00460984898176,0.46577188743580034,196.2326303837118,87.45,1280,81,0.24514544977486838,True
4352,,EMERSON ASIA PACIFIC PRIVATE LIMITED,broadband,2025-Q3,2025,3,49.190857861537864,26.767855671293898,25.873022265271445,7.284537406339259,100.30503761242845,77.808,1224,11,0.2344203363472179,True
133466,,Robert Bosch GmbH,broadband,2025-Q3,2025,3,32.21538346532583,20.824554223328864,18.58412340129534,6.696405441920281,74.13600248962656,2.596,1205,21,0.23078145857712218,True
393559,,"WEBBING USA, INC.",broadband,2025-Q3,2025,3,28.263918070078294,10.17144894321808,12.554087529907315,3.409492550810832,243.9660836267606,254.4795,1136,34,0.21756658667519568,True
2559,,VISA INTERNATIONAL SERVICE ASSOCIATION,broadband,2025-Q3,2025,3,32.85601875945609,24.783739083449415,10.34110091050547,6.679051583866782,110.90889013035383,67.9345,1074,5,0.2056923539517255,True
62654,,"MENLO SECURITY, INC.",broadband,2025-Q3,2025,3,879.1385803072636,784.0458458300055,885.913643354882,775.6246763185661,3.0684400785854615,2.927,1018,67,0.19496724052407502,True
136258,,"BrainStorm Network, Inc",broadband,2025-Q3,2025,3,18.369148217031512,4.744117613284007,11.099926360591217,0.4272008236834225,167.67352864321612,162.24,995,49,0.19056228322343285,True
394984,,"Fragomen, Del Rey, Bernsen & Loewy, LLP",broadband,2025-Q3,2025,3,9.856032983458144,5.169554317014634,8.971639083368819,4.006965608612441,196.10106345475907,203.999,851,1,0.16298342012376016,True
14762,,"AMGEN, Inc.",broadband,2025-Q3,2025,3,5.951019464447943,5.653209898518087,5.338687740821177,3.6172341354853472,198.82615269461078,205.609,668,1,0.12793528160125944,True
5580,,GTT Communications Netherlands B.V.,broadband,2025-Q3,2025,3,153.56346925752754,162.60717315199798,188.99062963992472,193.4290848845432,59.262948675496695,33.0,604,7,0.11567800911251602,True
4628,,Pacific Internet Pte Ltd,broadband,2025-Q3,2025,3,76.74726082545122,69.33592113212524,35.26961956437859,26.381486171975972,34.650558098591546,4.7170000000000005,568,114,0.10878329333759784,True
56094,,ITENET:wq,broadband,2025-Q3,2025,3,126.82251216173778,100.81017060220157,38.58697348973467,64.67967743730497,49.205483636363645,15.875,550,18,0.10533593545013875,True
133782,,Elsevier Ltd,broadband,2025-Q3,2025,3,43.16224439421765,31.700393968733543,27.779496334347854,8.553788678015117,128.48426591760295,111.287,534,2,0.1022716173279529,True
140443,,PT Herza Digital Indonesia,broadband,2025-Q3,2025,3,57.3272552774593,10.115742793311888,37.264565936963194,4.6988586976829065,4.332948919449902,0.596,509,29,0.09748362026203751,True
15830,,Equinix (EMEA) Acquisition Enterprises B.V.,broadband,2025-Q3,2025,3,87.86000238050882,50.33892371453533,53.870499063297785,35.153644250030396,31.331780876494022,1.655,502,32,0.09614298108358119,True
55415,,4 Shenton Way,broadband,2025-Q3,2025,3,92.48366855283307,93.07759248207981,71.90394339422939,72.36836445415973,4.757604545454545,3.3129999999999997,440,42,0.084268748360111,True
49362,,DSV A/S,broadband,2025-Q3,2025,3,16.42297590219223,19.48567635016323,6.74554341047833,10.260865304749604,81.26976861702127,51.18,376,9,0.07201147587136758,True
140362,,DIGISIGMA PTE. LTD.,broadband,2025-Q3,2025,3,102.2116438373027,67.06909137870856,98.98589482850377,58.77021787014961,48.57395095367847,38.309,367,144,0.07028779692763805,True
2047,,Hoffmann - La Roche Ltd.,broadband,2025-Q3,2025,3,36.1312044738381,38.57289210834903,19.057472429949865,26.59893652648681,38.4775655737705,6.609,366,2,0.07009627704500143,True
10146,,Ford Motor Company,broadband,2025-Q3,2025,3,13.946993693872502,22.960686236000377,3.708999149874641,9.153060319481062,32.846394520547946,33.736,365,22,0.06990475716236481,True
10794,,"Bank of America, National Association",broadband,2025-Q3,2025,3,23.938033260985133,18.373788712272265,8.304245571345195,6.007119382518734,92.65291036414568,32.991,357,1,0.06837259810127189,True
7862,,Chevron Corporation,broadband,2025-Q3,2025,3,37.8493706096637,29.299041777053883,22.054024790045208,12.31783491167886,217.57169206349207,254.054,315,33,0.06032876303053401,True
35163,,Procter & Gamble Service GmbH,broadband,2025-Q3,2025,3,186.38061256275194,177.7629293377862,99.40987346943092,80.92977828076397,118.09744551282051,109.876,312,4,0.05975420338262417,True
133728,,Chubb Asia Pacific Pte Ltd,broadband,2025-Q3,2025,3,28.912322027996705,17.072993620057336,19.029754668684028,2.9105864895618976,2.3462927631578943,1.7545,304,2,0.05822204432153124,True
63526,,Systems Solutions & development Technologies Limited,broadband,2025-Q3,2025,3,8.303268187274528,15.328046412988828,2.510808103745735,8.09305334044074,78.49046101694915,74.0,295,26,0.056498365377801694,True
134078,,NETPLUZ HOLDINGS PRIVATE LIMITED,broadband,2025-Q3,2025,3,147.8490169131346,125.07641117427625,82.2614312959824,34.17058924526715,25.891537366548043,3.513,281,92,0.053817087020889075,True
10024,,LGA International,broadband,2025-Q3,2025,3,145.69519395699416,111.80613880813787,93.03849211340948,85.57039737065922,8.674281588447654,3.0,277,67,0.05305100749034261,True
211407,,AS Perwira Media,broadband,2025-Q3,2025,3,6.468569012704022,2.1055526383545837,3.37265039541302,0.1028111377432831,58.800143459915596,42.0,238,15,0.04558173206751459,True
44356,,Epsilon Telecommunications Ltd,broadband,2025-Q3,2025,3,15.203056982514882,7.295554119675228,11.71647092591732,1.2555342403917658,283.0331551724138,242.3475,232,4,0.04443261277169489,True
55487,,Globalfoundries Singapore Pte Ltd,broadband,2025-Q3,2025,3,52.349604949874276,37.51364043103481,14.957822949082964,4.129427204558086,2.6017123287671233,1.536,219,3,0.04194285429741889,True
6364,,"Atlantic.net, Inc.",broadband,2025-Q3,2025,3,30.0551470698996,6.472204666903264,21.888902304241626,2.1548844523687936,230.39496682464454,225.217,211,30,0.04041069523632596,True
131475,,Singapore Institute of Technology,broadband,2025-Q3,2025,3,93.84650942135859,102.8935731447739,38.22776437933703,31.427867201971836,6.356702127659574,2.901,188,41,0.03600573793568379,True
138539,,Jewel Changi Airport Trustee Pte. Ltd.,broadband,2025-Q3,2025,3,36.29575413362498,23.70230254014008,26.122249454791678,10.99086764024548,5.78392349726776,3.788,183,54,0.035048138522500716,True
3300,,British Telecommunications Limited,broadband,2025-Q3,2025,3,54.474741522858665,36.154503044909255,27.536041939525568,13.078528574171253,50.26092307692306,43.302,170,6,0.03255838004822471,True
38055,,ACE Insurance Singapore,broadband,2025-Q3,2025,3,27.93646282950528,22.38147402378874,16.979322664264796,4.678214820840726,2.0958047337278103,1.198,169,4,0.03236686016558809,True
20868,,ABB Information Systems Ltd,broadband,2025-Q3,2025,3,19.593147466228032,7.693792514756344,16.23511136192129,0.25535102796183956,255.37090963855425,266.9235,166,2,0.03179230051767824,True
135409,,Kacific Broadband Satellites Pte Ltd,broadband,2025-Q3,2025,3,7.047566050238003,2.31863034074783,7.71445232468384,2.2056623435298133,56.887294478527615,49.969,163,17,0.031217740869768393,True
23767,,A-STAR,broadband,2025-Q3,2025,3,233.16983512193315,151.04375058115963,108.74640115990874,91.60316406915695,32.432614379084974,3.92,153,54,0.029302542043402238,True
138345,,StarHub Ltd,broadband,2025-Q3,2025,3,36.29286738753934,10.000416740423299,15.380447141309276,6.173054042826349,51.673529801324506,17.739,151,86,0.028919502278129006,True
2912,,Citigroup Inc.,broadband,2025-Q3,2025,3,120.6861794588443,122.96120806478459,21.656350730354777,25.85027871914088,0.6328724832214766,0.27,149,1,0.028536462512855774,True
17617,,Nanyang Polytechnic,broadband,2025-Q3,2025,3,114.03975884793577,108.6759562816879,45.13575853913263,54.861732088771944,7.712068027210881,3.683,147,1,0.028153422747582542,True
984,,OCTOPUS WEB SOLUTION INC,broadband,2025-Q3,2025,3,49.94407945426451,14.592465262862133,22.163349716670695,9.923563136439716,66.7198951048951,0.641,143,52,0.027387343217036078,True
45700,,PT. NAP Info Lintas Nusa,broadband,2025-Q3,2025,3,42.32592079999395,5.477749116169393,18.131930723174968,3.9114801038120306,24.6550977443609,22.025,133,63,0.02547214439066992,True
14593,Starlink,Space Exploration Technologies Corporation,broadband,2025-Q3,2025,3,47.70646657906387,5.950898924404994,13.47224262636173,3.734418501349343,60.176251968503955,22.684,127,61,0.024323025094850223,True
142594,,SpeedyPage Ltd,broadband,2025-Q3,2025,3,106.81149265210637,26.62263705446202,82.48870467339867,18.97490815361519,15.73070634920635,0.194,126,44,0.024131505212213605,True
38136,,Akari Networks,broadband,2025-Q3,2025,3,227.17360106041193,30.642154100627128,163.21159731104615,19.661735608385904,5.753674999999999,0.28,120,41,0.02298238591639391,True
24012,,Refinitiv Australia PTY Limited,broadband,2025-Q3,2025,3,56.32939110206887,74.3920094352682,44.16395841745872,64.67260624942128,130.29819090909092,120.738,110,10,0.02106718709002775,True
136261,,VERTIV (SINGAPORE) PTE. LTD.,broadband,2025-Q3,2025,3,67.92402124135835,46.135483353486435,64.71265498065414,17.01698171535549,117.45939449541285,112.717,109,10,0.020875667207391136,True
4913,,"Speedcast Communications, Inc",broadband,2025-Q3,2025,3,1.7319560915620638,0.45242683213583346,0.5676376517648252,0.24507296126095074,367.76330392156865,329.1875,102,15,0.019535028028934823,True
3549,,"Level 3 Parent, LLC",broadband,2025-Q3,2025,3,75.5318991723487,43.85860921404691,60.81274097918916,33.64364169887214,95.00187254901961,75.819,102,11,0.019535028028934823,True
714,,Apple Inc.,broadband,2025-Q3,2025,3,131.5796597778672,104.40283802293546,92.48770206023332,89.12158171123386,4.636176470588235,3.8215,102,77,0.019535028028934823,True
16509,,"Amazon.com, Inc.",broadband,2025-Q3,2025,3,12.412638389760263,8.21989814062844,8.330316429615861,4.283452794415379,310.34749504950497,310.965,101,30,0.01934350814629821,True
56043,,PEPSICO INTERNATIONAL PTE. LTD.,broadband,2025-Q3,2025,3,62.96723768657398,39.45018109180588,51.14582362525515,16.794330853697748,65.48691578947368,2.945,95,4,0.018194388850478513,False
55919,,20 Dover Drive Singapore 138682,broadband,2025-Q3,2025,3,235.01901722986145,224.5540165443404,238.25683817029724,171.5120104543289,10.729084210526315,4.575,95,3,0.018194388850478513,False
134165,,CBRE Pty Limited,broadband,2025-Q3,2025,3,41.26025489373513,29.002187651382503,24.163472158942035,6.3578777192463765,207.05976595744684,189.34199999999998,94,1,0.018002868967841895,False
26496,,"GoDaddy.com, LLC",broadband,2025-Q3,2025,3,76.5698599643067,26.23514012154106,59.94231316295851,9.484204591073363,107.41234883720932,17.747500000000002,86,20,0.016470709906748968,False
17733,,Office of Communications & IT,broadband,2025-Q3,2025,3,283.83484552625066,273.8344321495933,208.4924945082537,245.6423336962869,12.915349397590363,2.859,83,10,0.01589615025883912,False
24482,,SG.GS,broadband,2025-Q3,2025,3,89.40718126773484,7.63415037535994,46.512184326378176,1.833264744772593,1.4696296296296296,0.782,81,5,0.01551311049356589,False
9877,,Ngee Ann Polytechnic Computer Center,broadband,2025-Q3,2025,3,265.9899277048357,257.8441425255525,272.37241465493065,272.4241179231109,4.358230769230769,4.2010000000000005,78,33,0.014938550845656042,False
400514,,ESpace Networks,broadband,2025-Q3,2025,3,4.434944038327189,0.10336607883486935,2.4421273764307982,0.11100846104733397,88.89314285714286,77.0,77,4,0.014747030963019426,False
28939,,ARM Ltd,broadband,2025-Q3,2025,3,386.22188014926604,422.6913518134718,320.33175893573343,385.1539469773687,11.584684210526317,10.383,76,1,0.01455551108038281,False
2906,,Netflix Streaming Services Inc.,broadband,2025-Q3,2025,3,39.57502933704736,25.4560377549978,24.540861099561223,15.929695211918224,202.25072,147.256,75,43,0.014363991197746194,False
401243,,Komi LLC,broadband,2025-Q3,2025,3,153.28689968466753,13.380768356065854,91.27942897385002,4.4247942434921175,1.3840684931506848,0.219,73,21,0.013980951432472962,False
21509,,"Apollo Management, L.P.",broadband,2025-Q3,2025,3,14.780410706239598,6.141289353864741,6.883293424769169,1.3750891484666463,190.19215068493153,220.051,73,1,0.013980951432472962,False
134677,,Dromatics Systems Pte Ltd,broadband,2025-Q3,2025,3,80.39239005663207,31.238052719259404,42.51738193168016,18.83680382323915,140.66379166666667,149.36,72,17,0.013789431549836346,False
17497,,Liasail Global Hongkong Limited,broadband,2025-Q3,2025,3,44.63893078867009,38.624991008101425,47.88877670266352,47.81996365851483,31.331281690140848,36.658,71,50,0.01359791166719973,False
5065,,Bunny Communications,broadband,2025-Q3,2025,3,58.40617502318678,8.568852031229985,68.35115272151428,2.659762562768596,186.40784507042252,213.871,71,12,0.01359791166719973,False
38862,,TullettPrebon Singapore multihoming ISP connection AS,broadband,2025-Q3,2025,3,68.55081394698307,119.7190408424055,37.66539879335573,19.143782429919476,120.45217142857146,49.2145,70,3,0.013406391784563114,False
9664,,SOUTHEAST ASIA TELECOM(SG) PTE. LTD.,broadband,2025-Q3,2025,3,182.4636739527819,20.041407835707407,54.78610516124952,9.302255972352091,151.96663076923073,101.417,65,35,0.012448792371380035,False
131195,,SIM Headquarters,broadband,2025-Q3,2025,3,194.67214086706596,186.30362191433562,145.83368805780958,142.40754851044392,17.036296874999998,4.9185,64,15,0.012257272488743419,False
51847,,Nearoute Limited,broadband,2025-Q3,2025,3,88.48432328901168,24.496972021697697,74.43798349509689,17.27709918814166,13.296453125000003,1.24,64,21,0.012257272488743419,False
17645,,ASN - NTT SINGAPORE PTE LTD,broadband,2025-Q3,2025,3,112.75417962743401,55.566587418290965,86.96645433200177,21.837071396683367,38.00950000000001,3.9395,64,15,0.012257272488743419,False
33619,,"Advanced Micro Devices, Inc.",broadband,2025-Q3,2025,3,187.8952715589227,233.3908112318302,103.49696542663794,112.7451072352748,100.72040322580646,77.6125,62,3,0.011874232723470187,False
23703,,"RigNet, Communication to remote locations in Asia/Pacific.",broadband,2025-Q3,2025,3,11.294821637042533,4.916933288727455,3.2024764575481655,3.138753496795787,156.51726666666667,78.6405,60,10,0.011491192958196955,False
13443,,LinkedIn Corporation,broadband,2025-Q3,2025,3,29.31667462466276,21.79336413887032,4.055598907461529,1.0106105913422272,354.07048333333324,325.7405,60,25,0.011491192958196955,False
141469,,Cargill Asia Pacific Holdings Pte Ltd,broadband,2025-Q3,2025,3,74.75230264548617,47.670597387553755,26.00606879748437,15.956751532832577,23.265050847457626,1.335,59,4,0.011299673075560339,False
36007,,"Kamatera, Inc.",broadband,2025-Q3,2025,3,115.62188485301385,143.46097223542307,41.847673918124364,3.9161173310440973,10.079293103448277,0.2375,58,9,0.011108153192923723,False
134457,,BMC Software Asia Pacific Pte Ltd,broadband,2025-Q3,2025,3,19.0648214357537,6.6308086994706485,15.796561969732227,1.2238353903281134,100.07070689655171,79.8995,58,1,0.011108153192923723,False
9304,,HGC Global Communications Limited,broadband,2025-Q3,2025,3,22.774900179351057,11.597932562179471,9.18105918858039,3.996681913398163,196.16274137931035,236.397,58,16,0.011108153192923723,False
1299,,Arelion Sweden AB,broadband,2025-Q3,2025,3,19.662849405285485,18.34035882302464,10.190254048406294,10.138875719603792,61.63440350877193,51.0,57,9,0.010916633310287107,False
61292,,Blix Group AS,broadband,2025-Q3,2025,3,35.87635690152153,27.839597516234342,15.695879773640595,10.988591978161857,116.60070175438597,79.328,57,2,0.010916633310287107,False
400618,,Prime Security Corp.,broadband,2025-Q3,2025,3,233.30322817472532,65.27104776378914,243.53673938803192,53.32061445468035,59.32854716981132,59.0,53,9,0.010150553779740643,False
215311,,Regxa Company for Information Technology Ltd,broadband,2025-Q3,2025,3,20.27896192508783,1.8813206865291765,16.415510879558163,0.42508435495023195,234.86974999999995,208.82100000000003,52,21,0.009959033897104027,False
27399,,Balyasny Asset Management L.P.,broadband,2025-Q3,2025,3,25.701761386545684,43.470513618536124,14.75484904415881,13.049858044502214,162.31047058823532,215.991,51,1,0.009767514014467411,False
16669,,Applied Materials,broadband,2025-Q3,2025,3,79.39388701136465,133.68943258571056,51.83783311391206,48.84059510850192,13.64034693877551,3.577,49,1,0.00938447424919418,False
3257,,GTT Communications Inc.,broadband,2025-Q3,2025,3,22.093315750997405,16.988148104403656,8.785227827593385,1.7057962837418783,187.28814583333335,303.5925,48,11,0.009192954366557564,False
216444,,UAB Cherry Servers,broadband,2025-Q3,2025,3,5.196922244415029,9.862119466564613,1.254534314694129,4.611924609206253,110.26610416666665,63.2715,48,4,0.009192954366557564,False
25917,,ROCKWELL AUTOMATION Inc.,broadband,2025-Q3,2025,3,50.66428567575489,34.80982677865213,37.55184077268396,3.681252403336534,210.13160416666665,146.076,48,7,0.009192954366557564,False
3356,,"Level 3 Parent, LLC",broadband,2025-Q3,2025,3,118.82943926953345,76.88202979787147,59.44423531518292,8.93696187364695,122.36789130434784,70.453,46,16,0.008809914601284332,False
205080,,Societe Internationale de Telecommunications Aeronautiques,broadband,2025-Q3,2025,3,19.695550012443736,7.722174933765626,10.343177501338076,4.01320944363628,136.06073913043477,119.8515,46,18,0.008809914601284332,False
6307,,American Express Company,broadband,2025-Q3,2025,3,17.34327756754304,9.919167317044247,15.819326298765947,5.000558240770399,108.39513636363635,84.7935,44,6,0.0084268748360111,False
3918,,Shell Information Technology International B.V.,broadband,2025-Q3,2025,3,29.433477954166648,23.33937812243027,16.692272050918447,3.0938364057891596,94.48883333333333,78.59700000000001,42,2,0.008043835070737868,False
6453,,TATA COMMUNICATIONS (AMERICA) INC,broadband,2025-Q3,2025,3,119.86780752287787,112.2051470833559,88.95513094513542,17.394247955251053,58.98207317073172,58.276,41,11,0.007852315188101252,False
109,,"CISCO SYSTEMS, INC.",broadband,2025-Q3,2025,3,47.33869782297239,45.523694967420276,31.111993757025935,9.006206971327853,266.71651219512194,217.648,41,39,0.007852315188101252,False
19637,,Avago Technologies U.S. Inc.,broadband,2025-Q3,2025,3,197.49641868462862,159.19159357466157,145.73739198447586,90.01809329326075,28.378975000000004,7.34,40,1,0.007660795305464637,False
137220,,"Texas Instruments, Inc",broadband,2025-Q3,2025,3,19.305901266008043,25.624640948925588,12.939247195407443,14.535980830249855,92.67552500000002,84.6755,40,3,0.007660795305464637,False
140693,,The Walt Disney Company (HK) Ltd,broadband,2025-Q3,2025,3,29.451859593101116,7.718889269056891,23.20259570312,5.188978135865716,119.89597368421052,97.753,38,4,0.007277755540191405,False
16931,,"Global Payments, Inc.",broadband,2025-Q3,2025,3,65.04185704852263,61.35088576742731,66.60876899081998,60.76563753780454,195.9634736842105,194.90449999999998,38,1,0.007277755540191405,False
8851,,GCI Network Solutions Limited,broadband,2025-Q3,2025,3,203.58547027615126,33.61932479950963,174.82006555370327,26.42110394714715,13.87321052631579,0.2595,38,15,0.007277755540191405,False
24467,,Deutsche Bank APAC RHO in Singapore Internet AS,broadband,2025-Q3,2025,3,267.10206904906397,226.75887968316138,164.04100717763407,189.1614751455797,4.804105263157895,2.1435000000000004,38,6,0.007277755540191405,False
23728,,Republic Polytechnic. Multihoming AS Singapore,broadband,2025-Q3,2025,3,78.1864527383091,149.1332658418609,38.347445919621144,178.1464888854489,13.670459459459462,5.162,37,7,0.007086235657554789,False
3911,,"Micron Technology, Inc.",broadband,2025-Q3,2025,3,80.91017079869147,94.81269867617489,69.12351407062204,86.28225995155239,10.845972222222223,4.042,36,10,0.006894715774918173,False
45133,,Singapore Polytechnic,broadband,2025-Q3,2025,3,224.40119853756673,105.2926007860829,79.79925260095747,46.80511910669032,5.492542857142858,3.35,35,11,0.006703195892281557,False
25888,,HP Inc.,broadband,2025-Q3,2025,3,153.43694189064624,81.51408606422432,44.449516045387455,53.47673150941642,156.43800000000005,218.886,34,9,0.006511676009644941,False
9255,,Singapore Telecom,broadband,2025-Q3,2025,3,37.07194400583249,12.880886953486565,20.712711972090375,6.939637424636927,21.740666666666666,18.49,33,13,0.006320156127008325,False
2687,,"AT&T Enterprises, LLC",broadband,2025-Q3,2025,3,17.13004831038345,5.4816487856111635,5.492817553406695,4.077500902491877,204.9863125,210.91500000000002,32,3,0.006128636244371709,False
11158,,"NTT America, Inc.",broadband,2025-Q3,2025,3,47.08753550733756,25.783931120868818,38.52464370103861,10.174343713457251,98.70390625,58.204499999999996,32,4,0.006128636244371709,False
400318,,"Versa Networks, Inc.",broadband,2025-Q3,2025,3,15.415116905907277,10.410946976443086,4.383840684250891,5.095930336428928,38.87106451612903,15.669,31,4,0.005937116361735093,False
401443,,WAP.AC LLC,broadband,2025-Q3,2025,3,117.80541525403599,57.48947828378446,102.78246903437164,25.373347211436666,15.671866666666665,1.727,30,10,0.005745596479098477,False
45597,,POINT72 ASIA,broadband,2025-Q3,2025,3,75.82544502006968,20.451088440623927,34.27997870336819,8.14242566608629,88.81686666666666,86.1805,30,1,0.005745596479098477,False
2914,,"NTT America, Inc.",broadband,2025-Q3,2025,3,24.807788838620432,28.25621581312519,8.29893367669791,9.70959434809382,224.5867,219.14800000000002,30,11,0.005745596479098477,False
136537,,SQUAREPOINT OPERATIONS PRIVATE LIMITED,broadband,2025-Q3,2025,3,1100.2635018988176,1308.7769352360594,1196.938384693251,823.0787342946301,0.9772068965517243,0.659,29,1,0.0055540765964618615,False
132337,,Axclusive,broadband,2025-Q3,2025,3,52.18714929020427,68.62204367941897,13.436102171912733,42.78537973644983,10.019678571428571,6.2385,28,4,0.0053625567138252455,False
138199,,Transatel,broadband,2025-Q3,2025,3,41.16140534230531,12.047809155286286,20.665291764864385,2.1890683379872233,38.46460714285714,22.857,28,2,0.0053625567138252455,False
18723,,Seagate Technology LLC,broadband,2025-Q3,2025,3,230.8688277920124,203.7154297708157,152.89985482090296,120.99658695848552,48.87333333333332,35.255,27,1,0.00517103683118863,False
203554,,Louis Vuitton Malletier SA,broadband,2025-Q3,2025,3,36.81081614018146,12.469121014140951,11.07737181943996,2.0759651764499774,123.78051851851853,150.657,27,11,0.00517103683118863,False
136744,,DREAM POWER TECHNOLOGY LIMITED,broadband,2025-Q3,2025,3,21.84212239186218,193.00690335240742,27.342844563505725,227.8129822634091,83.35037037037037,42.127,27,4,0.00517103683118863,False
208187,,TeamViewer Germany GmbH,broadband,2025-Q3,2025,3,35.27215966401884,27.05593781717361,15.471792005505474,7.843727048738792,273.7723461538461,250.2695,26,1,0.004979516948552014,False
23766,,"Electronic Arts, Singapore",broadband,2025-Q3,2025,3,83.85015573664671,70.32452058866605,66.00352862839718,15.337381287952018,185.42149999999998,130.20850000000002,26,1,0.004979516948552014,False
394161,,"Tesla Motors, Inc.",broadband,2025-Q3,2025,3,66.37546833286686,14.79806950692409,66.40833344066577,1.1189869083802606,255.2126153846154,234.876,26,5,0.004979516948552014,False
398704,,STACKS INC,broadband,2025-Q3,2025,3,185.16524787057054,23.455599551960837,24.745016134012587,11.506757337832491,81.73180769230768,85.929,26,13,0.004979516948552014,False
137904,,Black & Veatch (SEA) PTE LTD,broadband,2025-Q3,2025,3,21.416848648565793,16.04618830619815,6.166072990006779,2.247374137569526,175.53336,126.228,25,2,0.004787997065915398,False
54092,,"DRW Holdings, LLC",broadband,2025-Q3,2025,3,28.650652977279343,26.56905616524422,15.771074413635075,11.956955355591106,125.06568000000001,55.624,25,1,0.004787997065915398,False
60142,,NXP Semiconductors Netherlands B.V.,broadband,2025-Q3,2025,3,182.8459200430646,62.86322898201477,235.32039869333042,2.422422141789057,193.08131999999998,32.754,25,2,0.004787997065915398,False
133600,,ESSEC,broadband,2025-Q3,2025,3,179.952506979174,40.54535980470787,183.1436929232163,50.20590725661879,23.116279999999996,5.378,25,4,0.004787997065915398,False
203156,,Relayify LLC,broadband,2025-Q3,2025,3,272.70531961925315,17.17546675638715,131.1259490664615,18.002596577929086,56.38849999999999,2.1265,24,10,0.004596477183278782,False
22439,,"Perfect International, Inc",broadband,2025-Q3,2025,3,131.29874445423727,8.147324858086067,55.699495507112964,1.6835130730669592,0.4346666666666667,0.3075,24,2,0.004596477183278782,False
8444,,JANUS HENDERSON ADMINISTRATION UK LIMITED,broadband,2025-Q3,2025,3,47.64408043528886,45.764064493597346,20.63144078779573,26.927459301048387,0.8372916666666667,0.8115,24,1,0.004596477183278782,False
56197,,KDDI ASIA PACIFIC PTE. LTD.,broadband,2025-Q3,2025,3,47.43981834374187,41.519316689770505,35.70129728061622,13.955474992805549,19.471625,3.4160000000000004,24,10,0.004596477183278782,False
136873,,MEGADATA-ISP,broadband,2025-Q3,2025,3,22.11397076507631,11.560321177172987,7.048618925984533,4.806562202497149,20.023086956521734,18.306,23,10,0.004404957300642166,False
400190,,Freeport-McMoRan Inc.,broadband,2025-Q3,2025,3,59.904713830624644,25.9787175178241,34.98511136650654,8.360202754612581,76.93478260869566,71.873,23,7,0.004404957300642166,False
18725,,PVH Corp.,broadband,2025-Q3,2025,3,19.383886235569268,15.449615804727106,17.07923580920948,16.901535057340283,213.63308695652174,211.666,23,1,0.004404957300642166,False
4058,,CITIC Telecom International CPC Limited,broadband,2025-Q3,2025,3,88.25567332705431,76.70581186374841,35.341116388311164,24.11289193226484,13.818173913043477,1.412,23,6,0.004404957300642166,False
40339,,Jump Trading LLC,broadband,2025-Q3,2025,3,32.03503612116134,54.26495883427465,8.907415024467955,7.8005076939521585,105.92568181818181,103.321,22,2,0.00421343741800555,False
56172,,Agora Communications Pte Ltd,broadband,2025-Q3,2025,3,47.8782719318071,32.43386375735721,45.29000124248708,22.71586851357916,3.7240454545454544,3.675,22,1,0.00421343741800555,False
56039,,SPH Media Limited,broadband,2025-Q3,2025,3,480.8046542686303,1130.3331489843986,197.18720934343713,227.21476893489282,11.3958,4.245,20,6,0.0038303976527323184,False
133587,,Bain and Company,broadband,2025-Q3,2025,3,24.03123104923307,5.433735313936624,14.055988676546285,2.0227597308639127,98.47865,91.1565,20,1,0.0038303976527323184,False
35923,,KENVUE BRANDS LLC,broadband,2025-Q3,2025,3,33.243542829843435,18.360443207912418,7.414508663831958,7.2540253881254495,116.00534999999999,120.264,20,1,0.0038303976527323184,False
24331,,eBay Inc ASIA ASN eCommerce San Jose,broadband,2025-Q3,2025,3,44.375804853078726,17.387218105363562,30.174582411726476,5.48247592003983,201.05114999999998,198.71499999999997,20,2,0.0038303976527323184,False
134407,,MediaCorp Pte Ltd,broadband,2025-Q3,2025,3,254.68995857837496,189.23539816416223,280.5079482889243,188.8436781586981,4.2641,4.0105,20,3,0.0038303976527323184,False
7473,,Singapore Telecommunications Ltd,broadband,2025-Q3,2025,3,340.34271116190416,277.15275601792644,262.28457451790086,19.197443758187624,61.519450000000006,69.237,20,4,0.0038303976527323184,False
45530,,Agoda Company Pte. Ltd.,broadband,2025-Q3,2025,3,171.8699842649574,350.92766216761777,53.980205706190496,51.095694885518675,256.05694736842105,313.346,19,1,0.0036388777700957025,False
29990,,Xandr Inc.,broadband,2025-Q3,2025,3,21.743140771783548,6.646898996123548,4.2133473349095,0.21795517924940364,217.50384210526312,199.783,19,4,0.0036388777700957025,False
133125,,PG Lion ReSources Aust Pty Ltd,broadband,2025-Q3,2025,3,83.48577102222244,88.92345496142967,31.30417401401319,36.11682899034064,253.64600000000004,211.35500000000002,18,3,0.0034473578874590865,False
30613,,Chicago Mercantile Exchange,broadband,2025-Q3,2025,3,55.867656890081335,20.001921993048715,46.04342454838452,2.501716196026934,119.71394444444442,75.521,18,1,0.0034473578874590865,False
9226,,1-Net Singapore Pte Ltd,broadband,2025-Q3,2025,3,50.48967759467052,39.60116895862355,38.71602870122757,38.28846127879349,3.8394117647058823,3.313,17,3,0.0032558380048224706,False
4637,,Telstra Global,broadband,2025-Q3,2025,3,262.39172002303553,200.6019540375453,264.2906358583272,277.36075603807825,8.560588235294118,1.883,17,9,0.0032558380048224706,False
400940,,Railway,broadband,2025-Q3,2025,3,529.6860201453009,567.0981751486358,154.8001566049515,12.790138281419217,1.1366470588235291,0.249,17,11,0.0032558380048224706,False
206216,,Advin Services LLC,broadband,2025-Q3,2025,3,55.22960389548812,28.764921807004747,46.1109706121468,23.42325804081733,207.50835294117647,215.16,17,11,0.0032558380048224706,False
131217,,8 Kallang Sector,broadband,2025-Q3,2025,3,197.30702113254804,124.30028330208252,63.52421799338342,27.793904892533032,2.4323749999999995,2.49,16,2,0.0030643181221858547,False
149485,,MonoCloud Pty Ltd,broadband,2025-Q3,2025,3,89.16836558020863,15.931778463286918,49.5351117835739,5.681679088781985,70.78425,73.0835,16,14,0.0030643181221858547,False
152475,,IENS TECHNOLOGY PTE. LTD,broadband,2025-Q3,2025,3,4.082898205303972,8.392551824519147,2.0391445902481418,4.92823795325375,139.624875,78.384,16,2,0.0030643181221858547,False
15695,,Expereo International BV,broadband,2025-Q3,2025,3,110.58935099708229,97.00949661605604,59.24576919097095,21.572382104759306,31.1946875,4.9625,16,11,0.0030643181221858547,False
13014,,Hewlett Packard France S.A.S.,broadband,2025-Q3,2025,3,10.361620994865449,2.7338119518158495,8.564117799736634,0.6705399103282498,219.9043125,237.421,16,6,0.0030643181221858547,False
61112,,AkileCloud Network,broadband,2025-Q3,2025,3,72.27113384741324,15.641490368422959,59.71502024591422,10.706655785486287,16.1084375,0.634,16,4,0.0030643181221858547,False
209554,,ISIF OU,broadband,2025-Q3,2025,3,216.7597096729762,20.58171622771036,161.31292688183277,13.383599285216281,4.5615625,1.0274999999999999,16,6,0.0030643181221858547,False
38235,,ANGKOR DATA COMMUNICATION,broadband,2025-Q3,2025,3,11.308874525855448,15.50649996421124,13.204242151928868,11.695507581808604,277.95079999999996,273.0,15,6,0.0028727982395492387,False
214483,,FiberPower LLC,broadband,2025-Q3,2025,3,74.7922668055856,6.357834590678314,58.45426016163795,4.628810501937349,10.563733333333333,1.557,15,7,0.0028727982395492387,False
3573,,Accenture LLP,broadband,2025-Q3,2025,3,96.48017030391709,69.36119934123603,72.59016230464448,59.07619389787834,119.50813333333332,170.491,15,12,0.0028727982395492387,False
63440,,TELNYX LLC,broadband,2025-Q3,2025,3,6.138787208139296,1.3622134030689454,4.501570853675124,2.027365244485537,277.66966666666667,239.393,15,1,0.0028727982395492387,False
45165,,Grey Advertising Limited,broadband,2025-Q3,2025,3,160.88597525841186,153.10138971873457,142.8592900014968,170.57583669141354,85.89807142857141,45.0645,14,7,0.0026812783569126228,False
13431,,"Millennium Partners, L.P.",broadband,2025-Q3,2025,3,145.38168795352524,134.04804875504942,149.59094405719557,131.40960189536253,1.0491428571428572,1.0,14,1,0.0026812783569126228,False
132242,,Hogarth Worldwide Pte,broadband,2025-Q3,2025,3,657.9993854167759,747.9267925604614,422.30294409419514,429.67545206222906,22.632357142857142,0.7495,14,2,0.0026812783569126228,False
41378,,Kirino LLC,broadband,2025-Q3,2025,3,93.21749673354064,24.970068669332896,115.45950393440519,1.0551674587321784,82.03257142857144,64.0,14,5,0.0026812783569126228,False
6461,,Zayo Bandwidth,broadband,2025-Q3,2025,3,71.60732282267273,54.711407916445935,72.03632112782533,48.23035317289208,133.36276923076923,210.0,13,4,0.002489758474276007,False
138610,,SAP SE,broadband,2025-Q3,2025,3,31.133366421483235,9.545988558214514,14.432512805658206,5.888233927092179,140.3353846153846,132.058,13,11,0.002489758474276007,False
59326,,DSO National Laboratories,broadband,2025-Q3,2025,3,151.01403310010377,212.5905787892958,190.2623491064993,242.22060442766428,1.4090833333333332,1.3425,12,5,0.002298238591639391,False
7700,,SINGAPORE TELECOMMUNICATIONS LTD,broadband,2025-Q3,2025,3,1.6773393304533657,0.14462205915709728,1.0470339670599842,0.0762934235068937,379.69733333333335,140.291,12,4,0.002298238591639391,False
137991,,Lifeway Singapore Pte. Ltd.,broadband,2025-Q3,2025,3,35.026744417283965,26.084535745284803,24.105835516748215,19.914225061709924,6.983833333333333,6.2545,12,5,0.002298238591639391,False
63981,,NTDKL,broadband,2025-Q3,2025,3,20.819568873193237,13.671859633980025,15.03757480864,10.67558115224308,125.00000000000001,130.26,12,5,0.002298238591639391,False
140610,,Bayer (South East Asia) Pte Ltd,broadband,2025-Q3,2025,3,43.221591537424565,37.35077691571921,16.573874542287534,23.890867642679446,56.022909090909096,41.273,11,2,0.002106718709002775,False
17978,,SERVCORP AUSTRALIAN HOLDINGS LTD,broadband,2025-Q3,2025,3,102.97335962095671,107.74468935126761,102.21308022121917,109.39084906809285,13.209272727272726,4.514,11,4,0.002106718709002775,False
151338,,POLONETWORK LIMITED,broadband,2025-Q3,2025,3,136.43437642137766,1.628525762340126,94.6042329278204,0.09507623383038664,0.37018181818181817,0.308,11,5,0.002106718709002775,False
134739,,"AGB Communication Co., Ltd",broadband,2025-Q3,2025,3,6.134296162070862,5.070132719040265,2.39618205228685,0.941456180207628,70.99063636363636,71.696,11,2,0.002106718709002775,False
19239,,KLA Corporation,broadband,2025-Q3,2025,3,240.97086080559194,217.08334412321437,158.8329590843312,129.64411754957848,12.923818181818179,3.636,11,1,0.002106718709002775,False
58580,,Fastrack Technology,broadband,2025-Q3,2025,3,189.43436963655657,172.00907036062702,226.46909163144795,195.97878024614914,87.24009090909091,88.449,11,9,0.002106718709002775,False
149020,,WebHorizon Internet Services,broadband,2025-Q3,2025,3,234.13460478766865,333.28547653219465,143.76483014524834,111.13271230792445,31.388454545454547,1.596,11,6,0.002106718709002775,False
57695,,"Misaka Network, Inc.",broadband,2025-Q3,2025,3,199.67446372703228,82.22961870983642,150.09331189280238,69.28661711453638,3.2565999999999997,0.2135,10,6,0.0019151988263661592,False
56173,,internet content provider,broadband,2025-Q3,2025,3,39.558425652643294,9.638615691220501,18.64226413359691,10.420502556463404,238.0277,220.5125,10,7,0.0019151988263661592,False
153325,,Next Era Pte. Ltd.,broadband,2025-Q3,2025,3,803.2070867070837,750.8890294506996,513.4143999185898,457.8312367634202,52.607299999999995,51.657,10,7,0.0019151988263661592,False
64003,,8 Anthony Road,broadband,2025-Q3,2025,3,33.228444676887804,22.1323809130182,40.29588413062766,25.636114496863524,28.6512,2.5,10,3,0.0019151988263661592,False
43180,,Trunk Networks LTD,broadband,2025-Q3,2025,3,30.446829465434252,21.524792956746865,33.41698598353414,27.830201501442637,288.9233,300.3375,10,3,0.0019151988263661592,False
139883,,SPTEL PTE. LTD.,broadband,2025-Q3,2025,3,123.53876712511654,132.49464368171738,32.2580325954129,20.258881531567887,4.8737,3.474,10,2,0.0019151988263661592,False
997,,Beyotta Services LLP,broadband,2025-Q3,2025,3,79.68357546906445,26.44186427971451,59.53895999225571,27.129468060342862,21.2372,0.7224999999999999,10,5,0.0019151988263661592,False
133391,,SYSNETPRO SOLUTION PTE LTD,broadband,2025-Q3,2025,3,73.36911656594648,51.16184934735333,47.577830934281494,24.459621855423052,61.4106,85.15549999999999,10,1,0.0019151988263661592,False
38891,,Measat Satellite Systems Sdn. Bhd.,broadband,2025-Q3,2025,3,0.3991571408791671,0.33026699246396973,0.3294057797097556,0.26886053058381454,7.022,6.6895,10,2,0.0019151988263661592,False
134363,,EZIT Solutions Pte Ltd,broadband,2025-Q3,2025,3,19.17823212123752,4.20841606342486,22.56230731713282,4.98414454150136,219.97322222222223,267.185,9,1,0.0017236789437295433,False
132850,,TS Global Network Sdn. Bhd.,broadband,2025-Q3,2025,3,6.211035177590521,1.6377281880888255,1.9842901320790403,1.1504690225894432,129.87855555555558,50.896,9,4,0.0017236789437295433,False
6279,,PCCW Global (HK) Ltd.,broadband,2025-Q3,2025,3,7.246248448516466,5.091573981087417,5.249491080033485,1.3062904547054037,325.90162499999997,300.433,8,2,0.0015321590610929273,False
64050,,BGP Network Limited,broadband,2025-Q3,2025,3,9.975270150141082,4.558744633690279,6.751584796622609,0.8468976869987296,200.4245,168.0775,8,3,0.0015321590610929273,False
139628,,"Mega Truenet Communication Co., Ltd.",broadband,2025-Q3,2025,3,9.41023529039025,4.544368812218433,10.016416336648279,4.917438590582246,53.477875,56.6695,8,2,0.0015321590610929273,False
150436,,Byteplus Pte. Ltd.,broadband,2025-Q3,2025,3,403.5222191508909,962.5678702926741,15.74314573295617,3.0765498842568175,15.511714285714286,3.0,7,4,0.0013406391784563114,False
401783,,TOKALA COMMUNICATIONS INC.,broadband,2025-Q3,2025,3,27.99641964015631,21.66990403812179,15.188295787941154,19.108737371800945,0.8977142857142857,0.887,7,2,0.0013406391784563114,False
154177,,LIGHT NODE LIMITED,broadband,2025-Q3,2025,3,24.857265813601394,7.6850179778070595,26.913239569419346,7.6850179778070595,56.14785714285715,39.821,7,3,0.0013406391784563114,False
17350,,Moody's Corp.,broadband,2025-Q3,2025,3,122.78535968309208,150.8026426576612,173.9131165911435,175.09135016375984,87.94371428571428,101.861,7,3,0.0013406391784563114,False
16731,,Royal Bank of Canada,broadband,2025-Q3,2025,3,7.625434510770527,2.062968702575827,4.47626901564265,0.4663088240969995,246.13785714285717,254.272,7,2,0.0013406391784563114,False
32884,,"DV TRADING, LLC",broadband,2025-Q3,2025,3,44.759076983278035,46.8068264520782,55.602125627360856,75.7907061737293,276.4934285714286,261.921,7,1,0.0013406391784563114,False
216139,,Iron Hosting Centre LTD,broadband,2025-Q3,2025,3,1.2550779976887265,0.1554948848361383,0.8143915673804405,0.13561740918080895,159.38357142857143,141.276,7,1,0.0013406391784563114,False
141760,,Mercedes-Benz Singapore Pte. Ltd.,broadband,2025-Q3,2025,3,59.54291818709401,62.66858663389255,46.472258549635455,7.314143443225348,129.118,76.527,7,5,0.0013406391784563114,False
216245,,CYBERJET PTE. LTD.,broadband,2025-Q3,2025,3,71.95049867523845,38.73301720204205,71.6821165811279,31.868156094333973,0.367,0.24,6,3,0.0011491192958196954,False
23764,,CTGNet,broadband,2025-Q3,2025,3,63.04298778112193,63.78258976528656,79.96858971536608,94.346358552099,8.883666666666667,3.683,6,1,0.0011491192958196954,False
19773,,"Motorola, Inc.",broadband,2025-Q3,2025,3,33.56021965062538,24.07166653083961,13.600543714788898,10.96265466971877,197.6315,230.0755,6,5,0.0011491192958196954,False
931,,Hyonix,broadband,2025-Q3,2025,3,1927.150642705821,1296.458436887807,1933.728518933092,481.6895699073655,0.6053333333333333,0.5835,6,6,0.0011491192958196954,False
26383,,Baxet Group Inc.,broadband,2025-Q3,2025,3,60.82790110554447,9.559115126253134,73.37035528487215,7.51409414884939,99.618,101.0,6,4,0.0011491192958196954,False
59210,,PhoenixNAP,broadband,2025-Q3,2025,3,507.31675774403635,477.82714220865023,529.7972121906373,507.6816287031527,46.661333333333324,21.73,6,4,0.0011491192958196954,False
11179,,"Aryaka Networks, Inc.",broadband,2025-Q3,2025,3,48.57109026003857,6.630044672587808,52.23621065802594,5.7838055500475525,242.9533333333333,247.3015,6,1,0.0011491192958196954,False
30417,,BTIG LLC,broadband,2025-Q3,2025,3,11.597552664851532,0.08886444615190311,11.84770096945801,0.08886444615190311,217.1063333333333,207.31,6,1,0.0011491192958196954,False
212336,,ByteVirt LLC,broadband,2025-Q3,2025,3,42.609901174528325,27.144383067148862,25.864789132807587,4.147461567733019,320.7375,51.6225,6,4,0.0011491192958196954,False
14630,,"Invesco Group Services, Inc.",broadband,2025-Q3,2025,3,97.52448452329867,0.09512237361579008,51.675228153500015,0.09512237361579008,18.716166666666666,19.4365,6,2,0.0011491192958196954,False
15224,,Adobe Inc.,broadband,2025-Q3,2025,3,579.1948392008748,207.9771401569244,740.6810540361489,1.436990064544666,66.15716666666667,1.541,6,3,0.0011491192958196954,False
17886,,Matrix Networks Pte Ltd,broadband,2025-Q3,2025,3,18.90136244788062,13.153576732790025,19.051314212380177,8.479018511307755,14.446666666666667,14.541,6,1,0.0011491192958196954,False
29286,,SKYLOGIC S.P.A.,broadband,2025-Q3,2025,3,0.7085818831418565,,0.7644673761073977,,212.56816666666666,214.27499999999998,6,1,0.0011491192958196954,False
24182,,Interpublic GIS,broadband,2025-Q3,2025,3,177.39804045359932,71.14565242790877,169.3261754367709,86.00420138529515,20.1894,3.53,5,1,0.0009575994131830796,False
135525,,"Exoduspoint Capital Management Singapore, Pte. Ltd.",broadband,2025-Q3,2025,3,516.2941355871528,3.7423630558739243,649.5108034846315,3.7423630558739243,2.7986,0.386,5,1,0.0009575994131830796,False
6660,,VODAFONE ENTERPRISE EQUIPMENT LIMITED,broadband,2025-Q3,2025,3,38.64912677494129,31.5453637007933,37.43221456468737,10.758582014628484,68.6108,30.123,5,3,0.0009575994131830796,False
10236,,AXA Technology Services Asia (HK) Limited,broadband,2025-Q3,2025,3,30.057732356270044,1.1709253732963365,28.68426270076821,1.1709253732963365,78.06679999999999,86.743,5,3,0.0009575994131830796,False
60486,,Swiss Networking Solutions AG,broadband,2025-Q3,2025,3,14.049495566673224,2.967079137818411,11.482643303743803,1.1456440971560677,260.0444,244.69,5,3,0.0009575994131830796,False
22612,,"Namecheap, Inc.",broadband,2025-Q3,2025,3,57.75017993182324,21.546951734913,52.49423125403812,1.2432554705955179,261.64140000000003,242.455,5,4,0.0009575994131830796,False
132576,,Worley Limited,broadband,2025-Q3,2025,3,115.03158763696104,42.75222569737696,89.37617112077025,27.6022395130785,114.0232,188.252,5,2,0.0009575994131830796,False
138341,,SHOPEE SINGAPORE PRIVATE LIMITED,broadband,2025-Q3,2025,3,118.2839300416459,45.0677738400139,33.33600425598298,31.625313224670073,29.286,27.441,5,2,0.0009575994131830796,False
132824,,Beyotta Network LLP,broadband,2025-Q3,2025,3,4.427871380072483,3.3774650142013223,4.4157038865313405,3.740447295156046,97.83400000000002,84.442,5,2,0.0009575994131830796,False
135391,,AOFEI DATA INTERNATIONAL COMPANY LIMITED,broadband,2025-Q3,2025,3,9.270422444687878,8.447294276099637,2.470064469471809,7.52768674790358,92.35159999999999,96.53,5,3,0.0009575994131830796,False
7246,,Bristol-Myers Squibb Company,broadband,2025-Q3,2025,3,6.299768800693886,14.94280094198568,6.309580907246347,12.18084869003459,53.888999999999996,34.171,5,2,0.0009575994131830796,False
10074,,iBasis Singapore ICO,broadband,2025-Q3,2025,3,77.59753836424606,34.002733788877045,78.4350650881862,50.01139671161404,196.80339999999998,197.67,5,2,0.0009575994131830796,False
64086,,Australia and New Zealand Banking Group Limited (ANZ),broadband,2025-Q3,2025,3,70.71505755974874,103.81253698488551,52.356334822005905,44.8449374094882,52.622,48.9185,4,4,0.0007660795305464637,False
9247,,National Institute of Education,broadband,2025-Q3,2025,3,267.05641137435987,245.22722169375749,312.6345865105641,245.22722169375749,7.308249999999999,6.0255,4,4,0.0007660795305464637,False
48266,,Catixs Ltd,broadband,2025-Q3,2025,3,28.032345168715743,0.1929985332111476,27.804008010053543,0.1929985332111476,0.3185,0.305,4,2,0.0007660795305464637,False
132364,,TEC,broadband,2025-Q3,2025,3,850.2851328765967,614.5079984458283,847.5752024114947,615.1402892240073,2.746,2.6545,4,2,0.0007660795305464637,False
137182,,BLUE WIRELESS PTE LTD,broadband,2025-Q3,2025,3,54.86002321252319,6.975470089621197,23.901224957940222,3.0832026172545226,57.97,52.849999999999994,4,3,0.0007660795305464637,False
56308,,"TELEKOMUNIKASI INDONESIA INTERNATIONAL, PTE.LTD",broadband,2025-Q3,2025,3,85.69451351455693,48.64939936173156,95.37896991548219,47.76247679492186,2.69375,1.3755,4,2,0.0007660795305464637,False
139028,,Singapore Technologies Engineering Ltd,broadband,2025-Q3,2025,3,45.781940721857985,55.956056357245444,46.77012506110644,64.51892891755656,2.8275,2.6965000000000003,4,2,0.0007660795305464637,False
29457,,Options Technology Ltd,broadband,2025-Q3,2025,3,448.00389931317625,233.6032906240287,429.8060833967072,56.18513064814052,43.808,1.784,4,1,0.0007660795305464637,False
133136,,MyRepublic Ltd.,broadband,2025-Q3,2025,3,77.02982976137524,0.08203614884545797,63.06407768151675,0.08203614884545797,3.9539999999999997,4.281000000000001,4,2,0.0007660795305464637,False
136149,,MediaCorp Pte Ltd,broadband,2025-Q3,2025,3,180.21309472675694,158.82284604272678,94.29241181179681,93.19007843280576,5.16625,1.017,4,1,0.0007660795305464637,False
135066,,Schroders Investment Management (Singapore) Limited,broadband,2025-Q3,2025,3,37.31911213013899,24.09884418982629,19.28284665796368,13.80451681747789,2.077,1.98,4,1,0.0007660795305464637,False
24038,,"Fujitsu Asia Pte Ltd, NOC and RIM",broadband,2025-Q3,2025,3,35.6022354476513,32.02104788497344,31.788833406970063,19.788627918665078,27.0935,27.718,4,1,0.0007660795305464637,False
138699,,TIKTOK PTE. LTD.,broadband,2025-Q3,2025,3,16.899148847172484,0.08725050199598403,8.013028624691785,0.08725050199598403,216.94799999999998,192.8765,4,3,0.0007660795305464637,False
5091,,"Stripe, Inc.",broadband,2025-Q3,2025,3,210.45910481599432,306.345988990753,244.95034559503526,306.345988990753,48.020250000000004,4.175000000000001,4,3,0.0007660795305464637,False
18402,,NATIONAL LIBRARY BOARD,broadband,2025-Q3,2025,3,150.79780810759533,166.00835642720898,82.20140500047697,166.00835642720898,2.4066666666666667,2.064,3,1,0.0005745596479098477,False
16875,,AON Corporation,broadband,2025-Q3,2025,3,20.493499503652945,11.689407585482103,18.514049338572065,13.96412101732113,177.76466666666667,171.0,3,1,0.0005745596479098477,False
136471,,Optiver Pty Ltd,broadband,2025-Q3,2025,3,61.73633287377643,66.93418436152342,53.12059457803912,63.51199575763267,219.025,217.297,3,1,0.0005745596479098477,False
55426,,Amphenol FCI Asia Pte Ltd,broadband,2025-Q3,2025,3,27.771198283792174,9.68485266293276,15.131936109840487,0.5847481795691764,25.586,14.623,3,1,0.0005745596479098477,False
13167,,Merck KGaA,broadband,2025-Q3,2025,3,8.247890439406813,2.960518011416084,8.794049218599461,0.9395260494410238,370.9963333333333,410.668,3,1,0.0005745596479098477,False
151326,,DCConnect Communication Pte. Ltd.,broadband,2025-Q3,2025,3,3.1684434382438553,1.0359274730935928,3.1756142315918647,1.0359274730935928,117.71866666666665,113.441,3,1,0.0005745596479098477,False
174,Cogent,"Cogent Communications, LLC",broadband,2025-Q3,2025,3,14.477801563265208,3.311808535096603,9.085117526963325,3.311808535096603,156.13166666666666,196.058,3,2,0.0005745596479098477,False
9422,,PT SOLNET INDONESIA,broadband,2025-Q3,2025,3,12.698634146673163,3.131346693227578,8.43465329797303,3.131346693227578,43.53966666666667,58.94,3,3,0.0005745596479098477,False
17003,,Zoetis Inc.,broadband,2025-Q3,2025,3,14.728845353418812,4.339304146262684,12.818746225389539,4.339304146262684,324.6306666666667,297.581,3,1,0.0005745596479098477,False
138995,,Antbox Networks Limited,broadband,2025-Q3,2025,3,12.508736891399273,6.029852893865059,12.714538554630447,4.908299781594958,167.84166666666667,179.363,3,3,0.0005745596479098477,False
395266,,"Keysight Technologies, Inc",broadband,2025-Q3,2025,3,44.69948655224539,37.54683474943935,40.922276959334226,39.67313066149547,46.69733333333334,42.368,3,3,0.0005745596479098477,False
10122,,NETSTAR (SG) PTE. LTD.,broadband,2025-Q3,2025,3,28.637810395709874,28.717081141694095,33.20814857183999,27.718829455984608,108.34233333333333,36.0,3,2,0.0005745596479098477,False
136448,,AIA Shared Services (Hong Kong) Ltd,broadband,2025-Q3,2025,3,30.62763898758956,35.77824143665928,13.065863324384042,35.77824143665928,82.916,39.0,3,2,0.0005745596479098477,False
28959,,Vitol Services Ltd,broadband,2025-Q3,2025,3,651.8275701339178,756.658494074915,848.0386225556715,765.3892740046698,1.2783333333333333,1.0,3,1,0.0005745596479098477,False
54535,,"Nike, Inc.",broadband,2025-Q3,2025,3,7.457928200632259,0.03461952970472414,2.823394314101577,0.03461952970472414,100.74866666666667,108.351,3,2,0.0005745596479098477,False
44493,,Chelyabinsk-Signal LLC,broadband,2025-Q3,2025,3,15.708953366272567,,21.50931564160068,,91.599,62.384,3,1,0.0005745596479098477,False
3738,,State Street Bank and Trust Company,broadband,2025-Q3,2025,3,48.83997207328718,2.562160437969708,66.98913311630032,2.8430036010086783,214.97966666666665,175.868,3,1,0.0005745596479098477,False
135048,,Singapore Pools (Private) Limited,broadband,2025-Q3,2025,3,172.37273130928514,176.76928725981801,172.37273130928514,176.76928725981801,2.229,2.229,2,1,0.00038303976527323183,False
17060,,NBCUniversal,broadband,2025-Q3,2025,3,0.19332881019238923,0.5763360683121738,0.19332881019238923,0.5763360683121738,1001.509,1001.509,2,1,0.00038303976527323183,False
11746,,"Waggener Edstrom Worldwide, Inc.",broadband,2025-Q3,2025,3,219.1118422730098,237.29477142381097,219.1118422730098,237.29477142381097,4.511,4.511,2,1,0.00038303976527323183,False
10100,,UBS Group AG,broadband,2025-Q3,2025,3,180.10351212274477,152.46489599963752,180.10351212274477,152.46489599963752,82.691,82.691,2,1,0.00038303976527323183,False
134835,,Starry Network Limited,broadband,2025-Q3,2025,3,14.455049512189515,45.81807106471554,14.455049512189515,45.81807106471554,0.7765,0.7765,2,1,0.00038303976527323183,False
132132,,MyRepublic Ltd.,broadband,2025-Q3,2025,3,4.656721710985761,0.08268517634306564,4.656721710985761,0.08268517634306564,98.125,98.125,2,1,0.00038303976527323183,False
152644,,QINIU Limited,broadband,2025-Q3,2025,3,132.7540845101754,130.64859658935057,132.7540845101754,130.64859658935057,32.907,32.907,2,2,0.00038303976527323183,False
39180,,LASOTEL SAS,broadband,2025-Q3,2025,3,120.27428366831546,122.81977601276155,120.27428366831546,122.81977601276155,7.2765,7.2765,2,2,0.00038303976527323183,False
199053,,Euronodes Ltd,broadband,2025-Q3,2025,3,90.87214953010978,11.5371785741751,90.87214953010978,10.368126924967983,0.8165,0.8165,2,1,0.00038303976527323183,False
136736,,NEOLINK TECHNOLOGY PTE. LTD.,broadband,2025-Q3,2025,3,30.83048387281846,0.22273683347424092,30.83048387281846,0.22273683347424092,198.7065,198.7065,2,2,0.00038303976527323183,False
209699,,Coaxial Cable LLC,broadband,2025-Q3,2025,3,73.17217177657913,44.13975121011835,73.17217177657913,44.13975121011835,0.372,0.372,2,1,0.00038303976527323183,False
32537,,Xilinx Incorporated,broadband,2025-Q3,2025,3,431.49118525728863,857.0027993323887,431.49118525728863,857.0027993323887,40.717,40.717,2,1,0.00038303976527323183,False
216101,,Homura Network Limited,broadband,2025-Q3,2025,3,629.9459118601789,2.9972670088005278,629.9459118601789,2.9972670088005278,0.2055,0.2055,2,1,0.00038303976527323183,False
135607,Infinivan,Infinivan Incorporated,broadband,2025-Q3,2025,3,70.61179166628403,,70.61179166628403,,42.985,42.985,2,1,0.00038303976527323183,False
139646,,"HONG KONG LIGHTLAYER TECHNOLOGY CO., LIMITED",broadband,2025-Q3,2025,3,53.548934947536935,7.505161327150544,53.548934947536935,7.505161327150544,205.9225,205.9225,2,1,0.00038303976527323183,False
139021,,West263 International Limited,broadband,2025-Q3,2025,3,5.490378113119845,2.364468570337299,5.490378113119845,2.364468570337299,11.1655,11.1655,2,2,0.00038303976527323183,False
64079,,China Telecom Global Limited,broadband,2025-Q3,2025,3,1.924083778737794,1.051231331308121,1.924083778737794,1.051231331308121,417.717,417.717,2,1,0.00038303976527323183,False
55706,,G1 Enterprise 1 Technology Park Malaysia,broadband,2025-Q3,2025,3,36.30310919533282,10.352148236562822,36.30310919533282,10.352148236562822,224.67849999999999,224.67849999999999,2,1,0.00038303976527323183,False
136733,,Racks Central Pte Ltd,broadband,2025-Q3,2025,3,17.635610690478373,25.20471370654143,17.635610690478373,25.20471370654143,153.5405,153.5405,2,2,0.00038303976527323183,False
10099,,China Unicom Global,broadband,2025-Q3,2025,3,46.44885479788158,56.299998642104164,46.44885479788158,56.299998642104164,39.8215,39.8215,2,1,0.00038303976527323183,False
131582,,QUAPE PTE LTD,broadband,2025-Q3,2025,3,919.0069724102045,,919.0069724102045,,2.67,2.67,2,1,0.00038303976527323183,False
153560,,202208375N,broadband,2025-Q3,2025,3,42.04809231993133,31.092216952751322,42.04809231993133,31.092216952751322,108.828,108.828,2,2,0.00038303976527323183,False
1766,,Exxon Mobil Corporation,broadband,2025-Q3,2025,3,67.44795827448706,83.60467534623352,67.44795827448706,83.60467534623352,256.633,256.633,1,1,0.00019151988263661592,False
136599,,IEC Telecom Singapore Pte Ltd,broadband,2025-Q3,2025,3,2.4499272831790933,0.9939854847699275,2.4499272831790933,0.9939854847699275,104.652,104.652,1,1,0.00019151988263661592,False
39337,,JSC Corp Soft,broadband,2025-Q3,2025,3,126.97926492955226,0.04849241206070352,126.97926492955226,0.04849241206070352,8.368,8.368,1,1,0.00019151988263661592,False
132277,,XTRA COMMUNICATION,broadband,2025-Q3,2025,3,55.06782055030924,17.285892563299114,55.06782055030924,17.285892563299114,22.967,22.967,1,1,0.00019151988263661592,False
1248,,HERE Global BV,broadband,2025-Q3,2025,3,8.821438406262613,10.256622554634063,8.821438406262613,10.256622554634063,712.461,712.461,1,1,0.00019151988263661592,False
133322,,XIMBO Internet Limited,broadband,2025-Q3,2025,3,19.515640558337,,19.515640558337,,37.085,37.085,1,1,0.00019151988263661592,False
55781,,Fujitsu Asia Pte. Ltd.,broadband,2025-Q3,2025,3,0.8310799242338539,,0.8310799242338539,,2.631,2.631,1,1,0.00019151988263661592,False
18692,,Neuberger Berman,broadband,2025-Q3,2025,3,3.2257330635957655,,3.2257330635957655,,246.992,246.992,1,1,0.00019151988263661592,False
38166,,Standard Chartered Bank (Hong Kong) Limited.Banking and,broadband,2025-Q3,2025,3,67.4218274789227,69.74900870277563,67.4218274789227,69.74900870277563,33.824,33.824,1,1,0.00019151988263661592,False
141364,,Bayer (South East Asia) Pte Ltd,broadband,2025-Q3,2025,3,17.055805319023456,0.44334218626516575,17.055805319023456,0.44334218626516575,11.825,11.825,1,1,0.00019151988263661592,False
150171,,DIGISIGMA PTE. LTD.,broadband,2025-Q3,2025,3,8.403383165699683,5.0977573023166585,8.403383165699683,5.0977573023166585,78.497,78.497,1,1,0.00019151988263661592,False
200017,,Elisteka UAB,broadband,2025-Q3,2025,3,0.5344994923215151,,0.5344994923215151,,362.626,362.626,1,1,0.00019151988263661592,False
1449,,"PayPal, Inc.",broadband,2025-Q3,2025,3,40.20702088136613,43.99846604095671,40.20702088136613,43.99846604095671,0.55,0.55,1,1,0.00019151988263661592,False
137563,,Flow Traders Asia Pte. Ltd.,broadband,2025-Q3,2025,3,49.588859492560694,34.20140749507377,49.588859492560694,34.20140749507377,0.948,0.948,1,1,0.00019151988263661592,False
400031,,GigaPacket LLC,broadband,2025-Q3,2025,3,236.45094996027626,47.07672958968237,236.45094996027626,47.07672958968237,36.612,36.612,1,1,0.00019151988263661592,False
9292,,21 Tampines Avenue 1,broadband,2025-Q3,2025,3,94.5949594630349,,94.5949594630349,,2.293,2.293,1,1,0.00019151988263661592,False
31713,,Gateway Communications,broadband,2025-Q3,2025,3,127.10471054449484,17.017031575671737,127.10471054449484,17.017031575671737,96.688,96.688,1,1,0.00019151988263661592,False
7054,,"Merck and Co., Inc.",broadband,2025-Q3,2025,3,103.30524483027644,,103.30524483027644,,1.387,1.387,1,1,0.00019151988263661592,False
152583,,TENNDA COMMUNICATION PTE.LTD.,broadband,2025-Q3,2025,3,25.72361101314549,19.225823857752946,25.72361101314549,19.225823857752946,142.908,142.908,1,1,0.00019151988263661592,False
21734,,"Trading Technologies Intl, Inc.",broadband,2025-Q3,2025,3,88.25063405462213,54.42709931721124,88.25063405462213,54.42709931721124,206.972,206.972,1,1,0.00019151988263661592,False
136552,,Pacific Comnet (M) Sdn. Bhd.,broadband,2025-Q3,2025,3,23.831943527698545,279.7258426692136,23.831943527698545,279.7258426692136,10.284,10.284,1,1,0.00019151988263661592,False
49544,,i3D.net B.V,broadband,2025-Q3,2025,3,89.9200383656175,130.13342618498606,89.9200383656175,130.13342618498606,2.475,2.475,1,1,0.00019151988263661592,False
139617,,ISEAS Yusof Ishak Institute,broadband,2025-Q3,2025,3,92.42904819933253,89.9579488914835,92.42904819933253,89.9579488914835,4.932,4.932,1,1,0.00019151988263661592,False
64049,,Reliance Jio Infocomm Pte Ltd Singapore,broadband,2025-Q3,2025,3,24.598199099049552,23.688371698605284,24.598199099049552,23.688371698605284,281.357,281.357,1,1,0.00019151988263661592,False
53855,,Ripple,broadband,2025-Q3,2025,3,870.3267572344728,126.43080745122988,870.3267572344728,126.43080745122988,4.656,4.656,1,1,0.00019151988263661592,False
139636,,WORKDAY AUSTRALIA PTY LTD,broadband,2025-Q3,2025,3,97.73649240265775,99.25425811496058,97.73649240265775,99.25425811496058,132.982,132.982,1,1,0.00019151988263661592,False
59217,,Azonne Limited,broadband,2025-Q3,2025,3,29.981245268195007,,29.981245268195007,,37.0,37.0,1,1,0.00019151988263661592,False
133134,,AION TECHNOLOGIES PTE LTD,broadband,2025-Q3,2025,3,187.50914477049201,192.47916891457638,187.50914477049201,192.47916891457638,1.9,1.9,1,1,0.00019151988263661592,False
14127,,Iland Internet Solutions Corporation,broadband,2025-Q3,2025,3,96.09205497906805,81.80555398889202,96.09205497906805,81.80555398889202,176.682,176.682,1,1,0.00019151988263661592,False
63916,,IPTELECOM Global,broadband,2025-Q3,2025,3,25.56029749741124,,25.56029749741124,,324.401,324.401,1,1,0.00019151988263661592,False
9890,,ATOS Information Technology (Singapore) Pte Ltd,broadband,2025-Q3,2025,3,17.068167036399114,17.53733063110423,17.068167036399114,17.53733063110423,148.912,148.912,1,1,0.00019151988263661592,False
151958,,Sorb Security PTE. LTD.,broadband,2025-Q3,2025,3,44.73979366706659,86.14868304358683,44.73979366706659,86.14868304358683,1.787,1.787,1,1,0.00019151988263661592,False
4907,,IENS TECHNOLOGY PTE. LTD,broadband,2025-Q3,2025,3,8.608792131047416,,8.608792131047416,,33.698,33.698,1,1,0.00019151988263661592,False
132204,,CORETEL NETWORKS (INTERNATIONAL) PTE LTD,broadband,2025-Q3,2025,3,27.929958860360756,13.172469178629102,27.929958860360756,13.172469178629102,0.29,0.29,1,1,0.00019151988263661592,False
203724,,Musarubra Germany GmbH,broadband,2025-Q3,2025,3,55.39317372569695,0.09943514160657874,55.39317372569695,0.09943514160657874,67.973,67.973,1,1,0.00019151988263661592,False
28931,,TriOptima AB,broadband,2025-Q3,2025,3,6.249212820556452,60.3818326451002,6.249212820556452,60.3818326451002,253.389,253.389,1,1,0.00019151988263661592,False
211029,,XTX Markets Limited,broadband,2025-Q3,2025,3,834.5382143086713,511.81916136059976,834.5382143086713,511.81916136059976,1.115,1.115,1,1,0.00019151988263661592,False
55430,,Starhub Ltd,broadband,2025-Q4,2025,4,326.2302018579062,291.1261103967945,202.39324556472496,155.99541961145098,11.492223136818682,4.365,103434,52362,28.042141563553947,True
9506,,Singtel Fibre Broadband,broadband,2025-Q4,2025,4,239.37183381949583,201.9207586316446,164.01544101137256,96.92370988212076,35.92754480598379,36.463,89749,31588,24.331981390910176,True
4773,,MobileOne Ltd. Mobile/Internet Service Provider Singapore,broadband,2025-Q4,2025,4,433.9666674785125,419.7853032422713,233.77489574653802,158.56652613723497,9.131554446403165,4.724,47097,15576,12.76853588973355,True
56300,,MyRepublic Ltd.,broadband,2025-Q4,2025,4,376.6266749447867,336.73751253442435,223.2966990815438,163.53062920318658,14.663769818529135,4.938,30371,3710,8.233925802218776,True
4817,,Simba Telecom Pte Ltd,broadband,2025-Q4,2025,4,375.9628255491549,289.85898506439963,247.6253922427674,114.9304390714455,8.80429417326557,4.243,16927,6131,4.589103488662119,True
3758,,SingNet,broadband,2025-Q4,2025,4,210.11913176279074,198.83433220332446,93.47123285640953,77.96079582802676,27.16346735501421,4.8815,16175,4208,4.385227679394445,True
18106,,Viewqwest Pte Ltd,broadband,2025-Q4,2025,4,364.09422083738417,268.97445387835637,211.7708324086817,117.46116064915363,9.23266058969165,4.146,8888,1219,2.4096385542168677,True
135600,,Whiz Communications Pte Ltd,broadband,2025-Q4,2025,4,348.4027138205263,296.2043499946397,241.3386445121907,151.11060920568076,12.446827411167513,4.285,7884,2494,2.1374426599286434,True
4657,,StarHub Ltd,broadband,2025-Q4,2025,4,215.1735920835126,221.46351730612864,87.17688865191386,75.46299248676837,10.207779958677682,3.897,7746,2147,2.1000292800364373,True
17547,,M1 NET LTD,broadband,2025-Q4,2025,4,167.8007424040252,124.76442360572007,95.34956456276336,38.34376154994456,41.98739278234251,5.23,6208,1624,1.6830598722522854,True
393559,,"WEBBING USA, INC.",broadband,2025-Q4,2025,4,22.622038755035696,8.563235945542498,10.046162072325519,2.1173229136173917,220.34024628055255,182.534,3764,100,1.0204634921323457,True
23856,,SPTEL PTE. LTD.,broadband,2025-Q4,2025,4,120.95280984492445,67.47696844984542,55.27980797065763,14.215937760954684,87.72078618732262,6.28,3171,565,0.8596944031752572,True
44022,,Barclays Bank PLC,broadband,2025-Q4,2025,4,9.344401915792385,12.604634115950272,8.134401696860856,7.665457849863273,168.95919557416272,167.2425,1672,2,0.453298341882381,True
132356,,Changi Airport Group (Singapore) Pte Ltd,broadband,2025-Q4,2025,4,89.60404931531582,83.28020874931039,74.33986340572937,68.95876862056006,5.394511874999999,3.8505000000000003,1600,69,0.4337783175907952,True
141995,,Contabo Asia Private Limited,broadband,2025-Q4,2025,4,14.056000804490559,4.611658432126154,8.74165788348382,0.4022911157434551,111.98441761723703,53.301,1578,89,0.42781386572392177,True
136258,,"BrainStorm Network, Inc",broadband,2025-Q4,2025,4,17.38867501300209,3.3862093165289844,11.432394795250627,0.3041252328837913,184.95024999999998,162.7615,1232,95,0.33400930454491234,True
212238,,Datacamp Limited,broadband,2025-Q4,2025,4,33.55808458984176,13.836899579854798,22.991813579815215,4.0661642270647675,111.88767452402541,162.348,1103,74,0.29903592768915443,True
8220,,COLT Technology Services Group Limited,broadband,2025-Q4,2025,4,826.1039892749686,813.8105808269029,909.8034956945509,877.4879440849621,2.9053103825136612,1.627,915,41,0.24806697537223601,True
16509,,"Amazon.com, Inc.",broadband,2025-Q4,2025,4,24.458514415745277,11.632203172226628,15.11865297563873,5.071585512468557,253.4839767955802,283.686,905,70,0.24535586088729355,True
9419,,Nanyang Technological University,broadband,2025-Q4,2025,4,289.5662812734643,120.30572915815003,157.47692571762468,29.12380511527609,3.7354422222222223,3.012,900,181,0.2440003036448223,True
133466,,Robert Bosch GmbH,broadband,2025-Q4,2025,4,37.39156229310857,21.366113266359605,19.65741313169122,5.075253400252151,30.89104199772985,1.487,881,20,0.23884918612343162,True
62654,,"MENLO SECURITY, INC.",broadband,2025-Q4,2025,4,875.1225292630862,879.7954627334216,884.7838350210843,881.456563760786,2.56831990521327,2.3405,844,67,0.22881806252914447,True
7472,,NUS Information Technology,broadband,2025-Q4,2025,4,76.07370348636461,61.23231647818708,88.91437791083567,63.977410571679656,14.602694555112882,4.152,753,344,0.204146920716168,True
5580,,GTT Communications Netherlands B.V.,broadband,2025-Q4,2025,4,150.80323136924827,161.7114000667644,187.9223267111625,193.16120236822564,50.79206811989103,31.9055,734,9,0.1989958031947773,True
(unknown),,,broadband,2025-Q4,2025,4,128.50293866789428,102.32806538939093,64.4436802777742,21.99285848906551,20.776914835164835,0.891,728,160,0.19736913450381183,True
5065,,Bunny Communications,broadband,2025-Q4,2025,4,77.64434745296519,19.350989751213163,77.8349523854381,18.48936121281714,161.8425230125523,175.178,717,7,0.1943869085703751,True
4352,,EMERSON ASIA PACIFIC PRIVATE LIMITED,broadband,2025-Q4,2025,4,45.312371213430616,27.70297481687381,27.73377197894501,13.352517649234581,110.0085569823435,82.964,623,11,0.16890243241191588,True
38258,,Sony - ASN for Asia Pacific,broadband,2025-Q4,2025,4,41.34244580882685,20.755605091663845,19.837198155953374,2.3200029067734724,139.12096875,93.17949999999999,545,326,0.14775573942936462,True
140443,,PT Herza Digital Indonesia,broadband,2025-Q4,2025,4,53.194339412919454,11.192766019207163,36.93209759233699,4.474047286892943,7.211359413202934,0.668,409,33,0.11088458243414703,True
55415,,4 Shenton Way,broadband,2025-Q4,2025,4,86.06790848228637,98.69454869746146,59.656123052654536,84.27363398652868,5.651664921465969,3.3515,382,47,0.10356457332480236,True
394984,,"Fragomen, Del Rey, Bernsen & Loewy, LLP",broadband,2025-Q4,2025,4,9.006453917700258,5.734125423870105,7.919632960285974,5.581871078389024,211.13434647887328,207.127,355,1,0.09624456421545768,True
2559,,VISA INTERNATIONAL SERVICE ASSOCIATION,broadband,2025-Q4,2025,4,16.29291822807306,16.10542468702202,9.344254138734478,5.393773298909769,174.30607558139533,207.25,344,5,0.09326233828202098,True
49362,,DSV A/S,broadband,2025-Q4,2025,4,8.906288995457603,12.044958292313115,4.2961299859114845,10.651962001763092,106.62881515151514,158.4735,330,12,0.08946677800310152,True
10794,,"Bank of America, National Association",broadband,2025-Q4,2025,4,24.533928917913695,16.930589349216834,8.866534769331658,6.398304476284502,100.78977300613496,46.0,326,1,0.08838233220912453,True
4628,,Pacific Internet Pte Ltd,broadband,2025-Q4,2025,4,76.36577286680802,72.99020718289351,26.59693318248376,18.295552619797448,26.38429152542373,4.146,296,76,0.08024898875429712,True
15830,,Equinix (EMEA) Acquisition Enterprises B.V.,broadband,2025-Q4,2025,4,124.91197897684442,78.31583360696064,82.34488349908708,51.41501594961799,36.974398523985236,1.489,271,35,0.07347120254194094,True
133782,,Elsevier Ltd,broadband,2025-Q4,2025,4,35.68166710277271,34.75232515423392,12.025624448967502,7.5346286425572115,162.16326966292132,148.787,267,2,0.07238675674796395,True
2047,,Hoffmann - La Roche Ltd.,broadband,2025-Q4,2025,4,38.35887697311917,24.72654164977002,12.111774711228366,11.914824640758441,50.06163670411985,41.535,267,5,0.07238675674796395,True
56094,,ITENET:wq,broadband,2025-Q4,2025,4,127.61062867540177,104.10384993181789,57.21153081441298,62.30093484015373,37.42412015503876,6.295999999999999,258,13,0.06994675371151574,True
400514,,ESpace Networks,broadband,2025-Q4,2025,4,5.128953212165838,1.7514593237698133,2.488889818067545,0.16919890857274167,81.12508520179372,72.289,223,20,0.060457853014217085,True
133728,,Chubb Asia Pacific Pte Ltd,broadband,2025-Q4,2025,4,25.17365439993075,14.82135792089398,15.111356245995701,4.660519926211918,2.730287735849057,1.752,212,2,0.05747562708078037,True
10024,,LGA International,broadband,2025-Q4,2025,4,177.32324816002327,139.17341985514523,104.61126958499024,97.66532049360654,6.065882352941176,2.955,187,60,0.050697840868424195,True
17617,,Nanyang Polytechnic,broadband,2025-Q4,2025,4,111.64562656240604,135.22434221817537,19.08453232895734,33.332379923394555,31.21592349726776,3.599,183,1,0.0496133950744472,True
14593,Starlink,Space Exploration Technologies Corporation,broadband,2025-Q4,2025,4,59.66202888519761,7.6156185631202815,29.67639091675344,6.9938665737523955,24.178994318181818,20.2205,177,88,0.04798672638348172,True
9877,,Ngee Ann Polytechnic Computer Center,broadband,2025-Q4,2025,4,184.88449204185176,190.37037478741638,188.7138737039423,179.905385664803,3.5025952380952377,3.2805,168,40,0.045546723347033496,True
134078,,NETPLUZ HOLDINGS PRIVATE LIMITED,broadband,2025-Q4,2025,4,143.32238040874333,131.61716775680736,82.84922477874198,43.5410087256465,5.9642710843373505,3.4345,166,60,0.045004500450045004,True
401243,,Komi LLC,broadband,2025-Q4,2025,4,190.906230595879,19.52670427550832,92.53205517934366,13.627043820323703,3.63989156626506,0.235,166,22,0.045004500450045004,True
7862,,Chevron Corporation,broadband,2025-Q4,2025,4,36.564881338740115,35.50528511009684,23.82293502423446,22.593922434258236,225.90639130434784,263.196,164,32,0.04446227755305651,True
35163,,Procter & Gamble Service GmbH,broadband,2025-Q4,2025,4,387.76460418182705,460.35485613443245,434.83744671806903,654.6102774595698,73.27593918918919,31.9875,148,2,0.04012449437714856,True
28939,,ARM Ltd,broadband,2025-Q4,2025,4,227.04361912939802,220.31319346950193,138.93068011991775,153.0908089469462,94.30061904761904,130.422,147,3,0.03985338292865431,True
138539,,Jewel Changi Airport Trustee Pte. Ltd.,broadband,2025-Q4,2025,4,33.38521878948454,20.74516364830714,29.071940611833497,14.435358988720829,4.257402777777778,3.779,144,57,0.03904004858317157,True
131195,,SIM Headquarters,broadband,2025-Q4,2025,4,69.44780319615903,95.89825681927118,17.165062443771586,58.98494345917679,62.230146853146856,69.08,143,11,0.03876893713467732,True
23728,,Republic Polytechnic. Multihoming AS Singapore,broadband,2025-Q4,2025,4,82.94673233739518,86.13604161408126,27.740038748099323,10.567190382024044,10.73901515151515,4.3925,132,29,0.035786711201240606,True
23767,,A-STAR,broadband,2025-Q4,2025,4,248.69267332253577,129.09323122696802,90.69211269924469,51.499476626793125,95.56099212598426,4.194,128,46,0.034702265407263615,True
10146,,Ford Motor Company,broadband,2025-Q4,2025,4,23.13780212358315,23.559425782162183,4.206333430720762,14.318944557865523,37.368444444444435,33.388000000000005,126,27,0.03416004251027512,True
44356,,Epsilon Telecommunications Ltd,broadband,2025-Q4,2025,4,21.148301360989016,10.65312485208825,12.235232808364463,0.9326933096107758,258.57840000000004,278.955,125,3,0.033888931061780876,True
14762,,"AMGEN, Inc.",broadband,2025-Q4,2025,4,15.114738940865724,34.67344374047974,8.186406805440107,5.399144733767011,104.49441463414634,163.617,123,1,0.033346708164792384,True
140362,,DIGISIGMA PTE. LTD.,broadband,2025-Q4,2025,4,41.51881772767544,9.554859482634024,30.564020861273516,5.9700821735233935,63.769951219512194,39.877,123,67,0.033346708164792384,True
984,,OCTOPUS WEB SOLUTION INC,broadband,2025-Q4,2025,4,85.15984479493592,9.078372790105753,26.505472358133215,5.04768337592834,0.6603884297520661,0.617,121,57,0.03280448526780389,True
17645,,ASN - NTT SINGAPORE PTE LTD,broadband,2025-Q4,2025,4,68.89028193306218,48.24981741073509,46.897612595863144,30.369050787339237,24.153549999999996,3.105,120,10,0.03253337381930964,True
55487,,Globalfoundries Singapore Pte Ltd,broadband,2025-Q4,2025,4,135.17592093309716,67.11941908439212,64.42932108360169,38.72828906240938,1.5143865546218487,1.502,119,3,0.03226226237081539,True
131475,,Singapore Institute of Technology,broadband,2025-Q4,2025,4,127.74315180718541,108.90380850298183,52.63851478828932,41.12483252885183,17.066965811965815,2.942,117,41,0.0317200394738269,True
20868,,ABB Information Systems Ltd,broadband,2025-Q4,2025,4,27.05349690015065,14.071291280987843,4.231148869825772,1.1840746162260254,221.54395614035087,254.9825,114,2,0.03090670512834416,True
6364,,"Atlantic.net, Inc.",broadband,2025-Q4,2025,4,317.87969381993594,433.1128202260708,472.2763101607741,595.6733962533335,102.0594649122807,39.519,114,24,0.03090670512834416,True
138345,,StarHub Ltd,broadband,2025-Q4,2025,4,57.77765951256856,12.541478726420957,18.138670410803623,6.161131296808415,37.27239449541284,16.218,109,57,0.029551147885872923,True
136873,,MEGADATA-ISP,broadband,2025-Q4,2025,4,10.720114225252134,7.116215808323967,7.961180370400946,4.452493330077784,38.895629629629624,20.011,108,18,0.029280036437378677,True
2906,,Netflix Streaming Services Inc.,broadband,2025-Q4,2025,4,45.49182777038251,28.326300591787916,22.762941011187557,1.8194351053672562,97.12939814814816,76.7715,108,50,0.029280036437378677,True
3300,,British Telecommunications Limited,broadband,2025-Q4,2025,4,74.9857044928854,44.024418708935464,55.270788704408005,22.84019460857632,57.7800754716981,46.016999999999996,106,7,0.028737813540390185,True
38055,,ACE Insurance Singapore,broadband,2025-Q4,2025,4,38.22136243447512,24.493704198809247,24.911064091106407,5.880830700446021,4.722663366336634,1.574,101,4,0.027382256297918947,True
6453,,TATA COMMUNICATIONS (AMERICA) INC,broadband,2025-Q4,2025,4,193.9304673593576,95.25904912785926,222.42534450195063,62.106927950278724,62.5169052631579,56.272,96,12,0.026026699055447713,False
211407,,AS Perwira Media,broadband,2025-Q4,2025,4,8.617303413180636,3.882844950051838,2.421138556780922,0.10268088421472392,95.14007291666665,31.5005,96,13,0.026026699055447713,False
26496,,"GoDaddy.com, LLC",broadband,2025-Q4,2025,4,84.82472733421619,21.1618865627376,52.382841652228386,5.0914886758996225,84.46647311827958,16.281,93,22,0.02521336470996497,False
38481,,JPMORGAN Singapore,broadband,2025-Q4,2025,4,181.17889715349256,127.98037636422184,23.45591691702652,11.669057448596787,2.4203076923076923,1.028,91,3,0.02467114181297648,False
136261,,VERTIV (SINGAPORE) PTE. LTD.,broadband,2025-Q4,2025,4,57.476083286041174,39.72252872296731,43.28806633963509,20.940965173246852,135.29452747252748,131.779,91,10,0.02467114181297648,False
38136,,Akari Networks,broadband,2025-Q4,2025,4,201.02357365847837,29.37555084927073,98.60227564067307,11.491268547287689,3.4589318181818185,0.296,88,30,0.023857807467493736,False
714,,Apple Inc.,broadband,2025-Q4,2025,4,140.12415013534783,133.86175585261677,107.55950239078288,97.8210274915258,7.443862068965516,4.435,87,59,0.02358669601899949,False
24012,,Refinitiv Australia PTY Limited,broadband,2025-Q4,2025,4,47.40775344564707,29.81250414612107,39.64985872100576,16.297803434896807,133.2350684931507,119.93,73,10,0.019791135740080033,False
142594,,SpeedyPage Ltd,broadband,2025-Q4,2025,4,61.626715015167846,18.83397895328001,43.04161428391095,9.685804729514524,9.432971830985913,0.197,71,33,0.019248912843091538,False
3549,,"Level 3 Parent, LLC",broadband,2025-Q4,2025,4,49.284329517632024,32.25337834650388,38.24228498312439,5.3952375237125665,135.98252173913042,83.687,69,9,0.018706689946103045,False
9664,,SOUTHEAST ASIA TELECOM(SG) PTE. LTD.,broadband,2025-Q4,2025,4,94.57760390226521,10.228235902530107,50.04653649806891,3.369152564596031,50.22150746268656,1.326,67,24,0.01816446704911455,False
396356,,Latitude.sh,broadband,2025-Q4,2025,4,35.22782366875767,5.913318466176058,18.20924628608337,1.6745787923361526,144.70974626865674,215.305,67,17,0.01816446704911455,False
51847,,Nearoute Limited,broadband,2025-Q4,2025,4,203.66661318043523,26.21551855293642,144.8973775159945,16.068328539129844,11.44448484848485,1.0,66,17,0.017893355600620303,False
400618,,Prime Security Corp.,broadband,2025-Q4,2025,4,158.14676921360632,39.966986507330844,109.86119420875013,15.55689512193244,110.11988709677419,106.822,62,9,0.016808909806643315,False
135409,,Kacific Broadband Satellites Pte Ltd,broadband,2025-Q4,2025,4,7.048544304716334,2.2836587245159334,6.23360693232426,2.0761973876050965,56.457274193548386,51.7745,62,15,0.016808909806643315,False
2914,,"NTT America, Inc.",broadband,2025-Q4,2025,4,24.17415288592108,28.72710325559868,16.455834143716018,7.3472399106582875,244.85534426229506,231.0,61,17,0.01653779835814907,False
6307,,American Express Company,broadband,2025-Q4,2025,4,13.236509982658887,6.628785567248571,13.523611330576516,6.114273732568033,95.68627118644068,83.599,59,3,0.015995575461160573,False
48266,,Catixs Ltd,broadband,2025-Q4,2025,4,179.91013933243698,10.308375780659603,99.24059816580845,0.849415703505779,2.3655087719298247,0.262,57,13,0.01545335256417208,False
9304,,HGC Global Communications Limited,broadband,2025-Q4,2025,4,28.07101218672982,7.689725787014263,14.907292585663903,3.2106291249029777,165.42067857142862,147.952,56,11,0.015182241115677833,False
63526,,Systems Solutions & development Technologies Limited,broadband,2025-Q4,2025,4,24.336992522333368,22.3405934664419,9.015107923966564,8.77237971321464,96.88205454545455,92.0,55,12,0.014911129667183587,False
150436,,Byteplus Pte. Ltd.,broadband,2025-Q4,2025,4,94.37827626477568,1939.7179076797331,38.628207506274464,2376.4177344898512,9.12533962264151,2.0,53,13,0.014368906770195092,False
4058,,CITIC Telecom International CPC Limited,broadband,2025-Q4,2025,4,35.989954033095565,32.09312492640805,15.12957365991684,7.948195488763165,3.6157083333333326,1.352,48,4,0.013013349527723856,False
55919,,20 Dover Drive Singapore 138682,broadband,2025-Q4,2025,4,338.1768127546993,372.905257149733,214.2798124103167,275.5654033745539,18.20227659574468,3.764,47,4,0.01274223807922961,False
141469,,Cargill Asia Pacific Holdings Pte Ltd,broadband,2025-Q4,2025,4,90.3149332417664,68.0219927973866,53.749867862017005,12.611894220136435,74.94859999999998,52.168,45,4,0.012200015182241116,False
134677,,Dromatics Systems Pte Ltd,broadband,2025-Q4,2025,4,65.85254680038675,32.800687068600794,24.05198876031878,23.594912566816472,32.397022727272734,1.249,44,11,0.011928903733746868,False
133322,,XIMBO Internet Limited,broadband,2025-Q4,2025,4,74.7936045461293,40.8475448938312,17.279865423658947,9.492638683809323,34.70025,34.6505,44,3,0.011928903733746868,False
13014,,Hewlett Packard France S.A.S.,broadband,2025-Q4,2025,4,21.134406241890748,9.42783756878966,17.005018657856244,1.27553053829322,312.9431627906977,342.759,43,18,0.011657792285252622,False
23703,,"RigNet, Communication to remote locations in Asia/Pacific.",broadband,2025-Q4,2025,4,15.330256530489278,3.3332992520268854,4.142954395707781,1.6916621668078322,240.8910731707317,88.496,41,7,0.011115569388264128,False
140693,,The Walt Disney Company (HK) Ltd,broadband,2025-Q4,2025,4,89.51791185363065,60.844853393450805,35.71547310505343,6.048483854479201,90.25739024390245,72.749,41,4,0.011115569388264128,False
400318,,"Versa Networks, Inc.",broadband,2025-Q4,2025,4,26.0996689848024,20.00125082273975,11.248694341342425,6.491639360524278,27.264024390243904,16.136,41,4,0.011115569388264128,False
3356,,"Level 3 Parent, LLC",broadband,2025-Q4,2025,4,126.99749701751763,123.96571578308694,61.58219433920939,8.608566142419983,63.9260243902439,35.467,41,16,0.011115569388264128,False
24482,,SG.GS,broadband,2025-Q4,2025,4,116.06489142028762,13.263436135198372,38.22585743600353,4.865919554721412,2.618486486486487,0.789,37,4,0.01003112359428714,False
21509,,"Apollo Management, L.P.",broadband,2025-Q4,2025,4,9.30377917082823,7.503294369423357,5.888885688311817,2.8194823797835107,224.03316666666672,221.708,36,1,0.009760012145792892,False
133600,,ESSEC,broadband,2025-Q4,2025,4,152.79133207308817,18.885163552220103,129.93455764538305,13.779365466020765,4.9839166666666666,5.0665,36,3,0.009760012145792892,False
56043,,PEPSICO INTERNATIONAL PTE. LTD.,broadband,2025-Q4,2025,4,53.01694688226897,39.90924689647199,46.61760987378669,22.811206487682348,46.27705882352941,1.9740000000000002,34,4,0.009217789248804398,False
61292,,Blix Group AS,broadband,2025-Q4,2025,4,98.35373249938307,73.32894046688197,20.252613124418552,8.689304583725772,104.88108823529413,70.41050000000001,34,1,0.009217789248804398,False
136744,,DREAM POWER TECHNOLOGY LIMITED,broadband,2025-Q4,2025,4,25.298139780713928,210.38847841888045,28.314210541366148,269.44762610976034,48.91279411764705,40.742000000000004,34,4,0.009217789248804398,False
134165,,CBRE Pty Limited,broadband,2025-Q4,2025,4,78.56385631583679,52.51291138626046,30.36099386100402,15.530298834952594,135.1358181818182,105.369,33,1,0.008946677800310152,False
17733,,Office of Communications & IT,broadband,2025-Q4,2025,4,232.80620298919263,209.2129949011537,147.6156784891927,137.81714810594218,17.344454545454543,3.0,33,13,0.008946677800310152,False
13167,,Merck KGaA,broadband,2025-Q4,2025,4,7.237391212750191,3.3339065191314954,4.921201294353611,1.860680620770044,180.44127272727272,198.505,33,1,0.008946677800310152,False
54187,,EZE Castle Integration Inc.,broadband,2025-Q4,2025,4,232.29365986870613,131.31385262109526,126.76599108459297,26.75017147446843,93.55037500000002,6.5649999999999995,32,2,0.008675566351815904,False
134457,,BMC Software Asia Pacific Pte Ltd,broadband,2025-Q4,2025,4,23.891675751427822,6.87948229031557,15.665039274842288,0.1029666212220426,140.6568125,80.556,32,1,0.008675566351815904,False
4913,,"Speedcast Communications, Inc",broadband,2025-Q4,2025,4,1.9182425239812986,0.24853668450685262,0.8842464313558773,0.16265352780355358,183.93675000000005,157.32600000000002,32,13,0.008675566351815904,False
134363,,EZIT Solutions Pte Ltd,broadband,2025-Q4,2025,4,12.662956689778436,1.9613054123063385,14.225995193208652,1.7005305751937416,203.76324137931036,165.419,29,1,0.007862232006333163,False
38862,,TullettPrebon Singapore multihoming ISP connection AS,broadband,2025-Q4,2025,4,105.29742562509144,104.16140657951472,46.7718587118282,18.1449197280789,16.578,1.666,28,3,0.007591120557838916,False
16669,,Applied Materials,broadband,2025-Q4,2025,4,167.03770410989,102.53844398931948,128.4627350977239,44.956131217549746,12.76851851851852,5.74,27,1,0.007320009109344669,False
137220,,"Texas Instruments, Inc",broadband,2025-Q4,2025,4,11.556299554224328,13.666136997097462,10.194034625274908,4.7276973793552,90.12876923076922,79.7765,26,4,0.007048897660850422,False
3911,,"Micron Technology, Inc.",broadband,2025-Q4,2025,4,91.21660378720695,79.24088755676965,85.77200154465291,66.31365341855485,4.427153846153846,4.3665,26,9,0.007048897660850422,False
33619,,"Advanced Micro Devices, Inc.",broadband,2025-Q4,2025,4,274.30612795964856,346.4408874454865,288.0212937863107,459.69319599538085,44.47373076923076,4.0115,26,3,0.007048897660850422,False
56039,,SPH Media Limited,broadband,2025-Q4,2025,4,842.4302347306667,769.6957004876948,688.9290326462788,639.0002896284749,2.9393599999999998,2.105,25,5,0.006777786212356175,False
153325,,Next Era Pte. Ltd.,broadband,2025-Q4,2025,4,1496.5078732416305,1451.7477748584383,1423.6829564252103,1447.7615114906662,21.574920000000002,16.344,25,10,0.006777786212356175,False
25888,,HP Inc.,broadband,2025-Q4,2025,4,62.51119908948343,70.01724659419908,49.20232793509109,56.67487839850929,175.76628,204.777,25,5,0.006777786212356175,False
931,,Hyonix,broadband,2025-Q4,2025,4,1122.3248922982411,590.573725086911,1058.3752641547812,367.38416449325456,0.33195833333333336,0.213,24,7,0.006506674763861928,False
134407,,MediaCorp Pte Ltd,broadband,2025-Q4,2025,4,221.01721816112865,195.03424092668192,121.11885986234628,162.05395974549918,6.877434782608696,3.58,23,7,0.006235563315367681,False
4637,,Telstra Global,broadband,2025-Q4,2025,4,94.66261437427833,42.29013312740879,59.306981119227316,7.413235095750945,57.510608695652174,4.848,23,14,0.006235563315367681,False
19637,,Avago Technologies U.S. Inc.,broadband,2025-Q4,2025,4,426.3004256047894,262.86294835422405,434.27100637726994,278.25584593887834,13.999695652173916,6.194,23,1,0.006235563315367681,False
9255,,Singapore Telecom,broadband,2025-Q4,2025,4,109.18589753204081,135.5598296384771,17.446049189806367,2.5710249101821594,36.49686956521739,17.076,23,6,0.006235563315367681,False
27399,,Balyasny Asset Management L.P.,broadband,2025-Q4,2025,4,23.443292615267044,17.72195472389232,27.403947187121048,17.111838292204403,182.45727272727274,219.3415,22,1,0.005964451866873434,False
25917,,ROCKWELL AUTOMATION Inc.,broadband,2025-Q4,2025,4,50.389360043308805,38.64269754228366,25.683926181893263,2.4930627714015006,171.6439090909091,134.2415,22,5,0.005964451866873434,False
400190,,Freeport-McMoRan Inc.,broadband,2025-Q4,2025,4,43.754499833855384,33.18425657327417,40.45277388322965,15.261102016705891,93.86113636363638,64.239,22,9,0.005964451866873434,False
138199,,Transatel,broadband,2025-Q4,2025,4,50.014208188272,7.10222090192288,33.65424899729933,3.611127344304839,41.46127272727272,19.018,22,2,0.005964451866873434,False
22612,,"Namecheap, Inc.",broadband,2025-Q4,2025,4,16.634939899325172,1.9410476899033866,7.986864838053811,0.6677994544859932,260.0588181818182,246.6435,22,5,0.005964451866873434,False
3257,,GTT Communications Inc.,broadband,2025-Q4,2025,4,71.33659601789752,41.862226336553704,51.12804290272215,7.2584281172712934,57.804380952380946,62.797,21,3,0.005693340418379187,False
109,,"CISCO SYSTEMS, INC.",broadband,2025-Q4,2025,4,71.33098499471771,15.075849062408814,46.29739202675763,2.618883594429012,127.51847619047616,93.639,21,14,0.005693340418379187,False
30613,,Chicago Mercantile Exchange,broadband,2025-Q4,2025,4,50.728303018535996,40.428924347873014,47.62185672243554,30.70781740247647,78.97890476190476,76.036,21,1,0.005693340418379187,False
400940,,Railway,broadband,2025-Q4,2025,4,760.2039666670732,435.3707447497346,332.6437710332474,306.72241093705594,8.428999999999998,0.2285,20,17,0.00542222896988494,False
45133,,Singapore Polytechnic,broadband,2025-Q4,2025,4,146.96910332304338,71.24567475555153,91.72886224960095,40.72374167084227,24.5963,5.1385000000000005,20,7,0.00542222896988494,False
139628,,"Mega Truenet Communication Co., Ltd.",broadband,2025-Q4,2025,4,5.042744007644713,18.10971268798976,2.2442031011985644,0.3336869375650384,230.98584210526315,270.926,19,6,0.005151117521390693,False
209699,,Coaxial Cable LLC,broadband,2025-Q4,2025,4,93.84583609927199,66.3791925929903,67.3611397590771,13.910471977475103,130.57615789473687,155.83,19,4,0.005151117521390693,False
7473,,Singapore Telecommunications Ltd,broadband,2025-Q4,2025,4,335.7503142616119,237.83459635968234,54.89377475963214,17.860468911592232,149.71331578947368,77.791,19,6,0.005151117521390693,False
2912,,Citigroup Inc.,broadband,2025-Q4,2025,4,339.2127953408979,252.09245395481983,425.0180545138256,342.88115777760174,0.5735294117647058,0.258,17,1,0.004608894624402199,False
394161,,"Tesla Motors, Inc.",broadband,2025-Q4,2025,4,84.82324416129698,39.62949812997978,58.42792447087041,28.201422354026114,243.41052941176466,281.982,17,5,0.004608894624402199,False
205080,,Societe Internationale de Telecommunications Aeronautiques,broadband,2025-Q4,2025,4,14.787943296024682,11.877222179443685,8.97975604708308,0.10135537677986571,139.3265625,162.4135,16,10,0.004337783175907952,False
61112,,AkileCloud Network,broadband,2025-Q4,2025,4,98.04998849090804,51.01116048823811,90.82620427274236,13.144347586302466,19.101187499999998,0.29,16,5,0.004337783175907952,False
6660,,VODAFONE ENTERPRISE EQUIPMENT LIMITED,broadband,2025-Q4,2025,4,21.360955520707964,43.132279998105616,11.17482658354593,12.281809833637126,76.321625,67.7775,16,4,0.004337783175907952,False
137904,,Black & Veatch (SEA) PTE LTD,broadband,2025-Q4,2025,4,12.396897433771317,1.8361937310326597,2.0642609580981106,1.0294980177332083,91.69787500000001,65.774,16,2,0.004337783175907952,False
28931,,TriOptima AB,broadband,2025-Q4,2025,4,24.850023084018233,26.677238695125272,4.081643693661643,21.40172256994597,320.21375,263.8515,16,2,0.004337783175907952,False
56172,,Agora Communications Pte Ltd,broadband,2025-Q4,2025,4,41.78807354858439,13.292863374619296,46.35107413765625,16.046480791764605,15.468812500000002,3.7335000000000003,16,2,0.004337783175907952,False
203156,,Relayify LLC,broadband,2025-Q4,2025,4,187.67964834701777,17.287017337469567,128.38042902318605,5.835034783087779,132.12393333333335,149.08,15,9,0.004066671727413705,False
2687,,"AT&T Enterprises, LLC",broadband,2025-Q4,2025,4,33.62781612175332,67.68027993860349,2.5777483862995285,43.58310600938361,91.03346666666667,11.0,15,6,0.004066671727413705,False
15695,,Expereo International BV,broadband,2025-Q4,2025,4,97.26621566029618,65.57768010212091,110.42589510722749,38.97700924458033,21.908733333333334,11.521,15,11,0.004066671727413705,False
23766,,"Electronic Arts, Singapore",broadband,2025-Q4,2025,4,39.67566952504148,34.85971792903822,20.92853809285381,25.335870758540842,211.71533333333335,274.145,15,1,0.004066671727413705,False
149020,,WebHorizon Internet Services,broadband,2025-Q4,2025,4,331.82114504251393,508.14558848811953,52.54221766019051,777.9391457467464,13.204133333333335,1.551,15,10,0.004066671727413705,False
24331,,eBay Inc ASIA ASN eCommerce San Jose,broadband,2025-Q4,2025,4,25.034108203376228,29.840392505021,19.97519210300745,14.535561967492447,160.43019999999999,184.55,15,1,0.004066671727413705,False
6279,,PCCW Global (HK) Ltd.,broadband,2025-Q4,2025,4,20.86139010181522,6.808647260736465,16.904302357325506,3.891847226721123,182.45713333333336,230.496,15,2,0.004066671727413705,False
3573,,Accenture LLP,broadband,2025-Q4,2025,4,100.61217928750408,88.46571881951249,102.83308305193765,51.75151795490817,61.34092857142857,31.564,14,10,0.003795560278919458,False
208187,,TeamViewer Germany GmbH,broadband,2025-Q4,2025,4,13.031403542759604,3.2267735516578755,1.5738260486368687,2.1913737862444167,324.1766428571429,340.7935,14,1,0.003795560278919458,False
63981,,NTDKL,broadband,2025-Q4,2025,4,19.673201017878515,31.62558444061141,3.6462031496523597,20.011155948176842,76.58728571428571,66.53,14,10,0.003795560278919458,False
152111,,CTCSCI TECH LIMITED,broadband,2025-Q4,2025,4,12.730864785598294,16.68696289286724,9.108011918131805,14.717995998416134,84.99707142857143,74.05850000000001,14,3,0.003795560278919458,False
13431,,"Millennium Partners, L.P.",broadband,2025-Q4,2025,4,104.62067647981507,167.2918916586383,88.74661856151639,167.2433039225343,1.1632857142857145,1.0,14,1,0.003795560278919458,False
64003,,8 Anthony Road,broadband,2025-Q4,2025,4,54.10257903482416,31.352959154186028,35.46372924618329,10.814928721692498,10.6255,2.9555,14,4,0.003795560278919458,False
45597,,POINT72 ASIA,broadband,2025-Q4,2025,4,171.46061836872076,42.84687873138986,91.2776246642397,8.549347626094956,46.61914285714285,18.5495,14,1,0.003795560278919458,False
401443,,WAP.AC LLC,broadband,2025-Q4,2025,4,117.29755598863441,23.73105554203139,109.43424812109774,18.857893309717287,1.0969230769230767,1.004,13,7,0.003524448830425211,False
60142,,NXP Semiconductors Netherlands B.V.,broadband,2025-Q4,2025,4,63.103782139086775,39.00565317832235,17.428858335306057,1.5658686254390752,320.32892307692305,413.27,13,3,0.003524448830425211,False
398704,,STACKS INC,broadband,2025-Q4,2025,4,407.9379044936528,18.627165473848315,534.7368366124938,6.161664866417225,51.199769230769235,36.638,13,3,0.003524448830425211,False
212336,,ByteVirt LLC,broadband,2025-Q4,2025,4,71.79746153427205,29.538203579808716,64.62547305900104,21.28766508972575,0.36676923076923074,0.315,13,7,0.003524448830425211,False
56197,,KDDI ASIA PACIFIC PTE. LTD.,broadband,2025-Q4,2025,4,21.976431508405064,10.920689711633694,10.073852156691967,1.6692258404655824,13.14430769230769,3.279,13,9,0.003524448830425211,False
140666,,ANY DIGITAL PTE. LTD.,broadband,2025-Q4,2025,4,27.447066178772374,92.94565019481658,28.42420048601433,95.77136417599198,0.9696666666666666,0.9615,12,7,0.003253337381930964,False
16875,,AON Corporation,broadband,2025-Q4,2025,4,13.530269444108221,28.989021112410907,11.69541080426864,35.464145920212985,190.5449166666667,190.3355,12,2,0.003253337381930964,False
138610,,SAP SE,broadband,2025-Q4,2025,4,12.385181510078723,18.20102029462784,8.741797161903644,0.7907687393856473,233.3791666666667,158.5615,12,12,0.003253337381930964,False
11158,,"NTT America, Inc.",broadband,2025-Q4,2025,4,65.49268060286776,76.09185356166226,50.85318786696804,81.33803277221568,27.752999999999997,20.2115,12,4,0.003253337381930964,False
18186,,Nebula Global LLC,broadband,2025-Q4,2025,4,5.941376463131533,1.9331146971386681,6.126704290690917,0.16595656551562782,63.88691666666666,44.2115,12,4,0.003253337381930964,False
209554,,ISIF OU,broadband,2025-Q4,2025,4,103.919200957091,70.91206274476798,70.55600719535916,33.499743574283514,99.738,147.272,12,7,0.003253337381930964,False
139028,,Singapore Technologies Engineering Ltd,broadband,2025-Q4,2025,4,92.19284023219028,94.72280699940144,64.26761192910531,61.88370845594868,15.138272727272726,3.379,11,3,0.002982225933436717,False
8444,,JANUS HENDERSON ADMINISTRATION UK LIMITED,broadband,2025-Q4,2025,4,39.09565461629006,59.15807694884185,13.95284913623195,49.43672836250026,0.6566363636363636,0.764,11,1,0.002982225933436717,False
56173,,internet content provider,broadband,2025-Q4,2025,4,17.578609803412128,5.394096048342609,16.125126704147313,0.3480233902083375,215.40140000000002,228.95999999999998,10,6,0.00271111448494247,False
132824,,Beyotta Network LLP,broadband,2025-Q4,2025,4,6.563896517978316,3.5524914711157627,3.842517668351525,2.183877695139533,117.4625,120.79849999999999,10,4,0.00271111448494247,False
19773,,"Motorola, Inc.",broadband,2025-Q4,2025,4,37.229665835946165,4.834972757251247,27.780877859148845,1.408380073206973,241.5958,281.60400000000004,10,9,0.00271111448494247,False
136537,,SQUAREPOINT OPERATIONS PRIVATE LIMITED,broadband,2025-Q4,2025,4,2105.034001714564,2159.481193569826,1938.9818985526267,2574.2136208817506,0.9456,0.6325000000000001,10,1,0.00271111448494247,False
24467,,Deutsche Bank APAC RHO in Singapore Internet AS,broadband,2025-Q4,2025,4,235.8043366608763,146.37317809476096,248.26129093185196,141.06174852334706,16.452199999999998,4.3945,10,3,0.00271111448494247,False
29990,,Xandr Inc.,broadband,2025-Q4,2025,4,35.12874175445534,26.097818170830465,40.66627393725601,0.0821965451907099,109.4212,102.608,10,3,0.00271111448494247,False
40339,,Jump Trading LLC,broadband,2025-Q4,2025,4,52.74918269541397,64.90430014557306,50.33805474800315,4.438032488924231,1.7677,0.7475,10,2,0.00271111448494247,False
54092,,"DRW Holdings, LLC",broadband,2025-Q4,2025,4,100.37248972389361,26.55738440279151,34.93411927475744,32.9342898425625,136.72188888888888,177.754,9,1,0.002440003036448223,False
140939,,Tenpage Pte Ltd,broadband,2025-Q4,2025,4,209.32133700514075,150.35968098959066,189.05056817750003,196.81876651553256,5.876111111111111,1.788,9,2,0.002440003036448223,False
64086,,Australia and New Zealand Banking Group Limited (ANZ),broadband,2025-Q4,2025,4,101.39842597903294,130.3015237972392,99.49619902693162,144.5499011880928,59.108222222222224,76.658,9,6,0.002440003036448223,False
132242,,Hogarth Worldwide Pte,broadband,2025-Q4,2025,4,365.03097677978593,329.0733037085247,129.61355448751553,164.2373938606234,16.041444444444448,3.101,9,2,0.002440003036448223,False
59326,,DSO National Laboratories,broadband,2025-Q4,2025,4,200.219688407411,249.71088525115124,264.8871463569447,249.71088525115124,1.3639999999999999,1.27,9,6,0.002440003036448223,False
134739,,"AGB Communication Co., Ltd",broadband,2025-Q4,2025,4,64.01283514177156,57.334743336012,66.09464920172609,50.80964102723382,210.20049999999998,254.418,8,1,0.002168891587953976,False
137991,,Lifeway Singapore Pte. Ltd.,broadband,2025-Q4,2025,4,157.78430626438353,214.16162003967074,58.12850385922433,202.208912300336,8.40175,6.681,8,4,0.002168891587953976,False
153560,,202208375N,broadband,2025-Q4,2025,4,20.828435467116513,9.748305211628377,3.5785540219544023,3.84386358372902,120.33375,119.906,8,5,0.002168891587953976,False
16931,,"Global Payments, Inc.",broadband,2025-Q4,2025,4,61.96327585559945,74.4394947029335,57.43107794328675,88.8384924082115,199.73275,199.25549999999998,8,1,0.002168891587953976,False
56308,,"TELEKOMUNIKASI INDONESIA INTERNATIONAL, PTE.LTD",broadband,2025-Q4,2025,4,74.88132355105775,9.937068600617753,55.935117210007405,1.3474351037608865,34.98057142857142,41.135,7,3,0.001897780139459729,False
17978,,SERVCORP AUSTRALIAN HOLDINGS LTD,broadband,2025-Q4,2025,4,149.51747808455463,122.06344354464447,168.71180865449932,141.9571136892921,10.862285714285715,5.11,7,3,0.001897780139459729,False
132337,,Axclusive,broadband,2025-Q4,2025,4,72.773121631536,163.6678561876998,41.55020592036679,81.19581213757719,29.824142857142856,5.319,7,3,0.001897780139459729,False
17497,,Liasail Global Hongkong Limited,broadband,2025-Q4,2025,4,43.53459106407818,26.71043834196405,15.012330861646035,10.599176886096046,37.848,38.403,7,2,0.001897780139459729,False
29066,,velia.net Internetdienste GmbH,broadband,2025-Q4,2025,4,124.70214058063479,107.11302389799933,128.4877529772083,135.4587513230938,161.59842857142857,157.951,7,4,0.001897780139459729,False
136448,,AIA Shared Services (Hong Kong) Ltd,broadband,2025-Q4,2025,4,10.522504807718857,10.042736377178331,10.203672282466185,10.042736377178331,59.07728571428572,39.3,7,2,0.001897780139459729,False
138341,,SHOPEE SINGAPORE PRIVATE LIMITED,broadband,2025-Q4,2025,4,91.09913941414057,111.45002425168973,28.543095546616517,31.913068973862053,28.605428571428572,28.59,7,4,0.001897780139459729,False
7700,,SINGAPORE TELECOMMUNICATIONS LTD,broadband,2025-Q4,2025,4,2.554531380029629,0.33997095496165664,1.2509266978928408,0.20720807463484658,460.2504285714286,553.93,7,4,0.001897780139459729,False
216382,,LAYER MARKETING SERVICES L.L.C,broadband,2025-Q4,2025,4,23.322919740701224,0.347531914575859,18.231295717795327,0.20623426290868943,6.822333333333333,0.8115,6,1,0.001626668690965482,False
3918,,Shell Information Technology International B.V.,broadband,2025-Q4,2025,4,19.421502375142484,6.633191137357066,6.146862507945291,0.779683381266175,154.03166666666667,35.728,6,2,0.001626668690965482,False
14630,,"Invesco Group Services, Inc.",broadband,2025-Q4,2025,4,116.26047798762562,3.289796947694319,69.33106791380932,3.289796947694319,14.414833333333334,15.1445,6,1,0.001626668690965482,False
203724,,Musarubra Germany GmbH,broadband,2025-Q4,2025,4,92.43802588374456,0.07513192486807513,84.08953546559988,0.07513192486807513,48.80783333333333,41.2055,6,2,0.001626668690965482,False
153900,,EXPEDIA TRAVEL SINGAPORE PTE. LTD.,broadband,2025-Q4,2025,4,55.48653091630621,25.41927174139392,44.92578545155442,5.080760935830431,139.72516666666667,94.33850000000001,6,1,0.001626668690965482,False
19239,,KLA Corporation,broadband,2025-Q4,2025,4,93.27084036129956,99.78216291491404,90.85843741928015,99.78216291491404,11.266833333333333,4.047,6,1,0.001626668690965482,False
1299,,Arelion Sweden AB,broadband,2025-Q4,2025,4,24.867466369319768,7.749558586260099,9.15841381101044,6.7854669287313625,50.68983333333333,57.305499999999995,6,4,0.001626668690965482,False
135391,,AOFEI DATA INTERNATIONAL COMPANY LIMITED,broadband,2025-Q4,2025,4,9.934990776364755,10.288053239206288,10.591970645503235,6.003290145054578,82.59116666666667,77.699,6,3,0.001626668690965482,False
10236,,AXA Technology Services Asia (HK) Limited,broadband,2025-Q4,2025,4,14.030244132094671,19.576422833102445,17.169210248024285,12.447504930744598,188.70833333333334,239.673,6,2,0.001626668690965482,False
18402,,NATIONAL LIBRARY BOARD,broadband,2025-Q4,2025,4,37.61255140195458,7.0922485286974375,38.771370754993,3.736294217234898,2.029666666666667,2.0180000000000002,6,1,0.001626668690965482,False
63916,,IPTELECOM Global,broadband,2025-Q4,2025,4,4.719539612740581,0.666237140139316,2.97983152590803,0.5219877200018961,468.1948333333333,455.289,6,1,0.001626668690965482,False
16731,,Royal Bank of Canada,broadband,2025-Q4,2025,4,10.694474132002279,4.790511896086192,5.265255290384783,0.8030296151843942,225.16950000000006,253.0145,6,2,0.001626668690965482,False
152475,,IENS TECHNOLOGY PTE. LTD,broadband,2025-Q4,2025,4,0.42827746884235635,3.446748426213689,0.3789574642810102,1.3279229960640633,352.5143333333333,428.623,6,1,0.001626668690965482,False
203554,,Louis Vuitton Malletier SA,broadband,2025-Q4,2025,4,23.557495439151417,29.428684901287127,31.933850778431985,12.798567398806302,84.0456,103.287,5,2,0.001355557242471235,False
824,,GlaxoSmithKline,broadband,2025-Q4,2025,4,35.797112396178356,29.73061327556652,22.055469778035963,14.557559404929536,145.4502,183.338,5,1,0.001355557242471235,False
9292,,21 Tampines Avenue 1,broadband,2025-Q4,2025,4,195.08044199864526,183.57151614627992,133.2313172266359,134.49267491079823,3.7786,3.873,5,2,0.001355557242471235,False
36007,,"Kamatera, Inc.",broadband,2025-Q4,2025,4,833.9604657586594,1273.0029633665945,30.75472687462947,1961.7448179883982,4.0416,0.246,5,3,0.001355557242471235,False
139883,,SPTEL PTE. LTD.,broadband,2025-Q4,2025,4,31.789536409658872,55.85161545795846,18.293257666236233,55.85161545795846,6.2858,5.576,5,3,0.001355557242471235,False
22764,,"Fluor Enterprises, Inc.",broadband,2025-Q4,2025,4,12.047536542298182,4.376676483176265,1.8073924971415902,4.376676483176265,199.8268,235.0,5,3,0.001355557242471235,False
135607,Infinivan,Infinivan Incorporated,broadband,2025-Q4,2025,4,146.40235380431565,67.04400127434035,80.46605871243594,49.5505660456732,57.7675,40.181,4,2,0.001084445793976988,False
134789,,OPTICALHASH COMMUNICATIONS PTE LTD,broadband,2025-Q4,2025,4,41.0587429102428,52.36489532318884,38.08418276279178,52.25261316137122,107.40549999999999,109.9725,4,2,0.001084445793976988,False
997,,Beyotta Services LLP,broadband,2025-Q4,2025,4,43.46034543850985,12.974191716216655,40.134964438601436,3.005089367916387,134.20399999999998,157.0,4,2,0.001084445793976988,False
13443,,LinkedIn Corporation,broadband,2025-Q4,2025,4,91.63518011328492,125.0763413947382,70.04007480809456,125.0763413947382,214.86825,165.0075,4,4,0.001084445793976988,False
174,Cogent,"Cogent Communications, LLC",broadband,2025-Q4,2025,4,14.326286029189525,25.144817083688093,11.886874178518733,25.144817083688093,346.169,393.99,4,3,0.001084445793976988,False
43180,,Trunk Networks LTD,broadband,2025-Q4,2025,4,3.5848706634926426,2.049408247366367,2.4761556975222803,0.1218611191301554,564.619,651.9415,4,3,0.001084445793976988,False
22439,,"Perfect International, Inc",broadband,2025-Q4,2025,4,69.02632532001132,6.14206710598132,65.12243585570131,7.012032017247595,0.6795,0.3295,4,3,0.001084445793976988,False
206216,,Advin Services LLC,broadband,2025-Q4,2025,4,38.65148465347969,2.578710288477999,25.53918647760912,2.578710288477999,225.81074999999998,211.44549999999998,4,3,0.001084445793976988,False
55426,,Amphenol FCI Asia Pte Ltd,broadband,2025-Q4,2025,4,62.96335257834962,2.823648268464464,79.77968564016267,0.10279851092746711,42.2715,50.753,4,1,0.001084445793976988,False
7054,,"Merck and Co., Inc.",broadband,2025-Q4,2025,4,129.41104276564624,114.34639533890717,113.42754958936916,91.14360466931964,37.641000000000005,14.553999999999998,4,3,0.001084445793976988,False
132850,,TS Global Network Sdn. Bhd.,broadband,2025-Q4,2025,4,3.506180941428985,1.5374013112390754,3.2945096302850656,1.748490579679203,48.07025,50.9075,4,2,0.001084445793976988,False
151338,,POLONETWORK LIMITED,broadband,2025-Q4,2025,4,106.41248555052053,17.98456698101372,117.44932174812747,9.406573336518626,0.29225,0.2875,4,3,0.001084445793976988,False
26383,,Baxet Group Inc.,broadband,2025-Q4,2025,4,15.375898844106462,15.683610621932523,7.97107224461018,15.683610621932523,264.2315,206.8845,4,3,0.001084445793976988,False
136552,,Pacific Comnet (M) Sdn. Bhd.,broadband,2025-Q4,2025,4,84.55095671640811,104.67299890633676,82.44023744357675,129.5071383930491,14.578499999999998,15.950499999999998,4,2,0.001084445793976988,False
15224,,Adobe Inc.,broadband,2025-Q4,2025,4,26.043397194372027,5.662146377296948,25.189235586841818,5.662146377296948,155.10125,148.668,4,1,0.001084445793976988,False
140610,,Bayer (South East Asia) Pte Ltd,broadband,2025-Q4,2025,4,62.992698717418286,8.225401549752263,21.713707502318357,7.574051644741866,46.3905,53.6065,4,1,0.001084445793976988,False
39180,,LASOTEL SAS,broadband,2025-Q4,2025,4,130.00202141115852,153.94276529199328,122.91513516225893,230.5205398688986,2.95075,2.9475,4,2,0.001084445793976988,False
131217,,8 Kallang Sector,broadband,2025-Q4,2025,4,142.56868363781496,133.85923456855136,125.03866289505417,133.85923456855136,2.1353333333333335,2.216,3,2,0.000813334345482741,False
134469,,Digital Singapore 2 Pte Ltd,broadband,2025-Q4,2025,4,21.622462589893498,6.045205704677517,10.503042055581526,3.1608710682474928,67.21233333333333,52.991,3,1,0.000813334345482741,False
29457,,Options Technology Ltd,broadband,2025-Q4,2025,4,210.74040049982122,231.68504351804597,68.98672912256049,78.75048064913483,1.4146666666666665,1.444,3,1,0.000813334345482741,False
141760,,Mercedes-Benz Singapore Pte. Ltd.,broadband,2025-Q4,2025,4,22.427778239461077,5.165827478216126,25.859322960600494,5.165827478216126,280.58633333333336,286.788,3,1,0.000813334345482741,False
149485,,MonoCloud Pty Ltd,broadband,2025-Q4,2025,4,112.535921112881,12.263389926477657,54.00051058626523,12.263389926477657,35.409666666666666,34.0,3,3,0.000813334345482741,False
963,,N963 PTE. LTD.,broadband,2025-Q4,2025,4,91.42415238371763,18.58902971754565,116.4637079523112,9.463928486571632,105.44666666666666,77.722,3,3,0.000813334345482741,False
28959,,Vitol Services Ltd,broadband,2025-Q4,2025,4,218.11613452801893,880.6932667652836,218.0095162552273,877.7599854080248,1.808,1.78,3,1,0.000813334345482741,False
139341,,ACE,broadband,2025-Q4,2025,4,328.7872209722639,,334.2608672153812,,10.345333333333333,2.015,3,2,0.000813334345482741,False
214143,,SKYDIGITAL TELECOM LTD,broadband,2025-Q4,2025,4,1.160868286038576,0.039893133250340974,0.9748027890019808,0.039893133250340974,165.0,165.0,3,2,0.000813334345482741,False
214483,,FiberPower LLC,broadband,2025-Q4,2025,4,97.54122731129995,40.512452293969346,110.46436031729762,55.991010766760716,20.323333333333334,30.0,3,3,0.000813334345482741,False
14537,,Continent 8 LLC,broadband,2025-Q4,2025,4,26.53611155459437,7.594529217833851,25.116110024393254,0.09612909367402919,349.412,362.239,3,3,0.000813334345482741,False
141389,,GOIP Telecom (Asia Pacific) Pte. Ltd.,broadband,2025-Q4,2025,4,10.727211815822296,,10.727211815822296,,238.264,238.264,2,1,0.000542222896988494,False
395266,,"Keysight Technologies, Inc",broadband,2025-Q4,2025,4,63.27617566540266,66.43900358139368,63.27617566540266,66.43900358139368,279.0475,279.0475,2,1,0.000542222896988494,False
132364,,TEC,broadband,2025-Q4,2025,4,239.91657612201888,230.69796151637564,239.91657612201888,230.69796151637564,2.027,2.027,2,2,0.000542222896988494,False
55706,,G1 Enterprise 1 Technology Park Malaysia,broadband,2025-Q4,2025,4,37.78415620849861,56.483237401151186,37.78415620849861,56.483237401151186,11.168500000000002,11.168500000000002,2,2,0.000542222896988494,False
32884,,"DV TRADING, LLC",broadband,2025-Q4,2025,4,33.62279593833235,,33.62279593833235,,359.4905,359.4905,2,1,0.000542222896988494,False
138995,,Antbox Networks Limited,broadband,2025-Q4,2025,4,21.738817918887726,5.894990347972436,21.738817918887726,5.894990347972436,206.113,206.113,2,2,0.000542222896988494,False
138699,,TIKTOK PTE. LTD.,broadband,2025-Q4,2025,4,97.48384337616805,2.379365030479769,97.48384337616805,2.379365030479769,162.4655,162.4655,2,2,0.000542222896988494,False
206720,,AIRBUS SAS,broadband,2025-Q4,2025,4,176.83457238327014,121.29428059277063,176.83457238327014,121.29428059277063,50.9545,50.9545,2,1,0.000542222896988494,False
58580,,Fastrack Technology,broadband,2025-Q4,2025,4,137.62283520573067,48.72278044302011,137.62283520573067,48.72278044302011,97.378,97.378,2,2,0.000542222896988494,False
135525,,"Exoduspoint Capital Management Singapore, Pte. Ltd.",broadband,2025-Q4,2025,4,347.9762782596521,324.9055158577845,347.9762782596521,324.9055158577845,166.4085,166.4085,2,1,0.000542222896988494,False
44493,,Chelyabinsk-Signal LLC,broadband,2025-Q4,2025,4,10.095034831464933,,10.095034831464933,,100.538,100.538,2,1,0.000542222896988494,False
215311,,Regxa Company for Information Technology Ltd,broadband,2025-Q4,2025,4,14.946165767794295,,14.946165767794295,,208.928,208.928,2,2,0.000542222896988494,False
216245,,CYBERJET PTE. LTD.,broadband,2025-Q4,2025,4,150.3052028306152,57.585689791841475,150.3052028306152,57.585689791841475,0.245,0.245,2,2,0.000542222896988494,False
5091,,"Stripe, Inc.",broadband,2025-Q4,2025,4,258.8164575263281,212.05038829725376,258.8164575263281,212.05038829725376,3.7125000000000004,3.7125000000000004,2,2,0.000542222896988494,False
133134,,AION TECHNOLOGIES PTE LTD,broadband,2025-Q4,2025,4,191.51846119866144,188.3048201874239,191.51846119866144,188.3048201874239,0.886,0.886,2,2,0.000542222896988494,False
3491,,PCCW Global (HK) Ltd.,broadband,2025-Q4,2025,4,8.123290320312371,4.226144496846404,8.123290320312371,4.226144496846404,219.9275,219.9275,2,1,0.000542222896988494,False
54994,,Meteverse Limited.,broadband,2025-Q4,2025,4,8.195493632267548,20.292733459987154,8.195493632267548,20.292733459987154,240.9505,240.9505,2,1,0.000542222896988494,False
29802,,"HIVELOCITY, Inc.",broadband,2025-Q4,2025,4,711.9096290866836,622.946728267935,711.9096290866836,622.946728267935,16.3215,16.3215,2,1,0.000542222896988494,False
34414,,Nokia APAC,broadband,2025-Q4,2025,4,8.925199537988087,8.801048825607289,8.925199537988087,8.801048825607289,194.6335,194.6335,2,1,0.000542222896988494,False
132280,,Symphony Communication (Thailand) PCL.,broadband,2025-Q4,2025,4,52.65122682954269,27.102782404090334,52.65122682954269,27.102782404090334,28.269,28.269,2,2,0.000542222896988494,False
36236,,"NetActuate, Inc",broadband,2025-Q4,2025,4,87.70706356393777,62.46519538081259,87.70706356393777,62.46519538081259,161.567,161.567,2,2,0.000542222896988494,False
133449,,VASTSPACE PTE. LTD.,broadband,2025-Q4,2025,4,88.9530710584544,93.07487459035114,88.9530710584544,93.07487459035114,2.078,2.078,1,1,0.000271111448494247,False
17350,,Moody's Corp.,broadband,2025-Q4,2025,4,138.70127958611684,138.27915749292677,138.70127958611684,138.27915749292677,5.436,5.436,1,1,0.000271111448494247,False
151326,,DCConnect Communication Pte. Ltd.,broadband,2025-Q4,2025,4,1.3932211625938222,,1.3932211625938222,,114.922,114.922,1,1,0.000271111448494247,False
32135,,SAKURA LTD.,broadband,2025-Q4,2025,4,113.66600611406977,26.132953821639315,113.66600611406977,26.132953821639315,30.92,30.92,1,1,0.000271111448494247,False
133136,,MyRepublic Ltd.,broadband,2025-Q4,2025,4,65.27868795854278,,65.27868795854278,,5.076,5.076,1,1,0.000271111448494247,False
24038,,"Fujitsu Asia Pte Ltd, NOC and RIM",broadband,2025-Q4,2025,4,38.81924557927399,25.778890643296492,38.81924557927399,25.778890643296492,5.674,5.674,1,1,0.000271111448494247,False
131274,,Cypresstel Global Network,broadband,2025-Q4,2025,4,0.26223810994279373,,0.26223810994279373,,386.59,386.59,1,1,0.000271111448494247,False
7246,,Bristol-Myers Squibb Company,broadband,2025-Q4,2025,4,3.2922036059137567,,3.2922036059137567,,2.762,2.762,1,1,0.000271111448494247,False
133541,,SIPPE-SG,broadband,2025-Q4,2025,4,0.531627108316492,11.449806950386085,0.531627108316492,11.449806950386085,2.0,2.0,1,1,0.000271111448494247,False
132277,,XTRA COMMUNICATION,broadband,2025-Q4,2025,4,54.43729443113611,,54.43729443113611,,6.566,6.566,1,1,0.000271111448494247,False
36002,,GoMami Networks,broadband,2025-Q4,2025,4,67.68628996461865,45.429504506261246,67.68628996461865,45.429504506261246,148.236,148.236,1,1,0.000271111448494247,False
45165,,Grey Advertising Limited,broadband,2025-Q4,2025,4,124.3016498380361,,124.3016498380361,,77.615,77.615,1,1,0.000271111448494247,False
54801,,Zillion Network Inc.,broadband,2025-Q4,2025,4,6.120056116495798,0.14590297836798782,6.120056116495798,0.14590297836798782,221.0,221.0,1,1,0.000271111448494247,False
141753,,CBC TECH INTERNATIONAL LTD.,broadband,2025-Q4,2025,4,61.47446283409696,54.320274580377216,61.47446283409696,54.320274580377216,278.163,278.163,1,1,0.000271111448494247,False
36184,,Virtu Financial Operating LLC,broadband,2025-Q4,2025,4,185.35758712151286,200.93512625317192,185.35758712151286,200.93512625317192,1.0,1.0,1,1,0.000271111448494247,False
142119,,NEX CORPORATEIT PTE LTD,broadband,2025-Q4,2025,4,363.7988127777843,336.1961525646169,363.7988127777843,336.1961525646169,1.0,1.0,1,1,0.000271111448494247,False
401783,,TOKALA COMMUNICATIONS INC.,broadband,2025-Q4,2025,4,8.977907048018698,0.08320916969625941,8.977907048018698,0.08320916969625941,0.535,0.535,1,1,0.000271111448494247,False
41378,,Kirino LLC,broadband,2025-Q4,2025,4,2.2162543808908093,,2.2162543808908093,,8.0,8.0,1,1,0.000271111448494247,False
24182,,Interpublic GIS,broadband,2025-Q4,2025,4,157.39226773488718,0.247558956166851,157.39226773488718,0.247558956166851,3.446,3.446,1,1,0.000271111448494247,False
393446,,AlphaCore Network LLC,broadband,2025-Q4,2025,4,10.399136729236997,5.4011756680354726,10.399136729236997,5.4011756680354726,224.249,224.249,1,1,0.000271111448494247,False
59217,,Azonne Limited,broadband,2025-Q4,2025,4,94.20628012179357,1.0136759678394163,94.20628012179357,1.0136759678394163,5.403,5.403,1,1,0.000271111448494247,False
9002,,RETN Limited,broadband,2025-Q4,2025,4,27.40422047401998,,27.40422047401998,,78.911,78.911,1,1,0.000271111448494247,False
32537,,Xilinx Incorporated,broadband,2025-Q4,2025,4,517.5261866856163,1382.0971078171426,517.5261866856163,1382.0971078171426,2.47,2.47,1,1,0.000271111448494247,False
136149,,MediaCorp Pte Ltd,broadband,2025-Q4,2025,4,387.288061406374,,387.288061406374,,0.511,0.511,1,1,0.000271111448494247,False
211029,,XTX Markets Limited,broadband,2025-Q4,2025,4,897.6580927815262,836.8434759130482,897.6580927815262,836.8434759130482,1.109,1.109,1,1,0.000271111448494247,False
133159,,Mammoth Media Pty Ltd,broadband,2025-Q4,2025,4,17.944746320810236,,17.944746320810236,,81.953,81.953,1,1,0.000271111448494247,False
54535,,"Nike, Inc.",broadband,2025-Q4,2025,4,36.24699521526316,1.2665908907055254,36.24699521526316,1.2665908907055254,98.963,98.963,1,1,0.000271111448494247,False
132576,,Worley Limited,broadband,2025-Q4,2025,4,46.47223306581007,6.02415819172656,46.47223306581007,6.02415819172656,207.846,207.846,1,1,0.000271111448494247,False
133587,,Bain and Company,broadband,2025-Q4,2025,4,41.65777207662708,,41.65777207662708,,250.504,250.504,1,1,0.000271111448494247,False
206378,,FOP Dmytro Nedilskyi,broadband,2025-Q4,2025,4,138.973802691884,62.025389655278964,138.973802691884,62.025389655278964,1.633,1.633,1,1,0.000271111448494247,False
9247,,National Institute of Education,broadband,2025-Q4,2025,4,66.8754576409798,,66.8754576409798,,4.79,4.79,1,1,0.000271111448494247,False
131582,,QUAPE PTE LTD,broadband,2025-Q4,2025,4,914.1991891007782,729.8521739513038,914.1991891007782,729.8521739513038,2.609,2.609,1,1,0.000271111448494247,False
11746,,"Waggener Edstrom Worldwide, Inc.",broadband,2025-Q4,2025,4,179.01695458950647,0.096042349861332,179.01695458950647,0.096042349861332,5.002,5.002,1,1,0.000271111448494247,False
18725,,PVH Corp.,broadband,2025-Q4,2025,4,20.383869016184804,0.10280918111682469,20.383869016184804,0.10280918111682469,213.543,213.543,1,1,0.000271111448494247,False
45652,,VPLS ASIA,broadband,2025-Q4,2025,4,14.758012266510454,,14.758012266510454,,149.791,149.791,1,1,0.000271111448494247,False
38891,,Measat Satellite Systems Sdn. Bhd.,broadband,2025-Q4,2025,4,0.701898540722889,0.1967390423924489,0.701898540722889,0.1967390423924489,6.147,6.147,1,1,0.000271111448494247,False
3738,,State Street Bank and Trust Company,broadband,2025-Q4,2025,4,39.35355746315975,2.8003303164986453,39.35355746315975,2.8003303164986453,178.175,178.175,1,1,0.000271111448494247,False
147188,,Rocket Network Pte. Ltd.,broadband,2025-Q4,2025,4,149.6601080865312,468.8636304682496,149.6601080865312,468.8636304682496,1.471,1.471,1,1,0.000271111448494247,False
141167,,AgotoZ HK Limited,broadband,2025-Q4,2025,4,33.642441861337154,32.80853908899184,33.642441861337154,32.80853908899184,115.92,115.92,1,1,0.000271111448494247,False
10100,,UBS Group AG,broadband,2025-Q4,2025,4,73.19418584955147,66.38328320877042,73.19418584955147,66.38328320877042,252.064,252.064,1,1,0.000271111448494247,False
17003,,Zoetis Inc.,broadband,2025-Q4,2025,4,75.14535173312824,5.062402470983415,75.14535173312824,5.062402470983415,220.092,220.092,1,1,0.000271111448494247,False
35923,,KENVUE BRANDS LLC,broadband,2025-Q4,2025,4,3.730092388095759,,3.730092388095759,,113.0,113.0,1,1,0.000271111448494247,False
57695,,"Misaka Network, Inc.",broadband,2025-Q4,2025,4,77.12467035083273,,77.12467035083273,,0.228,0.228,1,1,0.000271111448494247,False
133391,,SYSNETPRO SOLUTION PTE LTD,broadband,2025-Q4,2025,4,26.968837478795663,23.62607367680858,26.968837478795663,23.62607367680858,93.798,93.798,1,1,0.000271111448494247,False
31216,,BSO Network Solutions SAS,broadband,2025-Q4,2025,4,9.701723484225912,6.421095441621509,9.701723484225912,6.421095441621509,0.947,0.947,1,1,0.000271111448494247,False
36383,,Google LLC,broadband,2025-Q4,2025,4,272.30777147287773,279.49330620803255,272.30777147287773,279.49330620803255,3.521,3.521,1,1,0.000271111448494247,False
55967,,"Beijing Baidu Netcom Science and Technology Co., Ltd.",broadband,2025-Q4,2025,4,9.964340661921572,9.577060817209187,9.964340661921572,9.577060817209187,195.0,195.0,1,1,0.000271111448494247,False
64050,,BGP Network Limited,broadband,2025-Q4,2025,4,4.391631103615589,3.0593472685456526,4.391631103615589,3.0593472685456526,48.919,48.919,1,1,0.000271111448494247,False
23764,,CTGNet,broadband,2025-Q4,2025,4,91.20212792237358,,91.20212792237358,,3.427,3.427,1,1,0.000271111448494247,False
49915,,Megaport,broadband,2025-Q4,2025,4,8.673035068546668,0.4625504999243477,8.673035068546668,0.4625504999243477,267.425,267.425,1,1,0.000271111448494247,False
59210,,PhoenixNAP,broadband,2025-Q4,2025,4,16.20290978702262,5.6710027222209725,16.20290978702262,5.6710027222209725,94.0,94.0,1,1,0.000271111448494247,False
45143,,SINGTEL MOBILE INTERNET SERVICE PROVIDER Singapore,cellular,2023-Q1,2023,1,67.90543839944037,12.949604098866033,27.151797970736613,6.071041096555229,74.22339640423112,47.866,56353,8001,41.898764293892846,True
4773,,MobileOne Ltd. Mobile/Internet Service Provider Singapore,cellular,2023-Q1,2023,1,45.22258623527362,11.706548824878938,14.085652195346391,5.336460931241677,48.5462471372327,22.838,38883,16223,28.90972356466267,True
4657,,StarHub Ltd,cellular,2023-Q1,2023,1,71.20150097256081,12.509138188136735,34.686144112897736,6.142451267616422,45.92299374873288,21.806,29600,648,22.007762197207395,True
4817,,Simba Telecom Pte Ltd,cellular,2023-Q1,2023,1,13.218587512691235,3.0395300695528067,6.767276718566861,1.8762842476026977,236.79386458876266,347.226,9610,1590,7.145087659296049,True
9498,,BHARTI Airtel Ltd.,cellular,2023-Q1,2023,1,24.99951945012091,24.93240578372262,19.839657320753993,30.984127060315252,20.9834375,22.2165,48,4,0.03568826302249847,False
6774,,Belgacom International Carrier Services SA,cellular,2023-Q1,2023,1,1.8666695994828333,0.6271930833006663,2.070140225673195,0.6271930833006663,356.75974999999994,329.748,4,3,0.0029740219185415396,False
45143,,SINGTEL MOBILE INTERNET SERVICE PROVIDER Singapore,cellular,2023-Q2,2023,2,71.9043617866055,13.976432065857043,27.828555440734064,7.20183824558737,78.17220180049105,48.074,54993,8306,43.01133297355639,True
4773,,MobileOne Ltd. Mobile/Internet Service Provider Singapore,cellular,2023-Q2,2023,2,48.23356618331866,12.32294787964774,17.271154771183983,6.2467226018475275,60.04833921345114,31.423499999999997,35106,15276,27.457237382388136,True
4657,,StarHub Ltd,cellular,2023-Q2,2023,2,64.81579410006655,12.03915139704093,31.725978686087522,5.94593995050154,53.60535406344748,31.5935,27051,714,21.157230343274126,True
4817,,Simba Telecom Pte Ltd,cellular,2023-Q2,2023,2,15.74273069028123,3.2648111053996067,7.290147947860627,1.8197369373679257,140.57924654159564,59.6385,10561,1802,8.260009229060591,True
138345,,StarHub Ltd,cellular,2023-Q2,2023,2,194.83359606095394,13.166005907098583,170.21241699326777,4.975143334523789,32.92042045454545,29.0805,88,51,0.06882689254401402,False
9498,,BHARTI Airtel Ltd.,cellular,2023-Q2,2023,2,24.379314852136567,22.27260331386038,21.660690811545273,20.974546437557024,30.82710810810811,27.441,37,5,0.028938579819642256,False
4637,,Telstra Global,cellular,2023-Q2,2023,2,36.075828296463385,2.314268390475802,16.53320609306983,0.6583554589901564,63.24179999999999,29.6415,10,3,0.007821237789092501,False
6774,,Belgacom International Carrier Services SA,cellular,2023-Q2,2023,2,8.72633341596139,0.7949372114752871,3.308466085461874,0.15511536402700749,344.27133333333336,364.2745,6,4,0.004692742673455501,False
131219,,Indosat Singapore Pte. Ltd.,cellular,2023-Q2,2023,2,36.143667628541266,24.524492519809677,30.257971839357104,24.33014388430977,98.0242,132.0,5,1,0.003910618894546251,False
45143,,SINGTEL MOBILE INTERNET SERVICE PROVIDER Singapore,cellular,2023-Q3,2023,3,86.5664378723249,16.681098932247938,36.082840963348076,9.17915754833155,58.37484516657144,43.379,64756,8201,40.64396673466185,True
4773,,MobileOne Ltd. Mobile/Internet Service Provider Singapore,cellular,2023-Q3,2023,3,49.3496270430774,12.662053950266477,13.983597731619959,6.498329684082068,42.79354138459149,19.707,45073,24798,28.289973324964695,True
4657,,StarHub Ltd,cellular,2023-Q3,2023,3,63.621487669418954,12.056586207256101,28.78984488394084,5.659675922018736,40.91602461665003,19.409,34044,714,21.367644751294524,True
4817,,Simba Telecom Pte Ltd,cellular,2023-Q3,2023,3,19.617469537984345,4.301419666890274,8.438307683246478,2.5125965221730038,73.59789869687643,47.53,15294,1865,9.599246822532558,True
138345,,StarHub Ltd,cellular,2023-Q3,2023,3,257.6634593317676,25.248721141147016,272.15062326565914,21.480712512162366,25.657363636363634,15.8765,132,103,0.08284952141848423,True
9498,,BHARTI Airtel Ltd.,cellular,2023-Q3,2023,3,54.99941877000249,48.2662833184685,51.32354311745969,50.54362943073126,17.050900000000002,6.166,20,2,0.012552957790679428,False
4637,,Telstra Global,cellular,2023-Q3,2023,3,28.538686298848404,0.62173373051599,33.432008359623815,0.5874001998485716,58.134800000000006,37.497,5,1,0.003138239447669857,False
131219,,Indosat Singapore Pte. Ltd.,cellular,2023-Q3,2023,3,1.7415368855365052,2.851084768543947,1.7415368855365052,2.851084768543947,62.723,62.723,1,1,0.0006276478895339715,False
45143,,SINGTEL MOBILE INTERNET SERVICE PROVIDER Singapore,cellular,2023-Q4,2023,4,98.9928362618223,18.470824594628553,42.04682752835351,10.65092535788088,55.93099652963509,44.431,76666,9225,38.67469089404892,True
4773,,MobileOne Ltd. Mobile/Internet Service Provider Singapore,cellular,2023-Q4,2023,4,53.31886728838788,13.646436885792355,13.285686702568798,7.74536936328565,31.584966821522695,17.815,57706,21297,29.110188515534748,True
4657,,StarHub Ltd,cellular,2023-Q4,2023,4,73.07083417579703,13.02858766916803,33.71841945108819,6.38898851203067,33.34572761785111,16.9005,36617,714,18.471697446943747,True
4817,,Simba Telecom Pte Ltd,cellular,2023-Q4,2023,4,21.6414241519755,4.771507404749317,10.74326687550909,2.666773066741147,91.55868235816588,29.545,27045,4106,13.643036225048302,True
138345,,StarHub Ltd,cellular,2023-Q4,2023,4,188.73296432609953,20.943272455226435,137.94857427031184,13.772593786886713,18.68398159509202,14.856,163,109,0.08222647087013767,True
9498,,BHARTI Airtel Ltd.,cellular,2023-Q4,2023,4,76.08615604415203,65.7099336157152,91.02722931924127,91.79980826139969,14.1432,5.664,30,3,0.015133706295117361,False
4637,,Telstra Global,cellular,2023-Q4,2023,4,15.52308324140965,5.160378550914778,2.9051780438241326,5.160378550914778,15.23466666666667,5.054,3,2,0.0015133706295117361,False
6774,,Belgacom International Carrier Services SA,cellular,2023-Q4,2023,4,4.599704077187184,1.1435131384619723,3.073310201647953,1.1435131384619723,169.87133333333335,157.758,3,3,0.0015133706295117361,False
45143,,SINGTEL MOBILE INTERNET SERVICE PROVIDER Singapore,cellular,2024-Q1,2024,1,94.30730563459225,17.819952568542764,42.905165812699536,10.46960088892231,59.28963385892511,47.0175,83858,10225,41.72392689928999,True
4773,,MobileOne Ltd. Mobile/Internet Service Provider Singapore,cellular,2024-Q1,2024,1,77.30339953267548,14.795391040309621,26.17865348678371,8.025697956218918,37.648807123300834,17.196,41654,20848,20.725135956772462,True
4817,,Simba Telecom Pte Ltd,cellular,2024-Q1,2024,1,22.80533378715633,4.511665826792788,12.392549023382122,2.507398972725643,49.41345095515162,20.024,38885,11701,19.347407492175954,True
4657,,StarHub Ltd,cellular,2024-Q1,2024,1,85.25857586009012,13.883788964532382,41.12613220834547,6.618622706246218,28.722818186837465,16.13,36227,714,18.024907579247998,True
138345,,StarHub Ltd,cellular,2024-Q1,2024,1,240.63124893299764,18.381533675613174,210.9015926309183,11.81403107586411,16.517455284552845,13.939,246,188,0.12239841180597363,True
6774,,Belgacom International Carrier Services SA,cellular,2024-Q1,2024,1,26.65181529673336,8.464702893414273,21.498258179136187,2.894168952870488,109.96858823529409,82.119,85,52,0.042292134160600646,False
393559,,"WEBBING USA, INC.",cellular,2024-Q1,2024,1,8.978958206469425,4.7836607137911376,9.59072686412312,3.3011335461125726,341.3971428571429,355.54600000000005,14,2,0.006965763273510695,False
9498,,BHARTI Airtel Ltd.,cellular,2024-Q1,2024,1,74.56271299507311,56.84543884279093,84.52879665078828,90.51225266625562,12.600142857142858,5.977,7,2,0.0034828816367553474,False
206119,,Veganet Teknolojileri ve Hizmetleri LTD STI,cellular,2024-Q1,2024,1,18.808204033969382,10.54976938518903,8.572804217127226,0.23419494046099681,205.44950000000003,204.678,6,1,0.0029853271172188695,False
216435,,Plim Mobile Telecom LLC,cellular,2024-Q1,2024,1,8.78747572762128,0.8579434038368658,8.78747572762128,0.8579434038368658,257.961,257.961,1,1,0.0004975545195364782,False
45143,,SINGTEL MOBILE INTERNET SERVICE PROVIDER Singapore,cellular,2024-Q2,2024,2,89.10118984932316,16.199423168781625,42.36692324395716,8.543955372928767,70.34307539923407,56.172,90633,12279,39.85111837100809,True
4657,,StarHub Ltd,cellular,2024-Q2,2024,2,88.05672183907924,15.065800400427628,43.709312164905455,8.300301900828927,27.646294613318798,15.919,51388,739,22.595183551789788,True
4773,,MobileOne Ltd. Mobile/Internet Service Provider Singapore,cellular,2024-Q2,2024,2,71.65372879281294,14.720122527467266,27.569375907901396,9.016576718988446,50.54783761101433,17.775,47079,16515,20.700526318103673,True
4817,,Simba Telecom Pte Ltd,cellular,2024-Q2,2024,2,20.490992966108085,4.454606494768788,10.23896550814265,2.3539193266020337,69.29480167806756,27.1615,37468,13838,16.474592070492328,True
138345,,StarHub Ltd,cellular,2024-Q2,2024,2,235.8473953528526,22.977279348902325,208.97367893725615,10.927351801856203,15.720631961259079,13.826,413,244,0.18159513518504677,True
6774,,Belgacom International Carrier Services SA,cellular,2024-Q2,2024,2,28.31728624429014,8.930379668942983,23.60882134150494,5.816274126978969,249.39331412103746,212.09,347,128,0.1525750893685502,True
393559,,"WEBBING USA, INC.",cellular,2024-Q2,2024,2,20.35044388335852,10.128096796915667,7.802489347790908,6.4484829956772005,187.74172093023256,183.144,86,3,0.03781399909422281,False
4637,,Telstra Global,cellular,2024-Q2,2024,2,66.09413501181675,77.26918451300982,4.8967911453169695,1.7263325724738188,12.025,4.994,7,2,0.0030778836472041826,False
9498,,BHARTI Airtel Ltd.,cellular,2024-Q2,2024,2,2.6356455222375303,,2.2678691288511397,,29.671000000000003,27.084,3,1,0.0013190929916589353,False
216183,,"Apple Network, LLC",cellular,2024-Q2,2024,2,59.37916414071922,1.7093041779045688,45.5961747803824,1.7093041779045688,242.33333333333334,244.0,3,2,0.0013190929916589353,False
34984,,Superonline Iletisim Hizmetleri A.S.,cellular,2024-Q2,2024,2,34.404766872804636,1.9357537508444875,34.404766872804636,1.9357537508444875,206.808,206.808,1,1,0.00043969766388631177,False
10780,,"Pure Storage, INC.",cellular,2024-Q2,2024,2,403.93535111267374,,403.93535111267374,,4.989,4.989,1,1,0.00043969766388631177,False
45143,,SINGTEL MOBILE INTERNET SERVICE PROVIDER Singapore,cellular,2024-Q3,2024,3,107.28262140585787,17.95713907928803,48.76083410265366,10.46592362477618,49.12022530790863,44.857,101022,13189,38.14598044028244,True
4657,,StarHub Ltd,cellular,2024-Q3,2024,3,86.15741225239604,15.513644594129973,38.09593701392813,7.75298027344127,28.64248874098895,16.04,65069,736,24.57010157459502,True
4773,,MobileOne Ltd. Mobile/Internet Service Provider Singapore,cellular,2024-Q3,2024,3,59.426207407226414,15.702533482342613,27.3471906661446,10.34816693793466,47.55959474920441,17.76,52806,26602,19.939583884001056,True
4817,,Simba Telecom Pte Ltd,cellular,2024-Q3,2024,3,19.35981874480339,4.899186708184997,8.601942540662584,2.7506961215890042,80.3232254547996,26.385,42966,13533,16.22399275006608,True
58453,,China Mobile International Limited,cellular,2024-Q3,2024,3,8.214704010607626,4.82243954926906,3.7785049262952675,2.284006809043105,329.58191308016876,359.9865,2371,37,0.8952913189593324,True
6774,,Belgacom International Carrier Services SA,cellular,2024-Q3,2024,3,11.292886893580663,5.258657440840894,4.480270750032644,2.5184791313872332,118.45457647058824,90.8,255,121,0.09628818487331496,True
138345,,StarHub Ltd,cellular,2024-Q3,2024,3,116.45190526023475,14.879201169531816,74.60187792440335,4.995957911401233,76.7951214953271,85.35300000000001,214,144,0.08080655514858588,True
216183,,"Apple Network, LLC",cellular,2024-Q3,2024,3,94.27447835413952,16.30176458788755,67.47552805243558,7.684440869540412,66.35665306122449,15.061,98,21,0.03700487104935241,False
9498,,BHARTI Airtel Ltd.,cellular,2024-Q3,2024,3,69.80687020731182,17.575306931492705,83.6572133935874,20.71900583885971,42.33280952380952,43.645,21,3,0.007929615224861231,False
393559,,"WEBBING USA, INC.",cellular,2024-Q3,2024,3,30.029088197940638,14.359302010116961,25.806101804653483,13.803048978825775,302.73999999999995,278.782,8,3,0.003020805799947136,False
45143,,SINGTEL MOBILE INTERNET SERVICE PROVIDER Singapore,cellular,2024-Q4,2024,4,118.2789380726056,19.37444646384718,56.934154907136715,12.531384533946287,39.991043747054746,21.561,89142,13681,33.63189110061422,True
4657,,StarHub Ltd,cellular,2024-Q4,2024,4,93.94814500418485,16.58835258488992,41.709336270167405,8.103513315688527,28.716607353030376,15.704,65938,758,24.877382551348415,True
4773,,MobileOne Ltd. Mobile/Internet Service Provider Singapore,cellular,2024-Q4,2024,4,60.91839133607766,16.52577735273496,29.82808962324698,11.878334592769228,72.54891670570275,18.841,57651,22657,21.750826252961684,True
4817,,Simba Telecom Pte Ltd,cellular,2024-Q4,2024,4,24.105113985869476,5.45709013067584,12.547676399107049,3.142691935736366,46.07593422168654,18.913,44847,13187,16.92007606054661,True
58453,,China Mobile International Limited,cellular,2024-Q4,2024,4,21.767041709324594,7.4919220327884934,12.990310377421018,3.1615667498126667,161.10191114557944,110.924,4514,83,1.7030620406561732,True
39944,,Telecom North America Inc.,cellular,2024-Q4,2024,4,13.418414380948672,3.450621003112684,8.516258925888271,1.1867571485584385,390.0478318584071,342.771,1018,258,0.38407557762250427,True
138345,,StarHub Ltd,cellular,2024-Q4,2024,4,191.22147116265606,23.98532693524713,126.86162213333309,12.391462600949707,18.12054524089307,14.811,851,611,0.32106907323845885,True
6774,,Belgacom International Carrier Services SA,cellular,2024-Q4,2024,4,2.761279615044405,1.854678660264771,2.3991225445173754,1.3630895340784457,102.47239942938657,90.748,701,219,0.26447640463003486,True
216183,,"Apple Network, LLC",cellular,2024-Q4,2024,4,159.9539368051383,12.020411352805638,90.19039307004932,2.745199771460066,9.082450000000001,0.275,180,25,0.0679112023301088,True
58932,,Palau Mobile Communications Inc.,cellular,2024-Q4,2024,4,9.581782147814213,3.4443558559101763,7.589964258126502,1.1079155897872686,73.3500867052023,83.0,173,41,0.06527021112838235,True
393559,,"WEBBING USA, INC.",cellular,2024-Q4,2024,4,18.47940127169607,3.555634772806902,15.91627697580251,1.8943024556876298,288.4244444444444,271.9995,18,1,0.006791120233010881,False
10780,,"Pure Storage, INC.",cellular,2024-Q4,2024,4,277.7623610465538,305.6554980783208,100.50519789600439,122.28559337245633,130.74083333333334,167.59199999999998,12,1,0.004527413488673921,False
9498,,BHARTI Airtel Ltd.,cellular,2024-Q4,2024,4,56.457623999729854,40.143516085815236,64.07557594520469,26.977335847316994,35.974250000000005,32.3545,4,1,0.0015091378295579736,False
138199,,Transatel,cellular,2024-Q4,2024,4,0.42310180177432266,3.9265561269740363,0.42310180177432266,3.9265561269740363,216.983,216.983,2,1,0.0007545689147789868,False
4637,,Telstra Global,cellular,2024-Q4,2024,4,17.113317891209476,,17.113317891209476,,3.565,3.565,1,1,0.0003772844573894934,False
45143,,SINGTEL MOBILE INTERNET SERVICE PROVIDER Singapore,cellular,2025-Q1,2025,1,125.91635147009809,22.995027191743432,61.41696347597947,15.37629000101585,39.508089902905326,25.953,80241,12040,33.00156697910283,True
4657,,StarHub Ltd,cellular,2025-Q1,2025,1,95.42644301240263,16.417405159490553,42.0000870084904,8.146067202264687,28.907455708010378,15.753,58969,736,24.25280596192364,True
4817,,Simba Telecom Pte Ltd,cellular,2025-Q1,2025,1,23.91065731644279,5.492311831401728,13.256159544779472,3.2196501874646746,42.83364539342476,19.571,48683,15339,20.022373664880337,True
4773,,MobileOne Ltd. Mobile/Internet Service Provider Singapore,cellular,2025-Q1,2025,1,73.61162634165045,16.560691195835517,30.506023763241355,10.80555403334612,70.99225886275069,18.595,42601,18745,17.520965028810206,True
39944,,Telecom North America Inc.,cellular,2025-Q1,2025,1,11.427245242788416,5.881086577775292,4.273484006869229,2.246379545243937,375.2445522254528,337.244,4475,258,1.8404807047704437,True
58453,,China Mobile International Limited,cellular,2025-Q1,2025,1,23.7586749111127,8.464778944060205,15.750643286699946,3.805095023695924,162.62655051546395,116.0,3882,83,1.5965913063505839,True
24545,,HKTEL,cellular,2025-Q1,2025,1,13.44998462546895,3.639441918832783,9.933406496907836,2.118133290648567,164.52680681028494,132.91,1439,484,0.5918327897574678,True
138345,,StarHub Ltd,cellular,2025-Q1,2025,1,184.88398239226152,23.34075943574418,125.93758044839103,15.292054155714794,18.584468451242827,14.5605,1047,519,0.43061079282562115,True
216183,,"Apple Network, LLC",cellular,2025-Q1,2025,1,191.1913801720033,31.599301908836537,143.71688519721744,19.162567314971117,2.1000244173140956,0.265,901,60,0.3705638245805966,True
6774,,Belgacom International Carrier Services SA,cellular,2025-Q1,2025,1,9.962039833164562,4.212880332320982,2.6312796344138425,1.3407875240766538,152.80131830985917,122.35900000000001,710,235,0.29200922913676314,True
58932,,Palau Mobile Communications Inc.,cellular,2025-Q1,2025,1,12.645544102255748,4.846787760063227,7.980290405455176,4.00856171660718,80.04053571428572,72.641,140,53,0.05757928461851668,True
10780,,"Pure Storage, INC.",cellular,2025-Q1,2025,1,87.43044542758379,80.09765771697171,72.3455544197113,97.39174648378851,107.26665217391303,146.259,23,1,0.009459453901613454,False
9498,,BHARTI Airtel Ltd.,cellular,2025-Q1,2025,1,53.69657542935674,40.98338231807365,82.79511864697237,31.07239827408577,36.25147619047619,37.441,21,4,0.0086368926927775,False
393559,,"WEBBING USA, INC.",cellular,2025-Q1,2025,1,18.754887323066114,9.455858158668802,11.535456078519594,6.481093807261817,165.13225,123.956,8,2,0.00329024483534381,False
4637,,Telstra Global,cellular,2025-Q1,2025,1,124.84795368471787,111.25719716618218,91.32531505521116,111.25719716618218,4.468333333333334,4.609,3,1,0.0012338418132539287,False
45143,,SINGTEL MOBILE INTERNET SERVICE PROVIDER Singapore,cellular,2025-Q2,2025,2,135.04852543283292,24.39010570905808,67.65531121666854,15.252847642821637,42.150308550185855,29.474,47618,11352,31.620117667370547,True
4657,,StarHub Ltd,cellular,2025-Q2,2025,2,88.7135614893503,15.272630958776986,36.91428314016048,6.990240313359517,32.30270364381822,15.9825,34638,1224,23.000916371170167,True
4817,,Simba Telecom Pte Ltd,cellular,2025-Q2,2025,2,23.727145352701143,5.60131761357676,12.324278771024655,3.2136209874234574,49.486005712055665,20.1515,28202,12148,18.727173725380826,True
4773,,MobileOne Ltd. Mobile/Internet Service Provider Singapore,cellular,2025-Q2,2025,2,96.68732488000259,18.87005112555152,30.799606753855006,11.051618210824257,34.09334243291317,16.2755,25867,14821,17.17664714397652,True
39944,,Telecom North America Inc.,cellular,2025-Q2,2025,2,13.380366426899482,6.458228246535552,5.033280346331335,2.4981670652524772,335.40309231699933,313.088,8268,311,5.490258576038886,True
24545,,HKTEL,cellular,2025-Q2,2025,2,12.730669070659708,3.0086883126972843,6.571556290094343,1.2636893479147593,160.72773646883167,127.581,2680,521,1.7796193739458412,True
58453,,China Mobile International Limited,cellular,2025-Q2,2025,2,21.75303340043306,8.280587237606404,13.488521473259594,3.163539675017921,185.30880286006123,120.05199999999999,1959,83,1.3008486393880234,True
138345,,StarHub Ltd,cellular,2025-Q2,2025,2,177.24568859753714,21.71801110255707,95.23101087229978,8.893430886416496,15.698728606356967,14.424,409,275,0.2715911656506899,True
4637,,Telstra Global,cellular,2025-Q2,2025,2,24.950646680245217,13.071791362035658,18.284267553273615,6.661969200275731,284.3035924170616,197.546,211,6,0.14011182384424345,True
6774,,Belgacom International Carrier Services SA,cellular,2025-Q2,2025,2,25.59588400956522,7.0840241164899345,11.303895475435633,3.1832742823811833,178.11779126213597,145.9145,206,159,0.13679163844509076,True
216183,,"Apple Network, LLC",cellular,2025-Q2,2025,2,239.095043541088,26.496564102299597,139.07062464048522,14.75885768278597,7.927132653061225,0.26,196,43,0.1301512676467854,True
393559,,"WEBBING USA, INC.",cellular,2025-Q2,2025,2,19.650266743446505,7.813138920047653,7.9479099807612315,1.8738266758029036,251.18446315789473,290.05899999999997,190,37,0.12616704516780217,True
58932,,Palau Mobile Communications Inc.,cellular,2025-Q2,2025,2,15.27572153853559,5.39900840707514,9.289340337305276,2.39222352476358,121.96457777777778,88.671,136,57,0.09030904285695313,True
9498,,BHARTI Airtel Ltd.,cellular,2025-Q2,2025,2,28.05653625678078,12.49655703043314,0.703305409030144,0.08350641503969862,107.22678571428573,113.46350000000001,14,3,0.009296519117627529,False
45143,,SINGTEL MOBILE INTERNET SERVICE PROVIDER Singapore,cellular,2025-Q3,2025,3,124.91557767542885,23.74526229157471,69.21701281562297,14.667890328048712,63.259463511142584,27.929499999999997,53587,14097,34.28207687189723,True
4657,,StarHub Ltd,cellular,2025-Q3,2025,3,85.52171444189987,15.130612444254094,35.91662202275323,6.768436247345629,34.36034849790179,16.565,35989,1241,23.023824146578637,True
4817,,Simba Telecom Pte Ltd,cellular,2025-Q3,2025,3,24.69172404205327,6.079954278278018,12.235662015851483,3.5614049729428294,43.806589474069746,19.7305,27327,12196,17.482343006295103,True
4773,,MobileOne Ltd. Mobile/Internet Service Provider Singapore,cellular,2025-Q3,2025,3,115.52667512679483,19.66321411840401,36.60234711524768,11.246616344273809,29.004670890766253,16.424500000000002,26994,16435,17.269307538768615,True
39944,,Telecom North America Inc.,cellular,2025-Q3,2025,3,14.685936506818233,6.125717342051517,8.146061900355829,2.340165130800334,332.3009894886364,296.121,7044,438,4.506371871641333,True
58453,,China Mobile International Limited,cellular,2025-Q3,2025,3,22.31117036765155,8.149991783156489,11.627901824865377,3.5840795904486824,178.12491725867113,116.768,2393,83,1.530912533906546,True
24545,,HKTEL,cellular,2025-Q3,2025,3,12.50191908872188,3.7442625160230762,7.072109568615537,2.72391432837531,132.21915171288742,117.327,1226,414,0.7843287783407544,True
138345,,StarHub Ltd,cellular,2025-Q3,2025,3,200.087127570864,24.556720452617512,155.35183001302565,13.246999977908954,16.59786202830189,13.224,848,659,0.5425047341215006,True
6774,,Belgacom International Carrier Services SA,cellular,2025-Q3,2025,3,19.56357975370796,5.249601227164201,5.742762056481533,0.7072117471570128,176.77350865800867,181.32150000000001,462,235,0.2955627207124213,True
153599,,New Pos Network (S) Pte Ltd,cellular,2025-Q3,2025,3,9.39943952278198,3.0759720967787194,5.38526754818202,1.4853855156728615,132.9949906542056,109.237,214,81,0.13690567582783153,True
216183,,"Apple Network, LLC",cellular,2025-Q3,2025,3,127.50717154371813,26.03525279235381,84.23045505991941,9.664348645245633,7.513423357664233,0.266,137,32,0.08764522237576129,True
58932,,Palau Mobile Communications Inc.,cellular,2025-Q3,2025,3,16.193604046500234,6.989172207014737,7.355918105156055,3.396185164475184,109.52318867924527,87.918,53,32,0.033906545882593786,False
9498,,BHARTI Airtel Ltd.,cellular,2025-Q3,2025,3,24.032760995712355,10.684201848341662,10.038864948944848,4.029944332345138,49.67843333333334,45.1035,30,6,0.01919238446184554,False
393559,,"WEBBING USA, INC.",cellular,2025-Q3,2025,3,3.8333508036348287,1.7145117822546379,0.4048187579529404,1.4254168994135479,351.11666666666673,352.42049999999995,6,1,0.003838476892369108,False
10780,,"Pure Storage, INC.",cellular,2025-Q3,2025,3,20.31988763911623,46.71897752166835,20.31988763911623,46.71897752166835,227.888,227.888,2,1,0.0012794922974563693,False
45143,,SINGTEL MOBILE INTERNET SERVICE PROVIDER Singapore,cellular,2025-Q4,2025,4,136.21060038011956,25.446851067381985,69.43631564653495,15.075923832386774,40.12645390087629,18.689,42455,12781,33.14466390818956,True
4657,,StarHub Ltd,cellular,2025-Q4,2025,4,105.83152236443973,18.299474567000477,38.68515517456309,8.76453917233869,33.55121031838251,17.061,30133,1270,23.524865329065502,True
4773,,MobileOne Ltd. Mobile/Internet Service Provider Singapore,cellular,2025-Q4,2025,4,140.73066456817259,21.918854163794844,52.70714827737331,11.722741727640711,26.737216587013844,16.0925,24278,13391,18.953860566788975,True
4817,,Simba Telecom Pte Ltd,cellular,2025-Q4,2025,4,27.150859768077684,6.456745029227828,14.448906617411486,3.4724845610871125,43.5816542310258,19.574,19503,8125,15.226012959637755,True
39944,,Telecom North America Inc.,cellular,2025-Q4,2025,4,13.124571592447428,5.7411262334992355,6.8168926416495115,1.9455087794445842,328.73272538250285,297.4595,5099,438,3.9807947536888126,True
214155,,Saily Inc.,cellular,2025-Q4,2025,4,27.239262184821918,8.07236540222903,7.737478722241798,1.5463169985165797,153.59995103686637,116.1585,1736,208,1.3552970567569678,True
58453,,China Mobile International Limited,cellular,2025-Q4,2025,4,24.779269231775285,8.187307091229806,13.715477132380492,3.578453856719011,167.4441736526946,114.4765,1670,83,1.303770786165977,True
138345,,StarHub Ltd,cellular,2025-Q4,2025,4,187.44822076578663,26.608678747640077,128.36494093267515,18.294880063423328,17.460988605898123,13.771999999999998,1492,1099,1.1648059957842143,True
153599,,New Pos Network (S) Pte Ltd,cellular,2025-Q4,2025,4,9.877745569983551,3.188128507089693,5.409437611995491,1.300402351212762,127.57287111111111,111.4505,900,235,0.7026309626044188,True
6774,,Belgacom International Carrier Services SA,cellular,2025-Q4,2025,4,29.098654984325233,7.456231927841571,10.317643265218267,3.325198024405927,162.7276889632107,167.942,299,152,0.23342961979857912,True
24545,,HKTEL,cellular,2025-Q4,2025,4,16.62906271124635,3.656937847495767,8.639926001688147,2.4514948509875456,139.38737078651684,131.735,267,143,0.20844718557264424,True
393559,,"WEBBING USA, INC.",cellular,2025-Q4,2025,4,19.053848752486356,10.831241890794436,1.7858923024128721,1.8639537563930706,297.594067114094,289.808,149,61,0.11632445936450933,True
216183,,"Apple Network, LLC",cellular,2025-Q4,2025,4,164.3824125420368,30.258860120477593,110.53563483903328,19.529131140103562,1.8612199999999999,0.2545,50,18,0.03903505347802327,False
9498,,BHARTI Airtel Ltd.,cellular,2025-Q4,2025,4,47.60638012217737,26.518569510566643,50.04353965357318,18.29991319414071,31.729815789473676,32.887,38,4,0.02966664064329768,False
58932,,Palau Mobile Communications Inc.,cellular,2025-Q4,2025,4,6.137252806483108,1.990801533981106,6.00220783955211,1.7814664376165172,53.69858823529412,59.552,17,11,0.01327191818252791,False
138199,,Transatel,cellular,2025-Q4,2025,4,34.02349727703748,3.98186962311911,34.02349727703748,3.98186962311911,157.33350000000002,157.33350000000002,2,1,0.0015614021391209306,False
4637,,Telstra Global,cellular,2025-Q4,2025,4,178.6945522604496,188.36037625913545,178.6945522604496,188.36037625913545,4.218,4.218,2,2,0.0015614021391209306,False
