province,quarter,year,quarter,avg_d_mbps,avg_u_mbps,avg_lat_ms_wt,total_tests,n_tiles,is_reliable,region,internet_tier,pop_2024,gdp_per_capita_thb_2021,density_per_km2
An Giang,2023-Q1,2023,1,95.57958600243528,88.10515760495527,7.184657737307427,18889.0,2010.0,True,Mekong Delta,1,2057000,338704.14,540
Bà Rịa–Vũng Tàu,2023-Q1,2023,1,109.29443024310879,94.01653095960701,5.925377804198868,31961.0,1504.0,True,Southeast,1,1303000,3286254.54,580
Bình Dương,2023-Q1,2023,1,114.67984811490793,101.53276362487689,4.78036679859524,53817.0,2251.0,True,Southeast,2,2564000,327276.61,901
Bình Phước,2023-Q1,2023,1,101.15592373799939,91.24165376277485,6.347475998761227,12916.0,2016.0,True,Southeast,2,1313000,322186.39,145
Bình Thuận,2023-Q1,2023,1,97.32066891031472,82.64340755563641,13.525316839488205,16491.0,1570.0,True,South Central Coast,2,1498000,276055.5,155
Bình Định,2023-Q1,2023,1,98.98601992807276,84.29329553628095,10.029363232494182,23635.0,2110.0,True,South Central Coast,2,1679000,275959.91,245
Bạc Liêu,2023-Q1,2023,1,104.59939051724137,95.62389181034483,7.280890804597701,6960.0,1082.0,True,Mekong Delta,2,1105000,330710.59,340
Bắc Giang,2023-Q1,2023,1,90.22798204627823,78.04421327014218,6.774797881237803,17935.0,2445.0,True,Northeast,4,1884000,170576.83,463
Bắc Kạn,2023-Q1,2023,1,81.92421027104137,71.33869044222538,6.9286733238231095,3505.0,723.0,True,Northeast,4,338000,157823.59,65
Bắc Ninh,2023-Q1,2023,1,93.62234868277814,81.07300918063721,5.502866681181508,27558.0,1724.0,True,Red River Delta,1,1447000,397659.74,1664
Bến Tre,2023-Q1,2023,1,106.79787812041116,92.98820371112001,6.1441730076091305,14982.0,2256.0,True,Mekong Delta,2,1331000,266077.85,538
Cao Bằng,2023-Q1,2023,1,76.9581686349427,69.75283952761376,8.209621396318166,5758.0,873.0,True,Northeast,4,576000,139741.61,79
Cà Mau,2023-Q1,2023,1,109.68541663140076,100.86744212865001,8.409754549301734,9452.0,1645.0,True,Mekong Delta,2,1369000,278868.61,229
Côn Đảo,2023-Q1,2023,1,79.4626365313653,71.8810811808118,8.85608856088561,542.0,28.0,True,Southeast,1,1303000,3286254.54,580
Cần Thơ,2023-Q1,2023,1,113.32619192450844,100.99080134591526,5.907816083311403,26599.0,1642.0,True,Mekong Delta,1,1456000,559273.75,858
Gia Lai,2023-Q1,2023,1,98.87492841935247,78.21344864547389,9.90566037735849,13621.0,1532.0,True,Central Highlands,2,1586000,270072.84,98
Ho Chi Minh,2023-Q1,2023,1,125.31415072325218,107.89481842102268,4.3976191289107405,439335.0,3041.0,True,Southeast,1,9125000,638474.09,4363
Hà Giang,2023-Q1,2023,1,90.59669242177073,76.21525226160463,10.079638143259677,6743.0,1037.0,True,Northeast,4,910000,96812.43,108
Hà Nam,2023-Q1,2023,1,78.73751836302284,72.44718174684141,5.288354390645845,25486.0,1736.0,True,Red River Delta,4,945000,190452.63,989
Hà Nội,2023-Q1,2023,1,108.31260701016414,91.38975414754327,4.6301086805348595,352317.0,5895.0,True,Red River Delta,1,8146000,350473.82,2398
Hà Tĩnh,2023-Q1,2023,1,78.4194886159377,69.8890817855003,10.1345116836429,10014.0,1803.0,True,North Central Coast,4,1402000,189147.47,215
Hòa Bình,2023-Q1,2023,1,83.48059475679091,71.84797070435881,6.173720783322805,12664.0,1759.0,True,Northwest,3,979000,209319.85,186
Hưng Yên,2023-Q1,2023,1,86.21508330173862,77.91601971510588,6.0485294914152625,18463.0,1548.0,True,Red River Delta,3,1340000,223672.16,1347
Hải Dương,2023-Q1,2023,1,86.4886444214222,73.19810351377018,5.613571613571613,34749.0,3092.0,True,Red River Delta,3,2003000,224577.11,1134
Hải Phòng,2023-Q1,2023,1,89.72803505499202,70.84187223582448,4.849947534102833,51462.0,1800.0,True,Red River Delta,1,2138000,343860.47,1299
Hậu Giang,2023-Q1,2023,1,89.99374224924013,82.9638,6.485511651469098,4935.0,882.0,True,Mekong Delta,2,853000,262983.34,452
Khánh Hòa,2023-Q1,2023,1,103.19202760340012,91.33577767098188,13.806145435977532,33293.0,1417.0,True,South Central Coast,1,1371000,373474.5,240
Kiên Giang,2023-Q1,2023,1,96.47376469391907,84.91994617314081,8.624906785980611,14751.0,1907.0,True,Mekong Delta,1,1789000,387388.18,271
Kon Tum,2023-Q1,2023,1,99.48048940178992,81.99597479981159,10.286858219500706,4246.0,598.0,True,Central Highlands,4,589000,185404.4,56
Lai Châu,2023-Q1,2023,1,83.81007469879519,73.72379277108433,10.444750430292599,2905.0,511.0,True,Northwest,4,527000,96644.48,51
Long An,2023-Q1,2023,1,98.39184736373929,89.11611115154456,5.405021834061135,24732.0,2878.0,True,Mekong Delta,1,1730000,358440.58,376
Lào Cai,2023-Q1,2023,1,92.87746918299092,80.56313072145245,9.579933110367893,10465.0,1137.0,True,Northwest,3,898000,247234.74,115
Lâm Đồng,2023-Q1,2023,1,105.78264073467903,89.05756777595927,14.200872885979269,27495.0,2376.0,True,Central Highlands,2,1390000,297641.14,133
Lạng Sơn,2023-Q1,2023,1,90.58695434382776,80.31937422914639,7.3726062966569295,9243.0,1197.0,True,Northeast,4,828000,196710.43,94
Nam Định,2023-Q1,2023,1,84.61642766329027,72.60115162417046,6.990604261264408,28630.0,2642.0,True,Red River Delta,4,1852000,170177.51,1067
Nghệ An,2023-Q1,2023,1,80.89698363034967,67.61393718779533,9.034190630484677,29628.0,3896.0,True,North Central Coast,3,3399000,212576.95,202
Ninh Bình,2023-Q1,2023,1,74.30735110657568,68.99184629121754,7.398112124497736,15679.0,1677.0,True,Red River Delta,3,1102000,221438.82,708
Ninh Thuận,2023-Q1,2023,1,95.51297158081705,85.39595683836589,13.167317939609235,5630.0,510.0,True,South Central Coast,3,720000,214609.28,176
Phú Thọ,2023-Q1,2023,1,86.32101349279361,78.77197693277455,6.005758288186991,29349.0,3735.0,True,Northeast,4,1515000,171183.41,414
Phú Yên,2023-Q1,2023,1,95.20607613306542,82.51972728287564,11.00770261219022,8958.0,1008.0,True,South Central Coast,3,1056000,227067.72,174
Quảng Bình,2023-Q1,2023,1,81.12212473450474,67.09944110832208,10.162290017377872,10358.0,1252.0,True,North Central Coast,3,992000,196802.45,112
Quảng Nam,2023-Q1,2023,1,99.80753467886356,83.00736469677169,8.10420599196554,20661.0,2086.0,True,South Central Coast,2,1697000,285182.69,141
Quảng Ngãi,2023-Q1,2023,1,99.99333921154268,85.57414719813453,9.122495081250456,13723.0,1548.0,True,South Central Coast,2,1355000,314135.66,239
Quảng Ninh,2023-Q1,2023,1,88.5038612218158,72.23199666976033,7.642026532729159,18317.0,1292.0,True,Northeast,1,1387000,699887.25,214
Quảng Trị,2023-Q1,2023,1,88.00277452197665,69.50086677427366,7.337223739756642,8054.0,1156.0,True,North Central Coast,3,687000,238707.87,137
Sóc Trăng,2023-Q1,2023,1,91.99328340565614,85.2847621577136,6.966556935508005,13366.0,1838.0,True,Mekong Delta,3,1256000,253301.38,362
Sơn La,2023-Q1,2023,1,85.54618634866958,77.05292195425825,8.56411853697606,11237.0,1605.0,True,Northwest,4,1356000,158468.58,88
Thanh Hóa,2023-Q1,2023,1,83.01044669655037,73.55315513545118,8.03004612486195,30786.0,4519.0,True,North Central Coast,3,3689000,217499.22,328
Thái Bình,2023-Q1,2023,1,79.58231002848729,70.16986234368211,6.2517019941094105,20711.0,2210.0,True,Red River Delta,4,1934000,186783.7,1173
Thái Nguyên,2023-Q1,2023,1,94.45240974119916,83.38716046455554,6.029657611316509,24884.0,2546.0,True,Northeast,3,1356000,227542.08,365
Thừa Thiên Huế,2023-Q1,2023,1,95.9944478322777,77.80282191780822,8.453036775175528,20367.0,1496.0,True,North Central Coast,2,1257000,274484.12,230
Tiền Giang,2023-Q1,2023,1,97.19090520436394,90.00937672913295,5.25233596074542,19157.0,2496.0,True,Mekong Delta,1,1898000,337838.5,703
Trà Vinh,2023-Q1,2023,1,90.93318799950818,83.6217379810648,6.469691380794295,8133.0,1372.0,True,Mekong Delta,3,1067000,237885.11,428
Tuyên Quang,2023-Q1,2023,1,88.77809755169352,79.77749790688824,6.850564505898769,7883.0,1344.0,True,Northeast,4,1056000,174037.61,134
Tây Ninh,2023-Q1,2023,1,108.84163931464174,97.90180074766356,5.878130841121496,16050.0,1932.0,True,Southeast,1,1207000,362573.14,289
Vĩnh Long,2023-Q1,2023,1,98.89405750190404,90.01109234577304,6.9193640517897945,10504.0,1291.0,True,Mekong Delta,2,1100000,300161.23,670
Vĩnh Phúc,2023-Q1,2023,1,85.47653945155108,74.86014857411102,5.38536165551774,25563.0,2036.0,True,Red River Delta,1,1296000,356494.89,932
Yên Bái,2023-Q1,2023,1,80.1270369786615,71.18310863239573,8.226721629485937,8248.0,1441.0,True,Northwest,4,950000,164865.75,119
Điện Biên,2023-Q1,2023,1,86.370347995889,75.53186351490235,10.232476875642343,4865.0,681.0,True,Northwest,4,705000,141953.51,63
Đà Nẵng,2023-Q1,2023,1,111.03972015130925,91.23921179624665,5.445627823276654,54458.0,708.0,True,South Central Coast,1,1294000,429834.96,883
Đắk Lắk,2023-Q1,2023,1,88.97951984803467,79.84461458282598,16.094442550289806,20531.0,2639.0,True,Central Highlands,3,2016000,228316.6,143
Đắk Nông,2023-Q1,2023,1,76.89381184668989,74.02008726639215,20.840671523598353,6314.0,1051.0,True,Central Highlands,2,670000,268062.84,96
Đồng Nai,2023-Q1,2023,1,107.32822194016855,95.06256603745737,5.756497483654825,67757.0,3752.0,True,Southeast,2,3227000,311341.31,528
Đồng Tháp,2023-Q1,2023,1,99.89798933790635,90.81675387712497,7.344169400536833,13412.0,1707.0,True,Mekong Delta,3,1838000,200156.92,473
An Giang,2023-Q2,2023,2,102.98009404159298,92.14541123376227,7.326340184180033,16397.0,1903.0,True,Mekong Delta,1,2057000,338704.14,540
Bà Rịa–Vũng Tàu,2023-Q2,2023,2,120.59010478586292,100.69838221683904,6.18739712413429,32199.0,1535.0,True,Southeast,1,1303000,3286254.54,580
Bình Dương,2023-Q2,2023,2,124.11438277897497,106.6746566288766,4.775189731097161,53365.0,2202.0,True,Southeast,2,2564000,327276.61,901
Bình Phước,2023-Q2,2023,2,106.3001596908149,96.92400978537948,6.255900008223008,12161.0,1923.0,True,Southeast,2,1313000,322186.39,145
Bình Thuận,2023-Q2,2023,2,102.29424552588105,84.34275172081497,13.751170154185022,14528.0,1470.0,True,South Central Coast,2,1498000,276055.5,155
Bình Định,2023-Q2,2023,2,108.4784115132014,87.569788733636,9.96046193855512,22687.0,2198.0,True,South Central Coast,2,1679000,275959.91,245
Bạc Liêu,2023-Q2,2023,2,122.45267587315504,107.07733713283648,7.447464562326465,6843.0,990.0,True,Mekong Delta,2,1105000,330710.59,340
Bắc Giang,2023-Q2,2023,2,92.27883024888321,78.89289451180599,6.849649010848756,15670.0,2388.0,True,Northeast,4,1884000,170576.83,463
Bắc Kạn,2023-Q2,2023,2,85.67849212350347,73.44308601134215,7.369565217391305,3174.0,698.0,True,Northeast,4,338000,157823.59,65
Bắc Ninh,2023-Q2,2023,2,95.9406636140184,83.64919176181415,5.506937836980653,25224.0,1648.0,True,Red River Delta,1,1447000,397659.74,1664
Bến Tre,2023-Q2,2023,2,110.19608907979259,93.13497430539432,5.9556535871836545,12921.0,2009.0,True,Mekong Delta,2,1331000,266077.85,538
Cao Bằng,2023-Q2,2023,2,89.15406315963061,79.66427341688654,8.930573878627968,6064.0,983.0,True,Northeast,4,576000,139741.61,79
Cà Mau,2023-Q2,2023,2,116.62135791146979,110.08560674981658,8.824040107605772,8178.0,1515.0,True,Mekong Delta,2,1369000,278868.61,229
Côn Đảo,2023-Q2,2023,2,68.17570464135021,68.57416877637131,8.926160337552743,474.0,25.0,True,Southeast,1,1303000,3286254.54,580
Cần Thơ,2023-Q2,2023,2,121.05424600431087,104.50628443612997,6.244824921712961,24589.0,1556.0,True,Mekong Delta,1,1456000,559273.75,858
Gia Lai,2023-Q2,2023,2,112.35730100556802,84.77781883154658,10.121997839275327,12033.0,1490.0,True,Central Highlands,2,1586000,270072.84,98
Ho Chi Minh,2023-Q2,2023,2,133.13756328451,112.02301745696556,4.410050878025172,415307.0,2946.0,True,Southeast,1,9125000,638474.09,4363
Hà Giang,2023-Q2,2023,2,86.25381458635704,73.29593958635704,11.001632801161103,5512.0,915.0,True,Northeast,4,910000,96812.43,108
Hà Nam,2023-Q2,2023,2,87.1912955079711,78.17889626875241,5.234260802667008,23397.0,1664.0,True,Red River Delta,4,945000,190452.63,989
Hà Nội,2023-Q2,2023,2,114.4112377413106,95.71106304649406,4.666164216034812,316449.0,5850.0,True,Red River Delta,1,8146000,350473.82,2398
Hà Tĩnh,2023-Q2,2023,2,84.03989250320626,74.23207788270958,9.345109012475225,8577.0,1704.0,True,North Central Coast,4,1402000,189147.47,215
Hòa Bình,2023-Q2,2023,2,89.9683059383202,76.89056938976378,5.86622375328084,12192.0,1731.0,True,Northwest,3,979000,209319.85,186
Hưng Yên,2023-Q2,2023,2,91.81100711558487,82.0822712021289,6.178005322226079,17286.0,1578.0,True,Red River Delta,3,1340000,223672.16,1347
Hải Dương,2023-Q2,2023,2,93.41019071040031,77.39819706198494,5.826715742158236,30701.0,2993.0,True,Red River Delta,3,2003000,224577.11,1134
Hải Phòng,2023-Q2,2023,2,95.56414819375124,75.57894942943207,5.011851102658253,45481.0,1729.0,True,Red River Delta,1,2138000,343860.47,1299
Hậu Giang,2023-Q2,2023,2,99.25589839454587,93.6654246756103,6.4739388607873325,4547.0,837.0,True,Mekong Delta,2,853000,262983.34,452
Khánh Hòa,2023-Q2,2023,2,109.82751912941636,91.72850595354285,14.38063634589108,30738.0,1340.0,True,South Central Coast,1,1371000,373474.5,240
Kiên Giang,2023-Q2,2023,2,104.48752094606388,88.99905236515971,9.34264269506022,11458.0,1773.0,True,Mekong Delta,1,1789000,387388.18,271
Kon Tum,2023-Q2,2023,2,99.76292707383774,78.68521855059252,10.419553327256153,4388.0,609.0,True,Central Highlands,4,589000,185404.4,56
Lai Châu,2023-Q2,2023,2,91.58647180892717,80.44766718872357,10.860219263899765,2554.0,474.0,True,Northwest,4,527000,96644.48,51
Long An,2023-Q2,2023,2,103.67388075175157,92.78608095057754,5.733241810263208,21124.0,2685.0,True,Mekong Delta,1,1730000,358440.58,376
Lào Cai,2023-Q2,2023,2,93.82863990568156,82.86864237592634,9.748708735683808,8906.0,1092.0,True,Northwest,3,898000,247234.74,115
Lâm Đồng,2023-Q2,2023,2,111.98052264056419,92.32561512967744,14.166287718216502,25949.0,2279.0,True,Central Highlands,2,1390000,297641.14,133
Lạng Sơn,2023-Q2,2023,2,97.2766939049713,86.98676157322585,7.5158177598631974,8187.0,1218.0,True,Northeast,4,828000,196710.43,94
Nam Định,2023-Q2,2023,2,89.91208314066402,75.28069925090169,6.808008878202164,21626.0,2397.0,True,Red River Delta,4,1852000,170177.51,1067
Nghệ An,2023-Q2,2023,2,92.01118066787912,75.94379499284139,8.738110900437256,25843.0,3490.0,True,North Central Coast,3,3399000,212576.95,202
Ninh Bình,2023-Q2,2023,2,83.16767499160792,75.65203746223564,6.954749916079221,14895.0,1672.0,True,Red River Delta,3,1102000,221438.82,708
Ninh Thuận,2023-Q2,2023,2,114.11610094441863,102.19661185942097,13.245548846570676,6459.0,533.0,True,South Central Coast,3,720000,214609.28,176
Phú Thọ,2023-Q2,2023,2,87.64010952042761,79.87073229170561,6.048854334093373,26753.0,3715.0,True,Northeast,4,1515000,171183.41,414
Phú Yên,2023-Q2,2023,2,106.19406994459834,87.40900747922439,11.690858725761773,7220.0,839.0,True,South Central Coast,3,1056000,227067.72,174
Quảng Bình,2023-Q2,2023,2,81.52323350318471,67.90320343949045,10.273630573248408,7850.0,1145.0,True,North Central Coast,3,992000,196802.45,112
Quảng Nam,2023-Q2,2023,2,101.9486402560541,82.56240358717314,8.5997946735914,16559.0,1963.0,True,South Central Coast,2,1697000,285182.69,141
Quảng Ngãi,2023-Q2,2023,2,105.12698629198081,85.77860168412806,9.176050132184471,10213.0,1340.0,True,South Central Coast,2,1355000,314135.66,239
Quảng Ninh,2023-Q2,2023,2,93.63380151433206,74.01624218496485,7.653163872363439,18490.0,1284.0,True,Northeast,1,1387000,699887.25,214
Quảng Trị,2023-Q2,2023,2,96.97515701195837,74.78595418543252,7.5261686597297714,6439.0,1044.0,True,North Central Coast,3,687000,238707.87,137
Sóc Trăng,2023-Q2,2023,2,101.77010195505207,89.53799990864242,6.7602777270235705,10946.0,1721.0,True,Mekong Delta,3,1256000,253301.38,362
Sơn La,2023-Q2,2023,2,90.55144702866907,78.98044484526295,8.724036453389026,10534.0,1624.0,True,Northwest,4,1356000,158468.58,88
Thanh Hóa,2023-Q2,2023,2,81.73702264260137,73.01843237964336,8.006510652150324,27647.0,4227.0,True,North Central Coast,3,3689000,217499.22,328
Thái Bình,2023-Q2,2023,2,85.42684375881325,73.05110632297367,6.466016131761521,17729.0,2067.0,True,Red River Delta,4,1934000,186783.7,1173
Thái Nguyên,2023-Q2,2023,2,97.63446725505244,85.3555925215315,5.810352178732839,23454.0,2617.0,True,Northeast,3,1356000,227542.08,365
Thừa Thiên Huế,2023-Q2,2023,2,105.80050093348892,82.37696283547257,8.77928821470245,17140.0,1384.0,True,North Central Coast,2,1257000,274484.12,230
Tiền Giang,2023-Q2,2023,2,102.07350426915465,92.35759898218829,5.3293751767034205,17685.0,2159.0,True,Mekong Delta,1,1898000,337838.5,703
Trà Vinh,2023-Q2,2023,2,90.78388471781864,82.81345592897908,6.93430564362714,7885.0,1252.0,True,Mekong Delta,3,1067000,237885.11,428
Tuyên Quang,2023-Q2,2023,2,93.0596983376132,81.63257818624139,6.584538451142047,7399.0,1266.0,True,Northeast,4,1056000,174037.61,134
Tây Ninh,2023-Q2,2023,2,117.36773443317499,104.01508107587624,6.1202978559506995,15578.0,1907.0,True,Southeast,1,1207000,362573.14,289
Vĩnh Long,2023-Q2,2023,2,108.44976308623298,96.32467392839132,6.615532022188603,9915.0,1264.0,True,Mekong Delta,2,1100000,300161.23,670
Vĩnh Phúc,2023-Q2,2023,2,90.41572470238094,78.73310969932844,5.36019536019536,26208.0,2012.0,True,Red River Delta,1,1296000,356494.89,932
Yên Bái,2023-Q2,2023,2,87.6704826866917,76.98372952301487,8.04324850507579,7191.0,1420.0,True,Northwest,4,950000,164865.75,119
Điện Biên,2023-Q2,2023,2,86.6387843444227,75.17204833659491,12.98454011741683,5110.0,703.0,True,Northwest,4,705000,141953.51,63
Đà Nẵng,2023-Q2,2023,2,116.02923861143609,92.35152614068441,5.874305352442234,54704.0,764.0,True,South Central Coast,1,1294000,429834.96,883
Đắk Lắk,2023-Q2,2023,2,96.1307796572814,84.92060245743568,15.51137803735743,18149.0,2444.0,True,Central Highlands,3,2016000,228316.6,143
Đắk Nông,2023-Q2,2023,2,90.5575458753513,83.53007273929575,20.636634154405687,6049.0,992.0,True,Central Highlands,2,670000,268062.84,96
Đồng Nai,2023-Q2,2023,2,115.44988281671563,100.04466982432999,5.628679776965046,66716.0,3831.0,True,Southeast,2,3227000,311341.31,528
Đồng Tháp,2023-Q2,2023,2,101.7946915290357,92.80815183803942,7.233084709643047,11262.0,1654.0,True,Mekong Delta,3,1838000,200156.92,473
An Giang,2023-Q3,2023,3,108.24742371455436,97.26742203196912,7.306923343395853,20207.0,2011.0,True,Mekong Delta,1,2057000,338704.14,540
Bà Rịa–Vũng Tàu,2023-Q3,2023,3,122.99216933227926,98.46646679639991,6.296734371199221,32888.0,1528.0,True,Southeast,1,1303000,3286254.54,580
Bình Dương,2023-Q3,2023,3,127.77967990485055,108.84517733650499,5.144671975729996,58014.0,2230.0,True,Southeast,2,2564000,327276.61,901
Bình Phước,2023-Q3,2023,3,117.07491519552327,99.72069009393111,6.400506295383385,15011.0,1950.0,True,Southeast,2,1313000,322186.39,145
Bình Thuận,2023-Q3,2023,3,111.24104245750942,89.0175247668805,12.486806428146286,15121.0,1437.0,True,South Central Coast,2,1498000,276055.5,155
Bình Định,2023-Q3,2023,3,108.42085438663445,89.6987385828775,9.995759657380317,23583.0,2207.0,True,South Central Coast,2,1679000,275959.91,245
Bạc Liêu,2023-Q3,2023,3,118.19047094664883,106.10565061673354,7.523851983950067,6729.0,959.0,True,Mekong Delta,2,1105000,330710.59,340
Bắc Giang,2023-Q3,2023,3,93.73737867895545,78.95007434715822,6.673855606758832,16275.0,2367.0,True,Northeast,4,1884000,170576.83,463
Bắc Kạn,2023-Q3,2023,3,83.98938659793814,73.41396552835052,8.474226804123711,3104.0,645.0,True,Northeast,4,338000,157823.59,65
Bắc Ninh,2023-Q3,2023,3,99.87472783967753,85.61674126326197,5.810054378826482,26297.0,1703.0,True,Red River Delta,1,1447000,397659.74,1664
Bến Tre,2023-Q3,2023,3,111.57870657528377,94.84688291568501,6.147711858356536,14007.0,2067.0,True,Mekong Delta,2,1331000,266077.85,538
Cao Bằng,2023-Q3,2023,3,98.29825870069605,82.63384416086619,8.400038669760248,5172.0,906.0,True,Northeast,4,576000,139741.61,79
Cà Mau,2023-Q3,2023,3,116.91420713073005,110.93695766836446,8.907074136955291,8835.0,1530.0,True,Mekong Delta,2,1369000,278868.61,229
Côn Đảo,2023-Q3,2023,3,104.88148803827751,102.56496889952153,8.882775119617225,418.0,29.0,True,Southeast,1,1303000,3286254.54,580
Cần Thơ,2023-Q3,2023,3,127.91911553985872,112.41460043967132,6.098097160155687,27748.0,1517.0,True,Mekong Delta,1,1456000,559273.75,858
Gia Lai,2023-Q3,2023,3,117.03185226928895,89.82572125567323,10.366565809379727,13220.0,1478.0,True,Central Highlands,2,1586000,270072.84,98
Ho Chi Minh,2023-Q3,2023,3,142.59166545349385,116.08785150164947,4.484081658883509,466820.0,3025.0,True,Southeast,1,9125000,638474.09,4363
Hà Giang,2023-Q3,2023,3,87.23288618368963,74.24860332541567,9.281868566904196,5052.0,865.0,True,Northeast,4,910000,96812.43,108
Hà Nam,2023-Q3,2023,3,91.74752917725907,80.21913860642478,5.517795239195747,17308.0,1533.0,True,Red River Delta,4,945000,190452.63,989
Hà Nội,2023-Q3,2023,3,118.74562430230226,97.81571708282691,4.868449311447553,338972.0,5867.0,True,Red River Delta,1,8146000,350473.82,2398
Hà Tĩnh,2023-Q3,2023,3,82.44095658198614,71.48848394919168,9.980715935334873,8660.0,1626.0,True,North Central Coast,4,1402000,189147.47,215
Hòa Bình,2023-Q3,2023,3,93.61780509554141,79.36678320063695,6.063216560509554,12560.0,1747.0,True,Northwest,3,979000,209319.85,186
Hưng Yên,2023-Q3,2023,3,91.63693398402839,80.38696338361432,5.864182194616977,16905.0,1515.0,True,Red River Delta,3,1340000,223672.16,1347
Hải Dương,2023-Q3,2023,3,95.26389880743038,77.41950180643923,5.697797103302746,31277.0,2996.0,True,Red River Delta,3,2003000,224577.11,1134
Hải Phòng,2023-Q3,2023,3,101.27907286171317,78.65303722536494,5.003453462997097,47199.0,1690.0,True,Red River Delta,1,2138000,343860.47,1299
Hậu Giang,2023-Q3,2023,3,105.77597709231118,96.08218235427535,7.308913585847131,4409.0,786.0,True,Mekong Delta,2,853000,262983.34,452
Khánh Hòa,2023-Q3,2023,3,112.21949791692576,93.37006569456534,12.907474194751897,32164.0,1296.0,True,South Central Coast,1,1371000,373474.5,240
Kiên Giang,2023-Q3,2023,3,106.97647511596823,89.13163566318106,9.070681657363,12719.0,1743.0,True,Mekong Delta,1,1789000,387388.18,271
Kon Tum,2023-Q3,2023,3,94.06469141193595,79.67237679351216,10.32023289665211,4809.0,607.0,True,Central Highlands,4,589000,185404.4,56
Lai Châu,2023-Q3,2023,3,94.1263886962552,78.35252947295423,11.918169209431346,2884.0,469.0,True,Northwest,4,527000,96644.48,51
Long An,2023-Q3,2023,3,110.8483516243974,96.25955719974849,6.586250261999581,23855.0,2837.0,True,Mekong Delta,1,1730000,358440.58,376
Lào Cai,2023-Q3,2023,3,98.54587676272226,86.35649172286941,10.592683425301452,9786.0,1151.0,True,Northwest,3,898000,247234.74,115
Lâm Đồng,2023-Q3,2023,3,125.53191306496244,96.88307922651205,13.223481354592172,30356.0,2299.0,True,Central Highlands,2,1390000,297641.14,133
Lạng Sơn,2023-Q3,2023,3,103.6166295271961,92.02215790860002,8.324641116818121,7593.0,1174.0,True,Northeast,4,828000,196710.43,94
Nam Định,2023-Q3,2023,3,96.79103997979968,80.90888679404091,7.20903122632775,23762.0,2468.0,True,Red River Delta,4,1852000,170177.51,1067
Nghệ An,2023-Q3,2023,3,90.8464286248411,78.4249335975473,9.185261347491213,26746.0,3657.0,True,North Central Coast,3,3399000,212576.95,202
Ninh Bình,2023-Q3,2023,3,84.93361676106049,77.4891167200197,6.842485430517935,12183.0,1490.0,True,Red River Delta,3,1102000,221438.82,708
Ninh Thuận,2023-Q3,2023,3,118.21356588460971,97.76059952781468,11.36240224288033,6777.0,569.0,True,South Central Coast,3,720000,214609.28,176
Phú Thọ,2023-Q3,2023,3,99.06448617413226,84.61309408570874,6.312933876284662,25785.0,3509.0,True,Northeast,4,1515000,171183.41,414
Phú Yên,2023-Q3,2023,3,105.34396152796725,89.08108935879945,10.781991814461119,7330.0,847.0,True,South Central Coast,3,1056000,227067.72,174
Quảng Bình,2023-Q3,2023,3,88.51693024738587,70.4033325682224,10.218949247640907,7842.0,1106.0,True,North Central Coast,3,992000,196802.45,112
Quảng Nam,2023-Q3,2023,3,107.61956430730622,86.71037204129357,7.742314492670963,17533.0,1860.0,True,South Central Coast,2,1697000,285182.69,141
Quảng Ngãi,2023-Q3,2023,3,107.11598926395203,88.654792533127,8.197020988490182,10339.0,1320.0,True,South Central Coast,2,1355000,314135.66,239
Quảng Ninh,2023-Q3,2023,3,97.03036971645409,78.7920247707389,7.664382839675345,18974.0,1320.0,True,Northeast,1,1387000,699887.25,214
Quảng Trị,2023-Q3,2023,3,101.58972447437131,80.60912450185516,8.012505153222481,7277.0,1013.0,True,North Central Coast,3,687000,238707.87,137
Sóc Trăng,2023-Q3,2023,3,111.08704379214596,99.13136850456169,6.902023006743356,12605.0,1693.0,True,Mekong Delta,3,1256000,253301.38,362
Sơn La,2023-Q3,2023,3,97.20667827974775,84.0912210276026,9.045797580895275,9673.0,1616.0,True,Northwest,4,1356000,158468.58,88
Thanh Hóa,2023-Q3,2023,3,85.91036746838581,75.91840211115439,8.194112854663313,28231.0,4208.0,True,North Central Coast,3,3689000,217499.22,328
Thái Bình,2023-Q3,2023,3,88.08111410440614,74.14282902298851,6.573156130268199,16704.0,2036.0,True,Red River Delta,4,1934000,186783.7,1173
Thái Nguyên,2023-Q3,2023,3,102.00164567031257,88.04148631706369,6.231204876572565,23131.0,2605.0,True,Northeast,3,1356000,227542.08,365
Thừa Thiên Huế,2023-Q3,2023,3,106.76617410554027,84.48360703601772,7.690020342228072,16714.0,1317.0,True,North Central Coast,2,1257000,274484.12,230
Tiền Giang,2023-Q3,2023,3,110.8518894675926,99.04545349326598,5.453545875420875,19008.0,2305.0,True,Mekong Delta,1,1898000,337838.5,703
Trà Vinh,2023-Q3,2023,3,98.00805230056274,86.54645338188239,6.987200706167935,9063.0,1291.0,True,Mekong Delta,3,1067000,237885.11,428
Tuyên Quang,2023-Q3,2023,3,97.05295965074745,85.12469374255853,6.470432596904352,7559.0,1348.0,True,Northeast,4,1056000,174037.61,134
Tây Ninh,2023-Q3,2023,3,125.55365722336066,111.18326659836066,6.449897540983606,19520.0,1973.0,True,Southeast,1,1207000,362573.14,289
Vĩnh Long,2023-Q3,2023,3,105.68816026955757,95.58806436175408,6.51801933782596,10239.0,1292.0,True,Mekong Delta,2,1100000,300161.23,670
Vĩnh Phúc,2023-Q3,2023,3,95.80322298427568,82.60149841083975,5.555536968885915,23912.0,1957.0,True,Red River Delta,1,1296000,356494.89,932
Yên Bái,2023-Q3,2023,3,92.43172573034836,79.12902539905632,7.3415319747013355,9961.0,1622.0,True,Northwest,4,950000,164865.75,119
Điện Biên,2023-Q3,2023,3,90.67761422908409,78.77772793657417,11.692050907573545,4793.0,680.0,True,Northwest,4,705000,141953.51,63
Đà Nẵng,2023-Q3,2023,3,123.30962956937137,97.59329297632235,5.482882165605096,57776.0,788.0,True,South Central Coast,1,1294000,429834.96,883
Đắk Lắk,2023-Q3,2023,3,105.78876200488997,91.33717970660148,14.835354523227384,20450.0,2531.0,True,Central Highlands,3,2016000,228316.6,143
Đắk Nông,2023-Q3,2023,3,96.48063411279229,84.86877181720922,18.84533088797188,6543.0,1038.0,True,Central Highlands,2,670000,268062.84,96
Đồng Nai,2023-Q3,2023,3,121.04875535902464,104.12705666493258,5.6885029412941694,74967.0,3899.0,True,Southeast,2,3227000,311341.31,528
Đồng Tháp,2023-Q3,2023,3,106.38242192429021,97.13777728706624,7.286435331230284,12680.0,1705.0,True,Mekong Delta,3,1838000,200156.92,473
An Giang,2023-Q4,2023,4,115.02579526332191,109.7641734704477,7.3594058377480005,19254.0,1976.0,True,Mekong Delta,1,2057000,338704.14,540
Bà Rịa–Vũng Tàu,2023-Q4,2023,4,122.80249441734063,99.89386339674536,6.647097344553224,30541.0,1481.0,True,Southeast,1,1303000,3286254.54,580
Bình Dương,2023-Q4,2023,4,130.9748797467206,108.0355097882686,5.296931981058475,55117.0,2198.0,True,Southeast,2,2564000,327276.61,901
Bình Phước,2023-Q4,2023,4,121.63103586839266,102.34832847896439,6.81762405609493,14832.0,2080.0,True,Southeast,2,1313000,322186.39,145
Bình Thuận,2023-Q4,2023,4,110.82744805033013,91.58303544288029,11.152547651675595,16054.0,1532.0,True,South Central Coast,2,1498000,276055.5,155
Bình Định,2023-Q4,2023,4,110.36286083016425,93.8148481268711,9.264867707743345,24718.0,2130.0,True,South Central Coast,2,1679000,275959.91,245
Bạc Liêu,2023-Q4,2023,4,123.34795162040626,104.58911753760272,7.648162505814855,6449.0,955.0,True,Mekong Delta,2,1105000,330710.59,340
Bắc Giang,2023-Q4,2023,4,99.18912245970567,84.0116280074749,6.948026162111656,17124.0,2316.0,True,Northeast,4,1884000,170576.83,463
Bắc Kạn,2023-Q4,2023,4,98.14926735688185,84.2924302679659,7.304202192448233,3284.0,647.0,True,Northeast,4,338000,157823.59,65
Bắc Ninh,2023-Q4,2023,4,101.079751761293,87.93006866970575,5.674968918358889,24130.0,1686.0,True,Red River Delta,1,1447000,397659.74,1664
Bến Tre,2023-Q4,2023,4,123.63126003428081,103.06613498071704,6.263676617626054,14002.0,2041.0,True,Mekong Delta,2,1331000,266077.85,538
Cao Bằng,2023-Q4,2023,4,101.16873741327167,86.86745863725316,9.038071517523573,5621.0,977.0,True,Northeast,4,576000,139741.61,79
Cà Mau,2023-Q4,2023,4,117.7907610986149,111.77252326269682,8.563395288268024,8447.0,1473.0,True,Mekong Delta,2,1369000,278868.61,229
Côn Đảo,2023-Q4,2023,4,115.8686404494382,109.37558239700374,8.48314606741573,534.0,33.0,True,Southeast,1,1303000,3286254.54,580
Cần Thơ,2023-Q4,2023,4,131.0464365675705,115.70588605757015,6.284511234527569,27549.0,1543.0,True,Mekong Delta,1,1456000,559273.75,858
Gia Lai,2023-Q4,2023,4,114.64000137340443,89.2958055420908,10.192761350783648,12378.0,1399.0,True,Central Highlands,2,1586000,270072.84,98
Ho Chi Minh,2023-Q4,2023,4,149.55530802747242,118.71829203223184,4.7931818566758695,472328.0,3012.0,True,Southeast,1,9125000,638474.09,4363
Hà Giang,2023-Q4,2023,4,96.89755272911052,82.41627998652292,10.786893530997304,5936.0,971.0,True,Northeast,4,910000,96812.43,108
Hà Nam,2023-Q4,2023,4,93.68130674180189,83.7680440627334,5.819200217258469,14729.0,1415.0,True,Red River Delta,4,945000,190452.63,989
Hà Nội,2023-Q4,2023,4,125.9125778875455,102.34037349363564,5.017916804347028,354081.0,5835.0,True,Red River Delta,1,8146000,350473.82,2398
Hà Tĩnh,2023-Q4,2023,4,84.44187647727273,74.33030636363637,11.117613636363636,8800.0,1609.0,True,North Central Coast,4,1402000,189147.47,215
Hòa Bình,2023-Q4,2023,4,97.97267114384749,84.90527296360484,6.287694974003466,11540.0,1748.0,True,Northwest,3,979000,209319.85,186
Hưng Yên,2023-Q4,2023,4,99.77122668736347,85.03512694032425,5.969357249626308,17394.0,1523.0,True,Red River Delta,3,1340000,223672.16,1347
Hải Dương,2023-Q4,2023,4,98.66911754805562,80.27503212566805,5.786488321965335,33867.0,3093.0,True,Red River Delta,3,2003000,224577.11,1134
Hải Phòng,2023-Q4,2023,4,105.78502997763808,81.56298635078689,5.470296611957301,47402.0,1762.0,True,Red River Delta,1,2138000,343860.47,1299
Hậu Giang,2023-Q4,2023,4,108.1195871894233,98.76846364258034,6.6993389560063825,4387.0,765.0,True,Mekong Delta,2,853000,262983.34,452
Khánh Hòa,2023-Q4,2023,4,118.3941407943322,100.78347290684759,11.322506079072978,33311.0,1300.0,True,South Central Coast,1,1371000,373474.5,240
Kiên Giang,2023-Q4,2023,4,111.2959891768517,98.30154564865262,9.086069798262406,13582.0,1736.0,True,Mekong Delta,1,1789000,387388.18,271
Kon Tum,2023-Q4,2023,4,101.21993877104745,85.24100809096872,10.1635687732342,4573.0,588.0,True,Central Highlands,4,589000,185404.4,56
Lai Châu,2023-Q4,2023,4,99.11450604351329,87.69393916196616,12.330781627719581,2482.0,466.0,True,Northwest,4,527000,96644.48,51
Long An,2023-Q4,2023,4,123.7287201111802,103.67863310536518,5.756171597849541,27343.0,2950.0,True,Mekong Delta,1,1730000,358440.58,376
Lào Cai,2023-Q4,2023,4,101.23635315922493,87.03708306655433,9.288626790227465,11870.0,1245.0,True,Northwest,3,898000,247234.74,115
Lâm Đồng,2023-Q4,2023,4,131.93539812918203,104.9665764713915,11.385190495698485,29292.0,2400.0,True,Central Highlands,2,1390000,297641.14,133
Lạng Sơn,2023-Q4,2023,4,94.3119856626778,84.54176732896816,7.793632874237977,8858.0,1248.0,True,Northeast,4,828000,196710.43,94
Nam Định,2023-Q4,2023,4,95.87250107261856,79.41013085946415,6.8312565612305445,21909.0,2447.0,True,Red River Delta,4,1852000,170177.51,1067
Nghệ An,2023-Q4,2023,4,93.39807582577613,80.52613824717018,9.852882769577016,30214.0,3890.0,True,North Central Coast,3,3399000,212576.95,202
Ninh Bình,2023-Q4,2023,4,92.71774327610346,83.94617235281115,6.664505194900892,13571.0,1489.0,True,Red River Delta,3,1102000,221438.82,708
Ninh Thuận,2023-Q4,2023,4,116.7095841900528,100.10198652403446,10.826757432620171,7198.0,568.0,True,South Central Coast,3,720000,214609.28,176
Phú Thọ,2023-Q4,2023,4,97.60160552980912,84.76513757756656,6.472233131725709,25462.0,3503.0,True,Northeast,4,1515000,171183.41,414
Phú Yên,2023-Q4,2023,4,107.49137524630541,94.32971539408867,10.382142857142858,8120.0,864.0,True,South Central Coast,3,1056000,227067.72,174
Quảng Bình,2023-Q4,2023,4,83.83229013199245,72.37659333752357,9.366561910747958,7955.0,1137.0,True,North Central Coast,3,992000,196802.45,112
Quảng Nam,2023-Q4,2023,4,107.1556722911497,89.81943633857182,6.907196029776675,18135.0,1842.0,True,South Central Coast,2,1697000,285182.69,141
Quảng Ngãi,2023-Q4,2023,4,107.39853487928238,90.24043954575818,7.74902185323027,10479.0,1323.0,True,South Central Coast,2,1355000,314135.66,239
Quảng Ninh,2023-Q4,2023,4,101.22493712349397,81.65952146084338,7.962779690189329,18592.0,1331.0,True,Northeast,1,1387000,699887.25,214
Quảng Trị,2023-Q4,2023,4,99.74424844908458,78.77738674534724,7.228476320169466,6609.0,933.0,True,North Central Coast,3,687000,238707.87,137
Sóc Trăng,2023-Q4,2023,4,115.41094973368841,99.10197311917443,6.691827563249001,12016.0,1670.0,True,Mekong Delta,3,1256000,253301.38,362
Sơn La,2023-Q4,2023,4,95.21153873381877,80.6223720671521,9.149271844660195,9888.0,1694.0,True,Northwest,4,1356000,158468.58,88
Thanh Hóa,2023-Q4,2023,4,91.94790264880238,81.77952499743002,8.73278963780283,29183.0,4369.0,True,North Central Coast,3,3689000,217499.22,328
Thái Bình,2023-Q4,2023,4,88.21730003582518,75.92287843324576,6.460532600907571,16748.0,2062.0,True,Red River Delta,4,1934000,186783.7,1173
Thái Nguyên,2023-Q4,2023,4,106.75637920110192,92.15845514233241,6.418640955004592,21780.0,2467.0,True,Northeast,3,1356000,227542.08,365
Thừa Thiên Huế,2023-Q4,2023,4,106.38328475033738,87.65476798920379,7.310283400809716,18525.0,1296.0,True,North Central Coast,2,1257000,274484.12,230
Tiền Giang,2023-Q4,2023,4,114.31217582880936,100.61945338112054,5.617140146524008,18973.0,2358.0,True,Mekong Delta,1,1898000,337838.5,703
Trà Vinh,2023-Q4,2023,4,104.40291322524727,91.1676942999898,6.4898541857856635,9807.0,1340.0,True,Mekong Delta,3,1067000,237885.11,428
Tuyên Quang,2023-Q4,2023,4,98.2440484985551,88.07260635758261,6.4724211584369895,7959.0,1335.0,True,Northeast,4,1056000,174037.61,134
Tây Ninh,2023-Q4,2023,4,129.36261209758155,110.70154086095157,6.449918330786659,18979.0,1990.0,True,Southeast,1,1207000,362573.14,289
Vĩnh Long,2023-Q4,2023,4,111.3577132461232,100.35601204193017,6.459412631031794,11543.0,1300.0,True,Mekong Delta,2,1100000,300161.23,670
Vĩnh Phúc,2023-Q4,2023,4,98.6024508645978,85.08312054191755,5.517060367454068,25908.0,1964.0,True,Red River Delta,1,1296000,356494.89,932
Yên Bái,2023-Q4,2023,4,96.5988991414089,84.82218226957691,7.393814006413572,9667.0,1641.0,True,Northwest,4,950000,164865.75,119
Điện Biên,2023-Q4,2023,4,99.04538039651659,86.30251046877896,12.143783583472299,5397.0,753.0,True,Northwest,4,705000,141953.51,63
Đà Nẵng,2023-Q4,2023,4,128.5359855656973,102.73020453902214,4.806835066864784,56532.0,759.0,True,South Central Coast,1,1294000,429834.96,883
Đắk Lắk,2023-Q4,2023,4,108.67842099435278,93.34756322666371,13.889214926364744,18062.0,2403.0,True,Central Highlands,3,2016000,228316.6,143
Đắk Nông,2023-Q4,2023,4,95.52503950177936,87.53655676156583,16.202669039145906,5620.0,1021.0,True,Central Highlands,2,670000,268062.84,96
Đồng Nai,2023-Q4,2023,4,125.26597775344514,106.32128660132464,5.8204118149770325,74888.0,3851.0,True,Southeast,2,3227000,311341.31,528
Đồng Tháp,2023-Q4,2023,4,112.43842772054089,100.41401287830007,7.210962652929814,12424.0,1676.0,True,Mekong Delta,3,1838000,200156.92,473
An Giang,2024-Q1,2024,1,113.1384948794489,108.53508619977038,7.535338691159587,21775.0,2054.0,True,Mekong Delta,1,2057000,338704.14,540
Bà Rịa–Vũng Tàu,2024-Q1,2024,1,124.71635474174948,103.93715387682494,6.501349527665317,32604.0,1539.0,True,Southeast,1,1303000,3286254.54,580
Bình Dương,2024-Q1,2024,1,136.61044283665754,113.26907160549007,5.506490120490903,53697.0,2215.0,True,Southeast,2,2564000,327276.61,901
Bình Phước,2024-Q1,2024,1,126.03267253379735,104.55212515058226,6.926181234105207,14942.0,2168.0,True,Southeast,2,1313000,322186.39,145
Bình Thuận,2024-Q1,2024,1,116.86721672549551,91.42203915286451,12.460711376595167,18415.0,1682.0,True,South Central Coast,2,1498000,276055.5,155
Bình Định,2024-Q1,2024,1,123.25028979839782,107.08021162534645,9.006796005922777,26339.0,2286.0,True,South Central Coast,2,1679000,275959.91,245
Bạc Liêu,2024-Q1,2024,1,117.73590939597315,107.19204298497922,7.362096516458933,6258.0,1043.0,True,Mekong Delta,2,1105000,330710.59,340
Bắc Giang,2024-Q1,2024,1,97.01412825591166,80.39968269115352,6.725423118473173,16662.0,2423.0,True,Northeast,4,1884000,170576.83,463
Bắc Kạn,2024-Q1,2024,1,95.83379946043165,81.44226528776979,8.280275779376499,3336.0,769.0,True,Northeast,4,338000,157823.59,65
Bắc Ninh,2024-Q1,2024,1,101.83339587339744,87.45161526442307,6.058653846153846,24960.0,1731.0,True,Red River Delta,1,1447000,397659.74,1664
Bến Tre,2024-Q1,2024,1,122.04375975743501,99.31966324753242,6.208438165279659,15501.0,2264.0,True,Mekong Delta,2,1331000,266077.85,538
Cao Bằng,2024-Q1,2024,1,98.75210238207919,85.6683126676132,8.726297523268654,6339.0,999.0,True,Northeast,4,576000,139741.61,79
Cà Mau,2024-Q1,2024,1,118.4422752131075,111.20687789217314,8.747370751688255,9033.0,1685.0,True,Mekong Delta,2,1369000,278868.61,229
Côn Đảo,2024-Q1,2024,1,101.21015217391304,92.09447342995169,9.198067632850242,414.0,29.0,True,Southeast,1,1303000,3286254.54,580
Cần Thơ,2024-Q1,2024,1,132.60846389181594,116.08176185458377,6.527994380049175,28470.0,1601.0,True,Mekong Delta,1,1456000,559273.75,858
Gia Lai,2024-Q1,2024,1,115.69418359886889,95.27487440513138,9.871370439340645,14499.0,1570.0,True,Central Highlands,2,1586000,270072.84,98
Ho Chi Minh,2024-Q1,2024,1,155.7566962745719,123.5761948150596,4.899261523492181,435762.0,3002.0,True,Southeast,1,9125000,638474.09,4363
Hà Giang,2024-Q1,2024,1,90.03804334523203,78.76847271800102,10.424443311235764,5883.0,988.0,True,Northeast,4,910000,96812.43,108
Hà Nam,2024-Q1,2024,1,99.87642377532552,90.04029152799673,6.338471419396275,17127.0,1501.0,True,Red River Delta,4,945000,190452.63,989
Hà Nội,2024-Q1,2024,1,133.097226453689,105.26487875461835,5.078491860893763,360789.0,5963.0,True,Red River Delta,1,8146000,350473.82,2398
Hà Tĩnh,2024-Q1,2024,1,85.43485189120273,75.5261651083723,10.99022524436889,9412.0,1716.0,True,North Central Coast,4,1402000,189147.47,215
Hòa Bình,2024-Q1,2024,1,97.29199593297544,80.35760997234424,6.3924678705059375,12294.0,1814.0,True,Northwest,3,979000,209319.85,186
Hưng Yên,2024-Q1,2024,1,96.07609123610203,82.64092576847612,6.1866688467407895,18348.0,1572.0,True,Red River Delta,3,1340000,223672.16,1347
Hải Dương,2024-Q1,2024,1,109.9929451014155,84.01365270567977,5.935478969891874,39491.0,3135.0,True,Red River Delta,3,2003000,224577.11,1134
Hải Phòng,2024-Q1,2024,1,118.52615914371388,90.55834988184364,5.435153007526263,50357.0,1826.0,True,Red River Delta,1,2138000,343860.47,1299
Hậu Giang,2024-Q1,2024,1,115.20289860396767,104.70212858192505,6.758633357825128,5444.0,869.0,True,Mekong Delta,2,853000,262983.34,452
Khánh Hòa,2024-Q1,2024,1,119.72638513655463,101.08540990021008,12.715992647058824,38080.0,1411.0,True,South Central Coast,1,1371000,373474.5,240
Kiên Giang,2024-Q1,2024,1,109.91551861198738,101.50045741324921,8.86757798808272,14265.0,1850.0,True,Mekong Delta,1,1789000,387388.18,271
Kon Tum,2024-Q1,2024,1,101.12522,87.49848666666666,9.80258064516129,4650.0,603.0,True,Central Highlands,4,589000,185404.4,56
Lai Châu,2024-Q1,2024,1,92.77267180327868,83.6364862295082,10.958032786885246,3050.0,532.0,True,Northwest,4,527000,96644.48,51
Long An,2024-Q1,2024,1,119.51436870127401,103.54591340559041,6.064308803955124,26295.0,3054.0,True,Mekong Delta,1,1730000,358440.58,376
Lào Cai,2024-Q1,2024,1,100.4537471461613,89.22606610460345,10.343505185406253,13403.0,1564.0,True,Northwest,3,898000,247234.74,115
Lâm Đồng,2024-Q1,2024,1,138.2057284637473,109.78750816582915,12.819005743000718,33432.0,2566.0,True,Central Highlands,2,1390000,297641.14,133
Lạng Sơn,2024-Q1,2024,1,104.06277980274442,89.96453430531733,7.606239279588336,9328.0,1391.0,True,Northeast,4,828000,196710.43,94
Nam Định,2024-Q1,2024,1,100.4932844403444,78.74719960793358,7.247040282902829,26016.0,2694.0,True,Red River Delta,4,1852000,170177.51,1067
Nghệ An,2024-Q1,2024,1,94.61764615342254,80.4623782146594,9.867503717165041,36318.0,4520.0,True,North Central Coast,3,3399000,212576.95,202
Ninh Bình,2024-Q1,2024,1,93.81780370238519,86.01249953720185,6.772018511925952,14045.0,1658.0,True,Red River Delta,3,1102000,221438.82,708
Ninh Thuận,2024-Q1,2024,1,112.14835963041934,95.3523013503909,11.652452025586355,7035.0,614.0,True,South Central Coast,3,720000,214609.28,176
Phú Thọ,2024-Q1,2024,1,94.47380050083473,81.90659648656852,6.277507967825163,26356.0,3664.0,True,Northeast,4,1515000,171183.41,414
Phú Yên,2024-Q1,2024,1,107.90230788423153,96.08372080838323,10.678268463073852,8016.0,938.0,True,South Central Coast,3,1056000,227067.72,174
Quảng Bình,2024-Q1,2024,1,85.03199038750375,74.66113727846201,9.795133673775908,9987.0,1304.0,True,North Central Coast,3,992000,196802.45,112
Quảng Nam,2024-Q1,2024,1,113.30875298804781,97.85996374501993,6.4723605577689245,20080.0,2104.0,True,South Central Coast,2,1697000,285182.69,141
Quảng Ngãi,2024-Q1,2024,1,108.9195072451836,90.23191388111313,8.30833196113947,12146.0,1497.0,True,South Central Coast,2,1355000,314135.66,239
Quảng Ninh,2024-Q1,2024,1,111.50983143485699,85.3066727939379,7.712881935956979,20455.0,1353.0,True,Northeast,1,1387000,699887.25,214
Quảng Trị,2024-Q1,2024,1,95.14599640546369,79.33062300503235,6.837095614665708,6955.0,1054.0,True,North Central Coast,3,687000,238707.87,137
Sóc Trăng,2024-Q1,2024,1,114.3272440095539,102.62278465213036,6.86809461437707,12979.0,1733.0,True,Mekong Delta,3,1256000,253301.38,362
Sơn La,2024-Q1,2024,1,89.17913791893315,76.16405185120196,9.771538866467802,11398.0,1745.0,True,Northwest,4,1356000,158468.58,88
Thanh Hóa,2024-Q1,2024,1,89.99621236567323,80.1373924320375,8.27416359706536,32849.0,4902.0,True,North Central Coast,3,3689000,217499.22,328
Thái Bình,2024-Q1,2024,1,87.82998598660485,76.407285935085,6.813137557959815,19410.0,2166.0,True,Red River Delta,4,1934000,186783.7,1173
Thái Nguyên,2024-Q1,2024,1,102.89908596893524,88.95342880629948,6.455457967377666,23113.0,2780.0,True,Northeast,3,1356000,227542.08,365
Thừa Thiên Huế,2024-Q1,2024,1,105.85107436804853,88.00508478260869,6.97649140546006,19780.0,1490.0,True,North Central Coast,2,1257000,274484.12,230
Tiền Giang,2024-Q1,2024,1,112.16215986411304,100.09861572546896,5.625523115553149,20311.0,2510.0,True,Mekong Delta,1,1898000,337838.5,703
Trà Vinh,2024-Q1,2024,1,100.00695259769094,87.80498912078153,6.920404085257549,9008.0,1380.0,True,Mekong Delta,3,1067000,237885.11,428
Tuyên Quang,2024-Q1,2024,1,103.04124107562235,92.60811989196806,6.622005636449037,8516.0,1504.0,True,Northeast,4,1056000,174037.61,134
Tây Ninh,2024-Q1,2024,1,145.9701020601586,132.31534084900483,6.842569960592607,20047.0,2048.0,True,Southeast,1,1207000,362573.14,289
Vĩnh Long,2024-Q1,2024,1,116.85351302888438,103.46461346170832,6.540853281512234,11321.0,1371.0,True,Mekong Delta,2,1100000,300161.23,670
Vĩnh Phúc,2024-Q1,2024,1,100.98515457730728,85.7370786491725,5.5321678842999855,26828.0,2014.0,True,Red River Delta,1,1296000,356494.89,932
Yên Bái,2024-Q1,2024,1,97.28870984139894,82.55228629524197,7.44906466043107,9836.0,1764.0,True,Northwest,4,950000,164865.75,119
Điện Biên,2024-Q1,2024,1,95.38149498663103,81.62016226604278,11.786263368983958,5984.0,825.0,True,Northwest,4,705000,141953.51,63
Đà Nẵng,2024-Q1,2024,1,136.69190147958687,108.62491757049892,4.3940007122737725,61774.0,793.0,True,South Central Coast,1,1294000,429834.96,883
Đắk Lắk,2024-Q1,2024,1,115.11789950533715,100.07214730538922,14.784899765686019,19205.0,2609.0,True,Central Highlands,3,2016000,228316.6,143
Đắk Nông,2024-Q1,2024,1,95.94313131139066,86.61548802343614,18.288299155609167,5803.0,1099.0,True,Central Highlands,2,670000,268062.84,96
Đồng Nai,2024-Q1,2024,1,127.95940241898936,107.01245062882394,5.983514615907546,70608.0,3886.0,True,Southeast,2,3227000,311341.31,528
Đồng Tháp,2024-Q1,2024,1,110.71290192804008,100.76849286473356,7.325717321997875,13174.0,1841.0,True,Mekong Delta,3,1838000,200156.92,473
An Giang,2024-Q2,2024,2,124.50152410620149,117.89250455286111,7.4641522093357615,20866.0,2013.0,True,Mekong Delta,1,2057000,338704.14,540
Bà Rịa–Vũng Tàu,2024-Q2,2024,2,140.69873567708333,109.4052490162037,6.710734953703704,34560.0,1590.0,True,Southeast,1,1303000,3286254.54,580
Bình Dương,2024-Q2,2024,2,160.24724085548348,127.50892362448029,5.182162328312814,61813.0,2236.0,True,Southeast,2,2564000,327276.61,901
Bình Phước,2024-Q2,2024,2,126.21319189114135,107.75669584837546,6.8201888364343235,14404.0,2151.0,True,Southeast,2,1313000,322186.39,145
Bình Thuận,2024-Q2,2024,2,121.66550125397092,100.10538789500083,12.535696371844173,17943.0,1637.0,True,South Central Coast,2,1498000,276055.5,155
Bình Định,2024-Q2,2024,2,131.16845454180387,119.08301136454904,8.864227772869649,24902.0,2111.0,True,South Central Coast,2,1679000,275959.91,245
Bạc Liêu,2024-Q2,2024,2,129.9714486468862,114.7672352461689,7.694326703619172,6134.0,1018.0,True,Mekong Delta,2,1105000,330710.59,340
Bắc Giang,2024-Q2,2024,2,102.36756061956764,88.88945665255181,6.679518609315801,17948.0,2514.0,True,Northeast,4,1884000,170576.83,463
Bắc Kạn,2024-Q2,2024,2,106.73209426347651,91.11705419429231,7.066013260305564,3469.0,736.0,True,Northeast,4,338000,157823.59,65
Bắc Ninh,2024-Q2,2024,2,109.32900129548484,95.13452467136597,5.803238712135645,26245.0,1757.0,True,Red River Delta,1,1447000,397659.74,1664
Bến Tre,2024-Q2,2024,2,131.7308171274528,108.4098324869914,6.591875117547489,15951.0,2323.0,True,Mekong Delta,2,1331000,266077.85,538
Cao Bằng,2024-Q2,2024,2,109.80245558149115,96.65184607991212,8.075792942468762,7283.0,1107.0,True,Northeast,4,576000,139741.61,79
Cà Mau,2024-Q2,2024,2,124.44251509536785,113.55264359673023,8.933297002724796,9175.0,1712.0,True,Mekong Delta,2,1369000,278868.61,229
Côn Đảo,2024-Q2,2024,2,90.64404458598726,84.00114012738854,11.029723991507431,471.0,32.0,True,Southeast,1,1303000,3286254.54,580
Cần Thơ,2024-Q2,2024,2,140.16237981024418,122.06167907377919,6.408339968152866,30144.0,1630.0,True,Mekong Delta,1,1456000,559273.75,858
Gia Lai,2024-Q2,2024,2,119.972933604442,104.13954680534918,9.58575115351529,12787.0,1535.0,True,Central Highlands,2,1586000,270072.84,98
Ho Chi Minh,2024-Q2,2024,2,168.65561285656563,130.46906112983373,4.931076875462096,465272.0,2959.0,True,Southeast,1,9125000,638474.09,4363
Hà Giang,2024-Q2,2024,2,96.87531134969325,86.52348773006135,9.800334634690463,7172.0,1048.0,True,Northeast,4,910000,96812.43,108
Hà Nam,2024-Q2,2024,2,101.06426667115268,91.36760514097301,5.9913868514904784,14861.0,1433.0,True,Red River Delta,4,945000,190452.63,989
Hà Nội,2024-Q2,2024,2,147.09807917238174,115.5880362278754,5.258538507589363,395883.0,6156.0,True,Red River Delta,1,8146000,350473.82,2398
Hà Tĩnh,2024-Q2,2024,2,95.7007673900407,85.23202499515598,11.334528192210811,10322.0,1722.0,True,North Central Coast,4,1402000,189147.47,215
Hòa Bình,2024-Q2,2024,2,109.6658009102129,92.75140072508485,6.985421166306695,12964.0,1902.0,True,Northwest,3,979000,209319.85,186
Hưng Yên,2024-Q2,2024,2,104.66720265552264,92.94888663774863,5.950856961489632,18904.0,1572.0,True,Red River Delta,3,1340000,223672.16,1347
Hải Dương,2024-Q2,2024,2,124.09680698462213,94.79222230887335,5.7336290302926916,41033.0,3197.0,True,Red River Delta,3,2003000,224577.11,1134
Hải Phòng,2024-Q2,2024,2,135.11527877392118,103.78820913527444,5.40827255944874,54711.0,1871.0,True,Red River Delta,1,2138000,343860.47,1299
Hậu Giang,2024-Q2,2024,2,125.97696273779172,109.11906060011766,6.5648166307119045,5099.0,868.0,True,Mekong Delta,2,853000,262983.34,452
Khánh Hòa,2024-Q2,2024,2,134.48413453985776,109.44721852775714,12.016850652796943,37684.0,1389.0,True,South Central Coast,1,1371000,373474.5,240
Kiên Giang,2024-Q2,2024,2,118.99931081181084,109.31541559979279,9.140753348627248,13513.0,1796.0,True,Mekong Delta,1,1789000,387388.18,271
Kon Tum,2024-Q2,2024,2,113.26923878069432,103.88525007056167,9.152977702511995,3543.0,577.0,True,Central Highlands,4,589000,185404.4,56
Lai Châu,2024-Q2,2024,2,107.94189209787405,97.98144925792218,11.237866024869636,2493.0,472.0,True,Northwest,4,527000,96644.48,51
Long An,2024-Q2,2024,2,130.96669610318972,110.6058188352306,5.690663972959323,25739.0,3083.0,True,Mekong Delta,1,1730000,358440.58,376
Lào Cai,2024-Q2,2024,2,102.85187690245247,93.83592618878637,9.29280025234603,12681.0,1465.0,True,Northwest,3,898000,247234.74,115
Lâm Đồng,2024-Q2,2024,2,146.41589563747442,121.75514570420238,12.34974346807438,33719.0,2595.0,True,Central Highlands,2,1390000,297641.14,133
Lạng Sơn,2024-Q2,2024,2,109.66093120083902,98.34716801258521,7.784163607760881,9535.0,1355.0,True,Northeast,4,828000,196710.43,94
Nam Định,2024-Q2,2024,2,96.13885350689722,85.86569022731688,6.980338061006411,25735.0,2662.0,True,Red River Delta,4,1852000,170177.51,1067
Nghệ An,2024-Q2,2024,2,99.27402950209925,88.52750069035476,9.62098114908845,35489.0,4408.0,True,North Central Coast,3,3399000,212576.95,202
Ninh Bình,2024-Q2,2024,2,107.77972469534942,102.40649409350907,6.63976622730664,16084.0,1810.0,True,Red River Delta,3,1102000,221438.82,708
Ninh Thuận,2024-Q2,2024,2,121.19524945567652,102.14942628304821,11.400466562986002,6430.0,606.0,True,South Central Coast,3,720000,214609.28,176
Phú Thọ,2024-Q2,2024,2,101.28759854974706,90.20638114671164,6.3048903878583475,29650.0,3787.0,True,Northeast,4,1515000,171183.41,414
Phú Yên,2024-Q2,2024,2,116.34566458694397,105.15971126516465,9.827151935297517,8655.0,914.0,True,South Central Coast,3,1056000,227067.72,174
Quảng Bình,2024-Q2,2024,2,95.4953886152162,87.51493771209633,10.059332238642584,9135.0,1290.0,True,North Central Coast,3,992000,196802.45,112
Quảng Nam,2024-Q2,2024,2,121.38744563234698,112.61136694365626,6.508512363194163,19736.0,2042.0,True,South Central Coast,2,1697000,285182.69,141
Quảng Ngãi,2024-Q2,2024,2,115.31925410977988,104.55285427695736,7.8153617535060835,10767.0,1410.0,True,South Central Coast,2,1355000,314135.66,239
Quảng Ninh,2024-Q2,2024,2,120.89759009867446,96.25365751916317,8.282513869478677,23613.0,1457.0,True,Northeast,1,1387000,699887.25,214
Quảng Trị,2024-Q2,2024,2,105.26789008222856,94.14699681154556,7.1325725792918275,5959.0,880.0,True,North Central Coast,3,687000,238707.87,137
Sóc Trăng,2024-Q2,2024,2,128.44170032865253,113.64995301762774,7.304899910367493,13388.0,1698.0,True,Mekong Delta,3,1256000,253301.38,362
Sơn La,2024-Q2,2024,2,102.94664746075716,90.50936925207756,9.422437673130194,10830.0,1664.0,True,Northwest,4,1356000,158468.58,88
Thanh Hóa,2024-Q2,2024,2,95.0179384648305,84.71348693180082,8.359734662060955,32713.0,4687.0,True,North Central Coast,3,3689000,217499.22,328
Thái Bình,2024-Q2,2024,2,94.51407723848574,83.97079436445122,6.518165347573186,20974.0,2215.0,True,Red River Delta,4,1934000,186783.7,1173
Thái Nguyên,2024-Q2,2024,2,109.64926345775208,96.22334786980016,6.202924050102635,23871.0,2706.0,True,Northeast,3,1356000,227542.08,365
Thừa Thiên Huế,2024-Q2,2024,2,118.27399834241061,104.27392687662798,7.026710869050438,21115.0,1487.0,True,North Central Coast,2,1257000,274484.12,230
Tiền Giang,2024-Q2,2024,2,128.60796430374634,113.92728142986974,5.788245986064829,19806.0,2502.0,True,Mekong Delta,1,1898000,337838.5,703
Trà Vinh,2024-Q2,2024,2,103.75595909376966,93.86396633102581,6.747010698552549,9534.0,1484.0,True,Mekong Delta,3,1067000,237885.11,428
Tuyên Quang,2024-Q2,2024,2,108.56901958774627,99.14901639904339,6.6355768135747635,8781.0,1581.0,True,Northeast,4,1056000,174037.61,134
Tây Ninh,2024-Q2,2024,2,142.220187032004,120.82788257806865,7.266459592878141,18029.0,1987.0,True,Southeast,1,1207000,362573.14,289
Vĩnh Long,2024-Q2,2024,2,141.66218004205362,110.8335177851761,6.419134396355353,11414.0,1391.0,True,Mekong Delta,2,1100000,300161.23,670
Vĩnh Phúc,2024-Q2,2024,2,107.63216123113142,93.70269045146102,5.412754466140424,28884.0,2120.0,True,Red River Delta,1,1296000,356494.89,932
Yên Bái,2024-Q2,2024,2,103.20872179930795,92.82619159663867,7.368166089965398,10115.0,1853.0,True,Northwest,4,950000,164865.75,119
Điện Biên,2024-Q2,2024,2,104.22298863831985,89.71107660526769,11.72095024961267,5809.0,867.0,True,Northwest,4,705000,141953.51,63
Đà Nẵng,2024-Q2,2024,2,165.97075556073614,127.77832111022737,4.3754285400839255,72922.0,787.0,True,South Central Coast,1,1294000,429834.96,883
Đắk Lắk,2024-Q2,2024,2,134.43387239270504,115.88524986349242,14.159932292235448,18314.0,2513.0,True,Central Highlands,3,2016000,228316.6,143
Đắk Nông,2024-Q2,2024,2,112.02869456066945,98.90687943592128,18.02278010227801,6453.0,1126.0,True,Central Highlands,2,670000,268062.84,96
Đồng Nai,2024-Q2,2024,2,151.75080866082357,118.38523068745133,5.89530614515471,80893.0,3961.0,True,Southeast,2,3227000,311341.31,528
Đồng Tháp,2024-Q2,2024,2,128.31520362356048,111.8200456245874,7.209344971759701,13633.0,1875.0,True,Mekong Delta,3,1838000,200156.92,473
An Giang,2024-Q3,2024,3,135.86131658133476,124.75372563549806,7.725680409593101,22266.0,2066.0,True,Mekong Delta,1,2057000,338704.14,540
Bà Rịa–Vũng Tàu,2024-Q3,2024,3,141.4366787387438,110.77258178808876,6.585014166690044,35647.0,1560.0,True,Southeast,1,1303000,3286254.54,580
Bình Dương,2024-Q3,2024,3,165.89773713607593,126.52782204113925,5.405806962025316,63200.0,2306.0,True,Southeast,2,2564000,327276.61,901
Bình Phước,2024-Q3,2024,3,134.7635342290035,112.38379962192816,6.933229813664596,14812.0,2240.0,True,Southeast,2,1313000,322186.39,145
Bình Thuận,2024-Q3,2024,3,130.75616687723152,103.11484279044218,11.66860752540511,18205.0,1718.0,True,South Central Coast,2,1498000,276055.5,155
Bình Định,2024-Q3,2024,3,138.81111954397394,123.96975970684038,9.160586319218242,30700.0,2019.0,True,South Central Coast,2,1679000,275959.91,245
Bạc Liêu,2024-Q3,2024,3,135.03000156116946,116.42041938688618,7.867158671586716,7046.0,1096.0,True,Mekong Delta,2,1105000,330710.59,340
Bắc Giang,2024-Q3,2024,3,124.37954780052264,99.95419174651568,6.611280487804878,18368.0,2501.0,True,Northeast,4,1884000,170576.83,463
Bắc Kạn,2024-Q3,2024,3,110.10174398187482,93.44918606627019,7.950155763239875,3531.0,732.0,True,Northeast,4,338000,157823.59,65
Bắc Ninh,2024-Q3,2024,3,132.68117310519565,104.48899508899247,5.702117676499109,31969.0,1742.0,True,Red River Delta,1,1447000,397659.74,1664
Bến Tre,2024-Q3,2024,3,143.5998127477406,114.13095576343746,6.67882247238518,18921.0,2513.0,True,Mekong Delta,2,1331000,266077.85,538
Cao Bằng,2024-Q3,2024,3,116.39245497159091,102.01085170454544,7.978693181818182,7040.0,1117.0,True,Northeast,4,576000,139741.61,79
Cà Mau,2024-Q3,2024,3,138.50836252927402,117.80170576112411,9.142669789227167,10675.0,1685.0,True,Mekong Delta,2,1369000,278868.61,229
Côn Đảo,2024-Q3,2024,3,106.42715671641791,99.73753482587065,9.385572139303482,402.0,30.0,True,Southeast,1,1303000,3286254.54,580
Cần Thơ,2024-Q3,2024,3,153.78732126750535,129.9417495252789,6.216799192974127,33704.0,1650.0,True,Mekong Delta,1,1456000,559273.75,858
Gia Lai,2024-Q3,2024,3,128.48676974067598,113.35241426282052,9.215763403263404,13728.0,1666.0,True,Central Highlands,2,1586000,270072.84,98
Ho Chi Minh,2024-Q3,2024,3,177.1631435152292,133.60552068333757,4.998684429677074,474319.0,2954.0,True,Southeast,1,9125000,638474.09,4363
Hà Giang,2024-Q3,2024,3,99.68510411460936,91.23404497751125,9.927536231884059,6003.0,997.0,True,Northeast,4,910000,96812.43,108
Hà Nam,2024-Q3,2024,3,126.38900984205563,103.59950388967468,6.190829797265441,16968.0,1461.0,True,Red River Delta,4,945000,190452.63,989
Hà Nội,2024-Q3,2024,3,154.36162031589734,119.36883466373429,4.933426636343189,400130.0,6168.0,True,Red River Delta,1,8146000,350473.82,2398
Hà Tĩnh,2024-Q3,2024,3,121.07443495015497,99.61934355365669,12.289855072463768,11937.0,1773.0,True,North Central Coast,4,1402000,189147.47,215
Hòa Bình,2024-Q3,2024,3,117.3944650710546,93.81475145848916,7.861181750186986,13370.0,2034.0,True,Northwest,3,979000,209319.85,186
Hưng Yên,2024-Q3,2024,3,123.05875355334891,99.40841617990655,6.671193535825545,20544.0,1636.0,True,Red River Delta,3,1340000,223672.16,1347
Hải Dương,2024-Q3,2024,3,127.13258166041621,97.51203159546044,5.875995784003726,40797.0,3169.0,True,Red River Delta,3,2003000,224577.11,1134
Hải Phòng,2024-Q3,2024,3,134.08033708069635,103.46533093394262,5.380876316800453,49457.0,1858.0,True,Red River Delta,1,2138000,343860.47,1299
Hậu Giang,2024-Q3,2024,3,134.4456119081779,113.64645355093256,7.4225251076040175,5576.0,851.0,True,Mekong Delta,2,853000,262983.34,452
Khánh Hòa,2024-Q3,2024,3,138.55135309077247,110.69201918908765,11.399820824783978,34603.0,1353.0,True,South Central Coast,1,1371000,373474.5,240
Kiên Giang,2024-Q3,2024,3,121.57609011650335,110.33544248129003,9.617930715222592,12961.0,1841.0,True,Mekong Delta,1,1789000,387388.18,271
Kon Tum,2024-Q3,2024,3,119.95678566803367,104.66301424562918,9.190805093891647,4633.0,621.0,True,Central Highlands,4,589000,185404.4,56
Lai Châu,2024-Q3,2024,3,102.16397936984247,94.58000862715679,14.018379594898725,2666.0,490.0,True,Northwest,4,527000,96644.48,51
Long An,2024-Q3,2024,3,138.27151985343605,114.2600680475585,5.92387646750916,26746.0,3092.0,True,Mekong Delta,1,1730000,358440.58,376
Lào Cai,2024-Q3,2024,3,123.29737754068998,106.3338704150767,9.35168600576279,12841.0,1364.0,True,Northwest,3,898000,247234.74,115
Lâm Đồng,2024-Q3,2024,3,157.56853404164897,124.79493987816971,11.586343674741466,35295.0,2583.0,True,Central Highlands,2,1390000,297641.14,133
Lạng Sơn,2024-Q3,2024,3,129.43339956123617,107.27151726440289,6.989984738649371,10484.0,1446.0,True,Northeast,4,828000,196710.43,94
Nam Định,2024-Q3,2024,3,108.81501169162043,91.90497316162356,7.164939098872718,28653.0,2661.0,True,Red River Delta,4,1852000,170177.51,1067
Nghệ An,2024-Q3,2024,3,118.30860280241676,100.60111124823243,11.445327162874406,38895.0,4543.0,True,North Central Coast,3,3399000,212576.95,202
Ninh Bình,2024-Q3,2024,3,112.78677014640357,104.0140332272438,6.551177593889243,15710.0,1798.0,True,Red River Delta,3,1102000,221438.82,708
Ninh Thuận,2024-Q3,2024,3,131.63896715583508,108.82814241788958,10.157232704402515,7155.0,635.0,True,South Central Coast,3,720000,214609.28,176
Phú Thọ,2024-Q3,2024,3,111.72509376452003,96.22513232970913,6.340148065545334,32283.0,3936.0,True,Northeast,4,1515000,171183.41,414
Phú Yên,2024-Q3,2024,3,121.90076244302644,109.53125515041022,10.210938924339107,10970.0,939.0,True,South Central Coast,3,1056000,227067.72,174
Quảng Bình,2024-Q3,2024,3,102.74865341498858,93.85715985052938,10.002387378036122,9634.0,1249.0,True,North Central Coast,3,992000,196802.45,112
Quảng Nam,2024-Q3,2024,3,120.25039996895856,112.69883542863056,6.338403435252729,19329.0,2032.0,True,South Central Coast,2,1697000,285182.69,141
Quảng Ngãi,2024-Q3,2024,3,123.19948912771807,111.77616537532283,7.647338165458636,12003.0,1449.0,True,South Central Coast,2,1355000,314135.66,239
Quảng Ninh,2024-Q3,2024,3,123.33117484166243,98.9785067264574,8.089778558550229,21631.0,1348.0,True,Northeast,1,1387000,699887.25,214
Quảng Trị,2024-Q3,2024,3,118.60086516168396,105.96147803538744,7.005796217205613,6556.0,951.0,True,North Central Coast,3,687000,238707.87,137
Sóc Trăng,2024-Q3,2024,3,132.8309686766938,117.47062750103491,7.2298882296122535,14494.0,1678.0,True,Mekong Delta,3,1256000,253301.38,362
Sơn La,2024-Q3,2024,3,124.63323000264573,100.34418943469441,9.686303906870094,11339.0,1777.0,True,Northwest,4,1356000,158468.58,88
Thanh Hóa,2024-Q3,2024,3,109.56907342962087,93.0123062005852,8.00827989790201,32126.0,4657.0,True,North Central Coast,3,3689000,217499.22,328
Thái Bình,2024-Q3,2024,3,113.06524776977183,93.19605425458913,6.651441070509521,23316.0,2198.0,True,Red River Delta,4,1934000,186783.7,1173
Thái Nguyên,2024-Q3,2024,3,130.2424188618952,104.70204059977877,6.2987832356917535,24409.0,2695.0,True,Northeast,3,1356000,227542.08,365
Thừa Thiên Huế,2024-Q3,2024,3,124.83578993306803,107.48607787626628,7.260989507959479,22112.0,1457.0,True,North Central Coast,2,1257000,274484.12,230
Tiền Giang,2024-Q3,2024,3,135.2785843492507,116.30079005444996,5.864260588830531,20753.0,2455.0,True,Mekong Delta,1,1898000,337838.5,703
Trà Vinh,2024-Q3,2024,3,117.99038097265085,100.78805831648398,7.247312972225179,9397.0,1511.0,True,Mekong Delta,3,1067000,237885.11,428
Tuyên Quang,2024-Q3,2024,3,130.50326242585396,109.41229719779096,7.746983023113111,9778.0,1656.0,True,Northeast,4,1056000,174037.61,134
Tây Ninh,2024-Q3,2024,3,148.50358665595778,121.24149509494579,6.993230451494464,17431.0,2041.0,True,Southeast,1,1207000,362573.14,289
Vĩnh Long,2024-Q3,2024,3,143.970854439821,116.7077807175944,7.10065164481432,12737.0,1412.0,True,Mekong Delta,2,1100000,300161.23,670
Vĩnh Phúc,2024-Q3,2024,3,115.20531514476615,98.68484013494039,5.657736145683217,30532.0,2272.0,True,Red River Delta,1,1296000,356494.89,932
Yên Bái,2024-Q3,2024,3,116.75708957415566,100.17930277165932,7.534232745961821,10896.0,1814.0,True,Northwest,4,950000,164865.75,119
Điện Biên,2024-Q3,2024,3,118.42400253807108,100.55056852791877,13.115397631133671,5910.0,824.0,True,Northwest,4,705000,141953.51,63
Đà Nẵng,2024-Q3,2024,3,173.37275456169178,133.41313780095734,4.332171179538473,69985.0,763.0,True,South Central Coast,1,1294000,429834.96,883
Đắk Lắk,2024-Q3,2024,3,137.9675928635484,123.0962189550196,13.79152310379006,21187.0,2572.0,True,Central Highlands,3,2016000,228316.6,143
Đắk Nông,2024-Q3,2024,3,116.09743992519869,104.65189200561011,15.753155680224404,6417.0,1166.0,True,Central Highlands,2,670000,268062.84,96
Đồng Nai,2024-Q3,2024,3,160.09716645487617,122.90811588677929,6.092739323267056,80268.0,3920.0,True,Southeast,2,3227000,311341.31,528
Đồng Tháp,2024-Q3,2024,3,141.61836791519434,119.30565851590106,7.374628975265018,14150.0,1808.0,True,Mekong Delta,3,1838000,200156.92,473
An Giang,2024-Q4,2024,4,157.6590709621245,143.49477148058733,7.23291249455812,25267.0,2197.0,True,Mekong Delta,1,2057000,338704.14,540
Bà Rịa–Vũng Tàu,2024-Q4,2024,4,167.85412547808178,140.1314410610964,6.108438756497009,40788.0,1677.0,True,Southeast,1,1303000,3286254.54,580
Bình Dương,2024-Q4,2024,4,182.74591924600583,146.9520420820455,5.2126449291135195,68913.0,2366.0,True,Southeast,2,2564000,327276.61,901
Bình Phước,2024-Q4,2024,4,157.9136079393399,137.07418911685994,6.448762265834077,17936.0,2383.0,True,Southeast,2,1313000,322186.39,145
Bình Thuận,2024-Q4,2024,4,155.86388951494365,130.0338555609995,11.642381185693287,20410.0,1754.0,True,South Central Coast,2,1498000,276055.5,155
Bình Định,2024-Q4,2024,4,158.29086779257494,138.58173264638046,9.314745926642363,26882.0,2031.0,True,South Central Coast,2,1679000,275959.91,245
Bạc Liêu,2024-Q4,2024,4,169.10644138929086,145.4160317345462,7.668906346909242,9674.0,1278.0,True,Mekong Delta,2,1105000,330710.59,340
Bắc Giang,2024-Q4,2024,4,147.32588600685673,117.45621544568748,6.091753879465897,22168.0,2657.0,True,Northeast,4,1884000,170576.83,463
Bắc Kạn,2024-Q4,2024,4,132.0808265412748,115.41666483803553,7.330459770114943,3828.0,714.0,True,Northeast,4,338000,157823.59,65
Bắc Ninh,2024-Q4,2024,4,156.2083289451041,119.48171367521367,5.329289278953708,34866.0,1787.0,True,Red River Delta,1,1447000,397659.74,1664
Bến Tre,2024-Q4,2024,4,167.88201675577622,139.76407303799886,6.244462478518235,20948.0,2486.0,True,Mekong Delta,2,1331000,266077.85,538
Cao Bằng,2024-Q4,2024,4,141.30996457476448,125.34445031179514,8.255539339259652,7537.0,1143.0,True,Northeast,4,576000,139741.61,79
Cà Mau,2024-Q4,2024,4,166.56631929200805,145.86262606276085,8.841706600711083,12938.0,1830.0,True,Mekong Delta,2,1369000,278868.61,229
Côn Đảo,2024-Q4,2024,4,119.62218971061094,99.74669131832796,10.80064308681672,311.0,27.0,True,Southeast,1,1303000,3286254.54,580
Cần Thơ,2024-Q4,2024,4,177.84743515691474,149.82055748535964,5.987036388207618,39958.0,1875.0,True,Mekong Delta,1,1456000,559273.75,858
Gia Lai,2024-Q4,2024,4,154.76600913854804,133.78987065439674,9.227377300613497,15648.0,1717.0,True,Central Highlands,2,1586000,270072.84,98
Ho Chi Minh,2024-Q4,2024,4,202.16775907697152,155.63670743036064,4.615199770261883,539745.0,3114.0,True,Southeast,1,9125000,638474.09,4363
Hà Giang,2024-Q4,2024,4,134.23544097116843,121.25624825493172,9.358877086494688,6590.0,1094.0,True,Northeast,4,910000,96812.43,108
Hà Nam,2024-Q4,2024,4,148.47155705131658,118.39447164934575,6.173011684885036,18571.0,1490.0,True,Red River Delta,4,945000,190452.63,989
Hà Nội,2024-Q4,2024,4,172.65793427802086,131.55451751374397,4.838694042409963,445650.0,6218.0,True,Red River Delta,1,8146000,350473.82,2398
Hà Tĩnh,2024-Q4,2024,4,129.16760417166148,112.52566378965875,11.098537520978182,12513.0,1863.0,True,North Central Coast,4,1402000,189147.47,215
Hòa Bình,2024-Q4,2024,4,137.66351445380593,111.60995017431726,6.503268448576409,13768.0,1962.0,True,Northwest,3,979000,209319.85,186
Hưng Yên,2024-Q4,2024,4,150.3815027145812,118.23109841433988,6.030635987590486,23208.0,1625.0,True,Red River Delta,3,1340000,223672.16,1347
Hải Dương,2024-Q4,2024,4,144.6915108960461,111.95824717820344,5.942982946290874,44741.0,3224.0,True,Red River Delta,3,2003000,224577.11,1134
Hải Phòng,2024-Q4,2024,4,151.52532983573468,117.10759988167328,5.451294633535185,57468.0,1917.0,True,Red River Delta,1,2138000,343860.47,1299
Hậu Giang,2024-Q4,2024,4,160.86936877127823,137.7951044568245,7.185546270504488,6462.0,1003.0,True,Mekong Delta,2,853000,262983.34,452
Khánh Hòa,2024-Q4,2024,4,162.38925457713577,130.3520516174651,11.246117326195106,39599.0,1441.0,True,South Central Coast,1,1371000,373474.5,240
Kiên Giang,2024-Q4,2024,4,146.5225720545578,127.92706523483307,9.355983459853114,16203.0,2192.0,True,Mekong Delta,1,1789000,387388.18,271
Kon Tum,2024-Q4,2024,4,137.2965108714261,123.1427478171546,9.486046909775723,5841.0,656.0,True,Central Highlands,4,589000,185404.4,56
Lai Châu,2024-Q4,2024,4,130.052424270073,115.6970103406326,11.956812652068127,3288.0,547.0,True,Northwest,4,527000,96644.48,51
Long An,2024-Q4,2024,4,158.9642511170688,138.14424883670765,5.751471449261964,32451.0,3366.0,True,Mekong Delta,1,1730000,358440.58,376
Lào Cai,2024-Q4,2024,4,137.71387808583364,118.64003981516647,9.281111533105456,15798.0,1389.0,True,Northwest,3,898000,247234.74,115
Lâm Đồng,2024-Q4,2024,4,178.3901742255914,143.65996520716246,11.262004966671023,38255.0,2697.0,True,Central Highlands,2,1390000,297641.14,133
Lạng Sơn,2024-Q4,2024,4,160.4037545477199,126.45043475371709,7.218622809203422,12039.0,1593.0,True,Northeast,4,828000,196710.43,94
Nam Định,2024-Q4,2024,4,131.3252396788266,107.33192511222103,6.757887083517734,31634.0,2744.0,True,Red River Delta,4,1852000,170177.51,1067
Nghệ An,2024-Q4,2024,4,134.37972344387936,114.01178795692762,10.265644772342,41883.0,4546.0,True,North Central Coast,3,3399000,212576.95,202
Ninh Bình,2024-Q4,2024,4,136.676947163318,121.49476567640062,6.291613948074295,19759.0,1883.0,True,Red River Delta,3,1102000,221438.82,708
Ninh Thuận,2024-Q4,2024,4,150.7755133578996,128.54432807461998,10.177452786734223,8684.0,693.0,True,South Central Coast,3,720000,214609.28,176
Phú Thọ,2024-Q4,2024,4,137.29068225298556,113.47518388687541,6.260947061968986,33662.0,3924.0,True,Northeast,4,1515000,171183.41,414
Phú Yên,2024-Q4,2024,4,149.39850545204774,132.284695973212,10.220571821069804,11647.0,981.0,True,South Central Coast,3,1056000,227067.72,174
Quảng Bình,2024-Q4,2024,4,121.4352819706499,109.31028808525507,9.87980433263452,11448.0,1393.0,True,North Central Coast,3,992000,196802.45,112
Quảng Nam,2024-Q4,2024,4,143.75389383002494,129.90312666494802,6.5221706625418925,23274.0,2192.0,True,South Central Coast,2,1697000,285182.69,141
Quảng Ngãi,2024-Q4,2024,4,146.48853248330298,130.11798097551105,7.866896039937934,14823.0,1505.0,True,South Central Coast,2,1355000,314135.66,239
Quảng Ninh,2024-Q4,2024,4,150.92940411044216,117.95860141166702,7.872783890388209,24085.0,1365.0,True,Northeast,1,1387000,699887.25,214
Quảng Trị,2024-Q4,2024,4,132.95601900402275,118.17361589679567,7.0649188514357055,7209.0,1035.0,True,North Central Coast,3,687000,238707.87,137
Sóc Trăng,2024-Q4,2024,4,159.86565238814796,138.9688087510676,7.366138887063925,15221.0,1783.0,True,Mekong Delta,3,1256000,253301.38,362
Sơn La,2024-Q4,2024,4,147.5544963113093,119.01515095257398,8.920145926226185,12335.0,1925.0,True,Northwest,4,1356000,158468.58,88
Thanh Hóa,2024-Q4,2024,4,133.39316273462615,110.50052061080576,7.995748211137613,38572.0,5037.0,True,North Central Coast,3,3689000,217499.22,328
Thái Bình,2024-Q4,2024,4,149.4653916537533,119.03339269883598,6.161735558038128,27749.0,2346.0,True,Red River Delta,4,1934000,186783.7,1173
Thái Nguyên,2024-Q4,2024,4,152.37278819997104,118.02033417739835,6.041962089422659,27644.0,2757.0,True,Northeast,3,1356000,227542.08,365
Thừa Thiên Huế,2024-Q4,2024,4,144.94455768175044,125.2589443180927,6.890753666379108,25502.0,1561.0,True,North Central Coast,2,1257000,274484.12,230
Tiền Giang,2024-Q4,2024,4,166.88799477289825,142.41417534550348,5.482477329426207,25253.0,2701.0,True,Mekong Delta,1,1898000,337838.5,703
Trà Vinh,2024-Q4,2024,4,144.7502181295481,126.84506719971252,6.7002066301320635,11131.0,1516.0,True,Mekong Delta,3,1067000,237885.11,428
Tuyên Quang,2024-Q4,2024,4,149.67653627569527,125.7218584384177,6.4214890309207115,11578.0,1886.0,True,Northeast,4,1056000,174037.61,134
Tây Ninh,2024-Q4,2024,4,178.3382015771546,143.7191152069432,6.393122112827213,21431.0,2310.0,True,Southeast,1,1207000,362573.14,289
Vĩnh Long,2024-Q4,2024,4,189.0414587688734,154.0069312169312,6.777777777777778,15498.0,1494.0,True,Mekong Delta,2,1100000,300161.23,670
Vĩnh Phúc,2024-Q4,2024,4,139.4854036337937,116.26447842987132,5.434465090255896,33959.0,2270.0,True,Red River Delta,1,1296000,356494.89,932
Yên Bái,2024-Q4,2024,4,132.12929971381493,114.58108863064783,7.20501257479837,11531.0,1872.0,True,Northwest,4,950000,164865.75,119
Điện Biên,2024-Q4,2024,4,149.0831689934849,120.73865257279617,12.983246908655763,7521.0,891.0,True,Northwest,4,705000,141953.51,63
Đà Nẵng,2024-Q4,2024,4,197.96025575893742,149.73674745258705,4.338928170224014,75665.0,774.0,True,South Central Coast,1,1294000,429834.96,883
Đắk Lắk,2024-Q4,2024,4,160.58282601330913,142.8935755595886,13.196128251663643,24795.0,2887.0,True,Central Highlands,3,2016000,228316.6,143
Đắk Nông,2024-Q4,2024,4,145.61025374337711,130.29373934577285,15.657912923289565,8682.0,1393.0,True,Central Highlands,2,670000,268062.84,96
Đồng Nai,2024-Q4,2024,4,177.70918283029349,144.15823405240255,5.774939820387001,86408.0,4149.0,True,Southeast,2,3227000,311341.31,528
Đồng Tháp,2024-Q4,2024,4,166.91111492308505,143.25586874240102,6.885552677485859,18917.0,2155.0,True,Mekong Delta,3,1838000,200156.92,473
An Giang,2025-Q1,2025,1,187.95485852456773,161.63906140791096,7.39960764633423,21919.0,2184.0,True,Mekong Delta,1,2057000,338704.14,540
Bà Rịa–Vũng Tàu,2025-Q1,2025,1,180.83217004680188,149.27927256090243,6.183877355094204,33332.0,1615.0,True,Southeast,1,1303000,3286254.54,580
Bình Dương,2025-Q1,2025,1,195.67908321582271,157.73134619540335,5.094844794432745,54605.0,2344.0,True,Southeast,2,2564000,327276.61,901
Bình Phước,2025-Q1,2025,1,174.35368664831384,155.93458072952512,6.625395732966276,14530.0,2322.0,True,Southeast,2,1313000,322186.39,145
Bình Thuận,2025-Q1,2025,1,165.04740375018903,135.96032985533543,12.378295276979687,19839.0,1806.0,True,South Central Coast,2,1498000,276055.5,155
Bình Định,2025-Q1,2025,1,175.29261337524792,151.752031473373,10.027019946858276,26721.0,2177.0,True,South Central Coast,2,1679000,275959.91,245
Bạc Liêu,2025-Q1,2025,1,177.89970850704225,148.7162701971831,7.844732394366197,8875.0,1238.0,True,Mekong Delta,2,1105000,330710.59,340
Bắc Giang,2025-Q1,2025,1,163.74299593474748,127.2196555480273,6.308021055923281,19187.0,2584.0,True,Northeast,4,1884000,170576.83,463
Bắc Kạn,2025-Q1,2025,1,139.0272679151061,124.44461847690387,7.340324594257178,4005.0,766.0,True,Northeast,4,338000,157823.59,65
Bắc Ninh,2025-Q1,2025,1,174.6879152866242,130.6703076097888,5.303419376466644,29830.0,1756.0,True,Red River Delta,1,1447000,397659.74,1664
Bến Tre,2025-Q1,2025,1,183.62515095119934,153.4909689235496,6.400567174760723,16926.0,2422.0,True,Mekong Delta,2,1331000,266077.85,538
Cao Bằng,2025-Q1,2025,1,158.95435732560122,138.57659269998297,8.280573085451135,5863.0,1042.0,True,Northeast,4,576000,139741.61,79
Cà Mau,2025-Q1,2025,1,186.317466697538,163.5295823107201,8.63510071775874,12957.0,2057.0,True,Mekong Delta,2,1369000,278868.61,229
Côn Đảo,2025-Q1,2025,1,139.7311173469388,118.3778163265306,8.51530612244898,196.0,25.0,True,Southeast,1,1303000,3286254.54,580
Cần Thơ,2025-Q1,2025,1,199.8110553222394,166.09953806561623,5.923142505289084,31669.0,1845.0,True,Mekong Delta,1,1456000,559273.75,858
Gia Lai,2025-Q1,2025,1,163.5059308087196,137.63212216352952,10.316494308459193,13441.0,1581.0,True,Central Highlands,2,1586000,270072.84,98
Ho Chi Minh,2025-Q1,2025,1,215.37678392138014,166.77910675137775,4.59128919210255,428594.0,3054.0,True,Southeast,1,9125000,638474.09,4363
Hà Giang,2025-Q1,2025,1,140.6283565523307,124.07205910290237,9.475637642919965,5685.0,1011.0,True,Northeast,4,910000,96812.43,108
Hà Nam,2025-Q1,2025,1,161.35388383454566,129.2095298013245,7.519650417978504,18422.0,1538.0,True,Red River Delta,4,945000,190452.63,989
Hà Nội,2025-Q1,2025,1,189.47890579704145,143.8841338708476,4.974931638011197,362409.0,6098.0,True,Red River Delta,1,8146000,350473.82,2398
Hà Tĩnh,2025-Q1,2025,1,135.89328906591965,124.89383515713911,12.103387901602032,11423.0,1898.0,True,North Central Coast,4,1402000,189147.47,215
Hòa Bình,2025-Q1,2025,1,150.9268623768473,122.55956627155173,6.405172413793103,12992.0,1979.0,True,Northwest,3,979000,209319.85,186
Hưng Yên,2025-Q1,2025,1,167.2718049160551,131.58556092289135,6.577661606514527,19894.0,1618.0,True,Red River Delta,3,1340000,223672.16,1347
Hải Dương,2025-Q1,2025,1,157.947442205802,123.13709011855829,5.845208961961558,42089.0,3107.0,True,Red River Delta,3,2003000,224577.11,1134
Hải Phòng,2025-Q1,2025,1,175.35386477155262,130.14057783750258,5.7680587140789745,48370.0,1861.0,True,Red River Delta,1,2138000,343860.47,1299
Hậu Giang,2025-Q1,2025,1,176.80141376924408,152.6576834457706,7.312921639854697,5781.0,1098.0,True,Mekong Delta,2,853000,262983.34,452
Khánh Hòa,2025-Q1,2025,1,173.69977913432444,143.6738743323247,11.677752927246415,38005.0,1444.0,True,South Central Coast,1,1371000,373474.5,240
Kiên Giang,2025-Q1,2025,1,159.94717696228338,143.00548854909957,9.41175671083928,14715.0,2116.0,True,Mekong Delta,1,1789000,387388.18,271
Kon Tum,2025-Q1,2025,1,142.46403869454758,124.32211315223763,9.143834277897206,5117.0,656.0,True,Central Highlands,4,589000,185404.4,56
Lai Châu,2025-Q1,2025,1,146.79302511321532,126.4260461095101,10.254837381638534,2429.0,525.0,True,Northwest,4,527000,96644.48,51
Long An,2025-Q1,2025,1,180.78424551971327,154.79113924731183,5.469390681003584,27900.0,3196.0,True,Mekong Delta,1,1730000,358440.58,376
Lào Cai,2025-Q1,2025,1,153.59373719737198,126.13054153541535,9.385653856538566,11111.0,1310.0,True,Northwest,3,898000,247234.74,115
Lâm Đồng,2025-Q1,2025,1,190.91682859267522,157.35111944599367,11.369771332961516,32274.0,2606.0,True,Central Highlands,2,1390000,297641.14,133
Lạng Sơn,2025-Q1,2025,1,170.25050395578197,137.66895805787362,7.838734149777826,9227.0,1508.0,True,Northeast,4,828000,196710.43,94
Nam Định,2025-Q1,2025,1,144.69321486279188,114.97340889722174,7.361309016533151,29335.0,2779.0,True,Red River Delta,4,1852000,170177.51,1067
Nghệ An,2025-Q1,2025,1,152.8825894586396,126.59263846108972,10.351359234628399,34284.0,4225.0,True,North Central Coast,3,3399000,212576.95,202
Ninh Bình,2025-Q1,2025,1,161.37396091259856,148.11380814181064,6.530951182687469,17883.0,1932.0,True,Red River Delta,3,1102000,221438.82,708
Ninh Thuận,2025-Q1,2025,1,166.31113197969543,144.1765414945107,10.193955849368434,8471.0,707.0,True,South Central Coast,3,720000,214609.28,176
Phú Thọ,2025-Q1,2025,1,150.30007574446606,122.59606409979091,6.4359362607253585,27738.0,3782.0,True,Northeast,4,1515000,171183.41,414
Phú Yên,2025-Q1,2025,1,159.2993490609677,137.14499528170967,10.650846516791562,10809.0,1063.0,True,South Central Coast,3,1056000,227067.72,174
Quảng Bình,2025-Q1,2025,1,132.51150053937434,118.04609050701185,9.507874865156419,9270.0,1300.0,True,North Central Coast,3,992000,196802.45,112
Quảng Nam,2025-Q1,2025,1,159.02169290200152,141.35565273573397,6.336375547824516,22133.0,2238.0,True,South Central Coast,2,1697000,285182.69,141
Quảng Ngãi,2025-Q1,2025,1,179.51389334854687,147.40284421773273,7.462984092892141,14899.0,1559.0,True,South Central Coast,2,1355000,314135.66,239
Quảng Ninh,2025-Q1,2025,1,168.01805805810775,127.3775640427117,7.926098832878073,20135.0,1362.0,True,Northeast,1,1387000,699887.25,214
Quảng Trị,2025-Q1,2025,1,151.554212783852,131.766216568545,7.160779366414354,7134.0,1062.0,True,North Central Coast,3,687000,238707.87,137
Sóc Trăng,2025-Q1,2025,1,177.56657517252074,166.23868612855702,6.603396138636892,12897.0,1931.0,True,Mekong Delta,3,1256000,253301.38,362
Sơn La,2025-Q1,2025,1,151.67301412275938,128.1358041825095,8.846460257106646,11046.0,1801.0,True,Northwest,4,1356000,158468.58,88
Thanh Hóa,2025-Q1,2025,1,142.0477249901566,117.05581509525396,8.26983069327922,33017.0,4899.0,True,North Central Coast,3,3689000,217499.22,328
Thái Bình,2025-Q1,2025,1,157.20751422487223,124.90349067291312,6.801149914821124,23480.0,2313.0,True,Red River Delta,4,1934000,186783.7,1173
Thái Nguyên,2025-Q1,2025,1,174.79492353007817,138.23926928741363,6.127298818020468,26481.0,2994.0,True,Northeast,3,1356000,227542.08,365
Thừa Thiên Huế,2025-Q1,2025,1,153.24869488888888,130.7279412888889,6.7036444444444445,22500.0,1609.0,True,North Central Coast,2,1257000,274484.12,230
Tiền Giang,2025-Q1,2025,1,174.55508313627303,152.77573250799833,5.442203366253999,21567.0,2670.0,True,Mekong Delta,1,1898000,337838.5,703
Trà Vinh,2025-Q1,2025,1,155.4482009978617,132.23988290398125,6.574585072803177,9821.0,1450.0,True,Mekong Delta,3,1067000,237885.11,428
Tuyên Quang,2025-Q1,2025,1,159.7296488660593,132.76366640821865,6.640918782709828,10318.0,1925.0,True,Northeast,4,1056000,174037.61,134
Tây Ninh,2025-Q1,2025,1,181.95906329565733,154.345249553837,6.467935752528257,16810.0,2132.0,True,Southeast,1,1207000,362573.14,289
Vĩnh Long,2025-Q1,2025,1,193.91931094009982,162.5358789517471,6.387548530227399,14424.0,1490.0,True,Mekong Delta,2,1100000,300161.23,670
Vĩnh Phúc,2025-Q1,2025,1,156.9992173680873,128.14876193972566,5.6623502319527415,29963.0,2183.0,True,Red River Delta,1,1296000,356494.89,932
Yên Bái,2025-Q1,2025,1,150.8652112845138,127.16358979591837,7.389795918367347,8330.0,1686.0,True,Northwest,4,950000,164865.75,119
Điện Biên,2025-Q1,2025,1,164.77251823592246,135.54416450480696,11.225087746070502,6553.0,883.0,True,Northwest,4,705000,141953.51,63
Đà Nẵng,2025-Q1,2025,1,203.67716570118841,158.35083334118275,4.452424684845916,63699.0,788.0,True,South Central Coast,1,1294000,429834.96,883
Đắk Lắk,2025-Q1,2025,1,183.00648995167774,163.38503658040915,13.225037257824143,22143.0,2896.0,True,Central Highlands,3,2016000,228316.6,143
Đắk Nông,2025-Q1,2025,1,165.48662222222222,146.41810805408585,15.92251616696061,8505.0,1334.0,True,Central Highlands,2,670000,268062.84,96
Đồng Nai,2025-Q1,2025,1,187.9695765667207,152.16133945164776,5.709494867639114,74040.0,4145.0,True,Southeast,2,3227000,311341.31,528
Đồng Tháp,2025-Q1,2025,1,184.53538348750865,159.94886829022718,6.952425901453653,15891.0,2018.0,True,Mekong Delta,3,1838000,200156.92,473
An Giang,2025-Q2,2025,2,221.69632365161192,188.00030295452797,7.341617296299146,25994.0,2352.0,True,Mekong Delta,1,2057000,338704.14,540
Bà Rịa–Vũng Tàu,2025-Q2,2025,2,202.96793956070596,168.4974227356478,5.948458107059737,41248.0,1683.0,True,Southeast,1,1303000,3286254.54,580
Bình Dương,2025-Q2,2025,2,219.27519251046562,178.55699329913847,5.06293666328528,69991.0,2462.0,True,Southeast,2,2564000,327276.61,901
Bình Phước,2025-Q2,2025,2,187.83580626701482,168.26436140896718,6.600755597533197,17999.0,2480.0,True,Southeast,2,1313000,322186.39,145
Bình Thuận,2025-Q2,2025,2,192.51016383973968,158.50667321537523,11.900467764897295,24585.0,2102.0,True,South Central Coast,2,1498000,276055.5,155
Bình Định,2025-Q2,2025,2,197.20878097465638,172.02922194098235,10.239178494761463,31211.0,2242.0,True,South Central Coast,2,1679000,275959.91,245
Bạc Liêu,2025-Q2,2025,2,201.40136585939337,171.237256524806,7.915118739713144,8506.0,1237.0,True,Mekong Delta,2,1105000,330710.59,340
Bắc Giang,2025-Q2,2025,2,174.30044036697248,150.88849845558065,6.2511179751970865,21691.0,2733.0,True,Northeast,4,1884000,170576.83,463
Bắc Kạn,2025-Q2,2025,2,175.92248139935944,157.60573983739837,8.064055186006405,4059.0,835.0,True,Northeast,4,338000,157823.59,65
Bắc Ninh,2025-Q2,2025,2,173.09329744199883,147.19425112603042,5.645109203705277,35301.0,1857.0,True,Red River Delta,1,1447000,397659.74,1664
Bến Tre,2025-Q2,2025,2,195.51760423444358,165.44826150271106,6.662019106635683,19365.0,2441.0,True,Mekong Delta,2,1331000,266077.85,538
Cao Bằng,2025-Q2,2025,2,173.50062832571888,153.69616715936576,8.270760548239721,7442.0,1246.0,True,Northeast,4,576000,139741.61,79
Cà Mau,2025-Q2,2025,2,217.34120439027973,185.5271826591293,8.882681154100286,13621.0,2408.0,True,Mekong Delta,2,1369000,278868.61,229
Côn Đảo,2025-Q2,2025,2,126.52812700729926,120.06388613138685,9.10948905109489,685.0,32.0,True,Southeast,1,1303000,3286254.54,580
Cần Thơ,2025-Q2,2025,2,221.75496960626296,185.49868240079823,6.344283265535856,39087.0,2063.0,True,Mekong Delta,1,1456000,559273.75,858
Gia Lai,2025-Q2,2025,2,193.01161495379446,161.5354101092131,10.421450574068889,14284.0,1844.0,True,Central Highlands,2,1586000,270072.84,98
Ho Chi Minh,2025-Q2,2025,2,229.65186451830542,185.25588734734063,4.503009549361905,509877.0,3203.0,True,Southeast,1,9125000,638474.09,4363
Hà Giang,2025-Q2,2025,2,157.12094788129338,137.9505924996309,9.473645356562823,6773.0,1100.0,True,Northeast,4,910000,96812.43,108
Hà Nam,2025-Q2,2025,2,166.73640897083402,147.18702312793144,7.045716750229123,18549.0,1621.0,True,Red River Delta,4,945000,190452.63,989
Hà Nội,2025-Q2,2025,2,198.18079238293004,163.75824457448942,5.002109560272308,423785.0,6344.0,True,Red River Delta,1,8146000,350473.82,2398
Hà Tĩnh,2025-Q2,2025,2,157.73296209578388,144.6677265656979,10.233892754809661,12215.0,2080.0,True,North Central Coast,4,1402000,189147.47,215
Hòa Bình,2025-Q2,2025,2,166.32985624481083,144.54528697663386,6.283181117305183,16862.0,2260.0,True,Northwest,3,979000,209319.85,186
Hưng Yên,2025-Q2,2025,2,184.67297951417004,157.14319311740888,6.446558704453441,24700.0,1682.0,True,Red River Delta,3,1340000,223672.16,1347
Hải Dương,2025-Q2,2025,2,174.9716052958754,145.15830006325388,6.067136344799005,45847.0,3346.0,True,Red River Delta,3,2003000,224577.11,1134
Hải Phòng,2025-Q2,2025,2,188.10937454653273,151.61034962327332,5.620726942932887,57336.0,1971.0,True,Red River Delta,1,2138000,343860.47,1299
Hậu Giang,2025-Q2,2025,2,201.48183844241922,174.2413887047777,6.913697873515604,7242.0,1204.0,True,Mekong Delta,2,853000,262983.34,452
Khánh Hòa,2025-Q2,2025,2,192.97743510828138,159.4014037804851,11.782137428124518,45391.0,1607.0,True,South Central Coast,1,1371000,373474.5,240
Kiên Giang,2025-Q2,2025,2,178.90427460307654,159.17088774942854,9.319392104775437,16187.0,2137.0,True,Mekong Delta,1,1789000,387388.18,271
Kon Tum,2025-Q2,2025,2,175.10383090057834,153.57001528504543,8.279261911319196,7262.0,885.0,True,Central Highlands,4,589000,185404.4,56
Lai Châu,2025-Q2,2025,2,172.0661627250265,151.16437098482174,10.291210730674196,2833.0,544.0,True,Northwest,4,527000,96644.48,51
Long An,2025-Q2,2025,2,194.7484416811259,168.16992291626502,5.586337638969218,31122.0,3344.0,True,Mekong Delta,1,1730000,358440.58,376
Lào Cai,2025-Q2,2025,2,169.27722552013066,145.27679613718666,9.786409145778599,14083.0,1492.0,True,Northwest,3,898000,247234.74,115
Lâm Đồng,2025-Q2,2025,2,214.26639959167008,174.86883677691574,11.328732816115421,36735.0,2961.0,True,Central Highlands,2,1390000,297641.14,133
Lạng Sơn,2025-Q2,2025,2,179.00802862793105,156.558012430549,8.214050287221019,10619.0,1655.0,True,Northeast,4,828000,196710.43,94
Nam Định,2025-Q2,2025,2,165.33467245589404,144.48423780599475,7.297417740064709,32762.0,2833.0,True,Red River Delta,4,1852000,170177.51,1067
Nghệ An,2025-Q2,2025,2,169.85717397377016,144.19655951422754,9.14490317693291,42242.0,4746.0,True,North Central Coast,3,3399000,212576.95,202
Ninh Bình,2025-Q2,2025,2,159.10719493364283,156.08536892566988,6.6153807337134785,19817.0,2030.0,True,Red River Delta,3,1102000,221438.82,708
Ninh Thuận,2025-Q2,2025,2,200.20339741935484,168.4742716129032,10.516344086021505,9300.0,760.0,True,South Central Coast,3,720000,214609.28,176
Phú Thọ,2025-Q2,2025,2,179.39516555183945,161.59536991028295,6.433773955513086,37674.0,4106.0,True,Northeast,4,1515000,171183.41,414
Phú Yên,2025-Q2,2025,2,181.50166679581557,155.574782545525,10.432971716388996,10324.0,1206.0,True,South Central Coast,3,1056000,227067.72,174
Quảng Bình,2025-Q2,2025,2,147.25857423759672,128.34531825216203,9.589167045971779,10985.0,1409.0,True,North Central Coast,3,992000,196802.45,112
Quảng Nam,2025-Q2,2025,2,181.6329536710018,164.33945979972577,6.833132505089957,24067.0,2371.0,True,South Central Coast,2,1697000,285182.69,141
Quảng Ngãi,2025-Q2,2025,2,187.99398101030158,171.29177032394193,7.2047288072483555,16114.0,1676.0,True,South Central Coast,2,1355000,314135.66,239
Quảng Ninh,2025-Q2,2025,2,176.18868606893227,147.2481789186149,8.013376717281272,24894.0,1571.0,True,Northeast,1,1387000,699887.25,214
Quảng Trị,2025-Q2,2025,2,164.319963314631,147.06066508416055,6.783484390735146,6951.0,1089.0,True,North Central Coast,3,687000,238707.87,137
Sóc Trăng,2025-Q2,2025,2,202.5156429692897,179.4509668404195,7.285561765998869,15923.0,2142.0,True,Mekong Delta,3,1256000,253301.38,362
Sơn La,2025-Q2,2025,2,166.9210255089724,145.55473380542367,9.23279954936831,12427.0,1979.0,True,Northwest,4,1356000,158468.58,88
Thanh Hóa,2025-Q2,2025,2,162.085323251262,141.26915770062843,8.223055526939323,48535.0,5905.0,True,North Central Coast,3,3689000,217499.22,328
Thái Bình,2025-Q2,2025,2,171.0843117540029,151.08434279475983,6.549308588064046,27480.0,2430.0,True,Red River Delta,4,1934000,186783.7,1173
Thái Nguyên,2025-Q2,2025,2,197.86527738740133,172.73239597585513,6.145488314502399,32305.0,3436.0,True,Northeast,3,1356000,227542.08,365
Thừa Thiên Huế,2025-Q2,2025,2,190.13869748507952,165.07491106358023,6.890054162210646,28987.0,1970.0,True,North Central Coast,2,1257000,274484.12,230
Tiền Giang,2025-Q2,2025,2,194.4356569337129,171.71706140707605,5.398901992679951,24590.0,2878.0,True,Mekong Delta,1,1898000,337838.5,703
Trà Vinh,2025-Q2,2025,2,175.85728583893203,151.60507494982986,6.699066399092575,11461.0,1632.0,True,Mekong Delta,3,1067000,237885.11,428
Tuyên Quang,2025-Q2,2025,2,173.6070836897748,156.19691453474297,6.815188443224922,12391.0,2234.0,True,Northeast,4,1056000,174037.61,134
Tây Ninh,2025-Q2,2025,2,201.13224766243107,172.94090544233998,6.533732917765524,20855.0,2293.0,True,Southeast,1,1207000,362573.14,289
Vĩnh Long,2025-Q2,2025,2,219.1345862974457,185.4450159345906,6.435008355216042,16756.0,1707.0,True,Mekong Delta,2,1100000,300161.23,670
Vĩnh Phúc,2025-Q2,2025,2,170.62227887082975,153.3591491303108,5.592386655260907,42084.0,2420.0,True,Red River Delta,1,1296000,356494.89,932
Yên Bái,2025-Q2,2025,2,167.72857242783778,148.01690463963166,7.660704799008323,11294.0,1912.0,True,Northwest,4,950000,164865.75,119
Điện Biên,2025-Q2,2025,2,173.70341258146783,149.78289841314822,10.790592235760839,7058.0,889.0,True,Northwest,4,705000,141953.51,63
Đà Nẵng,2025-Q2,2025,2,215.4443637932244,178.04114339622643,4.699530055411377,71285.0,793.0,True,South Central Coast,1,1294000,429834.96,883
Đắk Lắk,2025-Q2,2025,2,204.22639320685434,182.79738693390453,13.418834149326806,26144.0,3350.0,True,Central Highlands,3,2016000,228316.6,143
Đắk Nông,2025-Q2,2025,2,193.41068174992492,170.71814095505056,15.941836019621583,9989.0,1453.0,True,Central Highlands,2,670000,268062.84,96
Đồng Nai,2025-Q2,2025,2,210.51541326427818,177.026682769001,5.789504248788177,84377.0,4547.0,True,Southeast,2,3227000,311341.31,528
Đồng Tháp,2025-Q2,2025,2,208.37282559053057,179.99408076258314,6.667626878960876,19093.0,2186.0,True,Mekong Delta,3,1838000,200156.92,473
An Giang,2025-Q3,2025,3,218.50776377036462,192.31392494181534,7.353180760279287,25780.0,2329.0,True,Mekong Delta,1,2057000,338704.14,540
Bà Rịa–Vũng Tàu,2025-Q3,2025,3,207.54992817418324,171.57907567604082,5.906671470065071,44413.0,1740.0,True,Southeast,1,1303000,3286254.54,580
Bình Dương,2025-Q3,2025,3,229.36013898651836,188.16544173267584,5.049572470230289,76252.0,2493.0,True,Southeast,2,2564000,327276.61,901
Bình Phước,2025-Q3,2025,3,191.74244712906645,171.67040639473245,6.562970816360695,17921.0,2398.0,True,Southeast,2,1313000,322186.39,145
Bình Thuận,2025-Q3,2025,3,203.9945386387102,166.39695067905646,11.836430783893258,25182.0,2149.0,True,South Central Coast,2,1498000,276055.5,155
Bình Định,2025-Q3,2025,3,204.71898874545926,180.97191437467566,10.770984691229891,30832.0,2202.0,True,South Central Coast,2,1679000,275959.91,245
Bạc Liêu,2025-Q3,2025,3,196.62230733833857,177.58471918139986,7.592879631872124,8258.0,1155.0,True,Mekong Delta,2,1105000,330710.59,340
Bắc Giang,2025-Q3,2025,3,184.25271489606442,158.83280133103278,6.387642757374086,24342.0,2784.0,True,Northeast,4,1884000,170576.83,463
Bắc Kạn,2025-Q3,2025,3,179.73690423216445,161.44674824667473,7.427811366384522,4135.0,890.0,True,Northeast,4,338000,157823.59,65
Bắc Ninh,2025-Q3,2025,3,183.85148716849565,155.82915695016004,5.923754000914495,34992.0,1833.0,True,Red River Delta,1,1447000,397659.74,1664
Bến Tre,2025-Q3,2025,3,197.8179778294574,170.5467996382429,6.602170542635659,19350.0,2483.0,True,Mekong Delta,2,1331000,266077.85,538
Cao Bằng,2025-Q3,2025,3,176.18805722173423,159.94744233906388,8.359643619023718,7969.0,1254.0,True,Northeast,4,576000,139741.61,79
Cà Mau,2025-Q3,2025,3,232.19574333226737,201.16869677006716,9.046050527662295,15635.0,2449.0,True,Mekong Delta,2,1369000,278868.61,229
Côn Đảo,2025-Q3,2025,3,139.60826957383549,129.06498414271556,10.705649157581764,1009.0,31.0,True,Southeast,1,1303000,3286254.54,580
Cần Thơ,2025-Q3,2025,3,229.90822872036398,194.35437790072933,6.142755892910217,43739.0,2044.0,True,Mekong Delta,1,1456000,559273.75,858
Gia Lai,2025-Q3,2025,3,200.9660374505991,172.27196725425006,10.146101248353302,15941.0,1832.0,True,Central Highlands,2,1586000,270072.84,98
Ho Chi Minh,2025-Q3,2025,3,238.89455910919435,192.0953382506433,4.545801471387671,551860.0,3206.0,True,Southeast,1,9125000,638474.09,4363
Hà Giang,2025-Q3,2025,3,175.3803092891867,160.89041794770725,9.497175141242938,7611.0,1274.0,True,Northeast,4,910000,96812.43,108
Hà Nam,2025-Q3,2025,3,164.21264891235722,145.30882241864202,6.456982150031568,17423.0,1516.0,True,Red River Delta,4,945000,190452.63,989
Hà Nội,2025-Q3,2025,3,202.6960502329602,166.8262713969239,5.042195324503701,441921.0,6343.0,True,Red River Delta,1,8146000,350473.82,2398
Hà Tĩnh,2025-Q3,2025,3,173.62871642355077,155.28567334290682,10.326657093190235,13231.0,1979.0,True,North Central Coast,4,1402000,189147.47,215
Hòa Bình,2025-Q3,2025,3,174.96358887162324,154.33191961510877,6.203502271097299,16732.0,2175.0,True,Northwest,3,979000,209319.85,186
Hưng Yên,2025-Q3,2025,3,181.8511336974284,155.66641420830825,6.203276855594736,23254.0,1635.0,True,Red River Delta,3,1340000,223672.16,1347
Hải Dương,2025-Q3,2025,3,172.3155488003777,146.94460809476803,6.138911541267865,46598.0,3354.0,True,Red River Delta,3,2003000,224577.11,1134
Hải Phòng,2025-Q3,2025,3,197.44322227833112,161.657124921641,5.84068746952706,57428.0,1972.0,True,Red River Delta,1,2138000,343860.47,1299
Hậu Giang,2025-Q3,2025,3,208.60448627149088,179.61020323325636,7.384783166538363,7794.0,1158.0,True,Mekong Delta,2,853000,262983.34,452
Khánh Hòa,2025-Q3,2025,3,202.55514610824684,164.5411381589407,12.003611256217493,44029.0,1668.0,True,South Central Coast,1,1371000,373474.5,240
Kiên Giang,2025-Q3,2025,3,186.9786550534667,169.33537898125792,9.10572611245257,17394.0,2213.0,True,Mekong Delta,1,1789000,387388.18,271
Kon Tum,2025-Q3,2025,3,197.22112359098227,172.45787788513152,8.490472356414385,7452.0,911.0,True,Central Highlands,4,589000,185404.4,56
Lai Châu,2025-Q3,2025,3,169.96653802281367,151.20771939163498,10.07680608365019,2630.0,502.0,True,Northwest,4,527000,96644.48,51
Long An,2025-Q3,2025,3,200.7732621470546,174.2502900673642,5.49800773971621,34885.0,3305.0,True,Mekong Delta,1,1730000,358440.58,376
Lào Cai,2025-Q3,2025,3,177.4045836456559,148.86381512776833,9.297444633730835,14675.0,1460.0,True,Northwest,3,898000,247234.74,115
Lâm Đồng,2025-Q3,2025,3,222.07086690140844,177.31481794470528,11.480829420970267,38340.0,2977.0,True,Central Highlands,2,1390000,297641.14,133
Lạng Sơn,2025-Q3,2025,3,183.28001622477245,163.61523694103678,7.305203798971112,10108.0,1477.0,True,Northeast,4,828000,196710.43,94
Nam Định,2025-Q3,2025,3,160.08007583264973,142.91800022969647,7.318556193601313,30475.0,2798.0,True,Red River Delta,4,1852000,170177.51,1067
Nghệ An,2025-Q3,2025,3,178.41874937748344,153.0587819337748,9.473748344370861,37750.0,4657.0,True,North Central Coast,3,3399000,212576.95,202
Ninh Bình,2025-Q3,2025,3,160.6157089543748,157.18900574581863,6.411082034361133,17578.0,1869.0,True,Red River Delta,3,1102000,221438.82,708
Ninh Thuận,2025-Q3,2025,3,202.0843542674578,166.75448626198084,10.440803286170699,10955.0,795.0,True,South Central Coast,3,720000,214609.28,176
Phú Thọ,2025-Q3,2025,3,170.5732087760611,147.69471480673138,6.521423238182758,34822.0,3894.0,True,Northeast,4,1515000,171183.41,414
Phú Yên,2025-Q3,2025,3,198.53258343028088,169.60063586504904,10.215722120658135,12034.0,1222.0,True,South Central Coast,3,1056000,227067.72,174
Quảng Bình,2025-Q3,2025,3,161.70404558380727,137.3101543158247,10.823185011709603,11956.0,1370.0,True,North Central Coast,3,992000,196802.45,112
Quảng Nam,2025-Q3,2025,3,189.4549543690827,170.7480220394226,7.272427440633245,25772.0,2433.0,True,South Central Coast,2,1697000,285182.69,141
Quảng Ngãi,2025-Q3,2025,3,201.5242469985161,177.8696837312829,8.350802644003776,14826.0,1688.0,True,South Central Coast,2,1355000,314135.66,239
Quảng Ninh,2025-Q3,2025,3,181.8321416492189,153.34400475116766,8.09896923820261,24836.0,1580.0,True,Northeast,1,1387000,699887.25,214
Quảng Trị,2025-Q3,2025,3,181.88389711729624,166.7746545725646,6.729373757455268,8048.0,1132.0,True,North Central Coast,3,687000,238707.87,137
Sóc Trăng,2025-Q3,2025,3,211.914668643222,188.3652783420419,7.105677214818294,17033.0,2111.0,True,Mekong Delta,3,1256000,253301.38,362
Sơn La,2025-Q3,2025,3,174.31708168942842,151.09430450177035,9.19634125779801,11862.0,2018.0,True,Northwest,4,1356000,158468.58,88
Thanh Hóa,2025-Q3,2025,3,172.72986065446477,151.54187622850804,8.109417637271214,45075.0,5600.0,True,North Central Coast,3,3689000,217499.22,328
Thái Bình,2025-Q3,2025,3,170.90755092728264,151.987452128773,6.634738560723406,23887.0,2221.0,True,Red River Delta,4,1934000,186783.7,1173
Thái Nguyên,2025-Q3,2025,3,206.24624949328603,175.09791110336963,5.9874904991132505,31576.0,3231.0,True,Northeast,3,1356000,227542.08,365
Thừa Thiên Huế,2025-Q3,2025,3,196.53352057753935,171.99878522305838,6.822093400064811,27773.0,1890.0,True,North Central Coast,2,1257000,274484.12,230
Tiền Giang,2025-Q3,2025,3,197.89511023457717,175.6515751314801,5.363302445947074,23958.0,2833.0,True,Mekong Delta,1,1898000,337838.5,703
Trà Vinh,2025-Q3,2025,3,183.79883794595474,160.91983280267775,6.652053228835007,12249.0,1689.0,True,Mekong Delta,3,1067000,237885.11,428
Tuyên Quang,2025-Q3,2025,3,190.90429015461027,173.2330171433149,6.990707362012337,12483.0,2116.0,True,Northeast,4,1056000,174037.61,134
Tây Ninh,2025-Q3,2025,3,208.6176041470714,181.70560538691748,6.0497648567764,23390.0,2371.0,True,Southeast,1,1207000,362573.14,289
Vĩnh Long,2025-Q3,2025,3,228.45586234539624,191.56786280348146,6.43752863032524,17464.0,1722.0,True,Mekong Delta,2,1100000,300161.23,670
Vĩnh Phúc,2025-Q3,2025,3,182.43667556144158,160.44035791371977,5.690044802614895,35489.0,2318.0,True,Red River Delta,1,1296000,356494.89,932
Yên Bái,2025-Q3,2025,3,175.6570931656462,156.82344199900712,7.509597881846765,12086.0,1939.0,True,Northwest,4,950000,164865.75,119
Điện Biên,2025-Q3,2025,3,174.8839786885246,158.55093114754098,11.05528233151184,10980.0,1226.0,True,Northwest,4,705000,141953.51,63
Đà Nẵng,2025-Q3,2025,3,224.84382178962318,184.89676939036957,4.715640404377976,71814.0,769.0,True,South Central Coast,1,1294000,429834.96,883
Đắk Lắk,2025-Q3,2025,3,213.8487612092272,186.53178575190478,13.319125030722235,28481.0,3300.0,True,Central Highlands,3,2016000,228316.6,143
Đắk Nông,2025-Q3,2025,3,204.7001926205118,181.5106027573894,15.718111485816307,10082.0,1545.0,True,Central Highlands,2,670000,268062.84,96
Đồng Nai,2025-Q3,2025,3,217.0343130149163,179.9376421277426,5.682508021854132,92248.0,4451.0,True,Southeast,2,3227000,311341.31,528
Đồng Tháp,2025-Q3,2025,3,217.808453102674,188.49580791998366,6.909420289855072,19596.0,2120.0,True,Mekong Delta,3,1838000,200156.92,473
An Giang,2025-Q4,2025,4,233.80032225751282,206.71917238490803,7.215769083103557,28651.0,2463.0,True,Mekong Delta,1,2057000,338704.14,540
Bà Rịa–Vũng Tàu,2025-Q4,2025,4,238.50600358763322,194.99060006331118,5.787633217262847,47385.0,1866.0,True,Southeast,1,1303000,3286254.54,580
Bình Dương,2025-Q4,2025,4,251.29450829547136,201.883513567679,5.0340814630091435,87819.0,2687.0,True,Southeast,2,2564000,327276.61,901
Bình Phước,2025-Q4,2025,4,204.41407929378968,176.84967012544527,6.626658406896908,19371.0,2516.0,True,Southeast,2,1313000,322186.39,145
Bình Thuận,2025-Q4,2025,4,222.93327909399773,180.54784670441677,11.835469988674971,22075.0,2061.0,True,South Central Coast,2,1498000,276055.5,155
Bình Định,2025-Q4,2025,4,221.7094096300764,184.7409437407854,11.638319260152794,29844.0,2275.0,True,South Central Coast,2,1679000,275959.91,245
Bạc Liêu,2025-Q4,2025,4,204.98022658175842,180.04770275267052,7.847062448644207,9736.0,1311.0,True,Mekong Delta,2,1105000,330710.59,340
Bắc Giang,2025-Q4,2025,4,196.19225179692822,160.98347786941062,6.276272981765907,26434.0,2891.0,True,Northeast,4,1884000,170576.83,463
Bắc Kạn,2025-Q4,2025,4,200.4943133126935,179.51855541795666,7.267905056759546,4845.0,988.0,True,Northeast,4,338000,157823.59,65
Bắc Ninh,2025-Q4,2025,4,209.51300364540998,167.67679031503238,5.501120717259046,40599.0,1903.0,True,Red River Delta,1,1447000,397659.74,1664
Bến Tre,2025-Q4,2025,4,212.72814441081414,181.3872106397168,6.180936746524393,19493.0,2691.0,True,Mekong Delta,2,1331000,266077.85,538
Cao Bằng,2025-Q4,2025,4,200.3337703409091,173.06986954545454,8.640681818181818,8800.0,1363.0,True,Northeast,4,576000,139741.61,79
Cà Mau,2025-Q4,2025,4,230.75998509006817,204.01117076436222,8.894900194741966,16432.0,2515.0,True,Mekong Delta,2,1369000,278868.61,229
Côn Đảo,2025-Q4,2025,4,185.54601946107783,163.48132634730538,10.482035928143713,668.0,41.0,True,Southeast,1,1303000,3286254.54,580
Cần Thơ,2025-Q4,2025,4,241.9366261709148,201.27684613681157,5.958146023872268,45157.0,2119.0,True,Mekong Delta,1,1456000,559273.75,858
Gia Lai,2025-Q4,2025,4,222.37384473556526,180.87854736778263,10.311984473556526,16488.0,2120.0,True,Central Highlands,2,1586000,270072.84,98
Ho Chi Minh,2025-Q4,2025,4,260.3405506791519,203.73715599157558,4.559423641438075,581166.0,3260.0,True,Southeast,1,9125000,638474.09,4363
Hà Giang,2025-Q4,2025,4,218.33068847463701,174.40335293063274,9.244846746728804,11158.0,1452.0,True,Northeast,4,910000,96812.43,108
Hà Nam,2025-Q4,2025,4,180.2851124225435,155.5476852070424,6.249778695780466,20334.0,1574.0,True,Red River Delta,4,945000,190452.63,989
Hà Nội,2025-Q4,2025,4,221.8348222611635,176.46456672206764,5.015552424194979,498186.0,6439.0,True,Red River Delta,1,8146000,350473.82,2398
Hà Tĩnh,2025-Q4,2025,4,185.46309729119636,158.02562550790066,11.522648607975922,13290.0,2048.0,True,North Central Coast,4,1402000,189147.47,215
Hòa Bình,2025-Q4,2025,4,196.11038108786613,167.2899910181311,6.164239888423989,17925.0,2241.0,True,Northwest,3,979000,209319.85,186
Hưng Yên,2025-Q4,2025,4,204.06992517917902,165.89306135524507,5.9001303120249045,27626.0,1706.0,True,Red River Delta,3,1340000,223672.16,1347
Hải Dương,2025-Q4,2025,4,199.7174562826267,163.18877826363337,5.887831564348044,51913.0,3390.0,True,Red River Delta,3,2003000,224577.11,1134
Hải Phòng,2025-Q4,2025,4,222.74881954666705,173.84473033252797,5.685250617990866,71603.0,2039.0,True,Red River Delta,1,2138000,343860.47,1299
Hậu Giang,2025-Q4,2025,4,227.22748150666305,192.35252638020125,7.041745988577645,7354.0,1239.0,True,Mekong Delta,2,853000,262983.34,452
Khánh Hòa,2025-Q4,2025,4,227.54137444086496,182.68096783090365,12.391128004264491,43147.0,1661.0,True,South Central Coast,1,1371000,373474.5,240
Kiên Giang,2025-Q4,2025,4,198.29445991890967,177.25667583410677,10.001123540618435,20471.0,2464.0,True,Mekong Delta,1,1789000,387388.18,271
Kon Tum,2025-Q4,2025,4,229.2208098715348,188.9453598377282,8.406490872210954,7395.0,969.0,True,Central Highlands,4,589000,185404.4,56
Lai Châu,2025-Q4,2025,4,178.2186798941799,155.50782506613757,10.301587301587302,3024.0,600.0,True,Northwest,4,527000,96644.48,51
Long An,2025-Q4,2025,4,220.83327429333636,184.6998304007265,5.311102281757294,35236.0,3403.0,True,Mekong Delta,1,1730000,358440.58,376
Lào Cai,2025-Q4,2025,4,207.27487194226225,160.20087839305103,10.020949096250877,15657.0,1559.0,True,Northwest,3,898000,247234.74,115
Lâm Đồng,2025-Q4,2025,4,241.61930755996357,193.77957934419592,13.102494686772594,39524.0,2976.0,True,Central Highlands,2,1390000,297641.14,133
Lạng Sơn,2025-Q4,2025,4,201.9945081128748,168.89791887125222,8.095238095238095,11340.0,1559.0,True,Northeast,4,828000,196710.43,94
Nam Định,2025-Q4,2025,4,181.45565771034973,152.77548494744968,7.326880826554243,33682.0,2854.0,True,Red River Delta,4,1852000,170177.51,1067
Nghệ An,2025-Q4,2025,4,192.45709125676765,163.38110966478516,9.440364013362515,43405.0,4804.0,True,North Central Coast,3,3399000,212576.95,202
Ninh Bình,2025-Q4,2025,4,192.29899233128836,173.6769441420938,6.4851078567187805,20212.0,1785.0,True,Red River Delta,3,1102000,221438.82,708
Ninh Thuận,2025-Q4,2025,4,239.28110266640715,189.88545124562089,10.427987543791359,10276.0,758.0,True,South Central Coast,3,720000,214609.28,176
Phú Thọ,2025-Q4,2025,4,198.1565231710054,165.0978431889587,6.472452872531418,35648.0,4062.0,True,Northeast,4,1515000,171183.41,414
Phú Yên,2025-Q4,2025,4,215.57775637467475,182.67941101474415,10.856461405030355,11530.0,1238.0,True,South Central Coast,3,1056000,227067.72,174
Quảng Bình,2025-Q4,2025,4,183.3116435755089,153.83671357309518,11.02172338884866,12429.0,1353.0,True,North Central Coast,3,992000,196802.45,112
Quảng Nam,2025-Q4,2025,4,201.99426006045377,177.87929738883426,7.611457081466915,27459.0,2585.0,True,South Central Coast,2,1697000,285182.69,141
Quảng Ngãi,2025-Q4,2025,4,213.9124358505516,185.67731419516062,9.555677454744925,16407.0,1770.0,True,South Central Coast,2,1355000,314135.66,239
Quảng Ninh,2025-Q4,2025,4,201.9375559621351,166.11980260122505,7.913928883939225,25142.0,1610.0,True,Northeast,1,1387000,699887.25,214
Quảng Trị,2025-Q4,2025,4,191.08120100134326,166.7590373671999,7.057149835144706,8189.0,1205.0,True,North Central Coast,3,687000,238707.87,137
Sóc Trăng,2025-Q4,2025,4,214.75822067571468,188.33603205313312,6.9013572047357785,17315.0,2343.0,True,Mekong Delta,3,1256000,253301.38,362
Sơn La,2025-Q4,2025,4,178.91101452145213,150.11026857352402,9.074294096076274,13635.0,2128.0,True,Northwest,4,1356000,158468.58,88
Thanh Hóa,2025-Q4,2025,4,189.95299261450535,158.57427847540853,8.225891491588182,49692.0,5789.0,True,North Central Coast,3,3689000,217499.22,328
Thái Bình,2025-Q4,2025,4,187.0152818586221,163.07556895069345,6.759672535606145,26751.0,2360.0,True,Red River Delta,4,1934000,186783.7,1173
Thái Nguyên,2025-Q4,2025,4,225.7820583397147,184.52735931251596,6.503814628889078,35259.0,3331.0,True,Northeast,3,1356000,227542.08,365
Thừa Thiên Huế,2025-Q4,2025,4,212.83827286196677,182.1363457032596,7.27255185721177,29022.0,1851.0,True,North Central Coast,2,1257000,274484.12,230
Tiền Giang,2025-Q4,2025,4,217.17412989317265,189.46905537278676,5.1836395224189555,27053.0,2929.0,True,Mekong Delta,1,1898000,337838.5,703
Trà Vinh,2025-Q4,2025,4,201.1499687377268,170.75818780928444,6.543633650145314,12731.0,1770.0,True,Mekong Delta,3,1067000,237885.11,428
Tuyên Quang,2025-Q4,2025,4,201.60830342375124,174.38368086338076,6.812272576910354,12092.0,2218.0,True,Northeast,4,1056000,174037.61,134
Tây Ninh,2025-Q4,2025,4,233.91301103633916,197.6240845606614,6.206460296096904,26005.0,2494.0,True,Southeast,1,1207000,362573.14,289
Vĩnh Long,2025-Q4,2025,4,241.3889592546159,199.81532835650788,6.89075678139959,17548.0,1727.0,True,Mekong Delta,2,1100000,300161.23,670
Vĩnh Phúc,2025-Q4,2025,4,198.835963167392,163.89193968262393,5.544342426494003,37684.0,2332.0,True,Red River Delta,1,1296000,356494.89,932
Yên Bái,2025-Q4,2025,4,191.6503916704597,168.69754673038994,7.582991958731604,13182.0,1987.0,True,Northwest,4,950000,164865.75,119
Điện Biên,2025-Q4,2025,4,202.18525928668396,171.55796976428482,10.981118104405775,8103.0,1098.0,True,Northwest,4,705000,141953.51,63
Đà Nẵng,2025-Q4,2025,4,245.931643509517,196.6113161072452,4.844670998772002,78176.0,760.0,True,South Central Coast,1,1294000,429834.96,883
Đắk Lắk,2025-Q4,2025,4,229.6552155787164,196.83011292740903,13.224830864874749,27345.0,3199.0,True,Central Highlands,3,2016000,228316.6,143
Đắk Nông,2025-Q4,2025,4,208.97573654884206,185.8822825178478,16.315340414417552,11486.0,1748.0,True,Central Highlands,2,670000,268062.84,96
Đồng Nai,2025-Q4,2025,4,246.8382067912325,195.41199261271163,5.757920990890068,94622.0,4575.0,True,Southeast,2,3227000,311341.31,528
Đồng Tháp,2025-Q4,2025,4,227.05258685757633,198.28657898729375,6.857955622985018,21092.0,2208.0,True,Mekong Delta,3,1838000,200156.92,473
