province,quarter,year,quarter.1,avg_d_mbps,avg_u_mbps,avg_lat_ms_wt,total_tests,n_tiles,is_reliable,region,internet_tier,pop_2024,gdp_per_capita_raw_2021,density_per_km2,gdp_per_capita_usd_ppp_2021,gdp_per_capita_thb_2021
Amnat Charoen,2023-Q1,2023,1,185.4800564516129,168.34802801358234,14.376910016977927,2356.0,469.0,True,Northeastern,4,372000,77048,113,7939.27,253897.82
Ang Thong,2023-Q1,2023,1,226.0136555269923,196.83846101113969,5.186803770351328,3501.0,559.0,True,Central,3,269000,142287,283,14661.7,468881.2
Bangkok Metropolis,2023-Q1,2023,1,255.9619411352668,211.53901028337148,6.082225418943011,505379.0,3744.0,True,Bangkok & Vicinity,1,5456000,593927,3488,61200.11,1957179.52
Bueng Kan,2023-Q1,2023,1,202.24225503597123,176.29241366906476,11.10179856115108,2780.0,536.0,True,Northeastern,4,419000,80159,105,8259.84,264149.56
Buri Ram,2023-Q1,2023,1,188.5919036425624,168.8666518930558,7.4764040911537775,11146.0,1730.0,True,Northeastern,4,1566000,80684,155,8313.93,265879.6
Chachoengsao,2023-Q1,2023,1,227.81926419634263,189.2062725911667,6.293284140733611,18702.0,2052.0,True,Eastern,2,733000,400385,142,41256.93,1319396.7
Chai Nat,2023-Q1,2023,1,216.57552432843383,190.06740293968576,10.767866193613786,3946.0,711.0,True,Central,3,314000,135667,131,13979.56,447066.18
Chaiyaphum,2023-Q1,2023,1,219.14216574503064,185.3903510685996,7.78897025855627,6691.0,1144.0,True,Northeastern,4,1106000,73134,88,7535.96,240999.93
Chanthaburi,2023-Q1,2023,1,218.98471099983024,188.87890230860637,7.808606348667459,11782.0,1592.0,True,Eastern,2,536000,243317,83,25072.15,801807.38
Chiang Mai,2023-Q1,2023,1,224.90011334822597,185.82618339667528,11.004888450491746,68938.0,4004.0,True,Northern,2,1799000,133306,79,13736.27,439285.93
Chiang Rai,2023-Q1,2023,1,207.2443100703443,178.82164823213623,13.01897445390596,21608.0,2598.0,True,Northern,3,1298000,90203,112,9294.8,297247.75
Chon Buri,2023-Q1,2023,1,229.6530771665694,185.29653540799063,5.248266447726351,101093.0,3763.0,True,Eastern,1,1636000,524002,363,53994.82,1726754.27
Chumphon,2023-Q1,2023,1,195.65002391337043,170.95805309069033,9.961648368175666,6649.0,1176.0,True,Southern,2,508000,259853,84,26776.07,856298.79
Kalasin,2023-Q1,2023,1,196.12140765069557,162.7751632534776,6.398763523956723,5176.0,1040.0,True,Northeastern,4,962000,77397,139,7975.23,255047.88
Kamphaeng Phet,2023-Q1,2023,1,195.8092878683082,176.58678821413753,8.985475169456356,7229.0,1174.0,True,Northern,3,701000,141987,82,14630.79,467892.6
Kanchanaburi,2023-Q1,2023,1,212.05705614468332,182.31456289947704,6.40979081929111,13768.0,1930.0,True,Western,3,896000,127365,46,13124.09,419708.43
Khon Kaen,2023-Q1,2023,1,222.47339150924063,185.8220022947998,5.913125435397287,24403.0,2248.0,True,Northeastern,3,1772000,124489,166,12827.74,410231.09
Krabi,2023-Q1,2023,1,156.8883374760197,137.995930519643,11.094920343648344,11989.0,958.0,True,Southern,2,484000,168552,91,17368.13,555432.78
Lampang,2023-Q1,2023,1,224.4685283975659,192.2299236815416,7.791497633536173,11832.0,1338.0,True,Northern,3,704000,104754,56,10794.18,345197.95
Lamphun,2023-Q1,2023,1,225.9788710024187,191.31495968825587,6.074979844127923,7442.0,933.0,True,Northern,2,397000,226464,89,23335.56,746271.35
Loei,2023-Q1,2023,1,224.65183018867924,194.649658477903,9.603267063441812,7897.0,966.0,True,Northeastern,4,632000,105205,60,10840.65,346684.14
Lop Buri,2023-Q1,2023,1,230.3687963876652,190.01155022026435,6.306079295154185,11350.0,1409.0,True,Central,3,725000,142287,111,14661.7,468881.2
Mae Hong Son,2023-Q1,2023,1,125.86733911281245,112.9296286872326,176.89394280567438,4441.0,479.0,True,Northern,4,288000,65653,23,6765.09,216347.64
Maha Sarakham,2023-Q1,2023,1,216.8984441103412,183.90995934109037,7.634462021179239,7649.0,1103.0,True,Northeastern,4,930000,85228,165,8782.16,280853.53
Mukdahan,2023-Q1,2023,1,180.04258561744768,152.33270615974064,8.811671087533156,3393.0,538.0,True,Northeastern,4,351000,67203,85,6924.81,221455.39
Nakhon Nayok,2023-Q1,2023,1,202.53277405759775,169.94582814329195,7.904472020604074,4271.0,880.0,True,Eastern,3,260000,115666,121,11918.59,381156.48
Nakhon Pathom,2023-Q1,2023,1,252.73262060447948,205.6167649524021,4.835280730482085,36031.0,2455.0,True,Bangkok & Vicinity,2,926000,297901,432,30696.66,981679.12
Nakhon Phanom,2023-Q1,2023,1,192.05357022603272,164.7311215900234,9.286671862821512,6415.0,989.0,True,Northeastern,4,711000,87122,125,8977.33,287094.87
Nakhon Ratchasima,2023-Q1,2023,1,220.87079543037945,189.8802229829612,5.6789854508675015,38559.0,4410.0,True,Northeastern,3,2620000,126119,126,12995.7,415602.46
Nakhon Sawan,2023-Q1,2023,1,206.49478730566776,184.7892236503856,7.6911494674990815,16338.0,1720.0,True,Northern,3,1014000,119856,106,12350.34,394963.87
Nakhon Si Thammarat,2023-Q1,2023,1,232.9547362161708,205.70065956463276,9.038493864515043,23796.0,2879.0,True,Southern,3,1535000,122494,154,12622.17,403656.93
Nan,2023-Q1,2023,1,187.15860789252727,161.33314122586063,29.462804366078924,5955.0,779.0,True,Northern,4,471000,81233,39,8370.5,267688.73
Narathiwat,2023-Q1,2023,1,192.121936353211,165.75810865825687,13.187786697247706,3488.0,549.0,True,Southern,4,824000,61787,183,6366.73,203607.94
Nong Bua Lam Phu,2023-Q1,2023,1,171.64849474632243,149.61658751125788,9.191233863704593,3331.0,774.0,True,Northeastern,4,504000,63568,123,6550.25,209476.9
Nong Khai,2023-Q1,2023,1,195.47407614014483,166.0884153454688,8.538657271481698,5109.0,800.0,True,Northeastern,4,512000,97617,156,10058.76,321679.25
Nonthaburi,2023-Q1,2023,1,277.975772710161,226.09302493754203,5.92625971092529,87659.0,1284.0,True,Bangkok & Vicinity,1,1318000,193641,2069,19953.38,638109.06
Pathum Thani,2023-Q1,2023,1,265.6443895936215,216.2854806660721,5.238875504146312,75127.0,2196.0,True,Bangkok & Vicinity,1,1236000,230401,813,23741.25,759245.02
Pattani,2023-Q1,2023,1,181.55260553709857,155.59016212624584,11.666666666666666,4515.0,558.0,True,Southern,4,741000,78131,375,8050.86,257466.65
Phangnga,2023-Q1,2023,1,169.29980496350365,154.88903299270072,12.32963503649635,6850.0,866.0,True,Southern,2,266000,194282,49,20019.43,640221.36
Phatthalung,2023-Q1,2023,1,206.7046957189901,176.8377249176729,9.601536772777168,4555.0,769.0,True,Southern,3,519000,81529,135,8401.01,268664.14
Phayao,2023-Q1,2023,1,195.0703821714991,170.7655948488587,11.31014805675509,6484.0,830.0,True,Northern,3,455000,96550,74,9948.82,318163.15
Phetchabun,2023-Q1,2023,1,190.2342653971133,172.67328255119776,10.734754024030831,13233.0,1599.0,True,Northern,3,961000,88485,75,9117.77,291586.39
Phetchaburi,2023-Q1,2023,1,227.1117674072605,186.55962289228327,5.829101368776037,10082.0,1267.0,True,Western,3,484100,144370,76,14876.34,475745.35
Phichit,2023-Q1,2023,1,197.9711189396582,181.00815660969653,7.976107429368678,5734.0,853.0,True,Northern,3,517000,93950,120,9680.9,309595.31
Phitsanulok,2023-Q1,2023,1,201.83067955356117,176.71118593947762,6.24283741801864,17382.0,1498.0,True,Northern,3,839000,113013,78,11645.22,372414.0
Phra Nakhon Si Ayutthaya,2023-Q1,2023,1,226.47888816475492,188.6684965676052,4.882777198470629,23016.0,1865.0,True,Central,1,823000,468579,323,48283.86,1544117.75
Phrae,2023-Q1,2023,1,221.7472940383968,188.61448905355337,9.48012798922196,5938.0,648.0,True,Northern,3,422000,82755,65,8527.34,272704.21
Phuket,2023-Q1,2023,1,183.20750288661063,147.07622891541513,9.501407351098145,48673.0,841.0,True,Southern,1,430000,165343,786,17037.46,544858.1
Prachin Buri,2023-Q1,2023,1,223.0297950310559,189.98403940535587,8.260971387842378,9821.0,1214.0,True,Eastern,1,501000,490499,100,50542.56,1616351.17
Prachuap Khiri Khan,2023-Q1,2023,1,204.48362412617715,172.92758276041369,8.350857935178231,17309.0,1561.0,True,Western,2,552000,192326,87,19817.88,633775.72
Ranong,2023-Q1,2023,1,221.66320835224693,191.7559582387653,9.18656377666818,2203.0,288.0,True,Southern,3,193000,105256,59,10845.91,346852.2
Ratchaburi,2023-Q1,2023,1,238.43882553537543,197.28581669829225,5.128598536188669,18445.0,2126.0,True,Western,2,864000,221383,167,22812.0,729527.83
Rayong,2023-Q1,2023,1,244.63319311728307,206.32109140225467,5.520018082671715,35393.0,2735.0,True,Eastern,1,782000,955119,213,98418.47,3147422.75
Roi Et,2023-Q1,2023,1,204.71951882338695,172.67683246580316,6.602469434693137,8261.0,1250.0,True,Northeastern,4,1276000,78688,162,8108.26,259302.14
Sa Kaeo,2023-Q1,2023,1,199.26889260385005,173.62615349544072,9.53596757852077,5922.0,846.0,True,Eastern,4,562000,73744,80,7598.81,243010.08
Sakon Nakhon,2023-Q1,2023,1,207.12948854961832,173.46352907498877,8.032442748091603,8908.0,1344.0,True,Northeastern,4,1138000,72117,118,7431.16,237648.59
Samut Prakan,2023-Q1,2023,1,270.0209409615035,221.41318310786272,5.640264663155984,88112.0,1627.0,True,Bangkok & Vicinity,1,1381000,283160,1458,29177.7,933102.81
Samut Sakhon,2023-Q1,2023,1,251.3614275406761,204.3821224791659,5.165590389263682,27719.0,1260.0,True,Bangkok & Vicinity,1,591000,391442,682,40335.42,1289926.65
Samut Songkhram,2023-Q1,2023,1,235.1358289099526,195.07835331753557,6.104028436018957,4220.0,402.0,True,Western,2,187000,160089,452,16496.08,527544.48
Saraburi,2023-Q1,2023,1,239.0461072566372,196.9520422418879,5.419587020648968,16950.0,1849.0,True,Central,1,639000,323556,182,33340.23,1066220.56
Satun,2023-Q1,2023,1,144.3105111317254,135.9065185528757,9.388064316635743,3234.0,400.0,True,Southern,3,325000,113481,108,11693.44,373956.21
Si Sa Ket,2023-Q1,2023,1,185.3432085485537,161.66413623450416,11.333548553719009,7744.0,1461.0,True,Northeastern,4,1442000,83332,161,8586.79,274605.61
Sing Buri,2023-Q1,2023,1,239.99629244031829,215.41932228116715,6.553050397877984,3016.0,446.0,True,Central,3,200000,142428,245,14676.23,469345.84
Songkhla,2023-Q1,2023,1,208.41915791583165,177.69816279832392,8.406740754235745,27445.0,2015.0,True,Southern,2,1431000,145123,185,14953.93,478226.73
Sukhothai,2023-Q1,2023,1,171.8837041244752,159.32067436404049,8.971350950852063,8098.0,1002.0,True,Northern,3,573000,80170,86,8260.97,264185.8
Suphan Buri,2023-Q1,2023,1,248.9256446165192,215.09422227138643,6.353171091445428,13560.0,1837.0,True,Western,3,822000,107792,152,11107.23,355209.13
Surat Thani,2023-Q1,2023,1,205.09322642165677,174.5093728769347,9.582632890846908,34502.0,3101.0,True,Southern,2,1077000,154835,81,15954.69,510230.87
Surin,2023-Q1,2023,1,200.44608104989905,188.2545176425344,8.40342274781271,10401.0,1738.0,True,Northeastern,4,1360000,81675,153,8416.05,269145.26
Tak,2023-Q1,2023,1,145.4207987838585,125.04498728579324,16.60995024875622,9045.0,893.0,True,Northern,3,699000,114952,40,11845.02,378803.63
Trang,2023-Q1,2023,1,197.8022251404281,173.08384681949292,10.754820100197358,6587.0,932.0,True,Southern,3,635000,109656,134,11299.3,361351.61
Trat,2023-Q1,2023,1,173.58056596888804,147.60773074707123,8.65277511042827,5207.0,646.0,True,Eastern,2,227000,160025,77,16489.48,527333.58
Ubon Ratchathani,2023-Q1,2023,1,228.21336263881545,191.3863388418826,10.712585933368588,15128.0,1946.0,True,Northeastern,4,1868000,78275,119,8065.7,257941.17
Udon Thani,2023-Q1,2023,1,231.16590568286472,193.671019665204,6.399100709680915,18459.0,2194.0,True,Northeastern,4,1552000,90818,140,9358.17,299274.37
Uthai Thani,2023-Q1,2023,1,180.53951587982837,164.798391130186,8.970815450643777,3495.0,557.0,True,Northern,3,320000,101640,48,10473.31,334936.33
Uttaradit,2023-Q1,2023,1,218.98938854019036,189.3418750759263,9.378214213403522,4939.0,807.0,True,Northern,3,436000,103567,55,10671.87,341286.41
Yala,2023-Q1,2023,1,195.8565899355376,170.25491120815138,11.969640257849864,4809.0,461.0,True,Southern,4,553000,105453,124,10866.21,347501.38
Yasothon,2023-Q1,2023,1,203.2448632016632,178.13509563409562,12.834927234927235,2405.0,544.0,True,Northeastern,4,525000,70327,127,7246.72,231749.97
Amnat Charoen,2023-Q2,2023,2,195.55479351687387,171.72488721136767,13.94582593250444,2252.0,439.0,True,Northeastern,4,372000,77048,113,7939.27,253897.82
Ang Thong,2023-Q2,2023,2,226.24628500727803,200.1617618631732,5.609315866084425,3435.0,562.0,True,Central,3,269000,142287,283,14661.7,468881.2
Bangkok Metropolis,2023-Q2,2023,2,257.5835053145773,214.551608111666,6.114007202149765,459585.0,3739.0,True,Bangkok & Vicinity,1,5456000,593927,3488,61200.11,1957179.52
Bueng Kan,2023-Q2,2023,2,169.75357970492985,151.13595789852465,10.356243252968694,2779.0,589.0,True,Northeastern,4,419000,80159,105,8259.84,264149.56
Buri Ram,2023-Q2,2023,2,188.85024130240856,165.85370044603033,8.581534344335415,11210.0,1819.0,True,Northeastern,4,1566000,80684,155,8313.93,265879.6
Chachoengsao,2023-Q2,2023,2,220.0514194802537,185.63265730509517,6.470943319009617,19548.0,2023.0,True,Eastern,2,733000,400385,142,41256.93,1319396.7
Chai Nat,2023-Q2,2023,2,211.6808262350937,187.32908290743896,10.619818285065303,3522.0,686.0,True,Central,3,314000,135667,131,13979.56,447066.18
Chaiyaphum,2023-Q2,2023,2,202.8146352770735,175.5915795001811,8.432452010141253,5522.0,1183.0,True,Northeastern,4,1106000,73134,88,7535.96,240999.93
Chanthaburi,2023-Q2,2023,2,201.66346422093983,176.3889494641385,8.069909315746084,12130.0,1699.0,True,Eastern,2,536000,243317,83,25072.15,801807.38
Chiang Mai,2023-Q2,2023,2,230.0137979962047,190.2677943134669,12.303126306648226,62182.0,3913.0,True,Northern,2,1799000,133306,79,13736.27,439285.93
Chiang Rai,2023-Q2,2023,2,205.17039425784392,179.23116733708767,13.633598149637972,19888.0,2439.0,True,Northern,3,1298000,90203,112,9294.8,297247.75
Chon Buri,2023-Q2,2023,2,233.1581504032301,190.49768800403768,5.075470077209712,93123.0,3758.0,True,Eastern,1,1636000,524002,363,53994.82,1726754.27
Chumphon,2023-Q2,2023,2,198.8966266055046,174.9825712538226,8.973700305810398,6540.0,1170.0,True,Southern,2,508000,259853,84,26776.07,856298.79
Kalasin,2023-Q2,2023,2,198.0572791392708,165.80239191073915,6.751942618051404,5019.0,1103.0,True,Northeastern,4,962000,77397,139,7975.23,255047.88
Kamphaeng Phet,2023-Q2,2023,2,203.9497538483265,178.99422623923172,9.421691851433414,7081.0,1196.0,True,Northern,3,701000,141987,82,14630.79,467892.6
Kanchanaburi,2023-Q2,2023,2,209.3280275845134,182.74026553163625,6.409593189817468,12217.0,1844.0,True,Western,3,896000,127365,46,13124.09,419708.43
Khon Kaen,2023-Q2,2023,2,226.34345858091572,186.86388273331,5.382777001048584,22888.0,2218.0,True,Northeastern,3,1772000,124489,166,12827.74,410231.09
Krabi,2023-Q2,2023,2,185.3482846571288,163.38072977306365,11.322150962012827,8108.0,911.0,True,Southern,2,484000,168552,91,17368.13,555432.78
Lampang,2023-Q2,2023,2,221.72816076115487,187.44699643794524,9.7461567304087,10668.0,1297.0,True,Northern,3,704000,104754,56,10794.18,345197.95
Lamphun,2023-Q2,2023,2,222.7506488621997,191.3919984197219,9.53429203539823,6328.0,911.0,True,Northern,2,397000,226464,89,23335.56,746271.35
Loei,2023-Q2,2023,2,220.7457485242031,185.61254991473172,9.44706808343172,7623.0,988.0,True,Northeastern,4,632000,105205,60,10840.65,346684.14
Lop Buri,2023-Q2,2023,2,229.53498210735583,191.31810428339057,5.780769925899151,11066.0,1462.0,True,Central,3,725000,142287,111,14661.7,468881.2
Mae Hong Son,2023-Q2,2023,2,127.04315981618586,117.81670232320654,154.54940005105948,3917.0,417.0,True,Northern,4,288000,65653,23,6765.09,216347.64
Maha Sarakham,2023-Q2,2023,2,209.83664871659167,180.4876479227309,7.906324424450913,7558.0,1071.0,True,Northeastern,4,930000,85228,165,8782.16,280853.53
Mukdahan,2023-Q2,2023,2,187.22155975609755,158.23200670731708,9.06280487804878,3280.0,589.0,True,Northeastern,4,351000,67203,85,6924.81,221455.39
Nakhon Nayok,2023-Q2,2023,2,196.9759964330676,165.33710679815357,8.144355853965589,4766.0,852.0,True,Eastern,3,260000,115666,121,11918.59,381156.48
Nakhon Pathom,2023-Q2,2023,2,257.35234669868674,213.9463781918774,5.12676313229572,32896.0,2410.0,True,Bangkok & Vicinity,2,926000,297901,432,30696.66,981679.12
Nakhon Phanom,2023-Q2,2023,2,184.446425625,156.20480156250002,9.3040625,6400.0,999.0,True,Northeastern,4,711000,87122,125,8977.33,287094.87
Nakhon Ratchasima,2023-Q2,2023,2,225.4771461532404,191.85252266582668,6.538310103157729,38097.0,4419.0,True,Northeastern,3,2620000,126119,126,12995.7,415602.46
Nakhon Sawan,2023-Q2,2023,2,218.014234521576,193.17281898169117,7.631429125962347,15457.0,1754.0,True,Northern,3,1014000,119856,106,12350.34,394963.87
Nakhon Si Thammarat,2023-Q2,2023,2,234.13293420461915,209.2789001346835,7.655010724796727,20047.0,2875.0,True,Southern,3,1535000,122494,154,12622.17,403656.93
Nan,2023-Q2,2023,2,189.374544179297,173.6523940664302,31.446307642695903,6202.0,736.0,True,Northern,4,471000,81233,39,8370.5,267688.73
Narathiwat,2023-Q2,2023,2,212.01522935022027,180.69658149779733,15.48761013215859,3632.0,581.0,True,Southern,4,824000,61787,183,6366.73,203607.94
Nong Bua Lam Phu,2023-Q2,2023,2,170.64346225050622,153.74067168064798,7.616430431009546,3457.0,740.0,True,Northeastern,4,504000,63568,123,6550.25,209476.9
Nong Khai,2023-Q2,2023,2,186.64807666214384,158.6010275893261,8.571008593396654,4422.0,783.0,True,Northeastern,4,512000,97617,156,10058.76,321679.25
Nonthaburi,2023-Q2,2023,2,280.5941853676452,231.85518872368988,5.957308578810061,78962.0,1294.0,True,Bangkok & Vicinity,1,1318000,193641,2069,19953.38,638109.06
Pathum Thani,2023-Q2,2023,2,266.6259709479228,219.04746522820363,5.204095962551199,68360.0,2234.0,True,Bangkok & Vicinity,1,1236000,230401,813,23741.25,759245.02
Pattani,2023-Q2,2023,2,171.07226770035496,146.23649542312722,10.691014384457311,5353.0,551.0,True,Southern,4,741000,78131,375,8050.86,257466.65
Phangnga,2023-Q2,2023,2,191.842578406633,178.79070710165826,11.705659697188176,5548.0,821.0,True,Southern,2,266000,194282,49,20019.43,640221.36
Phatthalung,2023-Q2,2023,2,205.016073283859,179.8809647495362,9.836270871985157,4312.0,760.0,True,Southern,3,519000,81529,135,8401.01,268664.14
Phayao,2023-Q2,2023,2,185.5927535457727,170.57357248111992,12.55203536562903,5429.0,850.0,True,Northern,3,455000,96550,74,9948.82,318163.15
Phetchabun,2023-Q2,2023,2,197.40166260705587,181.3477119509704,10.252848275320185,12727.0,1500.0,True,Northern,3,961000,88485,75,9117.77,291586.39
Phetchaburi,2023-Q2,2023,2,221.75507869658776,184.28921754278105,5.990060457014038,9759.0,1224.0,True,Western,3,484100,144370,76,14876.34,475745.35
Phichit,2023-Q2,2023,2,194.28241055769905,178.1088090143809,8.528586460890915,5702.0,793.0,True,Northern,3,517000,93950,120,9680.9,309595.31
Phitsanulok,2023-Q2,2023,2,211.7534233635076,187.5025230617649,6.124761376932077,16239.0,1524.0,True,Northern,3,839000,113013,78,11645.22,372414.0
Phra Nakhon Si Ayutthaya,2023-Q2,2023,2,235.01494179097452,196.8465478330432,4.842877982212602,21251.0,1905.0,True,Central,1,823000,468579,323,48283.86,1544117.75
Phrae,2023-Q2,2023,2,218.6205720006965,188.0933952637994,30.48267456033432,5743.0,709.0,True,Northern,3,422000,82755,65,8527.34,272704.21
Phuket,2023-Q2,2023,2,202.8835214368164,161.7293627768922,9.553619523992744,36386.0,833.0,True,Southern,1,430000,165343,786,17037.46,544858.1
Prachin Buri,2023-Q2,2023,2,220.6160639925566,186.84222557634652,8.551121678900031,9673.0,1253.0,True,Eastern,1,501000,490499,100,50542.56,1616351.17
Prachuap Khiri Khan,2023-Q2,2023,2,204.9372023327616,173.20501276157805,8.197461406518011,14575.0,1531.0,True,Western,2,552000,192326,87,19817.88,633775.72
Ranong,2023-Q2,2023,2,195.29537225274723,173.565440018315,9.30631868131868,2184.0,300.0,True,Southern,3,193000,105256,59,10845.91,346852.2
Ratchaburi,2023-Q2,2023,2,232.9608883201776,195.13288486679824,5.244326591021213,16216.0,1993.0,True,Western,2,864000,221383,167,22812.0,729527.83
Rayong,2023-Q2,2023,2,249.4577028209557,212.05229565342543,5.383477259643063,34740.0,2831.0,True,Eastern,1,782000,955119,213,98418.47,3147422.75
Roi Et,2023-Q2,2023,2,198.23453253533685,171.97610632879153,6.833821469502101,7853.0,1362.0,True,Northeastern,4,1276000,78688,162,8108.26,259302.14
Sa Kaeo,2023-Q2,2023,2,204.63290586818104,179.03879177422132,9.365685768370332,5811.0,890.0,True,Eastern,4,562000,73744,80,7598.81,243010.08
Sakon Nakhon,2023-Q2,2023,2,188.43200183506045,160.81178335492228,8.402633851468048,9264.0,1549.0,True,Northeastern,4,1138000,72117,118,7431.16,237648.59
Samut Prakan,2023-Q2,2023,2,268.8750481340385,222.6895623574526,5.631381738890699,79798.0,1626.0,True,Bangkok & Vicinity,1,1381000,283160,1458,29177.7,933102.81
Samut Sakhon,2023-Q2,2023,2,257.6195529148161,215.546979514264,5.2431480814628095,24993.0,1210.0,True,Bangkok & Vicinity,1,591000,391442,682,40335.42,1289926.65
Samut Songkhram,2023-Q2,2023,2,232.28150829646015,192.03676963495576,5.679480088495575,3616.0,391.0,True,Western,2,187000,160089,452,16496.08,527544.48
Saraburi,2023-Q2,2023,2,226.5913351297688,190.9920967238689,5.512905970784286,14102.0,1886.0,True,Central,1,639000,323556,182,33340.23,1066220.56
Satun,2023-Q2,2023,2,150.53254355919583,140.62008749069247,10.806775874906926,2686.0,390.0,True,Southern,3,325000,113481,108,11693.44,373956.21
Si Sa Ket,2023-Q2,2023,2,190.16262234166865,168.4312407104464,10.660317831268989,8558.0,1465.0,True,Northeastern,4,1442000,83332,161,8586.79,274605.61
Sing Buri,2023-Q2,2023,2,222.8196310930576,194.11869497784343,6.152511078286558,2708.0,444.0,True,Central,3,200000,142428,245,14676.23,469345.84
Songkhla,2023-Q2,2023,2,214.30109354381705,183.9178943938474,8.634122647237401,24705.0,1992.0,True,Southern,2,1431000,145123,185,14953.93,478226.73
Sukhothai,2023-Q2,2023,2,199.2622195022992,185.6267750879091,7.804977008385177,7394.0,960.0,True,Northern,3,573000,80170,86,8260.97,264185.8
Suphan Buri,2023-Q2,2023,2,249.23716753888647,219.33148204680916,6.26748073847943,13758.0,1873.0,True,Western,3,822000,107792,152,11107.23,355209.13
Surat Thani,2023-Q2,2023,2,215.25227223314857,180.31880840336132,8.76749508313964,27965.0,2888.0,True,Southern,2,1077000,154835,81,15954.69,510230.87
Surin,2023-Q2,2023,2,182.41073988269792,166.0331861192571,9.224828934506354,10230.0,1735.0,True,Northeastern,4,1360000,81675,153,8416.05,269145.26
Tak,2023-Q2,2023,2,161.7211405841325,139.2282516346992,15.948016564952049,9176.0,905.0,True,Northern,3,699000,114952,40,11845.02,378803.63
Trang,2023-Q2,2023,2,209.2054574451287,178.87390683720196,9.181114795515551,6333.0,918.0,True,Southern,3,635000,109656,134,11299.3,361351.61
Trat,2023-Q2,2023,2,177.85110091939276,153.7094806499893,8.689116955313235,4677.0,637.0,True,Eastern,2,227000,160025,77,16489.48,527333.58
Ubon Ratchathani,2023-Q2,2023,2,227.24282698370996,193.5096361008933,10.473462953231738,15224.0,1902.0,True,Northeastern,4,1868000,78275,119,8065.7,257941.17
Udon Thani,2023-Q2,2023,2,221.39013550800888,189.6780705600374,6.600374137729451,17106.0,2157.0,True,Northeastern,4,1552000,90818,140,9358.17,299274.37
Uthai Thani,2023-Q2,2023,2,194.00242274227423,174.3378712871287,8.314731473147315,3333.0,558.0,True,Northern,3,320000,101640,48,10473.31,334936.33
Uttaradit,2023-Q2,2023,2,217.66500955483173,185.7741324647123,9.15830618892508,4605.0,828.0,True,Northern,3,436000,103567,55,10671.87,341286.41
Yala,2023-Q2,2023,2,185.88551457216133,169.4231879225927,13.77850314758685,4289.0,451.0,True,Southern,4,553000,105453,124,10866.21,347501.38
Yasothon,2023-Q2,2023,2,190.5034158296505,172.04811691442347,12.184813177983123,2489.0,519.0,True,Northeastern,4,525000,70327,127,7246.72,231749.97
Amnat Charoen,2023-Q3,2023,3,210.50592970258785,178.98039127076092,13.512939358825802,2589.0,464.0,True,Northeastern,4,372000,77048,113,7939.27,253897.82
Ang Thong,2023-Q3,2023,3,229.4903220699433,197.82903213610587,5.701086956521739,4232.0,585.0,True,Central,3,269000,142287,283,14661.7,468881.2
Bangkok Metropolis,2023-Q3,2023,3,267.2553379549461,218.04494744892853,6.763583913649708,509923.0,3763.0,True,Bangkok & Vicinity,1,5456000,593927,3488,61200.11,1957179.52
Bueng Kan,2023-Q3,2023,3,184.8648507317073,162.615523902439,10.360975609756098,3075.0,585.0,True,Northeastern,4,419000,80159,105,8259.84,264149.56
Buri Ram,2023-Q3,2023,3,196.78024300938156,172.22639247654615,9.10438109117406,10979.0,1733.0,True,Northeastern,4,1566000,80684,155,8313.93,265879.6
Chachoengsao,2023-Q3,2023,3,222.9032263376384,187.0937466789668,7.409916974169741,21680.0,2145.0,True,Eastern,2,733000,400385,142,41256.93,1319396.7
Chai Nat,2023-Q3,2023,3,227.83218810839253,186.79216232570377,10.601420678768743,3801.0,642.0,True,Central,3,314000,135667,131,13979.56,447066.18
Chaiyaphum,2023-Q3,2023,3,231.80428640625,192.18662,8.73265625,6400.0,1130.0,True,Northeastern,4,1106000,73134,88,7535.96,240999.93
Chanthaburi,2023-Q3,2023,3,228.93287550849095,202.58587486278816,8.535868793181377,15487.0,1741.0,True,Eastern,2,536000,243317,83,25072.15,801807.38
Chiang Mai,2023-Q3,2023,3,232.23330559638885,191.3545765364456,12.045124504432268,67347.0,4005.0,True,Northern,2,1799000,133306,79,13736.27,439285.93
Chiang Rai,2023-Q3,2023,3,215.10341243153127,187.05567239819004,13.357180281019293,20995.0,2456.0,True,Northern,3,1298000,90203,112,9294.8,297247.75
Chon Buri,2023-Q3,2023,3,242.96429817541457,198.68456926087168,5.618989385119601,102215.0,3914.0,True,Eastern,1,1636000,524002,363,53994.82,1726754.27
Chumphon,2023-Q3,2023,3,213.01472828653897,187.00617475728157,9.045263710312254,7622.0,1206.0,True,Southern,2,508000,259853,84,26776.07,856298.79
Kalasin,2023-Q3,2023,3,225.35671050141912,186.7501004730369,6.600378429517503,5285.0,1109.0,True,Northeastern,4,962000,77397,139,7975.23,255047.88
Kamphaeng Phet,2023-Q3,2023,3,217.45333299582333,190.80161270725225,10.856980129097582,7901.0,1239.0,True,Northern,3,701000,141987,82,14630.79,467892.6
Kanchanaburi,2023-Q3,2023,3,209.27288648900117,181.8327749717552,6.351830929753439,15047.0,1902.0,True,Western,3,896000,127365,46,13124.09,419708.43
Khon Kaen,2023-Q3,2023,3,230.17255490835032,192.56897421588596,6.088594704684318,24550.0,2148.0,True,Northeastern,3,1772000,124489,166,12827.74,410231.09
Krabi,2023-Q3,2023,3,196.76574004960435,168.6099280736979,11.071217668595724,8467.0,944.0,True,Southern,2,484000,168552,91,17368.13,555432.78
Lampang,2023-Q3,2023,3,221.2610860195904,185.83259171861087,10.397417631344611,11230.0,1349.0,True,Northern,3,704000,104754,56,10794.18,345197.95
Lamphun,2023-Q3,2023,3,226.2849033244681,194.71672539893615,7.459175531914894,7520.0,927.0,True,Northern,2,397000,226464,89,23335.56,746271.35
Loei,2023-Q3,2023,3,233.323255647034,204.62206744775173,11.698332277812964,9474.0,1055.0,True,Northeastern,4,632000,105205,60,10840.65,346684.14
Lop Buri,2023-Q3,2023,3,240.82627583841463,197.1928741615854,7.031326219512195,13120.0,1494.0,True,Central,3,725000,142287,111,14661.7,468881.2
Mae Hong Son,2023-Q3,2023,3,134.46182183609957,124.26501270746888,158.67920124481327,3856.0,450.0,True,Northern,4,288000,65653,23,6765.09,216347.64
Maha Sarakham,2023-Q3,2023,3,206.13782280585104,173.30813530585107,11.870567375886525,9024.0,1060.0,True,Northeastern,4,930000,85228,165,8782.16,280853.53
Mukdahan,2023-Q3,2023,3,187.306184991274,156.30466691598104,9.955871353777113,4011.0,596.0,True,Northeastern,4,351000,67203,85,6924.81,221455.39
Nakhon Nayok,2023-Q3,2023,3,205.88806075250255,178.0273746979634,9.090610976872629,5794.0,800.0,True,Eastern,3,260000,115666,121,11918.59,381156.48
Nakhon Pathom,2023-Q3,2023,3,265.7754178896076,219.28475214430227,5.62334368677514,35093.0,2497.0,True,Bangkok & Vicinity,2,926000,297901,432,30696.66,981679.12
Nakhon Phanom,2023-Q3,2023,3,207.25299235686492,172.1237573652029,10.39591439688716,7196.0,963.0,True,Northeastern,4,711000,87122,125,8977.33,287094.87
Nakhon Ratchasima,2023-Q3,2023,3,231.19865280272452,193.54512785462688,6.886981268515711,42869.0,4433.0,True,Northeastern,3,2620000,126119,126,12995.7,415602.46
Nakhon Sawan,2023-Q3,2023,3,227.8106714474316,199.4383791406625,8.177148343734997,16664.0,1755.0,True,Northern,3,1014000,119856,106,12350.34,394963.87
Nakhon Si Thammarat,2023-Q3,2023,3,231.5667013550911,202.18412925851703,8.397604733276076,20958.0,2797.0,True,Southern,3,1535000,122494,154,12622.17,403656.93
Nan,2023-Q3,2023,3,198.87836142097132,172.40144225158744,22.335507122018196,5827.0,729.0,True,Northern,4,471000,81233,39,8370.5,267688.73
Narathiwat,2023-Q3,2023,3,196.48961330194237,174.30487198351972,17.177457327839907,3398.0,550.0,True,Southern,4,824000,61787,183,6366.73,203607.94
Nong Bua Lam Phu,2023-Q3,2023,3,223.1440115281501,204.91592278820372,8.832975871313673,3730.0,704.0,True,Northeastern,4,504000,63568,123,6550.25,209476.9
Nong Khai,2023-Q3,2023,3,205.99904085257543,175.32557608052102,8.668837576475232,5067.0,776.0,True,Northeastern,4,512000,97617,156,10058.76,321679.25
Nonthaburi,2023-Q3,2023,3,291.62572348738814,232.46918366356093,6.48682172334867,86506.0,1297.0,True,Bangkok & Vicinity,1,1318000,193641,2069,19953.38,638109.06
Pathum Thani,2023-Q3,2023,3,276.8693532651969,222.58164730913316,5.764394147054601,76611.0,2271.0,True,Bangkok & Vicinity,1,1236000,230401,813,23741.25,759245.02
Pattani,2023-Q3,2023,3,178.2301743173724,157.04179442026117,11.72813612979818,5054.0,548.0,True,Southern,4,741000,78131,375,8050.86,257466.65
Phangnga,2023-Q3,2023,3,213.2330772881356,188.7969579661017,10.188644067796613,5900.0,830.0,True,Southern,2,266000,194282,49,20019.43,640221.36
Phatthalung,2023-Q3,2023,3,217.98019249256123,191.4686365300984,10.34859235523003,4369.0,684.0,True,Southern,3,519000,81529,135,8401.01,268664.14
Phayao,2023-Q3,2023,3,187.63978729322207,169.70799590103937,12.623042014346362,6831.0,849.0,True,Northern,3,455000,96550,74,9948.82,318163.15
Phetchabun,2023-Q3,2023,3,205.5376786396637,189.84035269392436,10.766450133740925,13085.0,1555.0,True,Northern,3,961000,88485,75,9117.77,291586.39
Phetchaburi,2023-Q3,2023,3,237.53475755250795,197.08912323774817,6.718231514337777,10427.0,1196.0,True,Western,3,484100,144370,76,14876.34,475745.35
Phichit,2023-Q3,2023,3,189.0661883546537,172.73791912953976,13.397882664314071,6801.0,797.0,True,Northern,3,517000,93950,120,9680.9,309595.31
Phitsanulok,2023-Q3,2023,3,214.13859136069115,188.1173970302376,7.174082073434125,18520.0,1624.0,True,Northern,3,839000,113013,78,11645.22,372414.0
Phra Nakhon Si Ayutthaya,2023-Q3,2023,3,241.31077357525007,200.65291723656665,5.401721330541987,21495.0,1920.0,True,Central,1,823000,468579,323,48283.86,1544117.75
Phrae,2023-Q3,2023,3,238.1499836149513,203.60969636456733,10.74125277351084,5859.0,721.0,True,Northern,3,422000,82755,65,8527.34,272704.21
Phuket,2023-Q3,2023,3,214.28643252460043,169.23249757900766,9.261206851668662,38414.0,834.0,True,Southern,1,430000,165343,786,17037.46,544858.1
Prachin Buri,2023-Q3,2023,3,223.7971400251995,195.32958328433432,9.661486770264595,11905.0,1309.0,True,Eastern,1,501000,490499,100,50542.56,1616351.17
Prachuap Khiri Khan,2023-Q3,2023,3,238.5507471773439,200.33017179215275,8.244027197305222,16031.0,1624.0,True,Western,2,552000,192326,87,19817.88,633775.72
Ranong,2023-Q3,2023,3,212.31893231734648,186.0282900044823,10.34737785746302,2231.0,287.0,True,Southern,3,193000,105256,59,10845.91,346852.2
Ratchaburi,2023-Q3,2023,3,257.168356014513,213.29082372313704,5.7044934412503485,17915.0,2109.0,True,Western,2,864000,221383,167,22812.0,729527.83
Rayong,2023-Q3,2023,3,261.85847829861115,224.88538347011783,5.71456755050505,38016.0,2820.0,True,Eastern,1,782000,955119,213,98418.47,3147422.75
Roi Et,2023-Q3,2023,3,209.4145569159898,180.7313033094921,7.150563704691478,8249.0,1330.0,True,Northeastern,4,1276000,78688,162,8108.26,259302.14
Sa Kaeo,2023-Q3,2023,3,217.83653218694883,186.97397604350385,9.574514991181658,6804.0,901.0,True,Eastern,4,562000,73744,80,7598.81,243010.08
Sakon Nakhon,2023-Q3,2023,3,200.61598704148813,167.03943849932074,9.510711673111087,9569.0,1466.0,True,Northeastern,4,1138000,72117,118,7431.16,237648.59
Samut Prakan,2023-Q3,2023,3,284.1122236912898,228.1988928992525,6.137275776411736,87357.0,1653.0,True,Bangkok & Vicinity,1,1381000,283160,1458,29177.7,933102.81
Samut Sakhon,2023-Q3,2023,3,261.89080904017857,215.2224927827381,5.754613095238096,26880.0,1243.0,True,Bangkok & Vicinity,1,591000,391442,682,40335.42,1289926.65
Samut Songkhram,2023-Q3,2023,3,236.02007801932368,187.39740483091785,6.521256038647343,4140.0,411.0,True,Western,2,187000,160089,452,16496.08,527544.48
Saraburi,2023-Q3,2023,3,235.417525890361,193.9815453385195,5.691807463230825,16454.0,1981.0,True,Central,1,639000,323556,182,33340.23,1066220.56
Satun,2023-Q3,2023,3,163.59874137931035,146.16760944527738,10.06071964017991,2668.0,381.0,True,Southern,3,325000,113481,108,11693.44,373956.21
Si Sa Ket,2023-Q3,2023,3,210.74595849297572,180.47604118773947,12.489144316730524,9396.0,1483.0,True,Northeastern,4,1442000,83332,161,8586.79,274605.61
Sing Buri,2023-Q3,2023,3,253.69969449598025,214.07119356833644,7.423005565862707,3234.0,452.0,True,Central,3,200000,142428,245,14676.23,469345.84
Songkhla,2023-Q3,2023,3,217.4198199045277,186.42095765224937,12.136120352958194,27652.0,2030.0,True,Southern,2,1431000,145123,185,14953.93,478226.73
Sukhothai,2023-Q3,2023,3,216.6339680674264,204.5319806505223,8.881766381766381,8424.0,982.0,True,Northern,3,573000,80170,86,8260.97,264185.8
Suphan Buri,2023-Q3,2023,3,259.48045513466803,221.5154837966297,7.02801382687599,13886.0,1880.0,True,Western,3,822000,107792,152,11107.23,355209.13
Surat Thani,2023-Q3,2023,3,215.41178860070443,179.49165344220302,8.750560358629523,31230.0,2888.0,True,Southern,2,1077000,154835,81,15954.69,510230.87
Surin,2023-Q3,2023,3,211.63191038107752,192.3895026719229,10.091020586947,11415.0,1659.0,True,Northeastern,4,1360000,81675,153,8416.05,269145.26
Tak,2023-Q3,2023,3,158.3835402623613,138.08881029263372,18.281634712411705,9910.0,928.0,True,Northern,3,699000,114952,40,11845.02,378803.63
Trang,2023-Q3,2023,3,209.43827931894907,179.28667195068255,11.072948774401878,6813.0,883.0,True,Southern,3,635000,109656,134,11299.3,361351.61
Trat,2023-Q3,2023,3,190.79082263833368,170.46066273932252,8.891436987166001,4753.0,612.0,True,Eastern,2,227000,160025,77,16489.48,527333.58
Ubon Ratchathani,2023-Q3,2023,3,247.0668081109551,207.5185235252809,11.764103464419476,17088.0,1946.0,True,Northeastern,4,1868000,78275,119,8065.7,257941.17
Udon Thani,2023-Q3,2023,3,236.60335216074608,200.88319458731917,6.872422246791328,20803.0,2204.0,True,Northeastern,4,1552000,90818,140,9358.17,299274.37
Uthai Thani,2023-Q3,2023,3,214.2515916838843,192.6646577995868,10.394369834710744,3872.0,624.0,True,Northern,3,320000,101640,48,10473.31,334936.33
Uttaradit,2023-Q3,2023,3,230.4685076204024,194.94546453972768,9.959561064824223,4921.0,812.0,True,Northern,3,436000,103567,55,10671.87,341286.41
Yala,2023-Q3,2023,3,185.9401474475843,173.23893299908843,15.800136736554238,4388.0,443.0,True,Southern,4,553000,105453,124,10866.21,347501.38
Yasothon,2023-Q3,2023,3,217.5005361781076,194.01559406307976,14.504638218923931,2695.0,477.0,True,Northeastern,4,525000,70327,127,7246.72,231749.97
Amnat Charoen,2023-Q4,2023,4,246.48154131159689,205.0746780288996,12.492034086698776,2699.0,490.0,True,Northeastern,4,372000,77048,113,7939.27,253897.82
Ang Thong,2023-Q4,2023,4,239.58818513603185,205.2202092457421,7.29794293297943,4521.0,602.0,True,Central,3,269000,142287,283,14661.7,468881.2
Bangkok Metropolis,2023-Q4,2023,4,274.8485659453645,221.12670468548663,6.86487842517171,526178.0,3756.0,True,Bangkok & Vicinity,1,5456000,593927,3488,61200.11,1957179.52
Bueng Kan,2023-Q4,2023,4,196.5110490361853,166.81602299628003,10.54041258031789,2957.0,589.0,True,Northeastern,4,419000,80159,105,8259.84,264149.56
Buri Ram,2023-Q4,2023,4,210.67472531164356,184.83511095393865,9.399964636194854,11311.0,1802.0,True,Northeastern,4,1566000,80684,155,8313.93,265879.6
Chachoengsao,2023-Q4,2023,4,246.7174794788912,204.62369340777747,7.689244784014106,20418.0,2205.0,True,Eastern,2,733000,400385,142,41256.93,1319396.7
Chai Nat,2023-Q4,2023,4,230.4674361777989,200.25378749702875,11.465177085809366,4207.0,707.0,True,Central,3,314000,135667,131,13979.56,447066.18
Chaiyaphum,2023-Q4,2023,4,225.32239443813847,197.27449787173668,9.231413166855846,7048.0,1254.0,True,Northeastern,4,1106000,73134,88,7535.96,240999.93
Chanthaburi,2023-Q4,2023,4,230.68036059800664,208.9833302990033,8.420996677740863,15050.0,1651.0,True,Eastern,2,536000,243317,83,25072.15,801807.38
Chiang Mai,2023-Q4,2023,4,228.4856643012873,189.406887211676,13.21164822041077,72011.0,4142.0,True,Northern,2,1799000,133306,79,13736.27,439285.93
Chiang Rai,2023-Q4,2023,4,215.61838804087847,183.30501552511416,13.21765601217656,22995.0,2589.0,True,Northern,3,1298000,90203,112,9294.8,297247.75
Chon Buri,2023-Q4,2023,4,244.6210877658036,199.4258944496925,5.798355535848548,103742.0,3866.0,True,Eastern,1,1636000,524002,363,53994.82,1726754.27
Chumphon,2023-Q4,2023,4,239.8500101912431,200.09374572219423,11.257549068948164,7948.0,1207.0,True,Southern,2,508000,259853,84,26776.07,856298.79
Kalasin,2023-Q4,2023,4,239.9044967353952,201.6076259450172,6.473367697594502,5820.0,1147.0,True,Northeastern,4,962000,77397,139,7975.23,255047.88
Kamphaeng Phet,2023-Q4,2023,4,217.3933748586506,198.44346786656612,9.422634753109689,10612.0,1313.0,True,Northern,3,701000,141987,82,14630.79,467892.6
Kanchanaburi,2023-Q4,2023,4,219.58863451710977,191.21436794100524,6.563555210556957,15459.0,2080.0,True,Western,3,896000,127365,46,13124.09,419708.43
Khon Kaen,2023-Q4,2023,4,233.90884410922283,189.5696146266947,6.289249570364713,26185.0,2250.0,True,Northeastern,3,1772000,124489,166,12827.74,410231.09
Krabi,2023-Q4,2023,4,176.3863571143882,154.79667206058193,10.574332403347949,12545.0,982.0,True,Southern,2,484000,168552,91,17368.13,555432.78
Lampang,2023-Q4,2023,4,220.98233825885703,181.55519298557948,10.20019583407513,11234.0,1332.0,True,Northern,3,704000,104754,56,10794.18,345197.95
Lamphun,2023-Q4,2023,4,227.49913157174151,194.2704147042716,10.522590361445785,7304.0,974.0,True,Northern,2,397000,226464,89,23335.56,746271.35
Loei,2023-Q4,2023,4,221.4809577961433,190.0957414876033,9.63085399449036,9075.0,1136.0,True,Northeastern,4,632000,105205,60,10840.65,346684.14
Lop Buri,2023-Q4,2023,4,262.2466903148665,212.0871554404145,6.57544838581108,12545.0,1483.0,True,Central,3,725000,142287,111,14661.7,468881.2
Mae Hong Son,2023-Q4,2023,4,121.5282832877782,107.93028172588834,136.41116751269035,5122.0,485.0,True,Northern,4,288000,65653,23,6765.09,216347.64
Maha Sarakham,2023-Q4,2023,4,222.620125510542,181.52094800750635,8.550943812782869,9059.0,1187.0,True,Northeastern,4,930000,85228,165,8782.16,280853.53
Mukdahan,2023-Q4,2023,4,194.0314338963308,159.83505678509027,11.338963308095517,3434.0,583.0,True,Northeastern,4,351000,67203,85,6924.81,221455.39
Nakhon Nayok,2023-Q4,2023,4,213.24103101521865,180.79886476594103,10.171450587555384,5191.0,793.0,True,Eastern,3,260000,115666,121,11918.59,381156.48
Nakhon Pathom,2023-Q4,2023,4,280.20210509960606,230.2905832917152,5.636590644248377,36042.0,2529.0,True,Bangkok & Vicinity,2,926000,297901,432,30696.66,981679.12
Nakhon Phanom,2023-Q4,2023,4,191.20954443110176,162.83523176223358,12.696787751425996,6662.0,1039.0,True,Northeastern,4,711000,87122,125,8977.33,287094.87
Nakhon Ratchasima,2023-Q4,2023,4,237.86101561428728,200.14322724759484,7.415746986619484,45215.0,4721.0,True,Northeastern,3,2620000,126119,126,12995.7,415602.46
Nakhon Sawan,2023-Q4,2023,4,223.3033932261768,199.83916710155515,8.414779250600146,19162.0,1850.0,True,Northern,3,1014000,119856,106,12350.34,394963.87
Nakhon Si Thammarat,2023-Q4,2023,4,233.6057729435484,202.2821931048387,8.322137096774194,24800.0,3034.0,True,Southern,3,1535000,122494,154,12622.17,403656.93
Nan,2023-Q4,2023,4,198.81218409448817,168.3597033070866,28.30299212598425,6350.0,821.0,True,Northern,4,471000,81233,39,8370.5,267688.73
Narathiwat,2023-Q4,2023,4,220.5235733197556,189.5001031059063,20.86532586558045,3928.0,589.0,True,Southern,4,824000,61787,183,6366.73,203607.94
Nong Bua Lam Phu,2023-Q4,2023,4,203.97306817610064,180.93758817610063,8.719748427672956,3975.0,699.0,True,Northeastern,4,504000,63568,123,6550.25,209476.9
Nong Khai,2023-Q4,2023,4,200.89954145420208,167.7782628895184,9.28819641170916,5295.0,782.0,True,Northeastern,4,512000,97617,156,10058.76,321679.25
Nonthaburi,2023-Q4,2023,4,295.3113505381966,235.42658985667035,6.734800350083543,87979.0,1314.0,True,Bangkok & Vicinity,1,1318000,193641,2069,19953.38,638109.06
Pathum Thani,2023-Q4,2023,4,290.6199265771459,231.9792358366601,5.87097500844732,79907.0,2300.0,True,Bangkok & Vicinity,1,1236000,230401,813,23741.25,759245.02
Pattani,2023-Q4,2023,4,207.97173712402144,180.83186217552532,17.053564070869385,4854.0,602.0,True,Southern,4,741000,78131,375,8050.86,257466.65
Phangnga,2023-Q4,2023,4,189.6292170947613,173.5342706428675,11.38586562182557,6891.0,844.0,True,Southern,2,266000,194282,49,20019.43,640221.36
Phatthalung,2023-Q4,2023,4,229.0686993206224,198.43744356782815,9.878588647819416,4563.0,727.0,True,Southern,3,519000,81529,135,8401.01,268664.14
Phayao,2023-Q4,2023,4,197.71016605335785,172.86620070530512,13.72033118675253,6522.0,867.0,True,Northern,3,455000,96550,74,9948.82,318163.15
Phetchabun,2023-Q4,2023,4,206.33756179289475,189.5884392159689,11.14015997694026,13877.0,1639.0,True,Northern,3,961000,88485,75,9117.77,291586.39
Phetchaburi,2023-Q4,2023,4,231.72864254552357,192.37317886949924,7.134578907435508,10544.0,1278.0,True,Western,3,484100,144370,76,14876.34,475745.35
Phichit,2023-Q4,2023,4,206.39735506082167,197.7849302272205,9.693137479917374,8714.0,901.0,True,Northern,3,517000,93950,120,9680.9,309595.31
Phitsanulok,2023-Q4,2023,4,212.7452290174124,190.7941693314988,7.400056934098781,21077.0,1634.0,True,Northern,3,839000,113013,78,11645.22,372414.0
Phra Nakhon Si Ayutthaya,2023-Q4,2023,4,251.81578969557117,206.46933620307087,6.001597585870241,22534.0,1843.0,True,Central,1,823000,468579,323,48283.86,1544117.75
Phrae,2023-Q4,2023,4,251.2852564530823,209.91298284239292,13.51381718797449,6586.0,752.0,True,Northern,3,422000,82755,65,8527.34,272704.21
Phuket,2023-Q4,2023,4,205.7958177989835,165.31570092314075,10.14253708121564,48205.0,864.0,True,Southern,1,430000,165343,786,17037.46,544858.1
Prachin Buri,2023-Q4,2023,4,238.18180903747952,198.74545158493112,7.8618364004239325,10379.0,1250.0,True,Eastern,1,501000,490499,100,50542.56,1616351.17
Prachuap Khiri Khan,2023-Q4,2023,4,238.1741171998045,204.37288084505516,8.906750665290827,18413.0,1673.0,True,Western,2,552000,192326,87,19817.88,633775.72
Ranong,2023-Q4,2023,4,233.406259959142,199.08941113381,10.317671092951992,1958.0,303.0,True,Southern,3,193000,105256,59,10845.91,346852.2
Ratchaburi,2023-Q4,2023,4,258.4231729882112,215.8286597129677,6.867708867247566,19510.0,2245.0,True,Western,2,864000,221383,167,22812.0,729527.83
Rayong,2023-Q4,2023,4,262.2339259062117,224.98619255336132,6.64541970511524,37574.0,2789.0,True,Eastern,1,782000,955119,213,98418.47,3147422.75
Roi Et,2023-Q4,2023,4,212.30053345660463,181.14131619091643,6.92649947994915,8653.0,1452.0,True,Northeastern,4,1276000,78688,162,8108.26,259302.14
Sa Kaeo,2023-Q4,2023,4,216.33201392041155,195.61392903616283,10.049175366923892,6609.0,879.0,True,Eastern,4,562000,73744,80,7598.81,243010.08
Sakon Nakhon,2023-Q4,2023,4,207.1050679875289,178.44971034898924,10.054711857588254,9943.0,1569.0,True,Northeastern,4,1138000,72117,118,7431.16,237648.59
Samut Prakan,2023-Q4,2023,4,287.78443200456474,224.9752415502176,6.434756827513677,89381.0,1656.0,True,Bangkok & Vicinity,1,1381000,283160,1458,29177.7,933102.81
Samut Sakhon,2023-Q4,2023,4,284.2828180251347,236.0477927827648,6.075906642728905,27850.0,1268.0,True,Bangkok & Vicinity,1,591000,391442,682,40335.42,1289926.65
Samut Songkhram,2023-Q4,2023,4,270.3474774290628,219.57814359415303,6.204213241616509,4652.0,432.0,True,Western,2,187000,160089,452,16496.08,527544.48
Saraburi,2023-Q4,2023,4,252.60273978116675,209.77470253415729,7.098134814898804,17639.0,1943.0,True,Central,1,639000,323556,182,33340.23,1066220.56
Satun,2023-Q4,2023,4,161.183131152461,142.4632256902761,13.000900360144058,3332.0,414.0,True,Southern,3,325000,113481,108,11693.44,373956.21
Si Sa Ket,2023-Q4,2023,4,211.61350925925927,181.3979186888037,12.77383993188591,9396.0,1494.0,True,Northeastern,4,1442000,83332,161,8586.79,274605.61
Sing Buri,2023-Q4,2023,4,248.664975351014,210.31364274570984,7.860530421216849,3205.0,443.0,True,Central,3,200000,142428,245,14676.23,469345.84
Songkhla,2023-Q4,2023,4,218.04420039260592,183.2058421724194,11.826566334042203,30565.0,2095.0,True,Southern,2,1431000,145123,185,14953.93,478226.73
Sukhothai,2023-Q4,2023,4,231.615352895236,207.30358406783444,8.99207854512998,8963.0,1041.0,True,Northern,3,573000,80170,86,8260.97,264185.8
Suphan Buri,2023-Q4,2023,4,265.9181469015189,212.8614046922912,8.253084218783426,14023.0,1983.0,True,Western,3,822000,107792,152,11107.23,355209.13
Surat Thani,2023-Q4,2023,4,232.8987944893173,193.94882588587805,8.319567483064096,30704.0,2964.0,True,Southern,2,1077000,154835,81,15954.69,510230.87
Surin,2023-Q4,2023,4,221.88515519617752,196.74913222457045,9.322613250022972,10883.0,1578.0,True,Northeastern,4,1360000,81675,153,8416.05,269145.26
Tak,2023-Q4,2023,4,163.9205751787968,148.49616264198568,14.747917543121584,11885.0,987.0,True,Northern,3,699000,114952,40,11845.02,378803.63
Trang,2023-Q4,2023,4,209.26835356747787,178.3611794800885,10.42491703539823,7232.0,955.0,True,Southern,3,635000,109656,134,11299.3,361351.61
Trat,2023-Q4,2023,4,178.5737586534804,156.02858919741348,9.49315329022442,5258.0,606.0,True,Eastern,2,227000,160025,77,16489.48,527333.58
Ubon Ratchathani,2023-Q4,2023,4,255.31564483079788,217.16930145917416,11.1281589568457,16105.0,1910.0,True,Northeastern,4,1868000,78275,119,8065.7,257941.17
Udon Thani,2023-Q4,2023,4,234.33019182818745,199.15832278172783,7.523278464984903,20534.0,2261.0,True,Northeastern,4,1552000,90818,140,9358.17,299274.37
Uthai Thani,2023-Q4,2023,4,213.13731424889545,197.79051251840943,8.793630338733431,5432.0,608.0,True,Northern,3,320000,101640,48,10473.31,334936.33
Uttaradit,2023-Q4,2023,4,231.88768025522864,195.483459057072,9.31247784473591,5642.0,832.0,True,Northern,3,436000,103567,55,10671.87,341286.41
Yala,2023-Q4,2023,4,192.8864363523829,174.85842314833917,18.19867959562616,4847.0,473.0,True,Southern,4,553000,105453,124,10866.21,347501.38
Yasothon,2023-Q4,2023,4,214.6877875313508,180.80085883195983,12.981010390541025,2791.0,570.0,True,Northeastern,4,525000,70327,127,7246.72,231749.97
Amnat Charoen,2024-Q1,2024,1,233.20249415558243,207.29140467553404,13.202337767029425,2481.0,470.0,True,Northeastern,4,372000,77048,113,7939.27,253897.82
Ang Thong,2024-Q1,2024,1,224.7713446969697,186.71896861471865,6.259740259740259,3696.0,509.0,True,Central,3,269000,142287,283,14661.7,468881.2
Bangkok Metropolis,2024-Q1,2024,1,282.17324201625416,227.1611331567238,6.366208705092625,523188.0,3762.0,True,Bangkok & Vicinity,1,5456000,593927,3488,61200.11,1957179.52
Bueng Kan,2024-Q1,2024,1,206.5137521393643,177.292625,12.3679706601467,3272.0,641.0,True,Northeastern,4,419000,80159,105,8259.84,264149.56
Buri Ram,2024-Q1,2024,1,213.4395605079257,187.11592841315837,8.38426793932163,11734.0,1758.0,True,Northeastern,4,1566000,80684,155,8313.93,265879.6
Chachoengsao,2024-Q1,2024,1,250.3476263606247,209.09174694746807,6.070326549929011,21130.0,2159.0,True,Eastern,2,733000,400385,142,41256.93,1319396.7
Chai Nat,2024-Q1,2024,1,231.38967125382263,196.7886918960245,10.523700305810396,3924.0,734.0,True,Central,3,314000,135667,131,13979.56,447066.18
Chaiyaphum,2024-Q1,2024,1,223.89383846255447,195.38052225597676,9.997886672830536,7571.0,1210.0,True,Northeastern,4,1106000,73134,88,7535.96,240999.93
Chanthaburi,2024-Q1,2024,1,225.34162754955472,201.19188882505023,8.261060040218329,13924.0,1663.0,True,Eastern,2,536000,243317,83,25072.15,801807.38
Chiang Mai,2024-Q1,2024,1,247.49650105862492,204.37529837486767,12.661526136591227,69902.0,4053.0,True,Northern,2,1799000,133306,79,13736.27,439285.93
Chiang Rai,2024-Q1,2024,1,225.37490426205773,193.0786450095014,13.030675956926975,22102.0,2573.0,True,Northern,3,1298000,90203,112,9294.8,297247.75
Chon Buri,2024-Q1,2024,1,251.30332417517587,203.9284480145224,5.51882005899705,110175.0,3866.0,True,Eastern,1,1636000,524002,363,53994.82,1726754.27
Chumphon,2024-Q1,2024,1,240.997723293382,205.5772793121417,10.09353830119854,7676.0,1168.0,True,Southern,2,508000,259853,84,26776.07,856298.79
Kalasin,2024-Q1,2024,1,265.80188480526607,226.5685955384897,6.523313219967087,5469.0,1170.0,True,Northeastern,4,962000,77397,139,7975.23,255047.88
Kamphaeng Phet,2024-Q1,2024,1,232.05956685335647,215.5750804606768,9.866135521022324,12677.0,1315.0,True,Northern,3,701000,141987,82,14630.79,467892.6
Kanchanaburi,2024-Q1,2024,1,228.8100857409133,195.97181367839988,5.86873611011542,13949.0,1852.0,True,Western,3,896000,127365,46,13124.09,419708.43
Khon Kaen,2024-Q1,2024,1,253.4802288973087,206.8924491621421,6.084098277411039,25601.0,2302.0,True,Northeastern,3,1772000,124489,166,12827.74,410231.09
Krabi,2024-Q1,2024,1,181.33900093319852,157.44971856287424,13.929776810016332,12859.0,985.0,True,Southern,2,484000,168552,91,17368.13,555432.78
Lampang,2024-Q1,2024,1,232.9588900095644,196.06934083992695,9.642378923571863,11501.0,1358.0,True,Northern,3,704000,104754,56,10794.18,345197.95
Lamphun,2024-Q1,2024,1,241.3223750183905,206.8923398558188,9.051051934677064,6797.0,945.0,True,Northern,2,397000,226464,89,23335.56,746271.35
Loei,2024-Q1,2024,1,239.54092905982907,210.18089668803415,10.433333333333334,9360.0,1097.0,True,Northeastern,4,632000,105205,60,10840.65,346684.14
Lop Buri,2024-Q1,2024,1,259.465289748517,218.84540680090237,6.330938257164341,11969.0,1498.0,True,Central,3,725000,142287,111,14661.7,468881.2
Mae Hong Son,2024-Q1,2024,1,139.40800521423714,121.59714395828613,142.84130582634324,4411.0,436.0,True,Northern,4,288000,65653,23,6765.09,216347.64
Maha Sarakham,2024-Q1,2024,1,235.8655529656608,193.49494308012487,7.233818938605619,9610.0,1101.0,True,Northeastern,4,930000,85228,165,8782.16,280853.53
Mukdahan,2024-Q1,2024,1,184.04010323779195,157.59542595541402,10.620222929936306,3768.0,619.0,True,Northeastern,4,351000,67203,85,6924.81,221455.39
Nakhon Nayok,2024-Q1,2024,1,210.508743566992,180.17182342502215,9.009760425909494,4508.0,792.0,True,Eastern,3,260000,115666,121,11918.59,381156.48
Nakhon Pathom,2024-Q1,2024,1,286.792166726179,235.0643850358448,5.267366165847228,36407.0,2499.0,True,Bangkok & Vicinity,2,926000,297901,432,30696.66,981679.12
Nakhon Phanom,2024-Q1,2024,1,203.82147232259,178.6200069374187,11.854314207255385,6919.0,1068.0,True,Northeastern,4,711000,87122,125,8977.33,287094.87
Nakhon Ratchasima,2024-Q1,2024,1,255.97102250928396,213.92061271728977,6.550133278654911,43893.0,4850.0,True,Northeastern,3,2620000,126119,126,12995.7,415602.46
Nakhon Sawan,2024-Q1,2024,1,238.53532383603,212.1735300721732,8.04099249964621,21199.0,1816.0,True,Northern,3,1014000,119856,106,12350.34,394963.87
Nakhon Si Thammarat,2024-Q1,2024,1,236.5256837197581,205.6866778813844,9.37600806451613,23808.0,3029.0,True,Southern,3,1535000,122494,154,12622.17,403656.93
Nan,2024-Q1,2024,1,200.4868665576452,168.82417318070318,42.101226492232215,6115.0,799.0,True,Northern,4,471000,81233,39,8370.5,267688.73
Narathiwat,2024-Q1,2024,1,221.6715433236766,186.2817558598894,18.590729523307875,3797.0,597.0,True,Southern,4,824000,61787,183,6366.73,203607.94
Nong Bua Lam Phu,2024-Q1,2024,1,214.20864118092356,188.3414549583649,9.923795104718648,3963.0,750.0,True,Northeastern,4,504000,63568,123,6550.25,209476.9
Nong Khai,2024-Q1,2024,1,242.51304128988227,203.19630233748504,9.419041119262925,5861.0,797.0,True,Northeastern,4,512000,97617,156,10058.76,321679.25
Nonthaburi,2024-Q1,2024,1,308.5140322123408,247.69241485105508,5.968062001325987,87482.0,1295.0,True,Bangkok & Vicinity,1,1318000,193641,2069,19953.38,638109.06
Pathum Thani,2024-Q1,2024,1,301.6741101313367,242.91830458683648,5.26818317496642,80404.0,2303.0,True,Bangkok & Vicinity,1,1236000,230401,813,23741.25,759245.02
Pattani,2024-Q1,2024,1,209.10452128136205,184.87221393369177,17.813844086021504,4464.0,589.0,True,Southern,4,741000,78131,375,8050.86,257466.65
Phangnga,2024-Q1,2024,1,169.39319041336853,153.93193433010845,14.639841688654354,6822.0,794.0,True,Southern,2,266000,194282,49,20019.43,640221.36
Phatthalung,2024-Q1,2024,1,237.2758790106952,195.8209081996435,10.576648841354723,4488.0,725.0,True,Southern,3,519000,81529,135,8401.01,268664.14
Phayao,2024-Q1,2024,1,209.5890829644204,184.94039121167404,13.73635022134776,6099.0,794.0,True,Northern,3,455000,96550,74,9948.82,318163.15
Phetchabun,2024-Q1,2024,1,218.41035814040097,195.995640121656,11.386940599590345,16111.0,1672.0,True,Northern,3,961000,88485,75,9117.77,291586.39
Phetchaburi,2024-Q1,2024,1,248.3830099407379,206.3294965589753,6.5671955649015485,10462.0,1252.0,True,Western,3,484100,144370,76,14876.34,475745.35
Phichit,2024-Q1,2024,1,220.28979996913105,203.51630120388947,8.224494520759377,12958.0,941.0,True,Northern,3,517000,93950,120,9680.9,309595.31
Phitsanulok,2024-Q1,2024,1,224.96156073197344,202.5119495089398,6.793586837908167,23826.0,1665.0,True,Northern,3,839000,113013,78,11645.22,372414.0
Phra Nakhon Si Ayutthaya,2024-Q1,2024,1,250.8626397141314,202.14287468317613,4.855943823492749,24067.0,1883.0,True,Central,1,823000,468579,323,48283.86,1544117.75
Phrae,2024-Q1,2024,1,264.5385915911222,220.34946655204752,13.68646452016255,6398.0,692.0,True,Northern,3,422000,82755,65,8527.34,272704.21
Phuket,2024-Q1,2024,1,211.9621467072931,171.4672289365048,10.42417928051897,50870.0,872.0,True,Southern,1,430000,165343,786,17037.46,544858.1
Prachin Buri,2024-Q1,2024,1,250.17453949867075,211.93540562096467,7.865552601595138,10532.0,1257.0,True,Eastern,1,501000,490499,100,50542.56,1616351.17
Prachuap Khiri Khan,2024-Q1,2024,1,244.01063213541667,202.82819375,9.06359375,19200.0,1675.0,True,Western,2,552000,192326,87,19817.88,633775.72
Ranong,2024-Q1,2024,1,208.66788857782757,185.2083740201568,10.62094064949608,1786.0,271.0,True,Southern,3,193000,105256,59,10845.91,346852.2
Ratchaburi,2024-Q1,2024,1,264.02965104789644,220.18633215455824,5.29944354880649,19229.0,2207.0,True,Western,2,864000,221383,167,22812.0,729527.83
Rayong,2024-Q1,2024,1,266.1628991711258,220.9110550309516,5.860429126009863,38124.0,2818.0,True,Eastern,1,782000,955119,213,98418.47,3147422.75
Roi Et,2024-Q1,2024,1,236.19893246497372,204.20195501313484,7.336690017513135,9136.0,1440.0,True,Northeastern,4,1276000,78688,162,8108.26,259302.14
Sa Kaeo,2024-Q1,2024,1,231.6878924468696,205.69104279149917,10.053417576105687,6964.0,908.0,True,Eastern,4,562000,73744,80,7598.81,243010.08
Sakon Nakhon,2024-Q1,2024,1,205.6040859853121,174.85292064463485,10.38922888616891,9804.0,1584.0,True,Northeastern,4,1138000,72117,118,7431.16,237648.59
Samut Prakan,2024-Q1,2024,1,297.6524045691808,232.57473520797987,6.026012341543017,92533.0,1647.0,True,Bangkok & Vicinity,1,1381000,283160,1458,29177.7,933102.81
Samut Sakhon,2024-Q1,2024,1,295.34522571673085,243.67614138496648,6.302916844957923,28044.0,1260.0,True,Bangkok & Vicinity,1,591000,391442,682,40335.42,1289926.65
Samut Songkhram,2024-Q1,2024,1,258.83934418494925,217.31780443500827,5.9653220099079975,4239.0,405.0,True,Western,2,187000,160089,452,16496.08,527544.48
Saraburi,2024-Q1,2024,1,270.0633703726593,222.6931829923985,5.78233730918979,16181.0,2031.0,True,Central,1,639000,323556,182,33340.23,1066220.56
Satun,2024-Q1,2024,1,143.36999168907357,136.73155976533857,19.434123686140307,4091.0,417.0,True,Southern,3,325000,113481,108,11693.44,373956.21
Si Sa Ket,2024-Q1,2024,1,212.11483510918876,186.75867897457536,11.207933326300244,9479.0,1420.0,True,Northeastern,4,1442000,83332,161,8586.79,274605.61
Sing Buri,2024-Q1,2024,1,276.4139835550181,228.9779018137848,6.965175332527207,4135.0,455.0,True,Central,3,200000,142428,245,14676.23,469345.84
Songkhla,2024-Q1,2024,1,230.4268834385965,189.76711771929823,10.045122807017544,28500.0,2055.0,True,Southern,2,1431000,145123,185,14953.93,478226.73
Sukhothai,2024-Q1,2024,1,233.6123334260805,206.0125560192914,7.319143016138008,10782.0,1073.0,True,Northern,3,573000,80170,86,8260.97,264185.8
Suphan Buri,2024-Q1,2024,1,260.7449675319761,219.08641928403844,7.035798077650799,13213.0,1829.0,True,Western,3,822000,107792,152,11107.23,355209.13
Surat Thani,2024-Q1,2024,1,227.0820495318808,195.4114839522433,8.653677670570046,34927.0,2834.0,True,Southern,2,1077000,154835,81,15954.69,510230.87
Surin,2024-Q1,2024,1,256.40214487951806,215.71470411646587,9.24016064257028,9960.0,1494.0,True,Northeastern,4,1360000,81675,153,8416.05,269145.26
Tak,2024-Q1,2024,1,182.3301709040633,162.68623588601275,11.943083186112604,13019.0,1012.0,True,Northern,3,699000,114952,40,11845.02,378803.63
Trang,2024-Q1,2024,1,219.0565490430622,190.69351405502397,11.23101076555024,6688.0,882.0,True,Southern,3,635000,109656,134,11299.3,361351.61
Trat,2024-Q1,2024,1,176.53000517515923,148.7237967754777,9.216162420382163,5024.0,607.0,True,Eastern,2,227000,160025,77,16489.48,527333.58
Ubon Ratchathani,2024-Q1,2024,1,264.35041319553187,226.1487398997808,10.503706023593278,19158.0,1902.0,True,Northeastern,4,1868000,78275,119,8065.7,257941.17
Udon Thani,2024-Q1,2024,1,237.3146299161831,200.2995701036552,7.9231265188712,20163.0,2347.0,True,Northeastern,4,1552000,90818,140,9358.17,299274.37
Uthai Thani,2024-Q1,2024,1,231.20887184986597,212.3853160857909,8.727345844504022,7460.0,598.0,True,Northern,3,320000,101640,48,10473.31,334936.33
Uttaradit,2024-Q1,2024,1,240.20663194964783,210.33143458714224,8.165442829312154,6673.0,800.0,True,Northern,3,436000,103567,55,10671.87,341286.41
Yala,2024-Q1,2024,1,200.41613857923497,182.16650863387977,15.925901639344264,4575.0,488.0,True,Southern,4,553000,105453,124,10866.21,347501.38
Yasothon,2024-Q1,2024,1,232.66420834807212,214.75686982667136,12.46480367881146,2827.0,543.0,True,Northeastern,4,525000,70327,127,7246.72,231749.97
Amnat Charoen,2024-Q2,2024,2,211.90202514285716,185.2323573333333,13.751238095238095,2625.0,459.0,True,Northeastern,4,372000,77048,113,7939.27,253897.82
Ang Thong,2024-Q2,2024,2,231.50612747736727,193.44412111573283,7.489601174455591,4087.0,543.0,True,Central,3,269000,142287,283,14661.7,468881.2
Bangkok Metropolis,2024-Q2,2024,2,292.0935882952212,233.92508365198668,6.536234773420523,501590.0,3763.0,True,Bangkok & Vicinity,1,5456000,593927,3488,61200.11,1957179.52
Bueng Kan,2024-Q2,2024,2,221.4747870652837,189.00045515558267,13.478340451494814,3278.0,632.0,True,Northeastern,4,419000,80159,105,8259.84,264149.56
Buri Ram,2024-Q2,2024,2,244.5308856847723,203.00635138159595,8.409572178703623,11617.0,1783.0,True,Northeastern,4,1566000,80684,155,8313.93,265879.6
Chachoengsao,2024-Q2,2024,2,253.31506111059,210.18415003282996,6.392411593659132,21322.0,2118.0,True,Eastern,2,733000,400385,142,41256.93,1319396.7
Chai Nat,2024-Q2,2024,2,243.88877668927407,206.5935428284351,10.867872393870886,3981.0,728.0,True,Central,3,314000,135667,131,13979.56,447066.18
Chaiyaphum,2024-Q2,2024,2,248.0172781964829,214.27564075102472,8.280179822821632,7563.0,1303.0,True,Northeastern,4,1106000,73134,88,7535.96,240999.93
Chanthaburi,2024-Q2,2024,2,236.77661383732703,201.8526338170773,8.42834964562943,14815.0,1770.0,True,Eastern,2,536000,243317,83,25072.15,801807.38
Chiang Mai,2024-Q2,2024,2,255.7221214289845,210.02105297247283,19.96136941938469,69168.0,4055.0,True,Northern,2,1799000,133306,79,13736.27,439285.93
Chiang Rai,2024-Q2,2024,2,239.7616866007591,200.24484778003355,17.03371877482567,22658.0,2619.0,True,Northern,3,1298000,90203,112,9294.8,297247.75
Chon Buri,2024-Q2,2024,2,267.78257700104143,217.91603136390685,5.975219445064345,107544.0,3892.0,True,Eastern,1,1636000,524002,363,53994.82,1726754.27
Chumphon,2024-Q2,2024,2,257.031442462845,224.59462919320595,10.98864118895966,9420.0,1279.0,True,Southern,2,508000,259853,84,26776.07,856298.79
Kalasin,2024-Q2,2024,2,270.9122014425554,225.2529854027134,7.246608277520178,5823.0,1198.0,True,Northeastern,4,962000,77397,139,7975.23,255047.88
Kamphaeng Phet,2024-Q2,2024,2,240.4739035998616,220.31473295257877,9.408186223606783,11556.0,1277.0,True,Northern,3,701000,141987,82,14630.79,467892.6
Kanchanaburi,2024-Q2,2024,2,236.7604218105507,199.6572033432231,7.788769086040958,13819.0,1838.0,True,Western,3,896000,127365,46,13124.09,419708.43
Khon Kaen,2024-Q2,2024,2,257.5743321744627,206.4620016197851,6.979693426042983,25312.0,2344.0,True,Northeastern,3,1772000,124489,166,12827.74,410231.09
Krabi,2024-Q2,2024,2,207.541940720524,181.1871715065502,14.299781659388646,9160.0,975.0,True,Southern,2,484000,168552,91,17368.13,555432.78
Lampang,2024-Q2,2024,2,249.9971088224894,205.87499504950492,9.86067892503536,11312.0,1371.0,True,Northern,3,704000,104754,56,10794.18,345197.95
Lamphun,2024-Q2,2024,2,238.3759755409219,200.60867759709717,12.282354522241636,7441.0,952.0,True,Northern,2,397000,226464,89,23335.56,746271.35
Loei,2024-Q2,2024,2,242.03505325443783,206.4279710059172,12.74757396449704,8450.0,1068.0,True,Northeastern,4,632000,105205,60,10840.65,346684.14
Lop Buri,2024-Q2,2024,2,269.4082045048874,234.68888125796852,6.357331066723332,11765.0,1478.0,True,Central,3,725000,142287,111,14661.7,468881.2
Mae Hong Son,2024-Q2,2024,2,114.84655240123018,109.58292405961676,219.10361958836052,4227.0,524.0,True,Northern,4,288000,65653,23,6765.09,216347.64
Maha Sarakham,2024-Q2,2024,2,238.68792477822336,196.37463713695468,8.116417547697168,8229.0,1146.0,True,Northeastern,4,930000,85228,165,8782.16,280853.53
Mukdahan,2024-Q2,2024,2,217.1931677457328,177.633253090053,12.707769276044733,3398.0,538.0,True,Northeastern,4,351000,67203,85,6924.81,221455.39
Nakhon Nayok,2024-Q2,2024,2,231.5484295099432,198.71566157670452,8.37890625,5632.0,809.0,True,Eastern,3,260000,115666,121,11918.59,381156.48
Nakhon Pathom,2024-Q2,2024,2,293.1751804354562,238.5629849026843,5.965411373686731,35503.0,2527.0,True,Bangkok & Vicinity,2,926000,297901,432,30696.66,981679.12
Nakhon Phanom,2024-Q2,2024,2,221.29266391184572,194.73742917210384,12.959547629404089,6897.0,1027.0,True,Northeastern,4,711000,87122,125,8977.33,287094.87
Nakhon Ratchasima,2024-Q2,2024,2,261.8340165578358,218.5795672807836,7.142327425373134,42880.0,4777.0,True,Northeastern,3,2620000,126119,126,12995.7,415602.46
Nakhon Sawan,2024-Q2,2024,2,247.0305455451962,217.24629934686143,8.16517923916837,20057.0,1841.0,True,Northern,3,1014000,119856,106,12350.34,394963.87
Nakhon Si Thammarat,2024-Q2,2024,2,246.7355657865244,212.05616048773928,11.2494284305375,22307.0,3033.0,True,Southern,3,1535000,122494,154,12622.17,403656.93
Nan,2024-Q2,2024,2,209.0184060671389,183.26737480751464,49.21773945180166,6494.0,827.0,True,Northern,4,471000,81233,39,8370.5,267688.73
Narathiwat,2024-Q2,2024,2,219.739857347876,193.28633065442023,17.63203214695752,3484.0,580.0,True,Southern,4,824000,61787,183,6366.73,203607.94
Nong Bua Lam Phu,2024-Q2,2024,2,216.76461403508773,189.10798553401045,11.136657433056325,3249.0,703.0,True,Northeastern,4,504000,63568,123,6550.25,209476.9
Nong Khai,2024-Q2,2024,2,248.3556271270444,205.5142167520238,12.271600859078143,6053.0,791.0,True,Northeastern,4,512000,97617,156,10058.76,321679.25
Nonthaburi,2024-Q2,2024,2,310.6786686059521,250.66067033717653,6.458809812627339,84911.0,1307.0,True,Bangkok & Vicinity,1,1318000,193641,2069,19953.38,638109.06
Pathum Thani,2024-Q2,2024,2,314.15147746770026,251.5593616537468,5.493423772609819,77400.0,2328.0,True,Bangkok & Vicinity,1,1236000,230401,813,23741.25,759245.02
Pattani,2024-Q2,2024,2,217.9176865770333,182.77908772316508,15.737050914701344,4537.0,624.0,True,Southern,4,741000,78131,375,8050.86,257466.65
Phangnga,2024-Q2,2024,2,194.0829244834522,177.36739184494425,24.29621503017005,5469.0,776.0,True,Southern,2,266000,194282,49,20019.43,640221.36
Phatthalung,2024-Q2,2024,2,246.7124488657493,200.29338992190404,13.2599479360357,5378.0,788.0,True,Southern,3,519000,81529,135,8401.01,268664.14
Phayao,2024-Q2,2024,2,218.3926410729254,187.2611897736798,13.386756077116512,5965.0,836.0,True,Northern,3,455000,96550,74,9948.82,318163.15
Phetchabun,2024-Q2,2024,2,218.6190961489739,198.20118140359767,11.190587788193564,15788.0,1604.0,True,Northern,3,961000,88485,75,9117.77,291586.39
Phetchaburi,2024-Q2,2024,2,249.42484030889503,208.90952826770905,7.545905234054724,10489.0,1248.0,True,Western,3,484100,144370,76,14876.34,475745.35
Phichit,2024-Q2,2024,2,217.7740733333333,204.4901753246753,7.796796536796537,11550.0,911.0,True,Northern,3,517000,93950,120,9680.9,309595.31
Phitsanulok,2024-Q2,2024,2,230.44112092391305,203.8726001811594,6.805842391304348,22080.0,1624.0,True,Northern,3,839000,113013,78,11645.22,372414.0
Phra Nakhon Si Ayutthaya,2024-Q2,2024,2,265.7340877337258,213.97050497749308,5.222472299168975,23104.0,1862.0,True,Central,1,823000,468579,323,48283.86,1544117.75
Phrae,2024-Q2,2024,2,247.0095733333333,203.8983816216216,12.568648648648647,5550.0,725.0,True,Northern,3,422000,82755,65,8527.34,272704.21
Phuket,2024-Q2,2024,2,232.50881447742623,190.5338187655528,11.27170725204408,45008.0,872.0,True,Southern,1,430000,165343,786,17037.46,544858.1
Prachin Buri,2024-Q2,2024,2,255.1415087097504,217.21041203529143,8.290023376819244,13261.0,1281.0,True,Eastern,1,501000,490499,100,50542.56,1616351.17
Prachuap Khiri Khan,2024-Q2,2024,2,278.8333265117711,230.04187269836385,9.232446017336,19497.0,1708.0,True,Western,2,552000,192326,87,19817.88,633775.72
Ranong,2024-Q2,2024,2,226.2224033149171,190.63005575087897,14.168257157207432,1991.0,290.0,True,Southern,3,193000,105256,59,10845.91,346852.2
Ratchaburi,2024-Q2,2024,2,277.34176382077044,227.16775753535543,5.852721298985762,21001.0,2145.0,True,Western,2,864000,221383,167,22812.0,729527.83
Rayong,2024-Q2,2024,2,273.30989138171947,222.732747752498,6.028367298515726,37931.0,2844.0,True,Eastern,1,782000,955119,213,98418.47,3147422.75
Roi Et,2024-Q2,2024,2,256.17621289911955,212.94981181712103,7.9123793359499315,9427.0,1521.0,True,Northeastern,4,1276000,78688,162,8108.26,259302.14
Sa Kaeo,2024-Q2,2024,2,236.0635773223675,220.22627450451665,9.72589995955238,7417.0,930.0,True,Eastern,4,562000,73744,80,7598.81,243010.08
Sakon Nakhon,2024-Q2,2024,2,230.9336689833201,187.47715428911837,11.84104447974583,10072.0,1575.0,True,Northeastern,4,1138000,72117,118,7431.16,237648.59
Samut Prakan,2024-Q2,2024,2,307.44506135990366,237.350293244279,6.2340961348954345,91330.0,1663.0,True,Bangkok & Vicinity,1,1381000,283160,1458,29177.7,933102.81
Samut Sakhon,2024-Q2,2024,2,300.6723722154573,245.0395530764272,6.039861041472673,27922.0,1271.0,True,Bangkok & Vicinity,1,591000,391442,682,40335.42,1289926.65
Samut Songkhram,2024-Q2,2024,2,277.91509917990777,235.24169323423885,6.633008713480266,3902.0,422.0,True,Western,2,187000,160089,452,16496.08,527544.48
Saraburi,2024-Q2,2024,2,279.9365158499768,233.5785509753832,5.982176033441709,17224.0,2010.0,True,Central,1,639000,323556,182,33340.23,1066220.56
Satun,2024-Q2,2024,2,168.92271218487397,150.85973409363746,17.569927971188477,3332.0,436.0,True,Southern,3,325000,113481,108,11693.44,373956.21
Si Sa Ket,2024-Q2,2024,2,200.91419611363395,173.5644020487908,11.933150279860598,9469.0,1437.0,True,Northeastern,4,1442000,83332,161,8586.79,274605.61
Sing Buri,2024-Q2,2024,2,268.33820854555745,221.7656038483305,7.1400679117147705,3534.0,444.0,True,Central,3,200000,142428,245,14676.23,469345.84
Songkhla,2024-Q2,2024,2,235.7528617697685,194.41891372466364,11.072891418133278,28467.0,2170.0,True,Southern,2,1431000,145123,185,14953.93,478226.73
Sukhothai,2024-Q2,2024,2,231.14983024400465,210.31230893287253,7.732956330505812,9549.0,1032.0,True,Northern,3,573000,80170,86,8260.97,264185.8
Suphan Buri,2024-Q2,2024,2,271.89301266110687,225.60241167551172,6.744351781652767,13190.0,1817.0,True,Western,3,822000,107792,152,11107.23,355209.13
Surat Thani,2024-Q2,2024,2,241.8535578707049,205.2713368205069,10.04756812993093,34603.0,2969.0,True,Southern,2,1077000,154835,81,15954.69,510230.87
Surin,2024-Q2,2024,2,220.89025732899023,189.29237824499063,10.142730233935444,10131.0,1546.0,True,Northeastern,4,1360000,81675,153,8416.05,269145.26
Tak,2024-Q2,2024,2,168.67725724934775,150.44715281401415,18.52881103242639,13415.0,980.0,True,Northern,3,699000,114952,40,11845.02,378803.63
Trang,2024-Q2,2024,2,229.51886801718845,191.9984639349294,13.877378759975445,6516.0,872.0,True,Southern,3,635000,109656,134,11299.3,361351.61
Trat,2024-Q2,2024,2,196.7180444486476,168.69627501418572,9.387932665027426,5287.0,687.0,True,Eastern,2,227000,160025,77,16489.48,527333.58
Ubon Ratchathani,2024-Q2,2024,2,272.91360694764967,230.59362875015185,11.626199441272924,16466.0,2011.0,True,Northeastern,4,1868000,78275,119,8065.7,257941.17
Udon Thani,2024-Q2,2024,2,260.23255267262897,217.1315696755408,8.675280782029951,19232.0,2285.0,True,Northeastern,4,1552000,90818,140,9358.17,299274.37
Uthai Thani,2024-Q2,2024,2,236.7465460385439,211.3633964750453,9.39565145774996,6071.0,627.0,True,Northern,3,320000,101640,48,10473.31,334936.33
Uttaradit,2024-Q2,2024,2,241.29439326792965,206.50835284167792,7.749492557510149,5912.0,756.0,True,Northern,3,436000,103567,55,10671.87,341286.41
Yala,2024-Q2,2024,2,206.5041137577002,186.22408706365505,15.76570841889117,4870.0,490.0,True,Southern,4,553000,105453,124,10866.21,347501.38
Yasothon,2024-Q2,2024,2,231.73693961429024,207.13950901043316,12.89598482453367,3163.0,554.0,True,Northeastern,4,525000,70327,127,7246.72,231749.97
Amnat Charoen,2024-Q3,2024,3,206.76931319910517,183.94772706935123,15.280014914243102,2682.0,443.0,True,Northeastern,4,372000,77048,113,7939.27,253897.82
Ang Thong,2024-Q3,2024,3,238.08148500545252,199.25065894220285,6.725736095965104,3668.0,504.0,True,Central,3,269000,142287,283,14661.7,468881.2
Bangkok Metropolis,2024-Q3,2024,3,301.3588190226053,241.2752395508448,6.245950725077349,481259.0,3715.0,True,Bangkok & Vicinity,1,5456000,593927,3488,61200.11,1957179.52
Bueng Kan,2024-Q3,2024,3,236.28658990980836,197.1561214768884,13.777057497181511,3548.0,612.0,True,Northeastern,4,419000,80159,105,8259.84,264149.56
Buri Ram,2024-Q3,2024,3,249.15961292626315,212.66829075165148,8.909837529012677,11202.0,1598.0,True,Northeastern,4,1566000,80684,155,8313.93,265879.6
Chachoengsao,2024-Q3,2024,3,267.5626538240918,221.62983087954112,6.81123326959847,20920.0,2065.0,True,Eastern,2,733000,400385,142,41256.93,1319396.7
Chai Nat,2024-Q3,2024,3,255.07335596429536,212.73337949688937,11.061130646470112,3697.0,606.0,True,Central,3,314000,135667,131,13979.56,447066.18
Chaiyaphum,2024-Q3,2024,3,245.8285970358268,205.56125323841755,9.452328159645234,8569.0,1207.0,True,Northeastern,4,1106000,73134,88,7535.96,240999.93
Chanthaburi,2024-Q3,2024,3,250.5990780610413,228.4835007540395,8.367755834829444,13925.0,1635.0,True,Eastern,2,536000,243317,83,25072.15,801807.38
Chiang Mai,2024-Q3,2024,3,266.7125325604855,217.0409771508174,8.272412854466559,62453.0,3866.0,True,Northern,2,1799000,133306,79,13736.27,439285.93
Chiang Rai,2024-Q3,2024,3,248.7283505362268,203.29423684608025,12.520215497709078,19861.0,2374.0,True,Northern,3,1298000,90203,112,9294.8,297247.75
Chon Buri,2024-Q3,2024,3,280.8970331449904,229.5128203208556,5.544173140954495,99110.0,3853.0,True,Eastern,1,1636000,524002,363,53994.82,1726754.27
Chumphon,2024-Q3,2024,3,260.4684347146208,220.322165102945,14.03427156632786,7674.0,1181.0,True,Southern,2,508000,259853,84,26776.07,856298.79
Kalasin,2024-Q3,2024,3,273.6891170690623,226.61870760808532,7.4035654126895,7124.0,1190.0,True,Northeastern,4,962000,77397,139,7975.23,255047.88
Kamphaeng Phet,2024-Q3,2024,3,249.30225914014895,222.114653689912,10.299847664184156,11816.0,1238.0,True,Northern,3,701000,141987,82,14630.79,467892.6
Kanchanaburi,2024-Q3,2024,3,246.68712685396463,206.70760938391328,7.055904164289789,14024.0,1803.0,True,Western,3,896000,127365,46,13124.09,419708.43
Khon Kaen,2024-Q3,2024,3,270.3708770139182,219.68012429354704,6.883677773091523,23710.0,2166.0,True,Northeastern,3,1772000,124489,166,12827.74,410231.09
Krabi,2024-Q3,2024,3,209.01311848688223,180.91727236119584,18.19231238560097,8195.0,877.0,True,Southern,2,484000,168552,91,17368.13,555432.78
Lampang,2024-Q3,2024,3,256.30679221135387,206.37953003016727,9.05411829234848,10939.0,1189.0,True,Northern,3,704000,104754,56,10794.18,345197.95
Lamphun,2024-Q3,2024,3,254.23785960508704,210.400827811245,9.981425702811244,5976.0,829.0,True,Northern,2,397000,226464,89,23335.56,746271.35
Loei,2024-Q3,2024,3,250.1057843225084,219.27102407614785,12.505599104143338,8930.0,1025.0,True,Northeastern,4,632000,105205,60,10840.65,346684.14
Lop Buri,2024-Q3,2024,3,269.31063964127185,217.92552260168492,6.547151010055258,11039.0,1432.0,True,Central,3,725000,142287,111,14661.7,468881.2
Mae Hong Son,2024-Q3,2024,3,145.50834789156625,130.137728313253,55.69036144578313,3320.0,386.0,True,Northern,4,288000,65653,23,6765.09,216347.64
Maha Sarakham,2024-Q3,2024,3,240.99907182901197,200.7173878766643,8.200070077084794,8562.0,1087.0,True,Northeastern,4,930000,85228,165,8782.16,280853.53
Mukdahan,2024-Q3,2024,3,216.8596329947845,185.3852709305517,12.049684326104858,3643.0,582.0,True,Northeastern,4,351000,67203,85,6924.81,221455.39
Nakhon Nayok,2024-Q3,2024,3,234.44336966438576,198.69309677419355,8.600521342456826,6138.0,821.0,True,Eastern,3,260000,115666,121,11918.59,381156.48
Nakhon Pathom,2024-Q3,2024,3,301.16131279899287,244.4995195691705,5.779605539236257,35745.0,2463.0,True,Bangkok & Vicinity,2,926000,297901,432,30696.66,981679.12
Nakhon Phanom,2024-Q3,2024,3,223.05595440821256,192.16660054347827,13.205314009661835,6624.0,973.0,True,Northeastern,4,711000,87122,125,8977.33,287094.87
Nakhon Ratchasima,2024-Q3,2024,3,267.5791284942501,219.14339691542065,7.442108094779081,44609.0,4809.0,True,Northeastern,3,2620000,126119,126,12995.7,415602.46
Nakhon Sawan,2024-Q3,2024,3,253.146679405102,219.8714975376736,8.860583078892939,20306.0,1756.0,True,Northern,3,1014000,119856,106,12350.34,394963.87
Nakhon Si Thammarat,2024-Q3,2024,3,256.8204247644824,222.23569603914015,13.642950085879352,19213.0,2923.0,True,Southern,3,1535000,122494,154,12622.17,403656.93
Nan,2024-Q3,2024,3,228.16733252230333,194.5044914841849,16.897161394971615,6165.0,708.0,True,Northern,4,471000,81233,39,8370.5,267688.73
Narathiwat,2024-Q3,2024,3,222.16787540405525,189.5450340875698,16.693505730238027,3403.0,545.0,True,Southern,4,824000,61787,183,6366.73,203607.94
Nong Bua Lam Phu,2024-Q3,2024,3,209.17786105505908,189.7147610262324,10.552608820985874,3469.0,736.0,True,Northeastern,4,504000,63568,123,6550.25,209476.9
Nong Khai,2024-Q3,2024,3,251.064308310992,207.78099011394104,10.493967828418231,5968.0,777.0,True,Northeastern,4,512000,97617,156,10058.76,321679.25
Nonthaburi,2024-Q3,2024,3,323.56216938828567,259.5440468101965,5.918561895682964,80773.0,1283.0,True,Bangkok & Vicinity,1,1318000,193641,2069,19953.38,638109.06
Pathum Thani,2024-Q3,2024,3,324.9598069786689,259.2081424166377,5.43938382678805,74914.0,2310.0,True,Bangkok & Vicinity,1,1236000,230401,813,23741.25,759245.02
Pattani,2024-Q3,2024,3,197.78419245894057,167.1742373351839,13.678464029609067,4323.0,565.0,True,Southern,4,741000,78131,375,8050.86,257466.65
Phangnga,2024-Q3,2024,3,221.1970047646274,199.30579302458543,26.38326662854965,5247.0,665.0,True,Southern,2,266000,194282,49,20019.43,640221.36
Phatthalung,2024-Q3,2024,3,233.1077555941777,202.75891049315663,14.182706930262873,4603.0,693.0,True,Southern,3,519000,81529,135,8401.01,268664.14
Phayao,2024-Q3,2024,3,230.03014267834797,189.7943411407116,13.483282674772036,5593.0,751.0,True,Northern,3,455000,96550,74,9948.82,318163.15
Phetchabun,2024-Q3,2024,3,226.80937365525676,199.9464968826406,12.631051344743277,16360.0,1600.0,True,Northern,3,961000,88485,75,9117.77,291586.39
Phetchaburi,2024-Q3,2024,3,259.573813512966,218.48286831442465,6.695705024311184,9872.0,1183.0,True,Western,3,484100,144370,76,14876.34,475745.35
Phichit,2024-Q3,2024,3,252.039607010931,233.7612027139088,10.913682623445156,13265.0,1145.0,True,Northern,3,517000,93950,120,9680.9,309595.31
Phitsanulok,2024-Q3,2024,3,239.7520826791769,205.53348743555205,8.086998931673557,21529.0,1578.0,True,Northern,3,839000,113013,78,11645.22,372414.0
Phra Nakhon Si Ayutthaya,2024-Q3,2024,3,270.5653836129277,222.82751175244053,4.9795280068239975,21102.0,1766.0,True,Central,1,823000,468579,323,48283.86,1544117.75
Phrae,2024-Q3,2024,3,254.71704014748056,199.21557189676363,12.942031954117166,4882.0,678.0,True,Northern,3,422000,82755,65,8527.34,272704.21
Phuket,2024-Q3,2024,3,240.49882297726072,196.1544895822316,14.234135378106824,37820.0,844.0,True,Southern,1,430000,165343,786,17037.46,544858.1
Prachin Buri,2024-Q3,2024,3,243.0000690409869,204.84259802361055,7.833731264093381,15078.0,1243.0,True,Eastern,1,501000,490499,100,50542.56,1616351.17
Prachuap Khiri Khan,2024-Q3,2024,3,282.4382496897655,233.68004212657567,9.229704134282542,15311.0,1656.0,True,Western,2,552000,192326,87,19817.88,633775.72
Ranong,2024-Q3,2024,3,220.410378563886,190.14471277719116,16.263463569165786,1894.0,283.0,True,Southern,3,193000,105256,59,10845.91,346852.2
Ratchaburi,2024-Q3,2024,3,277.34534471116046,225.654914712548,5.734887378012118,21621.0,2108.0,True,Western,2,864000,221383,167,22812.0,729527.83
Rayong,2024-Q3,2024,3,289.0837613016858,248.04639416813444,6.274175962425564,35769.0,2838.0,True,Eastern,1,782000,955119,213,98418.47,3147422.75
Roi Et,2024-Q3,2024,3,254.9054740408913,213.6472297266253,7.839995405467493,8706.0,1377.0,True,Northeastern,4,1276000,78688,162,8108.26,259302.14
Sa Kaeo,2024-Q3,2024,3,243.6641640443642,219.5308101624968,14.331054939386124,7754.0,874.0,True,Eastern,4,562000,73744,80,7598.81,243010.08
Sakon Nakhon,2024-Q3,2024,3,238.42022717749177,199.3232857427916,11.596428215105258,10023.0,1488.0,True,Northeastern,4,1138000,72117,118,7431.16,237648.59
Samut Prakan,2024-Q3,2024,3,321.2474996305918,245.34886657212996,6.161455230105579,83918.0,1619.0,True,Bangkok & Vicinity,1,1381000,283160,1458,29177.7,933102.81
Samut Sakhon,2024-Q3,2024,3,316.73104318986964,257.50932701439666,5.852830330896209,26534.0,1257.0,True,Bangkok & Vicinity,1,591000,391442,682,40335.42,1289926.65
Samut Songkhram,2024-Q3,2024,3,261.65250235902045,216.11671085149405,6.497416310941362,4451.0,420.0,True,Western,2,187000,160089,452,16496.08,527544.48
Saraburi,2024-Q3,2024,3,279.32510910468494,227.0249025129436,5.700909205707792,15838.0,1914.0,True,Central,1,639000,323556,182,33340.23,1066220.56
Satun,2024-Q3,2024,3,197.02701263994223,172.90872878295414,18.533405561574572,2769.0,405.0,True,Southern,3,325000,113481,108,11693.44,373956.21
Si Sa Ket,2024-Q3,2024,3,211.53976565874729,184.7440862850972,11.793088552915767,9260.0,1365.0,True,Northeastern,4,1442000,83332,161,8586.79,274605.61
Sing Buri,2024-Q3,2024,3,246.238686026936,210.96772755331088,7.088383838383838,3564.0,415.0,True,Central,3,200000,142428,245,14676.23,469345.84
Songkhla,2024-Q3,2024,3,241.5710417337319,206.14065785237983,11.174522878822716,26094.0,1986.0,True,Southern,2,1431000,145123,185,14953.93,478226.73
Sukhothai,2024-Q3,2024,3,248.90358307497988,216.03221598346536,8.792972786772305,8709.0,925.0,True,Northern,3,573000,80170,86,8260.97,264185.8
Suphan Buri,2024-Q3,2024,3,274.2838086481948,236.81372141057932,6.557850545759866,11910.0,1768.0,True,Western,3,822000,107792,152,11107.23,355209.13
Surat Thani,2024-Q3,2024,3,245.5968044642301,205.8554677790922,12.508996949131436,32122.0,2971.0,True,Southern,2,1077000,154835,81,15954.69,510230.87
Surin,2024-Q3,2024,3,233.21287518340995,198.8222452313411,10.462095275359484,10223.0,1513.0,True,Northeastern,4,1360000,81675,153,8416.05,269145.26
Tak,2024-Q3,2024,3,178.36594076904703,155.8827451636016,20.564923174906458,12561.0,940.0,True,Northern,3,699000,114952,40,11845.02,378803.63
Trang,2024-Q3,2024,3,215.13095787101247,182.18130634535368,13.911581137309293,5768.0,795.0,True,Southern,3,635000,109656,134,11299.3,361351.61
Trat,2024-Q3,2024,3,231.04919050529747,203.73915220048897,8.625305623471883,4908.0,623.0,True,Eastern,2,227000,160025,77,16489.48,527333.58
Ubon Ratchathani,2024-Q3,2024,3,268.9040792641936,220.4567615962843,11.03923485913341,16363.0,1853.0,True,Northeastern,4,1868000,78275,119,8065.7,257941.17
Udon Thani,2024-Q3,2024,3,256.4867176639021,223.35434355252767,8.803268167456556,20256.0,2278.0,True,Northeastern,4,1552000,90818,140,9358.17,299274.37
Uthai Thani,2024-Q3,2024,3,256.69892431231847,226.56369366137025,10.216982743892022,5853.0,573.0,True,Northern,3,320000,101640,48,10473.31,334936.33
Uttaradit,2024-Q3,2024,3,248.940817264372,213.37482267075148,10.29338619571094,5549.0,736.0,True,Northern,3,436000,103567,55,10671.87,341286.41
Yala,2024-Q3,2024,3,197.38280268948657,174.39555819070904,15.312224938875303,4090.0,468.0,True,Southern,4,553000,105453,124,10866.21,347501.38
Yasothon,2024-Q3,2024,3,231.2997867730901,212.02109996199164,13.96731280881794,2631.0,512.0,True,Northeastern,4,525000,70327,127,7246.72,231749.97
Amnat Charoen,2024-Q4,2024,4,268.6319519274376,223.55341723356008,14.680272108843536,2205.0,461.0,True,Northeastern,4,372000,77048,113,7939.27,253897.82
Ang Thong,2024-Q4,2024,4,244.2522841756421,206.66674123170395,5.802540734603701,3621.0,487.0,True,Central,3,269000,142287,283,14661.7,468881.2
Bangkok Metropolis,2024-Q4,2024,4,315.11587629563235,251.85687151445936,6.0619656869513525,427301.0,3751.0,True,Bangkok & Vicinity,1,5456000,593927,3488,61200.11,1957179.52
Bueng Kan,2024-Q4,2024,4,238.86602107728336,205.66849113415856,13.879223820675811,2989.0,609.0,True,Northeastern,4,419000,80159,105,8259.84,264149.56
Buri Ram,2024-Q4,2024,4,247.29526801505173,208.8775136406397,9.310253998118531,10630.0,1714.0,True,Northeastern,4,1566000,80684,155,8313.93,265879.6
Chachoengsao,2024-Q4,2024,4,285.9007691003497,238.7316416763802,5.801313976899438,18874.0,2005.0,True,Eastern,2,733000,400385,142,41256.93,1319396.7
Chai Nat,2024-Q4,2024,4,269.2650139703828,222.98404330818664,9.774238614138028,3579.0,621.0,True,Central,3,314000,135667,131,13979.56,447066.18
Chaiyaphum,2024-Q4,2024,4,239.26458679744667,199.53655270123,8.9237116612175,6423.0,1177.0,True,Northeastern,4,1106000,73134,88,7535.96,240999.93
Chanthaburi,2024-Q4,2024,4,257.2494541521052,228.9012636045931,7.996921284739558,12018.0,1576.0,True,Eastern,2,536000,243317,83,25072.15,801807.38
Chiang Mai,2024-Q4,2024,4,277.95695763604255,227.1184372964829,5.771898844913896,61727.0,3949.0,True,Northern,2,1799000,133306,79,13736.27,439285.93
Chiang Rai,2024-Q4,2024,4,249.2057456746506,209.59326284615787,10.111393983477944,19247.0,2392.0,True,Northern,3,1298000,90203,112,9294.8,297247.75
Chon Buri,2024-Q4,2024,4,288.9835751344813,234.5584407274193,5.386436218183362,94251.0,3810.0,True,Eastern,1,1636000,524002,363,53994.82,1726754.27
Chumphon,2024-Q4,2024,4,267.6347990430622,227.27374162679425,13.389670700816213,7106.0,1143.0,True,Southern,2,508000,259853,84,26776.07,856298.79
Kalasin,2024-Q4,2024,4,289.88168568534775,236.1899912221472,7.396016205266711,5924.0,1245.0,True,Northeastern,4,962000,77397,139,7975.23,255047.88
Kamphaeng Phet,2024-Q4,2024,4,266.099774826493,227.3249891183275,12.363550681175564,11671.0,1175.0,True,Northern,3,701000,141987,82,14630.79,467892.6
Kanchanaburi,2024-Q4,2024,4,269.02004205347936,218.35037903673728,6.959930175355074,12603.0,1769.0,True,Western,3,896000,127365,46,13124.09,419708.43
Khon Kaen,2024-Q4,2024,4,279.9644285306433,223.8209583650552,6.528073848496383,21016.0,2190.0,True,Northeastern,3,1772000,124489,166,12827.74,410231.09
Krabi,2024-Q4,2024,4,199.9153651927216,172.7579277049501,17.59137155155547,10222.0,923.0,True,Southern,2,484000,168552,91,17368.13,555432.78
Lampang,2024-Q4,2024,4,260.24518025841985,212.20488921838597,6.436560050836687,9442.0,1190.0,True,Northern,3,704000,104754,56,10794.18,345197.95
Lamphun,2024-Q4,2024,4,262.0132962134251,216.13267108433732,5.478829604130809,5810.0,874.0,True,Northern,2,397000,226464,89,23335.56,746271.35
Loei,2024-Q4,2024,4,268.2699874446086,237.3479547021172,12.35869030034466,8124.0,1042.0,True,Northeastern,4,632000,105205,60,10840.65,346684.14
Lop Buri,2024-Q4,2024,4,289.054627153616,226.90761054369133,6.60053646961725,9693.0,1365.0,True,Central,3,725000,142287,111,14661.7,468881.2
Mae Hong Son,2024-Q4,2024,4,134.9109512858556,119.55110633036598,33.76508407517309,4044.0,450.0,True,Northern,4,288000,65653,23,6765.09,216347.64
Maha Sarakham,2024-Q4,2024,4,258.06093041775455,213.6596100522193,7.406527415143604,7660.0,1101.0,True,Northeastern,4,930000,85228,165,8782.16,280853.53
Mukdahan,2024-Q4,2024,4,201.9143708731873,170.6255560012342,12.832150570811478,3241.0,573.0,True,Northeastern,4,351000,67203,85,6924.81,221455.39
Nakhon Nayok,2024-Q4,2024,4,247.72252162436547,203.77901969543143,8.742131979695431,4925.0,796.0,True,Eastern,3,260000,115666,121,11918.59,381156.48
Nakhon Pathom,2024-Q4,2024,4,308.6021608018837,253.41133390018967,5.576263980639675,30578.0,2383.0,True,Bangkok & Vicinity,2,926000,297901,432,30696.66,981679.12
Nakhon Phanom,2024-Q4,2024,4,245.02808894272368,206.14109863298148,11.888908115590931,5779.0,1005.0,True,Northeastern,4,711000,87122,125,8977.33,287094.87
Nakhon Ratchasima,2024-Q4,2024,4,269.15926870492785,222.14872152944716,6.505684094551282,39936.0,4769.0,True,Northeastern,3,2620000,126119,126,12995.7,415602.46
Nakhon Sawan,2024-Q4,2024,4,270.450385144577,227.35905100505212,8.388906804256692,18606.0,1734.0,True,Northern,3,1014000,119856,106,12350.34,394963.87
Nakhon Si Thammarat,2024-Q4,2024,4,272.5033258792999,236.5592381977804,14.65010214786594,18111.0,2966.0,True,Southern,3,1535000,122494,154,12622.17,403656.93
Nan,2024-Q4,2024,4,222.91827369402984,192.56508768656715,13.13115671641791,5360.0,785.0,True,Northern,4,471000,81233,39,8370.5,267688.73
Narathiwat,2024-Q4,2024,4,237.35314187699092,201.1964261210488,14.8600833129135,4081.0,592.0,True,Southern,4,824000,61787,183,6366.73,203607.94
Nong Bua Lam Phu,2024-Q4,2024,4,223.24316544342503,187.60136116207948,11.617125382262996,3270.0,729.0,True,Northeastern,4,504000,63568,123,6550.25,209476.9
Nong Khai,2024-Q4,2024,4,262.70215424579004,221.3060025080616,11.05499820852741,5582.0,795.0,True,Northeastern,4,512000,97617,156,10058.76,321679.25
Nonthaburi,2024-Q4,2024,4,342.23904989492235,271.9423538471968,5.681174157684225,73755.0,1279.0,True,Bangkok & Vicinity,1,1318000,193641,2069,19953.38,638109.06
Pathum Thani,2024-Q4,2024,4,339.7414633014126,270.3137247183239,5.110641437508646,65057.0,2187.0,True,Bangkok & Vicinity,1,1236000,230401,813,23741.25,759245.02
Pattani,2024-Q4,2024,4,209.56927116512992,177.74378688181054,13.16450125733445,4772.0,639.0,True,Southern,4,741000,78131,375,8050.86,257466.65
Phangnga,2024-Q4,2024,4,205.68747066420664,181.2401970479705,18.41789667896679,5420.0,722.0,True,Southern,2,266000,194282,49,20019.43,640221.36
Phatthalung,2024-Q4,2024,4,243.7499595874553,209.23270679856876,13.490002104820038,4751.0,704.0,True,Southern,3,519000,81529,135,8401.01,268664.14
Phayao,2024-Q4,2024,4,230.3470403790688,193.198558302431,9.525751957148744,4854.0,729.0,True,Northern,3,455000,96550,74,9948.82,318163.15
Phetchabun,2024-Q4,2024,4,242.8077722211738,206.180599987419,11.929798075108511,15897.0,1600.0,True,Northern,3,961000,88485,75,9117.77,291586.39
Phetchaburi,2024-Q4,2024,4,268.08962644188114,221.17180545696544,6.798802129547471,9016.0,1214.0,True,Western,3,484100,144370,76,14876.34,475745.35
Phichit,2024-Q4,2024,4,278.368482331572,251.63713152245705,8.593956406869221,12112.0,990.0,True,Northern,3,517000,93950,120,9680.9,309595.31
Phitsanulok,2024-Q4,2024,4,247.9029626695028,212.69429678277052,7.928636001063547,18805.0,1562.0,True,Northern,3,839000,113013,78,11645.22,372414.0
Phra Nakhon Si Ayutthaya,2024-Q4,2024,4,277.34467453057295,225.3055760980046,4.763333868292944,18693.0,1718.0,True,Central,1,823000,468579,323,48283.86,1544117.75
Phrae,2024-Q4,2024,4,252.5936474280732,210.9047183958152,9.003487358326067,5735.0,719.0,True,Northern,3,422000,82755,65,8527.34,272704.21
Phuket,2024-Q4,2024,4,243.79836825013217,197.59069924225255,14.351760944540946,39723.0,862.0,True,Southern,1,430000,165343,786,17037.46,544858.1
Prachin Buri,2024-Q4,2024,4,269.6638597725102,223.1006495615177,7.79447772857515,11517.0,1315.0,True,Eastern,1,501000,490499,100,50542.56,1616351.17
Prachuap Khiri Khan,2024-Q4,2024,4,276.2847496418543,229.63727368059136,9.059022405592804,17451.0,1597.0,True,Western,2,552000,192326,87,19817.88,633775.72
Ranong,2024-Q4,2024,4,246.5367012919897,220.36858294573645,15.542118863049096,1935.0,257.0,True,Southern,3,193000,105256,59,10845.91,346852.2
Ratchaburi,2024-Q4,2024,4,287.8933430907014,229.7737540421951,5.733245176414017,16637.0,2085.0,True,Western,2,864000,221383,167,22812.0,729527.83
Rayong,2024-Q4,2024,4,291.4738572842255,247.55977468534496,6.223335498036305,32337.0,2663.0,True,Eastern,1,782000,955119,213,98418.47,3147422.75
Roi Et,2024-Q4,2024,4,254.7289399181765,216.30691817650492,7.506370543541788,8555.0,1380.0,True,Northeastern,4,1276000,78688,162,8108.26,259302.14
Sa Kaeo,2024-Q4,2024,4,289.02977166666665,249.88775574074077,9.120555555555557,5400.0,872.0,True,Eastern,4,562000,73744,80,7598.81,243010.08
Sakon Nakhon,2024-Q4,2024,4,224.63087937436703,196.07574738381905,10.965342635310003,8887.0,1487.0,True,Northeastern,4,1138000,72117,118,7431.16,237648.59
Samut Prakan,2024-Q4,2024,4,332.439609085781,255.36075610332023,5.7197392068635295,76229.0,1602.0,True,Bangkok & Vicinity,1,1381000,283160,1458,29177.7,933102.81
Samut Sakhon,2024-Q4,2024,4,322.0495267341612,262.62964624693507,6.101914102665507,25286.0,1237.0,True,Bangkok & Vicinity,1,591000,391442,682,40335.42,1289926.65
Samut Songkhram,2024-Q4,2024,4,262.54896663270506,229.3982315333673,7.277636271013755,3926.0,417.0,True,Western,2,187000,160089,452,16496.08,527544.48
Saraburi,2024-Q4,2024,4,286.78972436214576,225.72440964025728,5.659481235422998,14149.0,1848.0,True,Central,1,639000,323556,182,33340.23,1066220.56
Satun,2024-Q4,2024,4,187.13022237242316,165.63851132139237,17.453869550523827,2959.0,431.0,True,Southern,3,325000,113481,108,11693.44,373956.21
Si Sa Ket,2024-Q4,2024,4,243.9466942190161,207.0508132451658,10.92826370103196,9981.0,1383.0,True,Northeastern,4,1442000,83332,161,8586.79,274605.61
Sing Buri,2024-Q4,2024,4,272.6458108311395,217.1144261000376,7.641970665663783,2659.0,377.0,True,Central,3,200000,142428,245,14676.23,469345.84
Songkhla,2024-Q4,2024,4,256.4296401926408,217.57747611000804,9.037134045878924,23671.0,2026.0,True,Southern,2,1431000,145123,185,14953.93,478226.73
Sukhothai,2024-Q4,2024,4,238.21879084240945,207.0490487886197,8.917537230495666,8998.0,934.0,True,Northern,3,573000,80170,86,8260.97,264185.8
Suphan Buri,2024-Q4,2024,4,277.7075321092453,234.59783317955345,6.8424986159808086,10838.0,1624.0,True,Western,3,822000,107792,152,11107.23,355209.13
Surat Thani,2024-Q4,2024,4,250.523936585054,210.4936014511283,12.80281915233651,31286.0,2934.0,True,Southern,2,1077000,154835,81,15954.69,510230.87
Surin,2024-Q4,2024,4,237.3050341652801,200.01782617859124,10.036494731003884,9015.0,1527.0,True,Northeastern,4,1360000,81675,153,8416.05,269145.26
Tak,2024-Q4,2024,4,183.90677083148853,151.72913317984592,19.221907376250776,11293.0,946.0,True,Northern,3,699000,114952,40,11845.02,378803.63
Trang,2024-Q4,2024,4,254.7762995092885,214.60074062390464,14.133193130038556,5706.0,801.0,True,Southern,3,635000,109656,134,11299.3,361351.61
Trat,2024-Q4,2024,4,206.76806901217864,177.41523719311812,10.748501836458535,5173.0,606.0,True,Eastern,2,227000,160025,77,16489.48,527333.58
Ubon Ratchathani,2024-Q4,2024,4,280.6451624134654,229.3209659970137,10.861205375322385,14734.0,1865.0,True,Northeastern,4,1868000,78275,119,8065.7,257941.17
Udon Thani,2024-Q4,2024,4,269.5437003686739,232.41266484191712,8.269522958328679,17902.0,2260.0,True,Northeastern,4,1552000,90818,140,9358.17,299274.37
Uthai Thani,2024-Q4,2024,4,259.2715169622205,216.4066397455667,8.404587509637626,5188.0,608.0,True,Northern,3,320000,101640,48,10473.31,334936.33
Uttaradit,2024-Q4,2024,4,247.61977219716997,212.73164468978385,11.010418286425129,6431.0,784.0,True,Northern,3,436000,103567,55,10671.87,341286.41
Yala,2024-Q4,2024,4,233.33823702231055,196.00000485973047,15.21404903909874,4527.0,464.0,True,Southern,4,553000,105453,124,10866.21,347501.38
Yasothon,2024-Q4,2024,4,247.1759336902801,214.76375906095552,13.73846787479407,2428.0,526.0,True,Northeastern,4,525000,70327,127,7246.72,231749.97
Amnat Charoen,2025-Q1,2025,1,270.9330578338591,228.3890320715037,13.766561514195583,1902.0,400.0,True,Northeastern,4,372000,77048,113,7939.27,253897.82
Ang Thong,2025-Q1,2025,1,263.98511100803955,219.5964344465059,6.090290661719233,3234.0,461.0,True,Central,3,269000,142287,283,14661.7,468881.2
Bangkok Metropolis,2025-Q1,2025,1,319.5612052747901,259.01662480521674,6.036482458206352,420339.0,3738.0,True,Bangkok & Vicinity,1,5456000,593927,3488,61200.11,1957179.52
Bueng Kan,2025-Q1,2025,1,245.62211485691887,215.9473277146217,14.363386907095256,2551.0,614.0,True,Northeastern,4,419000,80159,105,8259.84,264149.56
Buri Ram,2025-Q1,2025,1,246.11879312904253,216.09525893330508,8.696850811154702,9431.0,1608.0,True,Northeastern,4,1566000,80684,155,8313.93,265879.6
Chachoengsao,2025-Q1,2025,1,297.70627986040074,249.65414182562128,6.011673385883627,16619.0,1907.0,True,Eastern,2,733000,400385,142,41256.93,1319396.7
Chai Nat,2025-Q1,2025,1,266.2595703678704,234.59522274721564,9.931488356395546,2963.0,590.0,True,Central,3,314000,135667,131,13979.56,447066.18
Chaiyaphum,2025-Q1,2025,1,268.70887599601593,229.53385491367865,9.18210491367862,6024.0,1138.0,True,Northeastern,4,1106000,73134,88,7535.96,240999.93
Chanthaburi,2025-Q1,2025,1,268.5180963945451,231.03327003549413,7.926863441061087,10706.0,1501.0,True,Eastern,2,536000,243317,83,25072.15,801807.38
Chiang Mai,2025-Q1,2025,1,285.52260667315693,233.9622610496504,7.74905743871139,56495.0,3845.0,True,Northern,2,1799000,133306,79,13736.27,439285.93
Chiang Rai,2025-Q1,2025,1,249.22472221232104,212.1204808412048,9.877858967504308,16833.0,2270.0,True,Northern,3,1298000,90203,112,9294.8,297247.75
Chon Buri,2025-Q1,2025,1,300.0739174610732,245.01869594338703,5.476156984104656,92417.0,3768.0,True,Eastern,1,1636000,524002,363,53994.82,1726754.27
Chumphon,2025-Q1,2025,1,260.3952358490566,220.6419733001068,14.89569241723033,5618.0,1049.0,True,Southern,2,508000,259853,84,26776.07,856298.79
Kalasin,2025-Q1,2025,1,287.1079460844608,238.8045381303813,7.762197621976219,4878.0,1141.0,True,Northeastern,4,962000,77397,139,7975.23,255047.88
Kamphaeng Phet,2025-Q1,2025,1,259.03838089571616,221.82080863262655,9.71960190393769,9244.0,1087.0,True,Northern,3,701000,141987,82,14630.79,467892.6
Kanchanaburi,2025-Q1,2025,1,270.72878448062147,222.72769928105117,7.965705313610445,12101.0,1742.0,True,Western,3,896000,127365,46,13124.09,419708.43
Khon Kaen,2025-Q1,2025,1,293.4553896426619,240.7098495104617,6.942646985736295,20121.0,2204.0,True,Northeastern,3,1772000,124489,166,12827.74,410231.09
Krabi,2025-Q1,2025,1,204.95732031085907,175.2122633900441,18.630224742701117,9522.0,892.0,True,Southern,2,484000,168552,91,17368.13,555432.78
Lampang,2025-Q1,2025,1,292.8950905014749,238.18303551622415,8.68306784660767,8475.0,1232.0,True,Northern,3,704000,104754,56,10794.18,345197.95
Lamphun,2025-Q1,2025,1,265.6751986704653,219.04816030389364,8.34985754985755,5265.0,826.0,True,Northern,2,397000,226464,89,23335.56,746271.35
Loei,2025-Q1,2025,1,270.4892108564844,241.37301741134297,11.921648956599666,7811.0,997.0,True,Northeastern,4,632000,105205,60,10840.65,346684.14
Lop Buri,2025-Q1,2025,1,298.63027869238005,239.17748341956727,6.44379115710254,8504.0,1271.0,True,Central,3,725000,142287,111,14661.7,468881.2
Mae Hong Son,2025-Q1,2025,1,162.65374529012811,146.14162509419742,19.201959306706858,2654.0,385.0,True,Northern,4,288000,65653,23,6765.09,216347.64
Maha Sarakham,2025-Q1,2025,1,245.8807404134212,210.21410335530257,9.299880167765128,6676.0,991.0,True,Northeastern,4,930000,85228,165,8782.16,280853.53
Mukdahan,2025-Q1,2025,1,212.48318169112508,182.67862368972743,10.742138364779874,2862.0,531.0,True,Northeastern,4,351000,67203,85,6924.81,221455.39
Nakhon Nayok,2025-Q1,2025,1,265.1103620299049,226.2198706388763,8.599682827367467,4414.0,774.0,True,Eastern,3,260000,115666,121,11918.59,381156.48
Nakhon Pathom,2025-Q1,2025,1,330.4329135409412,266.679491194906,5.767154180346897,30153.0,2335.0,True,Bangkok & Vicinity,2,926000,297901,432,30696.66,981679.12
Nakhon Phanom,2025-Q1,2025,1,246.5272531037245,211.72854985983184,11.810172206647978,4994.0,956.0,True,Northeastern,4,711000,87122,125,8977.33,287094.87
Nakhon Ratchasima,2025-Q1,2025,1,286.687013654188,232.42572874996475,6.282731966033797,35447.0,4378.0,True,Northeastern,3,2620000,126119,126,12995.7,415602.46
Nakhon Sawan,2025-Q1,2025,1,279.93158342114504,239.08286260391057,8.820161573586232,17082.0,1559.0,True,Northern,3,1014000,119856,106,12350.34,394963.87
Nakhon Si Thammarat,2025-Q1,2025,1,276.430298947248,243.477126787962,14.703398558187436,17478.0,2733.0,True,Southern,3,1535000,122494,154,12622.17,403656.93
Nan,2025-Q1,2025,1,235.8851410636841,209.40309883588225,12.689796850034238,4381.0,668.0,True,Northern,4,471000,81233,39,8370.5,267688.73
Narathiwat,2025-Q1,2025,1,245.5905622439332,201.8516968168925,14.192562243933189,3173.0,515.0,True,Southern,4,824000,61787,183,6366.73,203607.94
Nong Bua Lam Phu,2025-Q1,2025,1,235.2794385682038,197.70512028377945,11.783295711060948,3101.0,700.0,True,Northeastern,4,504000,63568,123,6550.25,209476.9
Nong Khai,2025-Q1,2025,1,281.82059919597987,227.05684301507537,10.885829145728644,4975.0,734.0,True,Northeastern,4,512000,97617,156,10058.76,321679.25
Nonthaburi,2025-Q1,2025,1,342.0740651263998,276.52031791218536,5.779313116753521,72152.0,1286.0,True,Bangkok & Vicinity,1,1318000,193641,2069,19953.38,638109.06
Pathum Thani,2025-Q1,2025,1,350.53469500316254,285.41423720746366,5.175031625553447,63240.0,2223.0,True,Bangkok & Vicinity,1,1236000,230401,813,23741.25,759245.02
Pattani,2025-Q1,2025,1,220.70359424225964,191.73107170016291,13.214828897338403,3682.0,543.0,True,Southern,4,741000,78131,375,8050.86,257466.65
Phangnga,2025-Q1,2025,1,204.0047103167253,177.15637192072606,18.72735691794777,5399.0,732.0,True,Southern,2,266000,194282,49,20019.43,640221.36
Phatthalung,2025-Q1,2025,1,252.53760376864696,224.50183616854227,12.757916775713165,3821.0,641.0,True,Southern,3,519000,81529,135,8401.01,268664.14
Phayao,2025-Q1,2025,1,248.5711177802945,209.25005821064556,11.269535673839185,4415.0,691.0,True,Northern,3,455000,96550,74,9948.82,318163.15
Phetchabun,2025-Q1,2025,1,249.7716512401884,215.27575265306123,11.63547880690738,15925.0,1469.0,True,Northern,3,961000,88485,75,9117.77,291586.39
Phetchaburi,2025-Q1,2025,1,274.0636538242982,225.66904318672576,6.897033753835663,8799.0,1151.0,True,Western,3,484100,144370,76,14876.34,475745.35
Phichit,2025-Q1,2025,1,283.30670801859384,249.2200765059074,8.23135773774937,10326.0,911.0,True,Northern,3,517000,93950,120,9680.9,309595.31
Phitsanulok,2025-Q1,2025,1,275.320993455202,230.08280517941773,7.658542089821711,17724.0,1543.0,True,Northern,3,839000,113013,78,11645.22,372414.0
Phra Nakhon Si Ayutthaya,2025-Q1,2025,1,284.6703770220683,240.4288979275415,4.581011938601479,19349.0,1675.0,True,Central,1,823000,468579,323,48283.86,1544117.75
Phrae,2025-Q1,2025,1,277.5323548461185,228.30706729444188,11.215893431327515,4354.0,675.0,True,Northern,3,422000,82755,65,8527.34,272704.21
Phuket,2025-Q1,2025,1,244.95936605185776,199.8026973001871,14.605105586741512,37410.0,857.0,True,Southern,1,430000,165343,786,17037.46,544858.1
Prachin Buri,2025-Q1,2025,1,279.5501977074236,232.97526506550216,7.864192139737991,9160.0,1193.0,True,Eastern,1,501000,490499,100,50542.56,1616351.17
Prachuap Khiri Khan,2025-Q1,2025,1,275.3207805835482,230.8368244668385,9.232306069838296,17068.0,1555.0,True,Western,2,552000,192326,87,19817.88,633775.72
Ranong,2025-Q1,2025,1,246.5531963582677,213.39408612204724,15.45521653543307,2032.0,231.0,True,Southern,3,193000,105256,59,10845.91,346852.2
Ratchaburi,2025-Q1,2025,1,293.7918478756199,242.39801628468035,5.600120627261761,14922.0,1913.0,True,Western,2,864000,221383,167,22812.0,729527.83
Rayong,2025-Q1,2025,1,306.6129682714857,256.0226123603256,6.193578424610291,28996.0,2643.0,True,Eastern,1,782000,955119,213,98418.47,3147422.75
Roi Et,2025-Q1,2025,1,263.68009577784073,225.21967667894583,8.15868517993766,7058.0,1222.0,True,Northeastern,4,1276000,78688,162,8108.26,259302.14
Sa Kaeo,2025-Q1,2025,1,287.0974948988724,252.26731304814749,9.562913907284768,5587.0,892.0,True,Eastern,4,562000,73744,80,7598.81,243010.08
Sakon Nakhon,2025-Q1,2025,1,245.45047607346092,203.77536458872217,10.249482669425763,7732.0,1423.0,True,Northeastern,4,1138000,72117,118,7431.16,237648.59
Samut Prakan,2025-Q1,2025,1,340.3615157107814,275.2870220119664,5.7820737452789785,77049.0,1625.0,True,Bangkok & Vicinity,1,1381000,283160,1458,29177.7,933102.81
Samut Sakhon,2025-Q1,2025,1,330.4634027458904,268.4330920653871,5.824226283405271,21778.0,1210.0,True,Bangkok & Vicinity,1,591000,391442,682,40335.42,1289926.65
Samut Songkhram,2025-Q1,2025,1,300.2904135783245,255.31322454064156,6.53939582684522,3211.0,385.0,True,Western,2,187000,160089,452,16496.08,527544.48
Saraburi,2025-Q1,2025,1,310.6384104435255,252.0000799481067,5.675991243006568,12333.0,1799.0,True,Central,1,639000,323556,182,33340.23,1066220.56
Satun,2025-Q1,2025,1,161.36173402374337,161.14291614043952,22.83480676938621,3959.0,440.0,True,Southern,3,325000,113481,108,11693.44,373956.21
Si Sa Ket,2025-Q1,2025,1,248.03528919112384,217.52552386065375,10.448580291099976,8382.0,1289.0,True,Northeastern,4,1442000,83332,161,8586.79,274605.61
Sing Buri,2025-Q1,2025,1,292.07443944506934,233.89717285339333,6.467941507311586,2667.0,378.0,True,Central,3,200000,142428,245,14676.23,469345.84
Songkhla,2025-Q1,2025,1,266.08157470967745,225.1009865376344,9.391612903225807,23250.0,1916.0,True,Southern,2,1431000,145123,185,14953.93,478226.73
Sukhothai,2025-Q1,2025,1,257.6704174649963,216.75689437484647,8.433800049127978,8142.0,901.0,True,Northern,3,573000,80170,86,8260.97,264185.8
Suphan Buri,2025-Q1,2025,1,279.86814064914995,233.60216479907265,6.91016228748068,10352.0,1626.0,True,Western,3,822000,107792,152,11107.23,355209.13
Surat Thani,2025-Q1,2025,1,248.66502591680705,210.94310097835947,13.28741739017753,30868.0,2777.0,True,Southern,2,1077000,154835,81,15954.69,510230.87
Surin,2025-Q1,2025,1,246.9882486856584,216.67388164812323,9.526347964298814,8179.0,1458.0,True,Northeastern,4,1360000,81675,153,8416.05,269145.26
Tak,2025-Q1,2025,1,190.83766611372224,157.6836141369459,18.38383559118975,10851.0,919.0,True,Northern,3,699000,114952,40,11845.02,378803.63
Trang,2025-Q1,2025,1,258.9575862587764,228.76837495820797,14.779839518555669,5982.0,786.0,True,Southern,3,635000,109656,134,11299.3,361351.61
Trat,2025-Q1,2025,1,219.1109839374864,184.09563946168876,10.538745387453874,4607.0,559.0,True,Eastern,2,227000,160025,77,16489.48,527333.58
Ubon Ratchathani,2025-Q1,2025,1,309.7260266854977,246.9120909090909,9.900988627072028,13453.0,1705.0,True,Northeastern,4,1868000,78275,119,8065.7,257941.17
Udon Thani,2025-Q1,2025,1,271.8613480086302,230.9307567788209,8.208350341127762,17149.0,2058.0,True,Northeastern,4,1552000,90818,140,9358.17,299274.37
Uthai Thani,2025-Q1,2025,1,276.01095000000004,247.48053783783783,9.153474903474905,5180.0,538.0,True,Northern,3,320000,101640,48,10473.31,334936.33
Uttaradit,2025-Q1,2025,1,297.4505247090572,251.7012949907236,9.773148928993084,5929.0,762.0,True,Northern,3,436000,103567,55,10671.87,341286.41
Yala,2025-Q1,2025,1,239.42562392940567,208.8902823773683,13.766156241889435,3853.0,467.0,True,Southern,4,553000,105453,124,10866.21,347501.38
Yasothon,2025-Q1,2025,1,276.6143448119619,239.8116520163117,11.827820570910738,2207.0,490.0,True,Northeastern,4,525000,70327,127,7246.72,231749.97
Amnat Charoen,2025-Q2,2025,2,279.9828644452859,236.91353956834533,14.446800454373344,2641.0,474.0,True,Northeastern,4,372000,77048,113,7939.27,253897.82
Ang Thong,2025-Q2,2025,2,255.87031669611304,212.21843661660776,6.240061837455831,4528.0,516.0,True,Central,3,269000,142287,283,14661.7,468881.2
Bangkok Metropolis,2025-Q2,2025,2,327.0303294810301,267.23323370009945,6.045235187726344,476598.0,3769.0,True,Bangkok & Vicinity,1,5456000,593927,3488,61200.11,1957179.52
Bueng Kan,2025-Q2,2025,2,248.29288813694268,219.9167444267516,13.748009554140127,2512.0,624.0,True,Northeastern,4,419000,80159,105,8259.84,264149.56
Buri Ram,2025-Q2,2025,2,249.43033214285717,217.5426591269841,8.825714285714286,12600.0,1929.0,True,Northeastern,4,1566000,80684,155,8313.93,265879.6
Chachoengsao,2025-Q2,2025,2,302.8915256258675,256.03972605767746,6.437259034596206,19453.0,2253.0,True,Eastern,2,733000,400385,142,41256.93,1319396.7
Chai Nat,2025-Q2,2025,2,275.78774471621944,237.6264747090952,10.345523628591785,4211.0,671.0,True,Central,3,314000,135667,131,13979.56,447066.18
Chaiyaphum,2025-Q2,2025,2,269.66071911421915,225.2233747086247,8.65034965034965,6864.0,1274.0,True,Northeastern,4,1106000,73134,88,7535.96,240999.93
Chanthaburi,2025-Q2,2025,2,303.4050493024615,256.6456149295158,8.217149952523556,13691.0,1747.0,True,Eastern,2,536000,243317,83,25072.15,801807.38
Chiang Mai,2025-Q2,2025,2,299.3808328064903,246.29619056665476,12.004873946962736,64219.0,4006.0,True,Northern,2,1799000,133306,79,13736.27,439285.93
Chiang Rai,2025-Q2,2025,2,261.62600238009003,223.62010379262173,12.268639726807056,19327.0,2438.0,True,Northern,3,1298000,90203,112,9294.8,297247.75
Chon Buri,2025-Q2,2025,2,323.74976611731205,262.9615163372846,5.745533816449001,101149.0,4041.0,True,Eastern,1,1636000,524002,363,53994.82,1726754.27
Chumphon,2025-Q2,2025,2,249.3629685950413,210.05306746806912,15.09511645379414,6655.0,1059.0,True,Southern,2,508000,259853,84,26776.07,856298.79
Kalasin,2025-Q2,2025,2,301.68654435092265,247.1956443832956,8.083198446099061,6178.0,1295.0,True,Northeastern,4,962000,77397,139,7975.23,255047.88
Kamphaeng Phet,2025-Q2,2025,2,332.0177367391836,278.89529479344907,9.44414568565143,12273.0,1270.0,True,Northern,3,701000,141987,82,14630.79,467892.6
Kanchanaburi,2025-Q2,2025,2,265.0354836225862,223.4889099853337,10.612197506722072,16364.0,1946.0,True,Western,3,896000,127365,46,13124.09,419708.43
Khon Kaen,2025-Q2,2025,2,287.6904617529039,231.63207455121437,6.9455121436114045,23675.0,2358.0,True,Northeastern,3,1772000,124489,166,12827.74,410231.09
Krabi,2025-Q2,2025,2,227.00002755127247,189.2420903138127,18.56399802322708,8094.0,919.0,True,Southern,2,484000,168552,91,17368.13,555432.78
Lampang,2025-Q2,2025,2,293.9668154628688,235.0903252288912,10.401424211597153,9830.0,1288.0,True,Northern,3,704000,104754,56,10794.18,345197.95
Lamphun,2025-Q2,2025,2,250.9173579096937,212.1225446795074,8.57136090937796,6334.0,932.0,True,Northern,2,397000,226464,89,23335.56,746271.35
Loei,2025-Q2,2025,2,258.96152891225233,235.05986625556005,11.380913869793773,9892.0,1085.0,True,Northeastern,4,632000,105205,60,10840.65,346684.14
Lop Buri,2025-Q2,2025,2,314.59588342620884,252.45790814308825,6.978788423512493,11126.0,1372.0,True,Central,3,725000,142287,111,14661.7,468881.2
Mae Hong Son,2025-Q2,2025,2,152.82337384412153,140.93593031704094,84.47886393659181,3028.0,420.0,True,Northern,4,288000,65653,23,6765.09,216347.64
Maha Sarakham,2025-Q2,2025,2,257.73756214873873,228.3031160632597,8.724611161939615,7651.0,1170.0,True,Northeastern,4,930000,85228,165,8782.16,280853.53
Mukdahan,2025-Q2,2025,2,221.01500876168225,190.32779585280372,11.72517523364486,3424.0,653.0,True,Northeastern,4,351000,67203,85,6924.81,221455.39
Nakhon Nayok,2025-Q2,2025,2,259.9205991823676,224.12556967650195,8.754710273729115,5626.0,895.0,True,Eastern,3,260000,115666,121,11918.59,381156.48
Nakhon Pathom,2025-Q2,2025,2,340.73764826530913,274.0572286143071,5.29688373598564,33983.0,2433.0,True,Bangkok & Vicinity,2,926000,297901,432,30696.66,981679.12
Nakhon Phanom,2025-Q2,2025,2,241.0723113122172,202.55102769230768,12.160361990950229,5525.0,954.0,True,Northeastern,4,711000,87122,125,8977.33,287094.87
Nakhon Ratchasima,2025-Q2,2025,2,286.4189889864526,237.751517837431,6.018740592072253,39860.0,4685.0,True,Northeastern,3,2620000,126119,126,12995.7,415602.46
Nakhon Sawan,2025-Q2,2025,2,313.1144966823111,273.39254798511087,8.075902249554945,24716.0,1804.0,True,Northern,3,1014000,119856,106,12350.34,394963.87
Nakhon Si Thammarat,2025-Q2,2025,2,266.46172766843296,229.1874882664648,16.767931491294473,21136.0,3102.0,True,Southern,3,1535000,122494,154,12622.17,403656.93
Nan,2025-Q2,2025,2,237.8803412273476,207.02869563426688,22.77738879736409,4856.0,731.0,True,Northern,4,471000,81233,39,8370.5,267688.73
Narathiwat,2025-Q2,2025,2,256.6984685266313,215.6208918607332,14.733686880332026,4337.0,624.0,True,Southern,4,824000,61787,183,6366.73,203607.94
Nong Bua Lam Phu,2025-Q2,2025,2,235.64329110279297,201.74179239850272,11.984451482867838,3473.0,784.0,True,Northeastern,4,504000,63568,123,6550.25,209476.9
Nong Khai,2025-Q2,2025,2,274.8082812558752,225.9763365294228,11.85410791502162,5319.0,798.0,True,Northeastern,4,512000,97617,156,10058.76,321679.25
Nonthaburi,2025-Q2,2025,2,344.96596864970195,289.1611207473636,5.8633768913342506,87240.0,1313.0,True,Bangkok & Vicinity,1,1318000,193641,2069,19953.38,638109.06
Pathum Thani,2025-Q2,2025,2,356.8527088824586,289.9179690067061,5.153087672623047,72919.0,2320.0,True,Bangkok & Vicinity,1,1236000,230401,813,23741.25,759245.02
Pattani,2025-Q2,2025,2,231.3373444333996,194.52045228628228,14.106361829025843,4024.0,590.0,True,Southern,4,741000,78131,375,8050.86,257466.65
Phangnga,2025-Q2,2025,2,244.36768570835065,208.214878479435,18.008724553385957,4814.0,725.0,True,Southern,2,266000,194282,49,20019.43,640221.36
Phatthalung,2025-Q2,2025,2,245.05848147295745,213.93547663981587,13.714614499424624,4345.0,803.0,True,Southern,3,519000,81529,135,8401.01,268664.14
Phayao,2025-Q2,2025,2,236.88180242100944,198.2713044727124,13.52379975379565,4874.0,760.0,True,Northern,3,455000,96550,74,9948.82,318163.15
Phetchabun,2025-Q2,2025,2,304.017101261813,272.40801135103743,11.664062087534978,18941.0,1714.0,True,Northern,3,961000,88485,75,9117.77,291586.39
Phetchaburi,2025-Q2,2025,2,301.9349344739093,249.4562065868264,6.82480752780154,11690.0,1289.0,True,Western,3,484100,144370,76,14876.34,475745.35
Phichit,2025-Q2,2025,2,333.93233155487803,305.0141089939024,8.82593368902439,10496.0,994.0,True,Northern,3,517000,93950,120,9680.9,309595.31
Phitsanulok,2025-Q2,2025,2,303.8214152407027,255.9381596623317,8.295505361624459,21915.0,1702.0,True,Northern,3,839000,113013,78,11645.22,372414.0
Phra Nakhon Si Ayutthaya,2025-Q2,2025,2,292.746972752427,239.2492946114524,4.475589738779721,21323.0,1745.0,True,Central,1,823000,468579,323,48283.86,1544117.75
Phrae,2025-Q2,2025,2,257.4094471266823,213.69946250801112,14.060884426404614,4681.0,712.0,True,Northern,3,422000,82755,65,8527.34,272704.21
Phuket,2025-Q2,2025,2,272.41686015417974,221.9526486689954,13.88267887256083,33208.0,872.0,True,Southern,1,430000,165343,786,17037.46,544858.1
Prachin Buri,2025-Q2,2025,2,311.00974740546883,265.2612988899919,8.175796408266402,11081.0,1482.0,True,Eastern,1,501000,490499,100,50542.56,1616351.17
Prachuap Khiri Khan,2025-Q2,2025,2,288.2236708845133,236.72081957903836,9.252823899759274,16201.0,1658.0,True,Western,2,552000,192326,87,19817.88,633775.72
Ranong,2025-Q2,2025,2,257.6713662388944,218.493038005923,16.725567620927936,2026.0,254.0,True,Southern,3,193000,105256,59,10845.91,346852.2
Ratchaburi,2025-Q2,2025,2,300.8729235373084,252.18489635305963,5.774918894730955,17878.0,2107.0,True,Western,2,864000,221383,167,22812.0,729527.83
Rayong,2025-Q2,2025,2,314.42584105960265,257.6520057875036,6.076043766196372,34730.0,2860.0,True,Eastern,1,782000,955119,213,98418.47,3147422.75
Roi Et,2025-Q2,2025,2,268.60517904099,238.6223396171694,7.59338747099768,10344.0,1548.0,True,Northeastern,4,1276000,78688,162,8108.26,259302.14
Sa Kaeo,2025-Q2,2025,2,291.53367043771044,261.59732013468016,12.48942760942761,7425.0,1026.0,True,Eastern,4,562000,73744,80,7598.81,243010.08
Sakon Nakhon,2025-Q2,2025,2,240.12847627453016,208.40814391028968,10.831793167895338,9631.0,1525.0,True,Northeastern,4,1138000,72117,118,7431.16,237648.59
Samut Prakan,2025-Q2,2025,2,348.33240765340776,284.33401504156643,5.733122715461005,92743.0,1660.0,True,Bangkok & Vicinity,1,1381000,283160,1458,29177.7,933102.81
Samut Sakhon,2025-Q2,2025,2,320.4920733341168,260.04351310377245,5.845653621655502,25527.0,1237.0,True,Bangkok & Vicinity,1,591000,391442,682,40335.42,1289926.65
Samut Songkhram,2025-Q2,2025,2,301.9358272727273,255.79500133037692,6.768070953436808,4510.0,448.0,True,Western,2,187000,160089,452,16496.08,527544.48
Saraburi,2025-Q2,2025,2,313.5363242783269,252.6114489755842,5.639261635137789,15277.0,1923.0,True,Central,1,639000,323556,182,33340.23,1066220.56
Satun,2025-Q2,2025,2,190.65926002227167,182.3145579064588,18.521158129175948,3592.0,461.0,True,Southern,3,325000,113481,108,11693.44,373956.21
Si Sa Ket,2025-Q2,2025,2,257.041743158802,220.0001228183581,10.496013790131435,9282.0,1433.0,True,Northeastern,4,1442000,83332,161,8586.79,274605.61
Sing Buri,2025-Q2,2025,2,281.79143521295737,235.8221277744451,6.885122975404919,3334.0,403.0,True,Central,3,200000,142428,245,14676.23,469345.84
Songkhla,2025-Q2,2025,2,279.7261540872291,234.1474271163676,9.452523971197254,26803.0,2162.0,True,Southern,2,1431000,145123,185,14953.93,478226.73
Sukhothai,2025-Q2,2025,2,310.05722909967847,264.53790445567296,9.386311437758383,8708.0,1028.0,True,Northern,3,573000,80170,86,8260.97,264185.8
Suphan Buri,2025-Q2,2025,2,288.2764412032064,239.14927402693996,6.958019998347244,12101.0,1825.0,True,Western,3,822000,107792,152,11107.23,355209.13
Surat Thani,2025-Q2,2025,2,264.8676226866258,224.30651213600183,13.208195486258967,30529.0,3024.0,True,Southern,2,1077000,154835,81,15954.69,510230.87
Surin,2025-Q2,2025,2,250.04943600642295,211.7339687352413,10.049589118730518,10587.0,1639.0,True,Northeastern,4,1360000,81675,153,8416.05,269145.26
Tak,2025-Q2,2025,2,219.13001414110192,185.50938134610925,18.953326636272312,12941.0,1004.0,True,Northern,3,699000,114952,40,11845.02,378803.63
Trang,2025-Q2,2025,2,218.1224953064605,200.01892338487025,16.49530646051905,7244.0,898.0,True,Southern,3,635000,109656,134,11299.3,361351.61
Trat,2025-Q2,2025,2,266.0597877777778,221.26749240740745,9.713148148148148,5400.0,722.0,True,Eastern,2,227000,160025,77,16489.48,527333.58
Ubon Ratchathani,2025-Q2,2025,2,297.45624394646745,246.8407964519141,9.947027699968876,16065.0,1949.0,True,Northeastern,4,1868000,78275,119,8065.7,257941.17
Udon Thani,2025-Q2,2025,2,286.9947621742785,240.83353157747268,8.527486690949846,17845.0,2077.0,True,Northeastern,4,1552000,90818,140,9358.17,299274.37
Uthai Thani,2025-Q2,2025,2,310.7949461538462,285.6168826513912,9.52176759410802,6110.0,656.0,True,Northern,3,320000,101640,48,10473.31,334936.33
Uttaradit,2025-Q2,2025,2,333.7568505871238,283.8454497233095,9.642731812660278,7409.0,880.0,True,Northern,3,436000,103567,55,10671.87,341286.41
Yala,2025-Q2,2025,2,234.2391643586833,197.41353234960272,15.67650397275823,4405.0,482.0,True,Southern,4,553000,105453,124,10866.21,347501.38
Yasothon,2025-Q2,2025,2,264.6683799699925,229.69744186046512,12.87959489872468,2666.0,527.0,True,Northeastern,4,525000,70327,127,7246.72,231749.97
Amnat Charoen,2025-Q4,2025,4,280.51372099447514,234.41716252302027,13.154235727440147,2172.0,422.0,True,Northeastern,4,372000,77048,113,7939.27,253897.82
Ang Thong,2025-Q4,2025,4,278.61330218805443,237.9123255470136,7.712004730928444,3382.0,493.0,True,Central,3,269000,142287,283,14661.7,468881.2
Bangkok Metropolis,2025-Q4,2025,4,357.0597066050256,286.4041742024773,6.016651908438692,475441.0,3766.0,True,Bangkok & Vicinity,1,5456000,593927,3488,61200.11,1957179.52
Bueng Kan,2025-Q4,2025,4,260.5503392857143,231.9178664596273,13.45496894409938,2576.0,573.0,True,Northeastern,4,419000,80159,105,8259.84,264149.56
Buri Ram,2025-Q4,2025,4,262.92649585464807,225.96584565179043,8.050273416828365,11338.0,1897.0,True,Northeastern,4,1566000,80684,155,8313.93,265879.6
Chachoengsao,2025-Q4,2025,4,315.82819992901926,261.9146951378209,5.850171536732521,16906.0,2057.0,True,Eastern,2,733000,400385,142,41256.93,1319396.7
Chai Nat,2025-Q4,2025,4,279.2904689483853,245.6661219983439,10.5169748826939,3623.0,706.0,True,Central,3,314000,135667,131,13979.56,447066.18
Chaiyaphum,2025-Q4,2025,4,265.42928103961174,226.5366416157821,8.648661343353687,6387.0,1273.0,True,Northeastern,4,1106000,73134,88,7535.96,240999.93
Chanthaburi,2025-Q4,2025,4,329.7025804168305,270.65004089657884,8.210853322847031,12715.0,1651.0,True,Eastern,2,536000,243317,83,25072.15,801807.38
Chiang Mai,2025-Q4,2025,4,294.04488652653737,243.6583167700097,13.079953353433073,70316.0,4124.0,True,Northern,2,1799000,133306,79,13736.27,439285.93
Chiang Rai,2025-Q4,2025,4,259.6482270759544,226.05651948051948,13.491320127683764,22869.0,2520.0,True,Northern,3,1298000,90203,112,9294.8,297247.75
Chon Buri,2025-Q4,2025,4,335.4930900953717,265.5612319489955,5.348195684718544,95521.0,3913.0,True,Eastern,1,1636000,524002,363,53994.82,1726754.27
Chumphon,2025-Q4,2025,4,261.56990382115936,218.00857915258644,11.74473615804523,7694.0,1085.0,True,Southern,2,508000,259853,84,26776.07,856298.79
Kalasin,2025-Q4,2025,4,298.4325079235419,258.52420666557754,8.198496977618037,6121.0,1158.0,True,Northeastern,4,962000,77397,139,7975.23,255047.88
Kamphaeng Phet,2025-Q4,2025,4,330.15495995323005,281.80067368215924,8.127935301568742,10263.0,1229.0,True,Northern,3,701000,141987,82,14630.79,467892.6
Kanchanaburi,2025-Q4,2025,4,303.19429264503793,244.45778239827925,9.226504152476547,16737.0,2131.0,True,Western,3,896000,127365,46,13124.09,419708.43
Khon Kaen,2025-Q4,2025,4,305.4682043603036,247.91853147565263,6.78142936493242,21604.0,2150.0,True,Northeastern,3,1772000,124489,166,12827.74,410231.09
Krabi,2025-Q4,2025,4,220.61153487681804,188.18847551202137,16.12852478480261,10107.0,956.0,True,Southern,2,484000,168552,91,17368.13,555432.78
Lampang,2025-Q4,2025,4,266.6904105901928,228.4880976803367,6.950474699031027,10217.0,1294.0,True,Northern,3,704000,104754,56,10794.18,345197.95
Lamphun,2025-Q4,2025,4,266.3338472410164,228.61795519470755,5.553300255600662,6651.0,854.0,True,Northern,2,397000,226464,89,23335.56,746271.35
Loei,2025-Q4,2025,4,280.5235993249759,230.21618820315007,13.353262616522018,6222.0,952.0,True,Northeastern,4,632000,105205,60,10840.65,346684.14
Lop Buri,2025-Q4,2025,4,325.3895571223507,259.9740881533395,6.352275605843114,11843.0,1555.0,True,Central,3,725000,142287,111,14661.7,468881.2
Mae Hong Son,2025-Q4,2025,4,144.15454955113535,135.05504559056504,124.65745467347298,5681.0,528.0,True,Northern,4,288000,65653,23,6765.09,216347.64
Maha Sarakham,2025-Q4,2025,4,266.3731944565375,224.36495748077203,8.335800319257002,6891.0,1079.0,True,Northeastern,4,930000,85228,165,8782.16,280853.53
Mukdahan,2025-Q4,2025,4,277.2923333333333,222.3044520686176,12.548604103599056,2973.0,568.0,True,Northeastern,4,351000,67203,85,6924.81,221455.39
Nakhon Nayok,2025-Q4,2025,4,284.40104823151125,240.88458672214867,8.098732740684698,5287.0,827.0,True,Eastern,3,260000,115666,121,11918.59,381156.48
Nakhon Pathom,2025-Q4,2025,4,349.6583088048056,279.02221047305017,5.05017792432503,30631.0,2254.0,True,Bangkok & Vicinity,2,926000,297901,432,30696.66,981679.12
Nakhon Phanom,2025-Q4,2025,4,267.9520676982592,219.65528521188676,12.250747318445578,5687.0,932.0,True,Northeastern,4,711000,87122,125,8977.33,287094.87
Nakhon Ratchasima,2025-Q4,2025,4,310.9426352674307,258.1668600047756,5.755754536771729,41880.0,4998.0,True,Northeastern,3,2620000,126119,126,12995.7,415602.46
Nakhon Sawan,2025-Q4,2025,4,335.72709252047804,293.8452973456873,7.416454053086254,22341.0,1689.0,True,Northern,3,1014000,119856,106,12350.34,394963.87
Nakhon Si Thammarat,2025-Q4,2025,4,298.0672716932771,253.0671642548193,12.326587280397288,18727.0,2918.0,True,Southern,3,1535000,122494,154,12622.17,403656.93
Nan,2025-Q4,2025,4,236.1579439170183,198.88126828410688,46.71466244725738,5688.0,782.0,True,Northern,4,471000,81233,39,8370.5,267688.73
Narathiwat,2025-Q4,2025,4,283.71025420375867,247.36119856577645,15.475024727992087,4044.0,606.0,True,Southern,4,824000,61787,183,6366.73,203607.94
Nong Bua Lam Phu,2025-Q4,2025,4,261.59355275697754,220.69012049012932,12.01361470388019,2938.0,611.0,True,Northeastern,4,504000,63568,123,6550.25,209476.9
Nong Khai,2025-Q4,2025,4,294.4778420824295,239.728678308026,12.843817787418654,4610.0,808.0,True,Northeastern,4,512000,97617,156,10058.76,321679.25
Nonthaburi,2025-Q4,2025,4,372.6347997288204,302.7968773790991,5.747401195199116,79652.0,1291.0,True,Bangkok & Vicinity,1,1318000,193641,2069,19953.38,638109.06
Pathum Thani,2025-Q4,2025,4,379.43455369605175,309.0973407222122,5.101905722695928,72361.0,2312.0,True,Bangkok & Vicinity,1,1236000,230401,813,23741.25,759245.02
Pattani,2025-Q4,2025,4,278.5985059923298,237.1810802972196,12.592281879194632,4172.0,613.0,True,Southern,4,741000,78131,375,8050.86,257466.65
Phangnga,2025-Q4,2025,4,253.83446509029972,213.43567957549803,17.16644945075405,5371.0,755.0,True,Southern,2,266000,194282,49,20019.43,640221.36
Phatthalung,2025-Q4,2025,4,244.9468892333709,212.1818131341601,12.966178128523111,3548.0,712.0,True,Southern,3,519000,81529,135,8401.01,268664.14
Phayao,2025-Q4,2025,4,241.41331679595888,200.94495760418545,9.97023272596067,5543.0,754.0,True,Northern,3,455000,96550,74,9948.82,318163.15
Phetchabun,2025-Q4,2025,4,320.3504064759711,277.4703920138222,10.602098931336789,15627.0,1664.0,True,Northern,3,961000,88485,75,9117.77,291586.39
Phetchaburi,2025-Q4,2025,4,326.7876714108911,264.6573857850071,6.2181753889674685,11312.0,1262.0,True,Western,3,484100,144370,76,14876.34,475745.35
Phichit,2025-Q4,2025,4,328.4654110181713,301.5409548120373,7.481780598019421,10401.0,892.0,True,Northern,3,517000,93950,120,9680.9,309595.31
Phitsanulok,2025-Q4,2025,4,325.2779984838435,284.9410430209419,6.717284184592059,21106.0,1689.0,True,Northern,3,839000,113013,78,11645.22,372414.0
Phra Nakhon Si Ayutthaya,2025-Q4,2025,4,308.2751834384153,252.90050464181104,4.527875688824902,20143.0,1796.0,True,Central,1,823000,468579,323,48283.86,1544117.75
Phrae,2025-Q4,2025,4,262.8926032265097,222.68479943318076,10.132766514061478,4587.0,630.0,True,Northern,3,422000,82755,65,8527.34,272704.21
Phuket,2025-Q4,2025,4,280.372968010422,233.02148428264695,10.411883911123978,41451.0,876.0,True,Southern,1,430000,165343,786,17037.46,544858.1
Prachin Buri,2025-Q4,2025,4,338.96459323503905,282.1791662330153,8.06379493109762,10377.0,1360.0,True,Eastern,1,501000,490499,100,50542.56,1616351.17
Prachuap Khiri Khan,2025-Q4,2025,4,303.0938198490883,251.44796321525885,8.92187172500524,19084.0,1596.0,True,Western,2,552000,192326,87,19817.88,633775.72
Ranong,2025-Q4,2025,4,248.332155,221.88047954545456,13.549090909090909,2200.0,314.0,True,Southern,3,193000,105256,59,10845.91,346852.2
Ratchaburi,2025-Q4,2025,4,309.5779311270125,256.56760345855696,5.179308288610614,16770.0,2181.0,True,Western,2,864000,221383,167,22812.0,729527.83
Rayong,2025-Q4,2025,4,340.3069803927281,278.422006759119,5.74965039039739,34324.0,2831.0,True,Eastern,1,782000,955119,213,98418.47,3147422.75
Roi Et,2025-Q4,2025,4,284.1069305997708,240.66895606774483,8.334139819177384,7853.0,1425.0,True,Northeastern,4,1276000,78688,162,8108.26,259302.14
Sa Kaeo,2025-Q4,2025,4,301.4814136629553,253.10453972447635,9.390262313644085,5299.0,938.0,True,Eastern,4,562000,73744,80,7598.81,243010.08
Sakon Nakhon,2025-Q4,2025,4,272.1089120381698,221.7112675556643,11.874113041350624,8174.0,1288.0,True,Northeastern,4,1138000,72117,118,7431.16,237648.59
Samut Prakan,2025-Q4,2025,4,374.18117368224296,300.30655197507787,5.708735202492212,80250.0,1653.0,True,Bangkok & Vicinity,1,1381000,283160,1458,29177.7,933102.81
Samut Sakhon,2025-Q4,2025,4,358.1298262732616,292.2137790564806,5.573620633365981,24504.0,1244.0,True,Bangkok & Vicinity,1,591000,391442,682,40335.42,1289926.65
Samut Songkhram,2025-Q4,2025,4,327.15895446313067,275.8158833117723,6.424579560155239,3865.0,406.0,True,Western,2,187000,160089,452,16496.08,527544.48
Saraburi,2025-Q4,2025,4,337.07869601436266,267.63886951526035,5.149802513464991,13925.0,1882.0,True,Central,1,639000,323556,182,33340.23,1066220.56
Satun,2025-Q4,2025,4,191.9234264354067,167.2153995215311,16.754186602870814,3344.0,442.0,True,Southern,3,325000,113481,108,11693.44,373956.21
Si Sa Ket,2025-Q4,2025,4,283.31419213839695,238.51182147609785,10.853823318661073,9769.0,1447.0,True,Northeastern,4,1442000,83332,161,8586.79,274605.61
Sing Buri,2025-Q4,2025,4,287.5906759474091,244.2062006960557,6.643851508120649,2586.0,443.0,True,Central,3,200000,142428,245,14676.23,469345.84
Songkhla,2025-Q4,2025,4,307.1639527280902,257.2471728379203,8.961848485821639,31139.0,2269.0,True,Southern,2,1431000,145123,185,14953.93,478226.73
Sukhothai,2025-Q4,2025,4,326.9420728013978,285.63780559114736,7.777402446126966,8585.0,949.0,True,Northern,3,573000,80170,86,8260.97,264185.8
Suphan Buri,2025-Q4,2025,4,298.08110042010014,251.5743846340281,7.08708999838423,12378.0,1982.0,True,Western,3,822000,107792,152,11107.23,355209.13
Surat Thani,2025-Q4,2025,4,294.2706251633987,243.67054281045756,10.010555555555555,30600.0,2892.0,True,Southern,2,1077000,154835,81,15954.69,510230.87
Surin,2025-Q4,2025,4,274.0821439060206,233.86893350115375,10.159009859450387,9534.0,1642.0,True,Northeastern,4,1360000,81675,153,8416.05,269145.26
Tak,2025-Q4,2025,4,238.86060307161628,206.99208270367936,18.527431011826543,12176.0,1019.0,True,Northern,3,699000,114952,40,11845.02,378803.63
Trang,2025-Q4,2025,4,249.95743173493173,206.5253692973693,16.743756243756245,6006.0,855.0,True,Southern,3,635000,109656,134,11299.3,361351.61
Trat,2025-Q4,2025,4,262.3736114927123,213.47691388842352,9.580331713854918,5969.0,667.0,True,Eastern,2,227000,160025,77,16489.48,527333.58
Ubon Ratchathani,2025-Q4,2025,4,342.1601565892413,280.81370980653764,10.457577779125478,16489.0,1890.0,True,Northeastern,4,1868000,78275,119,8065.7,257941.17
Udon Thani,2025-Q4,2025,4,298.91285723435226,247.4366666084425,8.966870451237263,17175.0,2023.0,True,Northeastern,4,1552000,90818,140,9358.17,299274.37
Uthai Thani,2025-Q4,2025,4,338.6746501714846,300.4032763351299,8.378409276498449,6123.0,702.0,True,Northern,3,320000,101640,48,10473.31,334936.33
Uttaradit,2025-Q4,2025,4,336.1474616163077,281.9365625271071,8.847332658667051,6917.0,811.0,True,Northern,3,436000,103567,55,10671.87,341286.41
Yala,2025-Q4,2025,4,252.2913034119533,221.0788303182963,15.42202885275933,4367.0,524.0,True,Southern,4,553000,105453,124,10866.21,347501.38
Yasothon,2025-Q4,2025,4,273.2491629583203,261.8200849263554,12.958633657160764,3191.0,495.0,True,Northeastern,4,525000,70327,127,7246.72,231749.97
