province,quarter,year,quarter.1,avg_d_mbps,avg_u_mbps,avg_lat_ms_wt,total_tests,n_tiles,is_reliable,region,internet_tier,pop_2024,gdp_per_capita_raw_2021,density_per_km2,gdp_per_capita_usd_ppp_2021,gdp_per_capita_thb_2021
An Giang,2023-Q1,2023,1,47.876127767879865,25.24484016289132,30.916263680325784,3929.0,804.0,True,Mekong Delta,1,2057000,3791.46,540,10591.12,338704.14
Bà Rịa–Vũng Tàu,2023-Q1,2023,1,48.88663025679196,24.92530387048753,28.251209527353925,5374.0,716.0,True,Southeast,1,1303000,36786.39,580,102759.68,3286254.54
Bình Dương,2023-Q1,2023,1,46.2913345963013,23.906776815516466,28.603969327920613,11085.0,1255.0,True,Southeast,2,2564000,3663.54,901,10233.79,327276.61
Bình Phước,2023-Q1,2023,1,50.37995423438837,22.586146706586828,33.221556886227546,2338.0,743.0,True,Southeast,2,1313000,3606.56,145,10074.62,322186.39
Bình Thuận,2023-Q1,2023,1,49.73899537892791,26.550479359211337,33.135243376463336,3246.0,696.0,True,South Central Coast,2,1498000,3090.17,155,8632.13,276055.5
Bình Định,2023-Q1,2023,1,49.75354900744417,20.263956575682386,39.88616625310173,3224.0,748.0,True,South Central Coast,2,1679000,3089.1,245,8629.14,275959.91
Bạc Liêu,2023-Q1,2023,1,59.73971315028902,29.46105202312139,31.34320809248555,1384.0,419.0,True,Mekong Delta,2,1105000,3701.98,340,10341.17,330710.59
Bắc Giang,2023-Q1,2023,1,46.08789006622517,19.56330419426049,31.747461368653425,2265.0,632.0,True,Northeast,4,1884000,1909.44,463,5333.86,170576.83
Bắc Kạn,2023-Q1,2023,1,54.33876347546259,27.70535880933226,26.00724054706356,1243.0,253.0,True,Northeast,4,338000,1766.68,65,4935.07,157823.59
Bắc Ninh,2023-Q1,2023,1,45.161332988357046,19.82475446313066,32.528589909443724,3865.0,745.0,True,Red River Delta,1,1447000,4451.41,1664,12434.64,397659.74
Bến Tre,2023-Q1,2023,1,49.24680463464141,22.65589698917456,37.244587280108256,5912.0,732.0,True,Mekong Delta,2,1331000,2978.48,538,8320.13,266077.85
Cao Bằng,2023-Q1,2023,1,40.54355474137931,20.43059698275862,30.443534482758626,2320.0,682.0,True,Northeast,4,576000,1564.27,79,4369.66,139741.61
Cà Mau,2023-Q1,2023,1,53.81459166115156,24.301704169424223,33.59629384513567,1511.0,439.0,True,Mekong Delta,2,1369000,3121.66,229,8720.09,278868.61
Cần Thơ,2023-Q1,2023,1,50.12659688144921,26.873705801421693,31.945654666360927,4361.0,606.0,True,Mekong Delta,1,1456000,6260.52,858,17488.23,559273.75
Gia Lai,2023-Q1,2023,1,50.26900895036615,22.49543409275834,34.51505288852726,2458.0,698.0,True,Central Highlands,2,1586000,3023.2,98,8445.05,270072.84
Ho Chi Minh,2023-Q1,2023,1,57.36851478169552,26.186022212321795,24.87536596232179,62848.0,2125.0,True,Southeast,1,9125000,7147.09,4363,19964.79,638474.09
Hà Giang,2023-Q1,2023,1,45.917859430604985,16.563469750889677,32.887010676156585,1124.0,382.0,True,Northeast,4,910000,1083.72,108,3027.28,96812.43
Hà Nam,2023-Q1,2023,1,36.86819152241456,18.313616511318244,34.92143808255659,4506.0,681.0,True,Red River Delta,4,945000,2131.93,989,5955.37,190452.63
Hà Nội,2023-Q1,2023,1,49.378738090715295,19.2925939551278,27.45279554232888,47379.0,3007.0,True,Red River Delta,1,8146000,3923.21,2398,10959.16,350473.82
Hà Tĩnh,2023-Q1,2023,1,44.643665580890335,21.653688382193263,43.688925081433226,1842.0,548.0,True,North Central Coast,4,1402000,2117.32,215,5914.55,189147.47
Hòa Bình,2023-Q1,2023,1,62.543622323462415,22.00204874715262,30.8373576309795,2195.0,635.0,True,Northwest,3,979000,2343.13,186,6545.34,209319.85
Hưng Yên,2023-Q1,2023,1,39.6273474789916,17.41424201680672,30.31344537815126,2380.0,648.0,True,Red River Delta,3,1340000,2503.79,1347,6994.13,223672.16
Hải Dương,2023-Q1,2023,1,41.43808265078184,19.19500744601638,30.770848845867462,5372.0,1117.0,True,Red River Delta,3,2003000,2513.92,1134,7022.42,224577.11
Hải Phòng,2023-Q1,2023,1,47.5571710231516,20.17343017176998,27.44305451829724,5356.0,891.0,True,Red River Delta,1,2138000,3849.18,1299,10752.36,343860.47
Hậu Giang,2023-Q1,2023,1,51.36401100628931,25.609040880503144,31.468553459119494,636.0,234.0,True,Mekong Delta,2,853000,2943.84,452,8223.37,262983.34
Khánh Hòa,2023-Q1,2023,1,52.130374387385466,25.10988216492649,40.56552311953974,4693.0,713.0,True,South Central Coast,1,1371000,4180.68,240,11678.38,373474.5
Kiên Giang,2023-Q1,2023,1,51.54557079427725,22.646475086334487,36.74592994573261,2027.0,627.0,True,Mekong Delta,1,1789000,4336.43,271,12113.45,387388.18
Kon Tum,2023-Q1,2023,1,49.58587590361446,24.04950722891566,34.03855421686747,830.0,273.0,True,Central Highlands,4,589000,2075.42,56,5797.51,185404.4
Lai Châu,2023-Q1,2023,1,42.35540555555556,16.588619444444443,35.69305555555555,720.0,225.0,True,Northwest,4,527000,1081.84,51,3022.03,96644.48
Long An,2023-Q1,2023,1,54.88474502057613,27.95923917695473,28.34650205761317,6075.0,1416.0,True,Mekong Delta,1,1730000,4012.39,376,11208.27,358440.58
Lào Cai,2023-Q1,2023,1,45.863970464135015,18.401098452883264,33.80731364275668,1422.0,424.0,True,Northwest,3,898000,2767.55,115,7730.92,247234.74
Lâm Đồng,2023-Q1,2023,1,54.73783647613436,23.816477607542723,37.75044195639364,3394.0,889.0,True,Central Highlands,2,1390000,3331.8,133,9307.1,297641.14
Lạng Sơn,2023-Q1,2023,1,36.22980015760441,18.46667612293144,30.365642237982662,6345.0,1020.0,True,Northeast,4,828000,2201.98,94,6151.05,196710.43
Nam Định,2023-Q1,2023,1,44.72309191295876,21.41492887301072,33.02760636570315,3079.0,850.0,True,Red River Delta,4,1852000,1904.97,1067,5321.37,170177.51
Nghệ An,2023-Q1,2023,1,46.06145314367679,26.162298709060483,33.83887162323691,8366.0,1941.0,True,North Central Coast,3,3399000,2379.59,202,6647.18,212576.95
Ninh Bình,2023-Q1,2023,1,47.856215827338126,21.97520914696814,33.955806783144915,1946.0,532.0,True,Red River Delta,3,1102000,2478.79,708,6924.29,221438.82
Ninh Thuận,2023-Q1,2023,1,50.44777650897227,22.637096247960848,34.07123436650353,1839.0,249.0,True,South Central Coast,3,720000,2402.34,176,6710.73,214609.28
Phú Thọ,2023-Q1,2023,1,60.96934333034915,22.77542211280215,31.719785138764543,2234.0,866.0,True,Northeast,4,1515000,1916.23,414,5352.83,171183.41
Phú Yên,2023-Q1,2023,1,49.7572520511979,22.350249425664583,43.49261568756154,3047.0,523.0,True,South Central Coast,3,1056000,2541.8,174,7100.3,227067.72
Quảng Bình,2023-Q1,2023,1,43.98845790671217,23.35243117178612,35.052332195676904,1758.0,582.0,True,North Central Coast,3,992000,2203.01,112,6153.92,196802.45
Quảng Nam,2023-Q1,2023,1,46.72826277561608,22.88965525291829,35.6568093385214,3855.0,1007.0,True,South Central Coast,2,1697000,3192.34,141,8917.53,285182.69
Quảng Ngãi,2023-Q1,2023,1,39.950609848484845,18.55045909090909,34.79962121212121,2640.0,640.0,True,South Central Coast,2,1355000,3516.44,239,9822.88,314135.66
Quảng Ninh,2023-Q1,2023,1,43.76721729828851,21.64077658924205,25.78820293398533,3272.0,707.0,True,Northeast,1,1387000,7834.55,214,21885.15,699887.25
Quảng Trị,2023-Q1,2023,1,57.42445432692308,26.426427083333333,27.947916666666668,1248.0,439.0,True,North Central Coast,3,687000,2672.1,137,7464.29,238707.87
Sóc Trăng,2023-Q1,2023,1,59.65857605495584,29.2411467124632,32.66781157998037,2038.0,610.0,True,Mekong Delta,3,1256000,2835.46,362,7920.62,253301.38
Sơn La,2023-Q1,2023,1,45.60890533253445,18.244862192929897,33.021569802276815,1669.0,509.0,True,Northwest,4,1356000,1773.9,88,4955.24,158468.58
Thanh Hóa,2023-Q1,2023,1,45.70385641705323,21.487142257565715,33.00706869891761,4527.0,1252.0,True,North Central Coast,3,3689000,2434.69,328,6801.1,217499.22
Thái Bình,2023-Q1,2023,1,43.12741673502871,19.39846554552912,29.961443806398687,2438.0,778.0,True,Red River Delta,4,1934000,2090.86,1173,5840.64,186783.7
Thái Nguyên,2023-Q1,2023,1,41.22805620608899,20.14352576112412,31.312060889929743,3416.0,751.0,True,Northeast,3,1356000,2547.11,365,7115.14,227542.08
Thừa Thiên Huế,2023-Q1,2023,1,51.44362368633792,24.832461600646727,37.15157639450283,2474.0,527.0,True,North Central Coast,2,1257000,3072.58,230,8582.99,274484.12
Tiền Giang,2023-Q1,2023,1,56.39713967275314,23.642666824756937,32.549679867204176,4217.0,851.0,True,Mekong Delta,1,1898000,3781.77,703,10564.06,337838.5
Trà Vinh,2023-Q1,2023,1,46.196359955005626,22.55421334833146,41.14623172103487,2667.0,479.0,True,Mekong Delta,3,1067000,2662.89,428,7438.56,237885.11
Tuyên Quang,2023-Q1,2023,1,50.57686018755329,22.031769820971867,31.55072463768116,1173.0,364.0,True,Northeast,4,1056000,1948.18,134,5442.08,174037.61
Tây Ninh,2023-Q1,2023,1,46.74336391365556,23.665975129047396,30.538479587048336,4262.0,1059.0,True,Southeast,1,1207000,4058.65,289,11337.5,362573.14
Vĩnh Long,2023-Q1,2023,1,53.149902049180334,25.483872540983608,34.718032786885246,2440.0,527.0,True,Mekong Delta,2,1100000,3360.01,670,9385.9,300161.23
Vĩnh Phúc,2023-Q1,2023,1,40.4177845705968,17.886913391557496,35.89665211062591,4122.0,813.0,True,Red River Delta,1,1296000,3990.61,932,11147.43,356494.89
Yên Bái,2023-Q1,2023,1,51.612685554171854,22.74743586550436,34.551681195516814,1606.0,426.0,True,Northwest,4,950000,1845.51,119,5155.28,164865.75
Điện Biên,2023-Q1,2023,1,46.62390393013101,21.27301746724891,32.6783114992722,687.0,231.0,True,Northwest,4,705000,1589.03,63,4438.82,141953.51
Đà Nẵng,2023-Q1,2023,1,49.56265842924848,24.9403970886933,30.414691943127963,5908.0,463.0,True,South Central Coast,1,1294000,4811.58,883,13440.74,429834.96
Đắk Lắk,2023-Q1,2023,1,57.15898762064624,22.681138271086866,44.38480906420478,4766.0,1007.0,True,Central Highlands,3,2016000,2555.78,143,7139.36,228316.6
Đắk Nông,2023-Q1,2023,1,46.55760854700855,22.445243874643875,47.45811965811966,1755.0,606.0,True,Central Highlands,2,670000,3000.7,96,8382.2,268062.84
Đồng Nai,2023-Q1,2023,1,52.4563580339858,25.15704828995483,27.879651537965152,9298.0,1722.0,True,Southeast,2,3227000,3485.16,528,9735.5,311341.31
Đồng Tháp,2023-Q1,2023,1,42.86380401443392,20.973709291835814,33.03337843933243,4434.0,706.0,True,Mekong Delta,3,1838000,2240.56,473,6258.82,200156.92
An Giang,2023-Q2,2023,2,48.46777583563324,25.189840233057343,25.97976080956762,3261.0,770.0,True,Mekong Delta,1,2057000,3791.46,540,10591.12,338704.14
Bà Rịa–Vũng Tàu,2023-Q2,2023,2,58.30739740985272,27.833593956323007,28.41213814118842,3938.0,764.0,True,Southeast,1,1303000,36786.39,580,102759.68,3286254.54
Bình Dương,2023-Q2,2023,2,44.16222844786161,21.892196924555503,26.041037962518025,10405.0,1302.0,True,Southeast,2,2564000,3663.54,901,10233.79,327276.61
Bình Phước,2023-Q2,2023,2,48.790577998196575,24.273740306582507,29.67673579801623,2218.0,744.0,True,Southeast,2,1313000,3606.56,145,10074.62,322186.39
Bình Thuận,2023-Q2,2023,2,50.55470913884008,24.81433172231986,33.27240773286467,2276.0,689.0,True,South Central Coast,2,1498000,3090.17,155,8632.13,276055.5
Bình Định,2023-Q2,2023,2,50.207263075477606,22.379229564672723,37.5211399937363,3193.0,723.0,True,South Central Coast,2,1679000,3089.1,245,8629.14,275959.91
Bạc Liêu,2023-Q2,2023,2,62.74291765704584,29.690890492359934,28.90916808149406,1178.0,370.0,True,Mekong Delta,2,1105000,3701.98,340,10341.17,330710.59
Bắc Giang,2023-Q2,2023,2,41.23823202054795,17.923639554794523,32.47559931506849,2336.0,626.0,True,Northeast,4,1884000,1909.44,463,5333.86,170576.83
Bắc Kạn,2023-Q2,2023,2,98.84399576271188,30.002152542372883,24.68220338983051,1416.0,319.0,True,Northeast,4,338000,1766.68,65,4935.07,157823.59
Bắc Ninh,2023-Q2,2023,2,49.29862462462462,20.23576776776777,30.13163163163163,3996.0,771.0,True,Red River Delta,1,1447000,4451.41,1664,12434.64,397659.74
Bến Tre,2023-Q2,2023,2,50.42030873671783,22.181746753246752,37.05962219598583,6776.0,851.0,True,Mekong Delta,2,1331000,2978.48,538,8320.13,266077.85
Cao Bằng,2023-Q2,2023,2,41.059823926546045,22.89002079395085,27.15041857953011,3703.0,868.0,True,Northeast,4,576000,1564.27,79,4369.66,139741.61
Cà Mau,2023-Q2,2023,2,52.06351683848797,23.60106941580756,31.028865979381443,1455.0,390.0,True,Mekong Delta,2,1369000,3121.66,229,8720.09,278868.61
Cần Thơ,2023-Q2,2023,2,52.1530849858357,27.875479407278277,28.06341250817172,4589.0,613.0,True,Mekong Delta,1,1456000,6260.52,858,17488.23,559273.75
Gia Lai,2023-Q2,2023,2,58.47901583917149,28.3533716113311,33.223271398111486,3283.0,812.0,True,Central Highlands,2,1586000,3023.2,98,8445.05,270072.84
Ho Chi Minh,2023-Q2,2023,2,58.78184623076923,26.503349134615387,23.76376923076923,52000.0,2183.0,True,Southeast,1,9125000,7147.09,4363,19964.79,638474.09
Hà Giang,2023-Q2,2023,2,54.20829461161652,21.758548635409376,29.4184744576627,1429.0,439.0,True,Northeast,4,910000,1083.72,108,3027.28,96812.43
Hà Nam,2023-Q2,2023,2,64.75211558784676,26.741111294583884,25.77443857331572,3028.0,738.0,True,Red River Delta,4,945000,2131.93,989,5955.37,190452.63
Hà Nội,2023-Q2,2023,2,50.02818632080905,19.77740325738902,25.095418000875394,43409.0,3050.0,True,Red River Delta,1,8146000,3923.21,2398,10959.16,350473.82
Hà Tĩnh,2023-Q2,2023,2,52.91333860203724,31.00287952230418,32.66139796276783,2847.0,737.0,True,North Central Coast,4,1402000,2117.32,215,5914.55,189147.47
Hòa Bình,2023-Q2,2023,2,75.05797561801558,21.082231628852018,25.761259735861834,2953.0,625.0,True,Northwest,3,979000,2343.13,186,6545.34,209319.85
Hưng Yên,2023-Q2,2023,2,48.76266223992917,18.50918990703851,29.27844178840195,2259.0,603.0,True,Red River Delta,3,1340000,2503.79,1347,6994.13,223672.16
Hải Dương,2023-Q2,2023,2,39.58132720190435,19.365020774724087,28.21748539277213,4621.0,1115.0,True,Red River Delta,3,2003000,2513.92,1134,7022.42,224577.11
Hải Phòng,2023-Q2,2023,2,50.449503362831855,19.48492761061947,25.542477876106197,5650.0,896.0,True,Red River Delta,1,2138000,3849.18,1299,10752.36,343860.47
Hậu Giang,2023-Q2,2023,2,52.95320486111111,27.14115885416667,26.61111111111111,1152.0,312.0,True,Mekong Delta,2,853000,2943.84,452,8223.37,262983.34
Khánh Hòa,2023-Q2,2023,2,53.41447951807229,26.48150939759036,38.93590361445783,4150.0,791.0,True,South Central Coast,1,1371000,4180.68,240,11678.38,373474.5
Kiên Giang,2023-Q2,2023,2,56.475478643769264,24.13762835755174,35.07485689123734,2271.0,669.0,True,Mekong Delta,1,1789000,4336.43,271,12113.45,387388.18
Kon Tum,2023-Q2,2023,2,51.087923994038746,27.128777943368107,29.36214605067064,1342.0,321.0,True,Central Highlands,4,589000,2075.42,56,5797.51,185404.4
Lai Châu,2023-Q2,2023,2,46.10093717277486,21.45547818499127,31.01570680628272,573.0,190.0,True,Northwest,4,527000,1081.84,51,3022.03,96644.48
Long An,2023-Q2,2023,2,57.61572720810379,27.113419051004087,26.91078727563533,5627.0,1367.0,True,Mekong Delta,1,1730000,4012.39,376,11208.27,358440.58
Lào Cai,2023-Q2,2023,2,50.035696,20.04922755555556,33.24177777777778,1125.0,356.0,True,Northwest,3,898000,2767.55,115,7730.92,247234.74
Lâm Đồng,2023-Q2,2023,2,54.93930326552463,25.424866434689505,33.71306209850107,3736.0,930.0,True,Central Highlands,2,1390000,3331.8,133,9307.1,297641.14
Lạng Sơn,2023-Q2,2023,2,38.01420284257686,17.77352371388846,30.000617951490806,6473.0,1018.0,True,Northeast,4,828000,2201.98,94,6151.05,196710.43
Nam Định,2023-Q2,2023,2,49.03965827458879,22.69950285330648,30.027861698556563,2979.0,823.0,True,Red River Delta,4,1852000,1904.97,1067,5321.37,170177.51
Nghệ An,2023-Q2,2023,2,47.93760414129111,28.907405724725944,31.62570036540804,8210.0,1886.0,True,North Central Coast,3,3399000,2379.59,202,6647.18,212576.95
Ninh Bình,2023-Q2,2023,2,50.72163594202899,25.73084173913044,27.53159420289855,1725.0,521.0,True,Red River Delta,3,1102000,2478.79,708,6924.29,221438.82
Ninh Thuận,2023-Q2,2023,2,48.37133802816901,23.850433098591548,36.372359154929576,1136.0,253.0,True,South Central Coast,3,720000,2402.34,176,6710.73,214609.28
Phú Thọ,2023-Q2,2023,2,59.9202109542148,22.854742404792468,30.57081728712024,2337.0,857.0,True,Northeast,4,1515000,1916.23,414,5352.83,171183.41
Phú Yên,2023-Q2,2023,2,48.65970754716981,23.286435731132077,41.039504716981135,1696.0,397.0,True,South Central Coast,3,1056000,2541.8,174,7100.3,227067.72
Quảng Bình,2023-Q2,2023,2,49.2616895537028,26.0824595389897,33.78028445316332,2039.0,542.0,True,North Central Coast,3,992000,2203.01,112,6153.92,196802.45
Quảng Nam,2023-Q2,2023,2,47.310684485981305,23.0637461682243,37.57457943925234,2675.0,829.0,True,South Central Coast,2,1697000,3192.34,141,8917.53,285182.69
Quảng Ngãi,2023-Q2,2023,2,50.35118473074301,25.21568098159509,32.34355828220859,1467.0,520.0,True,South Central Coast,2,1355000,3516.44,239,9822.88,314135.66
Quảng Ninh,2023-Q2,2023,2,44.89164472980204,20.620686730872123,28.27287319422151,3738.0,819.0,True,Northeast,1,1387000,7834.55,214,21885.15,699887.25
Quảng Trị,2023-Q2,2023,2,57.29796933010493,27.42992978208232,28.334947538337367,1239.0,395.0,True,North Central Coast,3,687000,2672.1,137,7464.29,238707.87
Sóc Trăng,2023-Q2,2023,2,64.33752911459717,33.14425285828237,26.68625365594257,3761.0,771.0,True,Mekong Delta,3,1256000,2835.46,362,7920.62,253301.38
Sơn La,2023-Q2,2023,2,54.35320481927711,22.53140421686747,26.71867469879518,1660.0,526.0,True,Northwest,4,1356000,1773.9,88,4955.24,158468.58
Thanh Hóa,2023-Q2,2023,2,46.17646079099898,23.94442175247187,30.50017047391749,5866.0,1539.0,True,North Central Coast,3,3689000,2434.69,328,6801.1,217499.22
Thái Bình,2023-Q2,2023,2,47.51655982738329,23.799332679482152,27.541781090623772,2549.0,842.0,True,Red River Delta,4,1934000,2090.86,1173,5840.64,186783.7
Thái Nguyên,2023-Q2,2023,2,45.205175381263615,22.66460838779956,29.920479302832245,3672.0,790.0,True,Northeast,3,1356000,2547.11,365,7115.14,227542.08
Thừa Thiên Huế,2023-Q2,2023,2,49.79687575150301,23.89778907815631,37.18887775551102,1996.0,460.0,True,North Central Coast,2,1257000,3072.58,230,8582.99,274484.12
Tiền Giang,2023-Q2,2023,2,56.13965015384616,24.88592430769231,29.95046153846154,3250.0,848.0,True,Mekong Delta,1,1898000,3781.77,703,10564.06,337838.5
Trà Vinh,2023-Q2,2023,2,44.70627911567312,23.077296091591,31.86735096723253,2533.0,504.0,True,Mekong Delta,3,1067000,2662.89,428,7438.56,237885.11
Tuyên Quang,2023-Q2,2023,2,54.22381325966851,22.92645082872928,27.227624309392265,905.0,356.0,True,Northeast,4,1056000,1948.18,134,5442.08,174037.61
Tây Ninh,2023-Q2,2023,2,53.26738181818182,24.528988,33.658545454545454,2750.0,755.0,True,Southeast,1,1207000,4058.65,289,11337.5,362573.14
Vĩnh Long,2023-Q2,2023,2,53.41197015655577,23.305808219178083,32.79060665362035,2044.0,503.0,True,Mekong Delta,2,1100000,3360.01,670,9385.9,300161.23
Vĩnh Phúc,2023-Q2,2023,2,39.83392857142857,18.058301948051948,37.82517482517483,4004.0,843.0,True,Red River Delta,1,1296000,3990.61,932,11147.43,356494.89
Yên Bái,2023-Q2,2023,2,51.56648101265823,23.348259493670884,33.25949367088607,1264.0,373.0,True,Northwest,4,950000,1845.51,119,5155.28,164865.75
Điện Biên,2023-Q2,2023,2,46.34177571115974,22.57093763676149,33.58096280087528,914.0,268.0,True,Northwest,4,705000,1589.03,63,4438.82,141953.51
Đà Nẵng,2023-Q2,2023,2,56.1580002787845,27.51661151379983,29.23250627265124,7174.0,504.0,True,South Central Coast,1,1294000,4811.58,883,13440.74,429834.96
Đắk Lắk,2023-Q2,2023,2,61.5134808752891,31.353608788471803,42.91851983632805,5621.0,1095.0,True,Central Highlands,3,2016000,2555.78,143,7139.36,228316.6
Đắk Nông,2023-Q2,2023,2,45.91715660184238,23.680624872057315,44.53889457523029,1954.0,637.0,True,Central Highlands,2,670000,3000.7,96,8382.2,268062.84
Đồng Nai,2023-Q2,2023,2,50.75884842596192,23.083442803471957,27.95828475191087,7719.0,1664.0,True,Southeast,2,3227000,3485.16,528,9735.5,311341.31
Đồng Tháp,2023-Q2,2023,2,45.997578234975634,23.51738819707634,30.243909041689225,3694.0,741.0,True,Mekong Delta,3,1838000,2240.56,473,6258.82,200156.92
An Giang,2023-Q3,2023,3,48.92855200774069,21.20676608611514,28.449201741654573,4134.0,854.0,True,Mekong Delta,1,2057000,3791.46,540,10591.12,338704.14
Bà Rịa–Vũng Tàu,2023-Q3,2023,3,50.658036599227096,24.858430779722664,28.12320982041373,4399.0,750.0,True,Southeast,1,1303000,36786.39,580,102759.68,3286254.54
Bình Dương,2023-Q3,2023,3,46.64090271108813,22.40207830390781,24.44027480239344,13537.0,1371.0,True,Southeast,2,2564000,3663.54,901,10233.79,327276.61
Bình Phước,2023-Q3,2023,3,47.08023307692308,21.24903653846154,32.28384615384616,2600.0,796.0,True,Southeast,2,1313000,3606.56,145,10074.62,322186.39
Bình Thuận,2023-Q3,2023,3,49.16026127946128,22.707933670033672,33.98215488215488,2970.0,728.0,True,South Central Coast,2,1498000,3090.17,155,8632.13,276055.5
Bình Định,2023-Q3,2023,3,46.03230536480687,21.5085678111588,42.69592274678112,4660.0,971.0,True,South Central Coast,2,1679000,3089.1,245,8629.14,275959.91
Bạc Liêu,2023-Q3,2023,3,62.8527026831037,28.645994923857867,31.02175489485134,1379.0,369.0,True,Mekong Delta,2,1105000,3701.98,340,10341.17,330710.59
Bắc Giang,2023-Q3,2023,3,40.98109581712063,17.01125340466926,36.55739299610895,2056.0,614.0,True,Northeast,4,1884000,1909.44,463,5333.86,170576.83
Bắc Kạn,2023-Q3,2023,3,54.90887421383648,27.274706117781587,28.16923956546598,1749.0,293.0,True,Northeast,4,338000,1766.68,65,4935.07,157823.59
Bắc Ninh,2023-Q3,2023,3,42.64189390519187,19.81999683972912,33.462528216704285,4430.0,756.0,True,Red River Delta,1,1447000,4451.41,1664,12434.64,397659.74
Bến Tre,2023-Q3,2023,3,53.955377886836025,24.666271651270208,35.65329099307159,6928.0,863.0,True,Mekong Delta,2,1331000,2978.48,538,8320.13,266077.85
Cao Bằng,2023-Q3,2023,3,43.951144680851066,23.65474609929078,28.928510638297876,3525.0,830.0,True,Northeast,4,576000,1564.27,79,4369.66,139741.61
Cà Mau,2023-Q3,2023,3,48.35145608108108,24.17222072072072,32.20495495495496,1776.0,476.0,True,Mekong Delta,2,1369000,3121.66,229,8720.09,278868.61
Côn Đảo,2023-Q3,2023,3,42.2454126984127,28.365166666666667,42.76190476190476,126.0,20.0,True,Southeast,1,1303000,36786.39,580,102759.68,3286254.54
Cần Thơ,2023-Q3,2023,3,52.21062610918936,27.964081967213115,28.881636336291173,6649.0,649.0,True,Mekong Delta,1,1456000,6260.52,858,17488.23,559273.75
Gia Lai,2023-Q3,2023,3,60.085607174622,27.728213459828048,36.149718351615775,3373.0,892.0,True,Central Highlands,2,1586000,3023.2,98,8445.05,270072.84
Ho Chi Minh,2023-Q3,2023,3,55.56174708564037,25.770924061016203,23.84801161011468,63393.0,2229.0,True,Southeast,1,9125000,7147.09,4363,19964.79,638474.09
Hà Giang,2023-Q3,2023,3,62.01943822222222,24.0214,35.73244444444445,1125.0,362.0,True,Northeast,4,910000,1083.72,108,3027.28,96812.43
Hà Nam,2023-Q3,2023,3,70.12595736013037,26.164247963063552,26.852254209668654,3682.0,733.0,True,Red River Delta,4,945000,2131.93,989,5955.37,190452.63
Hà Nội,2023-Q3,2023,3,45.71516911428069,18.85075217467864,26.72752245113576,56790.0,3203.0,True,Red River Delta,1,8146000,3923.21,2398,10959.16,350473.82
Hà Tĩnh,2023-Q3,2023,3,53.43465122312824,27.087065974796143,35.88991845811712,2698.0,712.0,True,North Central Coast,4,1402000,2117.32,215,5914.55,189147.47
Hòa Bình,2023-Q3,2023,3,105.52453376139188,18.417764913007456,30.494614747307374,4828.0,661.0,True,Northwest,3,979000,2343.13,186,6545.34,209319.85
Hưng Yên,2023-Q3,2023,3,42.88817850137308,18.449191839937228,33.56531973322872,2549.0,668.0,True,Red River Delta,3,1340000,2503.79,1347,6994.13,223672.16
Hải Dương,2023-Q3,2023,3,38.80830107317073,19.08694556097561,29.335024390243905,5125.0,1183.0,True,Red River Delta,3,2003000,2513.92,1134,7022.42,224577.11
Hải Phòng,2023-Q3,2023,3,52.64097723970944,20.083491848264728,26.87699757869249,6195.0,926.0,True,Red River Delta,1,2138000,3849.18,1299,10752.36,343860.47
Hậu Giang,2023-Q3,2023,3,64.19799659284497,27.057888415672917,28.189948892674614,1174.0,310.0,True,Mekong Delta,2,853000,2943.84,452,8223.37,262983.34
Khánh Hòa,2023-Q3,2023,3,56.614591278640056,26.04404637841833,39.12749445676275,5412.0,847.0,True,South Central Coast,1,1371000,4180.68,240,11678.38,373474.5
Kiên Giang,2023-Q3,2023,3,51.09024805884757,22.07390968532897,34.019207192480586,2447.0,717.0,True,Mekong Delta,1,1789000,4336.43,271,12113.45,387388.18
Kon Tum,2023-Q3,2023,3,53.06712154696133,22.812244014732965,35.37937384898711,1086.0,301.0,True,Central Highlands,4,589000,2075.42,56,5797.51,185404.4
Lai Châu,2023-Q3,2023,3,38.99052087912088,17.24058901098901,38.27252747252747,455.0,164.0,True,Northwest,4,527000,1081.84,51,3022.03,96644.48
Long An,2023-Q3,2023,3,55.76240341588386,25.13193270708796,29.125704526046118,5855.0,1469.0,True,Mekong Delta,1,1730000,4012.39,376,11208.27,358440.58
Lào Cai,2023-Q3,2023,3,45.3474435261708,21.372414600550965,36.650826446281,1452.0,347.0,True,Northwest,3,898000,2767.55,115,7730.92,247234.74
Lâm Đồng,2023-Q3,2023,3,52.223734552644586,24.09147034107761,35.42807711319822,4046.0,956.0,True,Central Highlands,2,1390000,3331.8,133,9307.1,297641.14
Lạng Sơn,2023-Q3,2023,3,39.29142300884956,17.986727111826227,30.63797264682221,6215.0,982.0,True,Northeast,4,828000,2201.98,94,6151.05,196710.43
Nam Định,2023-Q3,2023,3,46.555694128220495,23.48029868184541,36.68843618933493,3338.0,786.0,True,Red River Delta,4,1852000,1904.97,1067,5321.37,170177.51
Nghệ An,2023-Q3,2023,3,54.54180163043478,27.731795723062383,27.78780718336484,8464.0,1855.0,True,North Central Coast,3,3399000,2379.59,202,6647.18,212576.95
Ninh Bình,2023-Q3,2023,3,45.6915068069307,23.14796225247525,29.037128712871286,1616.0,524.0,True,Red River Delta,3,1102000,2478.79,708,6924.29,221438.82
Ninh Thuận,2023-Q3,2023,3,93.4060702420503,27.565866160417656,34.80635975320361,2107.0,307.0,True,South Central Coast,3,720000,2402.34,176,6710.73,214609.28
Phú Thọ,2023-Q3,2023,3,52.06207692307692,20.571955870445343,31.64089068825911,2470.0,823.0,True,Northeast,4,1515000,1916.23,414,5352.83,171183.41
Phú Yên,2023-Q3,2023,3,44.85700753295668,23.58317796610169,38.72645951035781,2124.0,457.0,True,South Central Coast,3,1056000,2541.8,174,7100.3,227067.72
Quảng Bình,2023-Q3,2023,3,50.70665564738292,23.131707529843894,37.682736455463726,2178.0,622.0,True,North Central Coast,3,992000,2203.01,112,6153.92,196802.45
Quảng Nam,2023-Q3,2023,3,49.44049117647059,24.062148284313725,37.00955882352941,4080.0,1032.0,True,South Central Coast,2,1697000,3192.34,141,8917.53,285182.69
Quảng Ngãi,2023-Q3,2023,3,50.19500503432494,23.19350251716247,38.21006864988559,2185.0,672.0,True,South Central Coast,2,1355000,3516.44,239,9822.88,314135.66
Quảng Ninh,2023-Q3,2023,3,46.11725567502987,20.521723058542413,26.975388291517323,4185.0,810.0,True,Northeast,1,1387000,7834.55,214,21885.15,699887.25
Quảng Trị,2023-Q3,2023,3,59.20778678206137,26.078377655389456,31.94335169158143,1271.0,368.0,True,North Central Coast,3,687000,2672.1,137,7464.29,238707.87
Sóc Trăng,2023-Q3,2023,3,65.28618387596899,32.22293984496124,27.65798449612403,3225.0,709.0,True,Mekong Delta,3,1256000,2835.46,362,7920.62,253301.38
Sơn La,2023-Q3,2023,3,56.39093135435993,21.13994928880643,32.663574520717376,1617.0,483.0,True,Northwest,4,1356000,1773.9,88,4955.24,158468.58
Thanh Hóa,2023-Q3,2023,3,44.71851523683339,22.603177210997018,32.04438555813183,6038.0,1587.0,True,North Central Coast,3,3689000,2434.69,328,6801.1,217499.22
Thái Bình,2023-Q3,2023,3,46.3833561603746,23.211196663740125,30.781972490488734,3417.0,845.0,True,Red River Delta,4,1934000,2090.86,1173,5840.64,186783.7
Thái Nguyên,2023-Q3,2023,3,39.749120472593454,21.417172186713152,30.31396474917684,5163.0,828.0,True,Northeast,3,1356000,2547.11,365,7115.14,227542.08
Thừa Thiên Huế,2023-Q3,2023,3,46.9880341207349,24.44510873640795,34.300337457817776,2667.0,543.0,True,North Central Coast,2,1257000,3072.58,230,8582.99,274484.12
Tiền Giang,2023-Q3,2023,3,70.51354154099259,25.385299972580203,33.531669865643,3647.0,957.0,True,Mekong Delta,1,1898000,3781.77,703,10564.06,337838.5
Trà Vinh,2023-Q3,2023,3,45.01630447761194,22.922276865671645,29.05634328358209,2680.0,506.0,True,Mekong Delta,3,1067000,2662.89,428,7438.56,237885.11
Tuyên Quang,2023-Q3,2023,3,49.80674762253109,22.07227944403804,33.77249451353328,1367.0,386.0,True,Northeast,4,1056000,1948.18,134,5442.08,174037.61
Tây Ninh,2023-Q3,2023,3,53.139120285120285,24.251579744579743,32.164538164538165,3367.0,850.0,True,Southeast,1,1207000,4058.65,289,11337.5,362573.14
Vĩnh Long,2023-Q3,2023,3,51.01332524110409,24.938764216827405,33.22613900897905,3007.0,577.0,True,Mekong Delta,2,1100000,3360.01,670,9385.9,300161.23
Vĩnh Phúc,2023-Q3,2023,3,37.786625,17.939426810865193,33.38204225352113,3976.0,816.0,True,Red River Delta,1,1296000,3990.61,932,11147.43,356494.89
Yên Bái,2023-Q3,2023,3,45.70321294964028,23.310811510791364,29.323741007194243,1390.0,419.0,True,Northwest,4,950000,1845.51,119,5155.28,164865.75
Điện Biên,2023-Q3,2023,3,63.11963112391931,21.754548991354465,32.357348703170025,694.0,205.0,True,Northwest,4,705000,1589.03,63,4438.82,141953.51
Đà Nẵng,2023-Q3,2023,3,57.26483654524089,27.598673795534665,30.249471210340776,8510.0,522.0,True,South Central Coast,1,1294000,4811.58,883,13440.74,429834.96
Đắk Lắk,2023-Q3,2023,3,65.5144295473954,28.53064218616567,43.85892399658412,5855.0,1229.0,True,Central Highlands,3,2016000,2555.78,143,7139.36,228316.6
Đắk Nông,2023-Q3,2023,3,50.177715664765245,24.120616937253185,44.51557700745941,2279.0,652.0,True,Central Highlands,2,670000,3000.7,96,8382.2,268062.84
Đồng Nai,2023-Q3,2023,3,53.25000858496151,23.03192451154529,29.079731596605487,10134.0,1867.0,True,Southeast,2,3227000,3485.16,528,9735.5,311341.31
Đồng Tháp,2023-Q3,2023,3,45.21412305593452,22.405243110504777,32.15334242837653,3665.0,782.0,True,Mekong Delta,3,1838000,2240.56,473,6258.82,200156.92
An Giang,2023-Q4,2023,4,64.88344489924434,25.391564546599497,35.3198992443325,3176.0,794.0,True,Mekong Delta,1,2057000,3791.46,540,10591.12,338704.14
Bà Rịa–Vũng Tàu,2023-Q4,2023,4,55.370433946311564,26.897414922849293,32.279222151764955,4731.0,822.0,True,Southeast,1,1303000,36786.39,580,102759.68,3286254.54
Bình Dương,2023-Q4,2023,4,49.096166203118415,23.45137395701644,26.062789717656976,11865.0,1401.0,True,Southeast,2,2564000,3663.54,901,10233.79,327276.61
Bình Phước,2023-Q4,2023,4,54.81738743068392,24.879638817005542,33.14935304990758,2705.0,834.0,True,Southeast,2,1313000,3606.56,145,10074.62,322186.39
Bình Thuận,2023-Q4,2023,4,52.227677481653146,23.96679799150251,36.73117033603708,2589.0,745.0,True,South Central Coast,2,1498000,3090.17,155,8632.13,276055.5
Bình Định,2023-Q4,2023,4,51.432311226701344,23.777577589943647,36.6246207195492,4614.0,907.0,True,South Central Coast,2,1679000,3089.1,245,8629.14,275959.91
Bạc Liêu,2023-Q4,2023,4,83.2547645390071,35.24243262411348,32.97659574468085,1410.0,357.0,True,Mekong Delta,2,1105000,3701.98,340,10341.17,330710.59
Bắc Giang,2023-Q4,2023,4,46.4242664269369,18.822975809087936,38.11082052958484,3059.0,784.0,True,Northeast,4,1884000,1909.44,463,5333.86,170576.83
Bắc Kạn,2023-Q4,2023,4,64.23577015437394,30.93269897084048,29.246998284734133,1166.0,283.0,True,Northeast,4,338000,1766.68,65,4935.07,157823.59
Bắc Ninh,2023-Q4,2023,4,49.75595964125561,21.667275411061283,38.9839312406577,5352.0,766.0,True,Red River Delta,1,1447000,4451.41,1664,12434.64,397659.74
Bến Tre,2023-Q4,2023,4,55.14283921182266,21.037799605911328,39.99625615763546,5075.0,763.0,True,Mekong Delta,2,1331000,2978.48,538,8320.13,266077.85
Cao Bằng,2023-Q4,2023,4,48.10840038747175,22.05322957701001,30.66580561834033,3097.0,794.0,True,Northeast,4,576000,1564.27,79,4369.66,139741.61
Cà Mau,2023-Q4,2023,4,72.21306305309734,27.49592201327433,36.337942477876105,1808.0,521.0,True,Mekong Delta,2,1369000,3121.66,229,8720.09,278868.61
Cần Thơ,2023-Q4,2023,4,61.724534308386495,32.02406706083709,31.400497899486545,6427.0,683.0,True,Mekong Delta,1,1456000,6260.52,858,17488.23,559273.75
Gia Lai,2023-Q4,2023,4,58.605794249775386,26.624938604372566,32.507936507936506,3339.0,918.0,True,Central Highlands,2,1586000,3023.2,98,8445.05,270072.84
Ho Chi Minh,2023-Q4,2023,4,56.489885017824136,25.838747260364407,26.66299181410087,60592.0,2156.0,True,Southeast,1,9125000,7147.09,4363,19964.79,638474.09
Hà Giang,2023-Q4,2023,4,59.85292904073587,22.571917214191853,34.59329829172142,1522.0,426.0,True,Northeast,4,910000,1083.72,108,3027.28,96812.43
Hà Nam,2023-Q4,2023,4,64.388493786457,25.507003296982,29.61577479076845,3943.0,735.0,True,Red River Delta,4,945000,2131.93,989,5955.37,190452.63
Hà Nội,2023-Q4,2023,4,46.40023295188744,18.954161610709274,30.34785346719925,55578.0,3286.0,True,Red River Delta,1,8146000,3923.21,2398,10959.16,350473.82
Hà Tĩnh,2023-Q4,2023,4,48.14585849056604,24.814477638015376,36.99091544374564,2862.0,733.0,True,North Central Coast,4,1402000,2117.32,215,5914.55,189147.47
Hòa Bình,2023-Q4,2023,4,56.28631422569028,19.91457593037215,33.635954381752704,3332.0,713.0,True,Northwest,3,979000,2343.13,186,6545.34,209319.85
Hưng Yên,2023-Q4,2023,4,42.90755788455337,19.41203837471783,35.87165430506288,3101.0,685.0,True,Red River Delta,3,1340000,2503.79,1347,6994.13,223672.16
Hải Dương,2023-Q4,2023,4,43.92912705838323,20.510749251497007,30.635104790419163,5344.0,1182.0,True,Red River Delta,3,2003000,2513.92,1134,7022.42,224577.11
Hải Phòng,2023-Q4,2023,4,52.44125564256103,21.161107170274835,29.56164593889145,6513.0,902.0,True,Red River Delta,1,2138000,3849.18,1299,10752.36,343860.47
Hậu Giang,2023-Q4,2023,4,66.38607663896583,28.435837488457985,28.289012003693443,1083.0,318.0,True,Mekong Delta,2,853000,2943.84,452,8223.37,262983.34
Khánh Hòa,2023-Q4,2023,4,55.44149422028353,26.16662857142857,34.18691384950927,4585.0,738.0,True,South Central Coast,1,1371000,4180.68,240,11678.38,373474.5
Kiên Giang,2023-Q4,2023,4,55.04591946034341,24.25583646770237,34.33442354865086,2446.0,729.0,True,Mekong Delta,1,1789000,4336.43,271,12113.45,387388.18
Kon Tum,2023-Q4,2023,4,62.29408064516129,28.29576565464896,40.81024667931689,1054.0,340.0,True,Central Highlands,4,589000,2075.42,56,5797.51,185404.4
Lai Châu,2023-Q4,2023,4,44.42265506329114,21.56945569620253,35.325949367088604,632.0,196.0,True,Northwest,4,527000,1081.84,51,3022.03,96644.48
Long An,2023-Q4,2023,4,60.57491541635409,25.896780757689424,30.1539759939985,5332.0,1512.0,True,Mekong Delta,1,1730000,4012.39,376,11208.27,358440.58
Lào Cai,2023-Q4,2023,4,49.583058973055415,22.507950686324357,35.646670055922726,1967.0,411.0,True,Northwest,3,898000,2767.55,115,7730.92,247234.74
Lâm Đồng,2023-Q4,2023,4,55.67606341635753,26.85612365306483,33.76099629040805,5661.0,1071.0,True,Central Highlands,2,1390000,3331.8,133,9307.1,297641.14
Lạng Sơn,2023-Q4,2023,4,42.07422254962779,19.26761786600496,32.06343052109181,6448.0,1034.0,True,Northeast,4,828000,2201.98,94,6151.05,196710.43
Nam Định,2023-Q4,2023,4,48.425917144495415,23.336107798165138,33.059633027522935,3488.0,883.0,True,Red River Delta,4,1852000,1904.97,1067,5321.37,170177.51
Nghệ An,2023-Q4,2023,4,53.31393492569003,27.76658673036093,30.75403397027601,9420.0,1945.0,True,North Central Coast,3,3399000,2379.59,202,6647.18,212576.95
Ninh Bình,2023-Q4,2023,4,49.41977841233581,24.08357909765848,33.47572815533981,1751.0,513.0,True,Red River Delta,3,1102000,2478.79,708,6924.29,221438.82
Ninh Thuận,2023-Q4,2023,4,73.83314744186046,26.758461860465115,33.94046511627907,2150.0,336.0,True,South Central Coast,3,720000,2402.34,176,6710.73,214609.28
Phú Thọ,2023-Q4,2023,4,52.74246629055008,22.12509026798308,41.27757404795487,3545.0,917.0,True,Northeast,4,1515000,1916.23,414,5352.83,171183.41
Phú Yên,2023-Q4,2023,4,57.12833383609854,26.51582403217697,37.61136249371543,1989.0,425.0,True,South Central Coast,3,1056000,2541.8,174,7100.3,227067.72
Quảng Bình,2023-Q4,2023,4,55.08425231085245,24.217684354673057,34.267716535433074,2921.0,709.0,True,North Central Coast,3,992000,2203.01,112,6153.92,196802.45
Quảng Nam,2023-Q4,2023,4,54.91791102985984,25.62484541945968,37.43977249644526,4923.0,1072.0,True,South Central Coast,2,1697000,3192.34,141,8917.53,285182.69
Quảng Ngãi,2023-Q4,2023,4,55.48823941605839,24.81653138686131,36.98503649635037,2740.0,702.0,True,South Central Coast,2,1355000,3516.44,239,9822.88,314135.66
Quảng Ninh,2023-Q4,2023,4,45.68077281460135,21.45031604226705,27.76560999039385,4164.0,810.0,True,Northeast,1,1387000,7834.55,214,21885.15,699887.25
Quảng Trị,2023-Q4,2023,4,66.16474334140436,27.333309443099274,33.41694915254237,2065.0,457.0,True,North Central Coast,3,687000,2672.1,137,7464.29,238707.87
Sóc Trăng,2023-Q4,2023,4,67.59707765545969,32.007476048795,31.75751264504612,3361.0,779.0,True,Mekong Delta,3,1256000,2835.46,362,7920.62,253301.38
Sơn La,2023-Q4,2023,4,60.58322059518186,23.15827255550307,31.71894189891356,2117.0,607.0,True,Northwest,4,1356000,1773.9,88,4955.24,158468.58
Thanh Hóa,2023-Q4,2023,4,50.05381604445712,25.05147477913936,32.70632658877173,7018.0,1894.0,True,North Central Coast,3,3689000,2434.69,328,6801.1,217499.22
Thái Bình,2023-Q4,2023,4,52.385990513392855,21.97876702008929,32.494140625,3584.0,865.0,True,Red River Delta,4,1934000,2090.86,1173,5840.64,186783.7
Thái Nguyên,2023-Q4,2023,4,42.732938002501335,22.22964284438092,34.34893693049848,5597.0,920.0,True,Northeast,3,1356000,2547.11,365,7115.14,227542.08
Thừa Thiên Huế,2023-Q4,2023,4,53.15124763705104,25.448241965973533,35.82577189666036,3174.0,595.0,True,North Central Coast,2,1257000,3072.58,230,8582.99,274484.12
Tiền Giang,2023-Q4,2023,4,59.54783980317114,24.72968562055768,35.82148715144888,3658.0,943.0,True,Mekong Delta,1,1898000,3781.77,703,10564.06,337838.5
Trà Vinh,2023-Q4,2023,4,51.77680492015537,24.25815753129046,28.44540353905913,2317.0,520.0,True,Mekong Delta,3,1067000,2662.89,428,7438.56,237885.11
Tuyên Quang,2023-Q4,2023,4,61.15238311688312,26.175957792207797,31.242857142857144,1540.0,464.0,True,Northeast,4,1056000,1948.18,134,5442.08,174037.61
Tây Ninh,2023-Q4,2023,4,54.13596733042937,24.726942439327942,32.776291225886744,3214.0,820.0,True,Southeast,1,1207000,4058.65,289,11337.5,362573.14
Vĩnh Long,2023-Q4,2023,4,56.05197324966975,26.92978038309115,35.516182298546894,3028.0,605.0,True,Mekong Delta,2,1100000,3360.01,670,9385.9,300161.23
Vĩnh Phúc,2023-Q4,2023,4,42.74217663817664,18.24301221001221,37.74277574277574,4914.0,889.0,True,Red River Delta,1,1296000,3990.61,932,11147.43,356494.89
Yên Bái,2023-Q4,2023,4,49.85445639344263,22.29202950819672,39.47016393442623,1525.0,462.0,True,Northwest,4,950000,1845.51,119,5155.28,164865.75
Điện Biên,2023-Q4,2023,4,55.15892851405623,22.80931325301205,33.69638554216868,1245.0,350.0,True,Northwest,4,705000,1589.03,63,4438.82,141953.51
Đà Nẵng,2023-Q4,2023,4,65.25254932789247,28.548259481517043,31.66238598175708,8332.0,513.0,True,South Central Coast,1,1294000,4811.58,883,13440.74,429834.96
Đắk Lắk,2023-Q4,2023,4,60.71419550200803,27.508322248995984,41.59598393574297,6225.0,1161.0,True,Central Highlands,3,2016000,2555.78,143,7139.36,228316.6
Đắk Nông,2023-Q4,2023,4,50.84933129069322,25.779167368824204,40.70088088854845,2611.0,773.0,True,Central Highlands,2,670000,3000.7,96,8382.2,268062.84
Đồng Nai,2023-Q4,2023,4,57.19219402080599,24.03520715079285,31.590748409251592,9901.0,1776.0,True,Southeast,2,3227000,3485.16,528,9735.5,311341.31
Đồng Tháp,2023-Q4,2023,4,55.348933269476376,25.589170498084293,33.921136653895275,3132.0,754.0,True,Mekong Delta,3,1838000,2240.56,473,6258.82,200156.92
An Giang,2024-Q1,2024,1,61.14764899178492,25.76312285287528,28.561986557132187,2678.0,784.0,True,Mekong Delta,1,2057000,3791.46,540,10591.12,338704.14
Bà Rịa–Vũng Tàu,2024-Q1,2024,1,57.968531842105264,26.983154736842103,31.16263157894737,3800.0,736.0,True,Southeast,1,1303000,36786.39,580,102759.68,3286254.54
Bình Dương,2024-Q1,2024,1,48.81330077590142,22.14229712460064,28.21884984025559,8764.0,1300.0,True,Southeast,2,2564000,3663.54,901,10233.79,327276.61
Bình Phước,2024-Q1,2024,1,55.50942432082795,22.49594954721863,38.27598102630444,2319.0,788.0,True,Southeast,2,1313000,3606.56,145,10074.62,322186.39
Bình Thuận,2024-Q1,2024,1,54.237018348623856,24.188367806505426,39.08465387823186,2398.0,735.0,True,South Central Coast,2,1498000,3090.17,155,8632.13,276055.5
Bình Định,2024-Q1,2024,1,53.05043893333333,22.37756746666667,38.99893333333333,3750.0,873.0,True,South Central Coast,2,1679000,3089.1,245,8629.14,275959.91
Bạc Liêu,2024-Q1,2024,1,58.03114201680672,30.20325630252101,28.050420168067227,1190.0,373.0,True,Mekong Delta,2,1105000,3701.98,340,10341.17,330710.59
Bắc Giang,2024-Q1,2024,1,46.12043291326909,19.057981097108968,38.49258710155671,2698.0,725.0,True,Northeast,4,1884000,1909.44,463,5333.86,170576.83
Bắc Kạn,2024-Q1,2024,1,63.87377165354331,28.76535433070866,29.54790026246719,1524.0,363.0,True,Northeast,4,338000,1766.68,65,4935.07,157823.59
Bắc Ninh,2024-Q1,2024,1,47.348427664974615,20.53040439932318,34.19458544839255,4728.0,795.0,True,Red River Delta,1,1447000,4451.41,1664,12434.64,397659.74
Bến Tre,2024-Q1,2024,1,51.67618668276001,24.03063709515188,39.0052303359485,4971.0,806.0,True,Mekong Delta,2,1331000,2978.48,538,8320.13,266077.85
Cao Bằng,2024-Q1,2024,1,43.88323892159901,22.649079640533003,29.95692593740316,3227.0,865.0,True,Northeast,4,576000,1564.27,79,4369.66,139741.61
Cà Mau,2024-Q1,2024,1,55.14806606765328,25.09621088794926,34.44291754756871,1892.0,449.0,True,Mekong Delta,2,1369000,3121.66,229,8720.09,278868.61
Cần Thơ,2024-Q1,2024,1,65.66865716322167,31.338501247327155,31.8759800427655,5612.0,649.0,True,Mekong Delta,1,1456000,6260.52,858,17488.23,559273.75
Gia Lai,2024-Q1,2024,1,62.36158924570575,26.9039357729649,32.80234005476724,4017.0,935.0,True,Central Highlands,2,1586000,3023.2,98,8445.05,270072.84
Ho Chi Minh,2024-Q1,2024,1,56.67705557095984,25.74524594482185,25.503396644946623,43278.0,2069.0,True,Southeast,1,9125000,7147.09,4363,19964.79,638474.09
Hà Giang,2024-Q1,2024,1,62.35804797687861,22.712936994219653,31.88901734104046,1730.0,528.0,True,Northeast,4,910000,1083.72,108,3027.28,96812.43
Hà Nam,2024-Q1,2024,1,66.78964438874965,26.82299387357282,29.29351155666945,3591.0,842.0,True,Red River Delta,4,945000,2131.93,989,5955.37,190452.63
Hà Nội,2024-Q1,2024,1,44.28873210799722,18.338443420573736,29.18978923336532,60446.0,3332.0,True,Red River Delta,1,8146000,3923.21,2398,10959.16,350473.82
Hà Tĩnh,2024-Q1,2024,1,50.41661745827985,25.75774518613607,36.33408215661104,3116.0,883.0,True,North Central Coast,4,1402000,2117.32,215,5914.55,189147.47
Hòa Bình,2024-Q1,2024,1,88.1080543797766,22.93829394473839,29.63932980599647,3402.0,762.0,True,Northwest,3,979000,2343.13,186,6545.34,209319.85
Hưng Yên,2024-Q1,2024,1,40.15860278956944,17.332285021224983,38.06155245603396,3298.0,680.0,True,Red River Delta,3,1340000,2503.79,1347,6994.13,223672.16
Hải Dương,2024-Q1,2024,1,43.85430072992701,19.80359908759124,29.735766423357664,5480.0,1242.0,True,Red River Delta,3,2003000,2513.92,1134,7022.42,224577.11
Hải Phòng,2024-Q1,2024,1,46.66855884979461,19.75103554206108,26.926772637971062,5599.0,931.0,True,Red River Delta,1,2138000,3849.18,1299,10752.36,343860.47
Hậu Giang,2024-Q1,2024,1,59.62749349593496,28.08337723577236,25.017073170731702,1230.0,369.0,True,Mekong Delta,2,853000,2943.84,452,8223.37,262983.34
Khánh Hòa,2024-Q1,2024,1,55.364531870669744,25.9847870669746,38.773672055427255,4330.0,760.0,True,South Central Coast,1,1371000,4180.68,240,11678.38,373474.5
Kiên Giang,2024-Q1,2024,1,52.98217391304348,23.44527258979206,36.3758034026465,2645.0,655.0,True,Mekong Delta,1,1789000,4336.43,271,12113.45,387388.18
Kon Tum,2024-Q1,2024,1,73.13621705426357,29.614291251384277,27.42635658914729,903.0,293.0,True,Central Highlands,4,589000,2075.42,56,5797.51,185404.4
Lai Châu,2024-Q1,2024,1,44.898845814977975,19.39966079295154,44.80396475770925,454.0,196.0,True,Northwest,4,527000,1081.84,51,3022.03,96644.48
Long An,2024-Q1,2024,1,58.1802818287037,25.01962885802469,29.31365740740741,5184.0,1370.0,True,Mekong Delta,1,1730000,4012.39,376,11208.27,358440.58
Lào Cai,2024-Q1,2024,1,48.760560859188544,21.857671439936357,35.0799522673031,2514.0,508.0,True,Northwest,3,898000,2767.55,115,7730.92,247234.74
Lâm Đồng,2024-Q1,2024,1,57.06733419896125,26.614374350779062,38.07890531362365,5006.0,1157.0,True,Central Highlands,2,1390000,3331.8,133,9307.1,297641.14
Lạng Sơn,2024-Q1,2024,1,41.88943450091112,18.953697104677055,31.523182830532495,4939.0,1053.0,True,Northeast,4,828000,2201.98,94,6151.05,196710.43
Nam Định,2024-Q1,2024,1,52.60678907721281,24.853423519564764,32.56936597614564,4779.0,1117.0,True,Red River Delta,4,1852000,1904.97,1067,5321.37,170177.51
Nghệ An,2024-Q1,2024,1,54.42274731182796,26.74422725392887,29.06896195202647,9672.0,2223.0,True,North Central Coast,3,3399000,2379.59,202,6647.18,212576.95
Ninh Bình,2024-Q1,2024,1,44.77966114090688,23.98668844466114,31.14724524622136,2051.0,562.0,True,Red River Delta,3,1102000,2478.79,708,6924.29,221438.82
Ninh Thuận,2024-Q1,2024,1,75.18628164825829,28.734601954120645,34.932030586236195,2354.0,386.0,True,South Central Coast,3,720000,2402.34,176,6710.73,214609.28
Phú Thọ,2024-Q1,2024,1,53.38975477009696,22.49908195182984,33.63997497654051,3197.0,1057.0,True,Northeast,4,1515000,1916.23,414,5352.83,171183.41
Phú Yên,2024-Q1,2024,1,54.26789961525009,28.65923294858342,39.19657222805176,2859.0,511.0,True,South Central Coast,3,1056000,2541.8,174,7100.3,227067.72
Quảng Bình,2024-Q1,2024,1,67.13803303730018,27.1250838365897,33.24227353463588,2815.0,778.0,True,North Central Coast,3,992000,2203.01,112,6153.92,196802.45
Quảng Nam,2024-Q1,2024,1,55.88191923536439,26.61380310633214,37.57968936678614,4185.0,1132.0,True,South Central Coast,2,1697000,3192.34,141,8917.53,285182.69
Quảng Ngãi,2024-Q1,2024,1,57.61533757455268,24.485990457256463,37.17972166998012,2515.0,736.0,True,South Central Coast,2,1355000,3516.44,239,9822.88,314135.66
Quảng Ninh,2024-Q1,2024,1,46.94694255755642,22.73478914976066,27.519261454296785,4387.0,844.0,True,Northeast,1,1387000,7834.55,214,21885.15,699887.25
Quảng Trị,2024-Q1,2024,1,60.027023926812106,26.04920267417312,36.37368050668543,1421.0,395.0,True,North Central Coast,3,687000,2672.1,137,7464.29,238707.87
Sóc Trăng,2024-Q1,2024,1,65.60165251690458,30.40213448534936,34.031555221637866,2662.0,699.0,True,Mekong Delta,3,1256000,2835.46,362,7920.62,253301.38
Sơn La,2024-Q1,2024,1,50.537453107019566,22.278640391254317,29.487629459148447,3476.0,1272.0,True,Northwest,4,1356000,1773.9,88,4955.24,158468.58
Thanh Hóa,2024-Q1,2024,1,53.863681420483786,25.22264423571796,31.95084920226454,7772.0,2016.0,True,North Central Coast,3,3689000,2434.69,328,6801.1,217499.22
Thái Bình,2024-Q1,2024,1,46.05976542538733,22.977616471867357,31.719217178581136,3679.0,934.0,True,Red River Delta,4,1934000,2090.86,1173,5840.64,186783.7
Thái Nguyên,2024-Q1,2024,1,48.96328775151397,24.53697929283063,32.10412189880836,5119.0,996.0,True,Northeast,3,1356000,2547.11,365,7115.14,227542.08
Thừa Thiên Huế,2024-Q1,2024,1,58.367096580233,26.16224163848177,34.918827508455465,2661.0,621.0,True,North Central Coast,2,1257000,3072.58,230,8582.99,274484.12
Tiền Giang,2024-Q1,2024,1,63.409933148490445,25.262364448552063,32.2483056069008,3246.0,902.0,True,Mekong Delta,1,1898000,3781.77,703,10564.06,337838.5
Trà Vinh,2024-Q1,2024,1,51.62543888070692,22.906469317623955,30.872852233676976,2037.0,471.0,True,Mekong Delta,3,1067000,2662.89,428,7438.56,237885.11
Tuyên Quang,2024-Q1,2024,1,60.88563125,28.52139182692308,26.273076923076925,2080.0,537.0,True,Northeast,4,1056000,1948.18,134,5442.08,174037.61
Tây Ninh,2024-Q1,2024,1,52.565388871224165,25.14770715421304,30.416216216216217,3145.0,736.0,True,Southeast,1,1207000,4058.65,289,11337.5,362573.14
Vĩnh Long,2024-Q1,2024,1,60.14494071405175,27.928681297084832,34.030789387487715,3053.0,572.0,True,Mekong Delta,2,1100000,3360.01,670,9385.9,300161.23
Vĩnh Phúc,2024-Q1,2024,1,42.65425920964501,18.87881402098683,36.7642330877428,4479.0,902.0,True,Red River Delta,1,1296000,3990.61,932,11147.43,356494.89
Yên Bái,2024-Q1,2024,1,50.6155961414791,22.81272475884244,39.2604501607717,1555.0,542.0,True,Northwest,4,950000,1845.51,119,5155.28,164865.75
Điện Biên,2024-Q1,2024,1,61.09429755178908,24.61053766478343,34.451035781544256,1062.0,306.0,True,Northwest,4,705000,1589.03,63,4438.82,141953.51
Đà Nẵng,2024-Q1,2024,1,66.56791182662539,29.441598018575853,31.312321981424148,8075.0,516.0,True,South Central Coast,1,1294000,4811.58,883,13440.74,429834.96
Đắk Lắk,2024-Q1,2024,1,61.61141951626355,27.12779149291076,42.34674728940784,4796.0,1131.0,True,Central Highlands,3,2016000,2555.78,143,7139.36,228316.6
Đắk Nông,2024-Q1,2024,1,51.31427672479151,24.867854814253224,43.215693707354056,2638.0,744.0,True,Central Highlands,2,670000,3000.7,96,8382.2,268062.84
Đồng Nai,2024-Q1,2024,1,56.442346741753816,23.92094596406543,29.30598015553768,7458.0,1645.0,True,Southeast,2,3227000,3485.16,528,9735.5,311341.31
Đồng Tháp,2024-Q1,2024,1,54.9488708698584,25.946993256911664,32.945380984490896,2966.0,758.0,True,Mekong Delta,3,1838000,2240.56,473,6258.82,200156.92
An Giang,2024-Q2,2024,2,62.046069227121855,26.07744570886676,29.706495969653865,2109.0,746.0,True,Mekong Delta,1,2057000,3791.46,540,10591.12,338704.14
Bà Rịa–Vũng Tàu,2024-Q2,2024,2,64.73040828951439,27.719846582121868,30.98329724713888,3233.0,737.0,True,Southeast,1,1303000,36786.39,580,102759.68,3286254.54
Bình Dương,2024-Q2,2024,2,50.48039244641924,22.799492158912702,30.05462624150549,7652.0,1293.0,True,Southeast,2,2564000,3663.54,901,10233.79,327276.61
Bình Phước,2024-Q2,2024,2,61.73971946857434,26.95022892181911,33.56770567194686,1957.0,760.0,True,Southeast,2,1313000,3606.56,145,10074.62,322186.39
Bình Thuận,2024-Q2,2024,2,66.78493367088608,27.193332151898737,36.38379746835443,1975.0,684.0,True,South Central Coast,2,1498000,3090.17,155,8632.13,276055.5
Bình Định,2024-Q2,2024,2,57.36463709063214,24.9745795887281,38.05102817974105,2626.0,719.0,True,South Central Coast,2,1679000,3089.1,245,8629.14,275959.91
Bạc Liêu,2024-Q2,2024,2,64.17651016456922,31.772452081316555,25.919651500484026,1033.0,339.0,True,Mekong Delta,2,1105000,3701.98,340,10341.17,330710.59
Bắc Giang,2024-Q2,2024,2,51.5248173553719,18.234897933884294,30.55041322314049,2420.0,746.0,True,Northeast,4,1884000,1909.44,463,5333.86,170576.83
Bắc Kạn,2024-Q2,2024,2,71.25309640831757,28.764895085066165,26.88563327032136,1058.0,317.0,True,Northeast,4,338000,1766.68,65,4935.07,157823.59
Bắc Ninh,2024-Q2,2024,2,48.4520406397483,20.01607288935501,30.517566858940743,3814.0,727.0,True,Red River Delta,1,1447000,4451.41,1664,12434.64,397659.74
Bến Tre,2024-Q2,2024,2,62.788209014582414,24.326703490941227,38.80600972160848,2263.0,702.0,True,Mekong Delta,2,1331000,2978.48,538,8320.13,266077.85
Cao Bằng,2024-Q2,2024,2,45.71297832996244,23.41138485986709,27.411152845998267,3461.0,902.0,True,Northeast,4,576000,1564.27,79,4369.66,139741.61
Cà Mau,2024-Q2,2024,2,67.0802752186589,27.750448396501454,34.86588921282799,1715.0,460.0,True,Mekong Delta,2,1369000,3121.66,229,8720.09,278868.61
Cần Thơ,2024-Q2,2024,2,62.40928797680125,33.143635288869056,29.55364711130939,4483.0,634.0,True,Mekong Delta,1,1456000,6260.52,858,17488.23,559273.75
Gia Lai,2024-Q2,2024,2,66.4290659099231,28.036126327352616,32.7114610032955,2731.0,746.0,True,Central Highlands,2,1586000,3023.2,98,8445.05,270072.84
Ho Chi Minh,2024-Q2,2024,2,54.50419800188798,25.246389238514787,26.25314663310258,38136.0,1999.0,True,Southeast,1,9125000,7147.09,4363,19964.79,638474.09
Hà Giang,2024-Q2,2024,2,68.39586719223773,25.142612492419648,28.8465736810188,1649.0,541.0,True,Northeast,4,910000,1083.72,108,3027.28,96812.43
Hà Nam,2024-Q2,2024,2,62.127394245142,28.465143871449925,25.726831091180863,2676.0,724.0,True,Red River Delta,4,945000,2131.93,989,5955.37,190452.63
Hà Nội,2024-Q2,2024,2,45.12939839718293,17.23920646388602,28.65571813085625,49413.0,3155.0,True,Red River Delta,1,8146000,3923.21,2398,10959.16,350473.82
Hà Tĩnh,2024-Q2,2024,2,55.65901238670695,26.00570664652568,33.18036253776435,3310.0,912.0,True,North Central Coast,4,1402000,2117.32,215,5914.55,189147.47
Hòa Bình,2024-Q2,2024,2,62.30209030654515,22.41369345484673,26.768848384424192,2414.0,686.0,True,Northwest,3,979000,2343.13,186,6545.34,209319.85
Hưng Yên,2024-Q2,2024,2,39.39688764044944,16.398953403833442,32.68142762723067,3026.0,670.0,True,Red River Delta,3,1340000,2503.79,1347,6994.13,223672.16
Hải Dương,2024-Q2,2024,2,47.398779706601466,20.56689437652812,27.740342298288507,4090.0,1122.0,True,Red River Delta,3,2003000,2513.92,1134,7022.42,224577.11
Hải Phòng,2024-Q2,2024,2,49.52321051524711,19.00746119873817,26.226288117770768,4755.0,850.0,True,Red River Delta,1,2138000,3849.18,1299,10752.36,343860.47
Hậu Giang,2024-Q2,2024,2,65.16013238095238,30.80052285714285,25.623809523809523,1050.0,355.0,True,Mekong Delta,2,853000,2943.84,452,8223.37,262983.34
Khánh Hòa,2024-Q2,2024,2,60.4356747804266,27.19383513174404,38.75407779171895,3985.0,728.0,True,South Central Coast,1,1371000,4180.68,240,11678.38,373474.5
Kiên Giang,2024-Q2,2024,2,59.16849776643267,23.50158519463944,36.47160178685386,1567.0,537.0,True,Mekong Delta,1,1789000,4336.43,271,12113.45,387388.18
Kon Tum,2024-Q2,2024,2,74.50334367816092,31.65853333333333,35.54367816091954,870.0,293.0,True,Central Highlands,4,589000,2075.42,56,5797.51,185404.4
Lai Châu,2024-Q2,2024,2,58.04903551912568,23.173210382513663,38.84426229508197,732.0,261.0,True,Northwest,4,527000,1081.84,51,3022.03,96644.48
Long An,2024-Q2,2024,2,63.23788689974726,27.047494734625108,29.30012636899747,4748.0,1419.0,True,Mekong Delta,1,1730000,4012.39,376,11208.27,358440.58
Lào Cai,2024-Q2,2024,2,53.34893091451292,22.826767395626245,34.72017892644135,2012.0,610.0,True,Northwest,3,898000,2767.55,115,7730.92,247234.74
Lâm Đồng,2024-Q2,2024,2,61.10395659392789,28.21139397533207,33.179554079696395,4216.0,1144.0,True,Central Highlands,2,1390000,3331.8,133,9307.1,297641.14
Lạng Sơn,2024-Q2,2024,2,50.27591276435045,20.318691276435047,27.67239425981873,5296.0,1326.0,True,Northeast,4,828000,2201.98,94,6151.05,196710.43
Nam Định,2024-Q2,2024,2,50.18497763659466,24.55687649301144,29.912833545108004,3935.0,1000.0,True,Red River Delta,4,1852000,1904.97,1067,5321.37,170177.51
Nghệ An,2024-Q2,2024,2,56.60644899260392,27.2612740372354,28.610686049477174,7842.0,2147.0,True,North Central Coast,3,3399000,2379.59,202,6647.18,212576.95
Ninh Bình,2024-Q2,2024,2,50.63636268221575,23.43393994169096,26.982507288629737,1715.0,538.0,True,Red River Delta,3,1102000,2478.79,708,6924.29,221438.82
Ninh Thuận,2024-Q2,2024,2,61.214433552631576,30.80510986842105,31.08815789473684,1520.0,375.0,True,South Central Coast,3,720000,2402.34,176,6710.73,214609.28
Phú Thọ,2024-Q2,2024,2,60.15200812064965,22.12618909512761,29.79311678267595,2586.0,986.0,True,Northeast,4,1515000,1916.23,414,5352.83,171183.41
Phú Yên,2024-Q2,2024,2,63.53677643908969,27.38258277554663,33.926372155287815,2241.0,555.0,True,South Central Coast,3,1056000,2541.8,174,7100.3,227067.72
Quảng Bình,2024-Q2,2024,2,72.14673797841021,28.04766290480864,31.602060843964672,2038.0,696.0,True,North Central Coast,3,992000,2203.01,112,6153.92,196802.45
Quảng Nam,2024-Q2,2024,2,58.6000441373161,25.8196201515827,39.687249219794914,4486.0,1139.0,True,South Central Coast,2,1697000,3192.34,141,8917.53,285182.69
Quảng Ngãi,2024-Q2,2024,2,64.21588238095238,28.668750476190475,30.305238095238096,2100.0,692.0,True,South Central Coast,2,1355000,3516.44,239,9822.88,314135.66
Quảng Ninh,2024-Q2,2024,2,46.01247599892733,21.095783856261733,29.14132475194422,3729.0,811.0,True,Northeast,1,1387000,7834.55,214,21885.15,699887.25
Quảng Trị,2024-Q2,2024,2,65.01743782837129,28.05265061295972,28.498248686514888,1142.0,404.0,True,North Central Coast,3,687000,2672.1,137,7464.29,238707.87
Sóc Trăng,2024-Q2,2024,2,65.97779989212515,29.189507011866237,30.05663430420712,1854.0,546.0,True,Mekong Delta,3,1256000,2835.46,362,7920.62,253301.38
Sơn La,2024-Q2,2024,2,59.6926354477612,22.876039552238804,29.573134328358208,2680.0,851.0,True,Northwest,4,1356000,1773.9,88,4955.24,158468.58
Thanh Hóa,2024-Q2,2024,2,56.24783589087809,25.226139954532535,27.890451832907075,7038.0,1996.0,True,North Central Coast,3,3689000,2434.69,328,6801.1,217499.22
Thái Bình,2024-Q2,2024,2,54.34400792556857,25.524456581667813,27.46829772570641,2902.0,871.0,True,Red River Delta,4,1934000,2090.86,1173,5840.64,186783.7
Thái Nguyên,2024-Q2,2024,2,54.90185041374921,22.806345427540844,27.81264587311691,4713.0,947.0,True,Northeast,3,1356000,2547.11,365,7115.14,227542.08
Thừa Thiên Huế,2024-Q2,2024,2,63.29746272799365,27.402649088025377,29.23076923076923,2522.0,678.0,True,North Central Coast,2,1257000,3072.58,230,8582.99,274484.12
Tiền Giang,2024-Q2,2024,2,66.94532137096773,25.07082661290323,32.8,2480.0,774.0,True,Mekong Delta,1,1898000,3781.77,703,10564.06,337838.5
Trà Vinh,2024-Q2,2024,2,56.18384914067472,23.94204964990452,34.55315085932527,1571.0,393.0,True,Mekong Delta,3,1067000,2662.89,428,7438.56,237885.11
Tuyên Quang,2024-Q2,2024,2,67.94206360856269,28.91418348623853,24.195107033639143,1635.0,507.0,True,Northeast,4,1056000,1948.18,134,5442.08,174037.61
Tây Ninh,2024-Q2,2024,2,59.5706406779661,26.98554194915254,32.31440677966102,2360.0,740.0,True,Southeast,1,1207000,4058.65,289,11337.5,362573.14
Vĩnh Long,2024-Q2,2024,2,52.349180705882354,25.55100847058824,32.372235294117644,2125.0,488.0,True,Mekong Delta,2,1100000,3360.01,670,9385.9,300161.23
Vĩnh Phúc,2024-Q2,2024,2,46.559580178442246,18.16123776223776,31.334699782975644,4147.0,882.0,True,Red River Delta,1,1296000,3990.61,932,11147.43,356494.89
Yên Bái,2024-Q2,2024,2,56.26876993648553,21.074952717007765,33.951305575158784,1417.0,507.0,True,Northwest,4,950000,1845.51,119,5155.28,164865.75
Điện Biên,2024-Q2,2024,2,59.58354104477612,21.53426567164179,33.66417910447761,1340.0,331.0,True,Northwest,4,705000,1589.03,63,4438.82,141953.51
Đà Nẵng,2024-Q2,2024,2,71.28063103544515,29.83824616243372,29.120708903153783,7166.0,514.0,True,South Central Coast,1,1294000,4811.58,883,13440.74,429834.96
Đắk Lắk,2024-Q2,2024,2,68.27352269399708,29.573603221083456,36.43435822352367,4098.0,918.0,True,Central Highlands,3,2016000,2555.78,143,7139.36,228316.6
Đắk Nông,2024-Q2,2024,2,60.66441963079694,26.942293111211164,39.61323728050428,2221.0,658.0,True,Central Highlands,2,670000,3000.7,96,8382.2,268062.84
Đồng Nai,2024-Q2,2024,2,56.919383752173225,23.63037110795005,32.08977398451083,6327.0,1527.0,True,Southeast,2,3227000,3485.16,528,9735.5,311341.31
Đồng Tháp,2024-Q2,2024,2,56.6183968762515,25.986320384461354,31.928313976772127,2497.0,677.0,True,Mekong Delta,3,1838000,2240.56,473,6258.82,200156.92
An Giang,2024-Q3,2024,3,65.38475980392157,25.93095637254902,30.2906862745098,2040.0,723.0,True,Mekong Delta,1,2057000,3791.46,540,10591.12,338704.14
Bà Rịa–Vũng Tàu,2024-Q3,2024,3,70.29545553422903,28.146572936660267,29.9638515674984,3126.0,701.0,True,Southeast,1,1303000,36786.39,580,102759.68,3286254.54
Bình Dương,2024-Q3,2024,3,61.434415113277886,23.286687266991684,31.90851735015773,6974.0,1227.0,True,Southeast,2,2564000,3663.54,901,10233.79,327276.61
Bình Phước,2024-Q3,2024,3,77.67503161448741,28.491674953959485,30.792510742786988,3258.0,912.0,True,Southeast,2,1313000,3606.56,145,10074.62,322186.39
Bình Thuận,2024-Q3,2024,3,73.76657411907655,26.83680680437424,35.78250303766707,1646.0,599.0,True,South Central Coast,2,1498000,3090.17,155,8632.13,276055.5
Bình Định,2024-Q3,2024,3,58.44222966507177,24.65016776315789,38.4386961722488,3344.0,705.0,True,South Central Coast,2,1679000,3089.1,245,8629.14,275959.91
Bạc Liêu,2024-Q3,2024,3,110.71981176470588,38.76132727272727,25.577540106951872,935.0,295.0,True,Mekong Delta,2,1105000,3701.98,340,10341.17,330710.59
Bắc Giang,2024-Q3,2024,3,64.78711031859248,21.514487398953875,32.7698525915359,2103.0,709.0,True,Northeast,4,1884000,1909.44,463,5333.86,170576.83
Bắc Kạn,2024-Q3,2024,3,98.28139031925848,32.356386199794024,26.51596292481977,971.0,278.0,True,Northeast,4,338000,1766.68,65,4935.07,157823.59
Bắc Ninh,2024-Q3,2024,3,90.92784303313508,24.153997451146985,28.19052676295667,4708.0,783.0,True,Red River Delta,1,1447000,4451.41,1664,12434.64,397659.74
Bến Tre,2024-Q3,2024,3,57.97992594178082,22.29882191780822,38.2367294520548,2336.0,594.0,True,Mekong Delta,2,1331000,2978.48,538,8320.13,266077.85
Cao Bằng,2024-Q3,2024,3,59.85791477484183,24.73572385560104,30.56494231484928,2687.0,884.0,True,Northeast,4,576000,1564.27,79,4369.66,139741.61
Cà Mau,2024-Q3,2024,3,79.41974918300654,29.36209232026144,33.15604575163399,1224.0,413.0,True,Mekong Delta,2,1369000,3121.66,229,8720.09,278868.61
Cần Thơ,2024-Q3,2024,3,72.28653334932821,31.086304942418423,26.664107485604607,4168.0,555.0,True,Mekong Delta,1,1456000,6260.52,858,17488.23,559273.75
Gia Lai,2024-Q3,2024,3,70.6343625889529,29.605198915621823,32.22805828532701,2951.0,763.0,True,Central Highlands,2,1586000,3023.2,98,8445.05,270072.84
Ho Chi Minh,2024-Q3,2024,3,62.95748783173021,24.898721665314635,25.7563738556032,34516.0,2002.0,True,Southeast,1,9125000,7147.09,4363,19964.79,638474.09
Hà Giang,2024-Q3,2024,3,94.49169433962264,25.941687735849055,31.766037735849057,1060.0,408.0,True,Northeast,4,910000,1083.72,108,3027.28,96812.43
Hà Nam,2024-Q3,2024,3,77.08153606172425,29.377340825226437,25.578329419657837,2981.0,722.0,True,Red River Delta,4,945000,2131.93,989,5955.37,190452.63
Hà Nội,2024-Q3,2024,3,51.42625004888132,19.50970665623865,29.07913186782492,35801.0,3036.0,True,Red River Delta,1,8146000,3923.21,2398,10959.16,350473.82
Hà Tĩnh,2024-Q3,2024,3,71.98064361840395,30.02697192617624,29.707044450220952,3847.0,920.0,True,North Central Coast,4,1402000,2117.32,215,5914.55,189147.47
Hòa Bình,2024-Q3,2024,3,69.5760485692771,22.82880572289157,31.20971385542169,2656.0,684.0,True,Northwest,3,979000,2343.13,186,6545.34,209319.85
Hưng Yên,2024-Q3,2024,3,42.59865553602812,17.241981107205625,30.054042179261863,2276.0,651.0,True,Red River Delta,3,1340000,2503.79,1347,6994.13,223672.16
Hải Dương,2024-Q3,2024,3,42.25521374582527,17.09398769555282,28.636667252592723,5689.0,1195.0,True,Red River Delta,3,2003000,2513.92,1134,7022.42,224577.11
Hải Phòng,2024-Q3,2024,3,44.54751017909077,16.62899586713608,28.84050206643196,6533.0,1028.0,True,Red River Delta,1,2138000,3849.18,1299,10752.36,343860.47
Hậu Giang,2024-Q3,2024,3,78.84160931435964,26.397963777490297,27.645536869340237,773.0,251.0,True,Mekong Delta,2,853000,2943.84,452,8223.37,262983.34
Khánh Hòa,2024-Q3,2024,3,63.67549870600414,26.67364751552795,34.44979296066253,3864.0,762.0,True,South Central Coast,1,1371000,4180.68,240,11678.38,373474.5
Kiên Giang,2024-Q3,2024,3,60.517759570181326,25.047977165883143,38.49160510409671,1489.0,522.0,True,Mekong Delta,1,1789000,4336.43,271,12113.45,387388.18
Kon Tum,2024-Q3,2024,3,77.5895573033708,30.017804494382023,28.038202247191013,890.0,308.0,True,Central Highlands,4,589000,2075.42,56,5797.51,185404.4
Lai Châu,2024-Q3,2024,3,58.9968642172524,21.356223642172523,39.11980830670927,626.0,224.0,True,Northwest,4,527000,1081.84,51,3022.03,96644.48
Long An,2024-Q3,2024,3,68.64244895253249,26.087219835587376,31.160965261203923,3771.0,1267.0,True,Mekong Delta,1,1730000,4012.39,376,11208.27,358440.58
Lào Cai,2024-Q3,2024,3,62.17898387096774,23.82183410138249,35.06912442396313,1302.0,419.0,True,Northwest,3,898000,2767.55,115,7730.92,247234.74
Lâm Đồng,2024-Q3,2024,3,66.17362636746144,26.83193043478261,32.323702664796635,3565.0,1039.0,True,Central Highlands,2,1390000,3331.8,133,9307.1,297641.14
Lạng Sơn,2024-Q3,2024,3,64.44089267087566,27.094696953060662,27.904199835300577,3643.0,877.0,True,Northeast,4,828000,2201.98,94,6151.05,196710.43
Nam Định,2024-Q3,2024,3,59.02143662351672,24.583254045307445,30.228964401294498,3708.0,984.0,True,Red River Delta,4,1852000,1904.97,1067,5321.37,170177.51
Nghệ An,2024-Q3,2024,3,61.92782743427816,28.54642032603907,30.14143045968571,6809.0,1919.0,True,North Central Coast,3,3399000,2379.59,202,6647.18,212576.95
Ninh Bình,2024-Q3,2024,3,64.86258920704846,24.442301762114536,28.0523127753304,1816.0,596.0,True,Red River Delta,3,1102000,2478.79,708,6924.29,221438.82
Ninh Thuận,2024-Q3,2024,3,60.18227444794953,30.134984227129337,29.620820189274447,1585.0,389.0,True,South Central Coast,3,720000,2402.34,176,6710.73,214609.28
Phú Thọ,2024-Q3,2024,3,64.86234804887663,23.467352778872687,27.286164761529367,2537.0,1001.0,True,Northeast,4,1515000,1916.23,414,5352.83,171183.41
Phú Yên,2024-Q3,2024,3,65.54052553095346,30.46725892453683,30.705377315860822,2213.0,502.0,True,South Central Coast,3,1056000,2541.8,174,7100.3,227067.72
Quảng Bình,2024-Q3,2024,3,76.48786146971202,28.4094364448858,31.713505461767628,2014.0,624.0,True,North Central Coast,3,992000,2203.01,112,6153.92,196802.45
Quảng Nam,2024-Q3,2024,3,68.97778648412468,29.185492280803963,35.3157588115351,3433.0,1031.0,True,South Central Coast,2,1697000,3192.34,141,8917.53,285182.69
Quảng Ngãi,2024-Q3,2024,3,65.32739370829361,28.75302955195424,33.430886558627265,2098.0,675.0,True,South Central Coast,2,1355000,3516.44,239,9822.88,314135.66
Quảng Ninh,2024-Q3,2024,3,44.81536414852753,18.98744532650448,30.23918053777209,3905.0,735.0,True,Northeast,1,1387000,7834.55,214,21885.15,699887.25
Quảng Trị,2024-Q3,2024,3,71.96210307017543,29.749573099415205,29.517543859649123,1368.0,446.0,True,North Central Coast,3,687000,2672.1,137,7464.29,238707.87
Sóc Trăng,2024-Q3,2024,3,82.73208469945355,28.810962431693987,33.0792349726776,1464.0,505.0,True,Mekong Delta,3,1256000,2835.46,362,7920.62,253301.38
Sơn La,2024-Q3,2024,3,74.46213816988698,26.52034779438571,30.16879329201604,2743.0,584.0,True,Northwest,4,1356000,1773.9,88,4955.24,158468.58
Thanh Hóa,2024-Q3,2024,3,68.66166583871502,26.544640503394604,28.28100678920351,6039.0,1807.0,True,North Central Coast,3,3689000,2434.69,328,6801.1,217499.22
Thái Bình,2024-Q3,2024,3,69.24092569269521,26.79718986146096,27.7676322418136,3176.0,897.0,True,Red River Delta,4,1934000,2090.86,1173,5840.64,186783.7
Thái Nguyên,2024-Q3,2024,3,60.18902156812992,24.27842172037554,32.201471707688405,3941.0,778.0,True,Northeast,3,1356000,2547.11,365,7115.14,227542.08
Thừa Thiên Huế,2024-Q3,2024,3,64.42530070477682,29.245147611589665,30.22866092404072,2554.0,610.0,True,North Central Coast,2,1257000,3072.58,230,8582.99,274484.12
Tiền Giang,2024-Q3,2024,3,65.59079032258065,26.09954838709677,32.8256320836966,2294.0,797.0,True,Mekong Delta,1,1898000,3781.77,703,10564.06,337838.5
Trà Vinh,2024-Q3,2024,3,53.97323110720563,23.529862917398948,33.068541300527244,1138.0,394.0,True,Mekong Delta,3,1067000,2662.89,428,7438.56,237885.11
Tuyên Quang,2024-Q3,2024,3,89.21563774104683,29.603947658402205,23.03443526170799,1452.0,440.0,True,Northeast,4,1056000,1948.18,134,5442.08,174037.61
Tây Ninh,2024-Q3,2024,3,61.59195183486239,26.09107752293578,33.29128440366973,2180.0,715.0,True,Southeast,1,1207000,4058.65,289,11337.5,362573.14
Vĩnh Long,2024-Q3,2024,3,64.52890909090908,26.91075482093664,36.38071625344352,1815.0,459.0,True,Mekong Delta,2,1100000,3360.01,670,9385.9,300161.23
Vĩnh Phúc,2024-Q3,2024,3,53.24190171561501,19.32557516719977,34.60395463797616,3439.0,831.0,True,Red River Delta,1,1296000,3990.61,932,11147.43,356494.89
Yên Bái,2024-Q3,2024,3,79.01367501692621,25.15653893026405,31.03182125930941,1477.0,426.0,True,Northwest,4,950000,1845.51,119,5155.28,164865.75
Điện Biên,2024-Q3,2024,3,89.61899098083428,27.679691093573844,36.997745208568205,887.0,282.0,True,Northwest,4,705000,1589.03,63,4438.82,141953.51
Đà Nẵng,2024-Q3,2024,3,74.51820520358665,30.52295134499485,27.16478024401,6803.0,486.0,True,South Central Coast,1,1294000,4811.58,883,13440.74,429834.96
Đắk Lắk,2024-Q3,2024,3,73.86986109713136,29.29329114242577,36.79214896829391,3974.0,1033.0,True,Central Highlands,3,2016000,2555.78,143,7139.36,228316.6
Đắk Nông,2024-Q3,2024,3,70.31786741573033,27.091654382022472,37.147865168539326,2225.0,655.0,True,Central Highlands,2,670000,3000.7,96,8382.2,268062.84
Đồng Nai,2024-Q3,2024,3,59.16418752096612,23.306857933579337,32.01677289500168,5962.0,1538.0,True,Southeast,2,3227000,3485.16,528,9735.5,311341.31
Đồng Tháp,2024-Q3,2024,3,55.848305319148935,24.187943085106383,31.142021276595745,1880.0,604.0,True,Mekong Delta,3,1838000,2240.56,473,6258.82,200156.92
An Giang,2024-Q4,2024,4,172.3991471758154,35.87122805621851,26.202863961813843,3771.0,809.0,True,Mekong Delta,1,2057000,3791.46,540,10591.12,338704.14
Bà Rịa–Vũng Tàu,2024-Q4,2024,4,144.79160051712992,35.042956043956046,30.491488903253607,4641.0,771.0,True,Southeast,1,1303000,36786.39,580,102759.68,3286254.54
Bình Dương,2024-Q4,2024,4,139.05150522730872,30.90217519404404,30.190638365278,12626.0,1442.0,True,Southeast,2,2564000,3663.54,901,10233.79,327276.61
Bình Phước,2024-Q4,2024,4,163.99757166746298,34.692125179168656,31.45795508838987,4186.0,1016.0,True,Southeast,2,1313000,3606.56,145,10074.62,322186.39
Bình Thuận,2024-Q4,2024,4,148.17340444974175,32.21347159316647,36.39849026618991,2517.0,705.0,True,South Central Coast,2,1498000,3090.17,155,8632.13,276055.5
Bình Định,2024-Q4,2024,4,124.00574161162484,31.665010568031704,35.575165125495374,3785.0,853.0,True,South Central Coast,2,1679000,3089.1,245,8629.14,275959.91
Bạc Liêu,2024-Q4,2024,4,201.0625785074627,44.24668895522388,23.03880597014925,1675.0,376.0,True,Mekong Delta,2,1105000,3701.98,340,10341.17,330710.59
Bắc Giang,2024-Q4,2024,4,152.513656511805,31.661502157908096,30.613861386138613,3939.0,759.0,True,Northeast,4,1884000,1909.44,463,5333.86,170576.83
Bắc Kạn,2024-Q4,2024,4,222.03735507246375,45.39578743961352,23.39935587761675,1242.0,262.0,True,Northeast,4,338000,1766.68,65,4935.07,157823.59
Bắc Ninh,2024-Q4,2024,4,151.08642093784078,30.623139585605237,25.00529677519863,6419.0,875.0,True,Red River Delta,1,1447000,4451.41,1664,12434.64,397659.74
Bến Tre,2024-Q4,2024,4,147.49970234604103,32.012885337243404,35.881231671554254,3410.0,747.0,True,Mekong Delta,2,1331000,2978.48,538,8320.13,266077.85
Cao Bằng,2024-Q4,2024,4,122.19288505747129,29.583093539437176,31.30400317082838,2523.0,754.0,True,Northeast,4,576000,1564.27,79,4369.66,139741.61
Cà Mau,2024-Q4,2024,4,158.2808032703117,36.21564588656106,27.8513030148186,1957.0,519.0,True,Mekong Delta,2,1369000,3121.66,229,8720.09,278868.61
Cần Thơ,2024-Q4,2024,4,172.33240734949177,39.14331180609852,27.26645817044566,6395.0,653.0,True,Mekong Delta,1,1456000,6260.52,858,17488.23,559273.75
Gia Lai,2024-Q4,2024,4,170.14746635595688,38.59111360326245,28.176521992426448,3433.0,903.0,True,Central Highlands,2,1586000,3023.2,98,8445.05,270072.84
Ho Chi Minh,2024-Q4,2024,4,145.00366993756907,32.5101455178182,22.65674941004272,66954.0,2229.0,True,Southeast,1,9125000,7147.09,4363,19964.79,638474.09
Hà Giang,2024-Q4,2024,4,189.59152957589288,39.61824720982143,27.327566964285715,1792.0,425.0,True,Northeast,4,910000,1083.72,108,3027.28,96812.43
Hà Nam,2024-Q4,2024,4,171.9601663001649,35.32433782297966,24.59510720175921,3638.0,719.0,True,Red River Delta,4,945000,2131.93,989,5955.37,190452.63
Hà Nội,2024-Q4,2024,4,129.80865654965754,29.022978909817358,23.032719748858447,70080.0,3440.0,True,Red River Delta,1,8146000,3923.21,2398,10959.16,350473.82
Hà Tĩnh,2024-Q4,2024,4,157.88675016722408,38.30590602006689,29.721404682274247,2990.0,788.0,True,North Central Coast,4,1402000,2117.32,215,5914.55,189147.47
Hòa Bình,2024-Q4,2024,4,128.33429018157364,29.57989609952925,25.88399462004035,2974.0,669.0,True,Northwest,3,979000,2343.13,186,6545.34,209319.85
Hưng Yên,2024-Q4,2024,4,89.22674601018676,23.03421595925297,27.52258064516129,2945.0,697.0,True,Red River Delta,3,1340000,2503.79,1347,6994.13,223672.16
Hải Dương,2024-Q4,2024,4,92.91310554429911,23.841254374654632,26.00773623135016,5429.0,1159.0,True,Red River Delta,3,2003000,2513.92,1134,7022.42,224577.11
Hải Phòng,2024-Q4,2024,4,142.40435756739546,27.75935109318616,24.509658246656763,9422.0,1001.0,True,Red River Delta,1,2138000,3849.18,1299,10752.36,343860.47
Hậu Giang,2024-Q4,2024,4,205.67302264150945,36.95140849056604,25.338679245283014,1060.0,255.0,True,Mekong Delta,2,853000,2943.84,452,8223.37,262983.34
Khánh Hòa,2024-Q4,2024,4,158.71430527325023,36.73450431447747,29.857334611697027,5215.0,834.0,True,South Central Coast,1,1371000,4180.68,240,11678.38,373474.5
Kiên Giang,2024-Q4,2024,4,124.1363259574468,29.61617021276596,37.06851063829787,2350.0,606.0,True,Mekong Delta,1,1789000,4336.43,271,12113.45,387388.18
Kon Tum,2024-Q4,2024,4,263.2827743702081,45.62006243154436,25.815991237677984,913.0,256.0,True,Central Highlands,4,589000,2075.42,56,5797.51,185404.4
Lai Châu,2024-Q4,2024,4,209.22894043624163,37.67034479865772,32.12080536912752,1192.0,254.0,True,Northwest,4,527000,1081.84,51,3022.03,96644.48
Long An,2024-Q4,2024,4,144.67075761611454,33.50221075412019,30.32795072415515,6007.0,1483.0,True,Mekong Delta,1,1730000,4012.39,376,11208.27,358440.58
Lào Cai,2024-Q4,2024,4,148.8902287725473,30.163421029476464,32.0,2273.0,518.0,True,Northwest,3,898000,2767.55,115,7730.92,247234.74
Lâm Đồng,2024-Q4,2024,4,149.0053316002311,34.23558501829386,30.614095898324667,5193.0,1122.0,True,Central Highlands,2,1390000,3331.8,133,9307.1,297641.14
Lạng Sơn,2024-Q4,2024,4,108.89323608071967,29.901103574033552,27.068563092633116,4113.0,948.0,True,Northeast,4,828000,2201.98,94,6151.05,196710.43
Nam Định,2024-Q4,2024,4,129.89342254941508,34.24611758773699,26.26482452601856,4958.0,936.0,True,Red River Delta,4,1852000,1904.97,1067,5321.37,170177.51
Nghệ An,2024-Q4,2024,4,137.6987152653957,34.94749252503086,29.55685091208339,7291.0,1706.0,True,North Central Coast,3,3399000,2379.59,202,6647.18,212576.95
Ninh Bình,2024-Q4,2024,4,188.48384346405228,39.3129274509804,22.91078431372549,3060.0,642.0,True,Red River Delta,3,1102000,2478.79,708,6924.29,221438.82
Ninh Thuận,2024-Q4,2024,4,135.70963461538463,36.162334249084246,29.404761904761905,2184.0,429.0,True,South Central Coast,3,720000,2402.34,176,6710.73,214609.28
Phú Thọ,2024-Q4,2024,4,150.21341421224872,34.13684595605423,27.39995324918186,4278.0,1099.0,True,Northeast,4,1515000,1916.23,414,5352.83,171183.41
Phú Yên,2024-Q4,2024,4,144.4967392032139,39.4334057582859,27.547371945095414,2987.0,546.0,True,South Central Coast,3,1056000,2541.8,174,7100.3,227067.72
Quảng Bình,2024-Q4,2024,4,147.5415707367693,36.868922172258735,31.34313386371498,2891.0,764.0,True,North Central Coast,3,992000,2203.01,112,6153.92,196802.45
Quảng Nam,2024-Q4,2024,4,123.62528167924162,31.94997852582705,31.0311472238344,5169.0,1043.0,True,South Central Coast,2,1697000,3192.34,141,8917.53,285182.69
Quảng Ngãi,2024-Q4,2024,4,155.458905019305,35.941154440154435,29.651737451737453,2590.0,674.0,True,South Central Coast,2,1355000,3516.44,239,9822.88,314135.66
Quảng Ninh,2024-Q4,2024,4,129.04744258617174,31.18448276565368,26.275137670813788,4903.0,838.0,True,Northeast,1,1387000,7834.55,214,21885.15,699887.25
Quảng Trị,2024-Q4,2024,4,211.19340537240535,45.315153235653234,27.357142857142858,1638.0,447.0,True,North Central Coast,3,687000,2672.1,137,7464.29,238707.87
Sóc Trăng,2024-Q4,2024,4,172.59168180069258,38.634857637552905,31.40823393612928,2599.0,571.0,True,Mekong Delta,3,1256000,2835.46,362,7920.62,253301.38
Sơn La,2024-Q4,2024,4,152.19225075075073,34.143248648648644,27.696696696696694,3330.0,652.0,True,Northwest,4,1356000,1773.9,88,4955.24,158468.58
Thanh Hóa,2024-Q4,2024,4,166.44433930381885,39.29901216627239,25.94243550749127,8877.0,1972.0,True,North Central Coast,3,3689000,2434.69,328,6801.1,217499.22
Thái Bình,2024-Q4,2024,4,149.7137270610154,35.617898695854684,24.22752678155566,4294.0,981.0,True,Red River Delta,4,1934000,2090.86,1173,5840.64,186783.7
Thái Nguyên,2024-Q4,2024,4,162.9384628319975,34.25588401697313,25.513437057991517,6363.0,909.0,True,Northeast,3,1356000,2547.11,365,7115.14,227542.08
Thừa Thiên Huế,2024-Q4,2024,4,203.07402006852664,44.28999853157122,24.71781693587861,4086.0,675.0,True,North Central Coast,2,1257000,3072.58,230,8582.99,274484.12
Tiền Giang,2024-Q4,2024,4,151.64245970219807,34.64417324509572,36.50579059324037,4231.0,988.0,True,Mekong Delta,1,1898000,3781.77,703,10564.06,337838.5
Trà Vinh,2024-Q4,2024,4,149.63376806422838,33.70085057983943,31.58965209634255,2242.0,500.0,True,Mekong Delta,3,1067000,2662.89,428,7438.56,237885.11
Tuyên Quang,2024-Q4,2024,4,184.49198529411763,40.30036669829222,21.205882352941178,2108.0,485.0,True,Northeast,4,1056000,1948.18,134,5442.08,174037.61
Tây Ninh,2024-Q4,2024,4,132.35373845076995,34.97331311245917,29.4493700419972,4286.0,988.0,True,Southeast,1,1207000,4058.65,289,11337.5,362573.14
Vĩnh Long,2024-Q4,2024,4,188.20921433267588,37.04834319526627,31.95792241946088,3042.0,527.0,True,Mekong Delta,2,1100000,3360.01,670,9385.9,300161.23
Vĩnh Phúc,2024-Q4,2024,4,109.2735484431212,24.482496588512596,29.30132737873713,8061.0,1006.0,True,Red River Delta,1,1296000,3990.61,932,11147.43,356494.89
Yên Bái,2024-Q4,2024,4,183.89101563372412,35.93277275265215,28.76046901172529,1791.0,456.0,True,Northwest,4,950000,1845.51,119,5155.28,164865.75
Điện Biên,2024-Q4,2024,4,235.06904146170064,40.038100491918485,28.983836964160226,1423.0,325.0,True,Northwest,4,705000,1589.03,63,4438.82,141953.51
Đà Nẵng,2024-Q4,2024,4,207.6868129763897,45.14996337609221,22.586540249116936,10758.0,529.0,True,South Central Coast,1,1294000,4811.58,883,13440.74,429834.96
Đắk Lắk,2024-Q4,2024,4,177.2531513741135,38.8526409574468,29.32070035460993,4512.0,950.0,True,Central Highlands,3,2016000,2555.78,143,7139.36,228316.6
Đắk Nông,2024-Q4,2024,4,143.96639819182388,32.52576533018868,33.774371069182386,2544.0,688.0,True,Central Highlands,2,670000,3000.7,96,8382.2,268062.84
Đồng Nai,2024-Q4,2024,4,144.72758200524513,31.369822372402663,27.048618115795843,9914.0,1700.0,True,Southeast,2,3227000,3485.16,528,9735.5,311341.31
Đồng Tháp,2024-Q4,2024,4,131.83705504295258,32.70845466115176,31.4412981228126,3143.0,739.0,True,Mekong Delta,3,1838000,2240.56,473,6258.82,200156.92
An Giang,2025-Q1,2025,1,139.5010806451613,34.11363053263316,27.209302325581397,2666.0,740.0,True,Mekong Delta,1,2057000,3791.46,540,10591.12,338704.14
Bà Rịa–Vũng Tàu,2025-Q1,2025,1,145.14496656716418,37.14458776119403,28.60955223880597,3350.0,641.0,True,Southeast,1,1303000,36786.39,580,102759.68,3286254.54
Bình Dương,2025-Q1,2025,1,137.96401434636218,31.6531078904992,27.89445176401698,6831.0,1206.0,True,Southeast,2,2564000,3663.54,901,10233.79,327276.61
Bình Phước,2025-Q1,2025,1,152.17921343402227,35.46400755166932,24.465023847376788,2516.0,767.0,True,Southeast,2,1313000,3606.56,145,10074.62,322186.39
Bình Thuận,2025-Q1,2025,1,138.5981323127392,33.053616730453804,31.28813559322034,1829.0,646.0,True,South Central Coast,2,1498000,3090.17,155,8632.13,276055.5
Bình Định,2025-Q1,2025,1,104.83547190332328,29.73757311178248,32.74350453172205,3310.0,848.0,True,South Central Coast,2,1679000,3089.1,245,8629.14,275959.91
Bạc Liêu,2025-Q1,2025,1,217.9064440078585,43.35068565815324,25.93811394891945,1018.0,300.0,True,Mekong Delta,2,1105000,3701.98,340,10341.17,330710.59
Bắc Giang,2025-Q1,2025,1,80.98174587778854,23.74886178467507,28.08341416100873,2062.0,670.0,True,Northeast,4,1884000,1909.44,463,5333.86,170576.83
Bắc Kạn,2025-Q1,2025,1,83.0782833545108,33.57173316391359,25.13722998729352,787.0,213.0,True,Northeast,4,338000,1766.68,65,4935.07,157823.59
Bắc Ninh,2025-Q1,2025,1,97.28875592063152,25.56229187113292,24.99935993172605,4687.0,726.0,True,Red River Delta,1,1447000,4451.41,1664,12434.64,397659.74
Bến Tre,2025-Q1,2025,1,142.95344989339017,29.81164392324094,34.11727078891258,1876.0,579.0,True,Mekong Delta,2,1331000,2978.48,538,8320.13,266077.85
Cao Bằng,2025-Q1,2025,1,69.90909910507126,25.61539376864435,32.542591978786874,3017.0,755.0,True,Northeast,4,576000,1564.27,79,4369.66,139741.61
Cà Mau,2025-Q1,2025,1,147.26707048150735,35.75104675505931,26.221214235868807,1433.0,498.0,True,Mekong Delta,2,1369000,3121.66,229,8720.09,278868.61
Cần Thơ,2025-Q1,2025,1,178.83532986627043,39.37522012311611,26.067077053704097,4711.0,602.0,True,Mekong Delta,1,1456000,6260.52,858,17488.23,559273.75
Gia Lai,2025-Q1,2025,1,151.90067262170612,36.00362036623493,29.12103617686467,2239.0,658.0,True,Central Highlands,2,1586000,3023.2,98,8445.05,270072.84
Ho Chi Minh,2025-Q1,2025,1,147.85855091124716,34.59617510951909,22.66306847060532,41317.0,2064.0,True,Southeast,1,9125000,7147.09,4363,19964.79,638474.09
Hà Giang,2025-Q1,2025,1,130.61051189343482,30.408119885823027,29.441484300666037,1051.0,384.0,True,Northeast,4,910000,1083.72,108,3027.28,96812.43
Hà Nam,2025-Q1,2025,1,93.37908326530612,31.207895102040816,27.268571428571427,2450.0,610.0,True,Red River Delta,4,945000,2131.93,989,5955.37,190452.63
Hà Nội,2025-Q1,2025,1,144.11591388461335,30.433786396688078,24.20521734515153,37682.0,3113.0,True,Red River Delta,1,8146000,3923.21,2398,10959.16,350473.82
Hà Tĩnh,2025-Q1,2025,1,87.166,31.983724601593625,30.204183266932272,2008.0,810.0,True,North Central Coast,4,1402000,2117.32,215,5914.55,189147.47
Hòa Bình,2025-Q1,2025,1,79.34303550446998,23.61180715197957,25.5514687100894,3915.0,876.0,True,Northwest,3,979000,2343.13,186,6545.34,209319.85
Hưng Yên,2025-Q1,2025,1,54.08910798122066,17.477561424100156,28.05399061032864,2556.0,575.0,True,Red River Delta,3,1340000,2503.79,1347,6994.13,223672.16
Hải Dương,2025-Q1,2025,1,82.79948406628426,23.506755895474825,26.27692797960484,3138.0,935.0,True,Red River Delta,3,2003000,2513.92,1134,7022.42,224577.11
Hải Phòng,2025-Q1,2025,1,124.08818878537528,26.87466303392512,26.657233257162947,5689.0,883.0,True,Red River Delta,1,2138000,3849.18,1299,10752.36,343860.47
Hậu Giang,2025-Q1,2025,1,185.8826224489796,34.97342006802721,22.12585034013605,588.0,212.0,True,Mekong Delta,2,853000,2943.84,452,8223.37,262983.34
Khánh Hòa,2025-Q1,2025,1,137.10860109431994,34.68075560187598,32.69906201146431,3838.0,718.0,True,South Central Coast,1,1371000,4180.68,240,11678.38,373474.5
Kiên Giang,2025-Q1,2025,1,153.93087556818182,35.19853295454545,36.18465909090909,1760.0,586.0,True,Mekong Delta,1,1789000,4336.43,271,12113.45,387388.18
Kon Tum,2025-Q1,2025,1,139.244601459854,37.61559562043796,39.43795620437956,685.0,257.0,True,Central Highlands,4,589000,2075.42,56,5797.51,185404.4
Lai Châu,2025-Q1,2025,1,129.8894837962963,32.35406944444445,28.47222222222222,432.0,171.0,True,Northwest,4,527000,1081.84,51,3022.03,96644.48
Long An,2025-Q1,2025,1,145.8185646258503,36.4399628765792,27.31350826044704,5145.0,1442.0,True,Mekong Delta,1,1730000,4012.39,376,11208.27,358440.58
Lào Cai,2025-Q1,2025,1,112.1832551342812,26.462285150078987,37.165086887835706,1266.0,477.0,True,Northwest,3,898000,2767.55,115,7730.92,247234.74
Lâm Đồng,2025-Q1,2025,1,148.88623904494384,35.75662443820225,27.608988764044945,3560.0,1029.0,True,Central Highlands,2,1390000,3331.8,133,9307.1,297641.14
Lạng Sơn,2025-Q1,2025,1,88.66211530172414,27.36792672413793,27.32471264367816,2784.0,819.0,True,Northeast,4,828000,2201.98,94,6151.05,196710.43
Nam Định,2025-Q1,2025,1,106.68268436096366,29.401344222131485,28.202123315639035,4898.0,883.0,True,Red River Delta,4,1852000,1904.97,1067,5321.37,170177.51
Nghệ An,2025-Q1,2025,1,84.8027854117647,30.347915058823528,30.116,4250.0,1332.0,True,North Central Coast,3,3399000,2379.59,202,6647.18,212576.95
Ninh Bình,2025-Q1,2025,1,79.9059630600572,35.17541205910391,19.886558627264066,4196.0,1028.0,True,Red River Delta,3,1102000,2478.79,708,6924.29,221438.82
Ninh Thuận,2025-Q1,2025,1,146.08285864374403,37.960913085004776,28.535816618911173,1047.0,344.0,True,South Central Coast,3,720000,2402.34,176,6710.73,214609.28
Phú Thọ,2025-Q1,2025,1,99.87560586797066,29.00777310513448,24.421026894865527,2045.0,844.0,True,Northeast,4,1515000,1916.23,414,5352.83,171183.41
Phú Yên,2025-Q1,2025,1,110.55877989337397,35.27213861386139,29.47029702970297,2626.0,577.0,True,South Central Coast,3,1056000,2541.8,174,7100.3,227067.72
Quảng Bình,2025-Q1,2025,1,115.1695072463768,33.36656395715186,30.41839949590422,1587.0,525.0,True,North Central Coast,3,992000,2203.01,112,6153.92,196802.45
Quảng Nam,2025-Q1,2025,1,115.11518703403566,31.70305737439222,33.67520259319287,3085.0,916.0,True,South Central Coast,2,1697000,3192.34,141,8917.53,285182.69
Quảng Ngãi,2025-Q1,2025,1,96.69803893543616,31.4995569245934,30.3257762444554,2029.0,698.0,True,South Central Coast,2,1355000,3516.44,239,9822.88,314135.66
Quảng Ninh,2025-Q1,2025,1,84.0019197645601,26.195563197026026,26.06009913258984,3228.0,701.0,True,Northeast,1,1387000,7834.55,214,21885.15,699887.25
Quảng Trị,2025-Q1,2025,1,135.06965191146884,36.54304728370221,24.22434607645875,994.0,354.0,True,North Central Coast,3,687000,2672.1,137,7464.29,238707.87
Sóc Trăng,2025-Q1,2025,1,169.15775053918046,37.82994536304817,23.983465132997843,1391.0,468.0,True,Mekong Delta,3,1256000,2835.46,362,7920.62,253301.38
Sơn La,2025-Q1,2025,1,104.97740975776183,30.329587512794262,30.003070624360287,2931.0,760.0,True,Northwest,4,1356000,1773.9,88,4955.24,158468.58
Thanh Hóa,2025-Q1,2025,1,80.72946859649123,30.450305614035088,28.91368421052632,5700.0,1822.0,True,North Central Coast,3,3689000,2434.69,328,6801.1,217499.22
Thái Bình,2025-Q1,2025,1,89.3580330882353,30.73561229946524,27.50501336898396,2992.0,814.0,True,Red River Delta,4,1934000,2090.86,1173,5840.64,186783.7
Thái Nguyên,2025-Q1,2025,1,92.68326234928044,31.882929015947106,23.107156748346945,5142.0,1161.0,True,Northeast,3,1356000,2547.11,365,7115.14,227542.08
Thừa Thiên Huế,2025-Q1,2025,1,127.7899840348331,37.11168408321239,28.522496371552972,2067.0,559.0,True,North Central Coast,2,1257000,3072.58,230,8582.99,274484.12
Tiền Giang,2025-Q1,2025,1,140.1443159387408,35.11302836074872,28.87975042541123,3526.0,918.0,True,Mekong Delta,1,1898000,3781.77,703,10564.06,337838.5
Trà Vinh,2025-Q1,2025,1,117.90414927857935,32.52978246392897,29.13651498335183,1802.0,499.0,True,Mekong Delta,3,1067000,2662.89,428,7438.56,237885.11
Tuyên Quang,2025-Q1,2025,1,141.67685738636365,39.85801193181818,21.001136363636363,1760.0,492.0,True,Northeast,4,1056000,1948.18,134,5442.08,174037.61
Tây Ninh,2025-Q1,2025,1,126.0714486324216,34.86327151434289,26.1837891927952,2998.0,834.0,True,Southeast,1,1207000,4058.65,289,11337.5,362573.14
Vĩnh Long,2025-Q1,2025,1,150.85740264423077,41.80487109375,25.96875,3328.0,771.0,True,Mekong Delta,2,1100000,3360.01,670,9385.9,300161.23
Vĩnh Phúc,2025-Q1,2025,1,97.61930830248544,26.358519037546277,31.199101004759388,3782.0,835.0,True,Red River Delta,1,1296000,3990.61,932,11147.43,356494.89
Yên Bái,2025-Q1,2025,1,100.2651994478951,27.737767425810905,25.84403036576949,1449.0,483.0,True,Northwest,4,950000,1845.51,119,5155.28,164865.75
Điện Biên,2025-Q1,2025,1,105.02704584040748,27.797096774193548,33.67147707979626,1178.0,387.0,True,Northwest,4,705000,1589.03,63,4438.82,141953.51
Đà Nẵng,2025-Q1,2025,1,181.51240704283933,42.25398294745598,24.729793428531817,7213.0,481.0,True,South Central Coast,1,1294000,4811.58,883,13440.74,429834.96
Đắk Lắk,2025-Q1,2025,1,136.35159744186046,34.8633123255814,30.35325581395349,4300.0,1120.0,True,Central Highlands,3,2016000,2555.78,143,7139.36,228316.6
Đắk Nông,2025-Q1,2025,1,129.50928982418753,33.1231715503463,32.73148641449121,1877.0,590.0,True,Central Highlands,2,670000,3000.7,96,8382.2,268062.84
Đồng Nai,2025-Q1,2025,1,152.55239682539684,33.30515621562156,22.578657865786575,6363.0,1460.0,True,Southeast,2,3227000,3485.16,528,9735.5,311341.31
Đồng Tháp,2025-Q1,2025,1,136.7417466453674,36.53561086261981,26.70031948881789,3130.0,781.0,True,Mekong Delta,3,1838000,2240.56,473,6258.82,200156.92
An Giang,2025-Q2,2025,2,148.76790199809705,34.33259039010466,23.24357754519505,2102.0,644.0,True,Mekong Delta,1,2057000,3791.46,540,10591.12,338704.14
Bà Rịa–Vũng Tàu,2025-Q2,2025,2,152.20604134615385,36.78051025641026,23.402564102564103,3120.0,610.0,True,Southeast,1,1303000,36786.39,580,102759.68,3286254.54
Bình Dương,2025-Q2,2025,2,148.63213669837373,31.388990794722307,23.71064743786437,6518.0,1233.0,True,Southeast,2,2564000,3663.54,901,10233.79,327276.61
Bình Phước,2025-Q2,2025,2,128.0797755205688,32.112603859827324,22.06145251396648,1969.0,738.0,True,Southeast,2,1313000,3606.56,145,10074.62,322186.39
Bình Thuận,2025-Q2,2025,2,118.76752714192284,30.93730673642904,28.625245258338783,1529.0,665.0,True,South Central Coast,2,1498000,3090.17,155,8632.13,276055.5
Bình Định,2025-Q2,2025,2,109.78616400304414,34.20962899543379,25.565829528158297,2628.0,823.0,True,South Central Coast,2,1679000,3089.1,245,8629.14,275959.91
Bạc Liêu,2025-Q2,2025,2,149.4004894179894,36.84977777777778,24.743386243386244,756.0,284.0,True,Mekong Delta,2,1105000,3701.98,340,10341.17,330710.59
Bắc Giang,2025-Q2,2025,2,84.8064388417374,25.207743884173738,23.438841737393908,2003.0,583.0,True,Northeast,4,1884000,1909.44,463,5333.86,170576.83
Bắc Kạn,2025-Q2,2025,2,99.2532504091653,35.06950900163666,25.16857610474632,611.0,219.0,True,Northeast,4,338000,1766.68,65,4935.07,157823.59
Bắc Ninh,2025-Q2,2025,2,85.75025995260663,23.48530473933649,24.014928909952605,4220.0,699.0,True,Red River Delta,1,1447000,4451.41,1664,12434.64,397659.74
Bến Tre,2025-Q2,2025,2,108.45939348079162,28.909449941792783,27.08032596041909,1718.0,514.0,True,Mekong Delta,2,1331000,2978.48,538,8320.13,266077.85
Cao Bằng,2025-Q2,2025,2,69.19217307091533,23.84510996563574,27.32895970009372,3201.0,820.0,True,Northeast,4,576000,1564.27,79,4369.66,139741.61
Cà Mau,2025-Q2,2025,2,134.37884347826088,35.27144927536232,23.518840579710144,1035.0,428.0,True,Mekong Delta,2,1369000,3121.66,229,8720.09,278868.61
Cần Thơ,2025-Q2,2025,2,182.2555391466446,38.99006089478045,21.69179784589892,4828.0,587.0,True,Mekong Delta,1,1456000,6260.52,858,17488.23,559273.75
Gia Lai,2025-Q2,2025,2,137.92538034539476,37.29038651315789,27.632401315789476,2432.0,750.0,True,Central Highlands,2,1586000,3023.2,98,8445.05,270072.84
Ho Chi Minh,2025-Q2,2025,2,170.10277026104976,36.728236688484,21.11399762452301,39571.0,2100.0,True,Southeast,1,9125000,7147.09,4363,19964.79,638474.09
Hà Giang,2025-Q2,2025,2,135.17396709323583,32.72748903107861,24.56124314442413,1094.0,406.0,True,Northeast,4,910000,1083.72,108,3027.28,96812.43
Hà Nam,2025-Q2,2025,2,103.0629106083086,33.87048479228486,22.137611275964392,2696.0,640.0,True,Red River Delta,4,945000,2131.93,989,5955.37,190452.63
Hà Nội,2025-Q2,2025,2,151.27582831970554,31.653811332709772,21.43191624174034,33143.0,2927.0,True,Red River Delta,1,8146000,3923.21,2398,10959.16,350473.82
Hà Tĩnh,2025-Q2,2025,2,117.91965789473684,33.8919230387289,28.8545183714002,2014.0,612.0,True,North Central Coast,4,1402000,2117.32,215,5914.55,189147.47
Hòa Bình,2025-Q2,2025,2,102.57004686510447,23.42841355288157,25.21785940468651,4737.0,695.0,True,Northwest,3,979000,2343.13,186,6545.34,209319.85
Hưng Yên,2025-Q2,2025,2,55.18969585522476,16.643623759486278,28.046117921774663,3426.0,588.0,True,Red River Delta,3,1340000,2503.79,1347,6994.13,223672.16
Hải Dương,2025-Q2,2025,2,94.66013924050633,24.632384493670884,24.01075949367089,3160.0,987.0,True,Red River Delta,3,2003000,2513.92,1134,7022.42,224577.11
Hải Phòng,2025-Q2,2025,2,87.1298816218173,20.821477132858693,25.01001568722095,8287.0,1006.0,True,Red River Delta,1,2138000,3849.18,1299,10752.36,343860.47
Hậu Giang,2025-Q2,2025,2,168.73481316098707,38.79755346650999,21.22326674500588,851.0,293.0,True,Mekong Delta,2,853000,2943.84,452,8223.37,262983.34
Khánh Hòa,2025-Q2,2025,2,156.75253742802303,37.25110892514395,30.220729366602686,4168.0,745.0,True,South Central Coast,1,1371000,4180.68,240,11678.38,373474.5
Kiên Giang,2025-Q2,2025,2,145.0671176861702,36.59790558510638,29.94614361702128,1504.0,536.0,True,Mekong Delta,1,1789000,4336.43,271,12113.45,387388.18
Kon Tum,2025-Q2,2025,2,174.8198509174312,42.19177140672783,25.847094801223243,1308.0,358.0,True,Central Highlands,4,589000,2075.42,56,5797.51,185404.4
Lai Châu,2025-Q2,2025,2,71.12353642384106,23.033867549668877,31.91390728476821,604.0,188.0,True,Northwest,4,527000,1081.84,51,3022.03,96644.48
Long An,2025-Q2,2025,2,152.89588535852295,36.04619192786603,24.18097896092744,4658.0,1344.0,True,Mekong Delta,1,1730000,4012.39,376,11208.27,358440.58
Lào Cai,2025-Q2,2025,2,128.5896022052587,28.861432569974557,31.83630195080577,1179.0,374.0,True,Northwest,3,898000,2767.55,115,7730.92,247234.74
Lâm Đồng,2025-Q2,2025,2,137.87713670229996,34.02799222546161,26.59118885649498,3087.0,923.0,True,Central Highlands,2,1390000,3331.8,133,9307.1,297641.14
Lạng Sơn,2025-Q2,2025,2,83.58425972313778,27.71371852340145,26.713579433091628,3034.0,1022.0,True,Northeast,4,828000,2201.98,94,6151.05,196710.43
Nam Định,2025-Q2,2025,2,81.92985793939394,34.88812678787879,25.730666666666668,4125.0,731.0,True,Red River Delta,4,1852000,1904.97,1067,5321.37,170177.51
Nghệ An,2025-Q2,2025,2,86.56305889365761,29.65507629947544,28.35932284215546,4194.0,1095.0,True,North Central Coast,3,3399000,2379.59,202,6647.18,212576.95
Ninh Bình,2025-Q2,2025,2,86.12945428434658,32.71834657730972,19.764001914791766,2089.0,646.0,True,Red River Delta,3,1102000,2478.79,708,6924.29,221438.82
Ninh Thuận,2025-Q2,2025,2,131.29753164556962,40.65491060126583,25.837816455696203,1264.0,382.0,True,South Central Coast,3,720000,2402.34,176,6710.73,214609.28
Phú Thọ,2025-Q2,2025,2,92.03204078303426,29.64444779771615,20.62805872756933,2452.0,809.0,True,Northeast,4,1515000,1916.23,414,5352.83,171183.41
Phú Yên,2025-Q2,2025,2,109.94305836575876,36.314246303501946,26.1295719844358,2570.0,553.0,True,South Central Coast,3,1056000,2541.8,174,7100.3,227067.72
Quảng Bình,2025-Q2,2025,2,114.65538818249814,30.94088631264024,27.338070306656693,1337.0,501.0,True,North Central Coast,3,992000,2203.01,112,6153.92,196802.45
Quảng Nam,2025-Q2,2025,2,93.2807670663078,29.984925862490822,28.71959872767311,4087.0,1190.0,True,South Central Coast,2,1697000,3192.34,141,8917.53,285182.69
Quảng Ngãi,2025-Q2,2025,2,102.81695809792843,32.788614406779665,24.47834274952919,2124.0,732.0,True,South Central Coast,2,1355000,3516.44,239,9822.88,314135.66
Quảng Ninh,2025-Q2,2025,2,83.69947904540163,26.250596623981377,23.220896391152504,3436.0,752.0,True,Northeast,1,1387000,7834.55,214,21885.15,699887.25
Quảng Trị,2025-Q2,2025,2,142.40254345307068,37.94499420625724,22.07300115874855,863.0,324.0,True,North Central Coast,3,687000,2672.1,137,7464.29,238707.87
Sóc Trăng,2025-Q2,2025,2,152.35705601415094,36.50193514150944,21.06426886792453,1696.0,537.0,True,Mekong Delta,3,1256000,2835.46,362,7920.62,253301.38
Sơn La,2025-Q2,2025,2,121.14211366384524,36.13224546553808,23.83675937122128,2481.0,587.0,True,Northwest,4,1356000,1773.9,88,4955.24,158468.58
Thanh Hóa,2025-Q2,2025,2,86.69375867356717,32.0931730879816,23.66647498562392,5217.0,1630.0,True,North Central Coast,3,3689000,2434.69,328,6801.1,217499.22
Thái Bình,2025-Q2,2025,2,86.25623915592028,31.196181320828448,22.221961703790544,2559.0,808.0,True,Red River Delta,4,1934000,2090.86,1173,5840.64,186783.7
Thái Nguyên,2025-Q2,2025,2,122.54729500136575,33.599606937995084,21.742966402622237,3661.0,776.0,True,Northeast,3,1356000,2547.11,365,7115.14,227542.08
Thừa Thiên Huế,2025-Q2,2025,2,148.52173274974254,37.64404891864058,24.836251287332647,1942.0,533.0,True,North Central Coast,2,1257000,3072.58,230,8582.99,274484.12
Tiền Giang,2025-Q2,2025,2,139.28152523919496,34.66068162322666,25.28076542395249,3031.0,865.0,True,Mekong Delta,1,1898000,3781.77,703,10564.06,337838.5
Trà Vinh,2025-Q2,2025,2,126.8873116679718,33.27278230227095,23.711041503523884,1277.0,415.0,True,Mekong Delta,3,1067000,2662.89,428,7438.56,237885.11
Tuyên Quang,2025-Q2,2025,2,129.68400372023808,37.43332291666666,20.56622023809524,1344.0,438.0,True,Northeast,4,1056000,1948.18,134,5442.08,174037.61
Tây Ninh,2025-Q2,2025,2,121.4009197898424,34.61849492119089,26.34325744308231,2855.0,807.0,True,Southeast,1,1207000,4058.65,289,11337.5,362573.14
Vĩnh Long,2025-Q2,2025,2,137.99610846560847,35.14122698412698,23.941798941798943,1890.0,551.0,True,Mekong Delta,2,1100000,3360.01,670,9385.9,300161.23
Vĩnh Phúc,2025-Q2,2025,2,102.12730682730924,23.271496117804556,26.42945113788487,3735.0,756.0,True,Red River Delta,1,1296000,3990.61,932,11147.43,356494.89
Yên Bái,2025-Q2,2025,2,114.64317764350452,29.64434682779456,28.219335347432025,1655.0,394.0,True,Northwest,4,950000,1845.51,119,5155.28,164865.75
Điện Biên,2025-Q2,2025,2,94.68025798101812,25.714597066436585,29.311475409836067,1159.0,321.0,True,Northwest,4,705000,1589.03,63,4438.82,141953.51
Đà Nẵng,2025-Q2,2025,2,166.24515790251107,41.70762791728213,24.47666174298375,6770.0,474.0,True,South Central Coast,1,1294000,4811.58,883,13440.74,429834.96
Đắk Lắk,2025-Q2,2025,2,154.178362709205,37.59271888075313,28.582112970711297,3824.0,998.0,True,Central Highlands,3,2016000,2555.78,143,7139.36,228316.6
Đắk Nông,2025-Q2,2025,2,121.85130970149254,31.666407182835822,30.239272388059703,2144.0,649.0,True,Central Highlands,2,670000,3000.7,96,8382.2,268062.84
Đồng Nai,2025-Q2,2025,2,166.42925651500212,33.3238064516129,20.19904211860825,7099.0,1562.0,True,Southeast,2,3227000,3485.16,528,9735.5,311341.31
Đồng Tháp,2025-Q2,2025,2,140.76796662216287,34.34727725856698,25.965732087227416,2247.0,677.0,True,Mekong Delta,3,1838000,2240.56,473,6258.82,200156.92
An Giang,2025-Q3,2025,3,182.66260179193628,38.38341214534594,22.199104031856645,2009.0,637.0,True,Mekong Delta,1,2057000,3791.46,540,10591.12,338704.14
Bà Rịa–Vũng Tàu,2025-Q3,2025,3,146.61185477331367,32.08881680796166,21.94397346111316,2713.0,602.0,True,Southeast,1,1303000,36786.39,580,102759.68,3286254.54
Bình Dương,2025-Q3,2025,3,168.15836358053124,31.47031429448795,20.10087517273146,6513.0,1178.0,True,Southeast,2,2564000,3663.54,901,10233.79,327276.61
Bình Phước,2025-Q3,2025,3,125.44676061538462,30.598617230769232,23.048615384615385,1625.0,660.0,True,Southeast,2,1313000,3606.56,145,10074.62,322186.39
Bình Thuận,2025-Q3,2025,3,102.85834671532848,30.09162530413625,28.425790754257907,1644.0,638.0,True,South Central Coast,2,1498000,3090.17,155,8632.13,276055.5
Bình Định,2025-Q3,2025,3,108.2537149321267,32.97165045248869,26.137254901960784,2652.0,715.0,True,South Central Coast,2,1679000,3089.1,245,8629.14,275959.91
Bạc Liêu,2025-Q3,2025,3,211.74388049450548,43.22056868131868,23.26236263736264,728.0,242.0,True,Mekong Delta,2,1105000,3701.98,340,10341.17,330710.59
Bắc Giang,2025-Q3,2025,3,121.20412770043208,25.39978252520403,26.02496399423908,2083.0,530.0,True,Northeast,4,1884000,1909.44,463,5333.86,170576.83
Bắc Kạn,2025-Q3,2025,3,197.8990987841945,30.721045592705167,27.58510638297872,658.0,214.0,True,Northeast,4,338000,1766.68,65,4935.07,157823.59
Bắc Ninh,2025-Q3,2025,3,121.40081169977924,24.639896909492272,24.55033112582781,4530.0,666.0,True,Red River Delta,1,1447000,4451.41,1664,12434.64,397659.74
Bến Tre,2025-Q3,2025,3,84.97151124744376,23.583079345603277,22.005725971370143,2445.0,496.0,True,Mekong Delta,2,1331000,2978.48,538,8320.13,266077.85
Cao Bằng,2025-Q3,2025,3,76.97907713498621,29.68795179063361,27.296143250688704,2178.0,721.0,True,Northeast,4,576000,1564.27,79,4369.66,139741.61
Cà Mau,2025-Q3,2025,3,134.4103553038105,35.845737384140065,25.72811534500515,971.0,353.0,True,Mekong Delta,2,1369000,3121.66,229,8720.09,278868.61
Cần Thơ,2025-Q3,2025,3,188.8318328445748,39.82162676619568,20.054918688349773,3751.0,569.0,True,Mekong Delta,1,1456000,6260.52,858,17488.23,559273.75
Gia Lai,2025-Q3,2025,3,158.3756008500773,38.4082055641422,25.295595054095827,2588.0,669.0,True,Central Highlands,2,1586000,3023.2,98,8445.05,270072.84
Ho Chi Minh,2025-Q3,2025,3,171.18837539432178,35.756775433753944,21.41296755295178,35504.0,2018.0,True,Southeast,1,9125000,7147.09,4363,19964.79,638474.09
Hà Giang,2025-Q3,2025,3,146.504801980198,31.076594059405934,26.985148514851485,808.0,290.0,True,Northeast,4,910000,1083.72,108,3027.28,96812.43
Hà Nam,2025-Q3,2025,3,136.00563794604005,34.2262001740644,21.829852045256747,2298.0,570.0,True,Red River Delta,4,945000,2131.93,989,5955.37,190452.63
Hà Nội,2025-Q3,2025,3,141.54007812173498,30.77044631183021,22.491656467357235,33499.0,2760.0,True,Red River Delta,1,8146000,3923.21,2398,10959.16,350473.82
Hà Tĩnh,2025-Q3,2025,3,124.81058439086294,30.02948032994924,29.758248730964468,1576.0,536.0,True,North Central Coast,4,1402000,2117.32,215,5914.55,189147.47
Hòa Bình,2025-Q3,2025,3,118.59529190535493,20.26506774595268,24.5173100871731,4015.0,465.0,True,Northwest,3,979000,2343.13,186,6545.34,209319.85
Hưng Yên,2025-Q3,2025,3,103.97767266344889,22.496810004387893,25.749451513821853,2279.0,556.0,True,Red River Delta,3,1340000,2503.79,1347,6994.13,223672.16
Hải Dương,2025-Q3,2025,3,119.38080575079871,26.176216932907348,23.225878594249203,3130.0,928.0,True,Red River Delta,3,2003000,2513.92,1134,7022.42,224577.11
Hải Phòng,2025-Q3,2025,3,107.58264599483203,25.32778155436295,22.01868415821904,5031.0,903.0,True,Red River Delta,1,2138000,3849.18,1299,10752.36,343860.47
Hậu Giang,2025-Q3,2025,3,194.2797654723127,37.5220684039088,22.006514657980457,614.0,206.0,True,Mekong Delta,2,853000,2943.84,452,8223.37,262983.34
Khánh Hòa,2025-Q3,2025,3,138.26230053349138,33.269748962655605,34.028452874925904,3374.0,647.0,True,South Central Coast,1,1371000,4180.68,240,11678.38,373474.5
Kiên Giang,2025-Q3,2025,3,135.99342537313433,34.30131076759062,29.418976545842217,1876.0,606.0,True,Mekong Delta,1,1789000,4336.43,271,12113.45,387388.18
Kon Tum,2025-Q3,2025,3,225.63639016018308,41.78360755148741,25.34324942791762,874.0,264.0,True,Central Highlands,4,589000,2075.42,56,5797.51,185404.4
Lai Châu,2025-Q3,2025,3,102.19077981651375,25.52208868501529,26.91131498470948,327.0,162.0,True,Northwest,4,527000,1081.84,51,3022.03,96644.48
Long An,2025-Q3,2025,3,137.89011358785868,32.05660137538534,21.93360208679156,4217.0,1266.0,True,Mekong Delta,1,1730000,4012.39,376,11208.27,358440.58
Lào Cai,2025-Q3,2025,3,110.26428394103957,27.08897750193949,33.674166020170674,1289.0,306.0,True,Northwest,3,898000,2767.55,115,7730.92,247234.74
Lâm Đồng,2025-Q3,2025,3,148.0572180185957,35.03364988778454,27.293363257454317,3119.0,836.0,True,Central Highlands,2,1390000,3331.8,133,9307.1,297641.14
Lạng Sơn,2025-Q3,2025,3,102.44829659442723,30.267552321981423,25.102786377708977,1615.0,570.0,True,Northeast,4,828000,2201.98,94,6151.05,196710.43
Nam Định,2025-Q3,2025,3,158.54693195098963,35.08558454288407,20.989066918001885,5305.0,682.0,True,Red River Delta,4,1852000,1904.97,1067,5321.37,170177.51
Nghệ An,2025-Q3,2025,3,141.449080304679,30.451850707290536,33.75277475516866,4595.0,1180.0,True,North Central Coast,3,3399000,2379.59,202,6647.18,212576.95
Ninh Bình,2025-Q3,2025,3,111.57289763113369,28.33903891708968,22.897631133671744,1182.0,426.0,True,Red River Delta,3,1102000,2478.79,708,6924.29,221438.82
Ninh Thuận,2025-Q3,2025,3,123.09643806921676,36.73763752276867,25.887067395264115,1098.0,341.0,True,South Central Coast,3,720000,2402.34,176,6710.73,214609.28
Phú Thọ,2025-Q3,2025,3,105.08775226282266,30.135594032852836,21.63895407308079,2983.0,703.0,True,Northeast,4,1515000,1916.23,414,5352.83,171183.41
Phú Yên,2025-Q3,2025,3,110.57602471678682,35.50340113285273,26.938722966014417,1942.0,464.0,True,South Central Coast,3,1056000,2541.8,174,7100.3,227067.72
Quảng Bình,2025-Q3,2025,3,111.6506780275562,33.13524873096446,28.56780275562001,1379.0,509.0,True,North Central Coast,3,992000,2203.01,112,6153.92,196802.45
Quảng Nam,2025-Q3,2025,3,78.51508049242425,22.99002083333333,27.201467803030305,4224.0,875.0,True,South Central Coast,2,1697000,3192.34,141,8917.53,285182.69
Quảng Ngãi,2025-Q3,2025,3,122.943159752322,35.87752879256966,26.19814241486068,1615.0,548.0,True,South Central Coast,2,1355000,3516.44,239,9822.88,314135.66
Quảng Ninh,2025-Q3,2025,3,90.85650018608112,26.476441012281352,24.42575362858206,2687.0,628.0,True,Northeast,1,1387000,7834.55,214,21885.15,699887.25
Quảng Trị,2025-Q3,2025,3,142.33185905224786,37.33259902794654,23.828675577156744,823.0,303.0,True,North Central Coast,3,687000,2672.1,137,7464.29,238707.87
Sóc Trăng,2025-Q3,2025,3,150.71642010652462,37.36650199733688,23.020639147802928,1502.0,476.0,True,Mekong Delta,3,1256000,2835.46,362,7920.62,253301.38
Sơn La,2025-Q3,2025,3,171.72267486222975,43.24607587961,24.05977108944468,2359.0,454.0,True,Northwest,4,1356000,1773.9,88,4955.24,158468.58
Thanh Hóa,2025-Q3,2025,3,136.63556693865218,31.38687851314597,25.05923239649441,6618.0,1631.0,True,North Central Coast,3,3689000,2434.69,328,6801.1,217499.22
Thái Bình,2025-Q3,2025,3,121.33186505622656,31.5536143273636,22.43523531861724,2401.0,658.0,True,Red River Delta,4,1934000,2090.86,1173,5840.64,186783.7
Thái Nguyên,2025-Q3,2025,3,174.13399801136364,33.39151420454546,24.414772727272727,3520.0,574.0,True,Northeast,3,1356000,2547.11,365,7115.14,227542.08
Thừa Thiên Huế,2025-Q3,2025,3,131.13336004217183,35.89750975224038,23.05060622034792,1897.0,545.0,True,North Central Coast,2,1257000,3072.58,230,8582.99,274484.12
Tiền Giang,2025-Q3,2025,3,120.06393015332198,33.024910136286195,23.095400340715504,2348.0,763.0,True,Mekong Delta,1,1898000,3781.77,703,10564.06,337838.5
Trà Vinh,2025-Q3,2025,3,136.6883650503202,32.0018087831656,24.45288197621226,1093.0,355.0,True,Mekong Delta,3,1067000,2662.89,428,7438.56,237885.11
Tuyên Quang,2025-Q3,2025,3,166.0355487465181,35.72220752089137,20.903899721448468,1436.0,325.0,True,Northeast,4,1056000,1948.18,134,5442.08,174037.61
Tây Ninh,2025-Q3,2025,3,105.99591266953357,31.54339100231558,24.79027456169368,3023.0,798.0,True,Southeast,1,1207000,4058.65,289,11337.5,362573.14
Vĩnh Long,2025-Q3,2025,3,179.83609620253165,38.31693797468355,21.36139240506329,1580.0,449.0,True,Mekong Delta,2,1100000,3360.01,670,9385.9,300161.23
Vĩnh Phúc,2025-Q3,2025,3,106.81894742189483,25.680580391160785,27.544069088138176,3937.0,688.0,True,Red River Delta,1,1296000,3990.61,932,11147.43,356494.89
Yên Bái,2025-Q3,2025,3,167.07697064579256,30.67155968688845,23.171232876712327,1022.0,340.0,True,Northwest,4,950000,1845.51,119,5155.28,164865.75
Điện Biên,2025-Q3,2025,3,129.22270805812417,31.30439894319683,27.88110964332893,757.0,238.0,True,Northwest,4,705000,1589.03,63,4438.82,141953.51
Đà Nẵng,2025-Q3,2025,3,230.43900967179323,46.14699080386872,27.32408435072142,6307.0,485.0,True,South Central Coast,1,1294000,4811.58,883,13440.74,429834.96
Đắk Lắk,2025-Q3,2025,3,171.6103929378531,39.694642655367225,28.600282485875702,3540.0,946.0,True,Central Highlands,3,2016000,2555.78,143,7139.36,228316.6
Đắk Nông,2025-Q3,2025,3,155.41990713902308,34.02656092324208,33.41492216854536,1863.0,576.0,True,Central Highlands,2,670000,3000.7,96,8382.2,268062.84
Đồng Nai,2025-Q3,2025,3,160.61248839522543,32.01776027851459,19.915948275862068,6032.0,1432.0,True,Southeast,2,3227000,3485.16,528,9735.5,311341.31
Đồng Tháp,2025-Q3,2025,3,147.67631308962265,33.244186320754714,22.680424528301888,1696.0,534.0,True,Mekong Delta,3,1838000,2240.56,473,6258.82,200156.92
An Giang,2025-Q4,2025,4,174.78101420118344,31.02404911242604,23.450295857988166,1690.0,580.0,True,Mekong Delta,1,2057000,3791.46,540,10591.12,338704.14
Bà Rịa–Vũng Tàu,2025-Q4,2025,4,169.04443043006867,33.71694362125045,22.44307914709071,2767.0,609.0,True,Southeast,1,1303000,36786.39,580,102759.68,3286254.54
Bình Dương,2025-Q4,2025,4,165.6135523628938,30.024020565927653,19.567677946324388,6856.0,1281.0,True,Southeast,2,2564000,3663.54,901,10233.79,327276.61
Bình Phước,2025-Q4,2025,4,128.9665289017341,25.88990924855491,23.683815028901734,1730.0,675.0,True,Southeast,2,1313000,3606.56,145,10074.62,322186.39
Bình Thuận,2025-Q4,2025,4,120.81708891454964,29.976826789838334,26.650115473441108,1732.0,607.0,True,South Central Coast,2,1498000,3090.17,155,8632.13,276055.5
Bình Định,2025-Q4,2025,4,113.10406758700027,28.1849867702042,30.45010066148979,3477.0,768.0,True,South Central Coast,2,1679000,3089.1,245,8629.14,275959.91
Bạc Liêu,2025-Q4,2025,4,254.72657091346156,45.26129206730769,27.141826923076923,832.0,248.0,True,Mekong Delta,2,1105000,3701.98,340,10341.17,330710.59
Bắc Giang,2025-Q4,2025,4,111.85467735777014,25.38376975945017,22.73424971363116,2619.0,674.0,True,Northeast,4,1884000,1909.44,463,5333.86,170576.83
Bắc Kạn,2025-Q4,2025,4,148.41244525547444,31.72088077858881,24.717761557177617,411.0,212.0,True,Northeast,4,338000,1766.68,65,4935.07,157823.59
Bắc Ninh,2025-Q4,2025,4,111.05036850768106,25.14347183613753,24.088514996342354,5468.0,807.0,True,Red River Delta,1,1447000,4451.41,1664,12434.64,397659.74
Bến Tre,2025-Q4,2025,4,150.50428109965637,31.90005085910653,23.0680412371134,1455.0,548.0,True,Mekong Delta,2,1331000,2978.48,538,8320.13,266077.85
Cao Bằng,2025-Q4,2025,4,79.77810299340436,30.44214561136479,28.86707255200406,1971.0,700.0,True,Northeast,4,576000,1564.27,79,4369.66,139741.61
Cà Mau,2025-Q4,2025,4,149.16919895287958,32.74775392670157,27.79668411867365,1146.0,454.0,True,Mekong Delta,2,1369000,3121.66,229,8720.09,278868.61
Cần Thơ,2025-Q4,2025,4,186.00859384471903,36.17312287246445,30.159710888318955,4289.0,607.0,True,Mekong Delta,1,1456000,6260.52,858,17488.23,559273.75
Gia Lai,2025-Q4,2025,4,179.50038133692237,38.15639524450426,25.8609241812472,2229.0,769.0,True,Central Highlands,2,1586000,3023.2,98,8445.05,270072.84
Ho Chi Minh,2025-Q4,2025,4,178.80095072366368,34.64885605933322,22.874132923697285,41663.0,2058.0,True,Southeast,1,9125000,7147.09,4363,19964.79,638474.09
Hà Giang,2025-Q4,2025,4,161.4722218875502,31.93003313253012,29.89457831325301,996.0,391.0,True,Northeast,4,910000,1083.72,108,3027.28,96812.43
Hà Nam,2025-Q4,2025,4,107.4765360281195,25.107061511423552,22.813708260105447,2276.0,544.0,True,Red River Delta,4,945000,2131.93,989,5955.37,190452.63
Hà Nội,2025-Q4,2025,4,131.6263139076155,27.995123695380776,23.5258177278402,40050.0,2993.0,True,Red River Delta,1,8146000,3923.21,2398,10959.16,350473.82
Hà Tĩnh,2025-Q4,2025,4,130.6014904187367,31.365319375443576,27.47551454932576,1409.0,477.0,True,North Central Coast,4,1402000,2117.32,215,5914.55,189147.47
Hòa Bình,2025-Q4,2025,4,97.09436303215377,18.57519256331956,24.59331776540327,5567.0,572.0,True,Northwest,3,979000,2343.13,186,6545.34,209319.85
Hưng Yên,2025-Q4,2025,4,106.85859436808582,23.55546563861884,24.486758297016426,2983.0,656.0,True,Red River Delta,3,1340000,2503.79,1347,6994.13,223672.16
Hải Dương,2025-Q4,2025,4,119.82270962099126,29.75889854227405,23.387463556851312,3430.0,1064.0,True,Red River Delta,3,2003000,2513.92,1134,7022.42,224577.11
Hải Phòng,2025-Q4,2025,4,223.2859126755796,41.147555085462855,20.934168217972584,5909.0,1026.0,True,Red River Delta,1,2138000,3849.18,1299,10752.36,343860.47
Hậu Giang,2025-Q4,2025,4,157.46934135667394,31.527490153172867,21.91247264770241,457.0,211.0,True,Mekong Delta,2,853000,2943.84,452,8223.37,262983.34
Khánh Hòa,2025-Q4,2025,4,132.86554870715574,31.76219302465424,31.5207456404089,3326.0,653.0,True,South Central Coast,1,1371000,4180.68,240,11678.38,373474.5
Kiên Giang,2025-Q4,2025,4,162.2775331941545,32.810863883089766,40.46179540709812,2395.0,678.0,True,Mekong Delta,1,1789000,4336.43,271,12113.45,387388.18
Kon Tum,2025-Q4,2025,4,190.172935261708,39.02205096418733,26.27961432506887,726.0,270.0,True,Central Highlands,4,589000,2075.42,56,5797.51,185404.4
Lai Châu,2025-Q4,2025,4,240.40627386934676,44.04984170854272,25.349246231155774,398.0,171.0,True,Northwest,4,527000,1081.84,51,3022.03,96644.48
Long An,2025-Q4,2025,4,158.40205311863778,36.9724440125856,21.55691282620766,5403.0,1436.0,True,Mekong Delta,1,1730000,4012.39,376,11208.27,358440.58
Lào Cai,2025-Q4,2025,4,148.4711686082158,31.811988963825872,29.5683629675046,1631.0,453.0,True,Northwest,3,898000,2767.55,115,7730.92,247234.74
Lâm Đồng,2025-Q4,2025,4,145.73070761961014,34.60574483165977,28.19344359125812,3386.0,951.0,True,Central Highlands,2,1390000,3331.8,133,9307.1,297641.14
Lạng Sơn,2025-Q4,2025,4,157.9522204246714,35.46213700707786,26.119817997977755,1978.0,742.0,True,Northeast,4,828000,2201.98,94,6151.05,196710.43
Nam Định,2025-Q4,2025,4,176.11911764705883,33.42562597114318,22.28412874583796,2703.0,798.0,True,Red River Delta,4,1852000,1904.97,1067,5321.37,170177.51
Nghệ An,2025-Q4,2025,4,159.34553721345637,40.91367222387615,32.17773146769872,6718.0,1082.0,True,North Central Coast,3,3399000,2379.59,202,6647.18,212576.95
Ninh Bình,2025-Q4,2025,4,131.24491618497112,31.10717774566474,23.622832369942195,1384.0,478.0,True,Red River Delta,3,1102000,2478.79,708,6924.29,221438.82
Ninh Thuận,2025-Q4,2025,4,122.68370303030304,34.073356060606066,26.85757575757576,660.0,231.0,True,South Central Coast,3,720000,2402.34,176,6710.73,214609.28
Phú Thọ,2025-Q4,2025,4,105.08288072417466,32.34464829605964,20.292332268370608,3756.0,758.0,True,Northeast,4,1515000,1916.23,414,5352.83,171183.41
Phú Yên,2025-Q4,2025,4,139.11258333333333,30.74422888888889,29.42888888888889,1800.0,534.0,True,South Central Coast,3,1056000,2541.8,174,7100.3,227067.72
Quảng Bình,2025-Q4,2025,4,168.70193307086612,36.79591994750656,29.46194225721785,1524.0,545.0,True,North Central Coast,3,992000,2203.01,112,6153.92,196802.45
Quảng Nam,2025-Q4,2025,4,92.70062714285714,21.936663265306123,33.3230612244898,4900.0,868.0,True,South Central Coast,2,1697000,3192.34,141,8917.53,285182.69
Quảng Ngãi,2025-Q4,2025,4,195.1618767201835,37.20072706422018,26.41227064220184,1744.0,505.0,True,South Central Coast,2,1355000,3516.44,239,9822.88,314135.66
Quảng Ninh,2025-Q4,2025,4,126.06494770959378,30.59831676750216,25.578651685393258,2314.0,555.0,True,Northeast,1,1387000,7834.55,214,21885.15,699887.25
Quảng Trị,2025-Q4,2025,4,190.92812826603324,37.99915439429929,24.09501187648456,842.0,316.0,True,North Central Coast,3,687000,2672.1,137,7464.29,238707.87
Sóc Trăng,2025-Q4,2025,4,166.14387772637147,32.68787574355585,24.655651024454727,1513.0,487.0,True,Mekong Delta,3,1256000,2835.46,362,7920.62,253301.38
Sơn La,2025-Q4,2025,4,148.011966442953,35.33045158197508,24.22339405560882,2086.0,678.0,True,Northwest,4,1356000,1773.9,88,4955.24,158468.58
Thanh Hóa,2025-Q4,2025,4,144.31696002821536,32.183420173994826,23.38255349165295,4253.0,1499.0,True,North Central Coast,3,3689000,2434.69,328,6801.1,217499.22
Thái Bình,2025-Q4,2025,4,118.22040948813982,33.83767540574282,21.754993757802747,3204.0,867.0,True,Red River Delta,4,1934000,2090.86,1173,5840.64,186783.7
Thái Nguyên,2025-Q4,2025,4,110.67051143309938,23.44125764093276,26.604256282544718,4417.0,748.0,True,Northeast,3,1356000,2547.11,365,7115.14,227542.08
Thừa Thiên Huế,2025-Q4,2025,4,134.24839878447872,32.9729121084619,27.489481065918653,2139.0,560.0,True,North Central Coast,2,1257000,3072.58,230,8582.99,274484.12
Tiền Giang,2025-Q4,2025,4,151.11458557347672,32.55695698924731,22.811827956989248,2232.0,717.0,True,Mekong Delta,1,1898000,3781.77,703,10564.06,337838.5
Trà Vinh,2025-Q4,2025,4,174.40855655172416,32.10510482758621,22.644827586206898,1450.0,459.0,True,Mekong Delta,3,1067000,2662.89,428,7438.56,237885.11
Tuyên Quang,2025-Q4,2025,4,159.16432751091705,34.78832605531296,23.2372634643377,687.0,317.0,True,Northeast,4,1056000,1948.18,134,5442.08,174037.61
Tây Ninh,2025-Q4,2025,4,153.21709791889006,36.97101013874066,22.488260405549628,3748.0,824.0,True,Southeast,1,1207000,4058.65,289,11337.5,362573.14
Vĩnh Long,2025-Q4,2025,4,190.79061548791407,37.46367412712623,22.10161145926589,2234.0,626.0,True,Mekong Delta,2,1100000,3360.01,670,9385.9,300161.23
Vĩnh Phúc,2025-Q4,2025,4,85.65117581257915,20.703147741663148,31.30202617138033,4738.0,764.0,True,Red River Delta,1,1296000,3990.61,932,11147.43,356494.89
Yên Bái,2025-Q4,2025,4,131.41903510204082,26.25221387755102,23.48734693877551,1225.0,514.0,True,Northwest,4,950000,1845.51,119,5155.28,164865.75
Điện Biên,2025-Q4,2025,4,169.5252971360382,36.18147852028639,29.684964200477328,838.0,313.0,True,Northwest,4,705000,1589.03,63,4438.82,141953.51
Đà Nẵng,2025-Q4,2025,4,373.02926943872296,62.36271266735325,27.820545829042224,7768.0,465.0,True,South Central Coast,1,1294000,4811.58,883,13440.74,429834.96
Đắk Lắk,2025-Q4,2025,4,156.51000034698126,32.61035183900069,29.57009021512838,2882.0,913.0,True,Central Highlands,3,2016000,2555.78,143,7139.36,228316.6
Đắk Nông,2025-Q4,2025,4,151.14736420646406,30.131209358417752,31.841775205016884,2073.0,666.0,True,Central Highlands,2,670000,3000.7,96,8382.2,268062.84
Đồng Nai,2025-Q4,2025,4,199.59440490527248,35.22316948156851,20.90116022910853,6809.0,1607.0,True,Southeast,2,3227000,3485.16,528,9735.5,311341.31
Đồng Tháp,2025-Q4,2025,4,154.69532039473685,32.82620723684211,24.352631578947367,1520.0,583.0,True,Mekong Delta,3,1838000,2240.56,473,6258.82,200156.92
